[2026-07-29T15:21:24.051+0000] {processor.py:186} INFO - Started process (PID=94) to work on /home/airflow/.local/lib/python3.12/site-packages/airflow/example_dags/example_setup_teardown_taskflow.py
[2026-07-29T15:21:24.051+0000] {processor.py:914} INFO - Processing file /home/airflow/.local/lib/python3.12/site-packages/airflow/example_dags/example_setup_teardown_taskflow.py for tasks to queue
[2026-07-29T15:21:24.054+0000] {logging_mixin.py:190} INFO - [2026-07-29T15:21:24.054+0000] {dagbag.py:587} INFO - Filling up the DagBag from /home/airflow/.local/lib/python3.12/site-packages/airflow/example_dags/example_setup_teardown_taskflow.py
[2026-07-29T15:21:24.060+0000] {processor.py:925} INFO - DAG(s) 'example_setup_teardown_taskflow' retrieved from /home/airflow/.local/lib/python3.12/site-packages/airflow/example_dags/example_setup_teardown_taskflow.py
[2026-07-29T15:21:24.116+0000] {logging_mixin.py:190} INFO - [2026-07-29T15:21:24.116+0000] {override.py:1858} INFO - Created Permission View: can delete on DAG:example_setup_teardown_taskflow
[2026-07-29T15:21:24.122+0000] {logging_mixin.py:190} INFO - [2026-07-29T15:21:24.122+0000] {override.py:1858} INFO - Created Permission View: can edit on DAG:example_setup_teardown_taskflow
[2026-07-29T15:21:24.123+0000] {logging_mixin.py:190} INFO - [2026-07-29T15:21:24.123+0000] {override.py:1858} INFO - Created Permission View: can read on DAG:example_setup_teardown_taskflow
[2026-07-29T15:21:24.123+0000] {logging_mixin.py:190} INFO - [2026-07-29T15:21:24.123+0000] {dag.py:3211} INFO - Sync 1 DAGs
[2026-07-29T15:21:24.129+0000] {logging_mixin.py:190} INFO - [2026-07-29T15:21:24.129+0000] {dag.py:3234} INFO - Creating ORM DAG for example_setup_teardown_taskflow
[2026-07-29T15:21:24.135+0000] {logging_mixin.py:190} INFO - [2026-07-29T15:21:24.135+0000] {dag.py:4138} INFO - Setting next_dagrun for example_setup_teardown_taskflow to 2026-07-28 00:00:00+00:00, run_after=2026-07-29 00:00:00+00:00
[2026-07-29T15:21:24.147+0000] {processor.py:208} INFO - Processing /home/airflow/.local/lib/python3.12/site-packages/airflow/example_dags/example_setup_teardown_taskflow.py took 0.099 seconds
[2026-07-29T15:21:54.307+0000] {processor.py:186} INFO - Started process (PID=160) to work on /home/airflow/.local/lib/python3.12/site-packages/airflow/example_dags/example_setup_teardown_taskflow.py
[2026-07-29T15:21:54.308+0000] {processor.py:914} INFO - Processing file /home/airflow/.local/lib/python3.12/site-packages/airflow/example_dags/example_setup_teardown_taskflow.py for tasks to queue
[2026-07-29T15:21:54.309+0000] {logging_mixin.py:190} INFO - [2026-07-29T15:21:54.309+0000] {dagbag.py:587} INFO - Filling up the DagBag from /home/airflow/.local/lib/python3.12/site-packages/airflow/example_dags/example_setup_teardown_taskflow.py
[2026-07-29T15:21:54.314+0000] {processor.py:925} INFO - DAG(s) 'example_setup_teardown_taskflow' retrieved from /home/airflow/.local/lib/python3.12/site-packages/airflow/example_dags/example_setup_teardown_taskflow.py
[2026-07-29T15:21:54.324+0000] {logging_mixin.py:190} INFO - [2026-07-29T15:21:54.324+0000] {dag.py:3211} INFO - Sync 1 DAGs
[2026-07-29T15:21:54.339+0000] {logging_mixin.py:190} INFO - [2026-07-29T15:21:54.339+0000] {dag.py:4138} INFO - Setting next_dagrun for example_setup_teardown_taskflow to 2026-07-28 00:00:00+00:00, run_after=2026-07-29 00:00:00+00:00
[2026-07-29T15:21:54.350+0000] {processor.py:208} INFO - Processing /home/airflow/.local/lib/python3.12/site-packages/airflow/example_dags/example_setup_teardown_taskflow.py took 0.046 seconds
[2026-07-29T15:22:24.422+0000] {processor.py:186} INFO - Started process (PID=226) to work on /home/airflow/.local/lib/python3.12/site-packages/airflow/example_dags/example_setup_teardown_taskflow.py
[2026-07-29T15:22:24.422+0000] {processor.py:914} INFO - Processing file /home/airflow/.local/lib/python3.12/site-packages/airflow/example_dags/example_setup_teardown_taskflow.py for tasks to queue
[2026-07-29T15:22:24.424+0000] {logging_mixin.py:190} INFO - [2026-07-29T15:22:24.424+0000] {dagbag.py:587} INFO - Filling up the DagBag from /home/airflow/.local/lib/python3.12/site-packages/airflow/example_dags/example_setup_teardown_taskflow.py
[2026-07-29T15:22:24.430+0000] {processor.py:925} INFO - DAG(s) 'example_setup_teardown_taskflow' retrieved from /home/airflow/.local/lib/python3.12/site-packages/airflow/example_dags/example_setup_teardown_taskflow.py
[2026-07-29T15:22:24.438+0000] {logging_mixin.py:190} INFO - [2026-07-29T15:22:24.438+0000] {dag.py:3211} INFO - Sync 1 DAGs
[2026-07-29T15:22:24.446+0000] {logging_mixin.py:190} INFO - [2026-07-29T15:22:24.446+0000] {dag.py:4138} INFO - Setting next_dagrun for example_setup_teardown_taskflow to 2026-07-28 00:00:00+00:00, run_after=2026-07-29 00:00:00+00:00
[2026-07-29T15:22:24.451+0000] {processor.py:208} INFO - Processing /home/airflow/.local/lib/python3.12/site-packages/airflow/example_dags/example_setup_teardown_taskflow.py took 0.032 seconds
[2026-07-29T15:23:05.299+0000] {processor.py:186} INFO - Started process (PID=94) to work on /home/airflow/.local/lib/python3.12/site-packages/airflow/example_dags/example_setup_teardown_taskflow.py
[2026-07-29T15:23:05.299+0000] {processor.py:914} INFO - Processing file /home/airflow/.local/lib/python3.12/site-packages/airflow/example_dags/example_setup_teardown_taskflow.py for tasks to queue
[2026-07-29T15:23:05.300+0000] {logging_mixin.py:190} INFO - [2026-07-29T15:23:05.300+0000] {dagbag.py:587} INFO - Filling up the DagBag from /home/airflow/.local/lib/python3.12/site-packages/airflow/example_dags/example_setup_teardown_taskflow.py
[2026-07-29T15:23:05.305+0000] {processor.py:925} INFO - DAG(s) 'example_setup_teardown_taskflow' retrieved from /home/airflow/.local/lib/python3.12/site-packages/airflow/example_dags/example_setup_teardown_taskflow.py
[2026-07-29T15:23:05.319+0000] {logging_mixin.py:190} INFO - [2026-07-29T15:23:05.319+0000] {dag.py:3211} INFO - Sync 1 DAGs
[2026-07-29T15:23:05.328+0000] {logging_mixin.py:190} INFO - [2026-07-29T15:23:05.328+0000] {dag.py:4138} INFO - Setting next_dagrun for example_setup_teardown_taskflow to 2026-07-28 00:00:00+00:00, run_after=2026-07-29 00:00:00+00:00
[2026-07-29T15:23:05.333+0000] {processor.py:208} INFO - Processing /home/airflow/.local/lib/python3.12/site-packages/airflow/example_dags/example_setup_teardown_taskflow.py took 0.037 seconds
[2026-07-29T15:23:36.261+0000] {processor.py:186} INFO - Started process (PID=160) to work on /home/airflow/.local/lib/python3.12/site-packages/airflow/example_dags/example_setup_teardown_taskflow.py
[2026-07-29T15:23:36.262+0000] {processor.py:914} INFO - Processing file /home/airflow/.local/lib/python3.12/site-packages/airflow/example_dags/example_setup_teardown_taskflow.py for tasks to queue
[2026-07-29T15:23:36.263+0000] {logging_mixin.py:190} INFO - [2026-07-29T15:23:36.263+0000] {dagbag.py:587} INFO - Filling up the DagBag from /home/airflow/.local/lib/python3.12/site-packages/airflow/example_dags/example_setup_teardown_taskflow.py
[2026-07-29T15:23:36.268+0000] {processor.py:925} INFO - DAG(s) 'example_setup_teardown_taskflow' retrieved from /home/airflow/.local/lib/python3.12/site-packages/airflow/example_dags/example_setup_teardown_taskflow.py
[2026-07-29T15:23:36.277+0000] {logging_mixin.py:190} INFO - [2026-07-29T15:23:36.277+0000] {dag.py:3211} INFO - Sync 1 DAGs
[2026-07-29T15:23:36.285+0000] {logging_mixin.py:190} INFO - [2026-07-29T15:23:36.285+0000] {dag.py:4138} INFO - Setting next_dagrun for example_setup_teardown_taskflow to 2026-07-28 00:00:00+00:00, run_after=2026-07-29 00:00:00+00:00
[2026-07-29T15:23:36.291+0000] {processor.py:208} INFO - Processing /home/airflow/.local/lib/python3.12/site-packages/airflow/example_dags/example_setup_teardown_taskflow.py took 0.032 seconds
[2026-07-29T15:24:07.142+0000] {processor.py:186} INFO - Started process (PID=226) to work on /home/airflow/.local/lib/python3.12/site-packages/airflow/example_dags/example_setup_teardown_taskflow.py
[2026-07-29T15:24:07.143+0000] {processor.py:914} INFO - Processing file /home/airflow/.local/lib/python3.12/site-packages/airflow/example_dags/example_setup_teardown_taskflow.py for tasks to queue
[2026-07-29T15:24:07.145+0000] {logging_mixin.py:190} INFO - [2026-07-29T15:24:07.144+0000] {dagbag.py:587} INFO - Filling up the DagBag from /home/airflow/.local/lib/python3.12/site-packages/airflow/example_dags/example_setup_teardown_taskflow.py
[2026-07-29T15:24:07.150+0000] {processor.py:925} INFO - DAG(s) 'example_setup_teardown_taskflow' retrieved from /home/airflow/.local/lib/python3.12/site-packages/airflow/example_dags/example_setup_teardown_taskflow.py
[2026-07-29T15:24:07.161+0000] {logging_mixin.py:190} INFO - [2026-07-29T15:24:07.161+0000] {dag.py:3211} INFO - Sync 1 DAGs
[2026-07-29T15:24:07.170+0000] {logging_mixin.py:190} INFO - [2026-07-29T15:24:07.170+0000] {dag.py:4138} INFO - Setting next_dagrun for example_setup_teardown_taskflow to 2026-07-28 00:00:00+00:00, run_after=2026-07-29 00:00:00+00:00
[2026-07-29T15:24:07.176+0000] {processor.py:208} INFO - Processing /home/airflow/.local/lib/python3.12/site-packages/airflow/example_dags/example_setup_teardown_taskflow.py took 0.036 seconds
[2026-07-29T15:24:38.173+0000] {processor.py:186} INFO - Started process (PID=292) to work on /home/airflow/.local/lib/python3.12/site-packages/airflow/example_dags/example_setup_teardown_taskflow.py
[2026-07-29T15:24:38.174+0000] {processor.py:914} INFO - Processing file /home/airflow/.local/lib/python3.12/site-packages/airflow/example_dags/example_setup_teardown_taskflow.py for tasks to queue
[2026-07-29T15:24:38.175+0000] {logging_mixin.py:190} INFO - [2026-07-29T15:24:38.174+0000] {dagbag.py:587} INFO - Filling up the DagBag from /home/airflow/.local/lib/python3.12/site-packages/airflow/example_dags/example_setup_teardown_taskflow.py
[2026-07-29T15:24:38.179+0000] {processor.py:925} INFO - DAG(s) 'example_setup_teardown_taskflow' retrieved from /home/airflow/.local/lib/python3.12/site-packages/airflow/example_dags/example_setup_teardown_taskflow.py
[2026-07-29T15:24:38.189+0000] {logging_mixin.py:190} INFO - [2026-07-29T15:24:38.189+0000] {dag.py:3211} INFO - Sync 1 DAGs
[2026-07-29T15:24:38.203+0000] {logging_mixin.py:190} INFO - [2026-07-29T15:24:38.203+0000] {dag.py:4138} INFO - Setting next_dagrun for example_setup_teardown_taskflow to 2026-07-28 00:00:00+00:00, run_after=2026-07-29 00:00:00+00:00
[2026-07-29T15:24:38.219+0000] {processor.py:208} INFO - Processing /home/airflow/.local/lib/python3.12/site-packages/airflow/example_dags/example_setup_teardown_taskflow.py took 0.049 seconds
[2026-07-29T15:25:08.247+0000] {processor.py:186} INFO - Started process (PID=358) to work on /home/airflow/.local/lib/python3.12/site-packages/airflow/example_dags/example_setup_teardown_taskflow.py
[2026-07-29T15:25:08.249+0000] {processor.py:914} INFO - Processing file /home/airflow/.local/lib/python3.12/site-packages/airflow/example_dags/example_setup_teardown_taskflow.py for tasks to queue
[2026-07-29T15:25:08.250+0000] {logging_mixin.py:190} INFO - [2026-07-29T15:25:08.250+0000] {dagbag.py:587} INFO - Filling up the DagBag from /home/airflow/.local/lib/python3.12/site-packages/airflow/example_dags/example_setup_teardown_taskflow.py
[2026-07-29T15:25:08.255+0000] {processor.py:925} INFO - DAG(s) 'example_setup_teardown_taskflow' retrieved from /home/airflow/.local/lib/python3.12/site-packages/airflow/example_dags/example_setup_teardown_taskflow.py
[2026-07-29T15:25:08.263+0000] {logging_mixin.py:190} INFO - [2026-07-29T15:25:08.263+0000] {dag.py:3211} INFO - Sync 1 DAGs
[2026-07-29T15:25:08.271+0000] {logging_mixin.py:190} INFO - [2026-07-29T15:25:08.271+0000] {dag.py:4138} INFO - Setting next_dagrun for example_setup_teardown_taskflow to 2026-07-28 00:00:00+00:00, run_after=2026-07-29 00:00:00+00:00
[2026-07-29T15:25:08.277+0000] {processor.py:208} INFO - Processing /home/airflow/.local/lib/python3.12/site-packages/airflow/example_dags/example_setup_teardown_taskflow.py took 0.034 seconds
[2026-07-29T15:25:38.356+0000] {processor.py:186} INFO - Started process (PID=424) to work on /home/airflow/.local/lib/python3.12/site-packages/airflow/example_dags/example_setup_teardown_taskflow.py
[2026-07-29T15:25:38.357+0000] {processor.py:914} INFO - Processing file /home/airflow/.local/lib/python3.12/site-packages/airflow/example_dags/example_setup_teardown_taskflow.py for tasks to queue
[2026-07-29T15:25:38.359+0000] {logging_mixin.py:190} INFO - [2026-07-29T15:25:38.359+0000] {dagbag.py:587} INFO - Filling up the DagBag from /home/airflow/.local/lib/python3.12/site-packages/airflow/example_dags/example_setup_teardown_taskflow.py
[2026-07-29T15:25:38.366+0000] {processor.py:925} INFO - DAG(s) 'example_setup_teardown_taskflow' retrieved from /home/airflow/.local/lib/python3.12/site-packages/airflow/example_dags/example_setup_teardown_taskflow.py
[2026-07-29T15:25:38.378+0000] {logging_mixin.py:190} INFO - [2026-07-29T15:25:38.378+0000] {dag.py:3211} INFO - Sync 1 DAGs
[2026-07-29T15:25:38.389+0000] {logging_mixin.py:190} INFO - [2026-07-29T15:25:38.389+0000] {dag.py:4138} INFO - Setting next_dagrun for example_setup_teardown_taskflow to 2026-07-28 00:00:00+00:00, run_after=2026-07-29 00:00:00+00:00
[2026-07-29T15:25:38.397+0000] {processor.py:208} INFO - Processing /home/airflow/.local/lib/python3.12/site-packages/airflow/example_dags/example_setup_teardown_taskflow.py took 0.043 seconds
[2026-07-29T15:26:08.477+0000] {processor.py:186} INFO - Started process (PID=490) to work on /home/airflow/.local/lib/python3.12/site-packages/airflow/example_dags/example_setup_teardown_taskflow.py
[2026-07-29T15:26:08.478+0000] {processor.py:914} INFO - Processing file /home/airflow/.local/lib/python3.12/site-packages/airflow/example_dags/example_setup_teardown_taskflow.py for tasks to queue
[2026-07-29T15:26:08.480+0000] {logging_mixin.py:190} INFO - [2026-07-29T15:26:08.480+0000] {dagbag.py:587} INFO - Filling up the DagBag from /home/airflow/.local/lib/python3.12/site-packages/airflow/example_dags/example_setup_teardown_taskflow.py
[2026-07-29T15:26:08.485+0000] {processor.py:925} INFO - DAG(s) 'example_setup_teardown_taskflow' retrieved from /home/airflow/.local/lib/python3.12/site-packages/airflow/example_dags/example_setup_teardown_taskflow.py
[2026-07-29T15:26:08.496+0000] {logging_mixin.py:190} INFO - [2026-07-29T15:26:08.496+0000] {dag.py:3211} INFO - Sync 1 DAGs
[2026-07-29T15:26:08.505+0000] {logging_mixin.py:190} INFO - [2026-07-29T15:26:08.505+0000] {dag.py:4138} INFO - Setting next_dagrun for example_setup_teardown_taskflow to 2026-07-28 00:00:00+00:00, run_after=2026-07-29 00:00:00+00:00
[2026-07-29T15:26:08.518+0000] {processor.py:208} INFO - Processing /home/airflow/.local/lib/python3.12/site-packages/airflow/example_dags/example_setup_teardown_taskflow.py took 0.044 seconds
[2026-07-29T15:26:39.569+0000] {processor.py:186} INFO - Started process (PID=562) to work on /home/airflow/.local/lib/python3.12/site-packages/airflow/example_dags/example_setup_teardown_taskflow.py
[2026-07-29T15:26:39.570+0000] {processor.py:914} INFO - Processing file /home/airflow/.local/lib/python3.12/site-packages/airflow/example_dags/example_setup_teardown_taskflow.py for tasks to queue
[2026-07-29T15:26:39.570+0000] {logging_mixin.py:190} INFO - [2026-07-29T15:26:39.570+0000] {dagbag.py:587} INFO - Filling up the DagBag from /home/airflow/.local/lib/python3.12/site-packages/airflow/example_dags/example_setup_teardown_taskflow.py
[2026-07-29T15:26:39.576+0000] {processor.py:925} INFO - DAG(s) 'example_setup_teardown_taskflow' retrieved from /home/airflow/.local/lib/python3.12/site-packages/airflow/example_dags/example_setup_teardown_taskflow.py
[2026-07-29T15:26:39.590+0000] {logging_mixin.py:190} INFO - [2026-07-29T15:26:39.590+0000] {dag.py:3211} INFO - Sync 1 DAGs
[2026-07-29T15:26:39.600+0000] {logging_mixin.py:190} INFO - [2026-07-29T15:26:39.600+0000] {dag.py:4138} INFO - Setting next_dagrun for example_setup_teardown_taskflow to 2026-07-28 00:00:00+00:00, run_after=2026-07-29 00:00:00+00:00
[2026-07-29T15:26:39.606+0000] {processor.py:208} INFO - Processing /home/airflow/.local/lib/python3.12/site-packages/airflow/example_dags/example_setup_teardown_taskflow.py took 0.040 seconds
[2026-07-29T15:27:09.647+0000] {processor.py:186} INFO - Started process (PID=628) to work on /home/airflow/.local/lib/python3.12/site-packages/airflow/example_dags/example_setup_teardown_taskflow.py
[2026-07-29T15:27:09.647+0000] {processor.py:914} INFO - Processing file /home/airflow/.local/lib/python3.12/site-packages/airflow/example_dags/example_setup_teardown_taskflow.py for tasks to queue
[2026-07-29T15:27:09.648+0000] {logging_mixin.py:190} INFO - [2026-07-29T15:27:09.648+0000] {dagbag.py:587} INFO - Filling up the DagBag from /home/airflow/.local/lib/python3.12/site-packages/airflow/example_dags/example_setup_teardown_taskflow.py
[2026-07-29T15:27:09.652+0000] {processor.py:925} INFO - DAG(s) 'example_setup_teardown_taskflow' retrieved from /home/airflow/.local/lib/python3.12/site-packages/airflow/example_dags/example_setup_teardown_taskflow.py
[2026-07-29T15:27:09.661+0000] {logging_mixin.py:190} INFO - [2026-07-29T15:27:09.661+0000] {dag.py:3211} INFO - Sync 1 DAGs
[2026-07-29T15:27:09.670+0000] {logging_mixin.py:190} INFO - [2026-07-29T15:27:09.670+0000] {dag.py:4138} INFO - Setting next_dagrun for example_setup_teardown_taskflow to 2026-07-28 00:00:00+00:00, run_after=2026-07-29 00:00:00+00:00
[2026-07-29T15:27:09.679+0000] {processor.py:208} INFO - Processing /home/airflow/.local/lib/python3.12/site-packages/airflow/example_dags/example_setup_teardown_taskflow.py took 0.036 seconds
[2026-07-29T15:27:40.676+0000] {processor.py:186} INFO - Started process (PID=694) to work on /home/airflow/.local/lib/python3.12/site-packages/airflow/example_dags/example_setup_teardown_taskflow.py
[2026-07-29T15:27:40.676+0000] {processor.py:914} INFO - Processing file /home/airflow/.local/lib/python3.12/site-packages/airflow/example_dags/example_setup_teardown_taskflow.py for tasks to queue
[2026-07-29T15:27:40.677+0000] {logging_mixin.py:190} INFO - [2026-07-29T15:27:40.677+0000] {dagbag.py:587} INFO - Filling up the DagBag from /home/airflow/.local/lib/python3.12/site-packages/airflow/example_dags/example_setup_teardown_taskflow.py
[2026-07-29T15:27:40.681+0000] {processor.py:925} INFO - DAG(s) 'example_setup_teardown_taskflow' retrieved from /home/airflow/.local/lib/python3.12/site-packages/airflow/example_dags/example_setup_teardown_taskflow.py
[2026-07-29T15:27:40.689+0000] {logging_mixin.py:190} INFO - [2026-07-29T15:27:40.689+0000] {dag.py:3211} INFO - Sync 1 DAGs
[2026-07-29T15:27:40.696+0000] {logging_mixin.py:190} INFO - [2026-07-29T15:27:40.696+0000] {dag.py:4138} INFO - Setting next_dagrun for example_setup_teardown_taskflow to 2026-07-28 00:00:00+00:00, run_after=2026-07-29 00:00:00+00:00
[2026-07-29T15:27:40.702+0000] {processor.py:208} INFO - Processing /home/airflow/.local/lib/python3.12/site-packages/airflow/example_dags/example_setup_teardown_taskflow.py took 0.028 seconds
[2026-07-29T15:28:25.187+0000] {processor.py:186} INFO - Started process (PID=94) to work on /home/airflow/.local/lib/python3.12/site-packages/airflow/example_dags/example_setup_teardown_taskflow.py
[2026-07-29T15:28:25.188+0000] {processor.py:914} INFO - Processing file /home/airflow/.local/lib/python3.12/site-packages/airflow/example_dags/example_setup_teardown_taskflow.py for tasks to queue
[2026-07-29T15:28:25.190+0000] {logging_mixin.py:190} INFO - [2026-07-29T15:28:25.190+0000] {dagbag.py:587} INFO - Filling up the DagBag from /home/airflow/.local/lib/python3.12/site-packages/airflow/example_dags/example_setup_teardown_taskflow.py
[2026-07-29T15:28:25.198+0000] {processor.py:925} INFO - DAG(s) 'example_setup_teardown_taskflow' retrieved from /home/airflow/.local/lib/python3.12/site-packages/airflow/example_dags/example_setup_teardown_taskflow.py
[2026-07-29T15:28:25.211+0000] {logging_mixin.py:190} INFO - [2026-07-29T15:28:25.211+0000] {dag.py:3211} INFO - Sync 1 DAGs
[2026-07-29T15:28:25.221+0000] {logging_mixin.py:190} INFO - [2026-07-29T15:28:25.221+0000] {dag.py:4138} INFO - Setting next_dagrun for example_setup_teardown_taskflow to 2026-07-28 00:00:00+00:00, run_after=2026-07-29 00:00:00+00:00
[2026-07-29T15:28:25.233+0000] {processor.py:208} INFO - Processing /home/airflow/.local/lib/python3.12/site-packages/airflow/example_dags/example_setup_teardown_taskflow.py took 0.048 seconds
[2026-07-29T15:28:55.368+0000] {processor.py:186} INFO - Started process (PID=160) to work on /home/airflow/.local/lib/python3.12/site-packages/airflow/example_dags/example_setup_teardown_taskflow.py
[2026-07-29T15:28:55.369+0000] {processor.py:914} INFO - Processing file /home/airflow/.local/lib/python3.12/site-packages/airflow/example_dags/example_setup_teardown_taskflow.py for tasks to queue
[2026-07-29T15:28:55.370+0000] {logging_mixin.py:190} INFO - [2026-07-29T15:28:55.370+0000] {dagbag.py:587} INFO - Filling up the DagBag from /home/airflow/.local/lib/python3.12/site-packages/airflow/example_dags/example_setup_teardown_taskflow.py
[2026-07-29T15:28:55.375+0000] {processor.py:925} INFO - DAG(s) 'example_setup_teardown_taskflow' retrieved from /home/airflow/.local/lib/python3.12/site-packages/airflow/example_dags/example_setup_teardown_taskflow.py
[2026-07-29T15:28:55.386+0000] {logging_mixin.py:190} INFO - [2026-07-29T15:28:55.386+0000] {dag.py:3211} INFO - Sync 1 DAGs
[2026-07-29T15:28:55.395+0000] {logging_mixin.py:190} INFO - [2026-07-29T15:28:55.395+0000] {dag.py:4138} INFO - Setting next_dagrun for example_setup_teardown_taskflow to 2026-07-28 00:00:00+00:00, run_after=2026-07-29 00:00:00+00:00
[2026-07-29T15:28:55.402+0000] {processor.py:208} INFO - Processing /home/airflow/.local/lib/python3.12/site-packages/airflow/example_dags/example_setup_teardown_taskflow.py took 0.037 seconds
[2026-07-29T15:29:25.963+0000] {processor.py:186} INFO - Started process (PID=226) to work on /home/airflow/.local/lib/python3.12/site-packages/airflow/example_dags/example_setup_teardown_taskflow.py
[2026-07-29T15:29:25.963+0000] {processor.py:914} INFO - Processing file /home/airflow/.local/lib/python3.12/site-packages/airflow/example_dags/example_setup_teardown_taskflow.py for tasks to queue
[2026-07-29T15:29:25.964+0000] {logging_mixin.py:190} INFO - [2026-07-29T15:29:25.964+0000] {dagbag.py:587} INFO - Filling up the DagBag from /home/airflow/.local/lib/python3.12/site-packages/airflow/example_dags/example_setup_teardown_taskflow.py
[2026-07-29T15:29:25.968+0000] {processor.py:925} INFO - DAG(s) 'example_setup_teardown_taskflow' retrieved from /home/airflow/.local/lib/python3.12/site-packages/airflow/example_dags/example_setup_teardown_taskflow.py
[2026-07-29T15:29:25.976+0000] {logging_mixin.py:190} INFO - [2026-07-29T15:29:25.976+0000] {dag.py:3211} INFO - Sync 1 DAGs
[2026-07-29T15:29:25.984+0000] {logging_mixin.py:190} INFO - [2026-07-29T15:29:25.984+0000] {dag.py:4138} INFO - Setting next_dagrun for example_setup_teardown_taskflow to 2026-07-28 00:00:00+00:00, run_after=2026-07-29 00:00:00+00:00
[2026-07-29T15:29:25.990+0000] {processor.py:208} INFO - Processing /home/airflow/.local/lib/python3.12/site-packages/airflow/example_dags/example_setup_teardown_taskflow.py took 0.029 seconds
[2026-07-29T15:29:57.155+0000] {processor.py:186} INFO - Started process (PID=292) to work on /home/airflow/.local/lib/python3.12/site-packages/airflow/example_dags/example_setup_teardown_taskflow.py
[2026-07-29T15:29:57.156+0000] {processor.py:914} INFO - Processing file /home/airflow/.local/lib/python3.12/site-packages/airflow/example_dags/example_setup_teardown_taskflow.py for tasks to queue
[2026-07-29T15:29:57.157+0000] {logging_mixin.py:190} INFO - [2026-07-29T15:29:57.157+0000] {dagbag.py:587} INFO - Filling up the DagBag from /home/airflow/.local/lib/python3.12/site-packages/airflow/example_dags/example_setup_teardown_taskflow.py
[2026-07-29T15:29:57.162+0000] {processor.py:925} INFO - DAG(s) 'example_setup_teardown_taskflow' retrieved from /home/airflow/.local/lib/python3.12/site-packages/airflow/example_dags/example_setup_teardown_taskflow.py
[2026-07-29T15:29:57.172+0000] {logging_mixin.py:190} INFO - [2026-07-29T15:29:57.172+0000] {dag.py:3211} INFO - Sync 1 DAGs
[2026-07-29T15:29:57.182+0000] {logging_mixin.py:190} INFO - [2026-07-29T15:29:57.182+0000] {dag.py:4138} INFO - Setting next_dagrun for example_setup_teardown_taskflow to 2026-07-28 00:00:00+00:00, run_after=2026-07-29 00:00:00+00:00
[2026-07-29T15:29:57.189+0000] {processor.py:208} INFO - Processing /home/airflow/.local/lib/python3.12/site-packages/airflow/example_dags/example_setup_teardown_taskflow.py took 0.036 seconds
[2026-07-29T15:30:28.013+0000] {processor.py:186} INFO - Started process (PID=358) to work on /home/airflow/.local/lib/python3.12/site-packages/airflow/example_dags/example_setup_teardown_taskflow.py
[2026-07-29T15:30:28.013+0000] {processor.py:914} INFO - Processing file /home/airflow/.local/lib/python3.12/site-packages/airflow/example_dags/example_setup_teardown_taskflow.py for tasks to queue
[2026-07-29T15:30:28.014+0000] {logging_mixin.py:190} INFO - [2026-07-29T15:30:28.014+0000] {dagbag.py:587} INFO - Filling up the DagBag from /home/airflow/.local/lib/python3.12/site-packages/airflow/example_dags/example_setup_teardown_taskflow.py
[2026-07-29T15:30:28.019+0000] {processor.py:925} INFO - DAG(s) 'example_setup_teardown_taskflow' retrieved from /home/airflow/.local/lib/python3.12/site-packages/airflow/example_dags/example_setup_teardown_taskflow.py
[2026-07-29T15:30:28.033+0000] {logging_mixin.py:190} INFO - [2026-07-29T15:30:28.033+0000] {dag.py:3211} INFO - Sync 1 DAGs
[2026-07-29T15:30:28.041+0000] {logging_mixin.py:190} INFO - [2026-07-29T15:30:28.041+0000] {dag.py:4138} INFO - Setting next_dagrun for example_setup_teardown_taskflow to 2026-07-28 00:00:00+00:00, run_after=2026-07-29 00:00:00+00:00
[2026-07-29T15:30:28.048+0000] {processor.py:208} INFO - Processing /home/airflow/.local/lib/python3.12/site-packages/airflow/example_dags/example_setup_teardown_taskflow.py took 0.037 seconds
[2026-07-29T15:30:58.624+0000] {processor.py:186} INFO - Started process (PID=424) to work on /home/airflow/.local/lib/python3.12/site-packages/airflow/example_dags/example_setup_teardown_taskflow.py
[2026-07-29T15:30:58.625+0000] {processor.py:914} INFO - Processing file /home/airflow/.local/lib/python3.12/site-packages/airflow/example_dags/example_setup_teardown_taskflow.py for tasks to queue
[2026-07-29T15:30:58.626+0000] {logging_mixin.py:190} INFO - [2026-07-29T15:30:58.626+0000] {dagbag.py:587} INFO - Filling up the DagBag from /home/airflow/.local/lib/python3.12/site-packages/airflow/example_dags/example_setup_teardown_taskflow.py
[2026-07-29T15:30:58.631+0000] {processor.py:925} INFO - DAG(s) 'example_setup_teardown_taskflow' retrieved from /home/airflow/.local/lib/python3.12/site-packages/airflow/example_dags/example_setup_teardown_taskflow.py
[2026-07-29T15:30:58.639+0000] {logging_mixin.py:190} INFO - [2026-07-29T15:30:58.638+0000] {dag.py:3211} INFO - Sync 1 DAGs
[2026-07-29T15:30:58.647+0000] {logging_mixin.py:190} INFO - [2026-07-29T15:30:58.647+0000] {dag.py:4138} INFO - Setting next_dagrun for example_setup_teardown_taskflow to 2026-07-28 00:00:00+00:00, run_after=2026-07-29 00:00:00+00:00
[2026-07-29T15:30:58.653+0000] {processor.py:208} INFO - Processing /home/airflow/.local/lib/python3.12/site-packages/airflow/example_dags/example_setup_teardown_taskflow.py took 0.031 seconds
[2026-07-29T15:31:29.261+0000] {processor.py:186} INFO - Started process (PID=490) to work on /home/airflow/.local/lib/python3.12/site-packages/airflow/example_dags/example_setup_teardown_taskflow.py
[2026-07-29T15:31:29.261+0000] {processor.py:914} INFO - Processing file /home/airflow/.local/lib/python3.12/site-packages/airflow/example_dags/example_setup_teardown_taskflow.py for tasks to queue
[2026-07-29T15:31:29.262+0000] {logging_mixin.py:190} INFO - [2026-07-29T15:31:29.262+0000] {dagbag.py:587} INFO - Filling up the DagBag from /home/airflow/.local/lib/python3.12/site-packages/airflow/example_dags/example_setup_teardown_taskflow.py
[2026-07-29T15:31:29.266+0000] {processor.py:925} INFO - DAG(s) 'example_setup_teardown_taskflow' retrieved from /home/airflow/.local/lib/python3.12/site-packages/airflow/example_dags/example_setup_teardown_taskflow.py
[2026-07-29T15:31:29.275+0000] {logging_mixin.py:190} INFO - [2026-07-29T15:31:29.275+0000] {dag.py:3211} INFO - Sync 1 DAGs
[2026-07-29T15:31:29.283+0000] {logging_mixin.py:190} INFO - [2026-07-29T15:31:29.283+0000] {dag.py:4138} INFO - Setting next_dagrun for example_setup_teardown_taskflow to 2026-07-28 00:00:00+00:00, run_after=2026-07-29 00:00:00+00:00
[2026-07-29T15:31:29.289+0000] {processor.py:208} INFO - Processing /home/airflow/.local/lib/python3.12/site-packages/airflow/example_dags/example_setup_teardown_taskflow.py took 0.031 seconds
[2026-07-29T15:31:59.861+0000] {processor.py:186} INFO - Started process (PID=556) to work on /home/airflow/.local/lib/python3.12/site-packages/airflow/example_dags/example_setup_teardown_taskflow.py
[2026-07-29T15:31:59.861+0000] {processor.py:914} INFO - Processing file /home/airflow/.local/lib/python3.12/site-packages/airflow/example_dags/example_setup_teardown_taskflow.py for tasks to queue
[2026-07-29T15:31:59.862+0000] {logging_mixin.py:190} INFO - [2026-07-29T15:31:59.862+0000] {dagbag.py:587} INFO - Filling up the DagBag from /home/airflow/.local/lib/python3.12/site-packages/airflow/example_dags/example_setup_teardown_taskflow.py
[2026-07-29T15:31:59.868+0000] {processor.py:925} INFO - DAG(s) 'example_setup_teardown_taskflow' retrieved from /home/airflow/.local/lib/python3.12/site-packages/airflow/example_dags/example_setup_teardown_taskflow.py
[2026-07-29T15:31:59.876+0000] {logging_mixin.py:190} INFO - [2026-07-29T15:31:59.876+0000] {dag.py:3211} INFO - Sync 1 DAGs
[2026-07-29T15:31:59.885+0000] {logging_mixin.py:190} INFO - [2026-07-29T15:31:59.885+0000] {dag.py:4138} INFO - Setting next_dagrun for example_setup_teardown_taskflow to 2026-07-28 00:00:00+00:00, run_after=2026-07-29 00:00:00+00:00
[2026-07-29T15:31:59.891+0000] {processor.py:208} INFO - Processing /home/airflow/.local/lib/python3.12/site-packages/airflow/example_dags/example_setup_teardown_taskflow.py took 0.033 seconds
[2026-07-29T15:32:30.808+0000] {processor.py:186} INFO - Started process (PID=622) to work on /home/airflow/.local/lib/python3.12/site-packages/airflow/example_dags/example_setup_teardown_taskflow.py
[2026-07-29T15:32:30.810+0000] {processor.py:914} INFO - Processing file /home/airflow/.local/lib/python3.12/site-packages/airflow/example_dags/example_setup_teardown_taskflow.py for tasks to queue
[2026-07-29T15:32:30.811+0000] {logging_mixin.py:190} INFO - [2026-07-29T15:32:30.811+0000] {dagbag.py:587} INFO - Filling up the DagBag from /home/airflow/.local/lib/python3.12/site-packages/airflow/example_dags/example_setup_teardown_taskflow.py
[2026-07-29T15:32:30.816+0000] {processor.py:925} INFO - DAG(s) 'example_setup_teardown_taskflow' retrieved from /home/airflow/.local/lib/python3.12/site-packages/airflow/example_dags/example_setup_teardown_taskflow.py
[2026-07-29T15:32:30.830+0000] {logging_mixin.py:190} INFO - [2026-07-29T15:32:30.830+0000] {dag.py:3211} INFO - Sync 1 DAGs
[2026-07-29T15:32:30.841+0000] {logging_mixin.py:190} INFO - [2026-07-29T15:32:30.841+0000] {dag.py:4138} INFO - Setting next_dagrun for example_setup_teardown_taskflow to 2026-07-28 00:00:00+00:00, run_after=2026-07-29 00:00:00+00:00
[2026-07-29T15:32:30.848+0000] {processor.py:208} INFO - Processing /home/airflow/.local/lib/python3.12/site-packages/airflow/example_dags/example_setup_teardown_taskflow.py took 0.043 seconds
[2026-07-29T15:33:01.924+0000] {processor.py:186} INFO - Started process (PID=688) to work on /home/airflow/.local/lib/python3.12/site-packages/airflow/example_dags/example_setup_teardown_taskflow.py
[2026-07-29T15:33:01.924+0000] {processor.py:914} INFO - Processing file /home/airflow/.local/lib/python3.12/site-packages/airflow/example_dags/example_setup_teardown_taskflow.py for tasks to queue
[2026-07-29T15:33:01.926+0000] {logging_mixin.py:190} INFO - [2026-07-29T15:33:01.925+0000] {dagbag.py:587} INFO - Filling up the DagBag from /home/airflow/.local/lib/python3.12/site-packages/airflow/example_dags/example_setup_teardown_taskflow.py
[2026-07-29T15:33:01.930+0000] {processor.py:925} INFO - DAG(s) 'example_setup_teardown_taskflow' retrieved from /home/airflow/.local/lib/python3.12/site-packages/airflow/example_dags/example_setup_teardown_taskflow.py
[2026-07-29T15:33:01.940+0000] {logging_mixin.py:190} INFO - [2026-07-29T15:33:01.940+0000] {dag.py:3211} INFO - Sync 1 DAGs
[2026-07-29T15:33:01.952+0000] {logging_mixin.py:190} INFO - [2026-07-29T15:33:01.952+0000] {dag.py:4138} INFO - Setting next_dagrun for example_setup_teardown_taskflow to 2026-07-28 00:00:00+00:00, run_after=2026-07-29 00:00:00+00:00
[2026-07-29T15:33:01.965+0000] {processor.py:208} INFO - Processing /home/airflow/.local/lib/python3.12/site-packages/airflow/example_dags/example_setup_teardown_taskflow.py took 0.045 seconds
[2026-07-29T15:33:32.519+0000] {processor.py:186} INFO - Started process (PID=754) to work on /home/airflow/.local/lib/python3.12/site-packages/airflow/example_dags/example_setup_teardown_taskflow.py
[2026-07-29T15:33:32.519+0000] {processor.py:914} INFO - Processing file /home/airflow/.local/lib/python3.12/site-packages/airflow/example_dags/example_setup_teardown_taskflow.py for tasks to queue
[2026-07-29T15:33:32.520+0000] {logging_mixin.py:190} INFO - [2026-07-29T15:33:32.520+0000] {dagbag.py:587} INFO - Filling up the DagBag from /home/airflow/.local/lib/python3.12/site-packages/airflow/example_dags/example_setup_teardown_taskflow.py
[2026-07-29T15:33:32.526+0000] {processor.py:925} INFO - DAG(s) 'example_setup_teardown_taskflow' retrieved from /home/airflow/.local/lib/python3.12/site-packages/airflow/example_dags/example_setup_teardown_taskflow.py
[2026-07-29T15:33:32.539+0000] {logging_mixin.py:190} INFO - [2026-07-29T15:33:32.539+0000] {dag.py:3211} INFO - Sync 1 DAGs
[2026-07-29T15:33:32.549+0000] {logging_mixin.py:190} INFO - [2026-07-29T15:33:32.549+0000] {dag.py:4138} INFO - Setting next_dagrun for example_setup_teardown_taskflow to 2026-07-28 00:00:00+00:00, run_after=2026-07-29 00:00:00+00:00
[2026-07-29T15:33:32.557+0000] {processor.py:208} INFO - Processing /home/airflow/.local/lib/python3.12/site-packages/airflow/example_dags/example_setup_teardown_taskflow.py took 0.041 seconds
[2026-07-29T15:34:02.818+0000] {processor.py:186} INFO - Started process (PID=820) to work on /home/airflow/.local/lib/python3.12/site-packages/airflow/example_dags/example_setup_teardown_taskflow.py
[2026-07-29T15:34:02.820+0000] {processor.py:914} INFO - Processing file /home/airflow/.local/lib/python3.12/site-packages/airflow/example_dags/example_setup_teardown_taskflow.py for tasks to queue
[2026-07-29T15:34:02.821+0000] {logging_mixin.py:190} INFO - [2026-07-29T15:34:02.821+0000] {dagbag.py:587} INFO - Filling up the DagBag from /home/airflow/.local/lib/python3.12/site-packages/airflow/example_dags/example_setup_teardown_taskflow.py
[2026-07-29T15:34:02.831+0000] {processor.py:925} INFO - DAG(s) 'example_setup_teardown_taskflow' retrieved from /home/airflow/.local/lib/python3.12/site-packages/airflow/example_dags/example_setup_teardown_taskflow.py
[2026-07-29T15:34:02.841+0000] {logging_mixin.py:190} INFO - [2026-07-29T15:34:02.841+0000] {dag.py:3211} INFO - Sync 1 DAGs
[2026-07-29T15:34:02.853+0000] {logging_mixin.py:190} INFO - [2026-07-29T15:34:02.853+0000] {dag.py:4138} INFO - Setting next_dagrun for example_setup_teardown_taskflow to 2026-07-28 00:00:00+00:00, run_after=2026-07-29 00:00:00+00:00
[2026-07-29T15:34:02.860+0000] {processor.py:208} INFO - Processing /home/airflow/.local/lib/python3.12/site-packages/airflow/example_dags/example_setup_teardown_taskflow.py took 0.045 seconds
[2026-07-29T15:34:33.183+0000] {processor.py:186} INFO - Started process (PID=886) to work on /home/airflow/.local/lib/python3.12/site-packages/airflow/example_dags/example_setup_teardown_taskflow.py
[2026-07-29T15:34:33.184+0000] {processor.py:914} INFO - Processing file /home/airflow/.local/lib/python3.12/site-packages/airflow/example_dags/example_setup_teardown_taskflow.py for tasks to queue
[2026-07-29T15:34:33.186+0000] {logging_mixin.py:190} INFO - [2026-07-29T15:34:33.185+0000] {dagbag.py:587} INFO - Filling up the DagBag from /home/airflow/.local/lib/python3.12/site-packages/airflow/example_dags/example_setup_teardown_taskflow.py
[2026-07-29T15:34:33.192+0000] {processor.py:925} INFO - DAG(s) 'example_setup_teardown_taskflow' retrieved from /home/airflow/.local/lib/python3.12/site-packages/airflow/example_dags/example_setup_teardown_taskflow.py
[2026-07-29T15:34:33.206+0000] {logging_mixin.py:190} INFO - [2026-07-29T15:34:33.205+0000] {dag.py:3211} INFO - Sync 1 DAGs
[2026-07-29T15:34:33.217+0000] {logging_mixin.py:190} INFO - [2026-07-29T15:34:33.217+0000] {dag.py:4138} INFO - Setting next_dagrun for example_setup_teardown_taskflow to 2026-07-28 00:00:00+00:00, run_after=2026-07-29 00:00:00+00:00
[2026-07-29T15:34:33.225+0000] {processor.py:208} INFO - Processing /home/airflow/.local/lib/python3.12/site-packages/airflow/example_dags/example_setup_teardown_taskflow.py took 0.045 seconds
[2026-07-29T15:35:03.468+0000] {processor.py:186} INFO - Started process (PID=952) to work on /home/airflow/.local/lib/python3.12/site-packages/airflow/example_dags/example_setup_teardown_taskflow.py
[2026-07-29T15:35:03.469+0000] {processor.py:914} INFO - Processing file /home/airflow/.local/lib/python3.12/site-packages/airflow/example_dags/example_setup_teardown_taskflow.py for tasks to queue
[2026-07-29T15:35:03.473+0000] {logging_mixin.py:190} INFO - [2026-07-29T15:35:03.473+0000] {dagbag.py:587} INFO - Filling up the DagBag from /home/airflow/.local/lib/python3.12/site-packages/airflow/example_dags/example_setup_teardown_taskflow.py
[2026-07-29T15:35:03.479+0000] {processor.py:925} INFO - DAG(s) 'example_setup_teardown_taskflow' retrieved from /home/airflow/.local/lib/python3.12/site-packages/airflow/example_dags/example_setup_teardown_taskflow.py
[2026-07-29T15:35:03.493+0000] {logging_mixin.py:190} INFO - [2026-07-29T15:35:03.493+0000] {dag.py:3211} INFO - Sync 1 DAGs
[2026-07-29T15:35:03.504+0000] {logging_mixin.py:190} INFO - [2026-07-29T15:35:03.504+0000] {dag.py:4138} INFO - Setting next_dagrun for example_setup_teardown_taskflow to 2026-07-28 00:00:00+00:00, run_after=2026-07-29 00:00:00+00:00
[2026-07-29T15:35:03.511+0000] {processor.py:208} INFO - Processing /home/airflow/.local/lib/python3.12/site-packages/airflow/example_dags/example_setup_teardown_taskflow.py took 0.046 seconds
[2026-07-29T15:35:33.606+0000] {processor.py:186} INFO - Started process (PID=1018) to work on /home/airflow/.local/lib/python3.12/site-packages/airflow/example_dags/example_setup_teardown_taskflow.py
[2026-07-29T15:35:33.608+0000] {processor.py:914} INFO - Processing file /home/airflow/.local/lib/python3.12/site-packages/airflow/example_dags/example_setup_teardown_taskflow.py for tasks to queue
[2026-07-29T15:35:33.609+0000] {logging_mixin.py:190} INFO - [2026-07-29T15:35:33.609+0000] {dagbag.py:587} INFO - Filling up the DagBag from /home/airflow/.local/lib/python3.12/site-packages/airflow/example_dags/example_setup_teardown_taskflow.py
[2026-07-29T15:35:33.615+0000] {processor.py:925} INFO - DAG(s) 'example_setup_teardown_taskflow' retrieved from /home/airflow/.local/lib/python3.12/site-packages/airflow/example_dags/example_setup_teardown_taskflow.py
[2026-07-29T15:35:33.623+0000] {logging_mixin.py:190} INFO - [2026-07-29T15:35:33.623+0000] {dag.py:3211} INFO - Sync 1 DAGs
[2026-07-29T15:35:33.632+0000] {logging_mixin.py:190} INFO - [2026-07-29T15:35:33.632+0000] {dag.py:4138} INFO - Setting next_dagrun for example_setup_teardown_taskflow to 2026-07-28 00:00:00+00:00, run_after=2026-07-29 00:00:00+00:00
[2026-07-29T15:35:33.638+0000] {processor.py:208} INFO - Processing /home/airflow/.local/lib/python3.12/site-packages/airflow/example_dags/example_setup_teardown_taskflow.py took 0.035 seconds
[2026-07-29T15:36:04.085+0000] {processor.py:186} INFO - Started process (PID=1084) to work on /home/airflow/.local/lib/python3.12/site-packages/airflow/example_dags/example_setup_teardown_taskflow.py
[2026-07-29T15:36:04.085+0000] {processor.py:914} INFO - Processing file /home/airflow/.local/lib/python3.12/site-packages/airflow/example_dags/example_setup_teardown_taskflow.py for tasks to queue
[2026-07-29T15:36:04.087+0000] {logging_mixin.py:190} INFO - [2026-07-29T15:36:04.087+0000] {dagbag.py:587} INFO - Filling up the DagBag from /home/airflow/.local/lib/python3.12/site-packages/airflow/example_dags/example_setup_teardown_taskflow.py
[2026-07-29T15:36:04.091+0000] {processor.py:925} INFO - DAG(s) 'example_setup_teardown_taskflow' retrieved from /home/airflow/.local/lib/python3.12/site-packages/airflow/example_dags/example_setup_teardown_taskflow.py
[2026-07-29T15:36:04.101+0000] {logging_mixin.py:190} INFO - [2026-07-29T15:36:04.101+0000] {dag.py:3211} INFO - Sync 1 DAGs
[2026-07-29T15:36:04.111+0000] {logging_mixin.py:190} INFO - [2026-07-29T15:36:04.111+0000] {dag.py:4138} INFO - Setting next_dagrun for example_setup_teardown_taskflow to 2026-07-28 00:00:00+00:00, run_after=2026-07-29 00:00:00+00:00
[2026-07-29T15:36:04.118+0000] {processor.py:208} INFO - Processing /home/airflow/.local/lib/python3.12/site-packages/airflow/example_dags/example_setup_teardown_taskflow.py took 0.036 seconds
[2026-07-29T15:36:34.354+0000] {processor.py:186} INFO - Started process (PID=1149) to work on /home/airflow/.local/lib/python3.12/site-packages/airflow/example_dags/example_setup_teardown_taskflow.py
[2026-07-29T15:36:34.354+0000] {processor.py:914} INFO - Processing file /home/airflow/.local/lib/python3.12/site-packages/airflow/example_dags/example_setup_teardown_taskflow.py for tasks to queue
[2026-07-29T15:36:34.356+0000] {logging_mixin.py:190} INFO - [2026-07-29T15:36:34.355+0000] {dagbag.py:587} INFO - Filling up the DagBag from /home/airflow/.local/lib/python3.12/site-packages/airflow/example_dags/example_setup_teardown_taskflow.py
[2026-07-29T15:36:34.361+0000] {processor.py:925} INFO - DAG(s) 'example_setup_teardown_taskflow' retrieved from /home/airflow/.local/lib/python3.12/site-packages/airflow/example_dags/example_setup_teardown_taskflow.py
[2026-07-29T15:36:34.370+0000] {logging_mixin.py:190} INFO - [2026-07-29T15:36:34.370+0000] {dag.py:3211} INFO - Sync 1 DAGs
[2026-07-29T15:36:34.379+0000] {logging_mixin.py:190} INFO - [2026-07-29T15:36:34.379+0000] {dag.py:4138} INFO - Setting next_dagrun for example_setup_teardown_taskflow to 2026-07-28 00:00:00+00:00, run_after=2026-07-29 00:00:00+00:00
[2026-07-29T15:36:34.393+0000] {processor.py:208} INFO - Processing /home/airflow/.local/lib/python3.12/site-packages/airflow/example_dags/example_setup_teardown_taskflow.py took 0.042 seconds
[2026-07-29T15:37:04.507+0000] {processor.py:186} INFO - Started process (PID=1215) to work on /home/airflow/.local/lib/python3.12/site-packages/airflow/example_dags/example_setup_teardown_taskflow.py
[2026-07-29T15:37:04.508+0000] {processor.py:914} INFO - Processing file /home/airflow/.local/lib/python3.12/site-packages/airflow/example_dags/example_setup_teardown_taskflow.py for tasks to queue
[2026-07-29T15:37:04.511+0000] {logging_mixin.py:190} INFO - [2026-07-29T15:37:04.511+0000] {dagbag.py:587} INFO - Filling up the DagBag from /home/airflow/.local/lib/python3.12/site-packages/airflow/example_dags/example_setup_teardown_taskflow.py
[2026-07-29T15:37:04.518+0000] {processor.py:925} INFO - DAG(s) 'example_setup_teardown_taskflow' retrieved from /home/airflow/.local/lib/python3.12/site-packages/airflow/example_dags/example_setup_teardown_taskflow.py
[2026-07-29T15:37:04.529+0000] {logging_mixin.py:190} INFO - [2026-07-29T15:37:04.528+0000] {dag.py:3211} INFO - Sync 1 DAGs
[2026-07-29T15:37:04.542+0000] {logging_mixin.py:190} INFO - [2026-07-29T15:37:04.542+0000] {dag.py:4138} INFO - Setting next_dagrun for example_setup_teardown_taskflow to 2026-07-28 00:00:00+00:00, run_after=2026-07-29 00:00:00+00:00
[2026-07-29T15:37:04.550+0000] {processor.py:208} INFO - Processing /home/airflow/.local/lib/python3.12/site-packages/airflow/example_dags/example_setup_teardown_taskflow.py took 0.046 seconds
[2026-07-29T15:37:34.801+0000] {processor.py:186} INFO - Started process (PID=1281) to work on /home/airflow/.local/lib/python3.12/site-packages/airflow/example_dags/example_setup_teardown_taskflow.py
[2026-07-29T15:37:34.802+0000] {processor.py:914} INFO - Processing file /home/airflow/.local/lib/python3.12/site-packages/airflow/example_dags/example_setup_teardown_taskflow.py for tasks to queue
[2026-07-29T15:37:34.805+0000] {logging_mixin.py:190} INFO - [2026-07-29T15:37:34.805+0000] {dagbag.py:587} INFO - Filling up the DagBag from /home/airflow/.local/lib/python3.12/site-packages/airflow/example_dags/example_setup_teardown_taskflow.py
[2026-07-29T15:37:34.811+0000] {processor.py:925} INFO - DAG(s) 'example_setup_teardown_taskflow' retrieved from /home/airflow/.local/lib/python3.12/site-packages/airflow/example_dags/example_setup_teardown_taskflow.py
[2026-07-29T15:37:34.820+0000] {logging_mixin.py:190} INFO - [2026-07-29T15:37:34.820+0000] {dag.py:3211} INFO - Sync 1 DAGs
[2026-07-29T15:37:34.831+0000] {logging_mixin.py:190} INFO - [2026-07-29T15:37:34.831+0000] {dag.py:4138} INFO - Setting next_dagrun for example_setup_teardown_taskflow to 2026-07-28 00:00:00+00:00, run_after=2026-07-29 00:00:00+00:00
[2026-07-29T15:37:34.842+0000] {processor.py:208} INFO - Processing /home/airflow/.local/lib/python3.12/site-packages/airflow/example_dags/example_setup_teardown_taskflow.py took 0.044 seconds
[2026-07-29T15:38:04.930+0000] {processor.py:186} INFO - Started process (PID=1347) to work on /home/airflow/.local/lib/python3.12/site-packages/airflow/example_dags/example_setup_teardown_taskflow.py
[2026-07-29T15:38:04.930+0000] {processor.py:914} INFO - Processing file /home/airflow/.local/lib/python3.12/site-packages/airflow/example_dags/example_setup_teardown_taskflow.py for tasks to queue
[2026-07-29T15:38:04.932+0000] {logging_mixin.py:190} INFO - [2026-07-29T15:38:04.932+0000] {dagbag.py:587} INFO - Filling up the DagBag from /home/airflow/.local/lib/python3.12/site-packages/airflow/example_dags/example_setup_teardown_taskflow.py
[2026-07-29T15:38:04.938+0000] {processor.py:925} INFO - DAG(s) 'example_setup_teardown_taskflow' retrieved from /home/airflow/.local/lib/python3.12/site-packages/airflow/example_dags/example_setup_teardown_taskflow.py
[2026-07-29T15:38:04.953+0000] {logging_mixin.py:190} INFO - [2026-07-29T15:38:04.952+0000] {dag.py:3211} INFO - Sync 1 DAGs
[2026-07-29T15:38:04.963+0000] {logging_mixin.py:190} INFO - [2026-07-29T15:38:04.963+0000] {dag.py:4138} INFO - Setting next_dagrun for example_setup_teardown_taskflow to 2026-07-28 00:00:00+00:00, run_after=2026-07-29 00:00:00+00:00
[2026-07-29T15:38:04.970+0000] {processor.py:208} INFO - Processing /home/airflow/.local/lib/python3.12/site-packages/airflow/example_dags/example_setup_teardown_taskflow.py took 0.042 seconds
[2026-07-29T15:38:35.591+0000] {processor.py:186} INFO - Started process (PID=1413) to work on /home/airflow/.local/lib/python3.12/site-packages/airflow/example_dags/example_setup_teardown_taskflow.py
[2026-07-29T15:38:35.593+0000] {processor.py:914} INFO - Processing file /home/airflow/.local/lib/python3.12/site-packages/airflow/example_dags/example_setup_teardown_taskflow.py for tasks to queue
[2026-07-29T15:38:35.594+0000] {logging_mixin.py:190} INFO - [2026-07-29T15:38:35.594+0000] {dagbag.py:587} INFO - Filling up the DagBag from /home/airflow/.local/lib/python3.12/site-packages/airflow/example_dags/example_setup_teardown_taskflow.py
[2026-07-29T15:38:35.599+0000] {processor.py:925} INFO - DAG(s) 'example_setup_teardown_taskflow' retrieved from /home/airflow/.local/lib/python3.12/site-packages/airflow/example_dags/example_setup_teardown_taskflow.py
[2026-07-29T15:38:35.614+0000] {logging_mixin.py:190} INFO - [2026-07-29T15:38:35.614+0000] {dag.py:3211} INFO - Sync 1 DAGs
[2026-07-29T15:38:35.626+0000] {logging_mixin.py:190} INFO - [2026-07-29T15:38:35.626+0000] {dag.py:4138} INFO - Setting next_dagrun for example_setup_teardown_taskflow to 2026-07-28 00:00:00+00:00, run_after=2026-07-29 00:00:00+00:00
[2026-07-29T15:38:35.631+0000] {processor.py:208} INFO - Processing /home/airflow/.local/lib/python3.12/site-packages/airflow/example_dags/example_setup_teardown_taskflow.py took 0.043 seconds
[2026-07-29T15:39:06.522+0000] {processor.py:186} INFO - Started process (PID=1480) to work on /home/airflow/.local/lib/python3.12/site-packages/airflow/example_dags/example_setup_teardown_taskflow.py
[2026-07-29T15:39:06.524+0000] {processor.py:914} INFO - Processing file /home/airflow/.local/lib/python3.12/site-packages/airflow/example_dags/example_setup_teardown_taskflow.py for tasks to queue
[2026-07-29T15:39:06.525+0000] {logging_mixin.py:190} INFO - [2026-07-29T15:39:06.525+0000] {dagbag.py:587} INFO - Filling up the DagBag from /home/airflow/.local/lib/python3.12/site-packages/airflow/example_dags/example_setup_teardown_taskflow.py
[2026-07-29T15:39:06.530+0000] {processor.py:925} INFO - DAG(s) 'example_setup_teardown_taskflow' retrieved from /home/airflow/.local/lib/python3.12/site-packages/airflow/example_dags/example_setup_teardown_taskflow.py
[2026-07-29T15:39:06.544+0000] {logging_mixin.py:190} INFO - [2026-07-29T15:39:06.544+0000] {dag.py:3211} INFO - Sync 1 DAGs
[2026-07-29T15:39:06.554+0000] {logging_mixin.py:190} INFO - [2026-07-29T15:39:06.554+0000] {dag.py:4138} INFO - Setting next_dagrun for example_setup_teardown_taskflow to 2026-07-28 00:00:00+00:00, run_after=2026-07-29 00:00:00+00:00
[2026-07-29T15:39:06.561+0000] {processor.py:208} INFO - Processing /home/airflow/.local/lib/python3.12/site-packages/airflow/example_dags/example_setup_teardown_taskflow.py took 0.041 seconds
[2026-07-29T15:39:37.508+0000] {processor.py:186} INFO - Started process (PID=1546) to work on /home/airflow/.local/lib/python3.12/site-packages/airflow/example_dags/example_setup_teardown_taskflow.py
[2026-07-29T15:39:37.509+0000] {processor.py:914} INFO - Processing file /home/airflow/.local/lib/python3.12/site-packages/airflow/example_dags/example_setup_teardown_taskflow.py for tasks to queue
[2026-07-29T15:39:37.511+0000] {logging_mixin.py:190} INFO - [2026-07-29T15:39:37.510+0000] {dagbag.py:587} INFO - Filling up the DagBag from /home/airflow/.local/lib/python3.12/site-packages/airflow/example_dags/example_setup_teardown_taskflow.py
[2026-07-29T15:39:37.516+0000] {processor.py:925} INFO - DAG(s) 'example_setup_teardown_taskflow' retrieved from /home/airflow/.local/lib/python3.12/site-packages/airflow/example_dags/example_setup_teardown_taskflow.py
[2026-07-29T15:39:37.526+0000] {logging_mixin.py:190} INFO - [2026-07-29T15:39:37.526+0000] {dag.py:3211} INFO - Sync 1 DAGs
[2026-07-29T15:39:37.535+0000] {logging_mixin.py:190} INFO - [2026-07-29T15:39:37.535+0000] {dag.py:4138} INFO - Setting next_dagrun for example_setup_teardown_taskflow to 2026-07-28 00:00:00+00:00, run_after=2026-07-29 00:00:00+00:00
[2026-07-29T15:39:37.546+0000] {processor.py:208} INFO - Processing /home/airflow/.local/lib/python3.12/site-packages/airflow/example_dags/example_setup_teardown_taskflow.py took 0.041 seconds
[2026-07-29T15:40:08.585+0000] {processor.py:186} INFO - Started process (PID=1612) to work on /home/airflow/.local/lib/python3.12/site-packages/airflow/example_dags/example_setup_teardown_taskflow.py
[2026-07-29T15:40:08.586+0000] {processor.py:914} INFO - Processing file /home/airflow/.local/lib/python3.12/site-packages/airflow/example_dags/example_setup_teardown_taskflow.py for tasks to queue
[2026-07-29T15:40:08.588+0000] {logging_mixin.py:190} INFO - [2026-07-29T15:40:08.588+0000] {dagbag.py:587} INFO - Filling up the DagBag from /home/airflow/.local/lib/python3.12/site-packages/airflow/example_dags/example_setup_teardown_taskflow.py
[2026-07-29T15:40:08.593+0000] {processor.py:925} INFO - DAG(s) 'example_setup_teardown_taskflow' retrieved from /home/airflow/.local/lib/python3.12/site-packages/airflow/example_dags/example_setup_teardown_taskflow.py
[2026-07-29T15:40:08.603+0000] {logging_mixin.py:190} INFO - [2026-07-29T15:40:08.603+0000] {dag.py:3211} INFO - Sync 1 DAGs
[2026-07-29T15:40:08.613+0000] {logging_mixin.py:190} INFO - [2026-07-29T15:40:08.613+0000] {dag.py:4138} INFO - Setting next_dagrun for example_setup_teardown_taskflow to 2026-07-28 00:00:00+00:00, run_after=2026-07-29 00:00:00+00:00
[2026-07-29T15:40:08.627+0000] {processor.py:208} INFO - Processing /home/airflow/.local/lib/python3.12/site-packages/airflow/example_dags/example_setup_teardown_taskflow.py took 0.045 seconds
[2026-07-29T15:40:39.576+0000] {processor.py:186} INFO - Started process (PID=1678) to work on /home/airflow/.local/lib/python3.12/site-packages/airflow/example_dags/example_setup_teardown_taskflow.py
[2026-07-29T15:40:39.576+0000] {processor.py:914} INFO - Processing file /home/airflow/.local/lib/python3.12/site-packages/airflow/example_dags/example_setup_teardown_taskflow.py for tasks to queue
[2026-07-29T15:40:39.578+0000] {logging_mixin.py:190} INFO - [2026-07-29T15:40:39.577+0000] {dagbag.py:587} INFO - Filling up the DagBag from /home/airflow/.local/lib/python3.12/site-packages/airflow/example_dags/example_setup_teardown_taskflow.py
[2026-07-29T15:40:39.583+0000] {processor.py:925} INFO - DAG(s) 'example_setup_teardown_taskflow' retrieved from /home/airflow/.local/lib/python3.12/site-packages/airflow/example_dags/example_setup_teardown_taskflow.py
[2026-07-29T15:40:39.594+0000] {logging_mixin.py:190} INFO - [2026-07-29T15:40:39.594+0000] {dag.py:3211} INFO - Sync 1 DAGs
[2026-07-29T15:40:39.606+0000] {logging_mixin.py:190} INFO - [2026-07-29T15:40:39.606+0000] {dag.py:4138} INFO - Setting next_dagrun for example_setup_teardown_taskflow to 2026-07-28 00:00:00+00:00, run_after=2026-07-29 00:00:00+00:00
[2026-07-29T15:40:39.623+0000] {processor.py:208} INFO - Processing /home/airflow/.local/lib/python3.12/site-packages/airflow/example_dags/example_setup_teardown_taskflow.py took 0.049 seconds
[2026-07-29T15:41:10.510+0000] {processor.py:186} INFO - Started process (PID=1744) to work on /home/airflow/.local/lib/python3.12/site-packages/airflow/example_dags/example_setup_teardown_taskflow.py
[2026-07-29T15:41:10.511+0000] {processor.py:914} INFO - Processing file /home/airflow/.local/lib/python3.12/site-packages/airflow/example_dags/example_setup_teardown_taskflow.py for tasks to queue
[2026-07-29T15:41:10.512+0000] {logging_mixin.py:190} INFO - [2026-07-29T15:41:10.512+0000] {dagbag.py:587} INFO - Filling up the DagBag from /home/airflow/.local/lib/python3.12/site-packages/airflow/example_dags/example_setup_teardown_taskflow.py
[2026-07-29T15:41:10.517+0000] {processor.py:925} INFO - DAG(s) 'example_setup_teardown_taskflow' retrieved from /home/airflow/.local/lib/python3.12/site-packages/airflow/example_dags/example_setup_teardown_taskflow.py
[2026-07-29T15:41:10.531+0000] {logging_mixin.py:190} INFO - [2026-07-29T15:41:10.531+0000] {dag.py:3211} INFO - Sync 1 DAGs
[2026-07-29T15:41:10.544+0000] {logging_mixin.py:190} INFO - [2026-07-29T15:41:10.544+0000] {dag.py:4138} INFO - Setting next_dagrun for example_setup_teardown_taskflow to 2026-07-28 00:00:00+00:00, run_after=2026-07-29 00:00:00+00:00
[2026-07-29T15:41:10.551+0000] {processor.py:208} INFO - Processing /home/airflow/.local/lib/python3.12/site-packages/airflow/example_dags/example_setup_teardown_taskflow.py took 0.044 seconds
[2026-07-29T15:41:41.479+0000] {processor.py:186} INFO - Started process (PID=1810) to work on /home/airflow/.local/lib/python3.12/site-packages/airflow/example_dags/example_setup_teardown_taskflow.py
[2026-07-29T15:41:41.479+0000] {processor.py:914} INFO - Processing file /home/airflow/.local/lib/python3.12/site-packages/airflow/example_dags/example_setup_teardown_taskflow.py for tasks to queue
[2026-07-29T15:41:41.480+0000] {logging_mixin.py:190} INFO - [2026-07-29T15:41:41.480+0000] {dagbag.py:587} INFO - Filling up the DagBag from /home/airflow/.local/lib/python3.12/site-packages/airflow/example_dags/example_setup_teardown_taskflow.py
[2026-07-29T15:41:41.486+0000] {processor.py:925} INFO - DAG(s) 'example_setup_teardown_taskflow' retrieved from /home/airflow/.local/lib/python3.12/site-packages/airflow/example_dags/example_setup_teardown_taskflow.py
[2026-07-29T15:41:41.498+0000] {logging_mixin.py:190} INFO - [2026-07-29T15:41:41.498+0000] {dag.py:3211} INFO - Sync 1 DAGs
[2026-07-29T15:41:41.508+0000] {logging_mixin.py:190} INFO - [2026-07-29T15:41:41.508+0000] {dag.py:4138} INFO - Setting next_dagrun for example_setup_teardown_taskflow to 2026-07-28 00:00:00+00:00, run_after=2026-07-29 00:00:00+00:00
[2026-07-29T15:41:41.520+0000] {processor.py:208} INFO - Processing /home/airflow/.local/lib/python3.12/site-packages/airflow/example_dags/example_setup_teardown_taskflow.py took 0.045 seconds
[2026-07-29T15:42:12.497+0000] {processor.py:186} INFO - Started process (PID=1876) to work on /home/airflow/.local/lib/python3.12/site-packages/airflow/example_dags/example_setup_teardown_taskflow.py
[2026-07-29T15:42:12.499+0000] {processor.py:914} INFO - Processing file /home/airflow/.local/lib/python3.12/site-packages/airflow/example_dags/example_setup_teardown_taskflow.py for tasks to queue
[2026-07-29T15:42:12.500+0000] {logging_mixin.py:190} INFO - [2026-07-29T15:42:12.500+0000] {dagbag.py:587} INFO - Filling up the DagBag from /home/airflow/.local/lib/python3.12/site-packages/airflow/example_dags/example_setup_teardown_taskflow.py
[2026-07-29T15:42:12.509+0000] {processor.py:925} INFO - DAG(s) 'example_setup_teardown_taskflow' retrieved from /home/airflow/.local/lib/python3.12/site-packages/airflow/example_dags/example_setup_teardown_taskflow.py
[2026-07-29T15:42:12.520+0000] {logging_mixin.py:190} INFO - [2026-07-29T15:42:12.520+0000] {dag.py:3211} INFO - Sync 1 DAGs
[2026-07-29T15:42:12.529+0000] {logging_mixin.py:190} INFO - [2026-07-29T15:42:12.529+0000] {dag.py:4138} INFO - Setting next_dagrun for example_setup_teardown_taskflow to 2026-07-28 00:00:00+00:00, run_after=2026-07-29 00:00:00+00:00
[2026-07-29T15:42:12.536+0000] {processor.py:208} INFO - Processing /home/airflow/.local/lib/python3.12/site-packages/airflow/example_dags/example_setup_teardown_taskflow.py took 0.041 seconds
[2026-07-29T15:42:43.445+0000] {processor.py:186} INFO - Started process (PID=1942) to work on /home/airflow/.local/lib/python3.12/site-packages/airflow/example_dags/example_setup_teardown_taskflow.py
[2026-07-29T15:42:43.448+0000] {processor.py:914} INFO - Processing file /home/airflow/.local/lib/python3.12/site-packages/airflow/example_dags/example_setup_teardown_taskflow.py for tasks to queue
[2026-07-29T15:42:43.449+0000] {logging_mixin.py:190} INFO - [2026-07-29T15:42:43.449+0000] {dagbag.py:587} INFO - Filling up the DagBag from /home/airflow/.local/lib/python3.12/site-packages/airflow/example_dags/example_setup_teardown_taskflow.py
[2026-07-29T15:42:43.455+0000] {processor.py:925} INFO - DAG(s) 'example_setup_teardown_taskflow' retrieved from /home/airflow/.local/lib/python3.12/site-packages/airflow/example_dags/example_setup_teardown_taskflow.py
[2026-07-29T15:42:43.472+0000] {logging_mixin.py:190} INFO - [2026-07-29T15:42:43.472+0000] {dag.py:3211} INFO - Sync 1 DAGs
[2026-07-29T15:42:43.480+0000] {logging_mixin.py:190} INFO - [2026-07-29T15:42:43.480+0000] {dag.py:4138} INFO - Setting next_dagrun for example_setup_teardown_taskflow to 2026-07-28 00:00:00+00:00, run_after=2026-07-29 00:00:00+00:00
[2026-07-29T15:42:43.487+0000] {processor.py:208} INFO - Processing /home/airflow/.local/lib/python3.12/site-packages/airflow/example_dags/example_setup_teardown_taskflow.py took 0.044 seconds
[2026-07-29T15:43:14.411+0000] {processor.py:186} INFO - Started process (PID=2008) to work on /home/airflow/.local/lib/python3.12/site-packages/airflow/example_dags/example_setup_teardown_taskflow.py
[2026-07-29T15:43:14.412+0000] {processor.py:914} INFO - Processing file /home/airflow/.local/lib/python3.12/site-packages/airflow/example_dags/example_setup_teardown_taskflow.py for tasks to queue
[2026-07-29T15:43:14.413+0000] {logging_mixin.py:190} INFO - [2026-07-29T15:43:14.413+0000] {dagbag.py:587} INFO - Filling up the DagBag from /home/airflow/.local/lib/python3.12/site-packages/airflow/example_dags/example_setup_teardown_taskflow.py
[2026-07-29T15:43:14.420+0000] {processor.py:925} INFO - DAG(s) 'example_setup_teardown_taskflow' retrieved from /home/airflow/.local/lib/python3.12/site-packages/airflow/example_dags/example_setup_teardown_taskflow.py
[2026-07-29T15:43:14.433+0000] {logging_mixin.py:190} INFO - [2026-07-29T15:43:14.432+0000] {dag.py:3211} INFO - Sync 1 DAGs
[2026-07-29T15:43:14.441+0000] {logging_mixin.py:190} INFO - [2026-07-29T15:43:14.441+0000] {dag.py:4138} INFO - Setting next_dagrun for example_setup_teardown_taskflow to 2026-07-28 00:00:00+00:00, run_after=2026-07-29 00:00:00+00:00
[2026-07-29T15:43:14.451+0000] {processor.py:208} INFO - Processing /home/airflow/.local/lib/python3.12/site-packages/airflow/example_dags/example_setup_teardown_taskflow.py took 0.043 seconds
[2026-07-29T15:43:45.021+0000] {processor.py:186} INFO - Started process (PID=2074) to work on /home/airflow/.local/lib/python3.12/site-packages/airflow/example_dags/example_setup_teardown_taskflow.py
[2026-07-29T15:43:45.022+0000] {processor.py:914} INFO - Processing file /home/airflow/.local/lib/python3.12/site-packages/airflow/example_dags/example_setup_teardown_taskflow.py for tasks to queue
[2026-07-29T15:43:45.025+0000] {logging_mixin.py:190} INFO - [2026-07-29T15:43:45.024+0000] {dagbag.py:587} INFO - Filling up the DagBag from /home/airflow/.local/lib/python3.12/site-packages/airflow/example_dags/example_setup_teardown_taskflow.py
[2026-07-29T15:43:45.032+0000] {processor.py:925} INFO - DAG(s) 'example_setup_teardown_taskflow' retrieved from /home/airflow/.local/lib/python3.12/site-packages/airflow/example_dags/example_setup_teardown_taskflow.py
[2026-07-29T15:43:45.053+0000] {logging_mixin.py:190} INFO - [2026-07-29T15:43:45.053+0000] {dag.py:3211} INFO - Sync 1 DAGs
[2026-07-29T15:43:45.064+0000] {logging_mixin.py:190} INFO - [2026-07-29T15:43:45.064+0000] {dag.py:4138} INFO - Setting next_dagrun for example_setup_teardown_taskflow to 2026-07-28 00:00:00+00:00, run_after=2026-07-29 00:00:00+00:00
[2026-07-29T15:43:45.071+0000] {processor.py:208} INFO - Processing /home/airflow/.local/lib/python3.12/site-packages/airflow/example_dags/example_setup_teardown_taskflow.py took 0.055 seconds
[2026-07-29T15:58:53.304+0000] {processor.py:186} INFO - Started process (PID=2134) to work on /home/airflow/.local/lib/python3.12/site-packages/airflow/example_dags/example_setup_teardown_taskflow.py
[2026-07-29T15:58:53.304+0000] {processor.py:914} INFO - Processing file /home/airflow/.local/lib/python3.12/site-packages/airflow/example_dags/example_setup_teardown_taskflow.py for tasks to queue
[2026-07-29T15:58:53.306+0000] {logging_mixin.py:190} INFO - [2026-07-29T15:58:53.305+0000] {dagbag.py:587} INFO - Filling up the DagBag from /home/airflow/.local/lib/python3.12/site-packages/airflow/example_dags/example_setup_teardown_taskflow.py
[2026-07-29T15:58:53.310+0000] {processor.py:925} INFO - DAG(s) 'example_setup_teardown_taskflow' retrieved from /home/airflow/.local/lib/python3.12/site-packages/airflow/example_dags/example_setup_teardown_taskflow.py
[2026-07-29T15:58:53.323+0000] {logging_mixin.py:190} INFO - [2026-07-29T15:58:53.322+0000] {dag.py:3211} INFO - Sync 1 DAGs
[2026-07-29T15:58:53.332+0000] {logging_mixin.py:190} INFO - [2026-07-29T15:58:53.331+0000] {dag.py:4138} INFO - Setting next_dagrun for example_setup_teardown_taskflow to 2026-07-28 00:00:00+00:00, run_after=2026-07-29 00:00:00+00:00
[2026-07-29T15:58:53.339+0000] {processor.py:208} INFO - Processing /home/airflow/.local/lib/python3.12/site-packages/airflow/example_dags/example_setup_teardown_taskflow.py took 0.038 seconds
[2026-07-29T15:59:23.391+0000] {processor.py:186} INFO - Started process (PID=2200) to work on /home/airflow/.local/lib/python3.12/site-packages/airflow/example_dags/example_setup_teardown_taskflow.py
[2026-07-29T15:59:23.392+0000] {processor.py:914} INFO - Processing file /home/airflow/.local/lib/python3.12/site-packages/airflow/example_dags/example_setup_teardown_taskflow.py for tasks to queue
[2026-07-29T15:59:23.395+0000] {logging_mixin.py:190} INFO - [2026-07-29T15:59:23.395+0000] {dagbag.py:587} INFO - Filling up the DagBag from /home/airflow/.local/lib/python3.12/site-packages/airflow/example_dags/example_setup_teardown_taskflow.py
[2026-07-29T15:59:23.399+0000] {processor.py:925} INFO - DAG(s) 'example_setup_teardown_taskflow' retrieved from /home/airflow/.local/lib/python3.12/site-packages/airflow/example_dags/example_setup_teardown_taskflow.py
[2026-07-29T15:59:23.409+0000] {logging_mixin.py:190} INFO - [2026-07-29T15:59:23.409+0000] {dag.py:3211} INFO - Sync 1 DAGs
[2026-07-29T15:59:23.418+0000] {logging_mixin.py:190} INFO - [2026-07-29T15:59:23.418+0000] {dag.py:4138} INFO - Setting next_dagrun for example_setup_teardown_taskflow to 2026-07-28 00:00:00+00:00, run_after=2026-07-29 00:00:00+00:00
[2026-07-29T15:59:23.427+0000] {processor.py:208} INFO - Processing /home/airflow/.local/lib/python3.12/site-packages/airflow/example_dags/example_setup_teardown_taskflow.py took 0.038 seconds
[2026-07-29T15:59:54.370+0000] {processor.py:186} INFO - Started process (PID=2266) to work on /home/airflow/.local/lib/python3.12/site-packages/airflow/example_dags/example_setup_teardown_taskflow.py
[2026-07-29T15:59:54.373+0000] {processor.py:914} INFO - Processing file /home/airflow/.local/lib/python3.12/site-packages/airflow/example_dags/example_setup_teardown_taskflow.py for tasks to queue
[2026-07-29T15:59:54.376+0000] {logging_mixin.py:190} INFO - [2026-07-29T15:59:54.376+0000] {dagbag.py:587} INFO - Filling up the DagBag from /home/airflow/.local/lib/python3.12/site-packages/airflow/example_dags/example_setup_teardown_taskflow.py
[2026-07-29T15:59:54.381+0000] {processor.py:925} INFO - DAG(s) 'example_setup_teardown_taskflow' retrieved from /home/airflow/.local/lib/python3.12/site-packages/airflow/example_dags/example_setup_teardown_taskflow.py
[2026-07-29T15:59:54.404+0000] {logging_mixin.py:190} INFO - [2026-07-29T15:59:54.404+0000] {dag.py:3211} INFO - Sync 1 DAGs
[2026-07-29T15:59:54.413+0000] {logging_mixin.py:190} INFO - [2026-07-29T15:59:54.413+0000] {dag.py:4138} INFO - Setting next_dagrun for example_setup_teardown_taskflow to 2026-07-28 00:00:00+00:00, run_after=2026-07-29 00:00:00+00:00
[2026-07-29T15:59:54.420+0000] {processor.py:208} INFO - Processing /home/airflow/.local/lib/python3.12/site-packages/airflow/example_dags/example_setup_teardown_taskflow.py took 0.052 seconds
[2026-07-29T16:00:25.406+0000] {processor.py:186} INFO - Started process (PID=2332) to work on /home/airflow/.local/lib/python3.12/site-packages/airflow/example_dags/example_setup_teardown_taskflow.py
[2026-07-29T16:00:25.406+0000] {processor.py:914} INFO - Processing file /home/airflow/.local/lib/python3.12/site-packages/airflow/example_dags/example_setup_teardown_taskflow.py for tasks to queue
[2026-07-29T16:00:25.407+0000] {logging_mixin.py:190} INFO - [2026-07-29T16:00:25.407+0000] {dagbag.py:587} INFO - Filling up the DagBag from /home/airflow/.local/lib/python3.12/site-packages/airflow/example_dags/example_setup_teardown_taskflow.py
[2026-07-29T16:00:25.412+0000] {processor.py:925} INFO - DAG(s) 'example_setup_teardown_taskflow' retrieved from /home/airflow/.local/lib/python3.12/site-packages/airflow/example_dags/example_setup_teardown_taskflow.py
[2026-07-29T16:00:25.424+0000] {logging_mixin.py:190} INFO - [2026-07-29T16:00:25.424+0000] {dag.py:3211} INFO - Sync 1 DAGs
[2026-07-29T16:00:25.434+0000] {logging_mixin.py:190} INFO - [2026-07-29T16:00:25.434+0000] {dag.py:4138} INFO - Setting next_dagrun for example_setup_teardown_taskflow to 2026-07-28 00:00:00+00:00, run_after=2026-07-29 00:00:00+00:00
[2026-07-29T16:00:25.440+0000] {processor.py:208} INFO - Processing /home/airflow/.local/lib/python3.12/site-packages/airflow/example_dags/example_setup_teardown_taskflow.py took 0.038 seconds
[2026-07-29T16:00:56.439+0000] {processor.py:186} INFO - Started process (PID=2398) to work on /home/airflow/.local/lib/python3.12/site-packages/airflow/example_dags/example_setup_teardown_taskflow.py
[2026-07-29T16:00:56.440+0000] {processor.py:914} INFO - Processing file /home/airflow/.local/lib/python3.12/site-packages/airflow/example_dags/example_setup_teardown_taskflow.py for tasks to queue
[2026-07-29T16:00:56.441+0000] {logging_mixin.py:190} INFO - [2026-07-29T16:00:56.441+0000] {dagbag.py:587} INFO - Filling up the DagBag from /home/airflow/.local/lib/python3.12/site-packages/airflow/example_dags/example_setup_teardown_taskflow.py
[2026-07-29T16:00:56.446+0000] {processor.py:925} INFO - DAG(s) 'example_setup_teardown_taskflow' retrieved from /home/airflow/.local/lib/python3.12/site-packages/airflow/example_dags/example_setup_teardown_taskflow.py
[2026-07-29T16:00:56.455+0000] {logging_mixin.py:190} INFO - [2026-07-29T16:00:56.455+0000] {dag.py:3211} INFO - Sync 1 DAGs
[2026-07-29T16:00:56.467+0000] {logging_mixin.py:190} INFO - [2026-07-29T16:00:56.467+0000] {dag.py:4138} INFO - Setting next_dagrun for example_setup_teardown_taskflow to 2026-07-28 00:00:00+00:00, run_after=2026-07-29 00:00:00+00:00
[2026-07-29T16:00:56.478+0000] {processor.py:208} INFO - Processing /home/airflow/.local/lib/python3.12/site-packages/airflow/example_dags/example_setup_teardown_taskflow.py took 0.041 seconds
[2026-07-29T16:01:27.365+0000] {processor.py:186} INFO - Started process (PID=2464) to work on /home/airflow/.local/lib/python3.12/site-packages/airflow/example_dags/example_setup_teardown_taskflow.py
[2026-07-29T16:01:27.366+0000] {processor.py:914} INFO - Processing file /home/airflow/.local/lib/python3.12/site-packages/airflow/example_dags/example_setup_teardown_taskflow.py for tasks to queue
[2026-07-29T16:01:27.367+0000] {logging_mixin.py:190} INFO - [2026-07-29T16:01:27.367+0000] {dagbag.py:587} INFO - Filling up the DagBag from /home/airflow/.local/lib/python3.12/site-packages/airflow/example_dags/example_setup_teardown_taskflow.py
[2026-07-29T16:01:27.372+0000] {processor.py:925} INFO - DAG(s) 'example_setup_teardown_taskflow' retrieved from /home/airflow/.local/lib/python3.12/site-packages/airflow/example_dags/example_setup_teardown_taskflow.py
[2026-07-29T16:01:27.379+0000] {logging_mixin.py:190} INFO - [2026-07-29T16:01:27.379+0000] {dag.py:3211} INFO - Sync 1 DAGs
[2026-07-29T16:01:27.387+0000] {logging_mixin.py:190} INFO - [2026-07-29T16:01:27.387+0000] {dag.py:4138} INFO - Setting next_dagrun for example_setup_teardown_taskflow to 2026-07-28 00:00:00+00:00, run_after=2026-07-29 00:00:00+00:00
[2026-07-29T16:01:27.392+0000] {processor.py:208} INFO - Processing /home/airflow/.local/lib/python3.12/site-packages/airflow/example_dags/example_setup_teardown_taskflow.py took 0.030 seconds
[2026-07-29T16:01:58.366+0000] {processor.py:186} INFO - Started process (PID=2530) to work on /home/airflow/.local/lib/python3.12/site-packages/airflow/example_dags/example_setup_teardown_taskflow.py
[2026-07-29T16:01:58.367+0000] {processor.py:914} INFO - Processing file /home/airflow/.local/lib/python3.12/site-packages/airflow/example_dags/example_setup_teardown_taskflow.py for tasks to queue
[2026-07-29T16:01:58.368+0000] {logging_mixin.py:190} INFO - [2026-07-29T16:01:58.368+0000] {dagbag.py:587} INFO - Filling up the DagBag from /home/airflow/.local/lib/python3.12/site-packages/airflow/example_dags/example_setup_teardown_taskflow.py
[2026-07-29T16:01:58.373+0000] {processor.py:925} INFO - DAG(s) 'example_setup_teardown_taskflow' retrieved from /home/airflow/.local/lib/python3.12/site-packages/airflow/example_dags/example_setup_teardown_taskflow.py
[2026-07-29T16:01:58.384+0000] {logging_mixin.py:190} INFO - [2026-07-29T16:01:58.384+0000] {dag.py:3211} INFO - Sync 1 DAGs
[2026-07-29T16:01:58.393+0000] {logging_mixin.py:190} INFO - [2026-07-29T16:01:58.393+0000] {dag.py:4138} INFO - Setting next_dagrun for example_setup_teardown_taskflow to 2026-07-28 00:00:00+00:00, run_after=2026-07-29 00:00:00+00:00
[2026-07-29T16:01:58.400+0000] {processor.py:208} INFO - Processing /home/airflow/.local/lib/python3.12/site-packages/airflow/example_dags/example_setup_teardown_taskflow.py took 0.036 seconds
[2026-07-29T16:02:29.306+0000] {processor.py:186} INFO - Started process (PID=2596) to work on /home/airflow/.local/lib/python3.12/site-packages/airflow/example_dags/example_setup_teardown_taskflow.py
[2026-07-29T16:02:29.306+0000] {processor.py:914} INFO - Processing file /home/airflow/.local/lib/python3.12/site-packages/airflow/example_dags/example_setup_teardown_taskflow.py for tasks to queue
[2026-07-29T16:02:29.308+0000] {logging_mixin.py:190} INFO - [2026-07-29T16:02:29.308+0000] {dagbag.py:587} INFO - Filling up the DagBag from /home/airflow/.local/lib/python3.12/site-packages/airflow/example_dags/example_setup_teardown_taskflow.py
[2026-07-29T16:02:29.314+0000] {processor.py:925} INFO - DAG(s) 'example_setup_teardown_taskflow' retrieved from /home/airflow/.local/lib/python3.12/site-packages/airflow/example_dags/example_setup_teardown_taskflow.py
[2026-07-29T16:02:29.324+0000] {logging_mixin.py:190} INFO - [2026-07-29T16:02:29.324+0000] {dag.py:3211} INFO - Sync 1 DAGs
[2026-07-29T16:02:29.333+0000] {logging_mixin.py:190} INFO - [2026-07-29T16:02:29.333+0000] {dag.py:4138} INFO - Setting next_dagrun for example_setup_teardown_taskflow to 2026-07-28 00:00:00+00:00, run_after=2026-07-29 00:00:00+00:00
[2026-07-29T16:02:29.339+0000] {processor.py:208} INFO - Processing /home/airflow/.local/lib/python3.12/site-packages/airflow/example_dags/example_setup_teardown_taskflow.py took 0.036 seconds
[2026-07-29T16:03:00.282+0000] {processor.py:186} INFO - Started process (PID=2662) to work on /home/airflow/.local/lib/python3.12/site-packages/airflow/example_dags/example_setup_teardown_taskflow.py
[2026-07-29T16:03:00.283+0000] {processor.py:914} INFO - Processing file /home/airflow/.local/lib/python3.12/site-packages/airflow/example_dags/example_setup_teardown_taskflow.py for tasks to queue
[2026-07-29T16:03:00.285+0000] {logging_mixin.py:190} INFO - [2026-07-29T16:03:00.285+0000] {dagbag.py:587} INFO - Filling up the DagBag from /home/airflow/.local/lib/python3.12/site-packages/airflow/example_dags/example_setup_teardown_taskflow.py
[2026-07-29T16:03:00.290+0000] {processor.py:925} INFO - DAG(s) 'example_setup_teardown_taskflow' retrieved from /home/airflow/.local/lib/python3.12/site-packages/airflow/example_dags/example_setup_teardown_taskflow.py
[2026-07-29T16:03:00.300+0000] {logging_mixin.py:190} INFO - [2026-07-29T16:03:00.300+0000] {dag.py:3211} INFO - Sync 1 DAGs
[2026-07-29T16:03:00.310+0000] {logging_mixin.py:190} INFO - [2026-07-29T16:03:00.310+0000] {dag.py:4138} INFO - Setting next_dagrun for example_setup_teardown_taskflow to 2026-07-28 00:00:00+00:00, run_after=2026-07-29 00:00:00+00:00
[2026-07-29T16:03:00.316+0000] {processor.py:208} INFO - Processing /home/airflow/.local/lib/python3.12/site-packages/airflow/example_dags/example_setup_teardown_taskflow.py took 0.038 seconds
[2026-07-29T16:03:31.289+0000] {processor.py:186} INFO - Started process (PID=2728) to work on /home/airflow/.local/lib/python3.12/site-packages/airflow/example_dags/example_setup_teardown_taskflow.py
[2026-07-29T16:03:31.289+0000] {processor.py:914} INFO - Processing file /home/airflow/.local/lib/python3.12/site-packages/airflow/example_dags/example_setup_teardown_taskflow.py for tasks to queue
[2026-07-29T16:03:31.290+0000] {logging_mixin.py:190} INFO - [2026-07-29T16:03:31.290+0000] {dagbag.py:587} INFO - Filling up the DagBag from /home/airflow/.local/lib/python3.12/site-packages/airflow/example_dags/example_setup_teardown_taskflow.py
[2026-07-29T16:03:31.295+0000] {processor.py:925} INFO - DAG(s) 'example_setup_teardown_taskflow' retrieved from /home/airflow/.local/lib/python3.12/site-packages/airflow/example_dags/example_setup_teardown_taskflow.py
[2026-07-29T16:03:31.311+0000] {logging_mixin.py:190} INFO - [2026-07-29T16:03:31.310+0000] {dag.py:3211} INFO - Sync 1 DAGs
[2026-07-29T16:03:31.318+0000] {logging_mixin.py:190} INFO - [2026-07-29T16:03:31.318+0000] {dag.py:4138} INFO - Setting next_dagrun for example_setup_teardown_taskflow to 2026-07-28 00:00:00+00:00, run_after=2026-07-29 00:00:00+00:00
[2026-07-29T16:03:31.325+0000] {processor.py:208} INFO - Processing /home/airflow/.local/lib/python3.12/site-packages/airflow/example_dags/example_setup_teardown_taskflow.py took 0.039 seconds
[2026-07-29T16:04:01.868+0000] {processor.py:186} INFO - Started process (PID=2794) to work on /home/airflow/.local/lib/python3.12/site-packages/airflow/example_dags/example_setup_teardown_taskflow.py
[2026-07-29T16:04:01.869+0000] {processor.py:914} INFO - Processing file /home/airflow/.local/lib/python3.12/site-packages/airflow/example_dags/example_setup_teardown_taskflow.py for tasks to queue
[2026-07-29T16:04:01.870+0000] {logging_mixin.py:190} INFO - [2026-07-29T16:04:01.870+0000] {dagbag.py:587} INFO - Filling up the DagBag from /home/airflow/.local/lib/python3.12/site-packages/airflow/example_dags/example_setup_teardown_taskflow.py
[2026-07-29T16:04:01.875+0000] {processor.py:925} INFO - DAG(s) 'example_setup_teardown_taskflow' retrieved from /home/airflow/.local/lib/python3.12/site-packages/airflow/example_dags/example_setup_teardown_taskflow.py
[2026-07-29T16:04:01.887+0000] {logging_mixin.py:190} INFO - [2026-07-29T16:04:01.887+0000] {dag.py:3211} INFO - Sync 1 DAGs
[2026-07-29T16:04:01.896+0000] {logging_mixin.py:190} INFO - [2026-07-29T16:04:01.896+0000] {dag.py:4138} INFO - Setting next_dagrun for example_setup_teardown_taskflow to 2026-07-28 00:00:00+00:00, run_after=2026-07-29 00:00:00+00:00
[2026-07-29T16:04:01.903+0000] {processor.py:208} INFO - Processing /home/airflow/.local/lib/python3.12/site-packages/airflow/example_dags/example_setup_teardown_taskflow.py took 0.038 seconds
[2026-07-29T16:04:47.209+0000] {processor.py:186} INFO - Started process (PID=2854) to work on /home/airflow/.local/lib/python3.12/site-packages/airflow/example_dags/example_setup_teardown_taskflow.py
[2026-07-29T16:04:47.209+0000] {processor.py:914} INFO - Processing file /home/airflow/.local/lib/python3.12/site-packages/airflow/example_dags/example_setup_teardown_taskflow.py for tasks to queue
[2026-07-29T16:04:47.210+0000] {logging_mixin.py:190} INFO - [2026-07-29T16:04:47.210+0000] {dagbag.py:587} INFO - Filling up the DagBag from /home/airflow/.local/lib/python3.12/site-packages/airflow/example_dags/example_setup_teardown_taskflow.py
[2026-07-29T16:04:47.215+0000] {processor.py:925} INFO - DAG(s) 'example_setup_teardown_taskflow' retrieved from /home/airflow/.local/lib/python3.12/site-packages/airflow/example_dags/example_setup_teardown_taskflow.py
[2026-07-29T16:04:47.223+0000] {logging_mixin.py:190} INFO - [2026-07-29T16:04:47.223+0000] {dag.py:3211} INFO - Sync 1 DAGs
[2026-07-29T16:04:47.230+0000] {logging_mixin.py:190} INFO - [2026-07-29T16:04:47.230+0000] {dag.py:4138} INFO - Setting next_dagrun for example_setup_teardown_taskflow to 2026-07-28 00:00:00+00:00, run_after=2026-07-29 00:00:00+00:00
[2026-07-29T16:04:47.236+0000] {processor.py:208} INFO - Processing /home/airflow/.local/lib/python3.12/site-packages/airflow/example_dags/example_setup_teardown_taskflow.py took 0.029 seconds
[2026-07-29T16:05:18.244+0000] {processor.py:186} INFO - Started process (PID=2920) to work on /home/airflow/.local/lib/python3.12/site-packages/airflow/example_dags/example_setup_teardown_taskflow.py
[2026-07-29T16:05:18.245+0000] {processor.py:914} INFO - Processing file /home/airflow/.local/lib/python3.12/site-packages/airflow/example_dags/example_setup_teardown_taskflow.py for tasks to queue
[2026-07-29T16:05:18.246+0000] {logging_mixin.py:190} INFO - [2026-07-29T16:05:18.246+0000] {dagbag.py:587} INFO - Filling up the DagBag from /home/airflow/.local/lib/python3.12/site-packages/airflow/example_dags/example_setup_teardown_taskflow.py
[2026-07-29T16:05:18.251+0000] {processor.py:925} INFO - DAG(s) 'example_setup_teardown_taskflow' retrieved from /home/airflow/.local/lib/python3.12/site-packages/airflow/example_dags/example_setup_teardown_taskflow.py
[2026-07-29T16:05:18.259+0000] {logging_mixin.py:190} INFO - [2026-07-29T16:05:18.259+0000] {dag.py:3211} INFO - Sync 1 DAGs
[2026-07-29T16:05:18.267+0000] {logging_mixin.py:190} INFO - [2026-07-29T16:05:18.267+0000] {dag.py:4138} INFO - Setting next_dagrun for example_setup_teardown_taskflow to 2026-07-28 00:00:00+00:00, run_after=2026-07-29 00:00:00+00:00
[2026-07-29T16:05:18.272+0000] {processor.py:208} INFO - Processing /home/airflow/.local/lib/python3.12/site-packages/airflow/example_dags/example_setup_teardown_taskflow.py took 0.030 seconds
[2026-07-29T16:06:01.947+0000] {processor.py:186} INFO - Started process (PID=2986) to work on /home/airflow/.local/lib/python3.12/site-packages/airflow/example_dags/example_setup_teardown_taskflow.py
[2026-07-29T16:06:01.947+0000] {processor.py:914} INFO - Processing file /home/airflow/.local/lib/python3.12/site-packages/airflow/example_dags/example_setup_teardown_taskflow.py for tasks to queue
[2026-07-29T16:06:01.948+0000] {logging_mixin.py:190} INFO - [2026-07-29T16:06:01.948+0000] {dagbag.py:587} INFO - Filling up the DagBag from /home/airflow/.local/lib/python3.12/site-packages/airflow/example_dags/example_setup_teardown_taskflow.py
[2026-07-29T16:06:01.953+0000] {processor.py:925} INFO - DAG(s) 'example_setup_teardown_taskflow' retrieved from /home/airflow/.local/lib/python3.12/site-packages/airflow/example_dags/example_setup_teardown_taskflow.py
[2026-07-29T16:06:01.961+0000] {logging_mixin.py:190} INFO - [2026-07-29T16:06:01.961+0000] {dag.py:3211} INFO - Sync 1 DAGs
[2026-07-29T16:06:01.969+0000] {logging_mixin.py:190} INFO - [2026-07-29T16:06:01.969+0000] {dag.py:4138} INFO - Setting next_dagrun for example_setup_teardown_taskflow to 2026-07-28 00:00:00+00:00, run_after=2026-07-29 00:00:00+00:00
[2026-07-29T16:06:01.974+0000] {processor.py:208} INFO - Processing /home/airflow/.local/lib/python3.12/site-packages/airflow/example_dags/example_setup_teardown_taskflow.py took 0.030 seconds
[2026-07-29T16:06:33.045+0000] {processor.py:186} INFO - Started process (PID=3052) to work on /home/airflow/.local/lib/python3.12/site-packages/airflow/example_dags/example_setup_teardown_taskflow.py
[2026-07-29T16:06:33.045+0000] {processor.py:914} INFO - Processing file /home/airflow/.local/lib/python3.12/site-packages/airflow/example_dags/example_setup_teardown_taskflow.py for tasks to queue
[2026-07-29T16:06:33.046+0000] {logging_mixin.py:190} INFO - [2026-07-29T16:06:33.046+0000] {dagbag.py:587} INFO - Filling up the DagBag from /home/airflow/.local/lib/python3.12/site-packages/airflow/example_dags/example_setup_teardown_taskflow.py
[2026-07-29T16:06:33.051+0000] {processor.py:925} INFO - DAG(s) 'example_setup_teardown_taskflow' retrieved from /home/airflow/.local/lib/python3.12/site-packages/airflow/example_dags/example_setup_teardown_taskflow.py
[2026-07-29T16:06:33.059+0000] {logging_mixin.py:190} INFO - [2026-07-29T16:06:33.059+0000] {dag.py:3211} INFO - Sync 1 DAGs
[2026-07-29T16:06:33.069+0000] {logging_mixin.py:190} INFO - [2026-07-29T16:06:33.069+0000] {dag.py:4138} INFO - Setting next_dagrun for example_setup_teardown_taskflow to 2026-07-28 00:00:00+00:00, run_after=2026-07-29 00:00:00+00:00
[2026-07-29T16:06:33.075+0000] {processor.py:208} INFO - Processing /home/airflow/.local/lib/python3.12/site-packages/airflow/example_dags/example_setup_teardown_taskflow.py took 0.033 seconds
[2026-07-29T16:13:48.627+0000] {processor.py:186} INFO - Started process (PID=3124) to work on /home/airflow/.local/lib/python3.12/site-packages/airflow/example_dags/example_setup_teardown_taskflow.py
[2026-07-29T16:13:48.628+0000] {processor.py:914} INFO - Processing file /home/airflow/.local/lib/python3.12/site-packages/airflow/example_dags/example_setup_teardown_taskflow.py for tasks to queue
[2026-07-29T16:13:48.629+0000] {logging_mixin.py:190} INFO - [2026-07-29T16:13:48.629+0000] {dagbag.py:587} INFO - Filling up the DagBag from /home/airflow/.local/lib/python3.12/site-packages/airflow/example_dags/example_setup_teardown_taskflow.py
[2026-07-29T16:13:48.634+0000] {processor.py:925} INFO - DAG(s) 'example_setup_teardown_taskflow' retrieved from /home/airflow/.local/lib/python3.12/site-packages/airflow/example_dags/example_setup_teardown_taskflow.py
[2026-07-29T16:13:48.643+0000] {logging_mixin.py:190} INFO - [2026-07-29T16:13:48.643+0000] {dag.py:3211} INFO - Sync 1 DAGs
[2026-07-29T16:13:48.658+0000] {logging_mixin.py:190} INFO - [2026-07-29T16:13:48.658+0000] {dag.py:4138} INFO - Setting next_dagrun for example_setup_teardown_taskflow to 2026-07-28 00:00:00+00:00, run_after=2026-07-29 00:00:00+00:00
[2026-07-29T16:13:48.669+0000] {processor.py:208} INFO - Processing /home/airflow/.local/lib/python3.12/site-packages/airflow/example_dags/example_setup_teardown_taskflow.py took 0.045 seconds
[2026-07-29T16:14:19.516+0000] {processor.py:186} INFO - Started process (PID=3190) to work on /home/airflow/.local/lib/python3.12/site-packages/airflow/example_dags/example_setup_teardown_taskflow.py
[2026-07-29T16:14:19.517+0000] {processor.py:914} INFO - Processing file /home/airflow/.local/lib/python3.12/site-packages/airflow/example_dags/example_setup_teardown_taskflow.py for tasks to queue
[2026-07-29T16:14:19.518+0000] {logging_mixin.py:190} INFO - [2026-07-29T16:14:19.518+0000] {dagbag.py:587} INFO - Filling up the DagBag from /home/airflow/.local/lib/python3.12/site-packages/airflow/example_dags/example_setup_teardown_taskflow.py
[2026-07-29T16:14:19.523+0000] {processor.py:925} INFO - DAG(s) 'example_setup_teardown_taskflow' retrieved from /home/airflow/.local/lib/python3.12/site-packages/airflow/example_dags/example_setup_teardown_taskflow.py
[2026-07-29T16:14:19.532+0000] {logging_mixin.py:190} INFO - [2026-07-29T16:14:19.532+0000] {dag.py:3211} INFO - Sync 1 DAGs
[2026-07-29T16:14:19.540+0000] {logging_mixin.py:190} INFO - [2026-07-29T16:14:19.540+0000] {dag.py:4138} INFO - Setting next_dagrun for example_setup_teardown_taskflow to 2026-07-28 00:00:00+00:00, run_after=2026-07-29 00:00:00+00:00
[2026-07-29T16:14:19.546+0000] {processor.py:208} INFO - Processing /home/airflow/.local/lib/python3.12/site-packages/airflow/example_dags/example_setup_teardown_taskflow.py took 0.032 seconds
[2026-07-29T16:14:50.552+0000] {processor.py:186} INFO - Started process (PID=3256) to work on /home/airflow/.local/lib/python3.12/site-packages/airflow/example_dags/example_setup_teardown_taskflow.py
[2026-07-29T16:14:50.552+0000] {processor.py:914} INFO - Processing file /home/airflow/.local/lib/python3.12/site-packages/airflow/example_dags/example_setup_teardown_taskflow.py for tasks to queue
[2026-07-29T16:14:50.553+0000] {logging_mixin.py:190} INFO - [2026-07-29T16:14:50.553+0000] {dagbag.py:587} INFO - Filling up the DagBag from /home/airflow/.local/lib/python3.12/site-packages/airflow/example_dags/example_setup_teardown_taskflow.py
[2026-07-29T16:14:50.558+0000] {processor.py:925} INFO - DAG(s) 'example_setup_teardown_taskflow' retrieved from /home/airflow/.local/lib/python3.12/site-packages/airflow/example_dags/example_setup_teardown_taskflow.py
[2026-07-29T16:14:50.567+0000] {logging_mixin.py:190} INFO - [2026-07-29T16:14:50.567+0000] {dag.py:3211} INFO - Sync 1 DAGs
[2026-07-29T16:14:50.575+0000] {logging_mixin.py:190} INFO - [2026-07-29T16:14:50.575+0000] {dag.py:4138} INFO - Setting next_dagrun for example_setup_teardown_taskflow to 2026-07-28 00:00:00+00:00, run_after=2026-07-29 00:00:00+00:00
[2026-07-29T16:14:50.581+0000] {processor.py:208} INFO - Processing /home/airflow/.local/lib/python3.12/site-packages/airflow/example_dags/example_setup_teardown_taskflow.py took 0.032 seconds
[2026-07-29T16:15:21.594+0000] {processor.py:186} INFO - Started process (PID=3322) to work on /home/airflow/.local/lib/python3.12/site-packages/airflow/example_dags/example_setup_teardown_taskflow.py
[2026-07-29T16:15:21.595+0000] {processor.py:914} INFO - Processing file /home/airflow/.local/lib/python3.12/site-packages/airflow/example_dags/example_setup_teardown_taskflow.py for tasks to queue
[2026-07-29T16:15:21.597+0000] {logging_mixin.py:190} INFO - [2026-07-29T16:15:21.597+0000] {dagbag.py:587} INFO - Filling up the DagBag from /home/airflow/.local/lib/python3.12/site-packages/airflow/example_dags/example_setup_teardown_taskflow.py
[2026-07-29T16:15:21.603+0000] {processor.py:925} INFO - DAG(s) 'example_setup_teardown_taskflow' retrieved from /home/airflow/.local/lib/python3.12/site-packages/airflow/example_dags/example_setup_teardown_taskflow.py
[2026-07-29T16:15:21.615+0000] {logging_mixin.py:190} INFO - [2026-07-29T16:15:21.615+0000] {dag.py:3211} INFO - Sync 1 DAGs
[2026-07-29T16:15:21.628+0000] {logging_mixin.py:190} INFO - [2026-07-29T16:15:21.628+0000] {dag.py:4138} INFO - Setting next_dagrun for example_setup_teardown_taskflow to 2026-07-28 00:00:00+00:00, run_after=2026-07-29 00:00:00+00:00
[2026-07-29T16:15:21.643+0000] {processor.py:208} INFO - Processing /home/airflow/.local/lib/python3.12/site-packages/airflow/example_dags/example_setup_teardown_taskflow.py took 0.052 seconds
[2026-07-29T16:15:51.917+0000] {processor.py:186} INFO - Started process (PID=3388) to work on /home/airflow/.local/lib/python3.12/site-packages/airflow/example_dags/example_setup_teardown_taskflow.py
[2026-07-29T16:15:51.918+0000] {processor.py:914} INFO - Processing file /home/airflow/.local/lib/python3.12/site-packages/airflow/example_dags/example_setup_teardown_taskflow.py for tasks to queue
[2026-07-29T16:15:51.919+0000] {logging_mixin.py:190} INFO - [2026-07-29T16:15:51.919+0000] {dagbag.py:587} INFO - Filling up the DagBag from /home/airflow/.local/lib/python3.12/site-packages/airflow/example_dags/example_setup_teardown_taskflow.py
[2026-07-29T16:15:51.924+0000] {processor.py:925} INFO - DAG(s) 'example_setup_teardown_taskflow' retrieved from /home/airflow/.local/lib/python3.12/site-packages/airflow/example_dags/example_setup_teardown_taskflow.py
[2026-07-29T16:15:51.934+0000] {logging_mixin.py:190} INFO - [2026-07-29T16:15:51.934+0000] {dag.py:3211} INFO - Sync 1 DAGs
[2026-07-29T16:15:51.945+0000] {logging_mixin.py:190} INFO - [2026-07-29T16:15:51.945+0000] {dag.py:4138} INFO - Setting next_dagrun for example_setup_teardown_taskflow to 2026-07-28 00:00:00+00:00, run_after=2026-07-29 00:00:00+00:00
[2026-07-29T16:15:51.952+0000] {processor.py:208} INFO - Processing /home/airflow/.local/lib/python3.12/site-packages/airflow/example_dags/example_setup_teardown_taskflow.py took 0.038 seconds
[2026-07-29T16:16:22.075+0000] {processor.py:186} INFO - Started process (PID=3454) to work on /home/airflow/.local/lib/python3.12/site-packages/airflow/example_dags/example_setup_teardown_taskflow.py
[2026-07-29T16:16:22.076+0000] {processor.py:914} INFO - Processing file /home/airflow/.local/lib/python3.12/site-packages/airflow/example_dags/example_setup_teardown_taskflow.py for tasks to queue
[2026-07-29T16:16:22.078+0000] {logging_mixin.py:190} INFO - [2026-07-29T16:16:22.078+0000] {dagbag.py:587} INFO - Filling up the DagBag from /home/airflow/.local/lib/python3.12/site-packages/airflow/example_dags/example_setup_teardown_taskflow.py
[2026-07-29T16:16:22.086+0000] {processor.py:925} INFO - DAG(s) 'example_setup_teardown_taskflow' retrieved from /home/airflow/.local/lib/python3.12/site-packages/airflow/example_dags/example_setup_teardown_taskflow.py
[2026-07-29T16:16:22.101+0000] {logging_mixin.py:190} INFO - [2026-07-29T16:16:22.101+0000] {dag.py:3211} INFO - Sync 1 DAGs
[2026-07-29T16:16:22.111+0000] {logging_mixin.py:190} INFO - [2026-07-29T16:16:22.111+0000] {dag.py:4138} INFO - Setting next_dagrun for example_setup_teardown_taskflow to 2026-07-28 00:00:00+00:00, run_after=2026-07-29 00:00:00+00:00
[2026-07-29T16:16:22.121+0000] {processor.py:208} INFO - Processing /home/airflow/.local/lib/python3.12/site-packages/airflow/example_dags/example_setup_teardown_taskflow.py took 0.048 seconds
[2026-07-29T16:16:52.168+0000] {processor.py:186} INFO - Started process (PID=3520) to work on /home/airflow/.local/lib/python3.12/site-packages/airflow/example_dags/example_setup_teardown_taskflow.py
[2026-07-29T16:16:52.168+0000] {processor.py:914} INFO - Processing file /home/airflow/.local/lib/python3.12/site-packages/airflow/example_dags/example_setup_teardown_taskflow.py for tasks to queue
[2026-07-29T16:16:52.169+0000] {logging_mixin.py:190} INFO - [2026-07-29T16:16:52.169+0000] {dagbag.py:587} INFO - Filling up the DagBag from /home/airflow/.local/lib/python3.12/site-packages/airflow/example_dags/example_setup_teardown_taskflow.py
[2026-07-29T16:16:52.173+0000] {processor.py:925} INFO - DAG(s) 'example_setup_teardown_taskflow' retrieved from /home/airflow/.local/lib/python3.12/site-packages/airflow/example_dags/example_setup_teardown_taskflow.py
[2026-07-29T16:16:52.181+0000] {logging_mixin.py:190} INFO - [2026-07-29T16:16:52.181+0000] {dag.py:3211} INFO - Sync 1 DAGs
[2026-07-29T16:16:52.188+0000] {logging_mixin.py:190} INFO - [2026-07-29T16:16:52.188+0000] {dag.py:4138} INFO - Setting next_dagrun for example_setup_teardown_taskflow to 2026-07-28 00:00:00+00:00, run_after=2026-07-29 00:00:00+00:00
[2026-07-29T16:16:52.194+0000] {processor.py:208} INFO - Processing /home/airflow/.local/lib/python3.12/site-packages/airflow/example_dags/example_setup_teardown_taskflow.py took 0.028 seconds
[2026-07-29T16:17:22.379+0000] {processor.py:186} INFO - Started process (PID=3586) to work on /home/airflow/.local/lib/python3.12/site-packages/airflow/example_dags/example_setup_teardown_taskflow.py
[2026-07-29T16:17:22.380+0000] {processor.py:914} INFO - Processing file /home/airflow/.local/lib/python3.12/site-packages/airflow/example_dags/example_setup_teardown_taskflow.py for tasks to queue
[2026-07-29T16:17:22.381+0000] {logging_mixin.py:190} INFO - [2026-07-29T16:17:22.381+0000] {dagbag.py:587} INFO - Filling up the DagBag from /home/airflow/.local/lib/python3.12/site-packages/airflow/example_dags/example_setup_teardown_taskflow.py
[2026-07-29T16:17:22.387+0000] {processor.py:925} INFO - DAG(s) 'example_setup_teardown_taskflow' retrieved from /home/airflow/.local/lib/python3.12/site-packages/airflow/example_dags/example_setup_teardown_taskflow.py
[2026-07-29T16:17:22.397+0000] {logging_mixin.py:190} INFO - [2026-07-29T16:17:22.397+0000] {dag.py:3211} INFO - Sync 1 DAGs
[2026-07-29T16:17:22.407+0000] {logging_mixin.py:190} INFO - [2026-07-29T16:17:22.407+0000] {dag.py:4138} INFO - Setting next_dagrun for example_setup_teardown_taskflow to 2026-07-28 00:00:00+00:00, run_after=2026-07-29 00:00:00+00:00
[2026-07-29T16:17:22.413+0000] {processor.py:208} INFO - Processing /home/airflow/.local/lib/python3.12/site-packages/airflow/example_dags/example_setup_teardown_taskflow.py took 0.037 seconds
[2026-07-29T16:17:53.414+0000] {processor.py:186} INFO - Started process (PID=3652) to work on /home/airflow/.local/lib/python3.12/site-packages/airflow/example_dags/example_setup_teardown_taskflow.py
[2026-07-29T16:17:53.415+0000] {processor.py:914} INFO - Processing file /home/airflow/.local/lib/python3.12/site-packages/airflow/example_dags/example_setup_teardown_taskflow.py for tasks to queue
[2026-07-29T16:17:53.417+0000] {logging_mixin.py:190} INFO - [2026-07-29T16:17:53.416+0000] {dagbag.py:587} INFO - Filling up the DagBag from /home/airflow/.local/lib/python3.12/site-packages/airflow/example_dags/example_setup_teardown_taskflow.py
[2026-07-29T16:17:53.422+0000] {processor.py:925} INFO - DAG(s) 'example_setup_teardown_taskflow' retrieved from /home/airflow/.local/lib/python3.12/site-packages/airflow/example_dags/example_setup_teardown_taskflow.py
[2026-07-29T16:17:53.433+0000] {logging_mixin.py:190} INFO - [2026-07-29T16:17:53.433+0000] {dag.py:3211} INFO - Sync 1 DAGs
[2026-07-29T16:17:53.441+0000] {logging_mixin.py:190} INFO - [2026-07-29T16:17:53.441+0000] {dag.py:4138} INFO - Setting next_dagrun for example_setup_teardown_taskflow to 2026-07-28 00:00:00+00:00, run_after=2026-07-29 00:00:00+00:00
[2026-07-29T16:17:53.452+0000] {processor.py:208} INFO - Processing /home/airflow/.local/lib/python3.12/site-packages/airflow/example_dags/example_setup_teardown_taskflow.py took 0.040 seconds
[2026-07-29T16:18:23.511+0000] {processor.py:186} INFO - Started process (PID=3718) to work on /home/airflow/.local/lib/python3.12/site-packages/airflow/example_dags/example_setup_teardown_taskflow.py
[2026-07-29T16:18:23.512+0000] {processor.py:914} INFO - Processing file /home/airflow/.local/lib/python3.12/site-packages/airflow/example_dags/example_setup_teardown_taskflow.py for tasks to queue
[2026-07-29T16:18:23.513+0000] {logging_mixin.py:190} INFO - [2026-07-29T16:18:23.512+0000] {dagbag.py:587} INFO - Filling up the DagBag from /home/airflow/.local/lib/python3.12/site-packages/airflow/example_dags/example_setup_teardown_taskflow.py
[2026-07-29T16:18:23.518+0000] {processor.py:925} INFO - DAG(s) 'example_setup_teardown_taskflow' retrieved from /home/airflow/.local/lib/python3.12/site-packages/airflow/example_dags/example_setup_teardown_taskflow.py
[2026-07-29T16:18:23.532+0000] {logging_mixin.py:190} INFO - [2026-07-29T16:18:23.532+0000] {dag.py:3211} INFO - Sync 1 DAGs
[2026-07-29T16:18:23.543+0000] {logging_mixin.py:190} INFO - [2026-07-29T16:18:23.543+0000] {dag.py:4138} INFO - Setting next_dagrun for example_setup_teardown_taskflow to 2026-07-28 00:00:00+00:00, run_after=2026-07-29 00:00:00+00:00
[2026-07-29T16:18:23.549+0000] {processor.py:208} INFO - Processing /home/airflow/.local/lib/python3.12/site-packages/airflow/example_dags/example_setup_teardown_taskflow.py took 0.040 seconds
[2026-07-29T16:18:54.047+0000] {processor.py:186} INFO - Started process (PID=3784) to work on /home/airflow/.local/lib/python3.12/site-packages/airflow/example_dags/example_setup_teardown_taskflow.py
[2026-07-29T16:18:54.048+0000] {processor.py:914} INFO - Processing file /home/airflow/.local/lib/python3.12/site-packages/airflow/example_dags/example_setup_teardown_taskflow.py for tasks to queue
[2026-07-29T16:18:54.049+0000] {logging_mixin.py:190} INFO - [2026-07-29T16:18:54.049+0000] {dagbag.py:587} INFO - Filling up the DagBag from /home/airflow/.local/lib/python3.12/site-packages/airflow/example_dags/example_setup_teardown_taskflow.py
[2026-07-29T16:18:54.054+0000] {processor.py:925} INFO - DAG(s) 'example_setup_teardown_taskflow' retrieved from /home/airflow/.local/lib/python3.12/site-packages/airflow/example_dags/example_setup_teardown_taskflow.py
[2026-07-29T16:18:54.062+0000] {logging_mixin.py:190} INFO - [2026-07-29T16:18:54.062+0000] {dag.py:3211} INFO - Sync 1 DAGs
[2026-07-29T16:18:54.074+0000] {logging_mixin.py:190} INFO - [2026-07-29T16:18:54.074+0000] {dag.py:4138} INFO - Setting next_dagrun for example_setup_teardown_taskflow to 2026-07-28 00:00:00+00:00, run_after=2026-07-29 00:00:00+00:00
[2026-07-29T16:18:54.082+0000] {processor.py:208} INFO - Processing /home/airflow/.local/lib/python3.12/site-packages/airflow/example_dags/example_setup_teardown_taskflow.py took 0.038 seconds
[2026-07-29T16:19:24.390+0000] {processor.py:186} INFO - Started process (PID=3850) to work on /home/airflow/.local/lib/python3.12/site-packages/airflow/example_dags/example_setup_teardown_taskflow.py
[2026-07-29T16:19:24.391+0000] {processor.py:914} INFO - Processing file /home/airflow/.local/lib/python3.12/site-packages/airflow/example_dags/example_setup_teardown_taskflow.py for tasks to queue
[2026-07-29T16:19:24.392+0000] {logging_mixin.py:190} INFO - [2026-07-29T16:19:24.392+0000] {dagbag.py:587} INFO - Filling up the DagBag from /home/airflow/.local/lib/python3.12/site-packages/airflow/example_dags/example_setup_teardown_taskflow.py
[2026-07-29T16:19:24.401+0000] {processor.py:925} INFO - DAG(s) 'example_setup_teardown_taskflow' retrieved from /home/airflow/.local/lib/python3.12/site-packages/airflow/example_dags/example_setup_teardown_taskflow.py
[2026-07-29T16:19:24.413+0000] {logging_mixin.py:190} INFO - [2026-07-29T16:19:24.413+0000] {dag.py:3211} INFO - Sync 1 DAGs
[2026-07-29T16:19:24.424+0000] {logging_mixin.py:190} INFO - [2026-07-29T16:19:24.424+0000] {dag.py:4138} INFO - Setting next_dagrun for example_setup_teardown_taskflow to 2026-07-28 00:00:00+00:00, run_after=2026-07-29 00:00:00+00:00
[2026-07-29T16:19:24.430+0000] {processor.py:208} INFO - Processing /home/airflow/.local/lib/python3.12/site-packages/airflow/example_dags/example_setup_teardown_taskflow.py took 0.043 seconds
[2026-07-29T16:19:55.119+0000] {processor.py:186} INFO - Started process (PID=3916) to work on /home/airflow/.local/lib/python3.12/site-packages/airflow/example_dags/example_setup_teardown_taskflow.py
[2026-07-29T16:19:55.120+0000] {processor.py:914} INFO - Processing file /home/airflow/.local/lib/python3.12/site-packages/airflow/example_dags/example_setup_teardown_taskflow.py for tasks to queue
[2026-07-29T16:19:55.121+0000] {logging_mixin.py:190} INFO - [2026-07-29T16:19:55.121+0000] {dagbag.py:587} INFO - Filling up the DagBag from /home/airflow/.local/lib/python3.12/site-packages/airflow/example_dags/example_setup_teardown_taskflow.py
[2026-07-29T16:19:55.126+0000] {processor.py:925} INFO - DAG(s) 'example_setup_teardown_taskflow' retrieved from /home/airflow/.local/lib/python3.12/site-packages/airflow/example_dags/example_setup_teardown_taskflow.py
[2026-07-29T16:19:55.137+0000] {logging_mixin.py:190} INFO - [2026-07-29T16:19:55.137+0000] {dag.py:3211} INFO - Sync 1 DAGs
[2026-07-29T16:19:55.146+0000] {logging_mixin.py:190} INFO - [2026-07-29T16:19:55.146+0000] {dag.py:4138} INFO - Setting next_dagrun for example_setup_teardown_taskflow to 2026-07-28 00:00:00+00:00, run_after=2026-07-29 00:00:00+00:00
[2026-07-29T16:19:55.154+0000] {processor.py:208} INFO - Processing /home/airflow/.local/lib/python3.12/site-packages/airflow/example_dags/example_setup_teardown_taskflow.py took 0.037 seconds
[2026-07-29T16:20:25.516+0000] {processor.py:186} INFO - Started process (PID=3982) to work on /home/airflow/.local/lib/python3.12/site-packages/airflow/example_dags/example_setup_teardown_taskflow.py
[2026-07-29T16:20:25.516+0000] {processor.py:914} INFO - Processing file /home/airflow/.local/lib/python3.12/site-packages/airflow/example_dags/example_setup_teardown_taskflow.py for tasks to queue
[2026-07-29T16:20:25.517+0000] {logging_mixin.py:190} INFO - [2026-07-29T16:20:25.517+0000] {dagbag.py:587} INFO - Filling up the DagBag from /home/airflow/.local/lib/python3.12/site-packages/airflow/example_dags/example_setup_teardown_taskflow.py
[2026-07-29T16:20:25.523+0000] {processor.py:925} INFO - DAG(s) 'example_setup_teardown_taskflow' retrieved from /home/airflow/.local/lib/python3.12/site-packages/airflow/example_dags/example_setup_teardown_taskflow.py
[2026-07-29T16:20:25.532+0000] {logging_mixin.py:190} INFO - [2026-07-29T16:20:25.532+0000] {dag.py:3211} INFO - Sync 1 DAGs
[2026-07-29T16:20:25.540+0000] {logging_mixin.py:190} INFO - [2026-07-29T16:20:25.540+0000] {dag.py:4138} INFO - Setting next_dagrun for example_setup_teardown_taskflow to 2026-07-28 00:00:00+00:00, run_after=2026-07-29 00:00:00+00:00
[2026-07-29T16:20:25.633+0000] {processor.py:208} INFO - Processing /home/airflow/.local/lib/python3.12/site-packages/airflow/example_dags/example_setup_teardown_taskflow.py took 0.119 seconds
[2026-07-29T16:20:55.957+0000] {processor.py:186} INFO - Started process (PID=4048) to work on /home/airflow/.local/lib/python3.12/site-packages/airflow/example_dags/example_setup_teardown_taskflow.py
[2026-07-29T16:20:55.958+0000] {processor.py:914} INFO - Processing file /home/airflow/.local/lib/python3.12/site-packages/airflow/example_dags/example_setup_teardown_taskflow.py for tasks to queue
[2026-07-29T16:20:55.960+0000] {logging_mixin.py:190} INFO - [2026-07-29T16:20:55.960+0000] {dagbag.py:587} INFO - Filling up the DagBag from /home/airflow/.local/lib/python3.12/site-packages/airflow/example_dags/example_setup_teardown_taskflow.py
[2026-07-29T16:20:55.966+0000] {processor.py:925} INFO - DAG(s) 'example_setup_teardown_taskflow' retrieved from /home/airflow/.local/lib/python3.12/site-packages/airflow/example_dags/example_setup_teardown_taskflow.py
[2026-07-29T16:20:55.977+0000] {logging_mixin.py:190} INFO - [2026-07-29T16:20:55.977+0000] {dag.py:3211} INFO - Sync 1 DAGs
[2026-07-29T16:20:55.986+0000] {logging_mixin.py:190} INFO - [2026-07-29T16:20:55.986+0000] {dag.py:4138} INFO - Setting next_dagrun for example_setup_teardown_taskflow to 2026-07-28 00:00:00+00:00, run_after=2026-07-29 00:00:00+00:00
[2026-07-29T16:20:55.993+0000] {processor.py:208} INFO - Processing /home/airflow/.local/lib/python3.12/site-packages/airflow/example_dags/example_setup_teardown_taskflow.py took 0.039 seconds
[2026-07-29T16:21:26.632+0000] {processor.py:186} INFO - Started process (PID=4114) to work on /home/airflow/.local/lib/python3.12/site-packages/airflow/example_dags/example_setup_teardown_taskflow.py
[2026-07-29T16:21:26.633+0000] {processor.py:914} INFO - Processing file /home/airflow/.local/lib/python3.12/site-packages/airflow/example_dags/example_setup_teardown_taskflow.py for tasks to queue
[2026-07-29T16:21:26.636+0000] {logging_mixin.py:190} INFO - [2026-07-29T16:21:26.636+0000] {dagbag.py:587} INFO - Filling up the DagBag from /home/airflow/.local/lib/python3.12/site-packages/airflow/example_dags/example_setup_teardown_taskflow.py
[2026-07-29T16:21:26.640+0000] {processor.py:925} INFO - DAG(s) 'example_setup_teardown_taskflow' retrieved from /home/airflow/.local/lib/python3.12/site-packages/airflow/example_dags/example_setup_teardown_taskflow.py
[2026-07-29T16:21:26.653+0000] {logging_mixin.py:190} INFO - [2026-07-29T16:21:26.653+0000] {dag.py:3211} INFO - Sync 1 DAGs
[2026-07-29T16:21:26.662+0000] {logging_mixin.py:190} INFO - [2026-07-29T16:21:26.662+0000] {dag.py:4138} INFO - Setting next_dagrun for example_setup_teardown_taskflow to 2026-07-28 00:00:00+00:00, run_after=2026-07-29 00:00:00+00:00
[2026-07-29T16:21:26.671+0000] {processor.py:208} INFO - Processing /home/airflow/.local/lib/python3.12/site-packages/airflow/example_dags/example_setup_teardown_taskflow.py took 0.041 seconds
[2026-07-29T16:21:58.552+0000] {processor.py:186} INFO - Started process (PID=4180) to work on /home/airflow/.local/lib/python3.12/site-packages/airflow/example_dags/example_setup_teardown_taskflow.py
[2026-07-29T16:21:58.555+0000] {processor.py:914} INFO - Processing file /home/airflow/.local/lib/python3.12/site-packages/airflow/example_dags/example_setup_teardown_taskflow.py for tasks to queue
[2026-07-29T16:21:58.557+0000] {logging_mixin.py:190} INFO - [2026-07-29T16:21:58.557+0000] {dagbag.py:587} INFO - Filling up the DagBag from /home/airflow/.local/lib/python3.12/site-packages/airflow/example_dags/example_setup_teardown_taskflow.py
[2026-07-29T16:21:58.562+0000] {processor.py:925} INFO - DAG(s) 'example_setup_teardown_taskflow' retrieved from /home/airflow/.local/lib/python3.12/site-packages/airflow/example_dags/example_setup_teardown_taskflow.py
[2026-07-29T16:21:58.573+0000] {logging_mixin.py:190} INFO - [2026-07-29T16:21:58.573+0000] {dag.py:3211} INFO - Sync 1 DAGs
[2026-07-29T16:21:58.582+0000] {logging_mixin.py:190} INFO - [2026-07-29T16:21:58.582+0000] {dag.py:4138} INFO - Setting next_dagrun for example_setup_teardown_taskflow to 2026-07-28 00:00:00+00:00, run_after=2026-07-29 00:00:00+00:00
[2026-07-29T16:21:58.588+0000] {processor.py:208} INFO - Processing /home/airflow/.local/lib/python3.12/site-packages/airflow/example_dags/example_setup_teardown_taskflow.py took 0.038 seconds
[2026-07-29T16:22:29.054+0000] {processor.py:186} INFO - Started process (PID=4246) to work on /home/airflow/.local/lib/python3.12/site-packages/airflow/example_dags/example_setup_teardown_taskflow.py
[2026-07-29T16:22:29.054+0000] {processor.py:914} INFO - Processing file /home/airflow/.local/lib/python3.12/site-packages/airflow/example_dags/example_setup_teardown_taskflow.py for tasks to queue
[2026-07-29T16:22:29.056+0000] {logging_mixin.py:190} INFO - [2026-07-29T16:22:29.055+0000] {dagbag.py:587} INFO - Filling up the DagBag from /home/airflow/.local/lib/python3.12/site-packages/airflow/example_dags/example_setup_teardown_taskflow.py
[2026-07-29T16:22:29.061+0000] {processor.py:925} INFO - DAG(s) 'example_setup_teardown_taskflow' retrieved from /home/airflow/.local/lib/python3.12/site-packages/airflow/example_dags/example_setup_teardown_taskflow.py
[2026-07-29T16:22:29.070+0000] {logging_mixin.py:190} INFO - [2026-07-29T16:22:29.070+0000] {dag.py:3211} INFO - Sync 1 DAGs
[2026-07-29T16:22:29.167+0000] {logging_mixin.py:190} INFO - [2026-07-29T16:22:29.167+0000] {dag.py:4138} INFO - Setting next_dagrun for example_setup_teardown_taskflow to 2026-07-28 00:00:00+00:00, run_after=2026-07-29 00:00:00+00:00
[2026-07-29T16:22:29.179+0000] {processor.py:208} INFO - Processing /home/airflow/.local/lib/python3.12/site-packages/airflow/example_dags/example_setup_teardown_taskflow.py took 0.128 seconds
[2026-07-29T16:22:59.306+0000] {processor.py:186} INFO - Started process (PID=4312) to work on /home/airflow/.local/lib/python3.12/site-packages/airflow/example_dags/example_setup_teardown_taskflow.py
[2026-07-29T16:22:59.307+0000] {processor.py:914} INFO - Processing file /home/airflow/.local/lib/python3.12/site-packages/airflow/example_dags/example_setup_teardown_taskflow.py for tasks to queue
[2026-07-29T16:22:59.309+0000] {logging_mixin.py:190} INFO - [2026-07-29T16:22:59.308+0000] {dagbag.py:587} INFO - Filling up the DagBag from /home/airflow/.local/lib/python3.12/site-packages/airflow/example_dags/example_setup_teardown_taskflow.py
[2026-07-29T16:22:59.317+0000] {processor.py:925} INFO - DAG(s) 'example_setup_teardown_taskflow' retrieved from /home/airflow/.local/lib/python3.12/site-packages/airflow/example_dags/example_setup_teardown_taskflow.py
[2026-07-29T16:22:59.330+0000] {logging_mixin.py:190} INFO - [2026-07-29T16:22:59.330+0000] {dag.py:3211} INFO - Sync 1 DAGs
[2026-07-29T16:22:59.425+0000] {logging_mixin.py:190} INFO - [2026-07-29T16:22:59.425+0000] {dag.py:4138} INFO - Setting next_dagrun for example_setup_teardown_taskflow to 2026-07-28 00:00:00+00:00, run_after=2026-07-29 00:00:00+00:00
[2026-07-29T16:22:59.434+0000] {processor.py:208} INFO - Processing /home/airflow/.local/lib/python3.12/site-packages/airflow/example_dags/example_setup_teardown_taskflow.py took 0.130 seconds
[2026-07-29T16:23:29.513+0000] {processor.py:186} INFO - Started process (PID=4378) to work on /home/airflow/.local/lib/python3.12/site-packages/airflow/example_dags/example_setup_teardown_taskflow.py
[2026-07-29T16:23:29.514+0000] {processor.py:914} INFO - Processing file /home/airflow/.local/lib/python3.12/site-packages/airflow/example_dags/example_setup_teardown_taskflow.py for tasks to queue
[2026-07-29T16:23:29.515+0000] {logging_mixin.py:190} INFO - [2026-07-29T16:23:29.515+0000] {dagbag.py:587} INFO - Filling up the DagBag from /home/airflow/.local/lib/python3.12/site-packages/airflow/example_dags/example_setup_teardown_taskflow.py
[2026-07-29T16:23:29.520+0000] {processor.py:925} INFO - DAG(s) 'example_setup_teardown_taskflow' retrieved from /home/airflow/.local/lib/python3.12/site-packages/airflow/example_dags/example_setup_teardown_taskflow.py
[2026-07-29T16:23:29.530+0000] {logging_mixin.py:190} INFO - [2026-07-29T16:23:29.530+0000] {dag.py:3211} INFO - Sync 1 DAGs
[2026-07-29T16:23:29.539+0000] {logging_mixin.py:190} INFO - [2026-07-29T16:23:29.539+0000] {dag.py:4138} INFO - Setting next_dagrun for example_setup_teardown_taskflow to 2026-07-28 00:00:00+00:00, run_after=2026-07-29 00:00:00+00:00
[2026-07-29T16:23:29.547+0000] {processor.py:208} INFO - Processing /home/airflow/.local/lib/python3.12/site-packages/airflow/example_dags/example_setup_teardown_taskflow.py took 0.037 seconds
[2026-07-29T16:24:00.464+0000] {processor.py:186} INFO - Started process (PID=4444) to work on /home/airflow/.local/lib/python3.12/site-packages/airflow/example_dags/example_setup_teardown_taskflow.py
[2026-07-29T16:24:00.465+0000] {processor.py:914} INFO - Processing file /home/airflow/.local/lib/python3.12/site-packages/airflow/example_dags/example_setup_teardown_taskflow.py for tasks to queue
[2026-07-29T16:24:00.466+0000] {logging_mixin.py:190} INFO - [2026-07-29T16:24:00.465+0000] {dagbag.py:587} INFO - Filling up the DagBag from /home/airflow/.local/lib/python3.12/site-packages/airflow/example_dags/example_setup_teardown_taskflow.py
[2026-07-29T16:24:00.471+0000] {processor.py:925} INFO - DAG(s) 'example_setup_teardown_taskflow' retrieved from /home/airflow/.local/lib/python3.12/site-packages/airflow/example_dags/example_setup_teardown_taskflow.py
[2026-07-29T16:24:00.479+0000] {logging_mixin.py:190} INFO - [2026-07-29T16:24:00.479+0000] {dag.py:3211} INFO - Sync 1 DAGs
[2026-07-29T16:24:00.488+0000] {logging_mixin.py:190} INFO - [2026-07-29T16:24:00.488+0000] {dag.py:4138} INFO - Setting next_dagrun for example_setup_teardown_taskflow to 2026-07-28 00:00:00+00:00, run_after=2026-07-29 00:00:00+00:00
[2026-07-29T16:24:00.494+0000] {processor.py:208} INFO - Processing /home/airflow/.local/lib/python3.12/site-packages/airflow/example_dags/example_setup_teardown_taskflow.py took 0.032 seconds
[2026-07-29T16:24:31.499+0000] {processor.py:186} INFO - Started process (PID=4510) to work on /home/airflow/.local/lib/python3.12/site-packages/airflow/example_dags/example_setup_teardown_taskflow.py
[2026-07-29T16:24:31.499+0000] {processor.py:914} INFO - Processing file /home/airflow/.local/lib/python3.12/site-packages/airflow/example_dags/example_setup_teardown_taskflow.py for tasks to queue
[2026-07-29T16:24:31.501+0000] {logging_mixin.py:190} INFO - [2026-07-29T16:24:31.500+0000] {dagbag.py:587} INFO - Filling up the DagBag from /home/airflow/.local/lib/python3.12/site-packages/airflow/example_dags/example_setup_teardown_taskflow.py
[2026-07-29T16:24:31.507+0000] {processor.py:925} INFO - DAG(s) 'example_setup_teardown_taskflow' retrieved from /home/airflow/.local/lib/python3.12/site-packages/airflow/example_dags/example_setup_teardown_taskflow.py
[2026-07-29T16:24:31.520+0000] {logging_mixin.py:190} INFO - [2026-07-29T16:24:31.520+0000] {dag.py:3211} INFO - Sync 1 DAGs
[2026-07-29T16:24:31.531+0000] {logging_mixin.py:190} INFO - [2026-07-29T16:24:31.531+0000] {dag.py:4138} INFO - Setting next_dagrun for example_setup_teardown_taskflow to 2026-07-28 00:00:00+00:00, run_after=2026-07-29 00:00:00+00:00
[2026-07-29T16:24:31.536+0000] {processor.py:208} INFO - Processing /home/airflow/.local/lib/python3.12/site-packages/airflow/example_dags/example_setup_teardown_taskflow.py took 0.040 seconds
[2026-07-29T16:25:02.625+0000] {processor.py:186} INFO - Started process (PID=4576) to work on /home/airflow/.local/lib/python3.12/site-packages/airflow/example_dags/example_setup_teardown_taskflow.py
[2026-07-29T16:25:02.625+0000] {processor.py:914} INFO - Processing file /home/airflow/.local/lib/python3.12/site-packages/airflow/example_dags/example_setup_teardown_taskflow.py for tasks to queue
[2026-07-29T16:25:02.626+0000] {logging_mixin.py:190} INFO - [2026-07-29T16:25:02.626+0000] {dagbag.py:587} INFO - Filling up the DagBag from /home/airflow/.local/lib/python3.12/site-packages/airflow/example_dags/example_setup_teardown_taskflow.py
[2026-07-29T16:25:02.632+0000] {processor.py:925} INFO - DAG(s) 'example_setup_teardown_taskflow' retrieved from /home/airflow/.local/lib/python3.12/site-packages/airflow/example_dags/example_setup_teardown_taskflow.py
[2026-07-29T16:25:02.641+0000] {logging_mixin.py:190} INFO - [2026-07-29T16:25:02.641+0000] {dag.py:3211} INFO - Sync 1 DAGs
[2026-07-29T16:25:02.650+0000] {logging_mixin.py:190} INFO - [2026-07-29T16:25:02.650+0000] {dag.py:4138} INFO - Setting next_dagrun for example_setup_teardown_taskflow to 2026-07-28 00:00:00+00:00, run_after=2026-07-29 00:00:00+00:00
[2026-07-29T16:25:02.657+0000] {processor.py:208} INFO - Processing /home/airflow/.local/lib/python3.12/site-packages/airflow/example_dags/example_setup_teardown_taskflow.py took 0.035 seconds
[2026-07-29T16:25:32.752+0000] {processor.py:186} INFO - Started process (PID=4642) to work on /home/airflow/.local/lib/python3.12/site-packages/airflow/example_dags/example_setup_teardown_taskflow.py
[2026-07-29T16:25:32.752+0000] {processor.py:914} INFO - Processing file /home/airflow/.local/lib/python3.12/site-packages/airflow/example_dags/example_setup_teardown_taskflow.py for tasks to queue
[2026-07-29T16:25:32.754+0000] {logging_mixin.py:190} INFO - [2026-07-29T16:25:32.753+0000] {dagbag.py:587} INFO - Filling up the DagBag from /home/airflow/.local/lib/python3.12/site-packages/airflow/example_dags/example_setup_teardown_taskflow.py
[2026-07-29T16:25:32.759+0000] {processor.py:925} INFO - DAG(s) 'example_setup_teardown_taskflow' retrieved from /home/airflow/.local/lib/python3.12/site-packages/airflow/example_dags/example_setup_teardown_taskflow.py
[2026-07-29T16:25:32.767+0000] {logging_mixin.py:190} INFO - [2026-07-29T16:25:32.767+0000] {dag.py:3211} INFO - Sync 1 DAGs
[2026-07-29T16:25:32.777+0000] {logging_mixin.py:190} INFO - [2026-07-29T16:25:32.777+0000] {dag.py:4138} INFO - Setting next_dagrun for example_setup_teardown_taskflow to 2026-07-28 00:00:00+00:00, run_after=2026-07-29 00:00:00+00:00
[2026-07-29T16:25:32.794+0000] {processor.py:208} INFO - Processing /home/airflow/.local/lib/python3.12/site-packages/airflow/example_dags/example_setup_teardown_taskflow.py took 0.045 seconds
[2026-07-29T16:26:03.758+0000] {processor.py:186} INFO - Started process (PID=4708) to work on /home/airflow/.local/lib/python3.12/site-packages/airflow/example_dags/example_setup_teardown_taskflow.py
[2026-07-29T16:26:03.758+0000] {processor.py:914} INFO - Processing file /home/airflow/.local/lib/python3.12/site-packages/airflow/example_dags/example_setup_teardown_taskflow.py for tasks to queue
[2026-07-29T16:26:03.762+0000] {logging_mixin.py:190} INFO - [2026-07-29T16:26:03.762+0000] {dagbag.py:587} INFO - Filling up the DagBag from /home/airflow/.local/lib/python3.12/site-packages/airflow/example_dags/example_setup_teardown_taskflow.py
[2026-07-29T16:26:03.768+0000] {processor.py:925} INFO - DAG(s) 'example_setup_teardown_taskflow' retrieved from /home/airflow/.local/lib/python3.12/site-packages/airflow/example_dags/example_setup_teardown_taskflow.py
[2026-07-29T16:26:03.779+0000] {logging_mixin.py:190} INFO - [2026-07-29T16:26:03.779+0000] {dag.py:3211} INFO - Sync 1 DAGs
[2026-07-29T16:26:03.788+0000] {logging_mixin.py:190} INFO - [2026-07-29T16:26:03.788+0000] {dag.py:4138} INFO - Setting next_dagrun for example_setup_teardown_taskflow to 2026-07-28 00:00:00+00:00, run_after=2026-07-29 00:00:00+00:00
[2026-07-29T16:26:03.797+0000] {processor.py:208} INFO - Processing /home/airflow/.local/lib/python3.12/site-packages/airflow/example_dags/example_setup_teardown_taskflow.py took 0.042 seconds
[2026-07-29T16:26:33.952+0000] {processor.py:186} INFO - Started process (PID=4774) to work on /home/airflow/.local/lib/python3.12/site-packages/airflow/example_dags/example_setup_teardown_taskflow.py
[2026-07-29T16:26:33.953+0000] {processor.py:914} INFO - Processing file /home/airflow/.local/lib/python3.12/site-packages/airflow/example_dags/example_setup_teardown_taskflow.py for tasks to queue
[2026-07-29T16:26:33.954+0000] {logging_mixin.py:190} INFO - [2026-07-29T16:26:33.954+0000] {dagbag.py:587} INFO - Filling up the DagBag from /home/airflow/.local/lib/python3.12/site-packages/airflow/example_dags/example_setup_teardown_taskflow.py
[2026-07-29T16:26:33.960+0000] {processor.py:925} INFO - DAG(s) 'example_setup_teardown_taskflow' retrieved from /home/airflow/.local/lib/python3.12/site-packages/airflow/example_dags/example_setup_teardown_taskflow.py
[2026-07-29T16:26:33.972+0000] {logging_mixin.py:190} INFO - [2026-07-29T16:26:33.972+0000] {dag.py:3211} INFO - Sync 1 DAGs
[2026-07-29T16:26:33.980+0000] {logging_mixin.py:190} INFO - [2026-07-29T16:26:33.980+0000] {dag.py:4138} INFO - Setting next_dagrun for example_setup_teardown_taskflow to 2026-07-28 00:00:00+00:00, run_after=2026-07-29 00:00:00+00:00
[2026-07-29T16:26:33.990+0000] {processor.py:208} INFO - Processing /home/airflow/.local/lib/python3.12/site-packages/airflow/example_dags/example_setup_teardown_taskflow.py took 0.041 seconds
[2026-07-29T16:27:04.051+0000] {processor.py:186} INFO - Started process (PID=4840) to work on /home/airflow/.local/lib/python3.12/site-packages/airflow/example_dags/example_setup_teardown_taskflow.py
[2026-07-29T16:27:04.052+0000] {processor.py:914} INFO - Processing file /home/airflow/.local/lib/python3.12/site-packages/airflow/example_dags/example_setup_teardown_taskflow.py for tasks to queue
[2026-07-29T16:27:04.054+0000] {logging_mixin.py:190} INFO - [2026-07-29T16:27:04.054+0000] {dagbag.py:587} INFO - Filling up the DagBag from /home/airflow/.local/lib/python3.12/site-packages/airflow/example_dags/example_setup_teardown_taskflow.py
[2026-07-29T16:27:04.058+0000] {processor.py:925} INFO - DAG(s) 'example_setup_teardown_taskflow' retrieved from /home/airflow/.local/lib/python3.12/site-packages/airflow/example_dags/example_setup_teardown_taskflow.py
[2026-07-29T16:27:04.068+0000] {logging_mixin.py:190} INFO - [2026-07-29T16:27:04.068+0000] {dag.py:3211} INFO - Sync 1 DAGs
[2026-07-29T16:27:04.077+0000] {logging_mixin.py:190} INFO - [2026-07-29T16:27:04.077+0000] {dag.py:4138} INFO - Setting next_dagrun for example_setup_teardown_taskflow to 2026-07-28 00:00:00+00:00, run_after=2026-07-29 00:00:00+00:00
[2026-07-29T16:27:04.083+0000] {processor.py:208} INFO - Processing /home/airflow/.local/lib/python3.12/site-packages/airflow/example_dags/example_setup_teardown_taskflow.py took 0.034 seconds
[2026-07-29T16:27:34.202+0000] {processor.py:186} INFO - Started process (PID=4906) to work on /home/airflow/.local/lib/python3.12/site-packages/airflow/example_dags/example_setup_teardown_taskflow.py
[2026-07-29T16:27:34.203+0000] {processor.py:914} INFO - Processing file /home/airflow/.local/lib/python3.12/site-packages/airflow/example_dags/example_setup_teardown_taskflow.py for tasks to queue
[2026-07-29T16:27:34.205+0000] {logging_mixin.py:190} INFO - [2026-07-29T16:27:34.205+0000] {dagbag.py:587} INFO - Filling up the DagBag from /home/airflow/.local/lib/python3.12/site-packages/airflow/example_dags/example_setup_teardown_taskflow.py
[2026-07-29T16:27:34.210+0000] {processor.py:925} INFO - DAG(s) 'example_setup_teardown_taskflow' retrieved from /home/airflow/.local/lib/python3.12/site-packages/airflow/example_dags/example_setup_teardown_taskflow.py
[2026-07-29T16:27:34.221+0000] {logging_mixin.py:190} INFO - [2026-07-29T16:27:34.221+0000] {dag.py:3211} INFO - Sync 1 DAGs
[2026-07-29T16:27:34.231+0000] {logging_mixin.py:190} INFO - [2026-07-29T16:27:34.231+0000] {dag.py:4138} INFO - Setting next_dagrun for example_setup_teardown_taskflow to 2026-07-28 00:00:00+00:00, run_after=2026-07-29 00:00:00+00:00
[2026-07-29T16:27:34.237+0000] {processor.py:208} INFO - Processing /home/airflow/.local/lib/python3.12/site-packages/airflow/example_dags/example_setup_teardown_taskflow.py took 0.037 seconds
[2026-07-29T16:28:05.216+0000] {processor.py:186} INFO - Started process (PID=4972) to work on /home/airflow/.local/lib/python3.12/site-packages/airflow/example_dags/example_setup_teardown_taskflow.py
[2026-07-29T16:28:05.217+0000] {processor.py:914} INFO - Processing file /home/airflow/.local/lib/python3.12/site-packages/airflow/example_dags/example_setup_teardown_taskflow.py for tasks to queue
[2026-07-29T16:28:05.219+0000] {logging_mixin.py:190} INFO - [2026-07-29T16:28:05.219+0000] {dagbag.py:587} INFO - Filling up the DagBag from /home/airflow/.local/lib/python3.12/site-packages/airflow/example_dags/example_setup_teardown_taskflow.py
[2026-07-29T16:28:05.224+0000] {processor.py:925} INFO - DAG(s) 'example_setup_teardown_taskflow' retrieved from /home/airflow/.local/lib/python3.12/site-packages/airflow/example_dags/example_setup_teardown_taskflow.py
[2026-07-29T16:28:05.232+0000] {logging_mixin.py:190} INFO - [2026-07-29T16:28:05.232+0000] {dag.py:3211} INFO - Sync 1 DAGs
[2026-07-29T16:28:05.243+0000] {logging_mixin.py:190} INFO - [2026-07-29T16:28:05.243+0000] {dag.py:4138} INFO - Setting next_dagrun for example_setup_teardown_taskflow to 2026-07-28 00:00:00+00:00, run_after=2026-07-29 00:00:00+00:00
[2026-07-29T16:28:05.256+0000] {processor.py:208} INFO - Processing /home/airflow/.local/lib/python3.12/site-packages/airflow/example_dags/example_setup_teardown_taskflow.py took 0.042 seconds
[2026-07-29T16:28:36.201+0000] {processor.py:186} INFO - Started process (PID=5038) to work on /home/airflow/.local/lib/python3.12/site-packages/airflow/example_dags/example_setup_teardown_taskflow.py
[2026-07-29T16:28:36.202+0000] {processor.py:914} INFO - Processing file /home/airflow/.local/lib/python3.12/site-packages/airflow/example_dags/example_setup_teardown_taskflow.py for tasks to queue
[2026-07-29T16:28:36.203+0000] {logging_mixin.py:190} INFO - [2026-07-29T16:28:36.203+0000] {dagbag.py:587} INFO - Filling up the DagBag from /home/airflow/.local/lib/python3.12/site-packages/airflow/example_dags/example_setup_teardown_taskflow.py
[2026-07-29T16:28:36.208+0000] {processor.py:925} INFO - DAG(s) 'example_setup_teardown_taskflow' retrieved from /home/airflow/.local/lib/python3.12/site-packages/airflow/example_dags/example_setup_teardown_taskflow.py
[2026-07-29T16:28:36.219+0000] {logging_mixin.py:190} INFO - [2026-07-29T16:28:36.219+0000] {dag.py:3211} INFO - Sync 1 DAGs
[2026-07-29T16:28:36.233+0000] {logging_mixin.py:190} INFO - [2026-07-29T16:28:36.233+0000] {dag.py:4138} INFO - Setting next_dagrun for example_setup_teardown_taskflow to 2026-07-28 00:00:00+00:00, run_after=2026-07-29 00:00:00+00:00
[2026-07-29T16:28:36.247+0000] {processor.py:208} INFO - Processing /home/airflow/.local/lib/python3.12/site-packages/airflow/example_dags/example_setup_teardown_taskflow.py took 0.048 seconds
[2026-07-29T16:29:06.705+0000] {processor.py:186} INFO - Started process (PID=5104) to work on /home/airflow/.local/lib/python3.12/site-packages/airflow/example_dags/example_setup_teardown_taskflow.py
[2026-07-29T16:29:06.706+0000] {processor.py:914} INFO - Processing file /home/airflow/.local/lib/python3.12/site-packages/airflow/example_dags/example_setup_teardown_taskflow.py for tasks to queue
[2026-07-29T16:29:06.707+0000] {logging_mixin.py:190} INFO - [2026-07-29T16:29:06.707+0000] {dagbag.py:587} INFO - Filling up the DagBag from /home/airflow/.local/lib/python3.12/site-packages/airflow/example_dags/example_setup_teardown_taskflow.py
[2026-07-29T16:29:06.712+0000] {processor.py:925} INFO - DAG(s) 'example_setup_teardown_taskflow' retrieved from /home/airflow/.local/lib/python3.12/site-packages/airflow/example_dags/example_setup_teardown_taskflow.py
[2026-07-29T16:29:06.721+0000] {logging_mixin.py:190} INFO - [2026-07-29T16:29:06.721+0000] {dag.py:3211} INFO - Sync 1 DAGs
[2026-07-29T16:29:06.730+0000] {logging_mixin.py:190} INFO - [2026-07-29T16:29:06.730+0000] {dag.py:4138} INFO - Setting next_dagrun for example_setup_teardown_taskflow to 2026-07-28 00:00:00+00:00, run_after=2026-07-29 00:00:00+00:00
[2026-07-29T16:29:06.742+0000] {processor.py:208} INFO - Processing /home/airflow/.local/lib/python3.12/site-packages/airflow/example_dags/example_setup_teardown_taskflow.py took 0.040 seconds
[2026-07-29T16:29:37.591+0000] {processor.py:186} INFO - Started process (PID=5170) to work on /home/airflow/.local/lib/python3.12/site-packages/airflow/example_dags/example_setup_teardown_taskflow.py
[2026-07-29T16:29:37.593+0000] {processor.py:914} INFO - Processing file /home/airflow/.local/lib/python3.12/site-packages/airflow/example_dags/example_setup_teardown_taskflow.py for tasks to queue
[2026-07-29T16:29:37.596+0000] {logging_mixin.py:190} INFO - [2026-07-29T16:29:37.596+0000] {dagbag.py:587} INFO - Filling up the DagBag from /home/airflow/.local/lib/python3.12/site-packages/airflow/example_dags/example_setup_teardown_taskflow.py
[2026-07-29T16:29:37.601+0000] {processor.py:925} INFO - DAG(s) 'example_setup_teardown_taskflow' retrieved from /home/airflow/.local/lib/python3.12/site-packages/airflow/example_dags/example_setup_teardown_taskflow.py
[2026-07-29T16:29:37.617+0000] {logging_mixin.py:190} INFO - [2026-07-29T16:29:37.615+0000] {dag.py:3211} INFO - Sync 1 DAGs
[2026-07-29T16:29:37.626+0000] {logging_mixin.py:190} INFO - [2026-07-29T16:29:37.626+0000] {dag.py:4138} INFO - Setting next_dagrun for example_setup_teardown_taskflow to 2026-07-28 00:00:00+00:00, run_after=2026-07-29 00:00:00+00:00
[2026-07-29T16:29:37.632+0000] {processor.py:208} INFO - Processing /home/airflow/.local/lib/python3.12/site-packages/airflow/example_dags/example_setup_teardown_taskflow.py took 0.043 seconds
[2026-07-29T16:30:08.486+0000] {processor.py:186} INFO - Started process (PID=5236) to work on /home/airflow/.local/lib/python3.12/site-packages/airflow/example_dags/example_setup_teardown_taskflow.py
[2026-07-29T16:30:08.487+0000] {processor.py:914} INFO - Processing file /home/airflow/.local/lib/python3.12/site-packages/airflow/example_dags/example_setup_teardown_taskflow.py for tasks to queue
[2026-07-29T16:30:08.488+0000] {logging_mixin.py:190} INFO - [2026-07-29T16:30:08.488+0000] {dagbag.py:587} INFO - Filling up the DagBag from /home/airflow/.local/lib/python3.12/site-packages/airflow/example_dags/example_setup_teardown_taskflow.py
[2026-07-29T16:30:08.496+0000] {processor.py:925} INFO - DAG(s) 'example_setup_teardown_taskflow' retrieved from /home/airflow/.local/lib/python3.12/site-packages/airflow/example_dags/example_setup_teardown_taskflow.py
[2026-07-29T16:30:08.511+0000] {logging_mixin.py:190} INFO - [2026-07-29T16:30:08.510+0000] {dag.py:3211} INFO - Sync 1 DAGs
[2026-07-29T16:30:08.519+0000] {logging_mixin.py:190} INFO - [2026-07-29T16:30:08.519+0000] {dag.py:4138} INFO - Setting next_dagrun for example_setup_teardown_taskflow to 2026-07-28 00:00:00+00:00, run_after=2026-07-29 00:00:00+00:00
[2026-07-29T16:30:08.527+0000] {processor.py:208} INFO - Processing /home/airflow/.local/lib/python3.12/site-packages/airflow/example_dags/example_setup_teardown_taskflow.py took 0.043 seconds
[2026-07-29T16:30:39.651+0000] {processor.py:186} INFO - Started process (PID=5302) to work on /home/airflow/.local/lib/python3.12/site-packages/airflow/example_dags/example_setup_teardown_taskflow.py
[2026-07-29T16:30:39.652+0000] {processor.py:914} INFO - Processing file /home/airflow/.local/lib/python3.12/site-packages/airflow/example_dags/example_setup_teardown_taskflow.py for tasks to queue
[2026-07-29T16:30:39.653+0000] {logging_mixin.py:190} INFO - [2026-07-29T16:30:39.653+0000] {dagbag.py:587} INFO - Filling up the DagBag from /home/airflow/.local/lib/python3.12/site-packages/airflow/example_dags/example_setup_teardown_taskflow.py
[2026-07-29T16:30:39.658+0000] {processor.py:925} INFO - DAG(s) 'example_setup_teardown_taskflow' retrieved from /home/airflow/.local/lib/python3.12/site-packages/airflow/example_dags/example_setup_teardown_taskflow.py
[2026-07-29T16:30:39.670+0000] {logging_mixin.py:190} INFO - [2026-07-29T16:30:39.670+0000] {dag.py:3211} INFO - Sync 1 DAGs
[2026-07-29T16:30:39.680+0000] {logging_mixin.py:190} INFO - [2026-07-29T16:30:39.680+0000] {dag.py:4138} INFO - Setting next_dagrun for example_setup_teardown_taskflow to 2026-07-28 00:00:00+00:00, run_after=2026-07-29 00:00:00+00:00
[2026-07-29T16:30:39.688+0000] {processor.py:208} INFO - Processing /home/airflow/.local/lib/python3.12/site-packages/airflow/example_dags/example_setup_teardown_taskflow.py took 0.040 seconds
[2026-07-29T16:31:09.817+0000] {processor.py:186} INFO - Started process (PID=5368) to work on /home/airflow/.local/lib/python3.12/site-packages/airflow/example_dags/example_setup_teardown_taskflow.py
[2026-07-29T16:31:09.819+0000] {processor.py:914} INFO - Processing file /home/airflow/.local/lib/python3.12/site-packages/airflow/example_dags/example_setup_teardown_taskflow.py for tasks to queue
[2026-07-29T16:31:09.823+0000] {logging_mixin.py:190} INFO - [2026-07-29T16:31:09.823+0000] {dagbag.py:587} INFO - Filling up the DagBag from /home/airflow/.local/lib/python3.12/site-packages/airflow/example_dags/example_setup_teardown_taskflow.py
[2026-07-29T16:31:09.827+0000] {processor.py:925} INFO - DAG(s) 'example_setup_teardown_taskflow' retrieved from /home/airflow/.local/lib/python3.12/site-packages/airflow/example_dags/example_setup_teardown_taskflow.py
[2026-07-29T16:31:09.840+0000] {logging_mixin.py:190} INFO - [2026-07-29T16:31:09.840+0000] {dag.py:3211} INFO - Sync 1 DAGs
[2026-07-29T16:31:09.850+0000] {logging_mixin.py:190} INFO - [2026-07-29T16:31:09.850+0000] {dag.py:4138} INFO - Setting next_dagrun for example_setup_teardown_taskflow to 2026-07-28 00:00:00+00:00, run_after=2026-07-29 00:00:00+00:00
[2026-07-29T16:31:09.856+0000] {processor.py:208} INFO - Processing /home/airflow/.local/lib/python3.12/site-packages/airflow/example_dags/example_setup_teardown_taskflow.py took 0.042 seconds
[2026-07-29T16:31:40.205+0000] {processor.py:186} INFO - Started process (PID=5434) to work on /home/airflow/.local/lib/python3.12/site-packages/airflow/example_dags/example_setup_teardown_taskflow.py
[2026-07-29T16:31:40.206+0000] {processor.py:914} INFO - Processing file /home/airflow/.local/lib/python3.12/site-packages/airflow/example_dags/example_setup_teardown_taskflow.py for tasks to queue
[2026-07-29T16:31:40.207+0000] {logging_mixin.py:190} INFO - [2026-07-29T16:31:40.207+0000] {dagbag.py:587} INFO - Filling up the DagBag from /home/airflow/.local/lib/python3.12/site-packages/airflow/example_dags/example_setup_teardown_taskflow.py
[2026-07-29T16:31:40.214+0000] {processor.py:925} INFO - DAG(s) 'example_setup_teardown_taskflow' retrieved from /home/airflow/.local/lib/python3.12/site-packages/airflow/example_dags/example_setup_teardown_taskflow.py
[2026-07-29T16:31:40.227+0000] {logging_mixin.py:190} INFO - [2026-07-29T16:31:40.227+0000] {dag.py:3211} INFO - Sync 1 DAGs
[2026-07-29T16:31:40.237+0000] {logging_mixin.py:190} INFO - [2026-07-29T16:31:40.237+0000] {dag.py:4138} INFO - Setting next_dagrun for example_setup_teardown_taskflow to 2026-07-28 00:00:00+00:00, run_after=2026-07-29 00:00:00+00:00
[2026-07-29T16:31:40.245+0000] {processor.py:208} INFO - Processing /home/airflow/.local/lib/python3.12/site-packages/airflow/example_dags/example_setup_teardown_taskflow.py took 0.044 seconds
[2026-07-29T16:32:10.326+0000] {processor.py:186} INFO - Started process (PID=5500) to work on /home/airflow/.local/lib/python3.12/site-packages/airflow/example_dags/example_setup_teardown_taskflow.py
[2026-07-29T16:32:10.327+0000] {processor.py:914} INFO - Processing file /home/airflow/.local/lib/python3.12/site-packages/airflow/example_dags/example_setup_teardown_taskflow.py for tasks to queue
[2026-07-29T16:32:10.328+0000] {logging_mixin.py:190} INFO - [2026-07-29T16:32:10.327+0000] {dagbag.py:587} INFO - Filling up the DagBag from /home/airflow/.local/lib/python3.12/site-packages/airflow/example_dags/example_setup_teardown_taskflow.py
[2026-07-29T16:32:10.334+0000] {processor.py:925} INFO - DAG(s) 'example_setup_teardown_taskflow' retrieved from /home/airflow/.local/lib/python3.12/site-packages/airflow/example_dags/example_setup_teardown_taskflow.py
[2026-07-29T16:32:10.344+0000] {logging_mixin.py:190} INFO - [2026-07-29T16:32:10.344+0000] {dag.py:3211} INFO - Sync 1 DAGs
[2026-07-29T16:32:10.353+0000] {logging_mixin.py:190} INFO - [2026-07-29T16:32:10.353+0000] {dag.py:4138} INFO - Setting next_dagrun for example_setup_teardown_taskflow to 2026-07-28 00:00:00+00:00, run_after=2026-07-29 00:00:00+00:00
[2026-07-29T16:32:10.361+0000] {processor.py:208} INFO - Processing /home/airflow/.local/lib/python3.12/site-packages/airflow/example_dags/example_setup_teardown_taskflow.py took 0.038 seconds
[2026-07-29T16:32:40.528+0000] {processor.py:186} INFO - Started process (PID=5566) to work on /home/airflow/.local/lib/python3.12/site-packages/airflow/example_dags/example_setup_teardown_taskflow.py
[2026-07-29T16:32:40.529+0000] {processor.py:914} INFO - Processing file /home/airflow/.local/lib/python3.12/site-packages/airflow/example_dags/example_setup_teardown_taskflow.py for tasks to queue
[2026-07-29T16:32:40.530+0000] {logging_mixin.py:190} INFO - [2026-07-29T16:32:40.530+0000] {dagbag.py:587} INFO - Filling up the DagBag from /home/airflow/.local/lib/python3.12/site-packages/airflow/example_dags/example_setup_teardown_taskflow.py
[2026-07-29T16:32:40.537+0000] {processor.py:925} INFO - DAG(s) 'example_setup_teardown_taskflow' retrieved from /home/airflow/.local/lib/python3.12/site-packages/airflow/example_dags/example_setup_teardown_taskflow.py
[2026-07-29T16:32:40.551+0000] {logging_mixin.py:190} INFO - [2026-07-29T16:32:40.551+0000] {dag.py:3211} INFO - Sync 1 DAGs
[2026-07-29T16:32:40.562+0000] {logging_mixin.py:190} INFO - [2026-07-29T16:32:40.562+0000] {dag.py:4138} INFO - Setting next_dagrun for example_setup_teardown_taskflow to 2026-07-28 00:00:00+00:00, run_after=2026-07-29 00:00:00+00:00
[2026-07-29T16:32:40.573+0000] {processor.py:208} INFO - Processing /home/airflow/.local/lib/python3.12/site-packages/airflow/example_dags/example_setup_teardown_taskflow.py took 0.048 seconds
[2026-07-29T16:33:11.536+0000] {processor.py:186} INFO - Started process (PID=5632) to work on /home/airflow/.local/lib/python3.12/site-packages/airflow/example_dags/example_setup_teardown_taskflow.py
[2026-07-29T16:33:11.537+0000] {processor.py:914} INFO - Processing file /home/airflow/.local/lib/python3.12/site-packages/airflow/example_dags/example_setup_teardown_taskflow.py for tasks to queue
[2026-07-29T16:33:11.538+0000] {logging_mixin.py:190} INFO - [2026-07-29T16:33:11.538+0000] {dagbag.py:587} INFO - Filling up the DagBag from /home/airflow/.local/lib/python3.12/site-packages/airflow/example_dags/example_setup_teardown_taskflow.py
[2026-07-29T16:33:11.544+0000] {processor.py:925} INFO - DAG(s) 'example_setup_teardown_taskflow' retrieved from /home/airflow/.local/lib/python3.12/site-packages/airflow/example_dags/example_setup_teardown_taskflow.py
[2026-07-29T16:33:11.555+0000] {logging_mixin.py:190} INFO - [2026-07-29T16:33:11.555+0000] {dag.py:3211} INFO - Sync 1 DAGs
[2026-07-29T16:33:11.564+0000] {logging_mixin.py:190} INFO - [2026-07-29T16:33:11.564+0000] {dag.py:4138} INFO - Setting next_dagrun for example_setup_teardown_taskflow to 2026-07-28 00:00:00+00:00, run_after=2026-07-29 00:00:00+00:00
[2026-07-29T16:33:11.576+0000] {processor.py:208} INFO - Processing /home/airflow/.local/lib/python3.12/site-packages/airflow/example_dags/example_setup_teardown_taskflow.py took 0.043 seconds
[2026-07-29T16:33:42.519+0000] {processor.py:186} INFO - Started process (PID=5698) to work on /home/airflow/.local/lib/python3.12/site-packages/airflow/example_dags/example_setup_teardown_taskflow.py
[2026-07-29T16:33:42.520+0000] {processor.py:914} INFO - Processing file /home/airflow/.local/lib/python3.12/site-packages/airflow/example_dags/example_setup_teardown_taskflow.py for tasks to queue
[2026-07-29T16:33:42.522+0000] {logging_mixin.py:190} INFO - [2026-07-29T16:33:42.521+0000] {dagbag.py:587} INFO - Filling up the DagBag from /home/airflow/.local/lib/python3.12/site-packages/airflow/example_dags/example_setup_teardown_taskflow.py
[2026-07-29T16:33:42.526+0000] {processor.py:925} INFO - DAG(s) 'example_setup_teardown_taskflow' retrieved from /home/airflow/.local/lib/python3.12/site-packages/airflow/example_dags/example_setup_teardown_taskflow.py
[2026-07-29T16:33:42.536+0000] {logging_mixin.py:190} INFO - [2026-07-29T16:33:42.536+0000] {dag.py:3211} INFO - Sync 1 DAGs
[2026-07-29T16:33:42.546+0000] {logging_mixin.py:190} INFO - [2026-07-29T16:33:42.546+0000] {dag.py:4138} INFO - Setting next_dagrun for example_setup_teardown_taskflow to 2026-07-28 00:00:00+00:00, run_after=2026-07-29 00:00:00+00:00
[2026-07-29T16:33:42.556+0000] {processor.py:208} INFO - Processing /home/airflow/.local/lib/python3.12/site-packages/airflow/example_dags/example_setup_teardown_taskflow.py took 0.040 seconds
[2026-07-29T16:34:12.848+0000] {processor.py:186} INFO - Started process (PID=5764) to work on /home/airflow/.local/lib/python3.12/site-packages/airflow/example_dags/example_setup_teardown_taskflow.py
[2026-07-29T16:34:12.849+0000] {processor.py:914} INFO - Processing file /home/airflow/.local/lib/python3.12/site-packages/airflow/example_dags/example_setup_teardown_taskflow.py for tasks to queue
[2026-07-29T16:34:12.850+0000] {logging_mixin.py:190} INFO - [2026-07-29T16:34:12.849+0000] {dagbag.py:587} INFO - Filling up the DagBag from /home/airflow/.local/lib/python3.12/site-packages/airflow/example_dags/example_setup_teardown_taskflow.py
[2026-07-29T16:34:12.855+0000] {processor.py:925} INFO - DAG(s) 'example_setup_teardown_taskflow' retrieved from /home/airflow/.local/lib/python3.12/site-packages/airflow/example_dags/example_setup_teardown_taskflow.py
[2026-07-29T16:34:12.864+0000] {logging_mixin.py:190} INFO - [2026-07-29T16:34:12.864+0000] {dag.py:3211} INFO - Sync 1 DAGs
[2026-07-29T16:34:12.875+0000] {logging_mixin.py:190} INFO - [2026-07-29T16:34:12.875+0000] {dag.py:4138} INFO - Setting next_dagrun for example_setup_teardown_taskflow to 2026-07-28 00:00:00+00:00, run_after=2026-07-29 00:00:00+00:00
[2026-07-29T16:34:12.887+0000] {processor.py:208} INFO - Processing /home/airflow/.local/lib/python3.12/site-packages/airflow/example_dags/example_setup_teardown_taskflow.py took 0.042 seconds
[2026-07-29T16:34:43.843+0000] {processor.py:186} INFO - Started process (PID=5830) to work on /home/airflow/.local/lib/python3.12/site-packages/airflow/example_dags/example_setup_teardown_taskflow.py
[2026-07-29T16:34:43.844+0000] {processor.py:914} INFO - Processing file /home/airflow/.local/lib/python3.12/site-packages/airflow/example_dags/example_setup_teardown_taskflow.py for tasks to queue
[2026-07-29T16:34:43.845+0000] {logging_mixin.py:190} INFO - [2026-07-29T16:34:43.844+0000] {dagbag.py:587} INFO - Filling up the DagBag from /home/airflow/.local/lib/python3.12/site-packages/airflow/example_dags/example_setup_teardown_taskflow.py
[2026-07-29T16:34:43.850+0000] {processor.py:925} INFO - DAG(s) 'example_setup_teardown_taskflow' retrieved from /home/airflow/.local/lib/python3.12/site-packages/airflow/example_dags/example_setup_teardown_taskflow.py
[2026-07-29T16:34:43.864+0000] {logging_mixin.py:190} INFO - [2026-07-29T16:34:43.863+0000] {dag.py:3211} INFO - Sync 1 DAGs
[2026-07-29T16:34:43.875+0000] {logging_mixin.py:190} INFO - [2026-07-29T16:34:43.875+0000] {dag.py:4138} INFO - Setting next_dagrun for example_setup_teardown_taskflow to 2026-07-28 00:00:00+00:00, run_after=2026-07-29 00:00:00+00:00
[2026-07-29T16:34:43.887+0000] {processor.py:208} INFO - Processing /home/airflow/.local/lib/python3.12/site-packages/airflow/example_dags/example_setup_teardown_taskflow.py took 0.048 seconds
[2026-07-29T16:35:14.845+0000] {processor.py:186} INFO - Started process (PID=5896) to work on /home/airflow/.local/lib/python3.12/site-packages/airflow/example_dags/example_setup_teardown_taskflow.py
[2026-07-29T16:35:14.846+0000] {processor.py:914} INFO - Processing file /home/airflow/.local/lib/python3.12/site-packages/airflow/example_dags/example_setup_teardown_taskflow.py for tasks to queue
[2026-07-29T16:35:14.848+0000] {logging_mixin.py:190} INFO - [2026-07-29T16:35:14.848+0000] {dagbag.py:587} INFO - Filling up the DagBag from /home/airflow/.local/lib/python3.12/site-packages/airflow/example_dags/example_setup_teardown_taskflow.py
[2026-07-29T16:35:14.854+0000] {processor.py:925} INFO - DAG(s) 'example_setup_teardown_taskflow' retrieved from /home/airflow/.local/lib/python3.12/site-packages/airflow/example_dags/example_setup_teardown_taskflow.py
[2026-07-29T16:35:14.868+0000] {logging_mixin.py:190} INFO - [2026-07-29T16:35:14.868+0000] {dag.py:3211} INFO - Sync 1 DAGs
[2026-07-29T16:35:14.877+0000] {logging_mixin.py:190} INFO - [2026-07-29T16:35:14.877+0000] {dag.py:4138} INFO - Setting next_dagrun for example_setup_teardown_taskflow to 2026-07-28 00:00:00+00:00, run_after=2026-07-29 00:00:00+00:00
[2026-07-29T16:35:14.888+0000] {processor.py:208} INFO - Processing /home/airflow/.local/lib/python3.12/site-packages/airflow/example_dags/example_setup_teardown_taskflow.py took 0.046 seconds
[2026-07-29T16:35:44.929+0000] {processor.py:186} INFO - Started process (PID=5962) to work on /home/airflow/.local/lib/python3.12/site-packages/airflow/example_dags/example_setup_teardown_taskflow.py
[2026-07-29T16:35:44.930+0000] {processor.py:914} INFO - Processing file /home/airflow/.local/lib/python3.12/site-packages/airflow/example_dags/example_setup_teardown_taskflow.py for tasks to queue
[2026-07-29T16:35:44.931+0000] {logging_mixin.py:190} INFO - [2026-07-29T16:35:44.931+0000] {dagbag.py:587} INFO - Filling up the DagBag from /home/airflow/.local/lib/python3.12/site-packages/airflow/example_dags/example_setup_teardown_taskflow.py
[2026-07-29T16:35:44.935+0000] {processor.py:925} INFO - DAG(s) 'example_setup_teardown_taskflow' retrieved from /home/airflow/.local/lib/python3.12/site-packages/airflow/example_dags/example_setup_teardown_taskflow.py
[2026-07-29T16:35:44.943+0000] {logging_mixin.py:190} INFO - [2026-07-29T16:35:44.943+0000] {dag.py:3211} INFO - Sync 1 DAGs
[2026-07-29T16:35:44.951+0000] {logging_mixin.py:190} INFO - [2026-07-29T16:35:44.951+0000] {dag.py:4138} INFO - Setting next_dagrun for example_setup_teardown_taskflow to 2026-07-28 00:00:00+00:00, run_after=2026-07-29 00:00:00+00:00
[2026-07-29T16:35:44.956+0000] {processor.py:208} INFO - Processing /home/airflow/.local/lib/python3.12/site-packages/airflow/example_dags/example_setup_teardown_taskflow.py took 0.030 seconds
[2026-07-29T16:36:15.906+0000] {processor.py:186} INFO - Started process (PID=6028) to work on /home/airflow/.local/lib/python3.12/site-packages/airflow/example_dags/example_setup_teardown_taskflow.py
[2026-07-29T16:36:15.907+0000] {processor.py:914} INFO - Processing file /home/airflow/.local/lib/python3.12/site-packages/airflow/example_dags/example_setup_teardown_taskflow.py for tasks to queue
[2026-07-29T16:36:15.908+0000] {logging_mixin.py:190} INFO - [2026-07-29T16:36:15.908+0000] {dagbag.py:587} INFO - Filling up the DagBag from /home/airflow/.local/lib/python3.12/site-packages/airflow/example_dags/example_setup_teardown_taskflow.py
[2026-07-29T16:36:15.914+0000] {processor.py:925} INFO - DAG(s) 'example_setup_teardown_taskflow' retrieved from /home/airflow/.local/lib/python3.12/site-packages/airflow/example_dags/example_setup_teardown_taskflow.py
[2026-07-29T16:36:15.922+0000] {logging_mixin.py:190} INFO - [2026-07-29T16:36:15.922+0000] {dag.py:3211} INFO - Sync 1 DAGs
[2026-07-29T16:36:15.931+0000] {logging_mixin.py:190} INFO - [2026-07-29T16:36:15.931+0000] {dag.py:4138} INFO - Setting next_dagrun for example_setup_teardown_taskflow to 2026-07-28 00:00:00+00:00, run_after=2026-07-29 00:00:00+00:00
[2026-07-29T16:36:15.944+0000] {processor.py:208} INFO - Processing /home/airflow/.local/lib/python3.12/site-packages/airflow/example_dags/example_setup_teardown_taskflow.py took 0.041 seconds
[2026-07-29T16:36:46.946+0000] {processor.py:186} INFO - Started process (PID=6094) to work on /home/airflow/.local/lib/python3.12/site-packages/airflow/example_dags/example_setup_teardown_taskflow.py
[2026-07-29T16:36:46.946+0000] {processor.py:914} INFO - Processing file /home/airflow/.local/lib/python3.12/site-packages/airflow/example_dags/example_setup_teardown_taskflow.py for tasks to queue
[2026-07-29T16:36:46.947+0000] {logging_mixin.py:190} INFO - [2026-07-29T16:36:46.947+0000] {dagbag.py:587} INFO - Filling up the DagBag from /home/airflow/.local/lib/python3.12/site-packages/airflow/example_dags/example_setup_teardown_taskflow.py
[2026-07-29T16:36:46.953+0000] {processor.py:925} INFO - DAG(s) 'example_setup_teardown_taskflow' retrieved from /home/airflow/.local/lib/python3.12/site-packages/airflow/example_dags/example_setup_teardown_taskflow.py
[2026-07-29T16:36:46.964+0000] {logging_mixin.py:190} INFO - [2026-07-29T16:36:46.964+0000] {dag.py:3211} INFO - Sync 1 DAGs
[2026-07-29T16:36:46.980+0000] {logging_mixin.py:190} INFO - [2026-07-29T16:36:46.980+0000] {dag.py:4138} INFO - Setting next_dagrun for example_setup_teardown_taskflow to 2026-07-28 00:00:00+00:00, run_after=2026-07-29 00:00:00+00:00
[2026-07-29T16:36:46.994+0000] {processor.py:208} INFO - Processing /home/airflow/.local/lib/python3.12/site-packages/airflow/example_dags/example_setup_teardown_taskflow.py took 0.050 seconds
[2026-07-29T16:37:17.961+0000] {processor.py:186} INFO - Started process (PID=6160) to work on /home/airflow/.local/lib/python3.12/site-packages/airflow/example_dags/example_setup_teardown_taskflow.py
[2026-07-29T16:37:17.961+0000] {processor.py:914} INFO - Processing file /home/airflow/.local/lib/python3.12/site-packages/airflow/example_dags/example_setup_teardown_taskflow.py for tasks to queue
[2026-07-29T16:37:17.962+0000] {logging_mixin.py:190} INFO - [2026-07-29T16:37:17.962+0000] {dagbag.py:587} INFO - Filling up the DagBag from /home/airflow/.local/lib/python3.12/site-packages/airflow/example_dags/example_setup_teardown_taskflow.py
[2026-07-29T16:37:17.967+0000] {processor.py:925} INFO - DAG(s) 'example_setup_teardown_taskflow' retrieved from /home/airflow/.local/lib/python3.12/site-packages/airflow/example_dags/example_setup_teardown_taskflow.py
[2026-07-29T16:37:17.977+0000] {logging_mixin.py:190} INFO - [2026-07-29T16:37:17.977+0000] {dag.py:3211} INFO - Sync 1 DAGs
[2026-07-29T16:37:17.985+0000] {logging_mixin.py:190} INFO - [2026-07-29T16:37:17.985+0000] {dag.py:4138} INFO - Setting next_dagrun for example_setup_teardown_taskflow to 2026-07-28 00:00:00+00:00, run_after=2026-07-29 00:00:00+00:00
[2026-07-29T16:37:17.992+0000] {processor.py:208} INFO - Processing /home/airflow/.local/lib/python3.12/site-packages/airflow/example_dags/example_setup_teardown_taskflow.py took 0.034 seconds
[2026-07-29T16:37:48.992+0000] {processor.py:186} INFO - Started process (PID=6232) to work on /home/airflow/.local/lib/python3.12/site-packages/airflow/example_dags/example_setup_teardown_taskflow.py
[2026-07-29T16:37:48.993+0000] {processor.py:914} INFO - Processing file /home/airflow/.local/lib/python3.12/site-packages/airflow/example_dags/example_setup_teardown_taskflow.py for tasks to queue
[2026-07-29T16:37:48.994+0000] {logging_mixin.py:190} INFO - [2026-07-29T16:37:48.994+0000] {dagbag.py:587} INFO - Filling up the DagBag from /home/airflow/.local/lib/python3.12/site-packages/airflow/example_dags/example_setup_teardown_taskflow.py
[2026-07-29T16:37:48.999+0000] {processor.py:925} INFO - DAG(s) 'example_setup_teardown_taskflow' retrieved from /home/airflow/.local/lib/python3.12/site-packages/airflow/example_dags/example_setup_teardown_taskflow.py
[2026-07-29T16:37:49.008+0000] {logging_mixin.py:190} INFO - [2026-07-29T16:37:49.008+0000] {dag.py:3211} INFO - Sync 1 DAGs
[2026-07-29T16:37:49.016+0000] {logging_mixin.py:190} INFO - [2026-07-29T16:37:49.016+0000] {dag.py:4138} INFO - Setting next_dagrun for example_setup_teardown_taskflow to 2026-07-28 00:00:00+00:00, run_after=2026-07-29 00:00:00+00:00
[2026-07-29T16:37:49.027+0000] {processor.py:208} INFO - Processing /home/airflow/.local/lib/python3.12/site-packages/airflow/example_dags/example_setup_teardown_taskflow.py took 0.039 seconds
[2026-07-29T16:38:19.990+0000] {processor.py:186} INFO - Started process (PID=6298) to work on /home/airflow/.local/lib/python3.12/site-packages/airflow/example_dags/example_setup_teardown_taskflow.py
[2026-07-29T16:38:19.992+0000] {processor.py:914} INFO - Processing file /home/airflow/.local/lib/python3.12/site-packages/airflow/example_dags/example_setup_teardown_taskflow.py for tasks to queue
[2026-07-29T16:38:19.992+0000] {logging_mixin.py:190} INFO - [2026-07-29T16:38:19.992+0000] {dagbag.py:587} INFO - Filling up the DagBag from /home/airflow/.local/lib/python3.12/site-packages/airflow/example_dags/example_setup_teardown_taskflow.py
[2026-07-29T16:38:19.998+0000] {processor.py:925} INFO - DAG(s) 'example_setup_teardown_taskflow' retrieved from /home/airflow/.local/lib/python3.12/site-packages/airflow/example_dags/example_setup_teardown_taskflow.py
[2026-07-29T16:38:20.009+0000] {logging_mixin.py:190} INFO - [2026-07-29T16:38:20.009+0000] {dag.py:3211} INFO - Sync 1 DAGs
[2026-07-29T16:38:20.018+0000] {logging_mixin.py:190} INFO - [2026-07-29T16:38:20.018+0000] {dag.py:4138} INFO - Setting next_dagrun for example_setup_teardown_taskflow to 2026-07-28 00:00:00+00:00, run_after=2026-07-29 00:00:00+00:00
[2026-07-29T16:38:20.028+0000] {processor.py:208} INFO - Processing /home/airflow/.local/lib/python3.12/site-packages/airflow/example_dags/example_setup_teardown_taskflow.py took 0.040 seconds
[2026-07-29T16:38:52.110+0000] {processor.py:186} INFO - Started process (PID=6364) to work on /home/airflow/.local/lib/python3.12/site-packages/airflow/example_dags/example_setup_teardown_taskflow.py
[2026-07-29T16:38:52.110+0000] {processor.py:914} INFO - Processing file /home/airflow/.local/lib/python3.12/site-packages/airflow/example_dags/example_setup_teardown_taskflow.py for tasks to queue
[2026-07-29T16:38:52.111+0000] {logging_mixin.py:190} INFO - [2026-07-29T16:38:52.111+0000] {dagbag.py:587} INFO - Filling up the DagBag from /home/airflow/.local/lib/python3.12/site-packages/airflow/example_dags/example_setup_teardown_taskflow.py
[2026-07-29T16:38:52.116+0000] {processor.py:925} INFO - DAG(s) 'example_setup_teardown_taskflow' retrieved from /home/airflow/.local/lib/python3.12/site-packages/airflow/example_dags/example_setup_teardown_taskflow.py
[2026-07-29T16:38:52.130+0000] {logging_mixin.py:190} INFO - [2026-07-29T16:38:52.130+0000] {dag.py:3211} INFO - Sync 1 DAGs
[2026-07-29T16:38:52.141+0000] {logging_mixin.py:190} INFO - [2026-07-29T16:38:52.141+0000] {dag.py:4138} INFO - Setting next_dagrun for example_setup_teardown_taskflow to 2026-07-28 00:00:00+00:00, run_after=2026-07-29 00:00:00+00:00
[2026-07-29T16:38:52.154+0000] {processor.py:208} INFO - Processing /home/airflow/.local/lib/python3.12/site-packages/airflow/example_dags/example_setup_teardown_taskflow.py took 0.047 seconds
[2026-07-29T16:39:23.116+0000] {processor.py:186} INFO - Started process (PID=6430) to work on /home/airflow/.local/lib/python3.12/site-packages/airflow/example_dags/example_setup_teardown_taskflow.py
[2026-07-29T16:39:23.117+0000] {processor.py:914} INFO - Processing file /home/airflow/.local/lib/python3.12/site-packages/airflow/example_dags/example_setup_teardown_taskflow.py for tasks to queue
[2026-07-29T16:39:23.119+0000] {logging_mixin.py:190} INFO - [2026-07-29T16:39:23.119+0000] {dagbag.py:587} INFO - Filling up the DagBag from /home/airflow/.local/lib/python3.12/site-packages/airflow/example_dags/example_setup_teardown_taskflow.py
[2026-07-29T16:39:23.126+0000] {processor.py:925} INFO - DAG(s) 'example_setup_teardown_taskflow' retrieved from /home/airflow/.local/lib/python3.12/site-packages/airflow/example_dags/example_setup_teardown_taskflow.py
[2026-07-29T16:39:23.140+0000] {logging_mixin.py:190} INFO - [2026-07-29T16:39:23.140+0000] {dag.py:3211} INFO - Sync 1 DAGs
[2026-07-29T16:39:23.150+0000] {logging_mixin.py:190} INFO - [2026-07-29T16:39:23.149+0000] {dag.py:4138} INFO - Setting next_dagrun for example_setup_teardown_taskflow to 2026-07-28 00:00:00+00:00, run_after=2026-07-29 00:00:00+00:00
[2026-07-29T16:39:23.156+0000] {processor.py:208} INFO - Processing /home/airflow/.local/lib/python3.12/site-packages/airflow/example_dags/example_setup_teardown_taskflow.py took 0.043 seconds
[2026-07-29T16:39:54.097+0000] {processor.py:186} INFO - Started process (PID=6496) to work on /home/airflow/.local/lib/python3.12/site-packages/airflow/example_dags/example_setup_teardown_taskflow.py
[2026-07-29T16:39:54.098+0000] {processor.py:914} INFO - Processing file /home/airflow/.local/lib/python3.12/site-packages/airflow/example_dags/example_setup_teardown_taskflow.py for tasks to queue
[2026-07-29T16:39:54.099+0000] {logging_mixin.py:190} INFO - [2026-07-29T16:39:54.099+0000] {dagbag.py:587} INFO - Filling up the DagBag from /home/airflow/.local/lib/python3.12/site-packages/airflow/example_dags/example_setup_teardown_taskflow.py
[2026-07-29T16:39:54.106+0000] {processor.py:925} INFO - DAG(s) 'example_setup_teardown_taskflow' retrieved from /home/airflow/.local/lib/python3.12/site-packages/airflow/example_dags/example_setup_teardown_taskflow.py
[2026-07-29T16:39:54.115+0000] {logging_mixin.py:190} INFO - [2026-07-29T16:39:54.115+0000] {dag.py:3211} INFO - Sync 1 DAGs
[2026-07-29T16:39:54.125+0000] {logging_mixin.py:190} INFO - [2026-07-29T16:39:54.125+0000] {dag.py:4138} INFO - Setting next_dagrun for example_setup_teardown_taskflow to 2026-07-28 00:00:00+00:00, run_after=2026-07-29 00:00:00+00:00
[2026-07-29T16:39:54.137+0000] {processor.py:208} INFO - Processing /home/airflow/.local/lib/python3.12/site-packages/airflow/example_dags/example_setup_teardown_taskflow.py took 0.043 seconds
[2026-07-29T16:40:24.394+0000] {processor.py:186} INFO - Started process (PID=6562) to work on /home/airflow/.local/lib/python3.12/site-packages/airflow/example_dags/example_setup_teardown_taskflow.py
[2026-07-29T16:40:24.395+0000] {processor.py:914} INFO - Processing file /home/airflow/.local/lib/python3.12/site-packages/airflow/example_dags/example_setup_teardown_taskflow.py for tasks to queue
[2026-07-29T16:40:24.396+0000] {logging_mixin.py:190} INFO - [2026-07-29T16:40:24.396+0000] {dagbag.py:587} INFO - Filling up the DagBag from /home/airflow/.local/lib/python3.12/site-packages/airflow/example_dags/example_setup_teardown_taskflow.py
[2026-07-29T16:40:24.402+0000] {processor.py:925} INFO - DAG(s) 'example_setup_teardown_taskflow' retrieved from /home/airflow/.local/lib/python3.12/site-packages/airflow/example_dags/example_setup_teardown_taskflow.py
[2026-07-29T16:40:24.413+0000] {logging_mixin.py:190} INFO - [2026-07-29T16:40:24.412+0000] {dag.py:3211} INFO - Sync 1 DAGs
[2026-07-29T16:40:24.429+0000] {logging_mixin.py:190} INFO - [2026-07-29T16:40:24.429+0000] {dag.py:4138} INFO - Setting next_dagrun for example_setup_teardown_taskflow to 2026-07-28 00:00:00+00:00, run_after=2026-07-29 00:00:00+00:00
[2026-07-29T16:40:24.444+0000] {processor.py:208} INFO - Processing /home/airflow/.local/lib/python3.12/site-packages/airflow/example_dags/example_setup_teardown_taskflow.py took 0.053 seconds
[2026-07-29T16:40:54.479+0000] {processor.py:186} INFO - Started process (PID=6628) to work on /home/airflow/.local/lib/python3.12/site-packages/airflow/example_dags/example_setup_teardown_taskflow.py
[2026-07-29T16:40:54.479+0000] {processor.py:914} INFO - Processing file /home/airflow/.local/lib/python3.12/site-packages/airflow/example_dags/example_setup_teardown_taskflow.py for tasks to queue
[2026-07-29T16:40:54.480+0000] {logging_mixin.py:190} INFO - [2026-07-29T16:40:54.480+0000] {dagbag.py:587} INFO - Filling up the DagBag from /home/airflow/.local/lib/python3.12/site-packages/airflow/example_dags/example_setup_teardown_taskflow.py
[2026-07-29T16:40:54.486+0000] {processor.py:925} INFO - DAG(s) 'example_setup_teardown_taskflow' retrieved from /home/airflow/.local/lib/python3.12/site-packages/airflow/example_dags/example_setup_teardown_taskflow.py
[2026-07-29T16:40:54.500+0000] {logging_mixin.py:190} INFO - [2026-07-29T16:40:54.500+0000] {dag.py:3211} INFO - Sync 1 DAGs
[2026-07-29T16:40:54.510+0000] {logging_mixin.py:190} INFO - [2026-07-29T16:40:54.510+0000] {dag.py:4138} INFO - Setting next_dagrun for example_setup_teardown_taskflow to 2026-07-28 00:00:00+00:00, run_after=2026-07-29 00:00:00+00:00
[2026-07-29T16:40:54.524+0000] {processor.py:208} INFO - Processing /home/airflow/.local/lib/python3.12/site-packages/airflow/example_dags/example_setup_teardown_taskflow.py took 0.048 seconds
[2026-07-29T16:41:25.526+0000] {processor.py:186} INFO - Started process (PID=6694) to work on /home/airflow/.local/lib/python3.12/site-packages/airflow/example_dags/example_setup_teardown_taskflow.py
[2026-07-29T16:41:25.527+0000] {processor.py:914} INFO - Processing file /home/airflow/.local/lib/python3.12/site-packages/airflow/example_dags/example_setup_teardown_taskflow.py for tasks to queue
[2026-07-29T16:41:25.527+0000] {logging_mixin.py:190} INFO - [2026-07-29T16:41:25.527+0000] {dagbag.py:587} INFO - Filling up the DagBag from /home/airflow/.local/lib/python3.12/site-packages/airflow/example_dags/example_setup_teardown_taskflow.py
[2026-07-29T16:41:25.532+0000] {processor.py:925} INFO - DAG(s) 'example_setup_teardown_taskflow' retrieved from /home/airflow/.local/lib/python3.12/site-packages/airflow/example_dags/example_setup_teardown_taskflow.py
[2026-07-29T16:41:25.541+0000] {logging_mixin.py:190} INFO - [2026-07-29T16:41:25.540+0000] {dag.py:3211} INFO - Sync 1 DAGs
[2026-07-29T16:41:25.548+0000] {logging_mixin.py:190} INFO - [2026-07-29T16:41:25.548+0000] {dag.py:4138} INFO - Setting next_dagrun for example_setup_teardown_taskflow to 2026-07-28 00:00:00+00:00, run_after=2026-07-29 00:00:00+00:00
[2026-07-29T16:41:25.554+0000] {processor.py:208} INFO - Processing /home/airflow/.local/lib/python3.12/site-packages/airflow/example_dags/example_setup_teardown_taskflow.py took 0.031 seconds
[2026-07-29T16:41:55.748+0000] {processor.py:186} INFO - Started process (PID=6760) to work on /home/airflow/.local/lib/python3.12/site-packages/airflow/example_dags/example_setup_teardown_taskflow.py
[2026-07-29T16:41:55.749+0000] {processor.py:914} INFO - Processing file /home/airflow/.local/lib/python3.12/site-packages/airflow/example_dags/example_setup_teardown_taskflow.py for tasks to queue
[2026-07-29T16:41:55.750+0000] {logging_mixin.py:190} INFO - [2026-07-29T16:41:55.750+0000] {dagbag.py:587} INFO - Filling up the DagBag from /home/airflow/.local/lib/python3.12/site-packages/airflow/example_dags/example_setup_teardown_taskflow.py
[2026-07-29T16:41:55.755+0000] {processor.py:925} INFO - DAG(s) 'example_setup_teardown_taskflow' retrieved from /home/airflow/.local/lib/python3.12/site-packages/airflow/example_dags/example_setup_teardown_taskflow.py
[2026-07-29T16:41:55.766+0000] {logging_mixin.py:190} INFO - [2026-07-29T16:41:55.766+0000] {dag.py:3211} INFO - Sync 1 DAGs
[2026-07-29T16:41:55.776+0000] {logging_mixin.py:190} INFO - [2026-07-29T16:41:55.776+0000] {dag.py:4138} INFO - Setting next_dagrun for example_setup_teardown_taskflow to 2026-07-28 00:00:00+00:00, run_after=2026-07-29 00:00:00+00:00
[2026-07-29T16:41:55.784+0000] {processor.py:208} INFO - Processing /home/airflow/.local/lib/python3.12/site-packages/airflow/example_dags/example_setup_teardown_taskflow.py took 0.039 seconds
[2026-07-29T16:42:25.891+0000] {processor.py:186} INFO - Started process (PID=6826) to work on /home/airflow/.local/lib/python3.12/site-packages/airflow/example_dags/example_setup_teardown_taskflow.py
[2026-07-29T16:42:25.891+0000] {processor.py:914} INFO - Processing file /home/airflow/.local/lib/python3.12/site-packages/airflow/example_dags/example_setup_teardown_taskflow.py for tasks to queue
[2026-07-29T16:42:25.892+0000] {logging_mixin.py:190} INFO - [2026-07-29T16:42:25.892+0000] {dagbag.py:587} INFO - Filling up the DagBag from /home/airflow/.local/lib/python3.12/site-packages/airflow/example_dags/example_setup_teardown_taskflow.py
[2026-07-29T16:42:25.897+0000] {processor.py:925} INFO - DAG(s) 'example_setup_teardown_taskflow' retrieved from /home/airflow/.local/lib/python3.12/site-packages/airflow/example_dags/example_setup_teardown_taskflow.py
[2026-07-29T16:42:25.910+0000] {logging_mixin.py:190} INFO - [2026-07-29T16:42:25.910+0000] {dag.py:3211} INFO - Sync 1 DAGs
[2026-07-29T16:42:25.920+0000] {logging_mixin.py:190} INFO - [2026-07-29T16:42:25.920+0000] {dag.py:4138} INFO - Setting next_dagrun for example_setup_teardown_taskflow to 2026-07-28 00:00:00+00:00, run_after=2026-07-29 00:00:00+00:00
[2026-07-29T16:42:25.930+0000] {processor.py:208} INFO - Processing /home/airflow/.local/lib/python3.12/site-packages/airflow/example_dags/example_setup_teardown_taskflow.py took 0.041 seconds
[2026-07-29T16:42:56.121+0000] {processor.py:186} INFO - Started process (PID=6892) to work on /home/airflow/.local/lib/python3.12/site-packages/airflow/example_dags/example_setup_teardown_taskflow.py
[2026-07-29T16:42:56.121+0000] {processor.py:914} INFO - Processing file /home/airflow/.local/lib/python3.12/site-packages/airflow/example_dags/example_setup_teardown_taskflow.py for tasks to queue
[2026-07-29T16:42:56.122+0000] {logging_mixin.py:190} INFO - [2026-07-29T16:42:56.122+0000] {dagbag.py:587} INFO - Filling up the DagBag from /home/airflow/.local/lib/python3.12/site-packages/airflow/example_dags/example_setup_teardown_taskflow.py
[2026-07-29T16:42:56.128+0000] {processor.py:925} INFO - DAG(s) 'example_setup_teardown_taskflow' retrieved from /home/airflow/.local/lib/python3.12/site-packages/airflow/example_dags/example_setup_teardown_taskflow.py
[2026-07-29T16:42:56.136+0000] {logging_mixin.py:190} INFO - [2026-07-29T16:42:56.136+0000] {dag.py:3211} INFO - Sync 1 DAGs
[2026-07-29T16:42:56.148+0000] {logging_mixin.py:190} INFO - [2026-07-29T16:42:56.148+0000] {dag.py:4138} INFO - Setting next_dagrun for example_setup_teardown_taskflow to 2026-07-28 00:00:00+00:00, run_after=2026-07-29 00:00:00+00:00
[2026-07-29T16:42:56.158+0000] {processor.py:208} INFO - Processing /home/airflow/.local/lib/python3.12/site-packages/airflow/example_dags/example_setup_teardown_taskflow.py took 0.040 seconds
[2026-07-29T16:43:26.321+0000] {processor.py:186} INFO - Started process (PID=6958) to work on /home/airflow/.local/lib/python3.12/site-packages/airflow/example_dags/example_setup_teardown_taskflow.py
[2026-07-29T16:43:26.322+0000] {processor.py:914} INFO - Processing file /home/airflow/.local/lib/python3.12/site-packages/airflow/example_dags/example_setup_teardown_taskflow.py for tasks to queue
[2026-07-29T16:43:26.322+0000] {logging_mixin.py:190} INFO - [2026-07-29T16:43:26.322+0000] {dagbag.py:587} INFO - Filling up the DagBag from /home/airflow/.local/lib/python3.12/site-packages/airflow/example_dags/example_setup_teardown_taskflow.py
[2026-07-29T16:43:26.327+0000] {processor.py:925} INFO - DAG(s) 'example_setup_teardown_taskflow' retrieved from /home/airflow/.local/lib/python3.12/site-packages/airflow/example_dags/example_setup_teardown_taskflow.py
[2026-07-29T16:43:26.335+0000] {logging_mixin.py:190} INFO - [2026-07-29T16:43:26.335+0000] {dag.py:3211} INFO - Sync 1 DAGs
[2026-07-29T16:43:26.342+0000] {logging_mixin.py:190} INFO - [2026-07-29T16:43:26.342+0000] {dag.py:4138} INFO - Setting next_dagrun for example_setup_teardown_taskflow to 2026-07-28 00:00:00+00:00, run_after=2026-07-29 00:00:00+00:00
[2026-07-29T16:43:26.348+0000] {processor.py:208} INFO - Processing /home/airflow/.local/lib/python3.12/site-packages/airflow/example_dags/example_setup_teardown_taskflow.py took 0.030 seconds
[2026-07-29T16:43:57.425+0000] {processor.py:186} INFO - Started process (PID=7024) to work on /home/airflow/.local/lib/python3.12/site-packages/airflow/example_dags/example_setup_teardown_taskflow.py
[2026-07-29T16:43:57.425+0000] {processor.py:914} INFO - Processing file /home/airflow/.local/lib/python3.12/site-packages/airflow/example_dags/example_setup_teardown_taskflow.py for tasks to queue
[2026-07-29T16:43:57.426+0000] {logging_mixin.py:190} INFO - [2026-07-29T16:43:57.426+0000] {dagbag.py:587} INFO - Filling up the DagBag from /home/airflow/.local/lib/python3.12/site-packages/airflow/example_dags/example_setup_teardown_taskflow.py
[2026-07-29T16:43:57.431+0000] {processor.py:925} INFO - DAG(s) 'example_setup_teardown_taskflow' retrieved from /home/airflow/.local/lib/python3.12/site-packages/airflow/example_dags/example_setup_teardown_taskflow.py
[2026-07-29T16:43:57.441+0000] {logging_mixin.py:190} INFO - [2026-07-29T16:43:57.440+0000] {dag.py:3211} INFO - Sync 1 DAGs
[2026-07-29T16:43:57.549+0000] {logging_mixin.py:190} INFO - [2026-07-29T16:43:57.549+0000] {dag.py:4138} INFO - Setting next_dagrun for example_setup_teardown_taskflow to 2026-07-28 00:00:00+00:00, run_after=2026-07-29 00:00:00+00:00
[2026-07-29T16:43:57.558+0000] {processor.py:208} INFO - Processing /home/airflow/.local/lib/python3.12/site-packages/airflow/example_dags/example_setup_teardown_taskflow.py took 0.136 seconds
[2026-07-29T16:44:28.214+0000] {processor.py:186} INFO - Started process (PID=7090) to work on /home/airflow/.local/lib/python3.12/site-packages/airflow/example_dags/example_setup_teardown_taskflow.py
[2026-07-29T16:44:28.214+0000] {processor.py:914} INFO - Processing file /home/airflow/.local/lib/python3.12/site-packages/airflow/example_dags/example_setup_teardown_taskflow.py for tasks to queue
[2026-07-29T16:44:28.215+0000] {logging_mixin.py:190} INFO - [2026-07-29T16:44:28.215+0000] {dagbag.py:587} INFO - Filling up the DagBag from /home/airflow/.local/lib/python3.12/site-packages/airflow/example_dags/example_setup_teardown_taskflow.py
[2026-07-29T16:44:28.220+0000] {processor.py:925} INFO - DAG(s) 'example_setup_teardown_taskflow' retrieved from /home/airflow/.local/lib/python3.12/site-packages/airflow/example_dags/example_setup_teardown_taskflow.py
[2026-07-29T16:44:28.227+0000] {logging_mixin.py:190} INFO - [2026-07-29T16:44:28.227+0000] {dag.py:3211} INFO - Sync 1 DAGs
[2026-07-29T16:44:28.235+0000] {logging_mixin.py:190} INFO - [2026-07-29T16:44:28.235+0000] {dag.py:4138} INFO - Setting next_dagrun for example_setup_teardown_taskflow to 2026-07-28 00:00:00+00:00, run_after=2026-07-29 00:00:00+00:00
[2026-07-29T16:44:28.314+0000] {processor.py:208} INFO - Processing /home/airflow/.local/lib/python3.12/site-packages/airflow/example_dags/example_setup_teardown_taskflow.py took 0.103 seconds
[2026-07-29T16:44:58.594+0000] {processor.py:186} INFO - Started process (PID=7156) to work on /home/airflow/.local/lib/python3.12/site-packages/airflow/example_dags/example_setup_teardown_taskflow.py
[2026-07-29T16:44:58.595+0000] {processor.py:914} INFO - Processing file /home/airflow/.local/lib/python3.12/site-packages/airflow/example_dags/example_setup_teardown_taskflow.py for tasks to queue
[2026-07-29T16:44:58.596+0000] {logging_mixin.py:190} INFO - [2026-07-29T16:44:58.596+0000] {dagbag.py:587} INFO - Filling up the DagBag from /home/airflow/.local/lib/python3.12/site-packages/airflow/example_dags/example_setup_teardown_taskflow.py
[2026-07-29T16:44:58.601+0000] {processor.py:925} INFO - DAG(s) 'example_setup_teardown_taskflow' retrieved from /home/airflow/.local/lib/python3.12/site-packages/airflow/example_dags/example_setup_teardown_taskflow.py
[2026-07-29T16:44:58.610+0000] {logging_mixin.py:190} INFO - [2026-07-29T16:44:58.610+0000] {dag.py:3211} INFO - Sync 1 DAGs
[2026-07-29T16:44:58.619+0000] {logging_mixin.py:190} INFO - [2026-07-29T16:44:58.619+0000] {dag.py:4138} INFO - Setting next_dagrun for example_setup_teardown_taskflow to 2026-07-28 00:00:00+00:00, run_after=2026-07-29 00:00:00+00:00
[2026-07-29T16:44:58.632+0000] {processor.py:208} INFO - Processing /home/airflow/.local/lib/python3.12/site-packages/airflow/example_dags/example_setup_teardown_taskflow.py took 0.040 seconds
[2026-07-29T16:45:29.263+0000] {processor.py:186} INFO - Started process (PID=7222) to work on /home/airflow/.local/lib/python3.12/site-packages/airflow/example_dags/example_setup_teardown_taskflow.py
[2026-07-29T16:45:29.263+0000] {processor.py:914} INFO - Processing file /home/airflow/.local/lib/python3.12/site-packages/airflow/example_dags/example_setup_teardown_taskflow.py for tasks to queue
[2026-07-29T16:45:29.266+0000] {logging_mixin.py:190} INFO - [2026-07-29T16:45:29.266+0000] {dagbag.py:587} INFO - Filling up the DagBag from /home/airflow/.local/lib/python3.12/site-packages/airflow/example_dags/example_setup_teardown_taskflow.py
[2026-07-29T16:45:29.271+0000] {processor.py:925} INFO - DAG(s) 'example_setup_teardown_taskflow' retrieved from /home/airflow/.local/lib/python3.12/site-packages/airflow/example_dags/example_setup_teardown_taskflow.py
[2026-07-29T16:45:29.282+0000] {logging_mixin.py:190} INFO - [2026-07-29T16:45:29.281+0000] {dag.py:3211} INFO - Sync 1 DAGs
[2026-07-29T16:45:29.292+0000] {logging_mixin.py:190} INFO - [2026-07-29T16:45:29.292+0000] {dag.py:4138} INFO - Setting next_dagrun for example_setup_teardown_taskflow to 2026-07-28 00:00:00+00:00, run_after=2026-07-29 00:00:00+00:00
[2026-07-29T16:45:29.299+0000] {processor.py:208} INFO - Processing /home/airflow/.local/lib/python3.12/site-packages/airflow/example_dags/example_setup_teardown_taskflow.py took 0.039 seconds
[2026-07-29T16:46:00.184+0000] {processor.py:186} INFO - Started process (PID=7288) to work on /home/airflow/.local/lib/python3.12/site-packages/airflow/example_dags/example_setup_teardown_taskflow.py
[2026-07-29T16:46:00.186+0000] {processor.py:914} INFO - Processing file /home/airflow/.local/lib/python3.12/site-packages/airflow/example_dags/example_setup_teardown_taskflow.py for tasks to queue
[2026-07-29T16:46:00.187+0000] {logging_mixin.py:190} INFO - [2026-07-29T16:46:00.187+0000] {dagbag.py:587} INFO - Filling up the DagBag from /home/airflow/.local/lib/python3.12/site-packages/airflow/example_dags/example_setup_teardown_taskflow.py
[2026-07-29T16:46:00.192+0000] {processor.py:925} INFO - DAG(s) 'example_setup_teardown_taskflow' retrieved from /home/airflow/.local/lib/python3.12/site-packages/airflow/example_dags/example_setup_teardown_taskflow.py
[2026-07-29T16:46:00.204+0000] {logging_mixin.py:190} INFO - [2026-07-29T16:46:00.204+0000] {dag.py:3211} INFO - Sync 1 DAGs
[2026-07-29T16:46:00.217+0000] {logging_mixin.py:190} INFO - [2026-07-29T16:46:00.217+0000] {dag.py:4138} INFO - Setting next_dagrun for example_setup_teardown_taskflow to 2026-07-28 00:00:00+00:00, run_after=2026-07-29 00:00:00+00:00
[2026-07-29T16:46:00.234+0000] {processor.py:208} INFO - Processing /home/airflow/.local/lib/python3.12/site-packages/airflow/example_dags/example_setup_teardown_taskflow.py took 0.053 seconds
[2026-07-29T16:46:31.149+0000] {processor.py:186} INFO - Started process (PID=7354) to work on /home/airflow/.local/lib/python3.12/site-packages/airflow/example_dags/example_setup_teardown_taskflow.py
[2026-07-29T16:46:31.150+0000] {processor.py:914} INFO - Processing file /home/airflow/.local/lib/python3.12/site-packages/airflow/example_dags/example_setup_teardown_taskflow.py for tasks to queue
[2026-07-29T16:46:31.151+0000] {logging_mixin.py:190} INFO - [2026-07-29T16:46:31.151+0000] {dagbag.py:587} INFO - Filling up the DagBag from /home/airflow/.local/lib/python3.12/site-packages/airflow/example_dags/example_setup_teardown_taskflow.py
[2026-07-29T16:46:31.157+0000] {processor.py:925} INFO - DAG(s) 'example_setup_teardown_taskflow' retrieved from /home/airflow/.local/lib/python3.12/site-packages/airflow/example_dags/example_setup_teardown_taskflow.py
[2026-07-29T16:46:31.167+0000] {logging_mixin.py:190} INFO - [2026-07-29T16:46:31.167+0000] {dag.py:3211} INFO - Sync 1 DAGs
[2026-07-29T16:46:31.278+0000] {logging_mixin.py:190} INFO - [2026-07-29T16:46:31.278+0000] {dag.py:4138} INFO - Setting next_dagrun for example_setup_teardown_taskflow to 2026-07-28 00:00:00+00:00, run_after=2026-07-29 00:00:00+00:00
[2026-07-29T16:46:31.291+0000] {processor.py:208} INFO - Processing /home/airflow/.local/lib/python3.12/site-packages/airflow/example_dags/example_setup_teardown_taskflow.py took 0.146 seconds
[2026-07-29T16:47:01.780+0000] {processor.py:186} INFO - Started process (PID=7420) to work on /home/airflow/.local/lib/python3.12/site-packages/airflow/example_dags/example_setup_teardown_taskflow.py
[2026-07-29T16:47:01.781+0000] {processor.py:914} INFO - Processing file /home/airflow/.local/lib/python3.12/site-packages/airflow/example_dags/example_setup_teardown_taskflow.py for tasks to queue
[2026-07-29T16:47:01.782+0000] {logging_mixin.py:190} INFO - [2026-07-29T16:47:01.782+0000] {dagbag.py:587} INFO - Filling up the DagBag from /home/airflow/.local/lib/python3.12/site-packages/airflow/example_dags/example_setup_teardown_taskflow.py
[2026-07-29T16:47:01.787+0000] {processor.py:925} INFO - DAG(s) 'example_setup_teardown_taskflow' retrieved from /home/airflow/.local/lib/python3.12/site-packages/airflow/example_dags/example_setup_teardown_taskflow.py
[2026-07-29T16:47:01.796+0000] {logging_mixin.py:190} INFO - [2026-07-29T16:47:01.796+0000] {dag.py:3211} INFO - Sync 1 DAGs
[2026-07-29T16:47:01.805+0000] {logging_mixin.py:190} INFO - [2026-07-29T16:47:01.805+0000] {dag.py:4138} INFO - Setting next_dagrun for example_setup_teardown_taskflow to 2026-07-28 00:00:00+00:00, run_after=2026-07-29 00:00:00+00:00
[2026-07-29T16:47:01.815+0000] {processor.py:208} INFO - Processing /home/airflow/.local/lib/python3.12/site-packages/airflow/example_dags/example_setup_teardown_taskflow.py took 0.038 seconds
[2026-07-29T16:47:32.805+0000] {processor.py:186} INFO - Started process (PID=7486) to work on /home/airflow/.local/lib/python3.12/site-packages/airflow/example_dags/example_setup_teardown_taskflow.py
[2026-07-29T16:47:32.806+0000] {processor.py:914} INFO - Processing file /home/airflow/.local/lib/python3.12/site-packages/airflow/example_dags/example_setup_teardown_taskflow.py for tasks to queue
[2026-07-29T16:47:32.808+0000] {logging_mixin.py:190} INFO - [2026-07-29T16:47:32.808+0000] {dagbag.py:587} INFO - Filling up the DagBag from /home/airflow/.local/lib/python3.12/site-packages/airflow/example_dags/example_setup_teardown_taskflow.py
[2026-07-29T16:47:32.812+0000] {processor.py:925} INFO - DAG(s) 'example_setup_teardown_taskflow' retrieved from /home/airflow/.local/lib/python3.12/site-packages/airflow/example_dags/example_setup_teardown_taskflow.py
[2026-07-29T16:47:32.829+0000] {logging_mixin.py:190} INFO - [2026-07-29T16:47:32.828+0000] {dag.py:3211} INFO - Sync 1 DAGs
[2026-07-29T16:47:32.839+0000] {logging_mixin.py:190} INFO - [2026-07-29T16:47:32.839+0000] {dag.py:4138} INFO - Setting next_dagrun for example_setup_teardown_taskflow to 2026-07-28 00:00:00+00:00, run_after=2026-07-29 00:00:00+00:00
[2026-07-29T16:47:32.848+0000] {processor.py:208} INFO - Processing /home/airflow/.local/lib/python3.12/site-packages/airflow/example_dags/example_setup_teardown_taskflow.py took 0.046 seconds
[2026-07-29T16:48:03.799+0000] {processor.py:186} INFO - Started process (PID=7552) to work on /home/airflow/.local/lib/python3.12/site-packages/airflow/example_dags/example_setup_teardown_taskflow.py
[2026-07-29T16:48:03.799+0000] {processor.py:914} INFO - Processing file /home/airflow/.local/lib/python3.12/site-packages/airflow/example_dags/example_setup_teardown_taskflow.py for tasks to queue
[2026-07-29T16:48:03.800+0000] {logging_mixin.py:190} INFO - [2026-07-29T16:48:03.800+0000] {dagbag.py:587} INFO - Filling up the DagBag from /home/airflow/.local/lib/python3.12/site-packages/airflow/example_dags/example_setup_teardown_taskflow.py
[2026-07-29T16:48:03.805+0000] {processor.py:925} INFO - DAG(s) 'example_setup_teardown_taskflow' retrieved from /home/airflow/.local/lib/python3.12/site-packages/airflow/example_dags/example_setup_teardown_taskflow.py
[2026-07-29T16:48:03.815+0000] {logging_mixin.py:190} INFO - [2026-07-29T16:48:03.815+0000] {dag.py:3211} INFO - Sync 1 DAGs
[2026-07-29T16:48:03.824+0000] {logging_mixin.py:190} INFO - [2026-07-29T16:48:03.824+0000] {dag.py:4138} INFO - Setting next_dagrun for example_setup_teardown_taskflow to 2026-07-28 00:00:00+00:00, run_after=2026-07-29 00:00:00+00:00
[2026-07-29T16:48:03.835+0000] {processor.py:208} INFO - Processing /home/airflow/.local/lib/python3.12/site-packages/airflow/example_dags/example_setup_teardown_taskflow.py took 0.039 seconds
[2026-07-29T16:48:33.932+0000] {processor.py:186} INFO - Started process (PID=7618) to work on /home/airflow/.local/lib/python3.12/site-packages/airflow/example_dags/example_setup_teardown_taskflow.py
[2026-07-29T16:48:33.933+0000] {processor.py:914} INFO - Processing file /home/airflow/.local/lib/python3.12/site-packages/airflow/example_dags/example_setup_teardown_taskflow.py for tasks to queue
[2026-07-29T16:48:33.934+0000] {logging_mixin.py:190} INFO - [2026-07-29T16:48:33.934+0000] {dagbag.py:587} INFO - Filling up the DagBag from /home/airflow/.local/lib/python3.12/site-packages/airflow/example_dags/example_setup_teardown_taskflow.py
[2026-07-29T16:48:33.939+0000] {processor.py:925} INFO - DAG(s) 'example_setup_teardown_taskflow' retrieved from /home/airflow/.local/lib/python3.12/site-packages/airflow/example_dags/example_setup_teardown_taskflow.py
[2026-07-29T16:48:33.948+0000] {logging_mixin.py:190} INFO - [2026-07-29T16:48:33.947+0000] {dag.py:3211} INFO - Sync 1 DAGs
[2026-07-29T16:48:33.958+0000] {logging_mixin.py:190} INFO - [2026-07-29T16:48:33.958+0000] {dag.py:4138} INFO - Setting next_dagrun for example_setup_teardown_taskflow to 2026-07-28 00:00:00+00:00, run_after=2026-07-29 00:00:00+00:00
[2026-07-29T16:48:33.970+0000] {processor.py:208} INFO - Processing /home/airflow/.local/lib/python3.12/site-packages/airflow/example_dags/example_setup_teardown_taskflow.py took 0.041 seconds
[2026-07-29T16:49:04.860+0000] {processor.py:186} INFO - Started process (PID=7684) to work on /home/airflow/.local/lib/python3.12/site-packages/airflow/example_dags/example_setup_teardown_taskflow.py
[2026-07-29T16:49:04.862+0000] {processor.py:914} INFO - Processing file /home/airflow/.local/lib/python3.12/site-packages/airflow/example_dags/example_setup_teardown_taskflow.py for tasks to queue
[2026-07-29T16:49:04.864+0000] {logging_mixin.py:190} INFO - [2026-07-29T16:49:04.864+0000] {dagbag.py:587} INFO - Filling up the DagBag from /home/airflow/.local/lib/python3.12/site-packages/airflow/example_dags/example_setup_teardown_taskflow.py
[2026-07-29T16:49:04.869+0000] {processor.py:925} INFO - DAG(s) 'example_setup_teardown_taskflow' retrieved from /home/airflow/.local/lib/python3.12/site-packages/airflow/example_dags/example_setup_teardown_taskflow.py
[2026-07-29T16:49:04.880+0000] {logging_mixin.py:190} INFO - [2026-07-29T16:49:04.880+0000] {dag.py:3211} INFO - Sync 1 DAGs
[2026-07-29T16:49:04.890+0000] {logging_mixin.py:190} INFO - [2026-07-29T16:49:04.890+0000] {dag.py:4138} INFO - Setting next_dagrun for example_setup_teardown_taskflow to 2026-07-28 00:00:00+00:00, run_after=2026-07-29 00:00:00+00:00
[2026-07-29T16:49:04.897+0000] {processor.py:208} INFO - Processing /home/airflow/.local/lib/python3.12/site-packages/airflow/example_dags/example_setup_teardown_taskflow.py took 0.040 seconds
[2026-07-29T16:49:35.833+0000] {processor.py:186} INFO - Started process (PID=7750) to work on /home/airflow/.local/lib/python3.12/site-packages/airflow/example_dags/example_setup_teardown_taskflow.py
[2026-07-29T16:49:35.833+0000] {processor.py:914} INFO - Processing file /home/airflow/.local/lib/python3.12/site-packages/airflow/example_dags/example_setup_teardown_taskflow.py for tasks to queue
[2026-07-29T16:49:35.834+0000] {logging_mixin.py:190} INFO - [2026-07-29T16:49:35.834+0000] {dagbag.py:587} INFO - Filling up the DagBag from /home/airflow/.local/lib/python3.12/site-packages/airflow/example_dags/example_setup_teardown_taskflow.py
[2026-07-29T16:49:35.841+0000] {processor.py:925} INFO - DAG(s) 'example_setup_teardown_taskflow' retrieved from /home/airflow/.local/lib/python3.12/site-packages/airflow/example_dags/example_setup_teardown_taskflow.py
[2026-07-29T16:49:35.852+0000] {logging_mixin.py:190} INFO - [2026-07-29T16:49:35.852+0000] {dag.py:3211} INFO - Sync 1 DAGs
[2026-07-29T16:49:35.860+0000] {logging_mixin.py:190} INFO - [2026-07-29T16:49:35.860+0000] {dag.py:4138} INFO - Setting next_dagrun for example_setup_teardown_taskflow to 2026-07-28 00:00:00+00:00, run_after=2026-07-29 00:00:00+00:00
[2026-07-29T16:49:35.870+0000] {processor.py:208} INFO - Processing /home/airflow/.local/lib/python3.12/site-packages/airflow/example_dags/example_setup_teardown_taskflow.py took 0.040 seconds
[2026-07-29T16:50:05.991+0000] {processor.py:186} INFO - Started process (PID=7816) to work on /home/airflow/.local/lib/python3.12/site-packages/airflow/example_dags/example_setup_teardown_taskflow.py
[2026-07-29T16:50:05.992+0000] {processor.py:914} INFO - Processing file /home/airflow/.local/lib/python3.12/site-packages/airflow/example_dags/example_setup_teardown_taskflow.py for tasks to queue
[2026-07-29T16:50:05.993+0000] {logging_mixin.py:190} INFO - [2026-07-29T16:50:05.993+0000] {dagbag.py:587} INFO - Filling up the DagBag from /home/airflow/.local/lib/python3.12/site-packages/airflow/example_dags/example_setup_teardown_taskflow.py
[2026-07-29T16:50:06.000+0000] {processor.py:925} INFO - DAG(s) 'example_setup_teardown_taskflow' retrieved from /home/airflow/.local/lib/python3.12/site-packages/airflow/example_dags/example_setup_teardown_taskflow.py
[2026-07-29T16:50:06.011+0000] {logging_mixin.py:190} INFO - [2026-07-29T16:50:06.010+0000] {dag.py:3211} INFO - Sync 1 DAGs
[2026-07-29T16:50:06.025+0000] {logging_mixin.py:190} INFO - [2026-07-29T16:50:06.025+0000] {dag.py:4138} INFO - Setting next_dagrun for example_setup_teardown_taskflow to 2026-07-28 00:00:00+00:00, run_after=2026-07-29 00:00:00+00:00
[2026-07-29T16:50:06.037+0000] {processor.py:208} INFO - Processing /home/airflow/.local/lib/python3.12/site-packages/airflow/example_dags/example_setup_teardown_taskflow.py took 0.048 seconds
[2026-07-29T16:50:36.120+0000] {processor.py:186} INFO - Started process (PID=7882) to work on /home/airflow/.local/lib/python3.12/site-packages/airflow/example_dags/example_setup_teardown_taskflow.py
[2026-07-29T16:50:36.120+0000] {processor.py:914} INFO - Processing file /home/airflow/.local/lib/python3.12/site-packages/airflow/example_dags/example_setup_teardown_taskflow.py for tasks to queue
[2026-07-29T16:50:36.121+0000] {logging_mixin.py:190} INFO - [2026-07-29T16:50:36.121+0000] {dagbag.py:587} INFO - Filling up the DagBag from /home/airflow/.local/lib/python3.12/site-packages/airflow/example_dags/example_setup_teardown_taskflow.py
[2026-07-29T16:50:36.126+0000] {processor.py:925} INFO - DAG(s) 'example_setup_teardown_taskflow' retrieved from /home/airflow/.local/lib/python3.12/site-packages/airflow/example_dags/example_setup_teardown_taskflow.py
[2026-07-29T16:50:36.140+0000] {logging_mixin.py:190} INFO - [2026-07-29T16:50:36.140+0000] {dag.py:3211} INFO - Sync 1 DAGs
[2026-07-29T16:50:36.152+0000] {logging_mixin.py:190} INFO - [2026-07-29T16:50:36.152+0000] {dag.py:4138} INFO - Setting next_dagrun for example_setup_teardown_taskflow to 2026-07-28 00:00:00+00:00, run_after=2026-07-29 00:00:00+00:00
[2026-07-29T16:50:36.159+0000] {processor.py:208} INFO - Processing /home/airflow/.local/lib/python3.12/site-packages/airflow/example_dags/example_setup_teardown_taskflow.py took 0.042 seconds
[2026-07-29T16:51:06.343+0000] {processor.py:186} INFO - Started process (PID=7948) to work on /home/airflow/.local/lib/python3.12/site-packages/airflow/example_dags/example_setup_teardown_taskflow.py
[2026-07-29T16:51:06.344+0000] {processor.py:914} INFO - Processing file /home/airflow/.local/lib/python3.12/site-packages/airflow/example_dags/example_setup_teardown_taskflow.py for tasks to queue
[2026-07-29T16:51:06.345+0000] {logging_mixin.py:190} INFO - [2026-07-29T16:51:06.345+0000] {dagbag.py:587} INFO - Filling up the DagBag from /home/airflow/.local/lib/python3.12/site-packages/airflow/example_dags/example_setup_teardown_taskflow.py
[2026-07-29T16:51:06.351+0000] {processor.py:925} INFO - DAG(s) 'example_setup_teardown_taskflow' retrieved from /home/airflow/.local/lib/python3.12/site-packages/airflow/example_dags/example_setup_teardown_taskflow.py
[2026-07-29T16:51:06.361+0000] {logging_mixin.py:190} INFO - [2026-07-29T16:51:06.361+0000] {dag.py:3211} INFO - Sync 1 DAGs
[2026-07-29T16:51:06.375+0000] {logging_mixin.py:190} INFO - [2026-07-29T16:51:06.375+0000] {dag.py:4138} INFO - Setting next_dagrun for example_setup_teardown_taskflow to 2026-07-28 00:00:00+00:00, run_after=2026-07-29 00:00:00+00:00
[2026-07-29T16:51:06.388+0000] {processor.py:208} INFO - Processing /home/airflow/.local/lib/python3.12/site-packages/airflow/example_dags/example_setup_teardown_taskflow.py took 0.047 seconds
[2026-07-29T16:51:36.580+0000] {processor.py:186} INFO - Started process (PID=8014) to work on /home/airflow/.local/lib/python3.12/site-packages/airflow/example_dags/example_setup_teardown_taskflow.py
[2026-07-29T16:51:36.580+0000] {processor.py:914} INFO - Processing file /home/airflow/.local/lib/python3.12/site-packages/airflow/example_dags/example_setup_teardown_taskflow.py for tasks to queue
[2026-07-29T16:51:36.581+0000] {logging_mixin.py:190} INFO - [2026-07-29T16:51:36.581+0000] {dagbag.py:587} INFO - Filling up the DagBag from /home/airflow/.local/lib/python3.12/site-packages/airflow/example_dags/example_setup_teardown_taskflow.py
[2026-07-29T16:51:36.587+0000] {processor.py:925} INFO - DAG(s) 'example_setup_teardown_taskflow' retrieved from /home/airflow/.local/lib/python3.12/site-packages/airflow/example_dags/example_setup_teardown_taskflow.py
[2026-07-29T16:51:36.598+0000] {logging_mixin.py:190} INFO - [2026-07-29T16:51:36.597+0000] {dag.py:3211} INFO - Sync 1 DAGs
[2026-07-29T16:51:36.613+0000] {logging_mixin.py:190} INFO - [2026-07-29T16:51:36.613+0000] {dag.py:4138} INFO - Setting next_dagrun for example_setup_teardown_taskflow to 2026-07-28 00:00:00+00:00, run_after=2026-07-29 00:00:00+00:00
[2026-07-29T16:51:36.631+0000] {processor.py:208} INFO - Processing /home/airflow/.local/lib/python3.12/site-packages/airflow/example_dags/example_setup_teardown_taskflow.py took 0.053 seconds
[2026-07-29T16:52:06.756+0000] {processor.py:186} INFO - Started process (PID=8080) to work on /home/airflow/.local/lib/python3.12/site-packages/airflow/example_dags/example_setup_teardown_taskflow.py
[2026-07-29T16:52:06.757+0000] {processor.py:914} INFO - Processing file /home/airflow/.local/lib/python3.12/site-packages/airflow/example_dags/example_setup_teardown_taskflow.py for tasks to queue
[2026-07-29T16:52:06.759+0000] {logging_mixin.py:190} INFO - [2026-07-29T16:52:06.759+0000] {dagbag.py:587} INFO - Filling up the DagBag from /home/airflow/.local/lib/python3.12/site-packages/airflow/example_dags/example_setup_teardown_taskflow.py
[2026-07-29T16:52:06.767+0000] {processor.py:925} INFO - DAG(s) 'example_setup_teardown_taskflow' retrieved from /home/airflow/.local/lib/python3.12/site-packages/airflow/example_dags/example_setup_teardown_taskflow.py
[2026-07-29T16:52:06.780+0000] {logging_mixin.py:190} INFO - [2026-07-29T16:52:06.780+0000] {dag.py:3211} INFO - Sync 1 DAGs
[2026-07-29T16:52:06.788+0000] {logging_mixin.py:190} INFO - [2026-07-29T16:52:06.788+0000] {dag.py:4138} INFO - Setting next_dagrun for example_setup_teardown_taskflow to 2026-07-28 00:00:00+00:00, run_after=2026-07-29 00:00:00+00:00
[2026-07-29T16:52:06.795+0000] {processor.py:208} INFO - Processing /home/airflow/.local/lib/python3.12/site-packages/airflow/example_dags/example_setup_teardown_taskflow.py took 0.042 seconds
[2026-07-29T16:52:37.788+0000] {processor.py:186} INFO - Started process (PID=8146) to work on /home/airflow/.local/lib/python3.12/site-packages/airflow/example_dags/example_setup_teardown_taskflow.py
[2026-07-29T16:52:37.789+0000] {processor.py:914} INFO - Processing file /home/airflow/.local/lib/python3.12/site-packages/airflow/example_dags/example_setup_teardown_taskflow.py for tasks to queue
[2026-07-29T16:52:37.791+0000] {logging_mixin.py:190} INFO - [2026-07-29T16:52:37.790+0000] {dagbag.py:587} INFO - Filling up the DagBag from /home/airflow/.local/lib/python3.12/site-packages/airflow/example_dags/example_setup_teardown_taskflow.py
[2026-07-29T16:52:37.797+0000] {processor.py:925} INFO - DAG(s) 'example_setup_teardown_taskflow' retrieved from /home/airflow/.local/lib/python3.12/site-packages/airflow/example_dags/example_setup_teardown_taskflow.py
[2026-07-29T16:52:37.805+0000] {logging_mixin.py:190} INFO - [2026-07-29T16:52:37.805+0000] {dag.py:3211} INFO - Sync 1 DAGs
[2026-07-29T16:52:37.815+0000] {logging_mixin.py:190} INFO - [2026-07-29T16:52:37.815+0000] {dag.py:4138} INFO - Setting next_dagrun for example_setup_teardown_taskflow to 2026-07-28 00:00:00+00:00, run_after=2026-07-29 00:00:00+00:00
[2026-07-29T16:52:37.826+0000] {processor.py:208} INFO - Processing /home/airflow/.local/lib/python3.12/site-packages/airflow/example_dags/example_setup_teardown_taskflow.py took 0.041 seconds
[2026-07-29T16:53:08.852+0000] {processor.py:186} INFO - Started process (PID=8212) to work on /home/airflow/.local/lib/python3.12/site-packages/airflow/example_dags/example_setup_teardown_taskflow.py
[2026-07-29T16:53:08.852+0000] {processor.py:914} INFO - Processing file /home/airflow/.local/lib/python3.12/site-packages/airflow/example_dags/example_setup_teardown_taskflow.py for tasks to queue
[2026-07-29T16:53:08.853+0000] {logging_mixin.py:190} INFO - [2026-07-29T16:53:08.853+0000] {dagbag.py:587} INFO - Filling up the DagBag from /home/airflow/.local/lib/python3.12/site-packages/airflow/example_dags/example_setup_teardown_taskflow.py
[2026-07-29T16:53:08.858+0000] {processor.py:925} INFO - DAG(s) 'example_setup_teardown_taskflow' retrieved from /home/airflow/.local/lib/python3.12/site-packages/airflow/example_dags/example_setup_teardown_taskflow.py
[2026-07-29T16:53:08.868+0000] {logging_mixin.py:190} INFO - [2026-07-29T16:53:08.868+0000] {dag.py:3211} INFO - Sync 1 DAGs
[2026-07-29T16:53:08.876+0000] {logging_mixin.py:190} INFO - [2026-07-29T16:53:08.876+0000] {dag.py:4138} INFO - Setting next_dagrun for example_setup_teardown_taskflow to 2026-07-28 00:00:00+00:00, run_after=2026-07-29 00:00:00+00:00
[2026-07-29T16:53:08.882+0000] {processor.py:208} INFO - Processing /home/airflow/.local/lib/python3.12/site-packages/airflow/example_dags/example_setup_teardown_taskflow.py took 0.033 seconds
[2026-07-29T16:53:40.026+0000] {processor.py:186} INFO - Started process (PID=8278) to work on /home/airflow/.local/lib/python3.12/site-packages/airflow/example_dags/example_setup_teardown_taskflow.py
[2026-07-29T16:53:40.027+0000] {processor.py:914} INFO - Processing file /home/airflow/.local/lib/python3.12/site-packages/airflow/example_dags/example_setup_teardown_taskflow.py for tasks to queue
[2026-07-29T16:53:40.028+0000] {logging_mixin.py:190} INFO - [2026-07-29T16:53:40.027+0000] {dagbag.py:587} INFO - Filling up the DagBag from /home/airflow/.local/lib/python3.12/site-packages/airflow/example_dags/example_setup_teardown_taskflow.py
[2026-07-29T16:53:40.033+0000] {processor.py:925} INFO - DAG(s) 'example_setup_teardown_taskflow' retrieved from /home/airflow/.local/lib/python3.12/site-packages/airflow/example_dags/example_setup_teardown_taskflow.py
[2026-07-29T16:53:40.045+0000] {logging_mixin.py:190} INFO - [2026-07-29T16:53:40.045+0000] {dag.py:3211} INFO - Sync 1 DAGs
[2026-07-29T16:53:40.058+0000] {logging_mixin.py:190} INFO - [2026-07-29T16:53:40.058+0000] {dag.py:4138} INFO - Setting next_dagrun for example_setup_teardown_taskflow to 2026-07-28 00:00:00+00:00, run_after=2026-07-29 00:00:00+00:00
[2026-07-29T16:53:40.073+0000] {processor.py:208} INFO - Processing /home/airflow/.local/lib/python3.12/site-packages/airflow/example_dags/example_setup_teardown_taskflow.py took 0.049 seconds
[2026-07-29T16:54:10.225+0000] {processor.py:186} INFO - Started process (PID=8344) to work on /home/airflow/.local/lib/python3.12/site-packages/airflow/example_dags/example_setup_teardown_taskflow.py
[2026-07-29T16:54:10.225+0000] {processor.py:914} INFO - Processing file /home/airflow/.local/lib/python3.12/site-packages/airflow/example_dags/example_setup_teardown_taskflow.py for tasks to queue
[2026-07-29T16:54:10.226+0000] {logging_mixin.py:190} INFO - [2026-07-29T16:54:10.226+0000] {dagbag.py:587} INFO - Filling up the DagBag from /home/airflow/.local/lib/python3.12/site-packages/airflow/example_dags/example_setup_teardown_taskflow.py
[2026-07-29T16:54:10.231+0000] {processor.py:925} INFO - DAG(s) 'example_setup_teardown_taskflow' retrieved from /home/airflow/.local/lib/python3.12/site-packages/airflow/example_dags/example_setup_teardown_taskflow.py
[2026-07-29T16:54:10.239+0000] {logging_mixin.py:190} INFO - [2026-07-29T16:54:10.239+0000] {dag.py:3211} INFO - Sync 1 DAGs
[2026-07-29T16:54:10.247+0000] {logging_mixin.py:190} INFO - [2026-07-29T16:54:10.247+0000] {dag.py:4138} INFO - Setting next_dagrun for example_setup_teardown_taskflow to 2026-07-28 00:00:00+00:00, run_after=2026-07-29 00:00:00+00:00
[2026-07-29T16:54:10.252+0000] {processor.py:208} INFO - Processing /home/airflow/.local/lib/python3.12/site-packages/airflow/example_dags/example_setup_teardown_taskflow.py took 0.030 seconds
[2026-07-29T16:54:40.634+0000] {processor.py:186} INFO - Started process (PID=8410) to work on /home/airflow/.local/lib/python3.12/site-packages/airflow/example_dags/example_setup_teardown_taskflow.py
[2026-07-29T16:54:40.636+0000] {processor.py:914} INFO - Processing file /home/airflow/.local/lib/python3.12/site-packages/airflow/example_dags/example_setup_teardown_taskflow.py for tasks to queue
[2026-07-29T16:54:40.637+0000] {logging_mixin.py:190} INFO - [2026-07-29T16:54:40.637+0000] {dagbag.py:587} INFO - Filling up the DagBag from /home/airflow/.local/lib/python3.12/site-packages/airflow/example_dags/example_setup_teardown_taskflow.py
[2026-07-29T16:54:40.642+0000] {processor.py:925} INFO - DAG(s) 'example_setup_teardown_taskflow' retrieved from /home/airflow/.local/lib/python3.12/site-packages/airflow/example_dags/example_setup_teardown_taskflow.py
[2026-07-29T16:54:40.656+0000] {logging_mixin.py:190} INFO - [2026-07-29T16:54:40.656+0000] {dag.py:3211} INFO - Sync 1 DAGs
[2026-07-29T16:54:40.667+0000] {logging_mixin.py:190} INFO - [2026-07-29T16:54:40.667+0000] {dag.py:4138} INFO - Setting next_dagrun for example_setup_teardown_taskflow to 2026-07-28 00:00:00+00:00, run_after=2026-07-29 00:00:00+00:00
[2026-07-29T16:54:40.676+0000] {processor.py:208} INFO - Processing /home/airflow/.local/lib/python3.12/site-packages/airflow/example_dags/example_setup_teardown_taskflow.py took 0.045 seconds
[2026-07-29T16:55:10.849+0000] {processor.py:186} INFO - Started process (PID=8476) to work on /home/airflow/.local/lib/python3.12/site-packages/airflow/example_dags/example_setup_teardown_taskflow.py
[2026-07-29T16:55:10.851+0000] {processor.py:914} INFO - Processing file /home/airflow/.local/lib/python3.12/site-packages/airflow/example_dags/example_setup_teardown_taskflow.py for tasks to queue
[2026-07-29T16:55:10.852+0000] {logging_mixin.py:190} INFO - [2026-07-29T16:55:10.852+0000] {dagbag.py:587} INFO - Filling up the DagBag from /home/airflow/.local/lib/python3.12/site-packages/airflow/example_dags/example_setup_teardown_taskflow.py
[2026-07-29T16:55:10.860+0000] {processor.py:925} INFO - DAG(s) 'example_setup_teardown_taskflow' retrieved from /home/airflow/.local/lib/python3.12/site-packages/airflow/example_dags/example_setup_teardown_taskflow.py
[2026-07-29T16:55:10.875+0000] {logging_mixin.py:190} INFO - [2026-07-29T16:55:10.874+0000] {dag.py:3211} INFO - Sync 1 DAGs
[2026-07-29T16:55:10.884+0000] {logging_mixin.py:190} INFO - [2026-07-29T16:55:10.884+0000] {dag.py:4138} INFO - Setting next_dagrun for example_setup_teardown_taskflow to 2026-07-28 00:00:00+00:00, run_after=2026-07-29 00:00:00+00:00
[2026-07-29T16:55:10.893+0000] {processor.py:208} INFO - Processing /home/airflow/.local/lib/python3.12/site-packages/airflow/example_dags/example_setup_teardown_taskflow.py took 0.047 seconds
[2026-07-29T16:55:40.939+0000] {processor.py:186} INFO - Started process (PID=8541) to work on /home/airflow/.local/lib/python3.12/site-packages/airflow/example_dags/example_setup_teardown_taskflow.py
[2026-07-29T16:55:40.940+0000] {processor.py:914} INFO - Processing file /home/airflow/.local/lib/python3.12/site-packages/airflow/example_dags/example_setup_teardown_taskflow.py for tasks to queue
[2026-07-29T16:55:40.941+0000] {logging_mixin.py:190} INFO - [2026-07-29T16:55:40.941+0000] {dagbag.py:587} INFO - Filling up the DagBag from /home/airflow/.local/lib/python3.12/site-packages/airflow/example_dags/example_setup_teardown_taskflow.py
[2026-07-29T16:55:40.946+0000] {processor.py:925} INFO - DAG(s) 'example_setup_teardown_taskflow' retrieved from /home/airflow/.local/lib/python3.12/site-packages/airflow/example_dags/example_setup_teardown_taskflow.py
[2026-07-29T16:55:40.955+0000] {logging_mixin.py:190} INFO - [2026-07-29T16:55:40.955+0000] {dag.py:3211} INFO - Sync 1 DAGs
[2026-07-29T16:55:40.963+0000] {logging_mixin.py:190} INFO - [2026-07-29T16:55:40.963+0000] {dag.py:4138} INFO - Setting next_dagrun for example_setup_teardown_taskflow to 2026-07-28 00:00:00+00:00, run_after=2026-07-29 00:00:00+00:00
[2026-07-29T16:55:40.969+0000] {processor.py:208} INFO - Processing /home/airflow/.local/lib/python3.12/site-packages/airflow/example_dags/example_setup_teardown_taskflow.py took 0.032 seconds
[2026-07-29T16:56:11.038+0000] {processor.py:186} INFO - Started process (PID=8607) to work on /home/airflow/.local/lib/python3.12/site-packages/airflow/example_dags/example_setup_teardown_taskflow.py
[2026-07-29T16:56:11.039+0000] {processor.py:914} INFO - Processing file /home/airflow/.local/lib/python3.12/site-packages/airflow/example_dags/example_setup_teardown_taskflow.py for tasks to queue
[2026-07-29T16:56:11.040+0000] {logging_mixin.py:190} INFO - [2026-07-29T16:56:11.040+0000] {dagbag.py:587} INFO - Filling up the DagBag from /home/airflow/.local/lib/python3.12/site-packages/airflow/example_dags/example_setup_teardown_taskflow.py
[2026-07-29T16:56:11.045+0000] {processor.py:925} INFO - DAG(s) 'example_setup_teardown_taskflow' retrieved from /home/airflow/.local/lib/python3.12/site-packages/airflow/example_dags/example_setup_teardown_taskflow.py
[2026-07-29T16:56:11.058+0000] {logging_mixin.py:190} INFO - [2026-07-29T16:56:11.058+0000] {dag.py:3211} INFO - Sync 1 DAGs
[2026-07-29T16:56:11.068+0000] {logging_mixin.py:190} INFO - [2026-07-29T16:56:11.068+0000] {dag.py:4138} INFO - Setting next_dagrun for example_setup_teardown_taskflow to 2026-07-28 00:00:00+00:00, run_after=2026-07-29 00:00:00+00:00
[2026-07-29T16:56:11.081+0000] {processor.py:208} INFO - Processing /home/airflow/.local/lib/python3.12/site-packages/airflow/example_dags/example_setup_teardown_taskflow.py took 0.046 seconds
[2026-07-29T16:56:41.203+0000] {processor.py:186} INFO - Started process (PID=8673) to work on /home/airflow/.local/lib/python3.12/site-packages/airflow/example_dags/example_setup_teardown_taskflow.py
[2026-07-29T16:56:41.204+0000] {processor.py:914} INFO - Processing file /home/airflow/.local/lib/python3.12/site-packages/airflow/example_dags/example_setup_teardown_taskflow.py for tasks to queue
[2026-07-29T16:56:41.205+0000] {logging_mixin.py:190} INFO - [2026-07-29T16:56:41.204+0000] {dagbag.py:587} INFO - Filling up the DagBag from /home/airflow/.local/lib/python3.12/site-packages/airflow/example_dags/example_setup_teardown_taskflow.py
[2026-07-29T16:56:41.210+0000] {processor.py:925} INFO - DAG(s) 'example_setup_teardown_taskflow' retrieved from /home/airflow/.local/lib/python3.12/site-packages/airflow/example_dags/example_setup_teardown_taskflow.py
[2026-07-29T16:56:41.219+0000] {logging_mixin.py:190} INFO - [2026-07-29T16:56:41.219+0000] {dag.py:3211} INFO - Sync 1 DAGs
[2026-07-29T16:56:41.230+0000] {logging_mixin.py:190} INFO - [2026-07-29T16:56:41.230+0000] {dag.py:4138} INFO - Setting next_dagrun for example_setup_teardown_taskflow to 2026-07-28 00:00:00+00:00, run_after=2026-07-29 00:00:00+00:00
[2026-07-29T16:56:41.242+0000] {processor.py:208} INFO - Processing /home/airflow/.local/lib/python3.12/site-packages/airflow/example_dags/example_setup_teardown_taskflow.py took 0.042 seconds
[2026-07-29T16:57:11.498+0000] {processor.py:186} INFO - Started process (PID=8738) to work on /home/airflow/.local/lib/python3.12/site-packages/airflow/example_dags/example_setup_teardown_taskflow.py
[2026-07-29T16:57:11.500+0000] {processor.py:914} INFO - Processing file /home/airflow/.local/lib/python3.12/site-packages/airflow/example_dags/example_setup_teardown_taskflow.py for tasks to queue
[2026-07-29T16:57:11.501+0000] {logging_mixin.py:190} INFO - [2026-07-29T16:57:11.501+0000] {dagbag.py:587} INFO - Filling up the DagBag from /home/airflow/.local/lib/python3.12/site-packages/airflow/example_dags/example_setup_teardown_taskflow.py
[2026-07-29T16:57:11.508+0000] {processor.py:925} INFO - DAG(s) 'example_setup_teardown_taskflow' retrieved from /home/airflow/.local/lib/python3.12/site-packages/airflow/example_dags/example_setup_teardown_taskflow.py
[2026-07-29T16:57:11.526+0000] {logging_mixin.py:190} INFO - [2026-07-29T16:57:11.526+0000] {dag.py:3211} INFO - Sync 1 DAGs
[2026-07-29T16:57:11.537+0000] {logging_mixin.py:190} INFO - [2026-07-29T16:57:11.537+0000] {dag.py:4138} INFO - Setting next_dagrun for example_setup_teardown_taskflow to 2026-07-28 00:00:00+00:00, run_after=2026-07-29 00:00:00+00:00
[2026-07-29T16:57:11.546+0000] {processor.py:208} INFO - Processing /home/airflow/.local/lib/python3.12/site-packages/airflow/example_dags/example_setup_teardown_taskflow.py took 0.051 seconds
[2026-07-29T16:57:41.613+0000] {processor.py:186} INFO - Started process (PID=8804) to work on /home/airflow/.local/lib/python3.12/site-packages/airflow/example_dags/example_setup_teardown_taskflow.py
[2026-07-29T16:57:41.614+0000] {processor.py:914} INFO - Processing file /home/airflow/.local/lib/python3.12/site-packages/airflow/example_dags/example_setup_teardown_taskflow.py for tasks to queue
[2026-07-29T16:57:41.615+0000] {logging_mixin.py:190} INFO - [2026-07-29T16:57:41.615+0000] {dagbag.py:587} INFO - Filling up the DagBag from /home/airflow/.local/lib/python3.12/site-packages/airflow/example_dags/example_setup_teardown_taskflow.py
[2026-07-29T16:57:41.620+0000] {processor.py:925} INFO - DAG(s) 'example_setup_teardown_taskflow' retrieved from /home/airflow/.local/lib/python3.12/site-packages/airflow/example_dags/example_setup_teardown_taskflow.py
[2026-07-29T16:57:41.629+0000] {logging_mixin.py:190} INFO - [2026-07-29T16:57:41.629+0000] {dag.py:3211} INFO - Sync 1 DAGs
[2026-07-29T16:57:41.638+0000] {logging_mixin.py:190} INFO - [2026-07-29T16:57:41.638+0000] {dag.py:4138} INFO - Setting next_dagrun for example_setup_teardown_taskflow to 2026-07-28 00:00:00+00:00, run_after=2026-07-29 00:00:00+00:00
[2026-07-29T16:57:41.645+0000] {processor.py:208} INFO - Processing /home/airflow/.local/lib/python3.12/site-packages/airflow/example_dags/example_setup_teardown_taskflow.py took 0.035 seconds
[2026-07-29T16:58:11.983+0000] {processor.py:186} INFO - Started process (PID=8870) to work on /home/airflow/.local/lib/python3.12/site-packages/airflow/example_dags/example_setup_teardown_taskflow.py
[2026-07-29T16:58:11.984+0000] {processor.py:914} INFO - Processing file /home/airflow/.local/lib/python3.12/site-packages/airflow/example_dags/example_setup_teardown_taskflow.py for tasks to queue
[2026-07-29T16:58:11.986+0000] {logging_mixin.py:190} INFO - [2026-07-29T16:58:11.985+0000] {dagbag.py:587} INFO - Filling up the DagBag from /home/airflow/.local/lib/python3.12/site-packages/airflow/example_dags/example_setup_teardown_taskflow.py
[2026-07-29T16:58:11.991+0000] {processor.py:925} INFO - DAG(s) 'example_setup_teardown_taskflow' retrieved from /home/airflow/.local/lib/python3.12/site-packages/airflow/example_dags/example_setup_teardown_taskflow.py
[2026-07-29T16:58:12.005+0000] {logging_mixin.py:190} INFO - [2026-07-29T16:58:12.005+0000] {dag.py:3211} INFO - Sync 1 DAGs
[2026-07-29T16:58:12.021+0000] {logging_mixin.py:190} INFO - [2026-07-29T16:58:12.021+0000] {dag.py:4138} INFO - Setting next_dagrun for example_setup_teardown_taskflow to 2026-07-28 00:00:00+00:00, run_after=2026-07-29 00:00:00+00:00
[2026-07-29T16:58:12.037+0000] {processor.py:208} INFO - Processing /home/airflow/.local/lib/python3.12/site-packages/airflow/example_dags/example_setup_teardown_taskflow.py took 0.057 seconds
[2026-07-29T16:58:42.150+0000] {processor.py:186} INFO - Started process (PID=8936) to work on /home/airflow/.local/lib/python3.12/site-packages/airflow/example_dags/example_setup_teardown_taskflow.py
[2026-07-29T16:58:42.150+0000] {processor.py:914} INFO - Processing file /home/airflow/.local/lib/python3.12/site-packages/airflow/example_dags/example_setup_teardown_taskflow.py for tasks to queue
[2026-07-29T16:58:42.151+0000] {logging_mixin.py:190} INFO - [2026-07-29T16:58:42.151+0000] {dagbag.py:587} INFO - Filling up the DagBag from /home/airflow/.local/lib/python3.12/site-packages/airflow/example_dags/example_setup_teardown_taskflow.py
[2026-07-29T16:58:42.157+0000] {processor.py:925} INFO - DAG(s) 'example_setup_teardown_taskflow' retrieved from /home/airflow/.local/lib/python3.12/site-packages/airflow/example_dags/example_setup_teardown_taskflow.py
[2026-07-29T16:58:42.169+0000] {logging_mixin.py:190} INFO - [2026-07-29T16:58:42.169+0000] {dag.py:3211} INFO - Sync 1 DAGs
[2026-07-29T16:58:42.183+0000] {logging_mixin.py:190} INFO - [2026-07-29T16:58:42.183+0000] {dag.py:4138} INFO - Setting next_dagrun for example_setup_teardown_taskflow to 2026-07-28 00:00:00+00:00, run_after=2026-07-29 00:00:00+00:00
[2026-07-29T16:58:42.193+0000] {processor.py:208} INFO - Processing /home/airflow/.local/lib/python3.12/site-packages/airflow/example_dags/example_setup_teardown_taskflow.py took 0.046 seconds
[2026-07-29T16:59:12.843+0000] {processor.py:186} INFO - Started process (PID=9002) to work on /home/airflow/.local/lib/python3.12/site-packages/airflow/example_dags/example_setup_teardown_taskflow.py
[2026-07-29T16:59:12.843+0000] {processor.py:914} INFO - Processing file /home/airflow/.local/lib/python3.12/site-packages/airflow/example_dags/example_setup_teardown_taskflow.py for tasks to queue
[2026-07-29T16:59:12.845+0000] {logging_mixin.py:190} INFO - [2026-07-29T16:59:12.844+0000] {dagbag.py:587} INFO - Filling up the DagBag from /home/airflow/.local/lib/python3.12/site-packages/airflow/example_dags/example_setup_teardown_taskflow.py
[2026-07-29T16:59:12.850+0000] {processor.py:925} INFO - DAG(s) 'example_setup_teardown_taskflow' retrieved from /home/airflow/.local/lib/python3.12/site-packages/airflow/example_dags/example_setup_teardown_taskflow.py
[2026-07-29T16:59:12.862+0000] {logging_mixin.py:190} INFO - [2026-07-29T16:59:12.862+0000] {dag.py:3211} INFO - Sync 1 DAGs
[2026-07-29T16:59:12.872+0000] {logging_mixin.py:190} INFO - [2026-07-29T16:59:12.872+0000] {dag.py:4138} INFO - Setting next_dagrun for example_setup_teardown_taskflow to 2026-07-28 00:00:00+00:00, run_after=2026-07-29 00:00:00+00:00
[2026-07-29T16:59:12.880+0000] {processor.py:208} INFO - Processing /home/airflow/.local/lib/python3.12/site-packages/airflow/example_dags/example_setup_teardown_taskflow.py took 0.039 seconds
[2026-07-29T16:59:43.795+0000] {processor.py:186} INFO - Started process (PID=9068) to work on /home/airflow/.local/lib/python3.12/site-packages/airflow/example_dags/example_setup_teardown_taskflow.py
[2026-07-29T16:59:43.796+0000] {processor.py:914} INFO - Processing file /home/airflow/.local/lib/python3.12/site-packages/airflow/example_dags/example_setup_teardown_taskflow.py for tasks to queue
[2026-07-29T16:59:43.796+0000] {logging_mixin.py:190} INFO - [2026-07-29T16:59:43.796+0000] {dagbag.py:587} INFO - Filling up the DagBag from /home/airflow/.local/lib/python3.12/site-packages/airflow/example_dags/example_setup_teardown_taskflow.py
[2026-07-29T16:59:43.801+0000] {processor.py:925} INFO - DAG(s) 'example_setup_teardown_taskflow' retrieved from /home/airflow/.local/lib/python3.12/site-packages/airflow/example_dags/example_setup_teardown_taskflow.py
[2026-07-29T16:59:43.809+0000] {logging_mixin.py:190} INFO - [2026-07-29T16:59:43.809+0000] {dag.py:3211} INFO - Sync 1 DAGs
[2026-07-29T16:59:43.818+0000] {logging_mixin.py:190} INFO - [2026-07-29T16:59:43.818+0000] {dag.py:4138} INFO - Setting next_dagrun for example_setup_teardown_taskflow to 2026-07-28 00:00:00+00:00, run_after=2026-07-29 00:00:00+00:00
[2026-07-29T16:59:43.831+0000] {processor.py:208} INFO - Processing /home/airflow/.local/lib/python3.12/site-packages/airflow/example_dags/example_setup_teardown_taskflow.py took 0.039 seconds
[2026-07-29T17:00:14.997+0000] {processor.py:186} INFO - Started process (PID=9134) to work on /home/airflow/.local/lib/python3.12/site-packages/airflow/example_dags/example_setup_teardown_taskflow.py
[2026-07-29T17:00:14.998+0000] {processor.py:914} INFO - Processing file /home/airflow/.local/lib/python3.12/site-packages/airflow/example_dags/example_setup_teardown_taskflow.py for tasks to queue
[2026-07-29T17:00:14.999+0000] {logging_mixin.py:190} INFO - [2026-07-29T17:00:14.999+0000] {dagbag.py:587} INFO - Filling up the DagBag from /home/airflow/.local/lib/python3.12/site-packages/airflow/example_dags/example_setup_teardown_taskflow.py
[2026-07-29T17:00:15.004+0000] {processor.py:925} INFO - DAG(s) 'example_setup_teardown_taskflow' retrieved from /home/airflow/.local/lib/python3.12/site-packages/airflow/example_dags/example_setup_teardown_taskflow.py
[2026-07-29T17:00:15.014+0000] {logging_mixin.py:190} INFO - [2026-07-29T17:00:15.014+0000] {dag.py:3211} INFO - Sync 1 DAGs
[2026-07-29T17:00:15.025+0000] {logging_mixin.py:190} INFO - [2026-07-29T17:00:15.024+0000] {dag.py:4138} INFO - Setting next_dagrun for example_setup_teardown_taskflow to 2026-07-28 00:00:00+00:00, run_after=2026-07-29 00:00:00+00:00
[2026-07-29T17:00:15.038+0000] {processor.py:208} INFO - Processing /home/airflow/.local/lib/python3.12/site-packages/airflow/example_dags/example_setup_teardown_taskflow.py took 0.044 seconds
[2026-07-29T17:00:45.987+0000] {processor.py:186} INFO - Started process (PID=9200) to work on /home/airflow/.local/lib/python3.12/site-packages/airflow/example_dags/example_setup_teardown_taskflow.py
[2026-07-29T17:00:45.988+0000] {processor.py:914} INFO - Processing file /home/airflow/.local/lib/python3.12/site-packages/airflow/example_dags/example_setup_teardown_taskflow.py for tasks to queue
[2026-07-29T17:00:45.990+0000] {logging_mixin.py:190} INFO - [2026-07-29T17:00:45.990+0000] {dagbag.py:587} INFO - Filling up the DagBag from /home/airflow/.local/lib/python3.12/site-packages/airflow/example_dags/example_setup_teardown_taskflow.py
[2026-07-29T17:00:45.995+0000] {processor.py:925} INFO - DAG(s) 'example_setup_teardown_taskflow' retrieved from /home/airflow/.local/lib/python3.12/site-packages/airflow/example_dags/example_setup_teardown_taskflow.py
[2026-07-29T17:00:46.009+0000] {logging_mixin.py:190} INFO - [2026-07-29T17:00:46.009+0000] {dag.py:3211} INFO - Sync 1 DAGs
[2026-07-29T17:00:46.025+0000] {logging_mixin.py:190} INFO - [2026-07-29T17:00:46.025+0000] {dag.py:4138} INFO - Setting next_dagrun for example_setup_teardown_taskflow to 2026-07-28 00:00:00+00:00, run_after=2026-07-29 00:00:00+00:00
[2026-07-29T17:00:46.037+0000] {processor.py:208} INFO - Processing /home/airflow/.local/lib/python3.12/site-packages/airflow/example_dags/example_setup_teardown_taskflow.py took 0.052 seconds
[2026-07-29T17:01:16.226+0000] {processor.py:186} INFO - Started process (PID=9266) to work on /home/airflow/.local/lib/python3.12/site-packages/airflow/example_dags/example_setup_teardown_taskflow.py
[2026-07-29T17:01:16.227+0000] {processor.py:914} INFO - Processing file /home/airflow/.local/lib/python3.12/site-packages/airflow/example_dags/example_setup_teardown_taskflow.py for tasks to queue
[2026-07-29T17:01:16.228+0000] {logging_mixin.py:190} INFO - [2026-07-29T17:01:16.228+0000] {dagbag.py:587} INFO - Filling up the DagBag from /home/airflow/.local/lib/python3.12/site-packages/airflow/example_dags/example_setup_teardown_taskflow.py
[2026-07-29T17:01:16.233+0000] {processor.py:925} INFO - DAG(s) 'example_setup_teardown_taskflow' retrieved from /home/airflow/.local/lib/python3.12/site-packages/airflow/example_dags/example_setup_teardown_taskflow.py
[2026-07-29T17:01:16.243+0000] {logging_mixin.py:190} INFO - [2026-07-29T17:01:16.243+0000] {dag.py:3211} INFO - Sync 1 DAGs
[2026-07-29T17:01:16.251+0000] {logging_mixin.py:190} INFO - [2026-07-29T17:01:16.251+0000] {dag.py:4138} INFO - Setting next_dagrun for example_setup_teardown_taskflow to 2026-07-28 00:00:00+00:00, run_after=2026-07-29 00:00:00+00:00
[2026-07-29T17:01:16.258+0000] {processor.py:208} INFO - Processing /home/airflow/.local/lib/python3.12/site-packages/airflow/example_dags/example_setup_teardown_taskflow.py took 0.035 seconds
[2026-07-29T17:01:47.258+0000] {processor.py:186} INFO - Started process (PID=9332) to work on /home/airflow/.local/lib/python3.12/site-packages/airflow/example_dags/example_setup_teardown_taskflow.py
[2026-07-29T17:01:47.259+0000] {processor.py:914} INFO - Processing file /home/airflow/.local/lib/python3.12/site-packages/airflow/example_dags/example_setup_teardown_taskflow.py for tasks to queue
[2026-07-29T17:01:47.261+0000] {logging_mixin.py:190} INFO - [2026-07-29T17:01:47.260+0000] {dagbag.py:587} INFO - Filling up the DagBag from /home/airflow/.local/lib/python3.12/site-packages/airflow/example_dags/example_setup_teardown_taskflow.py
[2026-07-29T17:01:47.267+0000] {processor.py:925} INFO - DAG(s) 'example_setup_teardown_taskflow' retrieved from /home/airflow/.local/lib/python3.12/site-packages/airflow/example_dags/example_setup_teardown_taskflow.py
[2026-07-29T17:01:47.279+0000] {logging_mixin.py:190} INFO - [2026-07-29T17:01:47.279+0000] {dag.py:3211} INFO - Sync 1 DAGs
[2026-07-29T17:01:47.287+0000] {logging_mixin.py:190} INFO - [2026-07-29T17:01:47.287+0000] {dag.py:4138} INFO - Setting next_dagrun for example_setup_teardown_taskflow to 2026-07-28 00:00:00+00:00, run_after=2026-07-29 00:00:00+00:00
[2026-07-29T17:01:47.294+0000] {processor.py:208} INFO - Processing /home/airflow/.local/lib/python3.12/site-packages/airflow/example_dags/example_setup_teardown_taskflow.py took 0.038 seconds
[2026-07-29T17:02:18.321+0000] {processor.py:186} INFO - Started process (PID=9398) to work on /home/airflow/.local/lib/python3.12/site-packages/airflow/example_dags/example_setup_teardown_taskflow.py
[2026-07-29T17:02:18.321+0000] {processor.py:914} INFO - Processing file /home/airflow/.local/lib/python3.12/site-packages/airflow/example_dags/example_setup_teardown_taskflow.py for tasks to queue
[2026-07-29T17:02:18.322+0000] {logging_mixin.py:190} INFO - [2026-07-29T17:02:18.322+0000] {dagbag.py:587} INFO - Filling up the DagBag from /home/airflow/.local/lib/python3.12/site-packages/airflow/example_dags/example_setup_teardown_taskflow.py
[2026-07-29T17:02:18.327+0000] {processor.py:925} INFO - DAG(s) 'example_setup_teardown_taskflow' retrieved from /home/airflow/.local/lib/python3.12/site-packages/airflow/example_dags/example_setup_teardown_taskflow.py
[2026-07-29T17:02:18.338+0000] {logging_mixin.py:190} INFO - [2026-07-29T17:02:18.338+0000] {dag.py:3211} INFO - Sync 1 DAGs
[2026-07-29T17:02:18.348+0000] {logging_mixin.py:190} INFO - [2026-07-29T17:02:18.348+0000] {dag.py:4138} INFO - Setting next_dagrun for example_setup_teardown_taskflow to 2026-07-28 00:00:00+00:00, run_after=2026-07-29 00:00:00+00:00
[2026-07-29T17:02:18.360+0000] {processor.py:208} INFO - Processing /home/airflow/.local/lib/python3.12/site-packages/airflow/example_dags/example_setup_teardown_taskflow.py took 0.042 seconds
[2026-07-29T17:02:49.277+0000] {processor.py:186} INFO - Started process (PID=9464) to work on /home/airflow/.local/lib/python3.12/site-packages/airflow/example_dags/example_setup_teardown_taskflow.py
[2026-07-29T17:02:49.277+0000] {processor.py:914} INFO - Processing file /home/airflow/.local/lib/python3.12/site-packages/airflow/example_dags/example_setup_teardown_taskflow.py for tasks to queue
[2026-07-29T17:02:49.278+0000] {logging_mixin.py:190} INFO - [2026-07-29T17:02:49.278+0000] {dagbag.py:587} INFO - Filling up the DagBag from /home/airflow/.local/lib/python3.12/site-packages/airflow/example_dags/example_setup_teardown_taskflow.py
[2026-07-29T17:02:49.283+0000] {processor.py:925} INFO - DAG(s) 'example_setup_teardown_taskflow' retrieved from /home/airflow/.local/lib/python3.12/site-packages/airflow/example_dags/example_setup_teardown_taskflow.py
[2026-07-29T17:02:49.294+0000] {logging_mixin.py:190} INFO - [2026-07-29T17:02:49.294+0000] {dag.py:3211} INFO - Sync 1 DAGs
[2026-07-29T17:02:49.308+0000] {logging_mixin.py:190} INFO - [2026-07-29T17:02:49.308+0000] {dag.py:4138} INFO - Setting next_dagrun for example_setup_teardown_taskflow to 2026-07-28 00:00:00+00:00, run_after=2026-07-29 00:00:00+00:00
[2026-07-29T17:02:49.317+0000] {processor.py:208} INFO - Processing /home/airflow/.local/lib/python3.12/site-packages/airflow/example_dags/example_setup_teardown_taskflow.py took 0.044 seconds
[2026-07-29T17:03:20.300+0000] {processor.py:186} INFO - Started process (PID=9530) to work on /home/airflow/.local/lib/python3.12/site-packages/airflow/example_dags/example_setup_teardown_taskflow.py
[2026-07-29T17:03:20.301+0000] {processor.py:914} INFO - Processing file /home/airflow/.local/lib/python3.12/site-packages/airflow/example_dags/example_setup_teardown_taskflow.py for tasks to queue
[2026-07-29T17:03:20.303+0000] {logging_mixin.py:190} INFO - [2026-07-29T17:03:20.302+0000] {dagbag.py:587} INFO - Filling up the DagBag from /home/airflow/.local/lib/python3.12/site-packages/airflow/example_dags/example_setup_teardown_taskflow.py
[2026-07-29T17:03:20.307+0000] {processor.py:925} INFO - DAG(s) 'example_setup_teardown_taskflow' retrieved from /home/airflow/.local/lib/python3.12/site-packages/airflow/example_dags/example_setup_teardown_taskflow.py
[2026-07-29T17:03:20.320+0000] {logging_mixin.py:190} INFO - [2026-07-29T17:03:20.319+0000] {dag.py:3211} INFO - Sync 1 DAGs
[2026-07-29T17:03:20.333+0000] {logging_mixin.py:190} INFO - [2026-07-29T17:03:20.333+0000] {dag.py:4138} INFO - Setting next_dagrun for example_setup_teardown_taskflow to 2026-07-28 00:00:00+00:00, run_after=2026-07-29 00:00:00+00:00
[2026-07-29T17:03:20.342+0000] {processor.py:208} INFO - Processing /home/airflow/.local/lib/python3.12/site-packages/airflow/example_dags/example_setup_teardown_taskflow.py took 0.044 seconds
[2026-07-29T17:03:54.868+0000] {processor.py:186} INFO - Started process (PID=9602) to work on /home/airflow/.local/lib/python3.12/site-packages/airflow/example_dags/example_setup_teardown_taskflow.py
[2026-07-29T17:03:54.869+0000] {processor.py:914} INFO - Processing file /home/airflow/.local/lib/python3.12/site-packages/airflow/example_dags/example_setup_teardown_taskflow.py for tasks to queue
[2026-07-29T17:03:54.870+0000] {logging_mixin.py:190} INFO - [2026-07-29T17:03:54.870+0000] {dagbag.py:587} INFO - Filling up the DagBag from /home/airflow/.local/lib/python3.12/site-packages/airflow/example_dags/example_setup_teardown_taskflow.py
[2026-07-29T17:03:54.876+0000] {processor.py:925} INFO - DAG(s) 'example_setup_teardown_taskflow' retrieved from /home/airflow/.local/lib/python3.12/site-packages/airflow/example_dags/example_setup_teardown_taskflow.py
[2026-07-29T17:03:54.889+0000] {logging_mixin.py:190} INFO - [2026-07-29T17:03:54.888+0000] {dag.py:3211} INFO - Sync 1 DAGs
[2026-07-29T17:03:54.902+0000] {logging_mixin.py:190} INFO - [2026-07-29T17:03:54.902+0000] {dag.py:4138} INFO - Setting next_dagrun for example_setup_teardown_taskflow to 2026-07-28 00:00:00+00:00, run_after=2026-07-29 00:00:00+00:00
[2026-07-29T17:03:54.916+0000] {processor.py:208} INFO - Processing /home/airflow/.local/lib/python3.12/site-packages/airflow/example_dags/example_setup_teardown_taskflow.py took 0.051 seconds
[2026-07-29T17:04:24.979+0000] {processor.py:186} INFO - Started process (PID=9668) to work on /home/airflow/.local/lib/python3.12/site-packages/airflow/example_dags/example_setup_teardown_taskflow.py
[2026-07-29T17:04:24.980+0000] {processor.py:914} INFO - Processing file /home/airflow/.local/lib/python3.12/site-packages/airflow/example_dags/example_setup_teardown_taskflow.py for tasks to queue
[2026-07-29T17:04:24.981+0000] {logging_mixin.py:190} INFO - [2026-07-29T17:04:24.981+0000] {dagbag.py:587} INFO - Filling up the DagBag from /home/airflow/.local/lib/python3.12/site-packages/airflow/example_dags/example_setup_teardown_taskflow.py
[2026-07-29T17:04:24.985+0000] {processor.py:925} INFO - DAG(s) 'example_setup_teardown_taskflow' retrieved from /home/airflow/.local/lib/python3.12/site-packages/airflow/example_dags/example_setup_teardown_taskflow.py
[2026-07-29T17:04:24.993+0000] {logging_mixin.py:190} INFO - [2026-07-29T17:04:24.993+0000] {dag.py:3211} INFO - Sync 1 DAGs
[2026-07-29T17:04:25.001+0000] {logging_mixin.py:190} INFO - [2026-07-29T17:04:25.001+0000] {dag.py:4138} INFO - Setting next_dagrun for example_setup_teardown_taskflow to 2026-07-28 00:00:00+00:00, run_after=2026-07-29 00:00:00+00:00
[2026-07-29T17:04:25.006+0000] {processor.py:208} INFO - Processing /home/airflow/.local/lib/python3.12/site-packages/airflow/example_dags/example_setup_teardown_taskflow.py took 0.029 seconds
[2026-07-29T17:04:55.103+0000] {processor.py:186} INFO - Started process (PID=9734) to work on /home/airflow/.local/lib/python3.12/site-packages/airflow/example_dags/example_setup_teardown_taskflow.py
[2026-07-29T17:04:55.104+0000] {processor.py:914} INFO - Processing file /home/airflow/.local/lib/python3.12/site-packages/airflow/example_dags/example_setup_teardown_taskflow.py for tasks to queue
[2026-07-29T17:04:55.105+0000] {logging_mixin.py:190} INFO - [2026-07-29T17:04:55.104+0000] {dagbag.py:587} INFO - Filling up the DagBag from /home/airflow/.local/lib/python3.12/site-packages/airflow/example_dags/example_setup_teardown_taskflow.py
[2026-07-29T17:04:55.111+0000] {processor.py:925} INFO - DAG(s) 'example_setup_teardown_taskflow' retrieved from /home/airflow/.local/lib/python3.12/site-packages/airflow/example_dags/example_setup_teardown_taskflow.py
[2026-07-29T17:04:55.122+0000] {logging_mixin.py:190} INFO - [2026-07-29T17:04:55.122+0000] {dag.py:3211} INFO - Sync 1 DAGs
[2026-07-29T17:04:55.132+0000] {logging_mixin.py:190} INFO - [2026-07-29T17:04:55.132+0000] {dag.py:4138} INFO - Setting next_dagrun for example_setup_teardown_taskflow to 2026-07-28 00:00:00+00:00, run_after=2026-07-29 00:00:00+00:00
[2026-07-29T17:04:55.138+0000] {processor.py:208} INFO - Processing /home/airflow/.local/lib/python3.12/site-packages/airflow/example_dags/example_setup_teardown_taskflow.py took 0.038 seconds
[2026-07-29T17:05:26.181+0000] {processor.py:186} INFO - Started process (PID=9800) to work on /home/airflow/.local/lib/python3.12/site-packages/airflow/example_dags/example_setup_teardown_taskflow.py
[2026-07-29T17:05:26.182+0000] {processor.py:914} INFO - Processing file /home/airflow/.local/lib/python3.12/site-packages/airflow/example_dags/example_setup_teardown_taskflow.py for tasks to queue
[2026-07-29T17:05:26.183+0000] {logging_mixin.py:190} INFO - [2026-07-29T17:05:26.183+0000] {dagbag.py:587} INFO - Filling up the DagBag from /home/airflow/.local/lib/python3.12/site-packages/airflow/example_dags/example_setup_teardown_taskflow.py
[2026-07-29T17:05:26.189+0000] {processor.py:925} INFO - DAG(s) 'example_setup_teardown_taskflow' retrieved from /home/airflow/.local/lib/python3.12/site-packages/airflow/example_dags/example_setup_teardown_taskflow.py
[2026-07-29T17:05:26.200+0000] {logging_mixin.py:190} INFO - [2026-07-29T17:05:26.200+0000] {dag.py:3211} INFO - Sync 1 DAGs
[2026-07-29T17:05:26.208+0000] {logging_mixin.py:190} INFO - [2026-07-29T17:05:26.208+0000] {dag.py:4138} INFO - Setting next_dagrun for example_setup_teardown_taskflow to 2026-07-28 00:00:00+00:00, run_after=2026-07-29 00:00:00+00:00
[2026-07-29T17:05:26.214+0000] {processor.py:208} INFO - Processing /home/airflow/.local/lib/python3.12/site-packages/airflow/example_dags/example_setup_teardown_taskflow.py took 0.036 seconds
[2026-07-29T17:05:57.093+0000] {processor.py:186} INFO - Started process (PID=9866) to work on /home/airflow/.local/lib/python3.12/site-packages/airflow/example_dags/example_setup_teardown_taskflow.py
[2026-07-29T17:05:57.094+0000] {processor.py:914} INFO - Processing file /home/airflow/.local/lib/python3.12/site-packages/airflow/example_dags/example_setup_teardown_taskflow.py for tasks to queue
[2026-07-29T17:05:57.095+0000] {logging_mixin.py:190} INFO - [2026-07-29T17:05:57.095+0000] {dagbag.py:587} INFO - Filling up the DagBag from /home/airflow/.local/lib/python3.12/site-packages/airflow/example_dags/example_setup_teardown_taskflow.py
[2026-07-29T17:05:57.101+0000] {processor.py:925} INFO - DAG(s) 'example_setup_teardown_taskflow' retrieved from /home/airflow/.local/lib/python3.12/site-packages/airflow/example_dags/example_setup_teardown_taskflow.py
[2026-07-29T17:05:57.110+0000] {logging_mixin.py:190} INFO - [2026-07-29T17:05:57.110+0000] {dag.py:3211} INFO - Sync 1 DAGs
[2026-07-29T17:05:57.119+0000] {logging_mixin.py:190} INFO - [2026-07-29T17:05:57.119+0000] {dag.py:4138} INFO - Setting next_dagrun for example_setup_teardown_taskflow to 2026-07-28 00:00:00+00:00, run_after=2026-07-29 00:00:00+00:00
[2026-07-29T17:05:57.126+0000] {processor.py:208} INFO - Processing /home/airflow/.local/lib/python3.12/site-packages/airflow/example_dags/example_setup_teardown_taskflow.py took 0.036 seconds
[2026-07-29T17:06:28.029+0000] {processor.py:186} INFO - Started process (PID=9932) to work on /home/airflow/.local/lib/python3.12/site-packages/airflow/example_dags/example_setup_teardown_taskflow.py
[2026-07-29T17:06:28.029+0000] {processor.py:914} INFO - Processing file /home/airflow/.local/lib/python3.12/site-packages/airflow/example_dags/example_setup_teardown_taskflow.py for tasks to queue
[2026-07-29T17:06:28.031+0000] {logging_mixin.py:190} INFO - [2026-07-29T17:06:28.031+0000] {dagbag.py:587} INFO - Filling up the DagBag from /home/airflow/.local/lib/python3.12/site-packages/airflow/example_dags/example_setup_teardown_taskflow.py
[2026-07-29T17:06:28.035+0000] {processor.py:925} INFO - DAG(s) 'example_setup_teardown_taskflow' retrieved from /home/airflow/.local/lib/python3.12/site-packages/airflow/example_dags/example_setup_teardown_taskflow.py
[2026-07-29T17:06:28.046+0000] {logging_mixin.py:190} INFO - [2026-07-29T17:06:28.046+0000] {dag.py:3211} INFO - Sync 1 DAGs
[2026-07-29T17:06:28.056+0000] {logging_mixin.py:190} INFO - [2026-07-29T17:06:28.055+0000] {dag.py:4138} INFO - Setting next_dagrun for example_setup_teardown_taskflow to 2026-07-28 00:00:00+00:00, run_after=2026-07-29 00:00:00+00:00
[2026-07-29T17:06:28.065+0000] {processor.py:208} INFO - Processing /home/airflow/.local/lib/python3.12/site-packages/airflow/example_dags/example_setup_teardown_taskflow.py took 0.039 seconds
[2026-07-29T17:06:58.356+0000] {processor.py:186} INFO - Started process (PID=9998) to work on /home/airflow/.local/lib/python3.12/site-packages/airflow/example_dags/example_setup_teardown_taskflow.py
[2026-07-29T17:06:58.357+0000] {processor.py:914} INFO - Processing file /home/airflow/.local/lib/python3.12/site-packages/airflow/example_dags/example_setup_teardown_taskflow.py for tasks to queue
[2026-07-29T17:06:58.359+0000] {logging_mixin.py:190} INFO - [2026-07-29T17:06:58.358+0000] {dagbag.py:587} INFO - Filling up the DagBag from /home/airflow/.local/lib/python3.12/site-packages/airflow/example_dags/example_setup_teardown_taskflow.py
[2026-07-29T17:06:58.364+0000] {processor.py:925} INFO - DAG(s) 'example_setup_teardown_taskflow' retrieved from /home/airflow/.local/lib/python3.12/site-packages/airflow/example_dags/example_setup_teardown_taskflow.py
[2026-07-29T17:06:58.375+0000] {logging_mixin.py:190} INFO - [2026-07-29T17:06:58.375+0000] {dag.py:3211} INFO - Sync 1 DAGs
[2026-07-29T17:06:58.385+0000] {logging_mixin.py:190} INFO - [2026-07-29T17:06:58.385+0000] {dag.py:4138} INFO - Setting next_dagrun for example_setup_teardown_taskflow to 2026-07-28 00:00:00+00:00, run_after=2026-07-29 00:00:00+00:00
[2026-07-29T17:06:58.394+0000] {processor.py:208} INFO - Processing /home/airflow/.local/lib/python3.12/site-packages/airflow/example_dags/example_setup_teardown_taskflow.py took 0.040 seconds
[2026-07-29T17:07:28.572+0000] {processor.py:186} INFO - Started process (PID=10064) to work on /home/airflow/.local/lib/python3.12/site-packages/airflow/example_dags/example_setup_teardown_taskflow.py
[2026-07-29T17:07:28.573+0000] {processor.py:914} INFO - Processing file /home/airflow/.local/lib/python3.12/site-packages/airflow/example_dags/example_setup_teardown_taskflow.py for tasks to queue
[2026-07-29T17:07:28.577+0000] {logging_mixin.py:190} INFO - [2026-07-29T17:07:28.577+0000] {dagbag.py:587} INFO - Filling up the DagBag from /home/airflow/.local/lib/python3.12/site-packages/airflow/example_dags/example_setup_teardown_taskflow.py
[2026-07-29T17:07:28.582+0000] {processor.py:925} INFO - DAG(s) 'example_setup_teardown_taskflow' retrieved from /home/airflow/.local/lib/python3.12/site-packages/airflow/example_dags/example_setup_teardown_taskflow.py
[2026-07-29T17:07:28.595+0000] {logging_mixin.py:190} INFO - [2026-07-29T17:07:28.595+0000] {dag.py:3211} INFO - Sync 1 DAGs
[2026-07-29T17:07:28.605+0000] {logging_mixin.py:190} INFO - [2026-07-29T17:07:28.604+0000] {dag.py:4138} INFO - Setting next_dagrun for example_setup_teardown_taskflow to 2026-07-28 00:00:00+00:00, run_after=2026-07-29 00:00:00+00:00
[2026-07-29T17:07:28.611+0000] {processor.py:208} INFO - Processing /home/airflow/.local/lib/python3.12/site-packages/airflow/example_dags/example_setup_teardown_taskflow.py took 0.042 seconds
[2026-07-29T17:07:59.039+0000] {processor.py:186} INFO - Started process (PID=10130) to work on /home/airflow/.local/lib/python3.12/site-packages/airflow/example_dags/example_setup_teardown_taskflow.py
[2026-07-29T17:07:59.039+0000] {processor.py:914} INFO - Processing file /home/airflow/.local/lib/python3.12/site-packages/airflow/example_dags/example_setup_teardown_taskflow.py for tasks to queue
[2026-07-29T17:07:59.041+0000] {logging_mixin.py:190} INFO - [2026-07-29T17:07:59.041+0000] {dagbag.py:587} INFO - Filling up the DagBag from /home/airflow/.local/lib/python3.12/site-packages/airflow/example_dags/example_setup_teardown_taskflow.py
[2026-07-29T17:07:59.047+0000] {processor.py:925} INFO - DAG(s) 'example_setup_teardown_taskflow' retrieved from /home/airflow/.local/lib/python3.12/site-packages/airflow/example_dags/example_setup_teardown_taskflow.py
[2026-07-29T17:07:59.063+0000] {logging_mixin.py:190} INFO - [2026-07-29T17:07:59.062+0000] {dag.py:3211} INFO - Sync 1 DAGs
[2026-07-29T17:07:59.074+0000] {logging_mixin.py:190} INFO - [2026-07-29T17:07:59.073+0000] {dag.py:4138} INFO - Setting next_dagrun for example_setup_teardown_taskflow to 2026-07-28 00:00:00+00:00, run_after=2026-07-29 00:00:00+00:00
[2026-07-29T17:07:59.082+0000] {processor.py:208} INFO - Processing /home/airflow/.local/lib/python3.12/site-packages/airflow/example_dags/example_setup_teardown_taskflow.py took 0.048 seconds
[2026-07-29T17:08:29.367+0000] {processor.py:186} INFO - Started process (PID=10196) to work on /home/airflow/.local/lib/python3.12/site-packages/airflow/example_dags/example_setup_teardown_taskflow.py
[2026-07-29T17:08:29.368+0000] {processor.py:914} INFO - Processing file /home/airflow/.local/lib/python3.12/site-packages/airflow/example_dags/example_setup_teardown_taskflow.py for tasks to queue
[2026-07-29T17:08:29.369+0000] {logging_mixin.py:190} INFO - [2026-07-29T17:08:29.369+0000] {dagbag.py:587} INFO - Filling up the DagBag from /home/airflow/.local/lib/python3.12/site-packages/airflow/example_dags/example_setup_teardown_taskflow.py
[2026-07-29T17:08:29.375+0000] {processor.py:925} INFO - DAG(s) 'example_setup_teardown_taskflow' retrieved from /home/airflow/.local/lib/python3.12/site-packages/airflow/example_dags/example_setup_teardown_taskflow.py
[2026-07-29T17:08:29.386+0000] {logging_mixin.py:190} INFO - [2026-07-29T17:08:29.386+0000] {dag.py:3211} INFO - Sync 1 DAGs
[2026-07-29T17:08:29.397+0000] {logging_mixin.py:190} INFO - [2026-07-29T17:08:29.397+0000] {dag.py:4138} INFO - Setting next_dagrun for example_setup_teardown_taskflow to 2026-07-28 00:00:00+00:00, run_after=2026-07-29 00:00:00+00:00
[2026-07-29T17:08:29.405+0000] {processor.py:208} INFO - Processing /home/airflow/.local/lib/python3.12/site-packages/airflow/example_dags/example_setup_teardown_taskflow.py took 0.040 seconds
[2026-07-29T17:09:00.504+0000] {processor.py:186} INFO - Started process (PID=10262) to work on /home/airflow/.local/lib/python3.12/site-packages/airflow/example_dags/example_setup_teardown_taskflow.py
[2026-07-29T17:09:00.504+0000] {processor.py:914} INFO - Processing file /home/airflow/.local/lib/python3.12/site-packages/airflow/example_dags/example_setup_teardown_taskflow.py for tasks to queue
[2026-07-29T17:09:00.505+0000] {logging_mixin.py:190} INFO - [2026-07-29T17:09:00.505+0000] {dagbag.py:587} INFO - Filling up the DagBag from /home/airflow/.local/lib/python3.12/site-packages/airflow/example_dags/example_setup_teardown_taskflow.py
[2026-07-29T17:09:00.511+0000] {processor.py:925} INFO - DAG(s) 'example_setup_teardown_taskflow' retrieved from /home/airflow/.local/lib/python3.12/site-packages/airflow/example_dags/example_setup_teardown_taskflow.py
[2026-07-29T17:09:00.520+0000] {logging_mixin.py:190} INFO - [2026-07-29T17:09:00.520+0000] {dag.py:3211} INFO - Sync 1 DAGs
[2026-07-29T17:09:00.529+0000] {logging_mixin.py:190} INFO - [2026-07-29T17:09:00.529+0000] {dag.py:4138} INFO - Setting next_dagrun for example_setup_teardown_taskflow to 2026-07-28 00:00:00+00:00, run_after=2026-07-29 00:00:00+00:00
[2026-07-29T17:09:00.659+0000] {processor.py:208} INFO - Processing /home/airflow/.local/lib/python3.12/site-packages/airflow/example_dags/example_setup_teardown_taskflow.py took 0.158 seconds
[2026-07-29T17:09:31.061+0000] {processor.py:186} INFO - Started process (PID=10328) to work on /home/airflow/.local/lib/python3.12/site-packages/airflow/example_dags/example_setup_teardown_taskflow.py
[2026-07-29T17:09:31.062+0000] {processor.py:914} INFO - Processing file /home/airflow/.local/lib/python3.12/site-packages/airflow/example_dags/example_setup_teardown_taskflow.py for tasks to queue
[2026-07-29T17:09:31.063+0000] {logging_mixin.py:190} INFO - [2026-07-29T17:09:31.063+0000] {dagbag.py:587} INFO - Filling up the DagBag from /home/airflow/.local/lib/python3.12/site-packages/airflow/example_dags/example_setup_teardown_taskflow.py
[2026-07-29T17:09:31.068+0000] {processor.py:925} INFO - DAG(s) 'example_setup_teardown_taskflow' retrieved from /home/airflow/.local/lib/python3.12/site-packages/airflow/example_dags/example_setup_teardown_taskflow.py
[2026-07-29T17:09:31.076+0000] {logging_mixin.py:190} INFO - [2026-07-29T17:09:31.076+0000] {dag.py:3211} INFO - Sync 1 DAGs
[2026-07-29T17:09:31.084+0000] {logging_mixin.py:190} INFO - [2026-07-29T17:09:31.084+0000] {dag.py:4138} INFO - Setting next_dagrun for example_setup_teardown_taskflow to 2026-07-28 00:00:00+00:00, run_after=2026-07-29 00:00:00+00:00
[2026-07-29T17:09:31.090+0000] {processor.py:208} INFO - Processing /home/airflow/.local/lib/python3.12/site-packages/airflow/example_dags/example_setup_teardown_taskflow.py took 0.032 seconds
[2026-07-29T17:10:01.614+0000] {processor.py:186} INFO - Started process (PID=10394) to work on /home/airflow/.local/lib/python3.12/site-packages/airflow/example_dags/example_setup_teardown_taskflow.py
[2026-07-29T17:10:01.614+0000] {processor.py:914} INFO - Processing file /home/airflow/.local/lib/python3.12/site-packages/airflow/example_dags/example_setup_teardown_taskflow.py for tasks to queue
[2026-07-29T17:10:01.615+0000] {logging_mixin.py:190} INFO - [2026-07-29T17:10:01.615+0000] {dagbag.py:587} INFO - Filling up the DagBag from /home/airflow/.local/lib/python3.12/site-packages/airflow/example_dags/example_setup_teardown_taskflow.py
[2026-07-29T17:10:01.622+0000] {processor.py:925} INFO - DAG(s) 'example_setup_teardown_taskflow' retrieved from /home/airflow/.local/lib/python3.12/site-packages/airflow/example_dags/example_setup_teardown_taskflow.py
[2026-07-29T17:10:01.640+0000] {logging_mixin.py:190} INFO - [2026-07-29T17:10:01.640+0000] {dag.py:3211} INFO - Sync 1 DAGs
[2026-07-29T17:10:01.655+0000] {logging_mixin.py:190} INFO - [2026-07-29T17:10:01.655+0000] {dag.py:4138} INFO - Setting next_dagrun for example_setup_teardown_taskflow to 2026-07-28 00:00:00+00:00, run_after=2026-07-29 00:00:00+00:00
[2026-07-29T17:10:01.670+0000] {processor.py:208} INFO - Processing /home/airflow/.local/lib/python3.12/site-packages/airflow/example_dags/example_setup_teardown_taskflow.py took 0.059 seconds
[2026-07-29T17:10:33.775+0000] {processor.py:186} INFO - Started process (PID=10460) to work on /home/airflow/.local/lib/python3.12/site-packages/airflow/example_dags/example_setup_teardown_taskflow.py
[2026-07-29T17:10:33.776+0000] {processor.py:914} INFO - Processing file /home/airflow/.local/lib/python3.12/site-packages/airflow/example_dags/example_setup_teardown_taskflow.py for tasks to queue
[2026-07-29T17:10:33.778+0000] {logging_mixin.py:190} INFO - [2026-07-29T17:10:33.778+0000] {dagbag.py:587} INFO - Filling up the DagBag from /home/airflow/.local/lib/python3.12/site-packages/airflow/example_dags/example_setup_teardown_taskflow.py
[2026-07-29T17:10:33.784+0000] {processor.py:925} INFO - DAG(s) 'example_setup_teardown_taskflow' retrieved from /home/airflow/.local/lib/python3.12/site-packages/airflow/example_dags/example_setup_teardown_taskflow.py
[2026-07-29T17:10:33.798+0000] {logging_mixin.py:190} INFO - [2026-07-29T17:10:33.797+0000] {dag.py:3211} INFO - Sync 1 DAGs
[2026-07-29T17:10:33.811+0000] {logging_mixin.py:190} INFO - [2026-07-29T17:10:33.811+0000] {dag.py:4138} INFO - Setting next_dagrun for example_setup_teardown_taskflow to 2026-07-28 00:00:00+00:00, run_after=2026-07-29 00:00:00+00:00
[2026-07-29T17:10:33.822+0000] {processor.py:208} INFO - Processing /home/airflow/.local/lib/python3.12/site-packages/airflow/example_dags/example_setup_teardown_taskflow.py took 0.050 seconds
[2026-07-29T17:11:04.891+0000] {processor.py:186} INFO - Started process (PID=10526) to work on /home/airflow/.local/lib/python3.12/site-packages/airflow/example_dags/example_setup_teardown_taskflow.py
[2026-07-29T17:11:04.891+0000] {processor.py:914} INFO - Processing file /home/airflow/.local/lib/python3.12/site-packages/airflow/example_dags/example_setup_teardown_taskflow.py for tasks to queue
[2026-07-29T17:11:04.893+0000] {logging_mixin.py:190} INFO - [2026-07-29T17:11:04.893+0000] {dagbag.py:587} INFO - Filling up the DagBag from /home/airflow/.local/lib/python3.12/site-packages/airflow/example_dags/example_setup_teardown_taskflow.py
[2026-07-29T17:11:04.900+0000] {processor.py:925} INFO - DAG(s) 'example_setup_teardown_taskflow' retrieved from /home/airflow/.local/lib/python3.12/site-packages/airflow/example_dags/example_setup_teardown_taskflow.py
[2026-07-29T17:11:04.912+0000] {logging_mixin.py:190} INFO - [2026-07-29T17:11:04.912+0000] {dag.py:3211} INFO - Sync 1 DAGs
[2026-07-29T17:11:05.031+0000] {logging_mixin.py:190} INFO - [2026-07-29T17:11:05.031+0000] {dag.py:4138} INFO - Setting next_dagrun for example_setup_teardown_taskflow to 2026-07-28 00:00:00+00:00, run_after=2026-07-29 00:00:00+00:00
[2026-07-29T17:11:05.042+0000] {processor.py:208} INFO - Processing /home/airflow/.local/lib/python3.12/site-packages/airflow/example_dags/example_setup_teardown_taskflow.py took 0.155 seconds
[2026-07-29T17:11:35.801+0000] {processor.py:186} INFO - Started process (PID=10592) to work on /home/airflow/.local/lib/python3.12/site-packages/airflow/example_dags/example_setup_teardown_taskflow.py
[2026-07-29T17:11:35.802+0000] {processor.py:914} INFO - Processing file /home/airflow/.local/lib/python3.12/site-packages/airflow/example_dags/example_setup_teardown_taskflow.py for tasks to queue
[2026-07-29T17:11:35.803+0000] {logging_mixin.py:190} INFO - [2026-07-29T17:11:35.803+0000] {dagbag.py:587} INFO - Filling up the DagBag from /home/airflow/.local/lib/python3.12/site-packages/airflow/example_dags/example_setup_teardown_taskflow.py
[2026-07-29T17:11:35.809+0000] {processor.py:925} INFO - DAG(s) 'example_setup_teardown_taskflow' retrieved from /home/airflow/.local/lib/python3.12/site-packages/airflow/example_dags/example_setup_teardown_taskflow.py
[2026-07-29T17:11:35.818+0000] {logging_mixin.py:190} INFO - [2026-07-29T17:11:35.818+0000] {dag.py:3211} INFO - Sync 1 DAGs
[2026-07-29T17:11:35.827+0000] {logging_mixin.py:190} INFO - [2026-07-29T17:11:35.827+0000] {dag.py:4138} INFO - Setting next_dagrun for example_setup_teardown_taskflow to 2026-07-28 00:00:00+00:00, run_after=2026-07-29 00:00:00+00:00
[2026-07-29T17:11:35.840+0000] {processor.py:208} INFO - Processing /home/airflow/.local/lib/python3.12/site-packages/airflow/example_dags/example_setup_teardown_taskflow.py took 0.041 seconds
[2026-07-29T17:12:06.695+0000] {processor.py:186} INFO - Started process (PID=10658) to work on /home/airflow/.local/lib/python3.12/site-packages/airflow/example_dags/example_setup_teardown_taskflow.py
[2026-07-29T17:12:06.696+0000] {processor.py:914} INFO - Processing file /home/airflow/.local/lib/python3.12/site-packages/airflow/example_dags/example_setup_teardown_taskflow.py for tasks to queue
[2026-07-29T17:12:06.697+0000] {logging_mixin.py:190} INFO - [2026-07-29T17:12:06.697+0000] {dagbag.py:587} INFO - Filling up the DagBag from /home/airflow/.local/lib/python3.12/site-packages/airflow/example_dags/example_setup_teardown_taskflow.py
[2026-07-29T17:12:06.702+0000] {processor.py:925} INFO - DAG(s) 'example_setup_teardown_taskflow' retrieved from /home/airflow/.local/lib/python3.12/site-packages/airflow/example_dags/example_setup_teardown_taskflow.py
[2026-07-29T17:12:06.715+0000] {logging_mixin.py:190} INFO - [2026-07-29T17:12:06.715+0000] {dag.py:3211} INFO - Sync 1 DAGs
[2026-07-29T17:12:06.725+0000] {logging_mixin.py:190} INFO - [2026-07-29T17:12:06.725+0000] {dag.py:4138} INFO - Setting next_dagrun for example_setup_teardown_taskflow to 2026-07-28 00:00:00+00:00, run_after=2026-07-29 00:00:00+00:00
[2026-07-29T17:12:06.733+0000] {processor.py:208} INFO - Processing /home/airflow/.local/lib/python3.12/site-packages/airflow/example_dags/example_setup_teardown_taskflow.py took 0.040 seconds
[2026-07-29T17:12:36.887+0000] {processor.py:186} INFO - Started process (PID=10724) to work on /home/airflow/.local/lib/python3.12/site-packages/airflow/example_dags/example_setup_teardown_taskflow.py
[2026-07-29T17:12:36.888+0000] {processor.py:914} INFO - Processing file /home/airflow/.local/lib/python3.12/site-packages/airflow/example_dags/example_setup_teardown_taskflow.py for tasks to queue
[2026-07-29T17:12:36.889+0000] {logging_mixin.py:190} INFO - [2026-07-29T17:12:36.889+0000] {dagbag.py:587} INFO - Filling up the DagBag from /home/airflow/.local/lib/python3.12/site-packages/airflow/example_dags/example_setup_teardown_taskflow.py
[2026-07-29T17:12:36.894+0000] {processor.py:925} INFO - DAG(s) 'example_setup_teardown_taskflow' retrieved from /home/airflow/.local/lib/python3.12/site-packages/airflow/example_dags/example_setup_teardown_taskflow.py
[2026-07-29T17:12:36.905+0000] {logging_mixin.py:190} INFO - [2026-07-29T17:12:36.904+0000] {dag.py:3211} INFO - Sync 1 DAGs
[2026-07-29T17:12:36.921+0000] {logging_mixin.py:190} INFO - [2026-07-29T17:12:36.921+0000] {dag.py:4138} INFO - Setting next_dagrun for example_setup_teardown_taskflow to 2026-07-28 00:00:00+00:00, run_after=2026-07-29 00:00:00+00:00
[2026-07-29T17:12:36.935+0000] {processor.py:208} INFO - Processing /home/airflow/.local/lib/python3.12/site-packages/airflow/example_dags/example_setup_teardown_taskflow.py took 0.051 seconds
[2026-07-29T17:13:07.830+0000] {processor.py:186} INFO - Started process (PID=10790) to work on /home/airflow/.local/lib/python3.12/site-packages/airflow/example_dags/example_setup_teardown_taskflow.py
[2026-07-29T17:13:07.830+0000] {processor.py:914} INFO - Processing file /home/airflow/.local/lib/python3.12/site-packages/airflow/example_dags/example_setup_teardown_taskflow.py for tasks to queue
[2026-07-29T17:13:07.831+0000] {logging_mixin.py:190} INFO - [2026-07-29T17:13:07.831+0000] {dagbag.py:587} INFO - Filling up the DagBag from /home/airflow/.local/lib/python3.12/site-packages/airflow/example_dags/example_setup_teardown_taskflow.py
[2026-07-29T17:13:07.840+0000] {processor.py:925} INFO - DAG(s) 'example_setup_teardown_taskflow' retrieved from /home/airflow/.local/lib/python3.12/site-packages/airflow/example_dags/example_setup_teardown_taskflow.py
[2026-07-29T17:13:07.852+0000] {logging_mixin.py:190} INFO - [2026-07-29T17:13:07.852+0000] {dag.py:3211} INFO - Sync 1 DAGs
[2026-07-29T17:13:07.862+0000] {logging_mixin.py:190} INFO - [2026-07-29T17:13:07.862+0000] {dag.py:4138} INFO - Setting next_dagrun for example_setup_teardown_taskflow to 2026-07-28 00:00:00+00:00, run_after=2026-07-29 00:00:00+00:00
[2026-07-29T17:13:07.870+0000] {processor.py:208} INFO - Processing /home/airflow/.local/lib/python3.12/site-packages/airflow/example_dags/example_setup_teardown_taskflow.py took 0.043 seconds
[2026-07-29T17:13:37.907+0000] {processor.py:186} INFO - Started process (PID=10856) to work on /home/airflow/.local/lib/python3.12/site-packages/airflow/example_dags/example_setup_teardown_taskflow.py
[2026-07-29T17:13:37.907+0000] {processor.py:914} INFO - Processing file /home/airflow/.local/lib/python3.12/site-packages/airflow/example_dags/example_setup_teardown_taskflow.py for tasks to queue
[2026-07-29T17:13:37.908+0000] {logging_mixin.py:190} INFO - [2026-07-29T17:13:37.908+0000] {dagbag.py:587} INFO - Filling up the DagBag from /home/airflow/.local/lib/python3.12/site-packages/airflow/example_dags/example_setup_teardown_taskflow.py
[2026-07-29T17:13:37.914+0000] {processor.py:925} INFO - DAG(s) 'example_setup_teardown_taskflow' retrieved from /home/airflow/.local/lib/python3.12/site-packages/airflow/example_dags/example_setup_teardown_taskflow.py
[2026-07-29T17:13:37.927+0000] {logging_mixin.py:190} INFO - [2026-07-29T17:13:37.927+0000] {dag.py:3211} INFO - Sync 1 DAGs
[2026-07-29T17:13:37.934+0000] {logging_mixin.py:190} INFO - [2026-07-29T17:13:37.934+0000] {dag.py:4138} INFO - Setting next_dagrun for example_setup_teardown_taskflow to 2026-07-28 00:00:00+00:00, run_after=2026-07-29 00:00:00+00:00
[2026-07-29T17:13:37.941+0000] {processor.py:208} INFO - Processing /home/airflow/.local/lib/python3.12/site-packages/airflow/example_dags/example_setup_teardown_taskflow.py took 0.037 seconds
[2026-07-29T17:14:08.331+0000] {processor.py:186} INFO - Started process (PID=10922) to work on /home/airflow/.local/lib/python3.12/site-packages/airflow/example_dags/example_setup_teardown_taskflow.py
[2026-07-29T17:14:08.332+0000] {processor.py:914} INFO - Processing file /home/airflow/.local/lib/python3.12/site-packages/airflow/example_dags/example_setup_teardown_taskflow.py for tasks to queue
[2026-07-29T17:14:08.333+0000] {logging_mixin.py:190} INFO - [2026-07-29T17:14:08.332+0000] {dagbag.py:587} INFO - Filling up the DagBag from /home/airflow/.local/lib/python3.12/site-packages/airflow/example_dags/example_setup_teardown_taskflow.py
[2026-07-29T17:14:08.340+0000] {processor.py:925} INFO - DAG(s) 'example_setup_teardown_taskflow' retrieved from /home/airflow/.local/lib/python3.12/site-packages/airflow/example_dags/example_setup_teardown_taskflow.py
[2026-07-29T17:14:08.350+0000] {logging_mixin.py:190} INFO - [2026-07-29T17:14:08.350+0000] {dag.py:3211} INFO - Sync 1 DAGs
[2026-07-29T17:14:08.361+0000] {logging_mixin.py:190} INFO - [2026-07-29T17:14:08.361+0000] {dag.py:4138} INFO - Setting next_dagrun for example_setup_teardown_taskflow to 2026-07-28 00:00:00+00:00, run_after=2026-07-29 00:00:00+00:00
[2026-07-29T17:14:08.371+0000] {processor.py:208} INFO - Processing /home/airflow/.local/lib/python3.12/site-packages/airflow/example_dags/example_setup_teardown_taskflow.py took 0.042 seconds
[2026-07-29T17:14:39.259+0000] {processor.py:186} INFO - Started process (PID=10988) to work on /home/airflow/.local/lib/python3.12/site-packages/airflow/example_dags/example_setup_teardown_taskflow.py
[2026-07-29T17:14:39.260+0000] {processor.py:914} INFO - Processing file /home/airflow/.local/lib/python3.12/site-packages/airflow/example_dags/example_setup_teardown_taskflow.py for tasks to queue
[2026-07-29T17:14:39.262+0000] {logging_mixin.py:190} INFO - [2026-07-29T17:14:39.261+0000] {dagbag.py:587} INFO - Filling up the DagBag from /home/airflow/.local/lib/python3.12/site-packages/airflow/example_dags/example_setup_teardown_taskflow.py
[2026-07-29T17:14:39.266+0000] {processor.py:925} INFO - DAG(s) 'example_setup_teardown_taskflow' retrieved from /home/airflow/.local/lib/python3.12/site-packages/airflow/example_dags/example_setup_teardown_taskflow.py
[2026-07-29T17:14:39.283+0000] {logging_mixin.py:190} INFO - [2026-07-29T17:14:39.283+0000] {dag.py:3211} INFO - Sync 1 DAGs
[2026-07-29T17:14:39.292+0000] {logging_mixin.py:190} INFO - [2026-07-29T17:14:39.292+0000] {dag.py:4138} INFO - Setting next_dagrun for example_setup_teardown_taskflow to 2026-07-28 00:00:00+00:00, run_after=2026-07-29 00:00:00+00:00
[2026-07-29T17:14:39.299+0000] {processor.py:208} INFO - Processing /home/airflow/.local/lib/python3.12/site-packages/airflow/example_dags/example_setup_teardown_taskflow.py took 0.043 seconds
[2026-07-29T17:15:09.353+0000] {processor.py:186} INFO - Started process (PID=11054) to work on /home/airflow/.local/lib/python3.12/site-packages/airflow/example_dags/example_setup_teardown_taskflow.py
[2026-07-29T17:15:09.353+0000] {processor.py:914} INFO - Processing file /home/airflow/.local/lib/python3.12/site-packages/airflow/example_dags/example_setup_teardown_taskflow.py for tasks to queue
[2026-07-29T17:15:09.354+0000] {logging_mixin.py:190} INFO - [2026-07-29T17:15:09.354+0000] {dagbag.py:587} INFO - Filling up the DagBag from /home/airflow/.local/lib/python3.12/site-packages/airflow/example_dags/example_setup_teardown_taskflow.py
[2026-07-29T17:15:09.359+0000] {processor.py:925} INFO - DAG(s) 'example_setup_teardown_taskflow' retrieved from /home/airflow/.local/lib/python3.12/site-packages/airflow/example_dags/example_setup_teardown_taskflow.py
[2026-07-29T17:15:09.368+0000] {logging_mixin.py:190} INFO - [2026-07-29T17:15:09.368+0000] {dag.py:3211} INFO - Sync 1 DAGs
[2026-07-29T17:15:09.377+0000] {logging_mixin.py:190} INFO - [2026-07-29T17:15:09.377+0000] {dag.py:4138} INFO - Setting next_dagrun for example_setup_teardown_taskflow to 2026-07-28 00:00:00+00:00, run_after=2026-07-29 00:00:00+00:00
[2026-07-29T17:15:09.383+0000] {processor.py:208} INFO - Processing /home/airflow/.local/lib/python3.12/site-packages/airflow/example_dags/example_setup_teardown_taskflow.py took 0.033 seconds
[2026-07-29T17:15:39.575+0000] {processor.py:186} INFO - Started process (PID=11120) to work on /home/airflow/.local/lib/python3.12/site-packages/airflow/example_dags/example_setup_teardown_taskflow.py
[2026-07-29T17:15:39.575+0000] {processor.py:914} INFO - Processing file /home/airflow/.local/lib/python3.12/site-packages/airflow/example_dags/example_setup_teardown_taskflow.py for tasks to queue
[2026-07-29T17:15:39.576+0000] {logging_mixin.py:190} INFO - [2026-07-29T17:15:39.576+0000] {dagbag.py:587} INFO - Filling up the DagBag from /home/airflow/.local/lib/python3.12/site-packages/airflow/example_dags/example_setup_teardown_taskflow.py
[2026-07-29T17:15:39.583+0000] {processor.py:925} INFO - DAG(s) 'example_setup_teardown_taskflow' retrieved from /home/airflow/.local/lib/python3.12/site-packages/airflow/example_dags/example_setup_teardown_taskflow.py
[2026-07-29T17:15:39.594+0000] {logging_mixin.py:190} INFO - [2026-07-29T17:15:39.593+0000] {dag.py:3211} INFO - Sync 1 DAGs
[2026-07-29T17:15:39.606+0000] {logging_mixin.py:190} INFO - [2026-07-29T17:15:39.606+0000] {dag.py:4138} INFO - Setting next_dagrun for example_setup_teardown_taskflow to 2026-07-28 00:00:00+00:00, run_after=2026-07-29 00:00:00+00:00
[2026-07-29T17:15:39.617+0000] {processor.py:208} INFO - Processing /home/airflow/.local/lib/python3.12/site-packages/airflow/example_dags/example_setup_teardown_taskflow.py took 0.045 seconds
[2026-07-29T17:16:09.635+0000] {processor.py:186} INFO - Started process (PID=11186) to work on /home/airflow/.local/lib/python3.12/site-packages/airflow/example_dags/example_setup_teardown_taskflow.py
[2026-07-29T17:16:09.635+0000] {processor.py:914} INFO - Processing file /home/airflow/.local/lib/python3.12/site-packages/airflow/example_dags/example_setup_teardown_taskflow.py for tasks to queue
[2026-07-29T17:16:09.636+0000] {logging_mixin.py:190} INFO - [2026-07-29T17:16:09.636+0000] {dagbag.py:587} INFO - Filling up the DagBag from /home/airflow/.local/lib/python3.12/site-packages/airflow/example_dags/example_setup_teardown_taskflow.py
[2026-07-29T17:16:09.641+0000] {processor.py:925} INFO - DAG(s) 'example_setup_teardown_taskflow' retrieved from /home/airflow/.local/lib/python3.12/site-packages/airflow/example_dags/example_setup_teardown_taskflow.py
[2026-07-29T17:16:09.648+0000] {logging_mixin.py:190} INFO - [2026-07-29T17:16:09.648+0000] {dag.py:3211} INFO - Sync 1 DAGs
[2026-07-29T17:16:09.656+0000] {logging_mixin.py:190} INFO - [2026-07-29T17:16:09.656+0000] {dag.py:4138} INFO - Setting next_dagrun for example_setup_teardown_taskflow to 2026-07-28 00:00:00+00:00, run_after=2026-07-29 00:00:00+00:00
[2026-07-29T17:16:09.661+0000] {processor.py:208} INFO - Processing /home/airflow/.local/lib/python3.12/site-packages/airflow/example_dags/example_setup_teardown_taskflow.py took 0.028 seconds
[2026-07-29T17:16:39.834+0000] {processor.py:186} INFO - Started process (PID=11252) to work on /home/airflow/.local/lib/python3.12/site-packages/airflow/example_dags/example_setup_teardown_taskflow.py
[2026-07-29T17:16:39.835+0000] {processor.py:914} INFO - Processing file /home/airflow/.local/lib/python3.12/site-packages/airflow/example_dags/example_setup_teardown_taskflow.py for tasks to queue
[2026-07-29T17:16:39.836+0000] {logging_mixin.py:190} INFO - [2026-07-29T17:16:39.836+0000] {dagbag.py:587} INFO - Filling up the DagBag from /home/airflow/.local/lib/python3.12/site-packages/airflow/example_dags/example_setup_teardown_taskflow.py
[2026-07-29T17:16:39.841+0000] {processor.py:925} INFO - DAG(s) 'example_setup_teardown_taskflow' retrieved from /home/airflow/.local/lib/python3.12/site-packages/airflow/example_dags/example_setup_teardown_taskflow.py
[2026-07-29T17:16:39.852+0000] {logging_mixin.py:190} INFO - [2026-07-29T17:16:39.852+0000] {dag.py:3211} INFO - Sync 1 DAGs
[2026-07-29T17:16:39.864+0000] {logging_mixin.py:190} INFO - [2026-07-29T17:16:39.864+0000] {dag.py:4138} INFO - Setting next_dagrun for example_setup_teardown_taskflow to 2026-07-28 00:00:00+00:00, run_after=2026-07-29 00:00:00+00:00
[2026-07-29T17:16:39.875+0000] {processor.py:208} INFO - Processing /home/airflow/.local/lib/python3.12/site-packages/airflow/example_dags/example_setup_teardown_taskflow.py took 0.043 seconds
[2026-07-29T17:17:10.849+0000] {processor.py:186} INFO - Started process (PID=11318) to work on /home/airflow/.local/lib/python3.12/site-packages/airflow/example_dags/example_setup_teardown_taskflow.py
[2026-07-29T17:17:10.849+0000] {processor.py:914} INFO - Processing file /home/airflow/.local/lib/python3.12/site-packages/airflow/example_dags/example_setup_teardown_taskflow.py for tasks to queue
[2026-07-29T17:17:10.850+0000] {logging_mixin.py:190} INFO - [2026-07-29T17:17:10.850+0000] {dagbag.py:587} INFO - Filling up the DagBag from /home/airflow/.local/lib/python3.12/site-packages/airflow/example_dags/example_setup_teardown_taskflow.py
[2026-07-29T17:17:10.856+0000] {processor.py:925} INFO - DAG(s) 'example_setup_teardown_taskflow' retrieved from /home/airflow/.local/lib/python3.12/site-packages/airflow/example_dags/example_setup_teardown_taskflow.py
[2026-07-29T17:17:10.864+0000] {logging_mixin.py:190} INFO - [2026-07-29T17:17:10.864+0000] {dag.py:3211} INFO - Sync 1 DAGs
[2026-07-29T17:17:10.875+0000] {logging_mixin.py:190} INFO - [2026-07-29T17:17:10.875+0000] {dag.py:4138} INFO - Setting next_dagrun for example_setup_teardown_taskflow to 2026-07-28 00:00:00+00:00, run_after=2026-07-29 00:00:00+00:00
[2026-07-29T17:17:10.885+0000] {processor.py:208} INFO - Processing /home/airflow/.local/lib/python3.12/site-packages/airflow/example_dags/example_setup_teardown_taskflow.py took 0.039 seconds
[2026-07-29T17:17:41.070+0000] {processor.py:186} INFO - Started process (PID=11384) to work on /home/airflow/.local/lib/python3.12/site-packages/airflow/example_dags/example_setup_teardown_taskflow.py
[2026-07-29T17:17:41.070+0000] {processor.py:914} INFO - Processing file /home/airflow/.local/lib/python3.12/site-packages/airflow/example_dags/example_setup_teardown_taskflow.py for tasks to queue
[2026-07-29T17:17:41.071+0000] {logging_mixin.py:190} INFO - [2026-07-29T17:17:41.071+0000] {dagbag.py:587} INFO - Filling up the DagBag from /home/airflow/.local/lib/python3.12/site-packages/airflow/example_dags/example_setup_teardown_taskflow.py
[2026-07-29T17:17:41.077+0000] {processor.py:925} INFO - DAG(s) 'example_setup_teardown_taskflow' retrieved from /home/airflow/.local/lib/python3.12/site-packages/airflow/example_dags/example_setup_teardown_taskflow.py
[2026-07-29T17:17:41.091+0000] {logging_mixin.py:190} INFO - [2026-07-29T17:17:41.091+0000] {dag.py:3211} INFO - Sync 1 DAGs
[2026-07-29T17:17:41.107+0000] {logging_mixin.py:190} INFO - [2026-07-29T17:17:41.107+0000] {dag.py:4138} INFO - Setting next_dagrun for example_setup_teardown_taskflow to 2026-07-28 00:00:00+00:00, run_after=2026-07-29 00:00:00+00:00
[2026-07-29T17:17:41.122+0000] {processor.py:208} INFO - Processing /home/airflow/.local/lib/python3.12/site-packages/airflow/example_dags/example_setup_teardown_taskflow.py took 0.055 seconds
[2026-07-29T17:18:11.133+0000] {processor.py:186} INFO - Started process (PID=11450) to work on /home/airflow/.local/lib/python3.12/site-packages/airflow/example_dags/example_setup_teardown_taskflow.py
[2026-07-29T17:18:11.133+0000] {processor.py:914} INFO - Processing file /home/airflow/.local/lib/python3.12/site-packages/airflow/example_dags/example_setup_teardown_taskflow.py for tasks to queue
[2026-07-29T17:18:11.134+0000] {logging_mixin.py:190} INFO - [2026-07-29T17:18:11.134+0000] {dagbag.py:587} INFO - Filling up the DagBag from /home/airflow/.local/lib/python3.12/site-packages/airflow/example_dags/example_setup_teardown_taskflow.py
[2026-07-29T17:18:11.139+0000] {processor.py:925} INFO - DAG(s) 'example_setup_teardown_taskflow' retrieved from /home/airflow/.local/lib/python3.12/site-packages/airflow/example_dags/example_setup_teardown_taskflow.py
[2026-07-29T17:18:11.147+0000] {logging_mixin.py:190} INFO - [2026-07-29T17:18:11.147+0000] {dag.py:3211} INFO - Sync 1 DAGs
[2026-07-29T17:18:11.157+0000] {logging_mixin.py:190} INFO - [2026-07-29T17:18:11.156+0000] {dag.py:4138} INFO - Setting next_dagrun for example_setup_teardown_taskflow to 2026-07-28 00:00:00+00:00, run_after=2026-07-29 00:00:00+00:00
[2026-07-29T17:18:11.162+0000] {processor.py:208} INFO - Processing /home/airflow/.local/lib/python3.12/site-packages/airflow/example_dags/example_setup_teardown_taskflow.py took 0.032 seconds
[2026-07-29T17:18:41.560+0000] {processor.py:186} INFO - Started process (PID=11516) to work on /home/airflow/.local/lib/python3.12/site-packages/airflow/example_dags/example_setup_teardown_taskflow.py
[2026-07-29T17:18:41.561+0000] {processor.py:914} INFO - Processing file /home/airflow/.local/lib/python3.12/site-packages/airflow/example_dags/example_setup_teardown_taskflow.py for tasks to queue
[2026-07-29T17:18:41.562+0000] {logging_mixin.py:190} INFO - [2026-07-29T17:18:41.562+0000] {dagbag.py:587} INFO - Filling up the DagBag from /home/airflow/.local/lib/python3.12/site-packages/airflow/example_dags/example_setup_teardown_taskflow.py
[2026-07-29T17:18:41.568+0000] {processor.py:925} INFO - DAG(s) 'example_setup_teardown_taskflow' retrieved from /home/airflow/.local/lib/python3.12/site-packages/airflow/example_dags/example_setup_teardown_taskflow.py
[2026-07-29T17:18:41.583+0000] {logging_mixin.py:190} INFO - [2026-07-29T17:18:41.583+0000] {dag.py:3211} INFO - Sync 1 DAGs
[2026-07-29T17:18:41.595+0000] {logging_mixin.py:190} INFO - [2026-07-29T17:18:41.595+0000] {dag.py:4138} INFO - Setting next_dagrun for example_setup_teardown_taskflow to 2026-07-28 00:00:00+00:00, run_after=2026-07-29 00:00:00+00:00
[2026-07-29T17:18:41.609+0000] {processor.py:208} INFO - Processing /home/airflow/.local/lib/python3.12/site-packages/airflow/example_dags/example_setup_teardown_taskflow.py took 0.052 seconds
[2026-07-29T17:19:12.330+0000] {processor.py:186} INFO - Started process (PID=11582) to work on /home/airflow/.local/lib/python3.12/site-packages/airflow/example_dags/example_setup_teardown_taskflow.py
[2026-07-29T17:19:12.332+0000] {processor.py:914} INFO - Processing file /home/airflow/.local/lib/python3.12/site-packages/airflow/example_dags/example_setup_teardown_taskflow.py for tasks to queue
[2026-07-29T17:19:12.333+0000] {logging_mixin.py:190} INFO - [2026-07-29T17:19:12.332+0000] {dagbag.py:587} INFO - Filling up the DagBag from /home/airflow/.local/lib/python3.12/site-packages/airflow/example_dags/example_setup_teardown_taskflow.py
[2026-07-29T17:19:12.339+0000] {processor.py:925} INFO - DAG(s) 'example_setup_teardown_taskflow' retrieved from /home/airflow/.local/lib/python3.12/site-packages/airflow/example_dags/example_setup_teardown_taskflow.py
[2026-07-29T17:19:12.351+0000] {logging_mixin.py:190} INFO - [2026-07-29T17:19:12.351+0000] {dag.py:3211} INFO - Sync 1 DAGs
[2026-07-29T17:19:12.360+0000] {logging_mixin.py:190} INFO - [2026-07-29T17:19:12.360+0000] {dag.py:4138} INFO - Setting next_dagrun for example_setup_teardown_taskflow to 2026-07-28 00:00:00+00:00, run_after=2026-07-29 00:00:00+00:00
[2026-07-29T17:19:12.370+0000] {processor.py:208} INFO - Processing /home/airflow/.local/lib/python3.12/site-packages/airflow/example_dags/example_setup_teardown_taskflow.py took 0.041 seconds
[2026-07-29T17:19:42.460+0000] {processor.py:186} INFO - Started process (PID=11648) to work on /home/airflow/.local/lib/python3.12/site-packages/airflow/example_dags/example_setup_teardown_taskflow.py
[2026-07-29T17:19:42.461+0000] {processor.py:914} INFO - Processing file /home/airflow/.local/lib/python3.12/site-packages/airflow/example_dags/example_setup_teardown_taskflow.py for tasks to queue
[2026-07-29T17:19:42.463+0000] {logging_mixin.py:190} INFO - [2026-07-29T17:19:42.463+0000] {dagbag.py:587} INFO - Filling up the DagBag from /home/airflow/.local/lib/python3.12/site-packages/airflow/example_dags/example_setup_teardown_taskflow.py
[2026-07-29T17:19:42.470+0000] {processor.py:925} INFO - DAG(s) 'example_setup_teardown_taskflow' retrieved from /home/airflow/.local/lib/python3.12/site-packages/airflow/example_dags/example_setup_teardown_taskflow.py
[2026-07-29T17:19:42.483+0000] {logging_mixin.py:190} INFO - [2026-07-29T17:19:42.483+0000] {dag.py:3211} INFO - Sync 1 DAGs
[2026-07-29T17:19:42.491+0000] {logging_mixin.py:190} INFO - [2026-07-29T17:19:42.491+0000] {dag.py:4138} INFO - Setting next_dagrun for example_setup_teardown_taskflow to 2026-07-28 00:00:00+00:00, run_after=2026-07-29 00:00:00+00:00
[2026-07-29T17:19:42.505+0000] {processor.py:208} INFO - Processing /home/airflow/.local/lib/python3.12/site-packages/airflow/example_dags/example_setup_teardown_taskflow.py took 0.048 seconds
[2026-07-29T17:20:13.393+0000] {processor.py:186} INFO - Started process (PID=11714) to work on /home/airflow/.local/lib/python3.12/site-packages/airflow/example_dags/example_setup_teardown_taskflow.py
[2026-07-29T17:20:13.394+0000] {processor.py:914} INFO - Processing file /home/airflow/.local/lib/python3.12/site-packages/airflow/example_dags/example_setup_teardown_taskflow.py for tasks to queue
[2026-07-29T17:20:13.395+0000] {logging_mixin.py:190} INFO - [2026-07-29T17:20:13.395+0000] {dagbag.py:587} INFO - Filling up the DagBag from /home/airflow/.local/lib/python3.12/site-packages/airflow/example_dags/example_setup_teardown_taskflow.py
[2026-07-29T17:20:13.402+0000] {processor.py:925} INFO - DAG(s) 'example_setup_teardown_taskflow' retrieved from /home/airflow/.local/lib/python3.12/site-packages/airflow/example_dags/example_setup_teardown_taskflow.py
[2026-07-29T17:20:13.415+0000] {logging_mixin.py:190} INFO - [2026-07-29T17:20:13.414+0000] {dag.py:3211} INFO - Sync 1 DAGs
[2026-07-29T17:20:13.423+0000] {logging_mixin.py:190} INFO - [2026-07-29T17:20:13.423+0000] {dag.py:4138} INFO - Setting next_dagrun for example_setup_teardown_taskflow to 2026-07-28 00:00:00+00:00, run_after=2026-07-29 00:00:00+00:00
[2026-07-29T17:20:13.435+0000] {processor.py:208} INFO - Processing /home/airflow/.local/lib/python3.12/site-packages/airflow/example_dags/example_setup_teardown_taskflow.py took 0.044 seconds
[2026-07-29T17:20:44.716+0000] {processor.py:186} INFO - Started process (PID=11780) to work on /home/airflow/.local/lib/python3.12/site-packages/airflow/example_dags/example_setup_teardown_taskflow.py
[2026-07-29T17:20:44.717+0000] {processor.py:914} INFO - Processing file /home/airflow/.local/lib/python3.12/site-packages/airflow/example_dags/example_setup_teardown_taskflow.py for tasks to queue
[2026-07-29T17:20:44.718+0000] {logging_mixin.py:190} INFO - [2026-07-29T17:20:44.718+0000] {dagbag.py:587} INFO - Filling up the DagBag from /home/airflow/.local/lib/python3.12/site-packages/airflow/example_dags/example_setup_teardown_taskflow.py
[2026-07-29T17:20:44.723+0000] {processor.py:925} INFO - DAG(s) 'example_setup_teardown_taskflow' retrieved from /home/airflow/.local/lib/python3.12/site-packages/airflow/example_dags/example_setup_teardown_taskflow.py
[2026-07-29T17:20:44.739+0000] {logging_mixin.py:190} INFO - [2026-07-29T17:20:44.739+0000] {dag.py:3211} INFO - Sync 1 DAGs
[2026-07-29T17:20:44.750+0000] {logging_mixin.py:190} INFO - [2026-07-29T17:20:44.750+0000] {dag.py:4138} INFO - Setting next_dagrun for example_setup_teardown_taskflow to 2026-07-28 00:00:00+00:00, run_after=2026-07-29 00:00:00+00:00
[2026-07-29T17:20:44.761+0000] {processor.py:208} INFO - Processing /home/airflow/.local/lib/python3.12/site-packages/airflow/example_dags/example_setup_teardown_taskflow.py took 0.047 seconds
[2026-07-29T17:21:15.023+0000] {processor.py:186} INFO - Started process (PID=11846) to work on /home/airflow/.local/lib/python3.12/site-packages/airflow/example_dags/example_setup_teardown_taskflow.py
[2026-07-29T17:21:15.024+0000] {processor.py:914} INFO - Processing file /home/airflow/.local/lib/python3.12/site-packages/airflow/example_dags/example_setup_teardown_taskflow.py for tasks to queue
[2026-07-29T17:21:15.025+0000] {logging_mixin.py:190} INFO - [2026-07-29T17:21:15.025+0000] {dagbag.py:587} INFO - Filling up the DagBag from /home/airflow/.local/lib/python3.12/site-packages/airflow/example_dags/example_setup_teardown_taskflow.py
[2026-07-29T17:21:15.030+0000] {processor.py:925} INFO - DAG(s) 'example_setup_teardown_taskflow' retrieved from /home/airflow/.local/lib/python3.12/site-packages/airflow/example_dags/example_setup_teardown_taskflow.py
[2026-07-29T17:21:15.039+0000] {logging_mixin.py:190} INFO - [2026-07-29T17:21:15.039+0000] {dag.py:3211} INFO - Sync 1 DAGs
[2026-07-29T17:21:15.048+0000] {logging_mixin.py:190} INFO - [2026-07-29T17:21:15.048+0000] {dag.py:4138} INFO - Setting next_dagrun for example_setup_teardown_taskflow to 2026-07-28 00:00:00+00:00, run_after=2026-07-29 00:00:00+00:00
[2026-07-29T17:21:15.054+0000] {processor.py:208} INFO - Processing /home/airflow/.local/lib/python3.12/site-packages/airflow/example_dags/example_setup_teardown_taskflow.py took 0.034 seconds
[2026-07-29T17:21:45.115+0000] {processor.py:186} INFO - Started process (PID=11908) to work on /home/airflow/.local/lib/python3.12/site-packages/airflow/example_dags/example_setup_teardown_taskflow.py
[2026-07-29T17:21:45.118+0000] {processor.py:914} INFO - Processing file /home/airflow/.local/lib/python3.12/site-packages/airflow/example_dags/example_setup_teardown_taskflow.py for tasks to queue
[2026-07-29T17:21:45.119+0000] {logging_mixin.py:190} INFO - [2026-07-29T17:21:45.119+0000] {dagbag.py:587} INFO - Filling up the DagBag from /home/airflow/.local/lib/python3.12/site-packages/airflow/example_dags/example_setup_teardown_taskflow.py
[2026-07-29T17:21:45.124+0000] {processor.py:925} INFO - DAG(s) 'example_setup_teardown_taskflow' retrieved from /home/airflow/.local/lib/python3.12/site-packages/airflow/example_dags/example_setup_teardown_taskflow.py
[2026-07-29T17:21:45.134+0000] {logging_mixin.py:190} INFO - [2026-07-29T17:21:45.134+0000] {dag.py:3211} INFO - Sync 1 DAGs
[2026-07-29T17:21:45.143+0000] {logging_mixin.py:190} INFO - [2026-07-29T17:21:45.143+0000] {dag.py:4138} INFO - Setting next_dagrun for example_setup_teardown_taskflow to 2026-07-28 00:00:00+00:00, run_after=2026-07-29 00:00:00+00:00
[2026-07-29T17:21:45.151+0000] {processor.py:208} INFO - Processing /home/airflow/.local/lib/python3.12/site-packages/airflow/example_dags/example_setup_teardown_taskflow.py took 0.039 seconds
[2026-07-29T17:22:16.241+0000] {processor.py:186} INFO - Started process (PID=11973) to work on /home/airflow/.local/lib/python3.12/site-packages/airflow/example_dags/example_setup_teardown_taskflow.py
[2026-07-29T17:22:16.242+0000] {processor.py:914} INFO - Processing file /home/airflow/.local/lib/python3.12/site-packages/airflow/example_dags/example_setup_teardown_taskflow.py for tasks to queue
[2026-07-29T17:22:16.243+0000] {logging_mixin.py:190} INFO - [2026-07-29T17:22:16.243+0000] {dagbag.py:587} INFO - Filling up the DagBag from /home/airflow/.local/lib/python3.12/site-packages/airflow/example_dags/example_setup_teardown_taskflow.py
[2026-07-29T17:22:16.250+0000] {processor.py:925} INFO - DAG(s) 'example_setup_teardown_taskflow' retrieved from /home/airflow/.local/lib/python3.12/site-packages/airflow/example_dags/example_setup_teardown_taskflow.py
[2026-07-29T17:22:16.265+0000] {logging_mixin.py:190} INFO - [2026-07-29T17:22:16.265+0000] {dag.py:3211} INFO - Sync 1 DAGs
[2026-07-29T17:22:16.275+0000] {logging_mixin.py:190} INFO - [2026-07-29T17:22:16.275+0000] {dag.py:4138} INFO - Setting next_dagrun for example_setup_teardown_taskflow to 2026-07-28 00:00:00+00:00, run_after=2026-07-29 00:00:00+00:00
[2026-07-29T17:22:16.281+0000] {processor.py:208} INFO - Processing /home/airflow/.local/lib/python3.12/site-packages/airflow/example_dags/example_setup_teardown_taskflow.py took 0.043 seconds
[2026-07-29T17:22:47.102+0000] {processor.py:186} INFO - Started process (PID=12034) to work on /home/airflow/.local/lib/python3.12/site-packages/airflow/example_dags/example_setup_teardown_taskflow.py
[2026-07-29T17:22:47.103+0000] {processor.py:914} INFO - Processing file /home/airflow/.local/lib/python3.12/site-packages/airflow/example_dags/example_setup_teardown_taskflow.py for tasks to queue
[2026-07-29T17:22:47.105+0000] {logging_mixin.py:190} INFO - [2026-07-29T17:22:47.105+0000] {dagbag.py:587} INFO - Filling up the DagBag from /home/airflow/.local/lib/python3.12/site-packages/airflow/example_dags/example_setup_teardown_taskflow.py
[2026-07-29T17:22:47.110+0000] {processor.py:925} INFO - DAG(s) 'example_setup_teardown_taskflow' retrieved from /home/airflow/.local/lib/python3.12/site-packages/airflow/example_dags/example_setup_teardown_taskflow.py
[2026-07-29T17:22:47.120+0000] {logging_mixin.py:190} INFO - [2026-07-29T17:22:47.120+0000] {dag.py:3211} INFO - Sync 1 DAGs
[2026-07-29T17:22:47.129+0000] {logging_mixin.py:190} INFO - [2026-07-29T17:22:47.129+0000] {dag.py:4138} INFO - Setting next_dagrun for example_setup_teardown_taskflow to 2026-07-28 00:00:00+00:00, run_after=2026-07-29 00:00:00+00:00
[2026-07-29T17:22:47.135+0000] {processor.py:208} INFO - Processing /home/airflow/.local/lib/python3.12/site-packages/airflow/example_dags/example_setup_teardown_taskflow.py took 0.036 seconds
[2026-07-29T17:23:18.134+0000] {processor.py:186} INFO - Started process (PID=12100) to work on /home/airflow/.local/lib/python3.12/site-packages/airflow/example_dags/example_setup_teardown_taskflow.py
[2026-07-29T17:23:18.135+0000] {processor.py:914} INFO - Processing file /home/airflow/.local/lib/python3.12/site-packages/airflow/example_dags/example_setup_teardown_taskflow.py for tasks to queue
[2026-07-29T17:23:18.136+0000] {logging_mixin.py:190} INFO - [2026-07-29T17:23:18.136+0000] {dagbag.py:587} INFO - Filling up the DagBag from /home/airflow/.local/lib/python3.12/site-packages/airflow/example_dags/example_setup_teardown_taskflow.py
[2026-07-29T17:23:18.141+0000] {processor.py:925} INFO - DAG(s) 'example_setup_teardown_taskflow' retrieved from /home/airflow/.local/lib/python3.12/site-packages/airflow/example_dags/example_setup_teardown_taskflow.py
[2026-07-29T17:23:18.151+0000] {logging_mixin.py:190} INFO - [2026-07-29T17:23:18.151+0000] {dag.py:3211} INFO - Sync 1 DAGs
[2026-07-29T17:23:18.159+0000] {logging_mixin.py:190} INFO - [2026-07-29T17:23:18.159+0000] {dag.py:4138} INFO - Setting next_dagrun for example_setup_teardown_taskflow to 2026-07-28 00:00:00+00:00, run_after=2026-07-29 00:00:00+00:00
[2026-07-29T17:23:18.166+0000] {processor.py:208} INFO - Processing /home/airflow/.local/lib/python3.12/site-packages/airflow/example_dags/example_setup_teardown_taskflow.py took 0.034 seconds
[2026-07-29T17:23:56.033+0000] {processor.py:186} INFO - Started process (PID=12172) to work on /home/airflow/.local/lib/python3.12/site-packages/airflow/example_dags/example_setup_teardown_taskflow.py
[2026-07-29T17:23:56.037+0000] {processor.py:914} INFO - Processing file /home/airflow/.local/lib/python3.12/site-packages/airflow/example_dags/example_setup_teardown_taskflow.py for tasks to queue
[2026-07-29T17:23:56.038+0000] {logging_mixin.py:190} INFO - [2026-07-29T17:23:56.038+0000] {dagbag.py:587} INFO - Filling up the DagBag from /home/airflow/.local/lib/python3.12/site-packages/airflow/example_dags/example_setup_teardown_taskflow.py
[2026-07-29T17:23:56.045+0000] {processor.py:925} INFO - DAG(s) 'example_setup_teardown_taskflow' retrieved from /home/airflow/.local/lib/python3.12/site-packages/airflow/example_dags/example_setup_teardown_taskflow.py
[2026-07-29T17:23:56.060+0000] {logging_mixin.py:190} INFO - [2026-07-29T17:23:56.060+0000] {dag.py:3211} INFO - Sync 1 DAGs
[2026-07-29T17:23:56.075+0000] {logging_mixin.py:190} INFO - [2026-07-29T17:23:56.075+0000] {dag.py:4138} INFO - Setting next_dagrun for example_setup_teardown_taskflow to 2026-07-28 00:00:00+00:00, run_after=2026-07-29 00:00:00+00:00
[2026-07-29T17:23:56.092+0000] {processor.py:208} INFO - Processing /home/airflow/.local/lib/python3.12/site-packages/airflow/example_dags/example_setup_teardown_taskflow.py took 0.063 seconds
[2026-07-29T17:24:26.284+0000] {processor.py:186} INFO - Started process (PID=12238) to work on /home/airflow/.local/lib/python3.12/site-packages/airflow/example_dags/example_setup_teardown_taskflow.py
[2026-07-29T17:24:26.285+0000] {processor.py:914} INFO - Processing file /home/airflow/.local/lib/python3.12/site-packages/airflow/example_dags/example_setup_teardown_taskflow.py for tasks to queue
[2026-07-29T17:24:26.286+0000] {logging_mixin.py:190} INFO - [2026-07-29T17:24:26.286+0000] {dagbag.py:587} INFO - Filling up the DagBag from /home/airflow/.local/lib/python3.12/site-packages/airflow/example_dags/example_setup_teardown_taskflow.py
[2026-07-29T17:24:26.293+0000] {processor.py:925} INFO - DAG(s) 'example_setup_teardown_taskflow' retrieved from /home/airflow/.local/lib/python3.12/site-packages/airflow/example_dags/example_setup_teardown_taskflow.py
[2026-07-29T17:24:26.304+0000] {logging_mixin.py:190} INFO - [2026-07-29T17:24:26.304+0000] {dag.py:3211} INFO - Sync 1 DAGs
[2026-07-29T17:24:26.314+0000] {logging_mixin.py:190} INFO - [2026-07-29T17:24:26.314+0000] {dag.py:4138} INFO - Setting next_dagrun for example_setup_teardown_taskflow to 2026-07-28 00:00:00+00:00, run_after=2026-07-29 00:00:00+00:00
[2026-07-29T17:24:26.319+0000] {processor.py:208} INFO - Processing /home/airflow/.local/lib/python3.12/site-packages/airflow/example_dags/example_setup_teardown_taskflow.py took 0.038 seconds
[2026-07-29T17:24:57.331+0000] {processor.py:186} INFO - Started process (PID=12304) to work on /home/airflow/.local/lib/python3.12/site-packages/airflow/example_dags/example_setup_teardown_taskflow.py
[2026-07-29T17:24:57.331+0000] {processor.py:914} INFO - Processing file /home/airflow/.local/lib/python3.12/site-packages/airflow/example_dags/example_setup_teardown_taskflow.py for tasks to queue
[2026-07-29T17:24:57.332+0000] {logging_mixin.py:190} INFO - [2026-07-29T17:24:57.332+0000] {dagbag.py:587} INFO - Filling up the DagBag from /home/airflow/.local/lib/python3.12/site-packages/airflow/example_dags/example_setup_teardown_taskflow.py
[2026-07-29T17:24:57.338+0000] {processor.py:925} INFO - DAG(s) 'example_setup_teardown_taskflow' retrieved from /home/airflow/.local/lib/python3.12/site-packages/airflow/example_dags/example_setup_teardown_taskflow.py
[2026-07-29T17:24:57.346+0000] {logging_mixin.py:190} INFO - [2026-07-29T17:24:57.346+0000] {dag.py:3211} INFO - Sync 1 DAGs
[2026-07-29T17:24:57.359+0000] {logging_mixin.py:190} INFO - [2026-07-29T17:24:57.359+0000] {dag.py:4138} INFO - Setting next_dagrun for example_setup_teardown_taskflow to 2026-07-28 00:00:00+00:00, run_after=2026-07-29 00:00:00+00:00
[2026-07-29T17:24:57.365+0000] {processor.py:208} INFO - Processing /home/airflow/.local/lib/python3.12/site-packages/airflow/example_dags/example_setup_teardown_taskflow.py took 0.037 seconds
[2026-07-29T17:25:28.336+0000] {processor.py:186} INFO - Started process (PID=12370) to work on /home/airflow/.local/lib/python3.12/site-packages/airflow/example_dags/example_setup_teardown_taskflow.py
[2026-07-29T17:25:28.338+0000] {processor.py:914} INFO - Processing file /home/airflow/.local/lib/python3.12/site-packages/airflow/example_dags/example_setup_teardown_taskflow.py for tasks to queue
[2026-07-29T17:25:28.340+0000] {logging_mixin.py:190} INFO - [2026-07-29T17:25:28.339+0000] {dagbag.py:587} INFO - Filling up the DagBag from /home/airflow/.local/lib/python3.12/site-packages/airflow/example_dags/example_setup_teardown_taskflow.py
[2026-07-29T17:25:28.346+0000] {processor.py:925} INFO - DAG(s) 'example_setup_teardown_taskflow' retrieved from /home/airflow/.local/lib/python3.12/site-packages/airflow/example_dags/example_setup_teardown_taskflow.py
[2026-07-29T17:25:28.358+0000] {logging_mixin.py:190} INFO - [2026-07-29T17:25:28.358+0000] {dag.py:3211} INFO - Sync 1 DAGs
[2026-07-29T17:25:28.370+0000] {logging_mixin.py:190} INFO - [2026-07-29T17:25:28.370+0000] {dag.py:4138} INFO - Setting next_dagrun for example_setup_teardown_taskflow to 2026-07-28 00:00:00+00:00, run_after=2026-07-29 00:00:00+00:00
[2026-07-29T17:25:28.383+0000] {processor.py:208} INFO - Processing /home/airflow/.local/lib/python3.12/site-packages/airflow/example_dags/example_setup_teardown_taskflow.py took 0.050 seconds
[2026-07-29T17:25:59.398+0000] {processor.py:186} INFO - Started process (PID=12436) to work on /home/airflow/.local/lib/python3.12/site-packages/airflow/example_dags/example_setup_teardown_taskflow.py
[2026-07-29T17:25:59.398+0000] {processor.py:914} INFO - Processing file /home/airflow/.local/lib/python3.12/site-packages/airflow/example_dags/example_setup_teardown_taskflow.py for tasks to queue
[2026-07-29T17:25:59.399+0000] {logging_mixin.py:190} INFO - [2026-07-29T17:25:59.399+0000] {dagbag.py:587} INFO - Filling up the DagBag from /home/airflow/.local/lib/python3.12/site-packages/airflow/example_dags/example_setup_teardown_taskflow.py
[2026-07-29T17:25:59.404+0000] {processor.py:925} INFO - DAG(s) 'example_setup_teardown_taskflow' retrieved from /home/airflow/.local/lib/python3.12/site-packages/airflow/example_dags/example_setup_teardown_taskflow.py
[2026-07-29T17:25:59.412+0000] {logging_mixin.py:190} INFO - [2026-07-29T17:25:59.412+0000] {dag.py:3211} INFO - Sync 1 DAGs
[2026-07-29T17:25:59.420+0000] {logging_mixin.py:190} INFO - [2026-07-29T17:25:59.420+0000] {dag.py:4138} INFO - Setting next_dagrun for example_setup_teardown_taskflow to 2026-07-28 00:00:00+00:00, run_after=2026-07-29 00:00:00+00:00
[2026-07-29T17:25:59.426+0000] {processor.py:208} INFO - Processing /home/airflow/.local/lib/python3.12/site-packages/airflow/example_dags/example_setup_teardown_taskflow.py took 0.031 seconds
[2026-07-29T17:26:30.404+0000] {processor.py:186} INFO - Started process (PID=12502) to work on /home/airflow/.local/lib/python3.12/site-packages/airflow/example_dags/example_setup_teardown_taskflow.py
[2026-07-29T17:26:30.407+0000] {processor.py:914} INFO - Processing file /home/airflow/.local/lib/python3.12/site-packages/airflow/example_dags/example_setup_teardown_taskflow.py for tasks to queue
[2026-07-29T17:26:30.408+0000] {logging_mixin.py:190} INFO - [2026-07-29T17:26:30.408+0000] {dagbag.py:587} INFO - Filling up the DagBag from /home/airflow/.local/lib/python3.12/site-packages/airflow/example_dags/example_setup_teardown_taskflow.py
[2026-07-29T17:26:30.414+0000] {processor.py:925} INFO - DAG(s) 'example_setup_teardown_taskflow' retrieved from /home/airflow/.local/lib/python3.12/site-packages/airflow/example_dags/example_setup_teardown_taskflow.py
[2026-07-29T17:26:30.428+0000] {logging_mixin.py:190} INFO - [2026-07-29T17:26:30.428+0000] {dag.py:3211} INFO - Sync 1 DAGs
[2026-07-29T17:26:30.439+0000] {logging_mixin.py:190} INFO - [2026-07-29T17:26:30.439+0000] {dag.py:4138} INFO - Setting next_dagrun for example_setup_teardown_taskflow to 2026-07-28 00:00:00+00:00, run_after=2026-07-29 00:00:00+00:00
[2026-07-29T17:26:30.446+0000] {processor.py:208} INFO - Processing /home/airflow/.local/lib/python3.12/site-packages/airflow/example_dags/example_setup_teardown_taskflow.py took 0.044 seconds
[2026-07-29T17:27:01.407+0000] {processor.py:186} INFO - Started process (PID=12568) to work on /home/airflow/.local/lib/python3.12/site-packages/airflow/example_dags/example_setup_teardown_taskflow.py
[2026-07-29T17:27:01.409+0000] {processor.py:914} INFO - Processing file /home/airflow/.local/lib/python3.12/site-packages/airflow/example_dags/example_setup_teardown_taskflow.py for tasks to queue
[2026-07-29T17:27:01.410+0000] {logging_mixin.py:190} INFO - [2026-07-29T17:27:01.410+0000] {dagbag.py:587} INFO - Filling up the DagBag from /home/airflow/.local/lib/python3.12/site-packages/airflow/example_dags/example_setup_teardown_taskflow.py
[2026-07-29T17:27:01.416+0000] {processor.py:925} INFO - DAG(s) 'example_setup_teardown_taskflow' retrieved from /home/airflow/.local/lib/python3.12/site-packages/airflow/example_dags/example_setup_teardown_taskflow.py
[2026-07-29T17:27:01.427+0000] {logging_mixin.py:190} INFO - [2026-07-29T17:27:01.427+0000] {dag.py:3211} INFO - Sync 1 DAGs
[2026-07-29T17:27:01.435+0000] {logging_mixin.py:190} INFO - [2026-07-29T17:27:01.435+0000] {dag.py:4138} INFO - Setting next_dagrun for example_setup_teardown_taskflow to 2026-07-28 00:00:00+00:00, run_after=2026-07-29 00:00:00+00:00
[2026-07-29T17:27:01.443+0000] {processor.py:208} INFO - Processing /home/airflow/.local/lib/python3.12/site-packages/airflow/example_dags/example_setup_teardown_taskflow.py took 0.038 seconds
[2026-07-29T17:27:31.584+0000] {processor.py:186} INFO - Started process (PID=12634) to work on /home/airflow/.local/lib/python3.12/site-packages/airflow/example_dags/example_setup_teardown_taskflow.py
[2026-07-29T17:27:31.585+0000] {processor.py:914} INFO - Processing file /home/airflow/.local/lib/python3.12/site-packages/airflow/example_dags/example_setup_teardown_taskflow.py for tasks to queue
[2026-07-29T17:27:31.586+0000] {logging_mixin.py:190} INFO - [2026-07-29T17:27:31.586+0000] {dagbag.py:587} INFO - Filling up the DagBag from /home/airflow/.local/lib/python3.12/site-packages/airflow/example_dags/example_setup_teardown_taskflow.py
[2026-07-29T17:27:31.591+0000] {processor.py:925} INFO - DAG(s) 'example_setup_teardown_taskflow' retrieved from /home/airflow/.local/lib/python3.12/site-packages/airflow/example_dags/example_setup_teardown_taskflow.py
[2026-07-29T17:27:31.601+0000] {logging_mixin.py:190} INFO - [2026-07-29T17:27:31.600+0000] {dag.py:3211} INFO - Sync 1 DAGs
[2026-07-29T17:27:31.610+0000] {logging_mixin.py:190} INFO - [2026-07-29T17:27:31.610+0000] {dag.py:4138} INFO - Setting next_dagrun for example_setup_teardown_taskflow to 2026-07-28 00:00:00+00:00, run_after=2026-07-29 00:00:00+00:00
[2026-07-29T17:27:31.617+0000] {processor.py:208} INFO - Processing /home/airflow/.local/lib/python3.12/site-packages/airflow/example_dags/example_setup_teardown_taskflow.py took 0.036 seconds
[2026-07-29T17:28:02.531+0000] {processor.py:186} INFO - Started process (PID=12700) to work on /home/airflow/.local/lib/python3.12/site-packages/airflow/example_dags/example_setup_teardown_taskflow.py
[2026-07-29T17:28:02.532+0000] {processor.py:914} INFO - Processing file /home/airflow/.local/lib/python3.12/site-packages/airflow/example_dags/example_setup_teardown_taskflow.py for tasks to queue
[2026-07-29T17:28:02.534+0000] {logging_mixin.py:190} INFO - [2026-07-29T17:28:02.534+0000] {dagbag.py:587} INFO - Filling up the DagBag from /home/airflow/.local/lib/python3.12/site-packages/airflow/example_dags/example_setup_teardown_taskflow.py
[2026-07-29T17:28:02.540+0000] {processor.py:925} INFO - DAG(s) 'example_setup_teardown_taskflow' retrieved from /home/airflow/.local/lib/python3.12/site-packages/airflow/example_dags/example_setup_teardown_taskflow.py
[2026-07-29T17:28:02.551+0000] {logging_mixin.py:190} INFO - [2026-07-29T17:28:02.551+0000] {dag.py:3211} INFO - Sync 1 DAGs
[2026-07-29T17:28:02.561+0000] {logging_mixin.py:190} INFO - [2026-07-29T17:28:02.561+0000] {dag.py:4138} INFO - Setting next_dagrun for example_setup_teardown_taskflow to 2026-07-28 00:00:00+00:00, run_after=2026-07-29 00:00:00+00:00
[2026-07-29T17:28:02.571+0000] {processor.py:208} INFO - Processing /home/airflow/.local/lib/python3.12/site-packages/airflow/example_dags/example_setup_teardown_taskflow.py took 0.042 seconds
[2026-07-29T17:28:33.591+0000] {processor.py:186} INFO - Started process (PID=12766) to work on /home/airflow/.local/lib/python3.12/site-packages/airflow/example_dags/example_setup_teardown_taskflow.py
[2026-07-29T17:28:33.593+0000] {processor.py:914} INFO - Processing file /home/airflow/.local/lib/python3.12/site-packages/airflow/example_dags/example_setup_teardown_taskflow.py for tasks to queue
[2026-07-29T17:28:33.594+0000] {logging_mixin.py:190} INFO - [2026-07-29T17:28:33.594+0000] {dagbag.py:587} INFO - Filling up the DagBag from /home/airflow/.local/lib/python3.12/site-packages/airflow/example_dags/example_setup_teardown_taskflow.py
[2026-07-29T17:28:33.600+0000] {processor.py:925} INFO - DAG(s) 'example_setup_teardown_taskflow' retrieved from /home/airflow/.local/lib/python3.12/site-packages/airflow/example_dags/example_setup_teardown_taskflow.py
[2026-07-29T17:28:33.611+0000] {logging_mixin.py:190} INFO - [2026-07-29T17:28:33.611+0000] {dag.py:3211} INFO - Sync 1 DAGs
[2026-07-29T17:28:33.621+0000] {logging_mixin.py:190} INFO - [2026-07-29T17:28:33.620+0000] {dag.py:4138} INFO - Setting next_dagrun for example_setup_teardown_taskflow to 2026-07-28 00:00:00+00:00, run_after=2026-07-29 00:00:00+00:00
[2026-07-29T17:28:33.627+0000] {processor.py:208} INFO - Processing /home/airflow/.local/lib/python3.12/site-packages/airflow/example_dags/example_setup_teardown_taskflow.py took 0.039 seconds
[2026-07-29T17:29:04.645+0000] {processor.py:186} INFO - Started process (PID=12832) to work on /home/airflow/.local/lib/python3.12/site-packages/airflow/example_dags/example_setup_teardown_taskflow.py
[2026-07-29T17:29:04.645+0000] {processor.py:914} INFO - Processing file /home/airflow/.local/lib/python3.12/site-packages/airflow/example_dags/example_setup_teardown_taskflow.py for tasks to queue
[2026-07-29T17:29:04.646+0000] {logging_mixin.py:190} INFO - [2026-07-29T17:29:04.646+0000] {dagbag.py:587} INFO - Filling up the DagBag from /home/airflow/.local/lib/python3.12/site-packages/airflow/example_dags/example_setup_teardown_taskflow.py
[2026-07-29T17:29:04.651+0000] {processor.py:925} INFO - DAG(s) 'example_setup_teardown_taskflow' retrieved from /home/airflow/.local/lib/python3.12/site-packages/airflow/example_dags/example_setup_teardown_taskflow.py
[2026-07-29T17:29:04.664+0000] {logging_mixin.py:190} INFO - [2026-07-29T17:29:04.664+0000] {dag.py:3211} INFO - Sync 1 DAGs
[2026-07-29T17:29:04.671+0000] {logging_mixin.py:190} INFO - [2026-07-29T17:29:04.671+0000] {dag.py:4138} INFO - Setting next_dagrun for example_setup_teardown_taskflow to 2026-07-28 00:00:00+00:00, run_after=2026-07-29 00:00:00+00:00
[2026-07-29T17:29:04.678+0000] {processor.py:208} INFO - Processing /home/airflow/.local/lib/python3.12/site-packages/airflow/example_dags/example_setup_teardown_taskflow.py took 0.035 seconds
[2026-07-29T17:29:34.780+0000] {processor.py:186} INFO - Started process (PID=12898) to work on /home/airflow/.local/lib/python3.12/site-packages/airflow/example_dags/example_setup_teardown_taskflow.py
[2026-07-29T17:29:34.781+0000] {processor.py:914} INFO - Processing file /home/airflow/.local/lib/python3.12/site-packages/airflow/example_dags/example_setup_teardown_taskflow.py for tasks to queue
[2026-07-29T17:29:34.782+0000] {logging_mixin.py:190} INFO - [2026-07-29T17:29:34.782+0000] {dagbag.py:587} INFO - Filling up the DagBag from /home/airflow/.local/lib/python3.12/site-packages/airflow/example_dags/example_setup_teardown_taskflow.py
[2026-07-29T17:29:34.788+0000] {processor.py:925} INFO - DAG(s) 'example_setup_teardown_taskflow' retrieved from /home/airflow/.local/lib/python3.12/site-packages/airflow/example_dags/example_setup_teardown_taskflow.py
[2026-07-29T17:29:34.801+0000] {logging_mixin.py:190} INFO - [2026-07-29T17:29:34.801+0000] {dag.py:3211} INFO - Sync 1 DAGs
[2026-07-29T17:29:34.810+0000] {logging_mixin.py:190} INFO - [2026-07-29T17:29:34.810+0000] {dag.py:4138} INFO - Setting next_dagrun for example_setup_teardown_taskflow to 2026-07-28 00:00:00+00:00, run_after=2026-07-29 00:00:00+00:00
[2026-07-29T17:29:34.819+0000] {processor.py:208} INFO - Processing /home/airflow/.local/lib/python3.12/site-packages/airflow/example_dags/example_setup_teardown_taskflow.py took 0.041 seconds
[2026-07-29T17:30:05.056+0000] {processor.py:186} INFO - Started process (PID=12964) to work on /home/airflow/.local/lib/python3.12/site-packages/airflow/example_dags/example_setup_teardown_taskflow.py
[2026-07-29T17:30:05.056+0000] {processor.py:914} INFO - Processing file /home/airflow/.local/lib/python3.12/site-packages/airflow/example_dags/example_setup_teardown_taskflow.py for tasks to queue
[2026-07-29T17:30:05.057+0000] {logging_mixin.py:190} INFO - [2026-07-29T17:30:05.057+0000] {dagbag.py:587} INFO - Filling up the DagBag from /home/airflow/.local/lib/python3.12/site-packages/airflow/example_dags/example_setup_teardown_taskflow.py
[2026-07-29T17:30:05.062+0000] {processor.py:925} INFO - DAG(s) 'example_setup_teardown_taskflow' retrieved from /home/airflow/.local/lib/python3.12/site-packages/airflow/example_dags/example_setup_teardown_taskflow.py
[2026-07-29T17:30:05.073+0000] {logging_mixin.py:190} INFO - [2026-07-29T17:30:05.073+0000] {dag.py:3211} INFO - Sync 1 DAGs
[2026-07-29T17:30:05.082+0000] {logging_mixin.py:190} INFO - [2026-07-29T17:30:05.082+0000] {dag.py:4138} INFO - Setting next_dagrun for example_setup_teardown_taskflow to 2026-07-28 00:00:00+00:00, run_after=2026-07-29 00:00:00+00:00
[2026-07-29T17:30:05.092+0000] {processor.py:208} INFO - Processing /home/airflow/.local/lib/python3.12/site-packages/airflow/example_dags/example_setup_teardown_taskflow.py took 0.039 seconds
[2026-07-29T17:30:35.222+0000] {processor.py:186} INFO - Started process (PID=13030) to work on /home/airflow/.local/lib/python3.12/site-packages/airflow/example_dags/example_setup_teardown_taskflow.py
[2026-07-29T17:30:35.223+0000] {processor.py:914} INFO - Processing file /home/airflow/.local/lib/python3.12/site-packages/airflow/example_dags/example_setup_teardown_taskflow.py for tasks to queue
[2026-07-29T17:30:35.224+0000] {logging_mixin.py:190} INFO - [2026-07-29T17:30:35.224+0000] {dagbag.py:587} INFO - Filling up the DagBag from /home/airflow/.local/lib/python3.12/site-packages/airflow/example_dags/example_setup_teardown_taskflow.py
[2026-07-29T17:30:35.230+0000] {processor.py:925} INFO - DAG(s) 'example_setup_teardown_taskflow' retrieved from /home/airflow/.local/lib/python3.12/site-packages/airflow/example_dags/example_setup_teardown_taskflow.py
[2026-07-29T17:30:35.239+0000] {logging_mixin.py:190} INFO - [2026-07-29T17:30:35.239+0000] {dag.py:3211} INFO - Sync 1 DAGs
[2026-07-29T17:30:35.248+0000] {logging_mixin.py:190} INFO - [2026-07-29T17:30:35.247+0000] {dag.py:4138} INFO - Setting next_dagrun for example_setup_teardown_taskflow to 2026-07-28 00:00:00+00:00, run_after=2026-07-29 00:00:00+00:00
[2026-07-29T17:30:35.254+0000] {processor.py:208} INFO - Processing /home/airflow/.local/lib/python3.12/site-packages/airflow/example_dags/example_setup_teardown_taskflow.py took 0.034 seconds
[2026-07-29T17:31:05.562+0000] {processor.py:186} INFO - Started process (PID=13095) to work on /home/airflow/.local/lib/python3.12/site-packages/airflow/example_dags/example_setup_teardown_taskflow.py
[2026-07-29T17:31:05.563+0000] {processor.py:914} INFO - Processing file /home/airflow/.local/lib/python3.12/site-packages/airflow/example_dags/example_setup_teardown_taskflow.py for tasks to queue
[2026-07-29T17:31:05.564+0000] {logging_mixin.py:190} INFO - [2026-07-29T17:31:05.564+0000] {dagbag.py:587} INFO - Filling up the DagBag from /home/airflow/.local/lib/python3.12/site-packages/airflow/example_dags/example_setup_teardown_taskflow.py
[2026-07-29T17:31:05.570+0000] {processor.py:925} INFO - DAG(s) 'example_setup_teardown_taskflow' retrieved from /home/airflow/.local/lib/python3.12/site-packages/airflow/example_dags/example_setup_teardown_taskflow.py
[2026-07-29T17:31:05.582+0000] {logging_mixin.py:190} INFO - [2026-07-29T17:31:05.582+0000] {dag.py:3211} INFO - Sync 1 DAGs
[2026-07-29T17:31:05.595+0000] {logging_mixin.py:190} INFO - [2026-07-29T17:31:05.594+0000] {dag.py:4138} INFO - Setting next_dagrun for example_setup_teardown_taskflow to 2026-07-28 00:00:00+00:00, run_after=2026-07-29 00:00:00+00:00
[2026-07-29T17:31:05.608+0000] {processor.py:208} INFO - Processing /home/airflow/.local/lib/python3.12/site-packages/airflow/example_dags/example_setup_teardown_taskflow.py took 0.049 seconds
[2026-07-29T17:31:35.729+0000] {processor.py:186} INFO - Started process (PID=13161) to work on /home/airflow/.local/lib/python3.12/site-packages/airflow/example_dags/example_setup_teardown_taskflow.py
[2026-07-29T17:31:35.729+0000] {processor.py:914} INFO - Processing file /home/airflow/.local/lib/python3.12/site-packages/airflow/example_dags/example_setup_teardown_taskflow.py for tasks to queue
[2026-07-29T17:31:35.730+0000] {logging_mixin.py:190} INFO - [2026-07-29T17:31:35.730+0000] {dagbag.py:587} INFO - Filling up the DagBag from /home/airflow/.local/lib/python3.12/site-packages/airflow/example_dags/example_setup_teardown_taskflow.py
[2026-07-29T17:31:35.738+0000] {processor.py:925} INFO - DAG(s) 'example_setup_teardown_taskflow' retrieved from /home/airflow/.local/lib/python3.12/site-packages/airflow/example_dags/example_setup_teardown_taskflow.py
[2026-07-29T17:31:35.750+0000] {logging_mixin.py:190} INFO - [2026-07-29T17:31:35.750+0000] {dag.py:3211} INFO - Sync 1 DAGs
[2026-07-29T17:31:35.761+0000] {logging_mixin.py:190} INFO - [2026-07-29T17:31:35.761+0000] {dag.py:4138} INFO - Setting next_dagrun for example_setup_teardown_taskflow to 2026-07-28 00:00:00+00:00, run_after=2026-07-29 00:00:00+00:00
[2026-07-29T17:31:35.768+0000] {processor.py:208} INFO - Processing /home/airflow/.local/lib/python3.12/site-packages/airflow/example_dags/example_setup_teardown_taskflow.py took 0.042 seconds
[2026-07-29T17:32:05.973+0000] {processor.py:186} INFO - Started process (PID=13227) to work on /home/airflow/.local/lib/python3.12/site-packages/airflow/example_dags/example_setup_teardown_taskflow.py
[2026-07-29T17:32:05.974+0000] {processor.py:914} INFO - Processing file /home/airflow/.local/lib/python3.12/site-packages/airflow/example_dags/example_setup_teardown_taskflow.py for tasks to queue
[2026-07-29T17:32:05.975+0000] {logging_mixin.py:190} INFO - [2026-07-29T17:32:05.975+0000] {dagbag.py:587} INFO - Filling up the DagBag from /home/airflow/.local/lib/python3.12/site-packages/airflow/example_dags/example_setup_teardown_taskflow.py
[2026-07-29T17:32:05.981+0000] {processor.py:925} INFO - DAG(s) 'example_setup_teardown_taskflow' retrieved from /home/airflow/.local/lib/python3.12/site-packages/airflow/example_dags/example_setup_teardown_taskflow.py
[2026-07-29T17:32:05.990+0000] {logging_mixin.py:190} INFO - [2026-07-29T17:32:05.990+0000] {dag.py:3211} INFO - Sync 1 DAGs
[2026-07-29T17:32:05.999+0000] {logging_mixin.py:190} INFO - [2026-07-29T17:32:05.999+0000] {dag.py:4138} INFO - Setting next_dagrun for example_setup_teardown_taskflow to 2026-07-28 00:00:00+00:00, run_after=2026-07-29 00:00:00+00:00
[2026-07-29T17:32:06.012+0000] {processor.py:208} INFO - Processing /home/airflow/.local/lib/python3.12/site-packages/airflow/example_dags/example_setup_teardown_taskflow.py took 0.043 seconds
[2026-07-29T17:32:36.209+0000] {processor.py:186} INFO - Started process (PID=13293) to work on /home/airflow/.local/lib/python3.12/site-packages/airflow/example_dags/example_setup_teardown_taskflow.py
[2026-07-29T17:32:36.210+0000] {processor.py:914} INFO - Processing file /home/airflow/.local/lib/python3.12/site-packages/airflow/example_dags/example_setup_teardown_taskflow.py for tasks to queue
[2026-07-29T17:32:36.212+0000] {logging_mixin.py:190} INFO - [2026-07-29T17:32:36.212+0000] {dagbag.py:587} INFO - Filling up the DagBag from /home/airflow/.local/lib/python3.12/site-packages/airflow/example_dags/example_setup_teardown_taskflow.py
[2026-07-29T17:32:36.217+0000] {processor.py:925} INFO - DAG(s) 'example_setup_teardown_taskflow' retrieved from /home/airflow/.local/lib/python3.12/site-packages/airflow/example_dags/example_setup_teardown_taskflow.py
[2026-07-29T17:32:36.228+0000] {logging_mixin.py:190} INFO - [2026-07-29T17:32:36.228+0000] {dag.py:3211} INFO - Sync 1 DAGs
[2026-07-29T17:32:36.239+0000] {logging_mixin.py:190} INFO - [2026-07-29T17:32:36.239+0000] {dag.py:4138} INFO - Setting next_dagrun for example_setup_teardown_taskflow to 2026-07-28 00:00:00+00:00, run_after=2026-07-29 00:00:00+00:00
[2026-07-29T17:32:36.250+0000] {processor.py:208} INFO - Processing /home/airflow/.local/lib/python3.12/site-packages/airflow/example_dags/example_setup_teardown_taskflow.py took 0.043 seconds
[2026-07-29T17:33:06.598+0000] {processor.py:186} INFO - Started process (PID=13359) to work on /home/airflow/.local/lib/python3.12/site-packages/airflow/example_dags/example_setup_teardown_taskflow.py
[2026-07-29T17:33:06.598+0000] {processor.py:914} INFO - Processing file /home/airflow/.local/lib/python3.12/site-packages/airflow/example_dags/example_setup_teardown_taskflow.py for tasks to queue
[2026-07-29T17:33:06.600+0000] {logging_mixin.py:190} INFO - [2026-07-29T17:33:06.600+0000] {dagbag.py:587} INFO - Filling up the DagBag from /home/airflow/.local/lib/python3.12/site-packages/airflow/example_dags/example_setup_teardown_taskflow.py
[2026-07-29T17:33:06.605+0000] {processor.py:925} INFO - DAG(s) 'example_setup_teardown_taskflow' retrieved from /home/airflow/.local/lib/python3.12/site-packages/airflow/example_dags/example_setup_teardown_taskflow.py
[2026-07-29T17:33:06.614+0000] {logging_mixin.py:190} INFO - [2026-07-29T17:33:06.614+0000] {dag.py:3211} INFO - Sync 1 DAGs
[2026-07-29T17:33:06.630+0000] {logging_mixin.py:190} INFO - [2026-07-29T17:33:06.630+0000] {dag.py:4138} INFO - Setting next_dagrun for example_setup_teardown_taskflow to 2026-07-28 00:00:00+00:00, run_after=2026-07-29 00:00:00+00:00
[2026-07-29T17:33:06.644+0000] {processor.py:208} INFO - Processing /home/airflow/.local/lib/python3.12/site-packages/airflow/example_dags/example_setup_teardown_taskflow.py took 0.049 seconds
[2026-07-29T17:33:36.814+0000] {processor.py:186} INFO - Started process (PID=13425) to work on /home/airflow/.local/lib/python3.12/site-packages/airflow/example_dags/example_setup_teardown_taskflow.py
[2026-07-29T17:33:36.816+0000] {processor.py:914} INFO - Processing file /home/airflow/.local/lib/python3.12/site-packages/airflow/example_dags/example_setup_teardown_taskflow.py for tasks to queue
[2026-07-29T17:33:36.817+0000] {logging_mixin.py:190} INFO - [2026-07-29T17:33:36.817+0000] {dagbag.py:587} INFO - Filling up the DagBag from /home/airflow/.local/lib/python3.12/site-packages/airflow/example_dags/example_setup_teardown_taskflow.py
[2026-07-29T17:33:36.823+0000] {processor.py:925} INFO - DAG(s) 'example_setup_teardown_taskflow' retrieved from /home/airflow/.local/lib/python3.12/site-packages/airflow/example_dags/example_setup_teardown_taskflow.py
[2026-07-29T17:33:36.839+0000] {logging_mixin.py:190} INFO - [2026-07-29T17:33:36.839+0000] {dag.py:3211} INFO - Sync 1 DAGs
[2026-07-29T17:33:36.851+0000] {logging_mixin.py:190} INFO - [2026-07-29T17:33:36.851+0000] {dag.py:4138} INFO - Setting next_dagrun for example_setup_teardown_taskflow to 2026-07-28 00:00:00+00:00, run_after=2026-07-29 00:00:00+00:00
[2026-07-29T17:33:36.858+0000] {processor.py:208} INFO - Processing /home/airflow/.local/lib/python3.12/site-packages/airflow/example_dags/example_setup_teardown_taskflow.py took 0.047 seconds
[2026-07-29T17:34:07.317+0000] {processor.py:186} INFO - Started process (PID=13491) to work on /home/airflow/.local/lib/python3.12/site-packages/airflow/example_dags/example_setup_teardown_taskflow.py
[2026-07-29T17:34:07.318+0000] {processor.py:914} INFO - Processing file /home/airflow/.local/lib/python3.12/site-packages/airflow/example_dags/example_setup_teardown_taskflow.py for tasks to queue
[2026-07-29T17:34:07.320+0000] {logging_mixin.py:190} INFO - [2026-07-29T17:34:07.320+0000] {dagbag.py:587} INFO - Filling up the DagBag from /home/airflow/.local/lib/python3.12/site-packages/airflow/example_dags/example_setup_teardown_taskflow.py
[2026-07-29T17:34:07.328+0000] {processor.py:925} INFO - DAG(s) 'example_setup_teardown_taskflow' retrieved from /home/airflow/.local/lib/python3.12/site-packages/airflow/example_dags/example_setup_teardown_taskflow.py
[2026-07-29T17:34:07.338+0000] {logging_mixin.py:190} INFO - [2026-07-29T17:34:07.338+0000] {dag.py:3211} INFO - Sync 1 DAGs
[2026-07-29T17:34:07.347+0000] {logging_mixin.py:190} INFO - [2026-07-29T17:34:07.347+0000] {dag.py:4138} INFO - Setting next_dagrun for example_setup_teardown_taskflow to 2026-07-28 00:00:00+00:00, run_after=2026-07-29 00:00:00+00:00
[2026-07-29T17:34:07.356+0000] {processor.py:208} INFO - Processing /home/airflow/.local/lib/python3.12/site-packages/airflow/example_dags/example_setup_teardown_taskflow.py took 0.041 seconds
[2026-07-29T17:34:38.341+0000] {processor.py:186} INFO - Started process (PID=13558) to work on /home/airflow/.local/lib/python3.12/site-packages/airflow/example_dags/example_setup_teardown_taskflow.py
[2026-07-29T17:34:38.341+0000] {processor.py:914} INFO - Processing file /home/airflow/.local/lib/python3.12/site-packages/airflow/example_dags/example_setup_teardown_taskflow.py for tasks to queue
[2026-07-29T17:34:38.342+0000] {logging_mixin.py:190} INFO - [2026-07-29T17:34:38.342+0000] {dagbag.py:587} INFO - Filling up the DagBag from /home/airflow/.local/lib/python3.12/site-packages/airflow/example_dags/example_setup_teardown_taskflow.py
[2026-07-29T17:34:38.347+0000] {processor.py:925} INFO - DAG(s) 'example_setup_teardown_taskflow' retrieved from /home/airflow/.local/lib/python3.12/site-packages/airflow/example_dags/example_setup_teardown_taskflow.py
[2026-07-29T17:34:38.357+0000] {logging_mixin.py:190} INFO - [2026-07-29T17:34:38.357+0000] {dag.py:3211} INFO - Sync 1 DAGs
[2026-07-29T17:34:38.366+0000] {logging_mixin.py:190} INFO - [2026-07-29T17:34:38.366+0000] {dag.py:4138} INFO - Setting next_dagrun for example_setup_teardown_taskflow to 2026-07-28 00:00:00+00:00, run_after=2026-07-29 00:00:00+00:00
[2026-07-29T17:34:38.373+0000] {processor.py:208} INFO - Processing /home/airflow/.local/lib/python3.12/site-packages/airflow/example_dags/example_setup_teardown_taskflow.py took 0.035 seconds
[2026-07-29T17:35:09.352+0000] {processor.py:186} INFO - Started process (PID=13624) to work on /home/airflow/.local/lib/python3.12/site-packages/airflow/example_dags/example_setup_teardown_taskflow.py
[2026-07-29T17:35:09.353+0000] {processor.py:914} INFO - Processing file /home/airflow/.local/lib/python3.12/site-packages/airflow/example_dags/example_setup_teardown_taskflow.py for tasks to queue
[2026-07-29T17:35:09.354+0000] {logging_mixin.py:190} INFO - [2026-07-29T17:35:09.354+0000] {dagbag.py:587} INFO - Filling up the DagBag from /home/airflow/.local/lib/python3.12/site-packages/airflow/example_dags/example_setup_teardown_taskflow.py
[2026-07-29T17:35:09.359+0000] {processor.py:925} INFO - DAG(s) 'example_setup_teardown_taskflow' retrieved from /home/airflow/.local/lib/python3.12/site-packages/airflow/example_dags/example_setup_teardown_taskflow.py
[2026-07-29T17:35:09.370+0000] {logging_mixin.py:190} INFO - [2026-07-29T17:35:09.370+0000] {dag.py:3211} INFO - Sync 1 DAGs
[2026-07-29T17:35:09.378+0000] {logging_mixin.py:190} INFO - [2026-07-29T17:35:09.378+0000] {dag.py:4138} INFO - Setting next_dagrun for example_setup_teardown_taskflow to 2026-07-28 00:00:00+00:00, run_after=2026-07-29 00:00:00+00:00
[2026-07-29T17:35:09.385+0000] {processor.py:208} INFO - Processing /home/airflow/.local/lib/python3.12/site-packages/airflow/example_dags/example_setup_teardown_taskflow.py took 0.035 seconds
[2026-07-29T17:35:39.540+0000] {processor.py:186} INFO - Started process (PID=13690) to work on /home/airflow/.local/lib/python3.12/site-packages/airflow/example_dags/example_setup_teardown_taskflow.py
[2026-07-29T17:35:39.541+0000] {processor.py:914} INFO - Processing file /home/airflow/.local/lib/python3.12/site-packages/airflow/example_dags/example_setup_teardown_taskflow.py for tasks to queue
[2026-07-29T17:35:39.542+0000] {logging_mixin.py:190} INFO - [2026-07-29T17:35:39.542+0000] {dagbag.py:587} INFO - Filling up the DagBag from /home/airflow/.local/lib/python3.12/site-packages/airflow/example_dags/example_setup_teardown_taskflow.py
[2026-07-29T17:35:39.547+0000] {processor.py:925} INFO - DAG(s) 'example_setup_teardown_taskflow' retrieved from /home/airflow/.local/lib/python3.12/site-packages/airflow/example_dags/example_setup_teardown_taskflow.py
[2026-07-29T17:35:39.555+0000] {logging_mixin.py:190} INFO - [2026-07-29T17:35:39.555+0000] {dag.py:3211} INFO - Sync 1 DAGs
[2026-07-29T17:35:39.564+0000] {logging_mixin.py:190} INFO - [2026-07-29T17:35:39.564+0000] {dag.py:4138} INFO - Setting next_dagrun for example_setup_teardown_taskflow to 2026-07-28 00:00:00+00:00, run_after=2026-07-29 00:00:00+00:00
[2026-07-29T17:35:39.571+0000] {processor.py:208} INFO - Processing /home/airflow/.local/lib/python3.12/site-packages/airflow/example_dags/example_setup_teardown_taskflow.py took 0.034 seconds
[2026-07-29T17:36:09.739+0000] {processor.py:186} INFO - Started process (PID=13756) to work on /home/airflow/.local/lib/python3.12/site-packages/airflow/example_dags/example_setup_teardown_taskflow.py
[2026-07-29T17:36:09.739+0000] {processor.py:914} INFO - Processing file /home/airflow/.local/lib/python3.12/site-packages/airflow/example_dags/example_setup_teardown_taskflow.py for tasks to queue
[2026-07-29T17:36:09.740+0000] {logging_mixin.py:190} INFO - [2026-07-29T17:36:09.740+0000] {dagbag.py:587} INFO - Filling up the DagBag from /home/airflow/.local/lib/python3.12/site-packages/airflow/example_dags/example_setup_teardown_taskflow.py
[2026-07-29T17:36:09.745+0000] {processor.py:925} INFO - DAG(s) 'example_setup_teardown_taskflow' retrieved from /home/airflow/.local/lib/python3.12/site-packages/airflow/example_dags/example_setup_teardown_taskflow.py
[2026-07-29T17:36:09.754+0000] {logging_mixin.py:190} INFO - [2026-07-29T17:36:09.754+0000] {dag.py:3211} INFO - Sync 1 DAGs
[2026-07-29T17:36:09.764+0000] {logging_mixin.py:190} INFO - [2026-07-29T17:36:09.764+0000] {dag.py:4138} INFO - Setting next_dagrun for example_setup_teardown_taskflow to 2026-07-28 00:00:00+00:00, run_after=2026-07-29 00:00:00+00:00
[2026-07-29T17:36:09.772+0000] {processor.py:208} INFO - Processing /home/airflow/.local/lib/python3.12/site-packages/airflow/example_dags/example_setup_teardown_taskflow.py took 0.035 seconds
[2026-07-29T17:36:39.810+0000] {processor.py:186} INFO - Started process (PID=13822) to work on /home/airflow/.local/lib/python3.12/site-packages/airflow/example_dags/example_setup_teardown_taskflow.py
[2026-07-29T17:36:39.811+0000] {processor.py:914} INFO - Processing file /home/airflow/.local/lib/python3.12/site-packages/airflow/example_dags/example_setup_teardown_taskflow.py for tasks to queue
[2026-07-29T17:36:39.813+0000] {logging_mixin.py:190} INFO - [2026-07-29T17:36:39.813+0000] {dagbag.py:587} INFO - Filling up the DagBag from /home/airflow/.local/lib/python3.12/site-packages/airflow/example_dags/example_setup_teardown_taskflow.py
[2026-07-29T17:36:39.821+0000] {processor.py:925} INFO - DAG(s) 'example_setup_teardown_taskflow' retrieved from /home/airflow/.local/lib/python3.12/site-packages/airflow/example_dags/example_setup_teardown_taskflow.py
[2026-07-29T17:36:39.832+0000] {logging_mixin.py:190} INFO - [2026-07-29T17:36:39.832+0000] {dag.py:3211} INFO - Sync 1 DAGs
[2026-07-29T17:36:39.840+0000] {logging_mixin.py:190} INFO - [2026-07-29T17:36:39.840+0000] {dag.py:4138} INFO - Setting next_dagrun for example_setup_teardown_taskflow to 2026-07-28 00:00:00+00:00, run_after=2026-07-29 00:00:00+00:00
[2026-07-29T17:36:39.846+0000] {processor.py:208} INFO - Processing /home/airflow/.local/lib/python3.12/site-packages/airflow/example_dags/example_setup_teardown_taskflow.py took 0.038 seconds
[2026-07-29T17:37:10.897+0000] {processor.py:186} INFO - Started process (PID=13888) to work on /home/airflow/.local/lib/python3.12/site-packages/airflow/example_dags/example_setup_teardown_taskflow.py
[2026-07-29T17:37:10.897+0000] {processor.py:914} INFO - Processing file /home/airflow/.local/lib/python3.12/site-packages/airflow/example_dags/example_setup_teardown_taskflow.py for tasks to queue
[2026-07-29T17:37:10.898+0000] {logging_mixin.py:190} INFO - [2026-07-29T17:37:10.898+0000] {dagbag.py:587} INFO - Filling up the DagBag from /home/airflow/.local/lib/python3.12/site-packages/airflow/example_dags/example_setup_teardown_taskflow.py
[2026-07-29T17:37:10.903+0000] {processor.py:925} INFO - DAG(s) 'example_setup_teardown_taskflow' retrieved from /home/airflow/.local/lib/python3.12/site-packages/airflow/example_dags/example_setup_teardown_taskflow.py
[2026-07-29T17:37:10.911+0000] {logging_mixin.py:190} INFO - [2026-07-29T17:37:10.911+0000] {dag.py:3211} INFO - Sync 1 DAGs
[2026-07-29T17:37:10.920+0000] {logging_mixin.py:190} INFO - [2026-07-29T17:37:10.920+0000] {dag.py:4138} INFO - Setting next_dagrun for example_setup_teardown_taskflow to 2026-07-28 00:00:00+00:00, run_after=2026-07-29 00:00:00+00:00
[2026-07-29T17:37:10.927+0000] {processor.py:208} INFO - Processing /home/airflow/.local/lib/python3.12/site-packages/airflow/example_dags/example_setup_teardown_taskflow.py took 0.033 seconds
[2026-07-29T17:37:40.992+0000] {processor.py:186} INFO - Started process (PID=13954) to work on /home/airflow/.local/lib/python3.12/site-packages/airflow/example_dags/example_setup_teardown_taskflow.py
[2026-07-29T17:37:40.993+0000] {processor.py:914} INFO - Processing file /home/airflow/.local/lib/python3.12/site-packages/airflow/example_dags/example_setup_teardown_taskflow.py for tasks to queue
[2026-07-29T17:37:40.994+0000] {logging_mixin.py:190} INFO - [2026-07-29T17:37:40.994+0000] {dagbag.py:587} INFO - Filling up the DagBag from /home/airflow/.local/lib/python3.12/site-packages/airflow/example_dags/example_setup_teardown_taskflow.py
[2026-07-29T17:37:41.000+0000] {processor.py:925} INFO - DAG(s) 'example_setup_teardown_taskflow' retrieved from /home/airflow/.local/lib/python3.12/site-packages/airflow/example_dags/example_setup_teardown_taskflow.py
[2026-07-29T17:37:41.012+0000] {logging_mixin.py:190} INFO - [2026-07-29T17:37:41.012+0000] {dag.py:3211} INFO - Sync 1 DAGs
[2026-07-29T17:37:41.022+0000] {logging_mixin.py:190} INFO - [2026-07-29T17:37:41.022+0000] {dag.py:4138} INFO - Setting next_dagrun for example_setup_teardown_taskflow to 2026-07-28 00:00:00+00:00, run_after=2026-07-29 00:00:00+00:00
[2026-07-29T17:37:41.033+0000] {processor.py:208} INFO - Processing /home/airflow/.local/lib/python3.12/site-packages/airflow/example_dags/example_setup_teardown_taskflow.py took 0.044 seconds
[2026-07-29T17:38:11.913+0000] {processor.py:186} INFO - Started process (PID=14020) to work on /home/airflow/.local/lib/python3.12/site-packages/airflow/example_dags/example_setup_teardown_taskflow.py
[2026-07-29T17:38:11.913+0000] {processor.py:914} INFO - Processing file /home/airflow/.local/lib/python3.12/site-packages/airflow/example_dags/example_setup_teardown_taskflow.py for tasks to queue
[2026-07-29T17:38:11.914+0000] {logging_mixin.py:190} INFO - [2026-07-29T17:38:11.914+0000] {dagbag.py:587} INFO - Filling up the DagBag from /home/airflow/.local/lib/python3.12/site-packages/airflow/example_dags/example_setup_teardown_taskflow.py
[2026-07-29T17:38:11.920+0000] {processor.py:925} INFO - DAG(s) 'example_setup_teardown_taskflow' retrieved from /home/airflow/.local/lib/python3.12/site-packages/airflow/example_dags/example_setup_teardown_taskflow.py
[2026-07-29T17:38:11.932+0000] {logging_mixin.py:190} INFO - [2026-07-29T17:38:11.931+0000] {dag.py:3211} INFO - Sync 1 DAGs
[2026-07-29T17:38:11.941+0000] {logging_mixin.py:190} INFO - [2026-07-29T17:38:11.941+0000] {dag.py:4138} INFO - Setting next_dagrun for example_setup_teardown_taskflow to 2026-07-28 00:00:00+00:00, run_after=2026-07-29 00:00:00+00:00
[2026-07-29T17:38:11.954+0000] {processor.py:208} INFO - Processing /home/airflow/.local/lib/python3.12/site-packages/airflow/example_dags/example_setup_teardown_taskflow.py took 0.043 seconds
[2026-07-29T17:38:42.860+0000] {processor.py:186} INFO - Started process (PID=14086) to work on /home/airflow/.local/lib/python3.12/site-packages/airflow/example_dags/example_setup_teardown_taskflow.py
[2026-07-29T17:38:42.861+0000] {processor.py:914} INFO - Processing file /home/airflow/.local/lib/python3.12/site-packages/airflow/example_dags/example_setup_teardown_taskflow.py for tasks to queue
[2026-07-29T17:38:42.863+0000] {logging_mixin.py:190} INFO - [2026-07-29T17:38:42.862+0000] {dagbag.py:587} INFO - Filling up the DagBag from /home/airflow/.local/lib/python3.12/site-packages/airflow/example_dags/example_setup_teardown_taskflow.py
[2026-07-29T17:38:42.867+0000] {processor.py:925} INFO - DAG(s) 'example_setup_teardown_taskflow' retrieved from /home/airflow/.local/lib/python3.12/site-packages/airflow/example_dags/example_setup_teardown_taskflow.py
[2026-07-29T17:38:42.878+0000] {logging_mixin.py:190} INFO - [2026-07-29T17:38:42.878+0000] {dag.py:3211} INFO - Sync 1 DAGs
[2026-07-29T17:38:42.887+0000] {logging_mixin.py:190} INFO - [2026-07-29T17:38:42.887+0000] {dag.py:4138} INFO - Setting next_dagrun for example_setup_teardown_taskflow to 2026-07-28 00:00:00+00:00, run_after=2026-07-29 00:00:00+00:00
[2026-07-29T17:38:42.893+0000] {processor.py:208} INFO - Processing /home/airflow/.local/lib/python3.12/site-packages/airflow/example_dags/example_setup_teardown_taskflow.py took 0.036 seconds
[2026-07-29T17:39:13.542+0000] {processor.py:186} INFO - Started process (PID=14152) to work on /home/airflow/.local/lib/python3.12/site-packages/airflow/example_dags/example_setup_teardown_taskflow.py
[2026-07-29T17:39:13.542+0000] {processor.py:914} INFO - Processing file /home/airflow/.local/lib/python3.12/site-packages/airflow/example_dags/example_setup_teardown_taskflow.py for tasks to queue
[2026-07-29T17:39:13.544+0000] {logging_mixin.py:190} INFO - [2026-07-29T17:39:13.544+0000] {dagbag.py:587} INFO - Filling up the DagBag from /home/airflow/.local/lib/python3.12/site-packages/airflow/example_dags/example_setup_teardown_taskflow.py
[2026-07-29T17:39:13.552+0000] {processor.py:925} INFO - DAG(s) 'example_setup_teardown_taskflow' retrieved from /home/airflow/.local/lib/python3.12/site-packages/airflow/example_dags/example_setup_teardown_taskflow.py
[2026-07-29T17:39:13.565+0000] {logging_mixin.py:190} INFO - [2026-07-29T17:39:13.565+0000] {dag.py:3211} INFO - Sync 1 DAGs
[2026-07-29T17:39:13.576+0000] {logging_mixin.py:190} INFO - [2026-07-29T17:39:13.576+0000] {dag.py:4138} INFO - Setting next_dagrun for example_setup_teardown_taskflow to 2026-07-28 00:00:00+00:00, run_after=2026-07-29 00:00:00+00:00
[2026-07-29T17:39:13.588+0000] {processor.py:208} INFO - Processing /home/airflow/.local/lib/python3.12/site-packages/airflow/example_dags/example_setup_teardown_taskflow.py took 0.050 seconds
[2026-07-29T17:39:44.555+0000] {processor.py:186} INFO - Started process (PID=14218) to work on /home/airflow/.local/lib/python3.12/site-packages/airflow/example_dags/example_setup_teardown_taskflow.py
[2026-07-29T17:39:44.557+0000] {processor.py:914} INFO - Processing file /home/airflow/.local/lib/python3.12/site-packages/airflow/example_dags/example_setup_teardown_taskflow.py for tasks to queue
[2026-07-29T17:39:44.558+0000] {logging_mixin.py:190} INFO - [2026-07-29T17:39:44.558+0000] {dagbag.py:587} INFO - Filling up the DagBag from /home/airflow/.local/lib/python3.12/site-packages/airflow/example_dags/example_setup_teardown_taskflow.py
[2026-07-29T17:39:44.563+0000] {processor.py:925} INFO - DAG(s) 'example_setup_teardown_taskflow' retrieved from /home/airflow/.local/lib/python3.12/site-packages/airflow/example_dags/example_setup_teardown_taskflow.py
[2026-07-29T17:39:44.572+0000] {logging_mixin.py:190} INFO - [2026-07-29T17:39:44.572+0000] {dag.py:3211} INFO - Sync 1 DAGs
[2026-07-29T17:39:44.582+0000] {logging_mixin.py:190} INFO - [2026-07-29T17:39:44.582+0000] {dag.py:4138} INFO - Setting next_dagrun for example_setup_teardown_taskflow to 2026-07-28 00:00:00+00:00, run_after=2026-07-29 00:00:00+00:00
[2026-07-29T17:39:44.594+0000] {processor.py:208} INFO - Processing /home/airflow/.local/lib/python3.12/site-packages/airflow/example_dags/example_setup_teardown_taskflow.py took 0.041 seconds
[2026-07-29T17:40:15.591+0000] {processor.py:186} INFO - Started process (PID=14284) to work on /home/airflow/.local/lib/python3.12/site-packages/airflow/example_dags/example_setup_teardown_taskflow.py
[2026-07-29T17:40:15.592+0000] {processor.py:914} INFO - Processing file /home/airflow/.local/lib/python3.12/site-packages/airflow/example_dags/example_setup_teardown_taskflow.py for tasks to queue
[2026-07-29T17:40:15.593+0000] {logging_mixin.py:190} INFO - [2026-07-29T17:40:15.593+0000] {dagbag.py:587} INFO - Filling up the DagBag from /home/airflow/.local/lib/python3.12/site-packages/airflow/example_dags/example_setup_teardown_taskflow.py
[2026-07-29T17:40:15.598+0000] {processor.py:925} INFO - DAG(s) 'example_setup_teardown_taskflow' retrieved from /home/airflow/.local/lib/python3.12/site-packages/airflow/example_dags/example_setup_teardown_taskflow.py
[2026-07-29T17:40:15.608+0000] {logging_mixin.py:190} INFO - [2026-07-29T17:40:15.608+0000] {dag.py:3211} INFO - Sync 1 DAGs
[2026-07-29T17:40:15.617+0000] {logging_mixin.py:190} INFO - [2026-07-29T17:40:15.617+0000] {dag.py:4138} INFO - Setting next_dagrun for example_setup_teardown_taskflow to 2026-07-28 00:00:00+00:00, run_after=2026-07-29 00:00:00+00:00
[2026-07-29T17:40:15.631+0000] {processor.py:208} INFO - Processing /home/airflow/.local/lib/python3.12/site-packages/airflow/example_dags/example_setup_teardown_taskflow.py took 0.043 seconds
[2026-07-29T17:40:46.561+0000] {processor.py:186} INFO - Started process (PID=14350) to work on /home/airflow/.local/lib/python3.12/site-packages/airflow/example_dags/example_setup_teardown_taskflow.py
[2026-07-29T17:40:46.562+0000] {processor.py:914} INFO - Processing file /home/airflow/.local/lib/python3.12/site-packages/airflow/example_dags/example_setup_teardown_taskflow.py for tasks to queue
[2026-07-29T17:40:46.563+0000] {logging_mixin.py:190} INFO - [2026-07-29T17:40:46.563+0000] {dagbag.py:587} INFO - Filling up the DagBag from /home/airflow/.local/lib/python3.12/site-packages/airflow/example_dags/example_setup_teardown_taskflow.py
[2026-07-29T17:40:46.569+0000] {processor.py:925} INFO - DAG(s) 'example_setup_teardown_taskflow' retrieved from /home/airflow/.local/lib/python3.12/site-packages/airflow/example_dags/example_setup_teardown_taskflow.py
[2026-07-29T17:40:46.582+0000] {logging_mixin.py:190} INFO - [2026-07-29T17:40:46.582+0000] {dag.py:3211} INFO - Sync 1 DAGs
[2026-07-29T17:40:46.596+0000] {logging_mixin.py:190} INFO - [2026-07-29T17:40:46.596+0000] {dag.py:4138} INFO - Setting next_dagrun for example_setup_teardown_taskflow to 2026-07-28 00:00:00+00:00, run_after=2026-07-29 00:00:00+00:00
[2026-07-29T17:40:46.609+0000] {processor.py:208} INFO - Processing /home/airflow/.local/lib/python3.12/site-packages/airflow/example_dags/example_setup_teardown_taskflow.py took 0.051 seconds
[2026-07-29T17:41:17.519+0000] {processor.py:186} INFO - Started process (PID=14416) to work on /home/airflow/.local/lib/python3.12/site-packages/airflow/example_dags/example_setup_teardown_taskflow.py
[2026-07-29T17:41:17.519+0000] {processor.py:914} INFO - Processing file /home/airflow/.local/lib/python3.12/site-packages/airflow/example_dags/example_setup_teardown_taskflow.py for tasks to queue
[2026-07-29T17:41:17.521+0000] {logging_mixin.py:190} INFO - [2026-07-29T17:41:17.520+0000] {dagbag.py:587} INFO - Filling up the DagBag from /home/airflow/.local/lib/python3.12/site-packages/airflow/example_dags/example_setup_teardown_taskflow.py
[2026-07-29T17:41:17.526+0000] {processor.py:925} INFO - DAG(s) 'example_setup_teardown_taskflow' retrieved from /home/airflow/.local/lib/python3.12/site-packages/airflow/example_dags/example_setup_teardown_taskflow.py
[2026-07-29T17:41:17.537+0000] {logging_mixin.py:190} INFO - [2026-07-29T17:41:17.537+0000] {dag.py:3211} INFO - Sync 1 DAGs
[2026-07-29T17:41:17.552+0000] {logging_mixin.py:190} INFO - [2026-07-29T17:41:17.551+0000] {dag.py:4138} INFO - Setting next_dagrun for example_setup_teardown_taskflow to 2026-07-28 00:00:00+00:00, run_after=2026-07-29 00:00:00+00:00
[2026-07-29T17:41:17.566+0000] {processor.py:208} INFO - Processing /home/airflow/.local/lib/python3.12/site-packages/airflow/example_dags/example_setup_teardown_taskflow.py took 0.050 seconds
[2026-07-29T17:41:48.568+0000] {processor.py:186} INFO - Started process (PID=14482) to work on /home/airflow/.local/lib/python3.12/site-packages/airflow/example_dags/example_setup_teardown_taskflow.py
[2026-07-29T17:41:48.569+0000] {processor.py:914} INFO - Processing file /home/airflow/.local/lib/python3.12/site-packages/airflow/example_dags/example_setup_teardown_taskflow.py for tasks to queue
[2026-07-29T17:41:48.570+0000] {logging_mixin.py:190} INFO - [2026-07-29T17:41:48.570+0000] {dagbag.py:587} INFO - Filling up the DagBag from /home/airflow/.local/lib/python3.12/site-packages/airflow/example_dags/example_setup_teardown_taskflow.py
[2026-07-29T17:41:48.575+0000] {processor.py:925} INFO - DAG(s) 'example_setup_teardown_taskflow' retrieved from /home/airflow/.local/lib/python3.12/site-packages/airflow/example_dags/example_setup_teardown_taskflow.py
[2026-07-29T17:41:48.585+0000] {logging_mixin.py:190} INFO - [2026-07-29T17:41:48.584+0000] {dag.py:3211} INFO - Sync 1 DAGs
[2026-07-29T17:41:48.593+0000] {logging_mixin.py:190} INFO - [2026-07-29T17:41:48.592+0000] {dag.py:4138} INFO - Setting next_dagrun for example_setup_teardown_taskflow to 2026-07-28 00:00:00+00:00, run_after=2026-07-29 00:00:00+00:00
[2026-07-29T17:41:48.602+0000] {processor.py:208} INFO - Processing /home/airflow/.local/lib/python3.12/site-packages/airflow/example_dags/example_setup_teardown_taskflow.py took 0.037 seconds
[2026-07-29T17:42:19.524+0000] {processor.py:186} INFO - Started process (PID=14548) to work on /home/airflow/.local/lib/python3.12/site-packages/airflow/example_dags/example_setup_teardown_taskflow.py
[2026-07-29T17:42:19.526+0000] {processor.py:914} INFO - Processing file /home/airflow/.local/lib/python3.12/site-packages/airflow/example_dags/example_setup_teardown_taskflow.py for tasks to queue
[2026-07-29T17:42:19.527+0000] {logging_mixin.py:190} INFO - [2026-07-29T17:42:19.527+0000] {dagbag.py:587} INFO - Filling up the DagBag from /home/airflow/.local/lib/python3.12/site-packages/airflow/example_dags/example_setup_teardown_taskflow.py
[2026-07-29T17:42:19.533+0000] {processor.py:925} INFO - DAG(s) 'example_setup_teardown_taskflow' retrieved from /home/airflow/.local/lib/python3.12/site-packages/airflow/example_dags/example_setup_teardown_taskflow.py
[2026-07-29T17:42:19.544+0000] {logging_mixin.py:190} INFO - [2026-07-29T17:42:19.544+0000] {dag.py:3211} INFO - Sync 1 DAGs
[2026-07-29T17:42:19.553+0000] {logging_mixin.py:190} INFO - [2026-07-29T17:42:19.552+0000] {dag.py:4138} INFO - Setting next_dagrun for example_setup_teardown_taskflow to 2026-07-28 00:00:00+00:00, run_after=2026-07-29 00:00:00+00:00
[2026-07-29T17:42:19.567+0000] {processor.py:208} INFO - Processing /home/airflow/.local/lib/python3.12/site-packages/airflow/example_dags/example_setup_teardown_taskflow.py took 0.045 seconds
[2026-07-29T17:42:50.500+0000] {processor.py:186} INFO - Started process (PID=14614) to work on /home/airflow/.local/lib/python3.12/site-packages/airflow/example_dags/example_setup_teardown_taskflow.py
[2026-07-29T17:42:50.501+0000] {processor.py:914} INFO - Processing file /home/airflow/.local/lib/python3.12/site-packages/airflow/example_dags/example_setup_teardown_taskflow.py for tasks to queue
[2026-07-29T17:42:50.503+0000] {logging_mixin.py:190} INFO - [2026-07-29T17:42:50.503+0000] {dagbag.py:587} INFO - Filling up the DagBag from /home/airflow/.local/lib/python3.12/site-packages/airflow/example_dags/example_setup_teardown_taskflow.py
[2026-07-29T17:42:50.510+0000] {processor.py:925} INFO - DAG(s) 'example_setup_teardown_taskflow' retrieved from /home/airflow/.local/lib/python3.12/site-packages/airflow/example_dags/example_setup_teardown_taskflow.py
[2026-07-29T17:42:50.521+0000] {logging_mixin.py:190} INFO - [2026-07-29T17:42:50.521+0000] {dag.py:3211} INFO - Sync 1 DAGs
[2026-07-29T17:42:50.534+0000] {logging_mixin.py:190} INFO - [2026-07-29T17:42:50.533+0000] {dag.py:4138} INFO - Setting next_dagrun for example_setup_teardown_taskflow to 2026-07-28 00:00:00+00:00, run_after=2026-07-29 00:00:00+00:00
[2026-07-29T17:42:50.548+0000] {processor.py:208} INFO - Processing /home/airflow/.local/lib/python3.12/site-packages/airflow/example_dags/example_setup_teardown_taskflow.py took 0.050 seconds
[2026-07-29T17:43:21.408+0000] {processor.py:186} INFO - Started process (PID=14680) to work on /home/airflow/.local/lib/python3.12/site-packages/airflow/example_dags/example_setup_teardown_taskflow.py
[2026-07-29T17:43:21.409+0000] {processor.py:914} INFO - Processing file /home/airflow/.local/lib/python3.12/site-packages/airflow/example_dags/example_setup_teardown_taskflow.py for tasks to queue
[2026-07-29T17:43:21.409+0000] {logging_mixin.py:190} INFO - [2026-07-29T17:43:21.409+0000] {dagbag.py:587} INFO - Filling up the DagBag from /home/airflow/.local/lib/python3.12/site-packages/airflow/example_dags/example_setup_teardown_taskflow.py
[2026-07-29T17:43:21.414+0000] {processor.py:925} INFO - DAG(s) 'example_setup_teardown_taskflow' retrieved from /home/airflow/.local/lib/python3.12/site-packages/airflow/example_dags/example_setup_teardown_taskflow.py
[2026-07-29T17:43:21.425+0000] {logging_mixin.py:190} INFO - [2026-07-29T17:43:21.425+0000] {dag.py:3211} INFO - Sync 1 DAGs
[2026-07-29T17:43:21.434+0000] {logging_mixin.py:190} INFO - [2026-07-29T17:43:21.434+0000] {dag.py:4138} INFO - Setting next_dagrun for example_setup_teardown_taskflow to 2026-07-28 00:00:00+00:00, run_after=2026-07-29 00:00:00+00:00
[2026-07-29T17:43:21.447+0000] {processor.py:208} INFO - Processing /home/airflow/.local/lib/python3.12/site-packages/airflow/example_dags/example_setup_teardown_taskflow.py took 0.041 seconds
[2026-07-29T17:43:56.895+0000] {processor.py:186} INFO - Started process (PID=14752) to work on /home/airflow/.local/lib/python3.12/site-packages/airflow/example_dags/example_setup_teardown_taskflow.py
[2026-07-29T17:43:56.897+0000] {processor.py:914} INFO - Processing file /home/airflow/.local/lib/python3.12/site-packages/airflow/example_dags/example_setup_teardown_taskflow.py for tasks to queue
[2026-07-29T17:43:56.898+0000] {logging_mixin.py:190} INFO - [2026-07-29T17:43:56.898+0000] {dagbag.py:587} INFO - Filling up the DagBag from /home/airflow/.local/lib/python3.12/site-packages/airflow/example_dags/example_setup_teardown_taskflow.py
[2026-07-29T17:43:56.905+0000] {processor.py:925} INFO - DAG(s) 'example_setup_teardown_taskflow' retrieved from /home/airflow/.local/lib/python3.12/site-packages/airflow/example_dags/example_setup_teardown_taskflow.py
[2026-07-29T17:43:56.922+0000] {logging_mixin.py:190} INFO - [2026-07-29T17:43:56.922+0000] {dag.py:3211} INFO - Sync 1 DAGs
[2026-07-29T17:43:56.932+0000] {logging_mixin.py:190} INFO - [2026-07-29T17:43:56.932+0000] {dag.py:4138} INFO - Setting next_dagrun for example_setup_teardown_taskflow to 2026-07-28 00:00:00+00:00, run_after=2026-07-29 00:00:00+00:00
[2026-07-29T17:43:56.941+0000] {processor.py:208} INFO - Processing /home/airflow/.local/lib/python3.12/site-packages/airflow/example_dags/example_setup_teardown_taskflow.py took 0.049 seconds
[2026-07-29T17:44:26.967+0000] {processor.py:186} INFO - Started process (PID=14818) to work on /home/airflow/.local/lib/python3.12/site-packages/airflow/example_dags/example_setup_teardown_taskflow.py
[2026-07-29T17:44:26.968+0000] {processor.py:914} INFO - Processing file /home/airflow/.local/lib/python3.12/site-packages/airflow/example_dags/example_setup_teardown_taskflow.py for tasks to queue
[2026-07-29T17:44:26.971+0000] {logging_mixin.py:190} INFO - [2026-07-29T17:44:26.971+0000] {dagbag.py:587} INFO - Filling up the DagBag from /home/airflow/.local/lib/python3.12/site-packages/airflow/example_dags/example_setup_teardown_taskflow.py
[2026-07-29T17:44:26.975+0000] {processor.py:925} INFO - DAG(s) 'example_setup_teardown_taskflow' retrieved from /home/airflow/.local/lib/python3.12/site-packages/airflow/example_dags/example_setup_teardown_taskflow.py
[2026-07-29T17:44:26.990+0000] {logging_mixin.py:190} INFO - [2026-07-29T17:44:26.990+0000] {dag.py:3211} INFO - Sync 1 DAGs
[2026-07-29T17:44:27.003+0000] {logging_mixin.py:190} INFO - [2026-07-29T17:44:27.003+0000] {dag.py:4138} INFO - Setting next_dagrun for example_setup_teardown_taskflow to 2026-07-28 00:00:00+00:00, run_after=2026-07-29 00:00:00+00:00
[2026-07-29T17:44:27.010+0000] {processor.py:208} INFO - Processing /home/airflow/.local/lib/python3.12/site-packages/airflow/example_dags/example_setup_teardown_taskflow.py took 0.045 seconds
[2026-07-29T17:44:57.096+0000] {processor.py:186} INFO - Started process (PID=14884) to work on /home/airflow/.local/lib/python3.12/site-packages/airflow/example_dags/example_setup_teardown_taskflow.py
[2026-07-29T17:44:57.097+0000] {processor.py:914} INFO - Processing file /home/airflow/.local/lib/python3.12/site-packages/airflow/example_dags/example_setup_teardown_taskflow.py for tasks to queue
[2026-07-29T17:44:57.100+0000] {logging_mixin.py:190} INFO - [2026-07-29T17:44:57.099+0000] {dagbag.py:587} INFO - Filling up the DagBag from /home/airflow/.local/lib/python3.12/site-packages/airflow/example_dags/example_setup_teardown_taskflow.py
[2026-07-29T17:44:57.105+0000] {processor.py:925} INFO - DAG(s) 'example_setup_teardown_taskflow' retrieved from /home/airflow/.local/lib/python3.12/site-packages/airflow/example_dags/example_setup_teardown_taskflow.py
[2026-07-29T17:44:57.120+0000] {logging_mixin.py:190} INFO - [2026-07-29T17:44:57.120+0000] {dag.py:3211} INFO - Sync 1 DAGs
[2026-07-29T17:44:57.128+0000] {logging_mixin.py:190} INFO - [2026-07-29T17:44:57.128+0000] {dag.py:4138} INFO - Setting next_dagrun for example_setup_teardown_taskflow to 2026-07-28 00:00:00+00:00, run_after=2026-07-29 00:00:00+00:00
[2026-07-29T17:44:57.135+0000] {processor.py:208} INFO - Processing /home/airflow/.local/lib/python3.12/site-packages/airflow/example_dags/example_setup_teardown_taskflow.py took 0.043 seconds
[2026-07-29T17:45:28.008+0000] {processor.py:186} INFO - Started process (PID=14950) to work on /home/airflow/.local/lib/python3.12/site-packages/airflow/example_dags/example_setup_teardown_taskflow.py
[2026-07-29T17:45:28.010+0000] {processor.py:914} INFO - Processing file /home/airflow/.local/lib/python3.12/site-packages/airflow/example_dags/example_setup_teardown_taskflow.py for tasks to queue
[2026-07-29T17:45:28.011+0000] {logging_mixin.py:190} INFO - [2026-07-29T17:45:28.011+0000] {dagbag.py:587} INFO - Filling up the DagBag from /home/airflow/.local/lib/python3.12/site-packages/airflow/example_dags/example_setup_teardown_taskflow.py
[2026-07-29T17:45:28.016+0000] {processor.py:925} INFO - DAG(s) 'example_setup_teardown_taskflow' retrieved from /home/airflow/.local/lib/python3.12/site-packages/airflow/example_dags/example_setup_teardown_taskflow.py
[2026-07-29T17:45:28.028+0000] {logging_mixin.py:190} INFO - [2026-07-29T17:45:28.028+0000] {dag.py:3211} INFO - Sync 1 DAGs
[2026-07-29T17:45:28.039+0000] {logging_mixin.py:190} INFO - [2026-07-29T17:45:28.039+0000] {dag.py:4138} INFO - Setting next_dagrun for example_setup_teardown_taskflow to 2026-07-28 00:00:00+00:00, run_after=2026-07-29 00:00:00+00:00
[2026-07-29T17:45:28.047+0000] {processor.py:208} INFO - Processing /home/airflow/.local/lib/python3.12/site-packages/airflow/example_dags/example_setup_teardown_taskflow.py took 0.042 seconds
[2026-07-29T17:45:59.009+0000] {processor.py:186} INFO - Started process (PID=15016) to work on /home/airflow/.local/lib/python3.12/site-packages/airflow/example_dags/example_setup_teardown_taskflow.py
[2026-07-29T17:45:59.011+0000] {processor.py:914} INFO - Processing file /home/airflow/.local/lib/python3.12/site-packages/airflow/example_dags/example_setup_teardown_taskflow.py for tasks to queue
[2026-07-29T17:45:59.012+0000] {logging_mixin.py:190} INFO - [2026-07-29T17:45:59.012+0000] {dagbag.py:587} INFO - Filling up the DagBag from /home/airflow/.local/lib/python3.12/site-packages/airflow/example_dags/example_setup_teardown_taskflow.py
[2026-07-29T17:45:59.017+0000] {processor.py:925} INFO - DAG(s) 'example_setup_teardown_taskflow' retrieved from /home/airflow/.local/lib/python3.12/site-packages/airflow/example_dags/example_setup_teardown_taskflow.py
[2026-07-29T17:45:59.025+0000] {logging_mixin.py:190} INFO - [2026-07-29T17:45:59.025+0000] {dag.py:3211} INFO - Sync 1 DAGs
[2026-07-29T17:45:59.036+0000] {logging_mixin.py:190} INFO - [2026-07-29T17:45:59.036+0000] {dag.py:4138} INFO - Setting next_dagrun for example_setup_teardown_taskflow to 2026-07-28 00:00:00+00:00, run_after=2026-07-29 00:00:00+00:00
[2026-07-29T17:45:59.047+0000] {processor.py:208} INFO - Processing /home/airflow/.local/lib/python3.12/site-packages/airflow/example_dags/example_setup_teardown_taskflow.py took 0.041 seconds
[2026-07-29T17:46:29.925+0000] {processor.py:186} INFO - Started process (PID=15082) to work on /home/airflow/.local/lib/python3.12/site-packages/airflow/example_dags/example_setup_teardown_taskflow.py
[2026-07-29T17:46:29.926+0000] {processor.py:914} INFO - Processing file /home/airflow/.local/lib/python3.12/site-packages/airflow/example_dags/example_setup_teardown_taskflow.py for tasks to queue
[2026-07-29T17:46:29.927+0000] {logging_mixin.py:190} INFO - [2026-07-29T17:46:29.927+0000] {dagbag.py:587} INFO - Filling up the DagBag from /home/airflow/.local/lib/python3.12/site-packages/airflow/example_dags/example_setup_teardown_taskflow.py
[2026-07-29T17:46:29.933+0000] {processor.py:925} INFO - DAG(s) 'example_setup_teardown_taskflow' retrieved from /home/airflow/.local/lib/python3.12/site-packages/airflow/example_dags/example_setup_teardown_taskflow.py
[2026-07-29T17:46:29.945+0000] {logging_mixin.py:190} INFO - [2026-07-29T17:46:29.945+0000] {dag.py:3211} INFO - Sync 1 DAGs
[2026-07-29T17:46:29.954+0000] {logging_mixin.py:190} INFO - [2026-07-29T17:46:29.954+0000] {dag.py:4138} INFO - Setting next_dagrun for example_setup_teardown_taskflow to 2026-07-28 00:00:00+00:00, run_after=2026-07-29 00:00:00+00:00
[2026-07-29T17:46:29.964+0000] {processor.py:208} INFO - Processing /home/airflow/.local/lib/python3.12/site-packages/airflow/example_dags/example_setup_teardown_taskflow.py took 0.042 seconds
[2026-07-29T17:47:00.897+0000] {processor.py:186} INFO - Started process (PID=15148) to work on /home/airflow/.local/lib/python3.12/site-packages/airflow/example_dags/example_setup_teardown_taskflow.py
[2026-07-29T17:47:00.898+0000] {processor.py:914} INFO - Processing file /home/airflow/.local/lib/python3.12/site-packages/airflow/example_dags/example_setup_teardown_taskflow.py for tasks to queue
[2026-07-29T17:47:00.900+0000] {logging_mixin.py:190} INFO - [2026-07-29T17:47:00.900+0000] {dagbag.py:587} INFO - Filling up the DagBag from /home/airflow/.local/lib/python3.12/site-packages/airflow/example_dags/example_setup_teardown_taskflow.py
[2026-07-29T17:47:00.904+0000] {processor.py:925} INFO - DAG(s) 'example_setup_teardown_taskflow' retrieved from /home/airflow/.local/lib/python3.12/site-packages/airflow/example_dags/example_setup_teardown_taskflow.py
[2026-07-29T17:47:00.916+0000] {logging_mixin.py:190} INFO - [2026-07-29T17:47:00.915+0000] {dag.py:3211} INFO - Sync 1 DAGs
[2026-07-29T17:47:00.925+0000] {logging_mixin.py:190} INFO - [2026-07-29T17:47:00.925+0000] {dag.py:4138} INFO - Setting next_dagrun for example_setup_teardown_taskflow to 2026-07-28 00:00:00+00:00, run_after=2026-07-29 00:00:00+00:00
[2026-07-29T17:47:00.934+0000] {processor.py:208} INFO - Processing /home/airflow/.local/lib/python3.12/site-packages/airflow/example_dags/example_setup_teardown_taskflow.py took 0.039 seconds
[2026-07-29T17:47:31.924+0000] {processor.py:186} INFO - Started process (PID=15214) to work on /home/airflow/.local/lib/python3.12/site-packages/airflow/example_dags/example_setup_teardown_taskflow.py
[2026-07-29T17:47:31.924+0000] {processor.py:914} INFO - Processing file /home/airflow/.local/lib/python3.12/site-packages/airflow/example_dags/example_setup_teardown_taskflow.py for tasks to queue
[2026-07-29T17:47:31.926+0000] {logging_mixin.py:190} INFO - [2026-07-29T17:47:31.925+0000] {dagbag.py:587} INFO - Filling up the DagBag from /home/airflow/.local/lib/python3.12/site-packages/airflow/example_dags/example_setup_teardown_taskflow.py
[2026-07-29T17:47:31.931+0000] {processor.py:925} INFO - DAG(s) 'example_setup_teardown_taskflow' retrieved from /home/airflow/.local/lib/python3.12/site-packages/airflow/example_dags/example_setup_teardown_taskflow.py
[2026-07-29T17:47:31.941+0000] {logging_mixin.py:190} INFO - [2026-07-29T17:47:31.941+0000] {dag.py:3211} INFO - Sync 1 DAGs
[2026-07-29T17:47:31.950+0000] {logging_mixin.py:190} INFO - [2026-07-29T17:47:31.950+0000] {dag.py:4138} INFO - Setting next_dagrun for example_setup_teardown_taskflow to 2026-07-28 00:00:00+00:00, run_after=2026-07-29 00:00:00+00:00
[2026-07-29T17:47:31.962+0000] {processor.py:208} INFO - Processing /home/airflow/.local/lib/python3.12/site-packages/airflow/example_dags/example_setup_teardown_taskflow.py took 0.041 seconds
[2026-07-29T17:48:02.912+0000] {processor.py:186} INFO - Started process (PID=15280) to work on /home/airflow/.local/lib/python3.12/site-packages/airflow/example_dags/example_setup_teardown_taskflow.py
[2026-07-29T17:48:02.913+0000] {processor.py:914} INFO - Processing file /home/airflow/.local/lib/python3.12/site-packages/airflow/example_dags/example_setup_teardown_taskflow.py for tasks to queue
[2026-07-29T17:48:02.914+0000] {logging_mixin.py:190} INFO - [2026-07-29T17:48:02.913+0000] {dagbag.py:587} INFO - Filling up the DagBag from /home/airflow/.local/lib/python3.12/site-packages/airflow/example_dags/example_setup_teardown_taskflow.py
[2026-07-29T17:48:02.920+0000] {processor.py:925} INFO - DAG(s) 'example_setup_teardown_taskflow' retrieved from /home/airflow/.local/lib/python3.12/site-packages/airflow/example_dags/example_setup_teardown_taskflow.py
[2026-07-29T17:48:02.932+0000] {logging_mixin.py:190} INFO - [2026-07-29T17:48:02.932+0000] {dag.py:3211} INFO - Sync 1 DAGs
[2026-07-29T17:48:02.942+0000] {logging_mixin.py:190} INFO - [2026-07-29T17:48:02.942+0000] {dag.py:4138} INFO - Setting next_dagrun for example_setup_teardown_taskflow to 2026-07-28 00:00:00+00:00, run_after=2026-07-29 00:00:00+00:00
[2026-07-29T17:48:02.955+0000] {processor.py:208} INFO - Processing /home/airflow/.local/lib/python3.12/site-packages/airflow/example_dags/example_setup_teardown_taskflow.py took 0.046 seconds
[2026-07-29T17:48:33.968+0000] {processor.py:186} INFO - Started process (PID=15346) to work on /home/airflow/.local/lib/python3.12/site-packages/airflow/example_dags/example_setup_teardown_taskflow.py
[2026-07-29T17:48:33.969+0000] {processor.py:914} INFO - Processing file /home/airflow/.local/lib/python3.12/site-packages/airflow/example_dags/example_setup_teardown_taskflow.py for tasks to queue
[2026-07-29T17:48:33.971+0000] {logging_mixin.py:190} INFO - [2026-07-29T17:48:33.970+0000] {dagbag.py:587} INFO - Filling up the DagBag from /home/airflow/.local/lib/python3.12/site-packages/airflow/example_dags/example_setup_teardown_taskflow.py
[2026-07-29T17:48:33.976+0000] {processor.py:925} INFO - DAG(s) 'example_setup_teardown_taskflow' retrieved from /home/airflow/.local/lib/python3.12/site-packages/airflow/example_dags/example_setup_teardown_taskflow.py
[2026-07-29T17:48:33.987+0000] {logging_mixin.py:190} INFO - [2026-07-29T17:48:33.987+0000] {dag.py:3211} INFO - Sync 1 DAGs
[2026-07-29T17:48:33.999+0000] {logging_mixin.py:190} INFO - [2026-07-29T17:48:33.998+0000] {dag.py:4138} INFO - Setting next_dagrun for example_setup_teardown_taskflow to 2026-07-28 00:00:00+00:00, run_after=2026-07-29 00:00:00+00:00
[2026-07-29T17:48:34.006+0000] {processor.py:208} INFO - Processing /home/airflow/.local/lib/python3.12/site-packages/airflow/example_dags/example_setup_teardown_taskflow.py took 0.041 seconds
[2026-07-29T17:49:04.363+0000] {processor.py:186} INFO - Started process (PID=15412) to work on /home/airflow/.local/lib/python3.12/site-packages/airflow/example_dags/example_setup_teardown_taskflow.py
[2026-07-29T17:49:04.363+0000] {processor.py:914} INFO - Processing file /home/airflow/.local/lib/python3.12/site-packages/airflow/example_dags/example_setup_teardown_taskflow.py for tasks to queue
[2026-07-29T17:49:04.366+0000] {logging_mixin.py:190} INFO - [2026-07-29T17:49:04.365+0000] {dagbag.py:587} INFO - Filling up the DagBag from /home/airflow/.local/lib/python3.12/site-packages/airflow/example_dags/example_setup_teardown_taskflow.py
[2026-07-29T17:49:04.372+0000] {processor.py:925} INFO - DAG(s) 'example_setup_teardown_taskflow' retrieved from /home/airflow/.local/lib/python3.12/site-packages/airflow/example_dags/example_setup_teardown_taskflow.py
[2026-07-29T17:49:04.386+0000] {logging_mixin.py:190} INFO - [2026-07-29T17:49:04.386+0000] {dag.py:3211} INFO - Sync 1 DAGs
[2026-07-29T17:49:04.397+0000] {logging_mixin.py:190} INFO - [2026-07-29T17:49:04.396+0000] {dag.py:4138} INFO - Setting next_dagrun for example_setup_teardown_taskflow to 2026-07-28 00:00:00+00:00, run_after=2026-07-29 00:00:00+00:00
[2026-07-29T17:49:04.407+0000] {processor.py:208} INFO - Processing /home/airflow/.local/lib/python3.12/site-packages/airflow/example_dags/example_setup_teardown_taskflow.py took 0.046 seconds
[2026-07-29T17:49:35.401+0000] {processor.py:186} INFO - Started process (PID=15478) to work on /home/airflow/.local/lib/python3.12/site-packages/airflow/example_dags/example_setup_teardown_taskflow.py
[2026-07-29T17:49:35.402+0000] {processor.py:914} INFO - Processing file /home/airflow/.local/lib/python3.12/site-packages/airflow/example_dags/example_setup_teardown_taskflow.py for tasks to queue
[2026-07-29T17:49:35.403+0000] {logging_mixin.py:190} INFO - [2026-07-29T17:49:35.403+0000] {dagbag.py:587} INFO - Filling up the DagBag from /home/airflow/.local/lib/python3.12/site-packages/airflow/example_dags/example_setup_teardown_taskflow.py
[2026-07-29T17:49:35.408+0000] {processor.py:925} INFO - DAG(s) 'example_setup_teardown_taskflow' retrieved from /home/airflow/.local/lib/python3.12/site-packages/airflow/example_dags/example_setup_teardown_taskflow.py
[2026-07-29T17:49:35.419+0000] {logging_mixin.py:190} INFO - [2026-07-29T17:49:35.418+0000] {dag.py:3211} INFO - Sync 1 DAGs
[2026-07-29T17:49:35.428+0000] {logging_mixin.py:190} INFO - [2026-07-29T17:49:35.428+0000] {dag.py:4138} INFO - Setting next_dagrun for example_setup_teardown_taskflow to 2026-07-28 00:00:00+00:00, run_after=2026-07-29 00:00:00+00:00
[2026-07-29T17:49:35.444+0000] {processor.py:208} INFO - Processing /home/airflow/.local/lib/python3.12/site-packages/airflow/example_dags/example_setup_teardown_taskflow.py took 0.045 seconds
[2026-07-29T17:50:06.367+0000] {processor.py:186} INFO - Started process (PID=15544) to work on /home/airflow/.local/lib/python3.12/site-packages/airflow/example_dags/example_setup_teardown_taskflow.py
[2026-07-29T17:50:06.368+0000] {processor.py:914} INFO - Processing file /home/airflow/.local/lib/python3.12/site-packages/airflow/example_dags/example_setup_teardown_taskflow.py for tasks to queue
[2026-07-29T17:50:06.370+0000] {logging_mixin.py:190} INFO - [2026-07-29T17:50:06.370+0000] {dagbag.py:587} INFO - Filling up the DagBag from /home/airflow/.local/lib/python3.12/site-packages/airflow/example_dags/example_setup_teardown_taskflow.py
[2026-07-29T17:50:06.375+0000] {processor.py:925} INFO - DAG(s) 'example_setup_teardown_taskflow' retrieved from /home/airflow/.local/lib/python3.12/site-packages/airflow/example_dags/example_setup_teardown_taskflow.py
[2026-07-29T17:50:06.383+0000] {logging_mixin.py:190} INFO - [2026-07-29T17:50:06.383+0000] {dag.py:3211} INFO - Sync 1 DAGs
[2026-07-29T17:50:06.393+0000] {logging_mixin.py:190} INFO - [2026-07-29T17:50:06.393+0000] {dag.py:4138} INFO - Setting next_dagrun for example_setup_teardown_taskflow to 2026-07-28 00:00:00+00:00, run_after=2026-07-29 00:00:00+00:00
[2026-07-29T17:50:06.406+0000] {processor.py:208} INFO - Processing /home/airflow/.local/lib/python3.12/site-packages/airflow/example_dags/example_setup_teardown_taskflow.py took 0.043 seconds
[2026-07-29T17:50:36.480+0000] {processor.py:186} INFO - Started process (PID=15610) to work on /home/airflow/.local/lib/python3.12/site-packages/airflow/example_dags/example_setup_teardown_taskflow.py
[2026-07-29T17:50:36.481+0000] {processor.py:914} INFO - Processing file /home/airflow/.local/lib/python3.12/site-packages/airflow/example_dags/example_setup_teardown_taskflow.py for tasks to queue
[2026-07-29T17:50:36.482+0000] {logging_mixin.py:190} INFO - [2026-07-29T17:50:36.482+0000] {dagbag.py:587} INFO - Filling up the DagBag from /home/airflow/.local/lib/python3.12/site-packages/airflow/example_dags/example_setup_teardown_taskflow.py
[2026-07-29T17:50:36.488+0000] {processor.py:925} INFO - DAG(s) 'example_setup_teardown_taskflow' retrieved from /home/airflow/.local/lib/python3.12/site-packages/airflow/example_dags/example_setup_teardown_taskflow.py
[2026-07-29T17:50:36.504+0000] {logging_mixin.py:190} INFO - [2026-07-29T17:50:36.504+0000] {dag.py:3211} INFO - Sync 1 DAGs
[2026-07-29T17:50:36.517+0000] {logging_mixin.py:190} INFO - [2026-07-29T17:50:36.517+0000] {dag.py:4138} INFO - Setting next_dagrun for example_setup_teardown_taskflow to 2026-07-28 00:00:00+00:00, run_after=2026-07-29 00:00:00+00:00
[2026-07-29T17:50:36.529+0000] {processor.py:208} INFO - Processing /home/airflow/.local/lib/python3.12/site-packages/airflow/example_dags/example_setup_teardown_taskflow.py took 0.052 seconds
[2026-07-29T17:51:06.620+0000] {processor.py:186} INFO - Started process (PID=15676) to work on /home/airflow/.local/lib/python3.12/site-packages/airflow/example_dags/example_setup_teardown_taskflow.py
[2026-07-29T17:51:06.621+0000] {processor.py:914} INFO - Processing file /home/airflow/.local/lib/python3.12/site-packages/airflow/example_dags/example_setup_teardown_taskflow.py for tasks to queue
[2026-07-29T17:51:06.622+0000] {logging_mixin.py:190} INFO - [2026-07-29T17:51:06.622+0000] {dagbag.py:587} INFO - Filling up the DagBag from /home/airflow/.local/lib/python3.12/site-packages/airflow/example_dags/example_setup_teardown_taskflow.py
[2026-07-29T17:51:06.627+0000] {processor.py:925} INFO - DAG(s) 'example_setup_teardown_taskflow' retrieved from /home/airflow/.local/lib/python3.12/site-packages/airflow/example_dags/example_setup_teardown_taskflow.py
[2026-07-29T17:51:06.636+0000] {logging_mixin.py:190} INFO - [2026-07-29T17:51:06.636+0000] {dag.py:3211} INFO - Sync 1 DAGs
[2026-07-29T17:51:06.652+0000] {logging_mixin.py:190} INFO - [2026-07-29T17:51:06.652+0000] {dag.py:4138} INFO - Setting next_dagrun for example_setup_teardown_taskflow to 2026-07-28 00:00:00+00:00, run_after=2026-07-29 00:00:00+00:00
[2026-07-29T17:51:06.659+0000] {processor.py:208} INFO - Processing /home/airflow/.local/lib/python3.12/site-packages/airflow/example_dags/example_setup_teardown_taskflow.py took 0.042 seconds
[2026-07-29T17:51:36.680+0000] {processor.py:186} INFO - Started process (PID=15742) to work on /home/airflow/.local/lib/python3.12/site-packages/airflow/example_dags/example_setup_teardown_taskflow.py
[2026-07-29T17:51:36.680+0000] {processor.py:914} INFO - Processing file /home/airflow/.local/lib/python3.12/site-packages/airflow/example_dags/example_setup_teardown_taskflow.py for tasks to queue
[2026-07-29T17:51:36.681+0000] {logging_mixin.py:190} INFO - [2026-07-29T17:51:36.681+0000] {dagbag.py:587} INFO - Filling up the DagBag from /home/airflow/.local/lib/python3.12/site-packages/airflow/example_dags/example_setup_teardown_taskflow.py
[2026-07-29T17:51:36.686+0000] {processor.py:925} INFO - DAG(s) 'example_setup_teardown_taskflow' retrieved from /home/airflow/.local/lib/python3.12/site-packages/airflow/example_dags/example_setup_teardown_taskflow.py
[2026-07-29T17:51:36.696+0000] {logging_mixin.py:190} INFO - [2026-07-29T17:51:36.696+0000] {dag.py:3211} INFO - Sync 1 DAGs
[2026-07-29T17:51:36.707+0000] {logging_mixin.py:190} INFO - [2026-07-29T17:51:36.707+0000] {dag.py:4138} INFO - Setting next_dagrun for example_setup_teardown_taskflow to 2026-07-28 00:00:00+00:00, run_after=2026-07-29 00:00:00+00:00
[2026-07-29T17:51:36.718+0000] {processor.py:208} INFO - Processing /home/airflow/.local/lib/python3.12/site-packages/airflow/example_dags/example_setup_teardown_taskflow.py took 0.041 seconds
[2026-07-29T17:52:07.721+0000] {processor.py:186} INFO - Started process (PID=15808) to work on /home/airflow/.local/lib/python3.12/site-packages/airflow/example_dags/example_setup_teardown_taskflow.py
[2026-07-29T17:52:07.721+0000] {processor.py:914} INFO - Processing file /home/airflow/.local/lib/python3.12/site-packages/airflow/example_dags/example_setup_teardown_taskflow.py for tasks to queue
[2026-07-29T17:52:07.722+0000] {logging_mixin.py:190} INFO - [2026-07-29T17:52:07.722+0000] {dagbag.py:587} INFO - Filling up the DagBag from /home/airflow/.local/lib/python3.12/site-packages/airflow/example_dags/example_setup_teardown_taskflow.py
[2026-07-29T17:52:07.727+0000] {processor.py:925} INFO - DAG(s) 'example_setup_teardown_taskflow' retrieved from /home/airflow/.local/lib/python3.12/site-packages/airflow/example_dags/example_setup_teardown_taskflow.py
[2026-07-29T17:52:07.739+0000] {logging_mixin.py:190} INFO - [2026-07-29T17:52:07.739+0000] {dag.py:3211} INFO - Sync 1 DAGs
[2026-07-29T17:52:07.754+0000] {logging_mixin.py:190} INFO - [2026-07-29T17:52:07.754+0000] {dag.py:4138} INFO - Setting next_dagrun for example_setup_teardown_taskflow to 2026-07-28 00:00:00+00:00, run_after=2026-07-29 00:00:00+00:00
[2026-07-29T17:52:07.768+0000] {processor.py:208} INFO - Processing /home/airflow/.local/lib/python3.12/site-packages/airflow/example_dags/example_setup_teardown_taskflow.py took 0.050 seconds
[2026-07-29T17:52:38.638+0000] {processor.py:186} INFO - Started process (PID=15874) to work on /home/airflow/.local/lib/python3.12/site-packages/airflow/example_dags/example_setup_teardown_taskflow.py
[2026-07-29T17:52:38.639+0000] {processor.py:914} INFO - Processing file /home/airflow/.local/lib/python3.12/site-packages/airflow/example_dags/example_setup_teardown_taskflow.py for tasks to queue
[2026-07-29T17:52:38.641+0000] {logging_mixin.py:190} INFO - [2026-07-29T17:52:38.641+0000] {dagbag.py:587} INFO - Filling up the DagBag from /home/airflow/.local/lib/python3.12/site-packages/airflow/example_dags/example_setup_teardown_taskflow.py
[2026-07-29T17:52:38.649+0000] {processor.py:925} INFO - DAG(s) 'example_setup_teardown_taskflow' retrieved from /home/airflow/.local/lib/python3.12/site-packages/airflow/example_dags/example_setup_teardown_taskflow.py
[2026-07-29T17:52:38.659+0000] {logging_mixin.py:190} INFO - [2026-07-29T17:52:38.659+0000] {dag.py:3211} INFO - Sync 1 DAGs
[2026-07-29T17:52:38.669+0000] {logging_mixin.py:190} INFO - [2026-07-29T17:52:38.669+0000] {dag.py:4138} INFO - Setting next_dagrun for example_setup_teardown_taskflow to 2026-07-28 00:00:00+00:00, run_after=2026-07-29 00:00:00+00:00
[2026-07-29T17:52:38.675+0000] {processor.py:208} INFO - Processing /home/airflow/.local/lib/python3.12/site-packages/airflow/example_dags/example_setup_teardown_taskflow.py took 0.039 seconds
[2026-07-29T17:53:09.594+0000] {processor.py:186} INFO - Started process (PID=15940) to work on /home/airflow/.local/lib/python3.12/site-packages/airflow/example_dags/example_setup_teardown_taskflow.py
[2026-07-29T17:53:09.594+0000] {processor.py:914} INFO - Processing file /home/airflow/.local/lib/python3.12/site-packages/airflow/example_dags/example_setup_teardown_taskflow.py for tasks to queue
[2026-07-29T17:53:09.595+0000] {logging_mixin.py:190} INFO - [2026-07-29T17:53:09.595+0000] {dagbag.py:587} INFO - Filling up the DagBag from /home/airflow/.local/lib/python3.12/site-packages/airflow/example_dags/example_setup_teardown_taskflow.py
[2026-07-29T17:53:09.600+0000] {processor.py:925} INFO - DAG(s) 'example_setup_teardown_taskflow' retrieved from /home/airflow/.local/lib/python3.12/site-packages/airflow/example_dags/example_setup_teardown_taskflow.py
[2026-07-29T17:53:09.611+0000] {logging_mixin.py:190} INFO - [2026-07-29T17:53:09.611+0000] {dag.py:3211} INFO - Sync 1 DAGs
[2026-07-29T17:53:09.624+0000] {logging_mixin.py:190} INFO - [2026-07-29T17:53:09.624+0000] {dag.py:4138} INFO - Setting next_dagrun for example_setup_teardown_taskflow to 2026-07-28 00:00:00+00:00, run_after=2026-07-29 00:00:00+00:00
[2026-07-29T17:53:09.638+0000] {processor.py:208} INFO - Processing /home/airflow/.local/lib/python3.12/site-packages/airflow/example_dags/example_setup_teardown_taskflow.py took 0.047 seconds
[2026-07-29T17:53:40.549+0000] {processor.py:186} INFO - Started process (PID=16006) to work on /home/airflow/.local/lib/python3.12/site-packages/airflow/example_dags/example_setup_teardown_taskflow.py
[2026-07-29T17:53:40.550+0000] {processor.py:914} INFO - Processing file /home/airflow/.local/lib/python3.12/site-packages/airflow/example_dags/example_setup_teardown_taskflow.py for tasks to queue
[2026-07-29T17:53:40.551+0000] {logging_mixin.py:190} INFO - [2026-07-29T17:53:40.551+0000] {dagbag.py:587} INFO - Filling up the DagBag from /home/airflow/.local/lib/python3.12/site-packages/airflow/example_dags/example_setup_teardown_taskflow.py
[2026-07-29T17:53:40.556+0000] {processor.py:925} INFO - DAG(s) 'example_setup_teardown_taskflow' retrieved from /home/airflow/.local/lib/python3.12/site-packages/airflow/example_dags/example_setup_teardown_taskflow.py
[2026-07-29T17:53:40.565+0000] {logging_mixin.py:190} INFO - [2026-07-29T17:53:40.565+0000] {dag.py:3211} INFO - Sync 1 DAGs
[2026-07-29T17:53:40.573+0000] {logging_mixin.py:190} INFO - [2026-07-29T17:53:40.573+0000] {dag.py:4138} INFO - Setting next_dagrun for example_setup_teardown_taskflow to 2026-07-28 00:00:00+00:00, run_after=2026-07-29 00:00:00+00:00
[2026-07-29T17:53:40.580+0000] {processor.py:208} INFO - Processing /home/airflow/.local/lib/python3.12/site-packages/airflow/example_dags/example_setup_teardown_taskflow.py took 0.034 seconds
[2026-07-29T17:54:11.319+0000] {processor.py:186} INFO - Started process (PID=16072) to work on /home/airflow/.local/lib/python3.12/site-packages/airflow/example_dags/example_setup_teardown_taskflow.py
[2026-07-29T17:54:11.319+0000] {processor.py:914} INFO - Processing file /home/airflow/.local/lib/python3.12/site-packages/airflow/example_dags/example_setup_teardown_taskflow.py for tasks to queue
[2026-07-29T17:54:11.321+0000] {logging_mixin.py:190} INFO - [2026-07-29T17:54:11.320+0000] {dagbag.py:587} INFO - Filling up the DagBag from /home/airflow/.local/lib/python3.12/site-packages/airflow/example_dags/example_setup_teardown_taskflow.py
[2026-07-29T17:54:11.326+0000] {processor.py:925} INFO - DAG(s) 'example_setup_teardown_taskflow' retrieved from /home/airflow/.local/lib/python3.12/site-packages/airflow/example_dags/example_setup_teardown_taskflow.py
[2026-07-29T17:54:11.336+0000] {logging_mixin.py:190} INFO - [2026-07-29T17:54:11.336+0000] {dag.py:3211} INFO - Sync 1 DAGs
[2026-07-29T17:54:11.348+0000] {logging_mixin.py:190} INFO - [2026-07-29T17:54:11.348+0000] {dag.py:4138} INFO - Setting next_dagrun for example_setup_teardown_taskflow to 2026-07-28 00:00:00+00:00, run_after=2026-07-29 00:00:00+00:00
[2026-07-29T17:54:11.366+0000] {processor.py:208} INFO - Processing /home/airflow/.local/lib/python3.12/site-packages/airflow/example_dags/example_setup_teardown_taskflow.py took 0.050 seconds
[2026-07-29T17:54:42.318+0000] {processor.py:186} INFO - Started process (PID=16138) to work on /home/airflow/.local/lib/python3.12/site-packages/airflow/example_dags/example_setup_teardown_taskflow.py
[2026-07-29T17:54:42.320+0000] {processor.py:914} INFO - Processing file /home/airflow/.local/lib/python3.12/site-packages/airflow/example_dags/example_setup_teardown_taskflow.py for tasks to queue
[2026-07-29T17:54:42.322+0000] {logging_mixin.py:190} INFO - [2026-07-29T17:54:42.322+0000] {dagbag.py:587} INFO - Filling up the DagBag from /home/airflow/.local/lib/python3.12/site-packages/airflow/example_dags/example_setup_teardown_taskflow.py
[2026-07-29T17:54:42.331+0000] {processor.py:925} INFO - DAG(s) 'example_setup_teardown_taskflow' retrieved from /home/airflow/.local/lib/python3.12/site-packages/airflow/example_dags/example_setup_teardown_taskflow.py
[2026-07-29T17:54:42.342+0000] {logging_mixin.py:190} INFO - [2026-07-29T17:54:42.342+0000] {dag.py:3211} INFO - Sync 1 DAGs
[2026-07-29T17:54:42.352+0000] {logging_mixin.py:190} INFO - [2026-07-29T17:54:42.352+0000] {dag.py:4138} INFO - Setting next_dagrun for example_setup_teardown_taskflow to 2026-07-28 00:00:00+00:00, run_after=2026-07-29 00:00:00+00:00
[2026-07-29T17:54:42.358+0000] {processor.py:208} INFO - Processing /home/airflow/.local/lib/python3.12/site-packages/airflow/example_dags/example_setup_teardown_taskflow.py took 0.044 seconds
[2026-07-29T17:55:13.319+0000] {processor.py:186} INFO - Started process (PID=16204) to work on /home/airflow/.local/lib/python3.12/site-packages/airflow/example_dags/example_setup_teardown_taskflow.py
[2026-07-29T17:55:13.321+0000] {processor.py:914} INFO - Processing file /home/airflow/.local/lib/python3.12/site-packages/airflow/example_dags/example_setup_teardown_taskflow.py for tasks to queue
[2026-07-29T17:55:13.323+0000] {logging_mixin.py:190} INFO - [2026-07-29T17:55:13.323+0000] {dagbag.py:587} INFO - Filling up the DagBag from /home/airflow/.local/lib/python3.12/site-packages/airflow/example_dags/example_setup_teardown_taskflow.py
[2026-07-29T17:55:13.329+0000] {processor.py:925} INFO - DAG(s) 'example_setup_teardown_taskflow' retrieved from /home/airflow/.local/lib/python3.12/site-packages/airflow/example_dags/example_setup_teardown_taskflow.py
[2026-07-29T17:55:13.341+0000] {logging_mixin.py:190} INFO - [2026-07-29T17:55:13.340+0000] {dag.py:3211} INFO - Sync 1 DAGs
[2026-07-29T17:55:13.351+0000] {logging_mixin.py:190} INFO - [2026-07-29T17:55:13.351+0000] {dag.py:4138} INFO - Setting next_dagrun for example_setup_teardown_taskflow to 2026-07-28 00:00:00+00:00, run_after=2026-07-29 00:00:00+00:00
[2026-07-29T17:55:13.360+0000] {processor.py:208} INFO - Processing /home/airflow/.local/lib/python3.12/site-packages/airflow/example_dags/example_setup_teardown_taskflow.py took 0.043 seconds
[2026-07-29T17:55:43.546+0000] {processor.py:186} INFO - Started process (PID=16270) to work on /home/airflow/.local/lib/python3.12/site-packages/airflow/example_dags/example_setup_teardown_taskflow.py
[2026-07-29T17:55:43.548+0000] {processor.py:914} INFO - Processing file /home/airflow/.local/lib/python3.12/site-packages/airflow/example_dags/example_setup_teardown_taskflow.py for tasks to queue
[2026-07-29T17:55:43.550+0000] {logging_mixin.py:190} INFO - [2026-07-29T17:55:43.550+0000] {dagbag.py:587} INFO - Filling up the DagBag from /home/airflow/.local/lib/python3.12/site-packages/airflow/example_dags/example_setup_teardown_taskflow.py
[2026-07-29T17:55:43.555+0000] {processor.py:925} INFO - DAG(s) 'example_setup_teardown_taskflow' retrieved from /home/airflow/.local/lib/python3.12/site-packages/airflow/example_dags/example_setup_teardown_taskflow.py
[2026-07-29T17:55:43.568+0000] {logging_mixin.py:190} INFO - [2026-07-29T17:55:43.568+0000] {dag.py:3211} INFO - Sync 1 DAGs
[2026-07-29T17:55:43.579+0000] {logging_mixin.py:190} INFO - [2026-07-29T17:55:43.579+0000] {dag.py:4138} INFO - Setting next_dagrun for example_setup_teardown_taskflow to 2026-07-28 00:00:00+00:00, run_after=2026-07-29 00:00:00+00:00
[2026-07-29T17:55:43.587+0000] {processor.py:208} INFO - Processing /home/airflow/.local/lib/python3.12/site-packages/airflow/example_dags/example_setup_teardown_taskflow.py took 0.043 seconds
[2026-07-29T17:56:13.642+0000] {processor.py:186} INFO - Started process (PID=16336) to work on /home/airflow/.local/lib/python3.12/site-packages/airflow/example_dags/example_setup_teardown_taskflow.py
[2026-07-29T17:56:13.643+0000] {processor.py:914} INFO - Processing file /home/airflow/.local/lib/python3.12/site-packages/airflow/example_dags/example_setup_teardown_taskflow.py for tasks to queue
[2026-07-29T17:56:13.644+0000] {logging_mixin.py:190} INFO - [2026-07-29T17:56:13.644+0000] {dagbag.py:587} INFO - Filling up the DagBag from /home/airflow/.local/lib/python3.12/site-packages/airflow/example_dags/example_setup_teardown_taskflow.py
[2026-07-29T17:56:13.649+0000] {processor.py:925} INFO - DAG(s) 'example_setup_teardown_taskflow' retrieved from /home/airflow/.local/lib/python3.12/site-packages/airflow/example_dags/example_setup_teardown_taskflow.py
[2026-07-29T17:56:13.660+0000] {logging_mixin.py:190} INFO - [2026-07-29T17:56:13.659+0000] {dag.py:3211} INFO - Sync 1 DAGs
[2026-07-29T17:56:13.672+0000] {logging_mixin.py:190} INFO - [2026-07-29T17:56:13.672+0000] {dag.py:4138} INFO - Setting next_dagrun for example_setup_teardown_taskflow to 2026-07-28 00:00:00+00:00, run_after=2026-07-29 00:00:00+00:00
[2026-07-29T17:56:13.680+0000] {processor.py:208} INFO - Processing /home/airflow/.local/lib/python3.12/site-packages/airflow/example_dags/example_setup_teardown_taskflow.py took 0.041 seconds
[2026-07-29T17:56:44.686+0000] {processor.py:186} INFO - Started process (PID=16402) to work on /home/airflow/.local/lib/python3.12/site-packages/airflow/example_dags/example_setup_teardown_taskflow.py
[2026-07-29T17:56:44.688+0000] {processor.py:914} INFO - Processing file /home/airflow/.local/lib/python3.12/site-packages/airflow/example_dags/example_setup_teardown_taskflow.py for tasks to queue
[2026-07-29T17:56:44.690+0000] {logging_mixin.py:190} INFO - [2026-07-29T17:56:44.689+0000] {dagbag.py:587} INFO - Filling up the DagBag from /home/airflow/.local/lib/python3.12/site-packages/airflow/example_dags/example_setup_teardown_taskflow.py
[2026-07-29T17:56:44.695+0000] {processor.py:925} INFO - DAG(s) 'example_setup_teardown_taskflow' retrieved from /home/airflow/.local/lib/python3.12/site-packages/airflow/example_dags/example_setup_teardown_taskflow.py
[2026-07-29T17:56:44.705+0000] {logging_mixin.py:190} INFO - [2026-07-29T17:56:44.705+0000] {dag.py:3211} INFO - Sync 1 DAGs
[2026-07-29T17:56:44.717+0000] {logging_mixin.py:190} INFO - [2026-07-29T17:56:44.717+0000] {dag.py:4138} INFO - Setting next_dagrun for example_setup_teardown_taskflow to 2026-07-28 00:00:00+00:00, run_after=2026-07-29 00:00:00+00:00
[2026-07-29T17:56:44.725+0000] {processor.py:208} INFO - Processing /home/airflow/.local/lib/python3.12/site-packages/airflow/example_dags/example_setup_teardown_taskflow.py took 0.042 seconds
[2026-07-29T17:57:15.569+0000] {processor.py:186} INFO - Started process (PID=16468) to work on /home/airflow/.local/lib/python3.12/site-packages/airflow/example_dags/example_setup_teardown_taskflow.py
[2026-07-29T17:57:15.570+0000] {processor.py:914} INFO - Processing file /home/airflow/.local/lib/python3.12/site-packages/airflow/example_dags/example_setup_teardown_taskflow.py for tasks to queue
[2026-07-29T17:57:15.572+0000] {logging_mixin.py:190} INFO - [2026-07-29T17:57:15.571+0000] {dagbag.py:587} INFO - Filling up the DagBag from /home/airflow/.local/lib/python3.12/site-packages/airflow/example_dags/example_setup_teardown_taskflow.py
[2026-07-29T17:57:15.578+0000] {processor.py:925} INFO - DAG(s) 'example_setup_teardown_taskflow' retrieved from /home/airflow/.local/lib/python3.12/site-packages/airflow/example_dags/example_setup_teardown_taskflow.py
[2026-07-29T17:57:15.587+0000] {logging_mixin.py:190} INFO - [2026-07-29T17:57:15.587+0000] {dag.py:3211} INFO - Sync 1 DAGs
[2026-07-29T17:57:15.596+0000] {logging_mixin.py:190} INFO - [2026-07-29T17:57:15.596+0000] {dag.py:4138} INFO - Setting next_dagrun for example_setup_teardown_taskflow to 2026-07-28 00:00:00+00:00, run_after=2026-07-29 00:00:00+00:00
[2026-07-29T17:57:15.603+0000] {processor.py:208} INFO - Processing /home/airflow/.local/lib/python3.12/site-packages/airflow/example_dags/example_setup_teardown_taskflow.py took 0.037 seconds
[2026-07-29T17:57:45.716+0000] {processor.py:186} INFO - Started process (PID=16534) to work on /home/airflow/.local/lib/python3.12/site-packages/airflow/example_dags/example_setup_teardown_taskflow.py
[2026-07-29T17:57:45.716+0000] {processor.py:914} INFO - Processing file /home/airflow/.local/lib/python3.12/site-packages/airflow/example_dags/example_setup_teardown_taskflow.py for tasks to queue
[2026-07-29T17:57:45.717+0000] {logging_mixin.py:190} INFO - [2026-07-29T17:57:45.717+0000] {dagbag.py:587} INFO - Filling up the DagBag from /home/airflow/.local/lib/python3.12/site-packages/airflow/example_dags/example_setup_teardown_taskflow.py
[2026-07-29T17:57:45.722+0000] {processor.py:925} INFO - DAG(s) 'example_setup_teardown_taskflow' retrieved from /home/airflow/.local/lib/python3.12/site-packages/airflow/example_dags/example_setup_teardown_taskflow.py
[2026-07-29T17:57:45.736+0000] {logging_mixin.py:190} INFO - [2026-07-29T17:57:45.736+0000] {dag.py:3211} INFO - Sync 1 DAGs
[2026-07-29T17:57:45.746+0000] {logging_mixin.py:190} INFO - [2026-07-29T17:57:45.745+0000] {dag.py:4138} INFO - Setting next_dagrun for example_setup_teardown_taskflow to 2026-07-28 00:00:00+00:00, run_after=2026-07-29 00:00:00+00:00
[2026-07-29T17:57:45.755+0000] {processor.py:208} INFO - Processing /home/airflow/.local/lib/python3.12/site-packages/airflow/example_dags/example_setup_teardown_taskflow.py took 0.042 seconds
[2026-07-29T17:58:15.896+0000] {processor.py:186} INFO - Started process (PID=16600) to work on /home/airflow/.local/lib/python3.12/site-packages/airflow/example_dags/example_setup_teardown_taskflow.py
[2026-07-29T17:58:15.897+0000] {processor.py:914} INFO - Processing file /home/airflow/.local/lib/python3.12/site-packages/airflow/example_dags/example_setup_teardown_taskflow.py for tasks to queue
[2026-07-29T17:58:15.899+0000] {logging_mixin.py:190} INFO - [2026-07-29T17:58:15.899+0000] {dagbag.py:587} INFO - Filling up the DagBag from /home/airflow/.local/lib/python3.12/site-packages/airflow/example_dags/example_setup_teardown_taskflow.py
[2026-07-29T17:58:15.906+0000] {processor.py:925} INFO - DAG(s) 'example_setup_teardown_taskflow' retrieved from /home/airflow/.local/lib/python3.12/site-packages/airflow/example_dags/example_setup_teardown_taskflow.py
[2026-07-29T17:58:15.916+0000] {logging_mixin.py:190} INFO - [2026-07-29T17:58:15.916+0000] {dag.py:3211} INFO - Sync 1 DAGs
[2026-07-29T17:58:15.925+0000] {logging_mixin.py:190} INFO - [2026-07-29T17:58:15.925+0000] {dag.py:4138} INFO - Setting next_dagrun for example_setup_teardown_taskflow to 2026-07-28 00:00:00+00:00, run_after=2026-07-29 00:00:00+00:00
[2026-07-29T17:58:15.931+0000] {processor.py:208} INFO - Processing /home/airflow/.local/lib/python3.12/site-packages/airflow/example_dags/example_setup_teardown_taskflow.py took 0.038 seconds
[2026-07-29T17:58:46.081+0000] {processor.py:186} INFO - Started process (PID=16666) to work on /home/airflow/.local/lib/python3.12/site-packages/airflow/example_dags/example_setup_teardown_taskflow.py
[2026-07-29T17:58:46.083+0000] {processor.py:914} INFO - Processing file /home/airflow/.local/lib/python3.12/site-packages/airflow/example_dags/example_setup_teardown_taskflow.py for tasks to queue
[2026-07-29T17:58:46.088+0000] {logging_mixin.py:190} INFO - [2026-07-29T17:58:46.088+0000] {dagbag.py:587} INFO - Filling up the DagBag from /home/airflow/.local/lib/python3.12/site-packages/airflow/example_dags/example_setup_teardown_taskflow.py
[2026-07-29T17:58:46.092+0000] {processor.py:925} INFO - DAG(s) 'example_setup_teardown_taskflow' retrieved from /home/airflow/.local/lib/python3.12/site-packages/airflow/example_dags/example_setup_teardown_taskflow.py
[2026-07-29T17:58:46.104+0000] {logging_mixin.py:190} INFO - [2026-07-29T17:58:46.103+0000] {dag.py:3211} INFO - Sync 1 DAGs
[2026-07-29T17:58:46.114+0000] {logging_mixin.py:190} INFO - [2026-07-29T17:58:46.114+0000] {dag.py:4138} INFO - Setting next_dagrun for example_setup_teardown_taskflow to 2026-07-28 00:00:00+00:00, run_after=2026-07-29 00:00:00+00:00
[2026-07-29T17:58:46.121+0000] {processor.py:208} INFO - Processing /home/airflow/.local/lib/python3.12/site-packages/airflow/example_dags/example_setup_teardown_taskflow.py took 0.042 seconds
[2026-07-29T17:59:16.362+0000] {processor.py:186} INFO - Started process (PID=16732) to work on /home/airflow/.local/lib/python3.12/site-packages/airflow/example_dags/example_setup_teardown_taskflow.py
[2026-07-29T17:59:16.363+0000] {processor.py:914} INFO - Processing file /home/airflow/.local/lib/python3.12/site-packages/airflow/example_dags/example_setup_teardown_taskflow.py for tasks to queue
[2026-07-29T17:59:16.365+0000] {logging_mixin.py:190} INFO - [2026-07-29T17:59:16.365+0000] {dagbag.py:587} INFO - Filling up the DagBag from /home/airflow/.local/lib/python3.12/site-packages/airflow/example_dags/example_setup_teardown_taskflow.py
[2026-07-29T17:59:16.372+0000] {processor.py:925} INFO - DAG(s) 'example_setup_teardown_taskflow' retrieved from /home/airflow/.local/lib/python3.12/site-packages/airflow/example_dags/example_setup_teardown_taskflow.py
[2026-07-29T17:59:16.384+0000] {logging_mixin.py:190} INFO - [2026-07-29T17:59:16.384+0000] {dag.py:3211} INFO - Sync 1 DAGs
[2026-07-29T17:59:16.395+0000] {logging_mixin.py:190} INFO - [2026-07-29T17:59:16.395+0000] {dag.py:4138} INFO - Setting next_dagrun for example_setup_teardown_taskflow to 2026-07-28 00:00:00+00:00, run_after=2026-07-29 00:00:00+00:00
[2026-07-29T17:59:16.402+0000] {processor.py:208} INFO - Processing /home/airflow/.local/lib/python3.12/site-packages/airflow/example_dags/example_setup_teardown_taskflow.py took 0.043 seconds
[2026-07-29T17:59:46.505+0000] {processor.py:186} INFO - Started process (PID=16798) to work on /home/airflow/.local/lib/python3.12/site-packages/airflow/example_dags/example_setup_teardown_taskflow.py
[2026-07-29T17:59:46.506+0000] {processor.py:914} INFO - Processing file /home/airflow/.local/lib/python3.12/site-packages/airflow/example_dags/example_setup_teardown_taskflow.py for tasks to queue
[2026-07-29T17:59:46.509+0000] {logging_mixin.py:190} INFO - [2026-07-29T17:59:46.509+0000] {dagbag.py:587} INFO - Filling up the DagBag from /home/airflow/.local/lib/python3.12/site-packages/airflow/example_dags/example_setup_teardown_taskflow.py
[2026-07-29T17:59:46.517+0000] {processor.py:925} INFO - DAG(s) 'example_setup_teardown_taskflow' retrieved from /home/airflow/.local/lib/python3.12/site-packages/airflow/example_dags/example_setup_teardown_taskflow.py
[2026-07-29T17:59:46.525+0000] {logging_mixin.py:190} INFO - [2026-07-29T17:59:46.525+0000] {dag.py:3211} INFO - Sync 1 DAGs
[2026-07-29T17:59:46.536+0000] {logging_mixin.py:190} INFO - [2026-07-29T17:59:46.536+0000] {dag.py:4138} INFO - Setting next_dagrun for example_setup_teardown_taskflow to 2026-07-28 00:00:00+00:00, run_after=2026-07-29 00:00:00+00:00
[2026-07-29T17:59:46.548+0000] {processor.py:208} INFO - Processing /home/airflow/.local/lib/python3.12/site-packages/airflow/example_dags/example_setup_teardown_taskflow.py took 0.045 seconds
[2026-07-29T18:00:16.784+0000] {processor.py:186} INFO - Started process (PID=16864) to work on /home/airflow/.local/lib/python3.12/site-packages/airflow/example_dags/example_setup_teardown_taskflow.py
[2026-07-29T18:00:16.784+0000] {processor.py:914} INFO - Processing file /home/airflow/.local/lib/python3.12/site-packages/airflow/example_dags/example_setup_teardown_taskflow.py for tasks to queue
[2026-07-29T18:00:16.786+0000] {logging_mixin.py:190} INFO - [2026-07-29T18:00:16.785+0000] {dagbag.py:587} INFO - Filling up the DagBag from /home/airflow/.local/lib/python3.12/site-packages/airflow/example_dags/example_setup_teardown_taskflow.py
[2026-07-29T18:00:16.790+0000] {processor.py:925} INFO - DAG(s) 'example_setup_teardown_taskflow' retrieved from /home/airflow/.local/lib/python3.12/site-packages/airflow/example_dags/example_setup_teardown_taskflow.py
[2026-07-29T18:00:16.800+0000] {logging_mixin.py:190} INFO - [2026-07-29T18:00:16.800+0000] {dag.py:3211} INFO - Sync 1 DAGs
[2026-07-29T18:00:16.809+0000] {logging_mixin.py:190} INFO - [2026-07-29T18:00:16.809+0000] {dag.py:4138} INFO - Setting next_dagrun for example_setup_teardown_taskflow to 2026-07-28 00:00:00+00:00, run_after=2026-07-29 00:00:00+00:00
[2026-07-29T18:00:16.821+0000] {processor.py:208} INFO - Processing /home/airflow/.local/lib/python3.12/site-packages/airflow/example_dags/example_setup_teardown_taskflow.py took 0.040 seconds
[2026-07-29T18:00:47.182+0000] {processor.py:186} INFO - Started process (PID=16929) to work on /home/airflow/.local/lib/python3.12/site-packages/airflow/example_dags/example_setup_teardown_taskflow.py
[2026-07-29T18:00:47.183+0000] {processor.py:914} INFO - Processing file /home/airflow/.local/lib/python3.12/site-packages/airflow/example_dags/example_setup_teardown_taskflow.py for tasks to queue
[2026-07-29T18:00:47.185+0000] {logging_mixin.py:190} INFO - [2026-07-29T18:00:47.184+0000] {dagbag.py:587} INFO - Filling up the DagBag from /home/airflow/.local/lib/python3.12/site-packages/airflow/example_dags/example_setup_teardown_taskflow.py
[2026-07-29T18:00:47.195+0000] {processor.py:925} INFO - DAG(s) 'example_setup_teardown_taskflow' retrieved from /home/airflow/.local/lib/python3.12/site-packages/airflow/example_dags/example_setup_teardown_taskflow.py
[2026-07-29T18:00:47.208+0000] {logging_mixin.py:190} INFO - [2026-07-29T18:00:47.208+0000] {dag.py:3211} INFO - Sync 1 DAGs
[2026-07-29T18:00:47.219+0000] {logging_mixin.py:190} INFO - [2026-07-29T18:00:47.219+0000] {dag.py:4138} INFO - Setting next_dagrun for example_setup_teardown_taskflow to 2026-07-28 00:00:00+00:00, run_after=2026-07-29 00:00:00+00:00
[2026-07-29T18:00:47.324+0000] {processor.py:208} INFO - Processing /home/airflow/.local/lib/python3.12/site-packages/airflow/example_dags/example_setup_teardown_taskflow.py took 0.145 seconds
[2026-07-29T18:01:17.463+0000] {processor.py:186} INFO - Started process (PID=16995) to work on /home/airflow/.local/lib/python3.12/site-packages/airflow/example_dags/example_setup_teardown_taskflow.py
[2026-07-29T18:01:17.463+0000] {processor.py:914} INFO - Processing file /home/airflow/.local/lib/python3.12/site-packages/airflow/example_dags/example_setup_teardown_taskflow.py for tasks to queue
[2026-07-29T18:01:17.465+0000] {logging_mixin.py:190} INFO - [2026-07-29T18:01:17.464+0000] {dagbag.py:587} INFO - Filling up the DagBag from /home/airflow/.local/lib/python3.12/site-packages/airflow/example_dags/example_setup_teardown_taskflow.py
[2026-07-29T18:01:17.470+0000] {processor.py:925} INFO - DAG(s) 'example_setup_teardown_taskflow' retrieved from /home/airflow/.local/lib/python3.12/site-packages/airflow/example_dags/example_setup_teardown_taskflow.py
[2026-07-29T18:01:17.480+0000] {logging_mixin.py:190} INFO - [2026-07-29T18:01:17.480+0000] {dag.py:3211} INFO - Sync 1 DAGs
[2026-07-29T18:01:17.489+0000] {logging_mixin.py:190} INFO - [2026-07-29T18:01:17.489+0000] {dag.py:4138} INFO - Setting next_dagrun for example_setup_teardown_taskflow to 2026-07-28 00:00:00+00:00, run_after=2026-07-29 00:00:00+00:00
[2026-07-29T18:01:17.496+0000] {processor.py:208} INFO - Processing /home/airflow/.local/lib/python3.12/site-packages/airflow/example_dags/example_setup_teardown_taskflow.py took 0.037 seconds
[2026-07-29T18:01:47.811+0000] {processor.py:186} INFO - Started process (PID=17060) to work on /home/airflow/.local/lib/python3.12/site-packages/airflow/example_dags/example_setup_teardown_taskflow.py
[2026-07-29T18:01:47.813+0000] {processor.py:914} INFO - Processing file /home/airflow/.local/lib/python3.12/site-packages/airflow/example_dags/example_setup_teardown_taskflow.py for tasks to queue
[2026-07-29T18:01:47.814+0000] {logging_mixin.py:190} INFO - [2026-07-29T18:01:47.814+0000] {dagbag.py:587} INFO - Filling up the DagBag from /home/airflow/.local/lib/python3.12/site-packages/airflow/example_dags/example_setup_teardown_taskflow.py
[2026-07-29T18:01:47.820+0000] {processor.py:925} INFO - DAG(s) 'example_setup_teardown_taskflow' retrieved from /home/airflow/.local/lib/python3.12/site-packages/airflow/example_dags/example_setup_teardown_taskflow.py
[2026-07-29T18:01:47.835+0000] {logging_mixin.py:190} INFO - [2026-07-29T18:01:47.835+0000] {dag.py:3211} INFO - Sync 1 DAGs
[2026-07-29T18:01:47.847+0000] {logging_mixin.py:190} INFO - [2026-07-29T18:01:47.847+0000] {dag.py:4138} INFO - Setting next_dagrun for example_setup_teardown_taskflow to 2026-07-28 00:00:00+00:00, run_after=2026-07-29 00:00:00+00:00
[2026-07-29T18:01:47.858+0000] {processor.py:208} INFO - Processing /home/airflow/.local/lib/python3.12/site-packages/airflow/example_dags/example_setup_teardown_taskflow.py took 0.050 seconds
[2026-07-29T18:02:18.785+0000] {processor.py:186} INFO - Started process (PID=17127) to work on /home/airflow/.local/lib/python3.12/site-packages/airflow/example_dags/example_setup_teardown_taskflow.py
[2026-07-29T18:02:18.786+0000] {processor.py:914} INFO - Processing file /home/airflow/.local/lib/python3.12/site-packages/airflow/example_dags/example_setup_teardown_taskflow.py for tasks to queue
[2026-07-29T18:02:18.789+0000] {logging_mixin.py:190} INFO - [2026-07-29T18:02:18.789+0000] {dagbag.py:587} INFO - Filling up the DagBag from /home/airflow/.local/lib/python3.12/site-packages/airflow/example_dags/example_setup_teardown_taskflow.py
[2026-07-29T18:02:18.793+0000] {processor.py:925} INFO - DAG(s) 'example_setup_teardown_taskflow' retrieved from /home/airflow/.local/lib/python3.12/site-packages/airflow/example_dags/example_setup_teardown_taskflow.py
[2026-07-29T18:02:18.806+0000] {logging_mixin.py:190} INFO - [2026-07-29T18:02:18.805+0000] {dag.py:3211} INFO - Sync 1 DAGs
[2026-07-29T18:02:18.815+0000] {logging_mixin.py:190} INFO - [2026-07-29T18:02:18.815+0000] {dag.py:4138} INFO - Setting next_dagrun for example_setup_teardown_taskflow to 2026-07-28 00:00:00+00:00, run_after=2026-07-29 00:00:00+00:00
[2026-07-29T18:02:18.824+0000] {processor.py:208} INFO - Processing /home/airflow/.local/lib/python3.12/site-packages/airflow/example_dags/example_setup_teardown_taskflow.py took 0.041 seconds
[2026-07-29T18:02:49.002+0000] {processor.py:186} INFO - Started process (PID=17193) to work on /home/airflow/.local/lib/python3.12/site-packages/airflow/example_dags/example_setup_teardown_taskflow.py
[2026-07-29T18:02:49.003+0000] {processor.py:914} INFO - Processing file /home/airflow/.local/lib/python3.12/site-packages/airflow/example_dags/example_setup_teardown_taskflow.py for tasks to queue
[2026-07-29T18:02:49.004+0000] {logging_mixin.py:190} INFO - [2026-07-29T18:02:49.003+0000] {dagbag.py:587} INFO - Filling up the DagBag from /home/airflow/.local/lib/python3.12/site-packages/airflow/example_dags/example_setup_teardown_taskflow.py
[2026-07-29T18:02:49.009+0000] {processor.py:925} INFO - DAG(s) 'example_setup_teardown_taskflow' retrieved from /home/airflow/.local/lib/python3.12/site-packages/airflow/example_dags/example_setup_teardown_taskflow.py
[2026-07-29T18:02:49.019+0000] {logging_mixin.py:190} INFO - [2026-07-29T18:02:49.019+0000] {dag.py:3211} INFO - Sync 1 DAGs
[2026-07-29T18:02:49.028+0000] {logging_mixin.py:190} INFO - [2026-07-29T18:02:49.028+0000] {dag.py:4138} INFO - Setting next_dagrun for example_setup_teardown_taskflow to 2026-07-28 00:00:00+00:00, run_after=2026-07-29 00:00:00+00:00
[2026-07-29T18:02:49.127+0000] {processor.py:208} INFO - Processing /home/airflow/.local/lib/python3.12/site-packages/airflow/example_dags/example_setup_teardown_taskflow.py took 0.128 seconds
[2026-07-29T18:03:19.536+0000] {processor.py:186} INFO - Started process (PID=17259) to work on /home/airflow/.local/lib/python3.12/site-packages/airflow/example_dags/example_setup_teardown_taskflow.py
[2026-07-29T18:03:19.538+0000] {processor.py:914} INFO - Processing file /home/airflow/.local/lib/python3.12/site-packages/airflow/example_dags/example_setup_teardown_taskflow.py for tasks to queue
[2026-07-29T18:03:19.539+0000] {logging_mixin.py:190} INFO - [2026-07-29T18:03:19.539+0000] {dagbag.py:587} INFO - Filling up the DagBag from /home/airflow/.local/lib/python3.12/site-packages/airflow/example_dags/example_setup_teardown_taskflow.py
[2026-07-29T18:03:19.545+0000] {processor.py:925} INFO - DAG(s) 'example_setup_teardown_taskflow' retrieved from /home/airflow/.local/lib/python3.12/site-packages/airflow/example_dags/example_setup_teardown_taskflow.py
[2026-07-29T18:03:19.557+0000] {logging_mixin.py:190} INFO - [2026-07-29T18:03:19.557+0000] {dag.py:3211} INFO - Sync 1 DAGs
[2026-07-29T18:03:19.566+0000] {logging_mixin.py:190} INFO - [2026-07-29T18:03:19.565+0000] {dag.py:4138} INFO - Setting next_dagrun for example_setup_teardown_taskflow to 2026-07-28 00:00:00+00:00, run_after=2026-07-29 00:00:00+00:00
[2026-07-29T18:03:19.575+0000] {processor.py:208} INFO - Processing /home/airflow/.local/lib/python3.12/site-packages/airflow/example_dags/example_setup_teardown_taskflow.py took 0.042 seconds
[2026-07-29T18:03:50.395+0000] {processor.py:186} INFO - Started process (PID=17324) to work on /home/airflow/.local/lib/python3.12/site-packages/airflow/example_dags/example_setup_teardown_taskflow.py
[2026-07-29T18:03:50.396+0000] {processor.py:914} INFO - Processing file /home/airflow/.local/lib/python3.12/site-packages/airflow/example_dags/example_setup_teardown_taskflow.py for tasks to queue
[2026-07-29T18:03:50.399+0000] {logging_mixin.py:190} INFO - [2026-07-29T18:03:50.398+0000] {dagbag.py:587} INFO - Filling up the DagBag from /home/airflow/.local/lib/python3.12/site-packages/airflow/example_dags/example_setup_teardown_taskflow.py
[2026-07-29T18:03:50.404+0000] {processor.py:925} INFO - DAG(s) 'example_setup_teardown_taskflow' retrieved from /home/airflow/.local/lib/python3.12/site-packages/airflow/example_dags/example_setup_teardown_taskflow.py
[2026-07-29T18:03:50.418+0000] {logging_mixin.py:190} INFO - [2026-07-29T18:03:50.418+0000] {dag.py:3211} INFO - Sync 1 DAGs
[2026-07-29T18:03:50.430+0000] {logging_mixin.py:190} INFO - [2026-07-29T18:03:50.430+0000] {dag.py:4138} INFO - Setting next_dagrun for example_setup_teardown_taskflow to 2026-07-28 00:00:00+00:00, run_after=2026-07-29 00:00:00+00:00
[2026-07-29T18:03:50.440+0000] {processor.py:208} INFO - Processing /home/airflow/.local/lib/python3.12/site-packages/airflow/example_dags/example_setup_teardown_taskflow.py took 0.047 seconds
[2026-07-29T18:04:21.131+0000] {processor.py:186} INFO - Started process (PID=17390) to work on /home/airflow/.local/lib/python3.12/site-packages/airflow/example_dags/example_setup_teardown_taskflow.py
[2026-07-29T18:04:21.131+0000] {processor.py:914} INFO - Processing file /home/airflow/.local/lib/python3.12/site-packages/airflow/example_dags/example_setup_teardown_taskflow.py for tasks to queue
[2026-07-29T18:04:21.134+0000] {logging_mixin.py:190} INFO - [2026-07-29T18:04:21.134+0000] {dagbag.py:587} INFO - Filling up the DagBag from /home/airflow/.local/lib/python3.12/site-packages/airflow/example_dags/example_setup_teardown_taskflow.py
[2026-07-29T18:04:21.140+0000] {processor.py:925} INFO - DAG(s) 'example_setup_teardown_taskflow' retrieved from /home/airflow/.local/lib/python3.12/site-packages/airflow/example_dags/example_setup_teardown_taskflow.py
[2026-07-29T18:04:21.149+0000] {logging_mixin.py:190} INFO - [2026-07-29T18:04:21.149+0000] {dag.py:3211} INFO - Sync 1 DAGs
[2026-07-29T18:04:21.159+0000] {logging_mixin.py:190} INFO - [2026-07-29T18:04:21.159+0000] {dag.py:4138} INFO - Setting next_dagrun for example_setup_teardown_taskflow to 2026-07-28 00:00:00+00:00, run_after=2026-07-29 00:00:00+00:00
[2026-07-29T18:04:21.170+0000] {processor.py:208} INFO - Processing /home/airflow/.local/lib/python3.12/site-packages/airflow/example_dags/example_setup_teardown_taskflow.py took 0.042 seconds
[2026-07-29T18:04:51.244+0000] {processor.py:186} INFO - Started process (PID=17456) to work on /home/airflow/.local/lib/python3.12/site-packages/airflow/example_dags/example_setup_teardown_taskflow.py
[2026-07-29T18:04:51.244+0000] {processor.py:914} INFO - Processing file /home/airflow/.local/lib/python3.12/site-packages/airflow/example_dags/example_setup_teardown_taskflow.py for tasks to queue
[2026-07-29T18:04:51.246+0000] {logging_mixin.py:190} INFO - [2026-07-29T18:04:51.246+0000] {dagbag.py:587} INFO - Filling up the DagBag from /home/airflow/.local/lib/python3.12/site-packages/airflow/example_dags/example_setup_teardown_taskflow.py
[2026-07-29T18:04:51.253+0000] {processor.py:925} INFO - DAG(s) 'example_setup_teardown_taskflow' retrieved from /home/airflow/.local/lib/python3.12/site-packages/airflow/example_dags/example_setup_teardown_taskflow.py
[2026-07-29T18:04:51.271+0000] {logging_mixin.py:190} INFO - [2026-07-29T18:04:51.270+0000] {dag.py:3211} INFO - Sync 1 DAGs
[2026-07-29T18:04:51.282+0000] {logging_mixin.py:190} INFO - [2026-07-29T18:04:51.281+0000] {dag.py:4138} INFO - Setting next_dagrun for example_setup_teardown_taskflow to 2026-07-28 00:00:00+00:00, run_after=2026-07-29 00:00:00+00:00
[2026-07-29T18:04:51.292+0000] {processor.py:208} INFO - Processing /home/airflow/.local/lib/python3.12/site-packages/airflow/example_dags/example_setup_teardown_taskflow.py took 0.051 seconds
[2026-07-29T18:05:21.379+0000] {processor.py:186} INFO - Started process (PID=17522) to work on /home/airflow/.local/lib/python3.12/site-packages/airflow/example_dags/example_setup_teardown_taskflow.py
[2026-07-29T18:05:21.380+0000] {processor.py:914} INFO - Processing file /home/airflow/.local/lib/python3.12/site-packages/airflow/example_dags/example_setup_teardown_taskflow.py for tasks to queue
[2026-07-29T18:05:21.381+0000] {logging_mixin.py:190} INFO - [2026-07-29T18:05:21.381+0000] {dagbag.py:587} INFO - Filling up the DagBag from /home/airflow/.local/lib/python3.12/site-packages/airflow/example_dags/example_setup_teardown_taskflow.py
[2026-07-29T18:05:21.386+0000] {processor.py:925} INFO - DAG(s) 'example_setup_teardown_taskflow' retrieved from /home/airflow/.local/lib/python3.12/site-packages/airflow/example_dags/example_setup_teardown_taskflow.py
[2026-07-29T18:05:21.399+0000] {logging_mixin.py:190} INFO - [2026-07-29T18:05:21.399+0000] {dag.py:3211} INFO - Sync 1 DAGs
[2026-07-29T18:05:21.410+0000] {logging_mixin.py:190} INFO - [2026-07-29T18:05:21.410+0000] {dag.py:4138} INFO - Setting next_dagrun for example_setup_teardown_taskflow to 2026-07-28 00:00:00+00:00, run_after=2026-07-29 00:00:00+00:00
[2026-07-29T18:05:21.422+0000] {processor.py:208} INFO - Processing /home/airflow/.local/lib/python3.12/site-packages/airflow/example_dags/example_setup_teardown_taskflow.py took 0.046 seconds
[2026-07-29T18:05:51.510+0000] {processor.py:186} INFO - Started process (PID=17588) to work on /home/airflow/.local/lib/python3.12/site-packages/airflow/example_dags/example_setup_teardown_taskflow.py
[2026-07-29T18:05:51.511+0000] {processor.py:914} INFO - Processing file /home/airflow/.local/lib/python3.12/site-packages/airflow/example_dags/example_setup_teardown_taskflow.py for tasks to queue
[2026-07-29T18:05:51.512+0000] {logging_mixin.py:190} INFO - [2026-07-29T18:05:51.512+0000] {dagbag.py:587} INFO - Filling up the DagBag from /home/airflow/.local/lib/python3.12/site-packages/airflow/example_dags/example_setup_teardown_taskflow.py
[2026-07-29T18:05:51.519+0000] {processor.py:925} INFO - DAG(s) 'example_setup_teardown_taskflow' retrieved from /home/airflow/.local/lib/python3.12/site-packages/airflow/example_dags/example_setup_teardown_taskflow.py
[2026-07-29T18:05:51.532+0000] {logging_mixin.py:190} INFO - [2026-07-29T18:05:51.532+0000] {dag.py:3211} INFO - Sync 1 DAGs
[2026-07-29T18:05:51.543+0000] {logging_mixin.py:190} INFO - [2026-07-29T18:05:51.543+0000] {dag.py:4138} INFO - Setting next_dagrun for example_setup_teardown_taskflow to 2026-07-28 00:00:00+00:00, run_after=2026-07-29 00:00:00+00:00
[2026-07-29T18:05:51.552+0000] {processor.py:208} INFO - Processing /home/airflow/.local/lib/python3.12/site-packages/airflow/example_dags/example_setup_teardown_taskflow.py took 0.044 seconds
[2026-07-29T18:06:21.649+0000] {processor.py:186} INFO - Started process (PID=17654) to work on /home/airflow/.local/lib/python3.12/site-packages/airflow/example_dags/example_setup_teardown_taskflow.py
[2026-07-29T18:06:21.649+0000] {processor.py:914} INFO - Processing file /home/airflow/.local/lib/python3.12/site-packages/airflow/example_dags/example_setup_teardown_taskflow.py for tasks to queue
[2026-07-29T18:06:21.651+0000] {logging_mixin.py:190} INFO - [2026-07-29T18:06:21.650+0000] {dagbag.py:587} INFO - Filling up the DagBag from /home/airflow/.local/lib/python3.12/site-packages/airflow/example_dags/example_setup_teardown_taskflow.py
[2026-07-29T18:06:21.656+0000] {processor.py:925} INFO - DAG(s) 'example_setup_teardown_taskflow' retrieved from /home/airflow/.local/lib/python3.12/site-packages/airflow/example_dags/example_setup_teardown_taskflow.py
[2026-07-29T18:06:21.670+0000] {logging_mixin.py:190} INFO - [2026-07-29T18:06:21.670+0000] {dag.py:3211} INFO - Sync 1 DAGs
[2026-07-29T18:06:21.678+0000] {logging_mixin.py:190} INFO - [2026-07-29T18:06:21.678+0000] {dag.py:4138} INFO - Setting next_dagrun for example_setup_teardown_taskflow to 2026-07-28 00:00:00+00:00, run_after=2026-07-29 00:00:00+00:00
[2026-07-29T18:06:21.685+0000] {processor.py:208} INFO - Processing /home/airflow/.local/lib/python3.12/site-packages/airflow/example_dags/example_setup_teardown_taskflow.py took 0.039 seconds
[2026-07-29T18:06:51.862+0000] {processor.py:186} INFO - Started process (PID=17720) to work on /home/airflow/.local/lib/python3.12/site-packages/airflow/example_dags/example_setup_teardown_taskflow.py
[2026-07-29T18:06:51.862+0000] {processor.py:914} INFO - Processing file /home/airflow/.local/lib/python3.12/site-packages/airflow/example_dags/example_setup_teardown_taskflow.py for tasks to queue
[2026-07-29T18:06:51.864+0000] {logging_mixin.py:190} INFO - [2026-07-29T18:06:51.864+0000] {dagbag.py:587} INFO - Filling up the DagBag from /home/airflow/.local/lib/python3.12/site-packages/airflow/example_dags/example_setup_teardown_taskflow.py
[2026-07-29T18:06:51.870+0000] {processor.py:925} INFO - DAG(s) 'example_setup_teardown_taskflow' retrieved from /home/airflow/.local/lib/python3.12/site-packages/airflow/example_dags/example_setup_teardown_taskflow.py
[2026-07-29T18:06:51.883+0000] {logging_mixin.py:190} INFO - [2026-07-29T18:06:51.883+0000] {dag.py:3211} INFO - Sync 1 DAGs
[2026-07-29T18:06:51.902+0000] {logging_mixin.py:190} INFO - [2026-07-29T18:06:51.902+0000] {dag.py:4138} INFO - Setting next_dagrun for example_setup_teardown_taskflow to 2026-07-28 00:00:00+00:00, run_after=2026-07-29 00:00:00+00:00
[2026-07-29T18:06:51.914+0000] {processor.py:208} INFO - Processing /home/airflow/.local/lib/python3.12/site-packages/airflow/example_dags/example_setup_teardown_taskflow.py took 0.056 seconds
[2026-07-29T18:07:21.968+0000] {processor.py:186} INFO - Started process (PID=17786) to work on /home/airflow/.local/lib/python3.12/site-packages/airflow/example_dags/example_setup_teardown_taskflow.py
[2026-07-29T18:07:21.969+0000] {processor.py:914} INFO - Processing file /home/airflow/.local/lib/python3.12/site-packages/airflow/example_dags/example_setup_teardown_taskflow.py for tasks to queue
[2026-07-29T18:07:21.970+0000] {logging_mixin.py:190} INFO - [2026-07-29T18:07:21.970+0000] {dagbag.py:587} INFO - Filling up the DagBag from /home/airflow/.local/lib/python3.12/site-packages/airflow/example_dags/example_setup_teardown_taskflow.py
[2026-07-29T18:07:21.978+0000] {processor.py:925} INFO - DAG(s) 'example_setup_teardown_taskflow' retrieved from /home/airflow/.local/lib/python3.12/site-packages/airflow/example_dags/example_setup_teardown_taskflow.py
[2026-07-29T18:07:21.991+0000] {logging_mixin.py:190} INFO - [2026-07-29T18:07:21.991+0000] {dag.py:3211} INFO - Sync 1 DAGs
[2026-07-29T18:07:22.001+0000] {logging_mixin.py:190} INFO - [2026-07-29T18:07:22.001+0000] {dag.py:4138} INFO - Setting next_dagrun for example_setup_teardown_taskflow to 2026-07-28 00:00:00+00:00, run_after=2026-07-29 00:00:00+00:00
[2026-07-29T18:07:22.013+0000] {processor.py:208} INFO - Processing /home/airflow/.local/lib/python3.12/site-packages/airflow/example_dags/example_setup_teardown_taskflow.py took 0.048 seconds
[2026-07-29T18:07:52.040+0000] {processor.py:186} INFO - Started process (PID=17852) to work on /home/airflow/.local/lib/python3.12/site-packages/airflow/example_dags/example_setup_teardown_taskflow.py
[2026-07-29T18:07:52.041+0000] {processor.py:914} INFO - Processing file /home/airflow/.local/lib/python3.12/site-packages/airflow/example_dags/example_setup_teardown_taskflow.py for tasks to queue
[2026-07-29T18:07:52.042+0000] {logging_mixin.py:190} INFO - [2026-07-29T18:07:52.042+0000] {dagbag.py:587} INFO - Filling up the DagBag from /home/airflow/.local/lib/python3.12/site-packages/airflow/example_dags/example_setup_teardown_taskflow.py
[2026-07-29T18:07:52.049+0000] {processor.py:925} INFO - DAG(s) 'example_setup_teardown_taskflow' retrieved from /home/airflow/.local/lib/python3.12/site-packages/airflow/example_dags/example_setup_teardown_taskflow.py
[2026-07-29T18:07:52.060+0000] {logging_mixin.py:190} INFO - [2026-07-29T18:07:52.059+0000] {dag.py:3211} INFO - Sync 1 DAGs
[2026-07-29T18:07:52.070+0000] {logging_mixin.py:190} INFO - [2026-07-29T18:07:52.070+0000] {dag.py:4138} INFO - Setting next_dagrun for example_setup_teardown_taskflow to 2026-07-28 00:00:00+00:00, run_after=2026-07-29 00:00:00+00:00
[2026-07-29T18:07:52.077+0000] {processor.py:208} INFO - Processing /home/airflow/.local/lib/python3.12/site-packages/airflow/example_dags/example_setup_teardown_taskflow.py took 0.040 seconds
[2026-07-29T18:08:23.070+0000] {processor.py:186} INFO - Started process (PID=17918) to work on /home/airflow/.local/lib/python3.12/site-packages/airflow/example_dags/example_setup_teardown_taskflow.py
[2026-07-29T18:08:23.070+0000] {processor.py:914} INFO - Processing file /home/airflow/.local/lib/python3.12/site-packages/airflow/example_dags/example_setup_teardown_taskflow.py for tasks to queue
[2026-07-29T18:08:23.071+0000] {logging_mixin.py:190} INFO - [2026-07-29T18:08:23.071+0000] {dagbag.py:587} INFO - Filling up the DagBag from /home/airflow/.local/lib/python3.12/site-packages/airflow/example_dags/example_setup_teardown_taskflow.py
[2026-07-29T18:08:23.076+0000] {processor.py:925} INFO - DAG(s) 'example_setup_teardown_taskflow' retrieved from /home/airflow/.local/lib/python3.12/site-packages/airflow/example_dags/example_setup_teardown_taskflow.py
[2026-07-29T18:08:23.086+0000] {logging_mixin.py:190} INFO - [2026-07-29T18:08:23.086+0000] {dag.py:3211} INFO - Sync 1 DAGs
[2026-07-29T18:08:23.096+0000] {logging_mixin.py:190} INFO - [2026-07-29T18:08:23.096+0000] {dag.py:4138} INFO - Setting next_dagrun for example_setup_teardown_taskflow to 2026-07-28 00:00:00+00:00, run_after=2026-07-29 00:00:00+00:00
[2026-07-29T18:08:23.103+0000] {processor.py:208} INFO - Processing /home/airflow/.local/lib/python3.12/site-packages/airflow/example_dags/example_setup_teardown_taskflow.py took 0.036 seconds
[2026-07-29T18:08:59.896+0000] {processor.py:186} INFO - Started process (PID=17989) to work on /home/airflow/.local/lib/python3.12/site-packages/airflow/example_dags/example_setup_teardown_taskflow.py
[2026-07-29T18:08:59.897+0000] {processor.py:914} INFO - Processing file /home/airflow/.local/lib/python3.12/site-packages/airflow/example_dags/example_setup_teardown_taskflow.py for tasks to queue
[2026-07-29T18:08:59.898+0000] {logging_mixin.py:190} INFO - [2026-07-29T18:08:59.898+0000] {dagbag.py:587} INFO - Filling up the DagBag from /home/airflow/.local/lib/python3.12/site-packages/airflow/example_dags/example_setup_teardown_taskflow.py
[2026-07-29T18:08:59.903+0000] {processor.py:925} INFO - DAG(s) 'example_setup_teardown_taskflow' retrieved from /home/airflow/.local/lib/python3.12/site-packages/airflow/example_dags/example_setup_teardown_taskflow.py
[2026-07-29T18:08:59.912+0000] {logging_mixin.py:190} INFO - [2026-07-29T18:08:59.912+0000] {dag.py:3211} INFO - Sync 1 DAGs
[2026-07-29T18:08:59.922+0000] {logging_mixin.py:190} INFO - [2026-07-29T18:08:59.921+0000] {dag.py:4138} INFO - Setting next_dagrun for example_setup_teardown_taskflow to 2026-07-28 00:00:00+00:00, run_after=2026-07-29 00:00:00+00:00
[2026-07-29T18:08:59.928+0000] {processor.py:208} INFO - Processing /home/airflow/.local/lib/python3.12/site-packages/airflow/example_dags/example_setup_teardown_taskflow.py took 0.035 seconds
[2026-07-29T18:09:30.893+0000] {processor.py:186} INFO - Started process (PID=18055) to work on /home/airflow/.local/lib/python3.12/site-packages/airflow/example_dags/example_setup_teardown_taskflow.py
[2026-07-29T18:09:30.894+0000] {processor.py:914} INFO - Processing file /home/airflow/.local/lib/python3.12/site-packages/airflow/example_dags/example_setup_teardown_taskflow.py for tasks to queue
[2026-07-29T18:09:30.895+0000] {logging_mixin.py:190} INFO - [2026-07-29T18:09:30.895+0000] {dagbag.py:587} INFO - Filling up the DagBag from /home/airflow/.local/lib/python3.12/site-packages/airflow/example_dags/example_setup_teardown_taskflow.py
[2026-07-29T18:09:30.900+0000] {processor.py:925} INFO - DAG(s) 'example_setup_teardown_taskflow' retrieved from /home/airflow/.local/lib/python3.12/site-packages/airflow/example_dags/example_setup_teardown_taskflow.py
[2026-07-29T18:09:30.909+0000] {logging_mixin.py:190} INFO - [2026-07-29T18:09:30.909+0000] {dag.py:3211} INFO - Sync 1 DAGs
[2026-07-29T18:09:30.920+0000] {logging_mixin.py:190} INFO - [2026-07-29T18:09:30.920+0000] {dag.py:4138} INFO - Setting next_dagrun for example_setup_teardown_taskflow to 2026-07-28 00:00:00+00:00, run_after=2026-07-29 00:00:00+00:00
[2026-07-29T18:09:30.933+0000] {processor.py:208} INFO - Processing /home/airflow/.local/lib/python3.12/site-packages/airflow/example_dags/example_setup_teardown_taskflow.py took 0.042 seconds
[2026-07-29T18:10:01.845+0000] {processor.py:186} INFO - Started process (PID=18121) to work on /home/airflow/.local/lib/python3.12/site-packages/airflow/example_dags/example_setup_teardown_taskflow.py
[2026-07-29T18:10:01.846+0000] {processor.py:914} INFO - Processing file /home/airflow/.local/lib/python3.12/site-packages/airflow/example_dags/example_setup_teardown_taskflow.py for tasks to queue
[2026-07-29T18:10:01.847+0000] {logging_mixin.py:190} INFO - [2026-07-29T18:10:01.847+0000] {dagbag.py:587} INFO - Filling up the DagBag from /home/airflow/.local/lib/python3.12/site-packages/airflow/example_dags/example_setup_teardown_taskflow.py
[2026-07-29T18:10:01.856+0000] {processor.py:925} INFO - DAG(s) 'example_setup_teardown_taskflow' retrieved from /home/airflow/.local/lib/python3.12/site-packages/airflow/example_dags/example_setup_teardown_taskflow.py
[2026-07-29T18:10:01.864+0000] {logging_mixin.py:190} INFO - [2026-07-29T18:10:01.864+0000] {dag.py:3211} INFO - Sync 1 DAGs
[2026-07-29T18:10:01.873+0000] {logging_mixin.py:190} INFO - [2026-07-29T18:10:01.873+0000] {dag.py:4138} INFO - Setting next_dagrun for example_setup_teardown_taskflow to 2026-07-28 00:00:00+00:00, run_after=2026-07-29 00:00:00+00:00
[2026-07-29T18:10:01.880+0000] {processor.py:208} INFO - Processing /home/airflow/.local/lib/python3.12/site-packages/airflow/example_dags/example_setup_teardown_taskflow.py took 0.038 seconds
[2026-07-29T18:10:32.835+0000] {processor.py:186} INFO - Started process (PID=18187) to work on /home/airflow/.local/lib/python3.12/site-packages/airflow/example_dags/example_setup_teardown_taskflow.py
[2026-07-29T18:10:32.836+0000] {processor.py:914} INFO - Processing file /home/airflow/.local/lib/python3.12/site-packages/airflow/example_dags/example_setup_teardown_taskflow.py for tasks to queue
[2026-07-29T18:10:32.838+0000] {logging_mixin.py:190} INFO - [2026-07-29T18:10:32.837+0000] {dagbag.py:587} INFO - Filling up the DagBag from /home/airflow/.local/lib/python3.12/site-packages/airflow/example_dags/example_setup_teardown_taskflow.py
[2026-07-29T18:10:32.844+0000] {processor.py:925} INFO - DAG(s) 'example_setup_teardown_taskflow' retrieved from /home/airflow/.local/lib/python3.12/site-packages/airflow/example_dags/example_setup_teardown_taskflow.py
[2026-07-29T18:10:32.856+0000] {logging_mixin.py:190} INFO - [2026-07-29T18:10:32.856+0000] {dag.py:3211} INFO - Sync 1 DAGs
[2026-07-29T18:10:32.866+0000] {logging_mixin.py:190} INFO - [2026-07-29T18:10:32.866+0000] {dag.py:4138} INFO - Setting next_dagrun for example_setup_teardown_taskflow to 2026-07-28 00:00:00+00:00, run_after=2026-07-29 00:00:00+00:00
[2026-07-29T18:10:32.872+0000] {processor.py:208} INFO - Processing /home/airflow/.local/lib/python3.12/site-packages/airflow/example_dags/example_setup_teardown_taskflow.py took 0.040 seconds
[2026-07-29T18:11:03.788+0000] {processor.py:186} INFO - Started process (PID=18253) to work on /home/airflow/.local/lib/python3.12/site-packages/airflow/example_dags/example_setup_teardown_taskflow.py
[2026-07-29T18:11:03.789+0000] {processor.py:914} INFO - Processing file /home/airflow/.local/lib/python3.12/site-packages/airflow/example_dags/example_setup_teardown_taskflow.py for tasks to queue
[2026-07-29T18:11:03.791+0000] {logging_mixin.py:190} INFO - [2026-07-29T18:11:03.791+0000] {dagbag.py:587} INFO - Filling up the DagBag from /home/airflow/.local/lib/python3.12/site-packages/airflow/example_dags/example_setup_teardown_taskflow.py
[2026-07-29T18:11:03.798+0000] {processor.py:925} INFO - DAG(s) 'example_setup_teardown_taskflow' retrieved from /home/airflow/.local/lib/python3.12/site-packages/airflow/example_dags/example_setup_teardown_taskflow.py
[2026-07-29T18:11:03.808+0000] {logging_mixin.py:190} INFO - [2026-07-29T18:11:03.808+0000] {dag.py:3211} INFO - Sync 1 DAGs
[2026-07-29T18:11:03.820+0000] {logging_mixin.py:190} INFO - [2026-07-29T18:11:03.820+0000] {dag.py:4138} INFO - Setting next_dagrun for example_setup_teardown_taskflow to 2026-07-28 00:00:00+00:00, run_after=2026-07-29 00:00:00+00:00
[2026-07-29T18:11:03.837+0000] {processor.py:208} INFO - Processing /home/airflow/.local/lib/python3.12/site-packages/airflow/example_dags/example_setup_teardown_taskflow.py took 0.053 seconds
[2026-07-29T18:11:34.837+0000] {processor.py:186} INFO - Started process (PID=18318) to work on /home/airflow/.local/lib/python3.12/site-packages/airflow/example_dags/example_setup_teardown_taskflow.py
[2026-07-29T18:11:34.839+0000] {processor.py:914} INFO - Processing file /home/airflow/.local/lib/python3.12/site-packages/airflow/example_dags/example_setup_teardown_taskflow.py for tasks to queue
[2026-07-29T18:11:34.840+0000] {logging_mixin.py:190} INFO - [2026-07-29T18:11:34.840+0000] {dagbag.py:587} INFO - Filling up the DagBag from /home/airflow/.local/lib/python3.12/site-packages/airflow/example_dags/example_setup_teardown_taskflow.py
[2026-07-29T18:11:34.844+0000] {processor.py:925} INFO - DAG(s) 'example_setup_teardown_taskflow' retrieved from /home/airflow/.local/lib/python3.12/site-packages/airflow/example_dags/example_setup_teardown_taskflow.py
[2026-07-29T18:11:34.854+0000] {logging_mixin.py:190} INFO - [2026-07-29T18:11:34.854+0000] {dag.py:3211} INFO - Sync 1 DAGs
[2026-07-29T18:11:34.868+0000] {logging_mixin.py:190} INFO - [2026-07-29T18:11:34.868+0000] {dag.py:4138} INFO - Setting next_dagrun for example_setup_teardown_taskflow to 2026-07-28 00:00:00+00:00, run_after=2026-07-29 00:00:00+00:00
[2026-07-29T18:11:34.884+0000] {processor.py:208} INFO - Processing /home/airflow/.local/lib/python3.12/site-packages/airflow/example_dags/example_setup_teardown_taskflow.py took 0.049 seconds
[2026-07-29T18:12:05.842+0000] {processor.py:186} INFO - Started process (PID=18384) to work on /home/airflow/.local/lib/python3.12/site-packages/airflow/example_dags/example_setup_teardown_taskflow.py
[2026-07-29T18:12:05.842+0000] {processor.py:914} INFO - Processing file /home/airflow/.local/lib/python3.12/site-packages/airflow/example_dags/example_setup_teardown_taskflow.py for tasks to queue
[2026-07-29T18:12:05.843+0000] {logging_mixin.py:190} INFO - [2026-07-29T18:12:05.843+0000] {dagbag.py:587} INFO - Filling up the DagBag from /home/airflow/.local/lib/python3.12/site-packages/airflow/example_dags/example_setup_teardown_taskflow.py
[2026-07-29T18:12:05.848+0000] {processor.py:925} INFO - DAG(s) 'example_setup_teardown_taskflow' retrieved from /home/airflow/.local/lib/python3.12/site-packages/airflow/example_dags/example_setup_teardown_taskflow.py
[2026-07-29T18:12:05.858+0000] {logging_mixin.py:190} INFO - [2026-07-29T18:12:05.858+0000] {dag.py:3211} INFO - Sync 1 DAGs
[2026-07-29T18:12:05.867+0000] {logging_mixin.py:190} INFO - [2026-07-29T18:12:05.867+0000] {dag.py:4138} INFO - Setting next_dagrun for example_setup_teardown_taskflow to 2026-07-28 00:00:00+00:00, run_after=2026-07-29 00:00:00+00:00
[2026-07-29T18:12:05.879+0000] {processor.py:208} INFO - Processing /home/airflow/.local/lib/python3.12/site-packages/airflow/example_dags/example_setup_teardown_taskflow.py took 0.040 seconds
[2026-07-29T18:12:36.813+0000] {processor.py:186} INFO - Started process (PID=18450) to work on /home/airflow/.local/lib/python3.12/site-packages/airflow/example_dags/example_setup_teardown_taskflow.py
[2026-07-29T18:12:36.814+0000] {processor.py:914} INFO - Processing file /home/airflow/.local/lib/python3.12/site-packages/airflow/example_dags/example_setup_teardown_taskflow.py for tasks to queue
[2026-07-29T18:12:36.817+0000] {logging_mixin.py:190} INFO - [2026-07-29T18:12:36.817+0000] {dagbag.py:587} INFO - Filling up the DagBag from /home/airflow/.local/lib/python3.12/site-packages/airflow/example_dags/example_setup_teardown_taskflow.py
[2026-07-29T18:12:36.822+0000] {processor.py:925} INFO - DAG(s) 'example_setup_teardown_taskflow' retrieved from /home/airflow/.local/lib/python3.12/site-packages/airflow/example_dags/example_setup_teardown_taskflow.py
[2026-07-29T18:12:36.834+0000] {logging_mixin.py:190} INFO - [2026-07-29T18:12:36.834+0000] {dag.py:3211} INFO - Sync 1 DAGs
[2026-07-29T18:12:36.847+0000] {logging_mixin.py:190} INFO - [2026-07-29T18:12:36.847+0000] {dag.py:4138} INFO - Setting next_dagrun for example_setup_teardown_taskflow to 2026-07-28 00:00:00+00:00, run_after=2026-07-29 00:00:00+00:00
[2026-07-29T18:12:36.860+0000] {processor.py:208} INFO - Processing /home/airflow/.local/lib/python3.12/site-packages/airflow/example_dags/example_setup_teardown_taskflow.py took 0.050 seconds
[2026-07-29T18:13:07.837+0000] {processor.py:186} INFO - Started process (PID=18516) to work on /home/airflow/.local/lib/python3.12/site-packages/airflow/example_dags/example_setup_teardown_taskflow.py
[2026-07-29T18:13:07.837+0000] {processor.py:914} INFO - Processing file /home/airflow/.local/lib/python3.12/site-packages/airflow/example_dags/example_setup_teardown_taskflow.py for tasks to queue
[2026-07-29T18:13:07.838+0000] {logging_mixin.py:190} INFO - [2026-07-29T18:13:07.838+0000] {dagbag.py:587} INFO - Filling up the DagBag from /home/airflow/.local/lib/python3.12/site-packages/airflow/example_dags/example_setup_teardown_taskflow.py
[2026-07-29T18:13:07.845+0000] {processor.py:925} INFO - DAG(s) 'example_setup_teardown_taskflow' retrieved from /home/airflow/.local/lib/python3.12/site-packages/airflow/example_dags/example_setup_teardown_taskflow.py
[2026-07-29T18:13:07.853+0000] {logging_mixin.py:190} INFO - [2026-07-29T18:13:07.853+0000] {dag.py:3211} INFO - Sync 1 DAGs
[2026-07-29T18:13:07.867+0000] {logging_mixin.py:190} INFO - [2026-07-29T18:13:07.866+0000] {dag.py:4138} INFO - Setting next_dagrun for example_setup_teardown_taskflow to 2026-07-28 00:00:00+00:00, run_after=2026-07-29 00:00:00+00:00
[2026-07-29T18:13:07.877+0000] {processor.py:208} INFO - Processing /home/airflow/.local/lib/python3.12/site-packages/airflow/example_dags/example_setup_teardown_taskflow.py took 0.043 seconds
[2026-07-29T18:13:37.964+0000] {processor.py:186} INFO - Started process (PID=18582) to work on /home/airflow/.local/lib/python3.12/site-packages/airflow/example_dags/example_setup_teardown_taskflow.py
[2026-07-29T18:13:37.964+0000] {processor.py:914} INFO - Processing file /home/airflow/.local/lib/python3.12/site-packages/airflow/example_dags/example_setup_teardown_taskflow.py for tasks to queue
[2026-07-29T18:13:37.965+0000] {logging_mixin.py:190} INFO - [2026-07-29T18:13:37.965+0000] {dagbag.py:587} INFO - Filling up the DagBag from /home/airflow/.local/lib/python3.12/site-packages/airflow/example_dags/example_setup_teardown_taskflow.py
[2026-07-29T18:13:37.970+0000] {processor.py:925} INFO - DAG(s) 'example_setup_teardown_taskflow' retrieved from /home/airflow/.local/lib/python3.12/site-packages/airflow/example_dags/example_setup_teardown_taskflow.py
[2026-07-29T18:13:37.982+0000] {logging_mixin.py:190} INFO - [2026-07-29T18:13:37.982+0000] {dag.py:3211} INFO - Sync 1 DAGs
[2026-07-29T18:13:37.993+0000] {logging_mixin.py:190} INFO - [2026-07-29T18:13:37.993+0000] {dag.py:4138} INFO - Setting next_dagrun for example_setup_teardown_taskflow to 2026-07-28 00:00:00+00:00, run_after=2026-07-29 00:00:00+00:00
[2026-07-29T18:13:38.004+0000] {processor.py:208} INFO - Processing /home/airflow/.local/lib/python3.12/site-packages/airflow/example_dags/example_setup_teardown_taskflow.py took 0.043 seconds
[2026-07-29T18:14:08.792+0000] {processor.py:186} INFO - Started process (PID=18648) to work on /home/airflow/.local/lib/python3.12/site-packages/airflow/example_dags/example_setup_teardown_taskflow.py
[2026-07-29T18:14:08.793+0000] {processor.py:914} INFO - Processing file /home/airflow/.local/lib/python3.12/site-packages/airflow/example_dags/example_setup_teardown_taskflow.py for tasks to queue
[2026-07-29T18:14:08.794+0000] {logging_mixin.py:190} INFO - [2026-07-29T18:14:08.794+0000] {dagbag.py:587} INFO - Filling up the DagBag from /home/airflow/.local/lib/python3.12/site-packages/airflow/example_dags/example_setup_teardown_taskflow.py
[2026-07-29T18:14:08.801+0000] {processor.py:925} INFO - DAG(s) 'example_setup_teardown_taskflow' retrieved from /home/airflow/.local/lib/python3.12/site-packages/airflow/example_dags/example_setup_teardown_taskflow.py
[2026-07-29T18:14:08.811+0000] {logging_mixin.py:190} INFO - [2026-07-29T18:14:08.811+0000] {dag.py:3211} INFO - Sync 1 DAGs
[2026-07-29T18:14:08.824+0000] {logging_mixin.py:190} INFO - [2026-07-29T18:14:08.824+0000] {dag.py:4138} INFO - Setting next_dagrun for example_setup_teardown_taskflow to 2026-07-28 00:00:00+00:00, run_after=2026-07-29 00:00:00+00:00
[2026-07-29T18:14:08.840+0000] {processor.py:208} INFO - Processing /home/airflow/.local/lib/python3.12/site-packages/airflow/example_dags/example_setup_teardown_taskflow.py took 0.050 seconds
[2026-07-29T18:14:39.823+0000] {processor.py:186} INFO - Started process (PID=18714) to work on /home/airflow/.local/lib/python3.12/site-packages/airflow/example_dags/example_setup_teardown_taskflow.py
[2026-07-29T18:14:39.823+0000] {processor.py:914} INFO - Processing file /home/airflow/.local/lib/python3.12/site-packages/airflow/example_dags/example_setup_teardown_taskflow.py for tasks to queue
[2026-07-29T18:14:39.824+0000] {logging_mixin.py:190} INFO - [2026-07-29T18:14:39.824+0000] {dagbag.py:587} INFO - Filling up the DagBag from /home/airflow/.local/lib/python3.12/site-packages/airflow/example_dags/example_setup_teardown_taskflow.py
[2026-07-29T18:14:39.830+0000] {processor.py:925} INFO - DAG(s) 'example_setup_teardown_taskflow' retrieved from /home/airflow/.local/lib/python3.12/site-packages/airflow/example_dags/example_setup_teardown_taskflow.py
[2026-07-29T18:14:39.838+0000] {logging_mixin.py:190} INFO - [2026-07-29T18:14:39.838+0000] {dag.py:3211} INFO - Sync 1 DAGs
[2026-07-29T18:14:39.848+0000] {logging_mixin.py:190} INFO - [2026-07-29T18:14:39.848+0000] {dag.py:4138} INFO - Setting next_dagrun for example_setup_teardown_taskflow to 2026-07-28 00:00:00+00:00, run_after=2026-07-29 00:00:00+00:00
[2026-07-29T18:14:39.858+0000] {processor.py:208} INFO - Processing /home/airflow/.local/lib/python3.12/site-packages/airflow/example_dags/example_setup_teardown_taskflow.py took 0.038 seconds
[2026-07-29T18:15:10.811+0000] {processor.py:186} INFO - Started process (PID=18780) to work on /home/airflow/.local/lib/python3.12/site-packages/airflow/example_dags/example_setup_teardown_taskflow.py
[2026-07-29T18:15:10.812+0000] {processor.py:914} INFO - Processing file /home/airflow/.local/lib/python3.12/site-packages/airflow/example_dags/example_setup_teardown_taskflow.py for tasks to queue
[2026-07-29T18:15:10.814+0000] {logging_mixin.py:190} INFO - [2026-07-29T18:15:10.814+0000] {dagbag.py:587} INFO - Filling up the DagBag from /home/airflow/.local/lib/python3.12/site-packages/airflow/example_dags/example_setup_teardown_taskflow.py
[2026-07-29T18:15:10.820+0000] {processor.py:925} INFO - DAG(s) 'example_setup_teardown_taskflow' retrieved from /home/airflow/.local/lib/python3.12/site-packages/airflow/example_dags/example_setup_teardown_taskflow.py
[2026-07-29T18:15:10.833+0000] {logging_mixin.py:190} INFO - [2026-07-29T18:15:10.833+0000] {dag.py:3211} INFO - Sync 1 DAGs
[2026-07-29T18:15:10.842+0000] {logging_mixin.py:190} INFO - [2026-07-29T18:15:10.842+0000] {dag.py:4138} INFO - Setting next_dagrun for example_setup_teardown_taskflow to 2026-07-28 00:00:00+00:00, run_after=2026-07-29 00:00:00+00:00
[2026-07-29T18:15:10.849+0000] {processor.py:208} INFO - Processing /home/airflow/.local/lib/python3.12/site-packages/airflow/example_dags/example_setup_teardown_taskflow.py took 0.041 seconds
[2026-07-29T18:15:41.787+0000] {processor.py:186} INFO - Started process (PID=18846) to work on /home/airflow/.local/lib/python3.12/site-packages/airflow/example_dags/example_setup_teardown_taskflow.py
[2026-07-29T18:15:41.789+0000] {processor.py:914} INFO - Processing file /home/airflow/.local/lib/python3.12/site-packages/airflow/example_dags/example_setup_teardown_taskflow.py for tasks to queue
[2026-07-29T18:15:41.791+0000] {logging_mixin.py:190} INFO - [2026-07-29T18:15:41.790+0000] {dagbag.py:587} INFO - Filling up the DagBag from /home/airflow/.local/lib/python3.12/site-packages/airflow/example_dags/example_setup_teardown_taskflow.py
[2026-07-29T18:15:41.795+0000] {processor.py:925} INFO - DAG(s) 'example_setup_teardown_taskflow' retrieved from /home/airflow/.local/lib/python3.12/site-packages/airflow/example_dags/example_setup_teardown_taskflow.py
[2026-07-29T18:15:41.805+0000] {logging_mixin.py:190} INFO - [2026-07-29T18:15:41.805+0000] {dag.py:3211} INFO - Sync 1 DAGs
[2026-07-29T18:15:41.814+0000] {logging_mixin.py:190} INFO - [2026-07-29T18:15:41.814+0000] {dag.py:4138} INFO - Setting next_dagrun for example_setup_teardown_taskflow to 2026-07-28 00:00:00+00:00, run_after=2026-07-29 00:00:00+00:00
[2026-07-29T18:15:41.821+0000] {processor.py:208} INFO - Processing /home/airflow/.local/lib/python3.12/site-packages/airflow/example_dags/example_setup_teardown_taskflow.py took 0.037 seconds
[2026-07-29T18:16:12.749+0000] {processor.py:186} INFO - Started process (PID=18912) to work on /home/airflow/.local/lib/python3.12/site-packages/airflow/example_dags/example_setup_teardown_taskflow.py
[2026-07-29T18:16:12.749+0000] {processor.py:914} INFO - Processing file /home/airflow/.local/lib/python3.12/site-packages/airflow/example_dags/example_setup_teardown_taskflow.py for tasks to queue
[2026-07-29T18:16:12.752+0000] {logging_mixin.py:190} INFO - [2026-07-29T18:16:12.752+0000] {dagbag.py:587} INFO - Filling up the DagBag from /home/airflow/.local/lib/python3.12/site-packages/airflow/example_dags/example_setup_teardown_taskflow.py
[2026-07-29T18:16:12.758+0000] {processor.py:925} INFO - DAG(s) 'example_setup_teardown_taskflow' retrieved from /home/airflow/.local/lib/python3.12/site-packages/airflow/example_dags/example_setup_teardown_taskflow.py
[2026-07-29T18:16:12.771+0000] {logging_mixin.py:190} INFO - [2026-07-29T18:16:12.771+0000] {dag.py:3211} INFO - Sync 1 DAGs
[2026-07-29T18:16:12.781+0000] {logging_mixin.py:190} INFO - [2026-07-29T18:16:12.781+0000] {dag.py:4138} INFO - Setting next_dagrun for example_setup_teardown_taskflow to 2026-07-28 00:00:00+00:00, run_after=2026-07-29 00:00:00+00:00
[2026-07-29T18:16:12.789+0000] {processor.py:208} INFO - Processing /home/airflow/.local/lib/python3.12/site-packages/airflow/example_dags/example_setup_teardown_taskflow.py took 0.042 seconds
[2026-07-29T18:16:43.776+0000] {processor.py:186} INFO - Started process (PID=18978) to work on /home/airflow/.local/lib/python3.12/site-packages/airflow/example_dags/example_setup_teardown_taskflow.py
[2026-07-29T18:16:43.776+0000] {processor.py:914} INFO - Processing file /home/airflow/.local/lib/python3.12/site-packages/airflow/example_dags/example_setup_teardown_taskflow.py for tasks to queue
[2026-07-29T18:16:43.778+0000] {logging_mixin.py:190} INFO - [2026-07-29T18:16:43.778+0000] {dagbag.py:587} INFO - Filling up the DagBag from /home/airflow/.local/lib/python3.12/site-packages/airflow/example_dags/example_setup_teardown_taskflow.py
[2026-07-29T18:16:43.783+0000] {processor.py:925} INFO - DAG(s) 'example_setup_teardown_taskflow' retrieved from /home/airflow/.local/lib/python3.12/site-packages/airflow/example_dags/example_setup_teardown_taskflow.py
[2026-07-29T18:16:43.793+0000] {logging_mixin.py:190} INFO - [2026-07-29T18:16:43.792+0000] {dag.py:3211} INFO - Sync 1 DAGs
[2026-07-29T18:16:43.803+0000] {logging_mixin.py:190} INFO - [2026-07-29T18:16:43.803+0000] {dag.py:4138} INFO - Setting next_dagrun for example_setup_teardown_taskflow to 2026-07-28 00:00:00+00:00, run_after=2026-07-29 00:00:00+00:00
[2026-07-29T18:16:43.816+0000] {processor.py:208} INFO - Processing /home/airflow/.local/lib/python3.12/site-packages/airflow/example_dags/example_setup_teardown_taskflow.py took 0.043 seconds
[2026-07-29T18:17:14.791+0000] {processor.py:186} INFO - Started process (PID=19044) to work on /home/airflow/.local/lib/python3.12/site-packages/airflow/example_dags/example_setup_teardown_taskflow.py
[2026-07-29T18:17:14.791+0000] {processor.py:914} INFO - Processing file /home/airflow/.local/lib/python3.12/site-packages/airflow/example_dags/example_setup_teardown_taskflow.py for tasks to queue
[2026-07-29T18:17:14.794+0000] {logging_mixin.py:190} INFO - [2026-07-29T18:17:14.793+0000] {dagbag.py:587} INFO - Filling up the DagBag from /home/airflow/.local/lib/python3.12/site-packages/airflow/example_dags/example_setup_teardown_taskflow.py
[2026-07-29T18:17:14.799+0000] {processor.py:925} INFO - DAG(s) 'example_setup_teardown_taskflow' retrieved from /home/airflow/.local/lib/python3.12/site-packages/airflow/example_dags/example_setup_teardown_taskflow.py
[2026-07-29T18:17:14.809+0000] {logging_mixin.py:190} INFO - [2026-07-29T18:17:14.809+0000] {dag.py:3211} INFO - Sync 1 DAGs
[2026-07-29T18:17:14.818+0000] {logging_mixin.py:190} INFO - [2026-07-29T18:17:14.818+0000] {dag.py:4138} INFO - Setting next_dagrun for example_setup_teardown_taskflow to 2026-07-28 00:00:00+00:00, run_after=2026-07-29 00:00:00+00:00
[2026-07-29T18:17:14.825+0000] {processor.py:208} INFO - Processing /home/airflow/.local/lib/python3.12/site-packages/airflow/example_dags/example_setup_teardown_taskflow.py took 0.037 seconds
[2026-07-29T18:17:45.715+0000] {processor.py:186} INFO - Started process (PID=19110) to work on /home/airflow/.local/lib/python3.12/site-packages/airflow/example_dags/example_setup_teardown_taskflow.py
[2026-07-29T18:17:45.716+0000] {processor.py:914} INFO - Processing file /home/airflow/.local/lib/python3.12/site-packages/airflow/example_dags/example_setup_teardown_taskflow.py for tasks to queue
[2026-07-29T18:17:45.717+0000] {logging_mixin.py:190} INFO - [2026-07-29T18:17:45.717+0000] {dagbag.py:587} INFO - Filling up the DagBag from /home/airflow/.local/lib/python3.12/site-packages/airflow/example_dags/example_setup_teardown_taskflow.py
[2026-07-29T18:17:45.722+0000] {processor.py:925} INFO - DAG(s) 'example_setup_teardown_taskflow' retrieved from /home/airflow/.local/lib/python3.12/site-packages/airflow/example_dags/example_setup_teardown_taskflow.py
[2026-07-29T18:17:45.731+0000] {logging_mixin.py:190} INFO - [2026-07-29T18:17:45.731+0000] {dag.py:3211} INFO - Sync 1 DAGs
[2026-07-29T18:17:45.743+0000] {logging_mixin.py:190} INFO - [2026-07-29T18:17:45.743+0000] {dag.py:4138} INFO - Setting next_dagrun for example_setup_teardown_taskflow to 2026-07-28 00:00:00+00:00, run_after=2026-07-29 00:00:00+00:00
[2026-07-29T18:17:45.754+0000] {processor.py:208} INFO - Processing /home/airflow/.local/lib/python3.12/site-packages/airflow/example_dags/example_setup_teardown_taskflow.py took 0.042 seconds
[2026-07-29T18:18:16.614+0000] {processor.py:186} INFO - Started process (PID=19176) to work on /home/airflow/.local/lib/python3.12/site-packages/airflow/example_dags/example_setup_teardown_taskflow.py
[2026-07-29T18:18:16.616+0000] {processor.py:914} INFO - Processing file /home/airflow/.local/lib/python3.12/site-packages/airflow/example_dags/example_setup_teardown_taskflow.py for tasks to queue
[2026-07-29T18:18:16.617+0000] {logging_mixin.py:190} INFO - [2026-07-29T18:18:16.617+0000] {dagbag.py:587} INFO - Filling up the DagBag from /home/airflow/.local/lib/python3.12/site-packages/airflow/example_dags/example_setup_teardown_taskflow.py
[2026-07-29T18:18:16.622+0000] {processor.py:925} INFO - DAG(s) 'example_setup_teardown_taskflow' retrieved from /home/airflow/.local/lib/python3.12/site-packages/airflow/example_dags/example_setup_teardown_taskflow.py
[2026-07-29T18:18:16.631+0000] {logging_mixin.py:190} INFO - [2026-07-29T18:18:16.631+0000] {dag.py:3211} INFO - Sync 1 DAGs
[2026-07-29T18:18:16.640+0000] {logging_mixin.py:190} INFO - [2026-07-29T18:18:16.640+0000] {dag.py:4138} INFO - Setting next_dagrun for example_setup_teardown_taskflow to 2026-07-28 00:00:00+00:00, run_after=2026-07-29 00:00:00+00:00
[2026-07-29T18:18:16.654+0000] {processor.py:208} INFO - Processing /home/airflow/.local/lib/python3.12/site-packages/airflow/example_dags/example_setup_teardown_taskflow.py took 0.043 seconds
[2026-07-29T18:18:47.521+0000] {processor.py:186} INFO - Started process (PID=19242) to work on /home/airflow/.local/lib/python3.12/site-packages/airflow/example_dags/example_setup_teardown_taskflow.py
[2026-07-29T18:18:47.522+0000] {processor.py:914} INFO - Processing file /home/airflow/.local/lib/python3.12/site-packages/airflow/example_dags/example_setup_teardown_taskflow.py for tasks to queue
[2026-07-29T18:18:47.523+0000] {logging_mixin.py:190} INFO - [2026-07-29T18:18:47.523+0000] {dagbag.py:587} INFO - Filling up the DagBag from /home/airflow/.local/lib/python3.12/site-packages/airflow/example_dags/example_setup_teardown_taskflow.py
[2026-07-29T18:18:47.528+0000] {processor.py:925} INFO - DAG(s) 'example_setup_teardown_taskflow' retrieved from /home/airflow/.local/lib/python3.12/site-packages/airflow/example_dags/example_setup_teardown_taskflow.py
[2026-07-29T18:18:47.537+0000] {logging_mixin.py:190} INFO - [2026-07-29T18:18:47.537+0000] {dag.py:3211} INFO - Sync 1 DAGs
[2026-07-29T18:18:47.547+0000] {logging_mixin.py:190} INFO - [2026-07-29T18:18:47.547+0000] {dag.py:4138} INFO - Setting next_dagrun for example_setup_teardown_taskflow to 2026-07-28 00:00:00+00:00, run_after=2026-07-29 00:00:00+00:00
[2026-07-29T18:18:47.558+0000] {processor.py:208} INFO - Processing /home/airflow/.local/lib/python3.12/site-packages/airflow/example_dags/example_setup_teardown_taskflow.py took 0.039 seconds
[2026-07-29T18:19:17.935+0000] {processor.py:186} INFO - Started process (PID=19308) to work on /home/airflow/.local/lib/python3.12/site-packages/airflow/example_dags/example_setup_teardown_taskflow.py
[2026-07-29T18:19:17.935+0000] {processor.py:914} INFO - Processing file /home/airflow/.local/lib/python3.12/site-packages/airflow/example_dags/example_setup_teardown_taskflow.py for tasks to queue
[2026-07-29T18:19:17.937+0000] {logging_mixin.py:190} INFO - [2026-07-29T18:19:17.936+0000] {dagbag.py:587} INFO - Filling up the DagBag from /home/airflow/.local/lib/python3.12/site-packages/airflow/example_dags/example_setup_teardown_taskflow.py
[2026-07-29T18:19:17.942+0000] {processor.py:925} INFO - DAG(s) 'example_setup_teardown_taskflow' retrieved from /home/airflow/.local/lib/python3.12/site-packages/airflow/example_dags/example_setup_teardown_taskflow.py
[2026-07-29T18:19:17.951+0000] {logging_mixin.py:190} INFO - [2026-07-29T18:19:17.951+0000] {dag.py:3211} INFO - Sync 1 DAGs
[2026-07-29T18:19:17.961+0000] {logging_mixin.py:190} INFO - [2026-07-29T18:19:17.961+0000] {dag.py:4138} INFO - Setting next_dagrun for example_setup_teardown_taskflow to 2026-07-28 00:00:00+00:00, run_after=2026-07-29 00:00:00+00:00
[2026-07-29T18:19:17.974+0000] {processor.py:208} INFO - Processing /home/airflow/.local/lib/python3.12/site-packages/airflow/example_dags/example_setup_teardown_taskflow.py took 0.043 seconds
[2026-07-29T18:19:48.877+0000] {processor.py:186} INFO - Started process (PID=19374) to work on /home/airflow/.local/lib/python3.12/site-packages/airflow/example_dags/example_setup_teardown_taskflow.py
[2026-07-29T18:19:48.878+0000] {processor.py:914} INFO - Processing file /home/airflow/.local/lib/python3.12/site-packages/airflow/example_dags/example_setup_teardown_taskflow.py for tasks to queue
[2026-07-29T18:19:48.879+0000] {logging_mixin.py:190} INFO - [2026-07-29T18:19:48.879+0000] {dagbag.py:587} INFO - Filling up the DagBag from /home/airflow/.local/lib/python3.12/site-packages/airflow/example_dags/example_setup_teardown_taskflow.py
[2026-07-29T18:19:48.884+0000] {processor.py:925} INFO - DAG(s) 'example_setup_teardown_taskflow' retrieved from /home/airflow/.local/lib/python3.12/site-packages/airflow/example_dags/example_setup_teardown_taskflow.py
[2026-07-29T18:19:48.895+0000] {logging_mixin.py:190} INFO - [2026-07-29T18:19:48.895+0000] {dag.py:3211} INFO - Sync 1 DAGs
[2026-07-29T18:19:48.905+0000] {logging_mixin.py:190} INFO - [2026-07-29T18:19:48.905+0000] {dag.py:4138} INFO - Setting next_dagrun for example_setup_teardown_taskflow to 2026-07-28 00:00:00+00:00, run_after=2026-07-29 00:00:00+00:00
[2026-07-29T18:19:48.925+0000] {processor.py:208} INFO - Processing /home/airflow/.local/lib/python3.12/site-packages/airflow/example_dags/example_setup_teardown_taskflow.py took 0.051 seconds
[2026-07-29T18:20:19.809+0000] {processor.py:186} INFO - Started process (PID=19440) to work on /home/airflow/.local/lib/python3.12/site-packages/airflow/example_dags/example_setup_teardown_taskflow.py
[2026-07-29T18:20:19.810+0000] {processor.py:914} INFO - Processing file /home/airflow/.local/lib/python3.12/site-packages/airflow/example_dags/example_setup_teardown_taskflow.py for tasks to queue
[2026-07-29T18:20:19.811+0000] {logging_mixin.py:190} INFO - [2026-07-29T18:20:19.811+0000] {dagbag.py:587} INFO - Filling up the DagBag from /home/airflow/.local/lib/python3.12/site-packages/airflow/example_dags/example_setup_teardown_taskflow.py
[2026-07-29T18:20:19.817+0000] {processor.py:925} INFO - DAG(s) 'example_setup_teardown_taskflow' retrieved from /home/airflow/.local/lib/python3.12/site-packages/airflow/example_dags/example_setup_teardown_taskflow.py
[2026-07-29T18:20:19.826+0000] {logging_mixin.py:190} INFO - [2026-07-29T18:20:19.826+0000] {dag.py:3211} INFO - Sync 1 DAGs
[2026-07-29T18:20:19.835+0000] {logging_mixin.py:190} INFO - [2026-07-29T18:20:19.835+0000] {dag.py:4138} INFO - Setting next_dagrun for example_setup_teardown_taskflow to 2026-07-28 00:00:00+00:00, run_after=2026-07-29 00:00:00+00:00
[2026-07-29T18:20:19.851+0000] {processor.py:208} INFO - Processing /home/airflow/.local/lib/python3.12/site-packages/airflow/example_dags/example_setup_teardown_taskflow.py took 0.044 seconds
[2026-07-29T18:20:50.633+0000] {processor.py:186} INFO - Started process (PID=19506) to work on /home/airflow/.local/lib/python3.12/site-packages/airflow/example_dags/example_setup_teardown_taskflow.py
[2026-07-29T18:20:50.633+0000] {processor.py:914} INFO - Processing file /home/airflow/.local/lib/python3.12/site-packages/airflow/example_dags/example_setup_teardown_taskflow.py for tasks to queue
[2026-07-29T18:20:50.635+0000] {logging_mixin.py:190} INFO - [2026-07-29T18:20:50.635+0000] {dagbag.py:587} INFO - Filling up the DagBag from /home/airflow/.local/lib/python3.12/site-packages/airflow/example_dags/example_setup_teardown_taskflow.py
[2026-07-29T18:20:50.640+0000] {processor.py:925} INFO - DAG(s) 'example_setup_teardown_taskflow' retrieved from /home/airflow/.local/lib/python3.12/site-packages/airflow/example_dags/example_setup_teardown_taskflow.py
[2026-07-29T18:20:50.652+0000] {logging_mixin.py:190} INFO - [2026-07-29T18:20:50.652+0000] {dag.py:3211} INFO - Sync 1 DAGs
[2026-07-29T18:20:50.661+0000] {logging_mixin.py:190} INFO - [2026-07-29T18:20:50.661+0000] {dag.py:4138} INFO - Setting next_dagrun for example_setup_teardown_taskflow to 2026-07-28 00:00:00+00:00, run_after=2026-07-29 00:00:00+00:00
[2026-07-29T18:20:50.670+0000] {processor.py:208} INFO - Processing /home/airflow/.local/lib/python3.12/site-packages/airflow/example_dags/example_setup_teardown_taskflow.py took 0.040 seconds
[2026-07-29T18:21:21.563+0000] {processor.py:186} INFO - Started process (PID=19572) to work on /home/airflow/.local/lib/python3.12/site-packages/airflow/example_dags/example_setup_teardown_taskflow.py
[2026-07-29T18:21:21.564+0000] {processor.py:914} INFO - Processing file /home/airflow/.local/lib/python3.12/site-packages/airflow/example_dags/example_setup_teardown_taskflow.py for tasks to queue
[2026-07-29T18:21:21.566+0000] {logging_mixin.py:190} INFO - [2026-07-29T18:21:21.566+0000] {dagbag.py:587} INFO - Filling up the DagBag from /home/airflow/.local/lib/python3.12/site-packages/airflow/example_dags/example_setup_teardown_taskflow.py
[2026-07-29T18:21:21.571+0000] {processor.py:925} INFO - DAG(s) 'example_setup_teardown_taskflow' retrieved from /home/airflow/.local/lib/python3.12/site-packages/airflow/example_dags/example_setup_teardown_taskflow.py
[2026-07-29T18:21:21.585+0000] {logging_mixin.py:190} INFO - [2026-07-29T18:21:21.585+0000] {dag.py:3211} INFO - Sync 1 DAGs
[2026-07-29T18:21:21.593+0000] {logging_mixin.py:190} INFO - [2026-07-29T18:21:21.593+0000] {dag.py:4138} INFO - Setting next_dagrun for example_setup_teardown_taskflow to 2026-07-28 00:00:00+00:00, run_after=2026-07-29 00:00:00+00:00
[2026-07-29T18:21:21.604+0000] {processor.py:208} INFO - Processing /home/airflow/.local/lib/python3.12/site-packages/airflow/example_dags/example_setup_teardown_taskflow.py took 0.043 seconds
[2026-07-29T18:21:52.539+0000] {processor.py:186} INFO - Started process (PID=19638) to work on /home/airflow/.local/lib/python3.12/site-packages/airflow/example_dags/example_setup_teardown_taskflow.py
[2026-07-29T18:21:52.539+0000] {processor.py:914} INFO - Processing file /home/airflow/.local/lib/python3.12/site-packages/airflow/example_dags/example_setup_teardown_taskflow.py for tasks to queue
[2026-07-29T18:21:52.540+0000] {logging_mixin.py:190} INFO - [2026-07-29T18:21:52.540+0000] {dagbag.py:587} INFO - Filling up the DagBag from /home/airflow/.local/lib/python3.12/site-packages/airflow/example_dags/example_setup_teardown_taskflow.py
[2026-07-29T18:21:52.546+0000] {processor.py:925} INFO - DAG(s) 'example_setup_teardown_taskflow' retrieved from /home/airflow/.local/lib/python3.12/site-packages/airflow/example_dags/example_setup_teardown_taskflow.py
[2026-07-29T18:21:52.555+0000] {logging_mixin.py:190} INFO - [2026-07-29T18:21:52.555+0000] {dag.py:3211} INFO - Sync 1 DAGs
[2026-07-29T18:21:52.565+0000] {logging_mixin.py:190} INFO - [2026-07-29T18:21:52.565+0000] {dag.py:4138} INFO - Setting next_dagrun for example_setup_teardown_taskflow to 2026-07-28 00:00:00+00:00, run_after=2026-07-29 00:00:00+00:00
[2026-07-29T18:21:52.578+0000] {processor.py:208} INFO - Processing /home/airflow/.local/lib/python3.12/site-packages/airflow/example_dags/example_setup_teardown_taskflow.py took 0.042 seconds
[2026-07-29T18:22:22.675+0000] {processor.py:186} INFO - Started process (PID=19704) to work on /home/airflow/.local/lib/python3.12/site-packages/airflow/example_dags/example_setup_teardown_taskflow.py
[2026-07-29T18:22:22.676+0000] {processor.py:914} INFO - Processing file /home/airflow/.local/lib/python3.12/site-packages/airflow/example_dags/example_setup_teardown_taskflow.py for tasks to queue
[2026-07-29T18:22:22.677+0000] {logging_mixin.py:190} INFO - [2026-07-29T18:22:22.677+0000] {dagbag.py:587} INFO - Filling up the DagBag from /home/airflow/.local/lib/python3.12/site-packages/airflow/example_dags/example_setup_teardown_taskflow.py
[2026-07-29T18:22:22.682+0000] {processor.py:925} INFO - DAG(s) 'example_setup_teardown_taskflow' retrieved from /home/airflow/.local/lib/python3.12/site-packages/airflow/example_dags/example_setup_teardown_taskflow.py
[2026-07-29T18:22:22.693+0000] {logging_mixin.py:190} INFO - [2026-07-29T18:22:22.693+0000] {dag.py:3211} INFO - Sync 1 DAGs
[2026-07-29T18:22:22.702+0000] {logging_mixin.py:190} INFO - [2026-07-29T18:22:22.702+0000] {dag.py:4138} INFO - Setting next_dagrun for example_setup_teardown_taskflow to 2026-07-28 00:00:00+00:00, run_after=2026-07-29 00:00:00+00:00
[2026-07-29T18:22:22.709+0000] {processor.py:208} INFO - Processing /home/airflow/.local/lib/python3.12/site-packages/airflow/example_dags/example_setup_teardown_taskflow.py took 0.036 seconds
[2026-07-29T18:22:53.777+0000] {processor.py:186} INFO - Started process (PID=19770) to work on /home/airflow/.local/lib/python3.12/site-packages/airflow/example_dags/example_setup_teardown_taskflow.py
[2026-07-29T18:22:53.778+0000] {processor.py:914} INFO - Processing file /home/airflow/.local/lib/python3.12/site-packages/airflow/example_dags/example_setup_teardown_taskflow.py for tasks to queue
[2026-07-29T18:22:53.780+0000] {logging_mixin.py:190} INFO - [2026-07-29T18:22:53.780+0000] {dagbag.py:587} INFO - Filling up the DagBag from /home/airflow/.local/lib/python3.12/site-packages/airflow/example_dags/example_setup_teardown_taskflow.py
[2026-07-29T18:22:53.787+0000] {processor.py:925} INFO - DAG(s) 'example_setup_teardown_taskflow' retrieved from /home/airflow/.local/lib/python3.12/site-packages/airflow/example_dags/example_setup_teardown_taskflow.py
[2026-07-29T18:22:53.796+0000] {logging_mixin.py:190} INFO - [2026-07-29T18:22:53.796+0000] {dag.py:3211} INFO - Sync 1 DAGs
[2026-07-29T18:22:53.807+0000] {logging_mixin.py:190} INFO - [2026-07-29T18:22:53.806+0000] {dag.py:4138} INFO - Setting next_dagrun for example_setup_teardown_taskflow to 2026-07-28 00:00:00+00:00, run_after=2026-07-29 00:00:00+00:00
[2026-07-29T18:22:53.814+0000] {processor.py:208} INFO - Processing /home/airflow/.local/lib/python3.12/site-packages/airflow/example_dags/example_setup_teardown_taskflow.py took 0.040 seconds
[2026-07-29T18:23:23.875+0000] {processor.py:186} INFO - Started process (PID=19836) to work on /home/airflow/.local/lib/python3.12/site-packages/airflow/example_dags/example_setup_teardown_taskflow.py
[2026-07-29T18:23:23.875+0000] {processor.py:914} INFO - Processing file /home/airflow/.local/lib/python3.12/site-packages/airflow/example_dags/example_setup_teardown_taskflow.py for tasks to queue
[2026-07-29T18:23:23.876+0000] {logging_mixin.py:190} INFO - [2026-07-29T18:23:23.876+0000] {dagbag.py:587} INFO - Filling up the DagBag from /home/airflow/.local/lib/python3.12/site-packages/airflow/example_dags/example_setup_teardown_taskflow.py
[2026-07-29T18:23:23.881+0000] {processor.py:925} INFO - DAG(s) 'example_setup_teardown_taskflow' retrieved from /home/airflow/.local/lib/python3.12/site-packages/airflow/example_dags/example_setup_teardown_taskflow.py
[2026-07-29T18:23:23.891+0000] {logging_mixin.py:190} INFO - [2026-07-29T18:23:23.891+0000] {dag.py:3211} INFO - Sync 1 DAGs
[2026-07-29T18:23:23.900+0000] {logging_mixin.py:190} INFO - [2026-07-29T18:23:23.900+0000] {dag.py:4138} INFO - Setting next_dagrun for example_setup_teardown_taskflow to 2026-07-28 00:00:00+00:00, run_after=2026-07-29 00:00:00+00:00
[2026-07-29T18:23:23.907+0000] {processor.py:208} INFO - Processing /home/airflow/.local/lib/python3.12/site-packages/airflow/example_dags/example_setup_teardown_taskflow.py took 0.035 seconds
[2026-07-29T18:24:00.519+0000] {processor.py:186} INFO - Started process (PID=19908) to work on /home/airflow/.local/lib/python3.12/site-packages/airflow/example_dags/example_setup_teardown_taskflow.py
[2026-07-29T18:24:00.520+0000] {processor.py:914} INFO - Processing file /home/airflow/.local/lib/python3.12/site-packages/airflow/example_dags/example_setup_teardown_taskflow.py for tasks to queue
[2026-07-29T18:24:00.522+0000] {logging_mixin.py:190} INFO - [2026-07-29T18:24:00.521+0000] {dagbag.py:587} INFO - Filling up the DagBag from /home/airflow/.local/lib/python3.12/site-packages/airflow/example_dags/example_setup_teardown_taskflow.py
[2026-07-29T18:24:00.527+0000] {processor.py:925} INFO - DAG(s) 'example_setup_teardown_taskflow' retrieved from /home/airflow/.local/lib/python3.12/site-packages/airflow/example_dags/example_setup_teardown_taskflow.py
[2026-07-29T18:24:00.539+0000] {logging_mixin.py:190} INFO - [2026-07-29T18:24:00.539+0000] {dag.py:3211} INFO - Sync 1 DAGs
[2026-07-29T18:24:00.549+0000] {logging_mixin.py:190} INFO - [2026-07-29T18:24:00.549+0000] {dag.py:4138} INFO - Setting next_dagrun for example_setup_teardown_taskflow to 2026-07-28 00:00:00+00:00, run_after=2026-07-29 00:00:00+00:00
[2026-07-29T18:24:00.557+0000] {processor.py:208} INFO - Processing /home/airflow/.local/lib/python3.12/site-packages/airflow/example_dags/example_setup_teardown_taskflow.py took 0.040 seconds
[2026-07-29T18:24:30.721+0000] {processor.py:186} INFO - Started process (PID=19973) to work on /home/airflow/.local/lib/python3.12/site-packages/airflow/example_dags/example_setup_teardown_taskflow.py
[2026-07-29T18:24:30.722+0000] {processor.py:914} INFO - Processing file /home/airflow/.local/lib/python3.12/site-packages/airflow/example_dags/example_setup_teardown_taskflow.py for tasks to queue
[2026-07-29T18:24:30.725+0000] {logging_mixin.py:190} INFO - [2026-07-29T18:24:30.725+0000] {dagbag.py:587} INFO - Filling up the DagBag from /home/airflow/.local/lib/python3.12/site-packages/airflow/example_dags/example_setup_teardown_taskflow.py
[2026-07-29T18:24:30.734+0000] {processor.py:925} INFO - DAG(s) 'example_setup_teardown_taskflow' retrieved from /home/airflow/.local/lib/python3.12/site-packages/airflow/example_dags/example_setup_teardown_taskflow.py
[2026-07-29T18:24:30.742+0000] {logging_mixin.py:190} INFO - [2026-07-29T18:24:30.742+0000] {dag.py:3211} INFO - Sync 1 DAGs
[2026-07-29T18:24:30.752+0000] {logging_mixin.py:190} INFO - [2026-07-29T18:24:30.752+0000] {dag.py:4138} INFO - Setting next_dagrun for example_setup_teardown_taskflow to 2026-07-28 00:00:00+00:00, run_after=2026-07-29 00:00:00+00:00
[2026-07-29T18:24:30.759+0000] {processor.py:208} INFO - Processing /home/airflow/.local/lib/python3.12/site-packages/airflow/example_dags/example_setup_teardown_taskflow.py took 0.040 seconds
[2026-07-29T18:25:00.876+0000] {processor.py:186} INFO - Started process (PID=20039) to work on /home/airflow/.local/lib/python3.12/site-packages/airflow/example_dags/example_setup_teardown_taskflow.py
[2026-07-29T18:25:00.876+0000] {processor.py:914} INFO - Processing file /home/airflow/.local/lib/python3.12/site-packages/airflow/example_dags/example_setup_teardown_taskflow.py for tasks to queue
[2026-07-29T18:25:00.879+0000] {logging_mixin.py:190} INFO - [2026-07-29T18:25:00.879+0000] {dagbag.py:587} INFO - Filling up the DagBag from /home/airflow/.local/lib/python3.12/site-packages/airflow/example_dags/example_setup_teardown_taskflow.py
[2026-07-29T18:25:00.887+0000] {processor.py:925} INFO - DAG(s) 'example_setup_teardown_taskflow' retrieved from /home/airflow/.local/lib/python3.12/site-packages/airflow/example_dags/example_setup_teardown_taskflow.py
[2026-07-29T18:25:00.899+0000] {logging_mixin.py:190} INFO - [2026-07-29T18:25:00.899+0000] {dag.py:3211} INFO - Sync 1 DAGs
[2026-07-29T18:25:00.909+0000] {logging_mixin.py:190} INFO - [2026-07-29T18:25:00.909+0000] {dag.py:4138} INFO - Setting next_dagrun for example_setup_teardown_taskflow to 2026-07-28 00:00:00+00:00, run_after=2026-07-29 00:00:00+00:00
[2026-07-29T18:25:00.917+0000] {processor.py:208} INFO - Processing /home/airflow/.local/lib/python3.12/site-packages/airflow/example_dags/example_setup_teardown_taskflow.py took 0.044 seconds
[2026-07-29T18:25:31.036+0000] {processor.py:186} INFO - Started process (PID=20105) to work on /home/airflow/.local/lib/python3.12/site-packages/airflow/example_dags/example_setup_teardown_taskflow.py
[2026-07-29T18:25:31.038+0000] {processor.py:914} INFO - Processing file /home/airflow/.local/lib/python3.12/site-packages/airflow/example_dags/example_setup_teardown_taskflow.py for tasks to queue
[2026-07-29T18:25:31.039+0000] {logging_mixin.py:190} INFO - [2026-07-29T18:25:31.039+0000] {dagbag.py:587} INFO - Filling up the DagBag from /home/airflow/.local/lib/python3.12/site-packages/airflow/example_dags/example_setup_teardown_taskflow.py
[2026-07-29T18:25:31.044+0000] {processor.py:925} INFO - DAG(s) 'example_setup_teardown_taskflow' retrieved from /home/airflow/.local/lib/python3.12/site-packages/airflow/example_dags/example_setup_teardown_taskflow.py
[2026-07-29T18:25:31.053+0000] {logging_mixin.py:190} INFO - [2026-07-29T18:25:31.053+0000] {dag.py:3211} INFO - Sync 1 DAGs
[2026-07-29T18:25:31.061+0000] {logging_mixin.py:190} INFO - [2026-07-29T18:25:31.061+0000] {dag.py:4138} INFO - Setting next_dagrun for example_setup_teardown_taskflow to 2026-07-28 00:00:00+00:00, run_after=2026-07-29 00:00:00+00:00
[2026-07-29T18:25:31.068+0000] {processor.py:208} INFO - Processing /home/airflow/.local/lib/python3.12/site-packages/airflow/example_dags/example_setup_teardown_taskflow.py took 0.034 seconds
[2026-07-29T18:26:01.629+0000] {processor.py:186} INFO - Started process (PID=20171) to work on /home/airflow/.local/lib/python3.12/site-packages/airflow/example_dags/example_setup_teardown_taskflow.py
[2026-07-29T18:26:01.630+0000] {processor.py:914} INFO - Processing file /home/airflow/.local/lib/python3.12/site-packages/airflow/example_dags/example_setup_teardown_taskflow.py for tasks to queue
[2026-07-29T18:26:01.632+0000] {logging_mixin.py:190} INFO - [2026-07-29T18:26:01.632+0000] {dagbag.py:587} INFO - Filling up the DagBag from /home/airflow/.local/lib/python3.12/site-packages/airflow/example_dags/example_setup_teardown_taskflow.py
[2026-07-29T18:26:01.638+0000] {processor.py:925} INFO - DAG(s) 'example_setup_teardown_taskflow' retrieved from /home/airflow/.local/lib/python3.12/site-packages/airflow/example_dags/example_setup_teardown_taskflow.py
[2026-07-29T18:26:01.650+0000] {logging_mixin.py:190} INFO - [2026-07-29T18:26:01.650+0000] {dag.py:3211} INFO - Sync 1 DAGs
[2026-07-29T18:26:01.660+0000] {logging_mixin.py:190} INFO - [2026-07-29T18:26:01.660+0000] {dag.py:4138} INFO - Setting next_dagrun for example_setup_teardown_taskflow to 2026-07-28 00:00:00+00:00, run_after=2026-07-29 00:00:00+00:00
[2026-07-29T18:26:01.666+0000] {processor.py:208} INFO - Processing /home/airflow/.local/lib/python3.12/site-packages/airflow/example_dags/example_setup_teardown_taskflow.py took 0.040 seconds
[2026-07-29T18:26:31.812+0000] {processor.py:186} INFO - Started process (PID=20237) to work on /home/airflow/.local/lib/python3.12/site-packages/airflow/example_dags/example_setup_teardown_taskflow.py
[2026-07-29T18:26:31.813+0000] {processor.py:914} INFO - Processing file /home/airflow/.local/lib/python3.12/site-packages/airflow/example_dags/example_setup_teardown_taskflow.py for tasks to queue
[2026-07-29T18:26:31.815+0000] {logging_mixin.py:190} INFO - [2026-07-29T18:26:31.815+0000] {dagbag.py:587} INFO - Filling up the DagBag from /home/airflow/.local/lib/python3.12/site-packages/airflow/example_dags/example_setup_teardown_taskflow.py
[2026-07-29T18:26:31.821+0000] {processor.py:925} INFO - DAG(s) 'example_setup_teardown_taskflow' retrieved from /home/airflow/.local/lib/python3.12/site-packages/airflow/example_dags/example_setup_teardown_taskflow.py
[2026-07-29T18:26:31.833+0000] {logging_mixin.py:190} INFO - [2026-07-29T18:26:31.833+0000] {dag.py:3211} INFO - Sync 1 DAGs
[2026-07-29T18:26:31.844+0000] {logging_mixin.py:190} INFO - [2026-07-29T18:26:31.844+0000] {dag.py:4138} INFO - Setting next_dagrun for example_setup_teardown_taskflow to 2026-07-28 00:00:00+00:00, run_after=2026-07-29 00:00:00+00:00
[2026-07-29T18:26:31.855+0000] {processor.py:208} INFO - Processing /home/airflow/.local/lib/python3.12/site-packages/airflow/example_dags/example_setup_teardown_taskflow.py took 0.048 seconds
[2026-07-29T18:27:02.198+0000] {processor.py:186} INFO - Started process (PID=20303) to work on /home/airflow/.local/lib/python3.12/site-packages/airflow/example_dags/example_setup_teardown_taskflow.py
[2026-07-29T18:27:02.199+0000] {processor.py:914} INFO - Processing file /home/airflow/.local/lib/python3.12/site-packages/airflow/example_dags/example_setup_teardown_taskflow.py for tasks to queue
[2026-07-29T18:27:02.200+0000] {logging_mixin.py:190} INFO - [2026-07-29T18:27:02.200+0000] {dagbag.py:587} INFO - Filling up the DagBag from /home/airflow/.local/lib/python3.12/site-packages/airflow/example_dags/example_setup_teardown_taskflow.py
[2026-07-29T18:27:02.205+0000] {processor.py:925} INFO - DAG(s) 'example_setup_teardown_taskflow' retrieved from /home/airflow/.local/lib/python3.12/site-packages/airflow/example_dags/example_setup_teardown_taskflow.py
[2026-07-29T18:27:02.214+0000] {logging_mixin.py:190} INFO - [2026-07-29T18:27:02.214+0000] {dag.py:3211} INFO - Sync 1 DAGs
[2026-07-29T18:27:02.226+0000] {logging_mixin.py:190} INFO - [2026-07-29T18:27:02.225+0000] {dag.py:4138} INFO - Setting next_dagrun for example_setup_teardown_taskflow to 2026-07-28 00:00:00+00:00, run_after=2026-07-29 00:00:00+00:00
[2026-07-29T18:27:02.236+0000] {processor.py:208} INFO - Processing /home/airflow/.local/lib/python3.12/site-packages/airflow/example_dags/example_setup_teardown_taskflow.py took 0.042 seconds
[2026-07-29T18:27:32.428+0000] {processor.py:186} INFO - Started process (PID=20369) to work on /home/airflow/.local/lib/python3.12/site-packages/airflow/example_dags/example_setup_teardown_taskflow.py
[2026-07-29T18:27:32.429+0000] {processor.py:914} INFO - Processing file /home/airflow/.local/lib/python3.12/site-packages/airflow/example_dags/example_setup_teardown_taskflow.py for tasks to queue
[2026-07-29T18:27:32.432+0000] {logging_mixin.py:190} INFO - [2026-07-29T18:27:32.431+0000] {dagbag.py:587} INFO - Filling up the DagBag from /home/airflow/.local/lib/python3.12/site-packages/airflow/example_dags/example_setup_teardown_taskflow.py
[2026-07-29T18:27:32.438+0000] {processor.py:925} INFO - DAG(s) 'example_setup_teardown_taskflow' retrieved from /home/airflow/.local/lib/python3.12/site-packages/airflow/example_dags/example_setup_teardown_taskflow.py
[2026-07-29T18:27:32.451+0000] {logging_mixin.py:190} INFO - [2026-07-29T18:27:32.451+0000] {dag.py:3211} INFO - Sync 1 DAGs
[2026-07-29T18:27:32.460+0000] {logging_mixin.py:190} INFO - [2026-07-29T18:27:32.460+0000] {dag.py:4138} INFO - Setting next_dagrun for example_setup_teardown_taskflow to 2026-07-28 00:00:00+00:00, run_after=2026-07-29 00:00:00+00:00
[2026-07-29T18:27:32.467+0000] {processor.py:208} INFO - Processing /home/airflow/.local/lib/python3.12/site-packages/airflow/example_dags/example_setup_teardown_taskflow.py took 0.041 seconds
[2026-07-29T18:28:02.790+0000] {processor.py:186} INFO - Started process (PID=20435) to work on /home/airflow/.local/lib/python3.12/site-packages/airflow/example_dags/example_setup_teardown_taskflow.py
[2026-07-29T18:28:02.791+0000] {processor.py:914} INFO - Processing file /home/airflow/.local/lib/python3.12/site-packages/airflow/example_dags/example_setup_teardown_taskflow.py for tasks to queue
[2026-07-29T18:28:02.793+0000] {logging_mixin.py:190} INFO - [2026-07-29T18:28:02.793+0000] {dagbag.py:587} INFO - Filling up the DagBag from /home/airflow/.local/lib/python3.12/site-packages/airflow/example_dags/example_setup_teardown_taskflow.py
[2026-07-29T18:28:02.802+0000] {processor.py:925} INFO - DAG(s) 'example_setup_teardown_taskflow' retrieved from /home/airflow/.local/lib/python3.12/site-packages/airflow/example_dags/example_setup_teardown_taskflow.py
[2026-07-29T18:28:02.818+0000] {logging_mixin.py:190} INFO - [2026-07-29T18:28:02.818+0000] {dag.py:3211} INFO - Sync 1 DAGs
[2026-07-29T18:28:02.830+0000] {logging_mixin.py:190} INFO - [2026-07-29T18:28:02.830+0000] {dag.py:4138} INFO - Setting next_dagrun for example_setup_teardown_taskflow to 2026-07-28 00:00:00+00:00, run_after=2026-07-29 00:00:00+00:00
[2026-07-29T18:28:02.841+0000] {processor.py:208} INFO - Processing /home/airflow/.local/lib/python3.12/site-packages/airflow/example_dags/example_setup_teardown_taskflow.py took 0.056 seconds
[2026-07-29T18:28:33.108+0000] {processor.py:186} INFO - Started process (PID=20501) to work on /home/airflow/.local/lib/python3.12/site-packages/airflow/example_dags/example_setup_teardown_taskflow.py
[2026-07-29T18:28:33.108+0000] {processor.py:914} INFO - Processing file /home/airflow/.local/lib/python3.12/site-packages/airflow/example_dags/example_setup_teardown_taskflow.py for tasks to queue
[2026-07-29T18:28:33.110+0000] {logging_mixin.py:190} INFO - [2026-07-29T18:28:33.110+0000] {dagbag.py:587} INFO - Filling up the DagBag from /home/airflow/.local/lib/python3.12/site-packages/airflow/example_dags/example_setup_teardown_taskflow.py
[2026-07-29T18:28:33.115+0000] {processor.py:925} INFO - DAG(s) 'example_setup_teardown_taskflow' retrieved from /home/airflow/.local/lib/python3.12/site-packages/airflow/example_dags/example_setup_teardown_taskflow.py
[2026-07-29T18:28:33.130+0000] {logging_mixin.py:190} INFO - [2026-07-29T18:28:33.130+0000] {dag.py:3211} INFO - Sync 1 DAGs
[2026-07-29T18:28:33.138+0000] {logging_mixin.py:190} INFO - [2026-07-29T18:28:33.138+0000] {dag.py:4138} INFO - Setting next_dagrun for example_setup_teardown_taskflow to 2026-07-28 00:00:00+00:00, run_after=2026-07-29 00:00:00+00:00
[2026-07-29T18:28:33.150+0000] {processor.py:208} INFO - Processing /home/airflow/.local/lib/python3.12/site-packages/airflow/example_dags/example_setup_teardown_taskflow.py took 0.045 seconds
[2026-07-29T18:29:04.058+0000] {processor.py:186} INFO - Started process (PID=20567) to work on /home/airflow/.local/lib/python3.12/site-packages/airflow/example_dags/example_setup_teardown_taskflow.py
[2026-07-29T18:29:04.061+0000] {processor.py:914} INFO - Processing file /home/airflow/.local/lib/python3.12/site-packages/airflow/example_dags/example_setup_teardown_taskflow.py for tasks to queue
[2026-07-29T18:29:04.065+0000] {logging_mixin.py:190} INFO - [2026-07-29T18:29:04.065+0000] {dagbag.py:587} INFO - Filling up the DagBag from /home/airflow/.local/lib/python3.12/site-packages/airflow/example_dags/example_setup_teardown_taskflow.py
[2026-07-29T18:29:04.071+0000] {processor.py:925} INFO - DAG(s) 'example_setup_teardown_taskflow' retrieved from /home/airflow/.local/lib/python3.12/site-packages/airflow/example_dags/example_setup_teardown_taskflow.py
[2026-07-29T18:29:04.083+0000] {logging_mixin.py:190} INFO - [2026-07-29T18:29:04.083+0000] {dag.py:3211} INFO - Sync 1 DAGs
[2026-07-29T18:29:04.094+0000] {logging_mixin.py:190} INFO - [2026-07-29T18:29:04.094+0000] {dag.py:4138} INFO - Setting next_dagrun for example_setup_teardown_taskflow to 2026-07-28 00:00:00+00:00, run_after=2026-07-29 00:00:00+00:00
[2026-07-29T18:29:04.102+0000] {processor.py:208} INFO - Processing /home/airflow/.local/lib/python3.12/site-packages/airflow/example_dags/example_setup_teardown_taskflow.py took 0.049 seconds
[2026-07-29T18:29:35.085+0000] {processor.py:186} INFO - Started process (PID=20633) to work on /home/airflow/.local/lib/python3.12/site-packages/airflow/example_dags/example_setup_teardown_taskflow.py
[2026-07-29T18:29:35.086+0000] {processor.py:914} INFO - Processing file /home/airflow/.local/lib/python3.12/site-packages/airflow/example_dags/example_setup_teardown_taskflow.py for tasks to queue
[2026-07-29T18:29:35.091+0000] {logging_mixin.py:190} INFO - [2026-07-29T18:29:35.091+0000] {dagbag.py:587} INFO - Filling up the DagBag from /home/airflow/.local/lib/python3.12/site-packages/airflow/example_dags/example_setup_teardown_taskflow.py
[2026-07-29T18:29:35.100+0000] {processor.py:925} INFO - DAG(s) 'example_setup_teardown_taskflow' retrieved from /home/airflow/.local/lib/python3.12/site-packages/airflow/example_dags/example_setup_teardown_taskflow.py
[2026-07-29T18:29:35.111+0000] {logging_mixin.py:190} INFO - [2026-07-29T18:29:35.111+0000] {dag.py:3211} INFO - Sync 1 DAGs
[2026-07-29T18:29:35.123+0000] {logging_mixin.py:190} INFO - [2026-07-29T18:29:35.123+0000] {dag.py:4138} INFO - Setting next_dagrun for example_setup_teardown_taskflow to 2026-07-28 00:00:00+00:00, run_after=2026-07-29 00:00:00+00:00
[2026-07-29T18:29:35.133+0000] {processor.py:208} INFO - Processing /home/airflow/.local/lib/python3.12/site-packages/airflow/example_dags/example_setup_teardown_taskflow.py took 0.052 seconds
[2026-07-29T18:30:06.080+0000] {processor.py:186} INFO - Started process (PID=20699) to work on /home/airflow/.local/lib/python3.12/site-packages/airflow/example_dags/example_setup_teardown_taskflow.py
[2026-07-29T18:30:06.084+0000] {processor.py:914} INFO - Processing file /home/airflow/.local/lib/python3.12/site-packages/airflow/example_dags/example_setup_teardown_taskflow.py for tasks to queue
[2026-07-29T18:30:06.085+0000] {logging_mixin.py:190} INFO - [2026-07-29T18:30:06.085+0000] {dagbag.py:587} INFO - Filling up the DagBag from /home/airflow/.local/lib/python3.12/site-packages/airflow/example_dags/example_setup_teardown_taskflow.py
[2026-07-29T18:30:06.094+0000] {processor.py:925} INFO - DAG(s) 'example_setup_teardown_taskflow' retrieved from /home/airflow/.local/lib/python3.12/site-packages/airflow/example_dags/example_setup_teardown_taskflow.py
[2026-07-29T18:30:06.106+0000] {logging_mixin.py:190} INFO - [2026-07-29T18:30:06.105+0000] {dag.py:3211} INFO - Sync 1 DAGs
[2026-07-29T18:30:06.116+0000] {logging_mixin.py:190} INFO - [2026-07-29T18:30:06.115+0000] {dag.py:4138} INFO - Setting next_dagrun for example_setup_teardown_taskflow to 2026-07-28 00:00:00+00:00, run_after=2026-07-29 00:00:00+00:00
[2026-07-29T18:30:06.123+0000] {processor.py:208} INFO - Processing /home/airflow/.local/lib/python3.12/site-packages/airflow/example_dags/example_setup_teardown_taskflow.py took 0.046 seconds
[2026-07-29T18:30:37.000+0000] {processor.py:186} INFO - Started process (PID=20765) to work on /home/airflow/.local/lib/python3.12/site-packages/airflow/example_dags/example_setup_teardown_taskflow.py
[2026-07-29T18:30:37.002+0000] {processor.py:914} INFO - Processing file /home/airflow/.local/lib/python3.12/site-packages/airflow/example_dags/example_setup_teardown_taskflow.py for tasks to queue
[2026-07-29T18:30:37.003+0000] {logging_mixin.py:190} INFO - [2026-07-29T18:30:37.003+0000] {dagbag.py:587} INFO - Filling up the DagBag from /home/airflow/.local/lib/python3.12/site-packages/airflow/example_dags/example_setup_teardown_taskflow.py
[2026-07-29T18:30:37.007+0000] {processor.py:925} INFO - DAG(s) 'example_setup_teardown_taskflow' retrieved from /home/airflow/.local/lib/python3.12/site-packages/airflow/example_dags/example_setup_teardown_taskflow.py
[2026-07-29T18:30:37.031+0000] {logging_mixin.py:190} INFO - [2026-07-29T18:30:37.031+0000] {dag.py:3211} INFO - Sync 1 DAGs
[2026-07-29T18:30:37.040+0000] {logging_mixin.py:190} INFO - [2026-07-29T18:30:37.040+0000] {dag.py:4138} INFO - Setting next_dagrun for example_setup_teardown_taskflow to 2026-07-28 00:00:00+00:00, run_after=2026-07-29 00:00:00+00:00
[2026-07-29T18:30:37.048+0000] {processor.py:208} INFO - Processing /home/airflow/.local/lib/python3.12/site-packages/airflow/example_dags/example_setup_teardown_taskflow.py took 0.051 seconds
[2026-07-29T18:31:07.939+0000] {processor.py:186} INFO - Started process (PID=20831) to work on /home/airflow/.local/lib/python3.12/site-packages/airflow/example_dags/example_setup_teardown_taskflow.py
[2026-07-29T18:31:07.942+0000] {processor.py:914} INFO - Processing file /home/airflow/.local/lib/python3.12/site-packages/airflow/example_dags/example_setup_teardown_taskflow.py for tasks to queue
[2026-07-29T18:31:07.944+0000] {logging_mixin.py:190} INFO - [2026-07-29T18:31:07.944+0000] {dagbag.py:587} INFO - Filling up the DagBag from /home/airflow/.local/lib/python3.12/site-packages/airflow/example_dags/example_setup_teardown_taskflow.py
[2026-07-29T18:31:07.953+0000] {processor.py:925} INFO - DAG(s) 'example_setup_teardown_taskflow' retrieved from /home/airflow/.local/lib/python3.12/site-packages/airflow/example_dags/example_setup_teardown_taskflow.py
[2026-07-29T18:31:07.964+0000] {logging_mixin.py:190} INFO - [2026-07-29T18:31:07.964+0000] {dag.py:3211} INFO - Sync 1 DAGs
[2026-07-29T18:31:07.974+0000] {logging_mixin.py:190} INFO - [2026-07-29T18:31:07.974+0000] {dag.py:4138} INFO - Setting next_dagrun for example_setup_teardown_taskflow to 2026-07-28 00:00:00+00:00, run_after=2026-07-29 00:00:00+00:00
[2026-07-29T18:31:07.981+0000] {processor.py:208} INFO - Processing /home/airflow/.local/lib/python3.12/site-packages/airflow/example_dags/example_setup_teardown_taskflow.py took 0.046 seconds
[2026-07-29T18:31:38.878+0000] {processor.py:186} INFO - Started process (PID=20897) to work on /home/airflow/.local/lib/python3.12/site-packages/airflow/example_dags/example_setup_teardown_taskflow.py
[2026-07-29T18:31:38.880+0000] {processor.py:914} INFO - Processing file /home/airflow/.local/lib/python3.12/site-packages/airflow/example_dags/example_setup_teardown_taskflow.py for tasks to queue
[2026-07-29T18:31:38.883+0000] {logging_mixin.py:190} INFO - [2026-07-29T18:31:38.882+0000] {dagbag.py:587} INFO - Filling up the DagBag from /home/airflow/.local/lib/python3.12/site-packages/airflow/example_dags/example_setup_teardown_taskflow.py
[2026-07-29T18:31:38.895+0000] {processor.py:925} INFO - DAG(s) 'example_setup_teardown_taskflow' retrieved from /home/airflow/.local/lib/python3.12/site-packages/airflow/example_dags/example_setup_teardown_taskflow.py
[2026-07-29T18:31:38.916+0000] {logging_mixin.py:190} INFO - [2026-07-29T18:31:38.916+0000] {dag.py:3211} INFO - Sync 1 DAGs
[2026-07-29T18:31:38.931+0000] {logging_mixin.py:190} INFO - [2026-07-29T18:31:38.931+0000] {dag.py:4138} INFO - Setting next_dagrun for example_setup_teardown_taskflow to 2026-07-28 00:00:00+00:00, run_after=2026-07-29 00:00:00+00:00
[2026-07-29T18:31:38.942+0000] {processor.py:208} INFO - Processing /home/airflow/.local/lib/python3.12/site-packages/airflow/example_dags/example_setup_teardown_taskflow.py took 0.067 seconds
[2026-07-29T18:32:08.974+0000] {processor.py:186} INFO - Started process (PID=20962) to work on /home/airflow/.local/lib/python3.12/site-packages/airflow/example_dags/example_setup_teardown_taskflow.py
[2026-07-29T18:32:08.974+0000] {processor.py:914} INFO - Processing file /home/airflow/.local/lib/python3.12/site-packages/airflow/example_dags/example_setup_teardown_taskflow.py for tasks to queue
[2026-07-29T18:32:08.976+0000] {logging_mixin.py:190} INFO - [2026-07-29T18:32:08.976+0000] {dagbag.py:587} INFO - Filling up the DagBag from /home/airflow/.local/lib/python3.12/site-packages/airflow/example_dags/example_setup_teardown_taskflow.py
[2026-07-29T18:32:08.982+0000] {processor.py:925} INFO - DAG(s) 'example_setup_teardown_taskflow' retrieved from /home/airflow/.local/lib/python3.12/site-packages/airflow/example_dags/example_setup_teardown_taskflow.py
[2026-07-29T18:32:08.994+0000] {logging_mixin.py:190} INFO - [2026-07-29T18:32:08.994+0000] {dag.py:3211} INFO - Sync 1 DAGs
[2026-07-29T18:32:09.004+0000] {logging_mixin.py:190} INFO - [2026-07-29T18:32:09.004+0000] {dag.py:4138} INFO - Setting next_dagrun for example_setup_teardown_taskflow to 2026-07-28 00:00:00+00:00, run_after=2026-07-29 00:00:00+00:00
[2026-07-29T18:32:09.012+0000] {processor.py:208} INFO - Processing /home/airflow/.local/lib/python3.12/site-packages/airflow/example_dags/example_setup_teardown_taskflow.py took 0.042 seconds
[2026-07-29T18:32:39.954+0000] {processor.py:186} INFO - Started process (PID=21028) to work on /home/airflow/.local/lib/python3.12/site-packages/airflow/example_dags/example_setup_teardown_taskflow.py
[2026-07-29T18:32:39.955+0000] {processor.py:914} INFO - Processing file /home/airflow/.local/lib/python3.12/site-packages/airflow/example_dags/example_setup_teardown_taskflow.py for tasks to queue
[2026-07-29T18:32:39.957+0000] {logging_mixin.py:190} INFO - [2026-07-29T18:32:39.957+0000] {dagbag.py:587} INFO - Filling up the DagBag from /home/airflow/.local/lib/python3.12/site-packages/airflow/example_dags/example_setup_teardown_taskflow.py
[2026-07-29T18:32:39.963+0000] {processor.py:925} INFO - DAG(s) 'example_setup_teardown_taskflow' retrieved from /home/airflow/.local/lib/python3.12/site-packages/airflow/example_dags/example_setup_teardown_taskflow.py
[2026-07-29T18:32:39.974+0000] {logging_mixin.py:190} INFO - [2026-07-29T18:32:39.974+0000] {dag.py:3211} INFO - Sync 1 DAGs
[2026-07-29T18:32:39.984+0000] {logging_mixin.py:190} INFO - [2026-07-29T18:32:39.984+0000] {dag.py:4138} INFO - Setting next_dagrun for example_setup_teardown_taskflow to 2026-07-28 00:00:00+00:00, run_after=2026-07-29 00:00:00+00:00
[2026-07-29T18:32:39.992+0000] {processor.py:208} INFO - Processing /home/airflow/.local/lib/python3.12/site-packages/airflow/example_dags/example_setup_teardown_taskflow.py took 0.041 seconds
[2026-07-29T18:33:10.983+0000] {processor.py:186} INFO - Started process (PID=21094) to work on /home/airflow/.local/lib/python3.12/site-packages/airflow/example_dags/example_setup_teardown_taskflow.py
[2026-07-29T18:33:10.984+0000] {processor.py:914} INFO - Processing file /home/airflow/.local/lib/python3.12/site-packages/airflow/example_dags/example_setup_teardown_taskflow.py for tasks to queue
[2026-07-29T18:33:10.986+0000] {logging_mixin.py:190} INFO - [2026-07-29T18:33:10.986+0000] {dagbag.py:587} INFO - Filling up the DagBag from /home/airflow/.local/lib/python3.12/site-packages/airflow/example_dags/example_setup_teardown_taskflow.py
[2026-07-29T18:33:10.994+0000] {processor.py:925} INFO - DAG(s) 'example_setup_teardown_taskflow' retrieved from /home/airflow/.local/lib/python3.12/site-packages/airflow/example_dags/example_setup_teardown_taskflow.py
[2026-07-29T18:33:11.007+0000] {logging_mixin.py:190} INFO - [2026-07-29T18:33:11.007+0000] {dag.py:3211} INFO - Sync 1 DAGs
[2026-07-29T18:33:11.017+0000] {logging_mixin.py:190} INFO - [2026-07-29T18:33:11.017+0000] {dag.py:4138} INFO - Setting next_dagrun for example_setup_teardown_taskflow to 2026-07-28 00:00:00+00:00, run_after=2026-07-29 00:00:00+00:00
[2026-07-29T18:33:11.024+0000] {processor.py:208} INFO - Processing /home/airflow/.local/lib/python3.12/site-packages/airflow/example_dags/example_setup_teardown_taskflow.py took 0.045 seconds
[2026-07-29T18:33:42.009+0000] {processor.py:186} INFO - Started process (PID=21160) to work on /home/airflow/.local/lib/python3.12/site-packages/airflow/example_dags/example_setup_teardown_taskflow.py
[2026-07-29T18:33:42.010+0000] {processor.py:914} INFO - Processing file /home/airflow/.local/lib/python3.12/site-packages/airflow/example_dags/example_setup_teardown_taskflow.py for tasks to queue
[2026-07-29T18:33:42.012+0000] {logging_mixin.py:190} INFO - [2026-07-29T18:33:42.012+0000] {dagbag.py:587} INFO - Filling up the DagBag from /home/airflow/.local/lib/python3.12/site-packages/airflow/example_dags/example_setup_teardown_taskflow.py
[2026-07-29T18:33:42.019+0000] {processor.py:925} INFO - DAG(s) 'example_setup_teardown_taskflow' retrieved from /home/airflow/.local/lib/python3.12/site-packages/airflow/example_dags/example_setup_teardown_taskflow.py
[2026-07-29T18:33:42.029+0000] {logging_mixin.py:190} INFO - [2026-07-29T18:33:42.029+0000] {dag.py:3211} INFO - Sync 1 DAGs
[2026-07-29T18:33:42.039+0000] {logging_mixin.py:190} INFO - [2026-07-29T18:33:42.039+0000] {dag.py:4138} INFO - Setting next_dagrun for example_setup_teardown_taskflow to 2026-07-28 00:00:00+00:00, run_after=2026-07-29 00:00:00+00:00
[2026-07-29T18:33:42.046+0000] {processor.py:208} INFO - Processing /home/airflow/.local/lib/python3.12/site-packages/airflow/example_dags/example_setup_teardown_taskflow.py took 0.042 seconds
[2026-07-29T18:34:12.417+0000] {processor.py:186} INFO - Started process (PID=21226) to work on /home/airflow/.local/lib/python3.12/site-packages/airflow/example_dags/example_setup_teardown_taskflow.py
[2026-07-29T18:34:12.417+0000] {processor.py:914} INFO - Processing file /home/airflow/.local/lib/python3.12/site-packages/airflow/example_dags/example_setup_teardown_taskflow.py for tasks to queue
[2026-07-29T18:34:12.420+0000] {logging_mixin.py:190} INFO - [2026-07-29T18:34:12.420+0000] {dagbag.py:587} INFO - Filling up the DagBag from /home/airflow/.local/lib/python3.12/site-packages/airflow/example_dags/example_setup_teardown_taskflow.py
[2026-07-29T18:34:12.428+0000] {processor.py:925} INFO - DAG(s) 'example_setup_teardown_taskflow' retrieved from /home/airflow/.local/lib/python3.12/site-packages/airflow/example_dags/example_setup_teardown_taskflow.py
[2026-07-29T18:34:12.439+0000] {logging_mixin.py:190} INFO - [2026-07-29T18:34:12.439+0000] {dag.py:3211} INFO - Sync 1 DAGs
[2026-07-29T18:34:12.449+0000] {logging_mixin.py:190} INFO - [2026-07-29T18:34:12.449+0000] {dag.py:4138} INFO - Setting next_dagrun for example_setup_teardown_taskflow to 2026-07-28 00:00:00+00:00, run_after=2026-07-29 00:00:00+00:00
[2026-07-29T18:34:12.456+0000] {processor.py:208} INFO - Processing /home/airflow/.local/lib/python3.12/site-packages/airflow/example_dags/example_setup_teardown_taskflow.py took 0.045 seconds
[2026-07-29T18:34:43.345+0000] {processor.py:186} INFO - Started process (PID=21292) to work on /home/airflow/.local/lib/python3.12/site-packages/airflow/example_dags/example_setup_teardown_taskflow.py
[2026-07-29T18:34:43.346+0000] {processor.py:914} INFO - Processing file /home/airflow/.local/lib/python3.12/site-packages/airflow/example_dags/example_setup_teardown_taskflow.py for tasks to queue
[2026-07-29T18:34:43.348+0000] {logging_mixin.py:190} INFO - [2026-07-29T18:34:43.348+0000] {dagbag.py:587} INFO - Filling up the DagBag from /home/airflow/.local/lib/python3.12/site-packages/airflow/example_dags/example_setup_teardown_taskflow.py
[2026-07-29T18:34:43.356+0000] {processor.py:925} INFO - DAG(s) 'example_setup_teardown_taskflow' retrieved from /home/airflow/.local/lib/python3.12/site-packages/airflow/example_dags/example_setup_teardown_taskflow.py
[2026-07-29T18:34:43.368+0000] {logging_mixin.py:190} INFO - [2026-07-29T18:34:43.368+0000] {dag.py:3211} INFO - Sync 1 DAGs
[2026-07-29T18:34:43.377+0000] {logging_mixin.py:190} INFO - [2026-07-29T18:34:43.377+0000] {dag.py:4138} INFO - Setting next_dagrun for example_setup_teardown_taskflow to 2026-07-28 00:00:00+00:00, run_after=2026-07-29 00:00:00+00:00
[2026-07-29T18:34:43.384+0000] {processor.py:208} INFO - Processing /home/airflow/.local/lib/python3.12/site-packages/airflow/example_dags/example_setup_teardown_taskflow.py took 0.045 seconds
[2026-07-29T18:35:14.307+0000] {processor.py:186} INFO - Started process (PID=21358) to work on /home/airflow/.local/lib/python3.12/site-packages/airflow/example_dags/example_setup_teardown_taskflow.py
[2026-07-29T18:35:14.308+0000] {processor.py:914} INFO - Processing file /home/airflow/.local/lib/python3.12/site-packages/airflow/example_dags/example_setup_teardown_taskflow.py for tasks to queue
[2026-07-29T18:35:14.310+0000] {logging_mixin.py:190} INFO - [2026-07-29T18:35:14.310+0000] {dagbag.py:587} INFO - Filling up the DagBag from /home/airflow/.local/lib/python3.12/site-packages/airflow/example_dags/example_setup_teardown_taskflow.py
[2026-07-29T18:35:14.316+0000] {processor.py:925} INFO - DAG(s) 'example_setup_teardown_taskflow' retrieved from /home/airflow/.local/lib/python3.12/site-packages/airflow/example_dags/example_setup_teardown_taskflow.py
[2026-07-29T18:35:14.326+0000] {logging_mixin.py:190} INFO - [2026-07-29T18:35:14.326+0000] {dag.py:3211} INFO - Sync 1 DAGs
[2026-07-29T18:35:14.335+0000] {logging_mixin.py:190} INFO - [2026-07-29T18:35:14.335+0000] {dag.py:4138} INFO - Setting next_dagrun for example_setup_teardown_taskflow to 2026-07-28 00:00:00+00:00, run_after=2026-07-29 00:00:00+00:00
[2026-07-29T18:35:14.342+0000] {processor.py:208} INFO - Processing /home/airflow/.local/lib/python3.12/site-packages/airflow/example_dags/example_setup_teardown_taskflow.py took 0.039 seconds
[2026-07-29T18:35:45.335+0000] {processor.py:186} INFO - Started process (PID=21424) to work on /home/airflow/.local/lib/python3.12/site-packages/airflow/example_dags/example_setup_teardown_taskflow.py
[2026-07-29T18:35:45.335+0000] {processor.py:914} INFO - Processing file /home/airflow/.local/lib/python3.12/site-packages/airflow/example_dags/example_setup_teardown_taskflow.py for tasks to queue
[2026-07-29T18:35:45.337+0000] {logging_mixin.py:190} INFO - [2026-07-29T18:35:45.337+0000] {dagbag.py:587} INFO - Filling up the DagBag from /home/airflow/.local/lib/python3.12/site-packages/airflow/example_dags/example_setup_teardown_taskflow.py
[2026-07-29T18:35:45.344+0000] {processor.py:925} INFO - DAG(s) 'example_setup_teardown_taskflow' retrieved from /home/airflow/.local/lib/python3.12/site-packages/airflow/example_dags/example_setup_teardown_taskflow.py
[2026-07-29T18:35:45.355+0000] {logging_mixin.py:190} INFO - [2026-07-29T18:35:45.355+0000] {dag.py:3211} INFO - Sync 1 DAGs
[2026-07-29T18:35:45.367+0000] {logging_mixin.py:190} INFO - [2026-07-29T18:35:45.367+0000] {dag.py:4138} INFO - Setting next_dagrun for example_setup_teardown_taskflow to 2026-07-28 00:00:00+00:00, run_after=2026-07-29 00:00:00+00:00
[2026-07-29T18:35:45.375+0000] {processor.py:208} INFO - Processing /home/airflow/.local/lib/python3.12/site-packages/airflow/example_dags/example_setup_teardown_taskflow.py took 0.044 seconds
[2026-07-29T18:36:16.361+0000] {processor.py:186} INFO - Started process (PID=21490) to work on /home/airflow/.local/lib/python3.12/site-packages/airflow/example_dags/example_setup_teardown_taskflow.py
[2026-07-29T18:36:16.361+0000] {processor.py:914} INFO - Processing file /home/airflow/.local/lib/python3.12/site-packages/airflow/example_dags/example_setup_teardown_taskflow.py for tasks to queue
[2026-07-29T18:36:16.364+0000] {logging_mixin.py:190} INFO - [2026-07-29T18:36:16.363+0000] {dagbag.py:587} INFO - Filling up the DagBag from /home/airflow/.local/lib/python3.12/site-packages/airflow/example_dags/example_setup_teardown_taskflow.py
[2026-07-29T18:36:16.371+0000] {processor.py:925} INFO - DAG(s) 'example_setup_teardown_taskflow' retrieved from /home/airflow/.local/lib/python3.12/site-packages/airflow/example_dags/example_setup_teardown_taskflow.py
[2026-07-29T18:36:16.382+0000] {logging_mixin.py:190} INFO - [2026-07-29T18:36:16.382+0000] {dag.py:3211} INFO - Sync 1 DAGs
[2026-07-29T18:36:16.392+0000] {logging_mixin.py:190} INFO - [2026-07-29T18:36:16.392+0000] {dag.py:4138} INFO - Setting next_dagrun for example_setup_teardown_taskflow to 2026-07-28 00:00:00+00:00, run_after=2026-07-29 00:00:00+00:00
[2026-07-29T18:36:16.399+0000] {processor.py:208} INFO - Processing /home/airflow/.local/lib/python3.12/site-packages/airflow/example_dags/example_setup_teardown_taskflow.py took 0.045 seconds
[2026-07-29T18:36:47.329+0000] {processor.py:186} INFO - Started process (PID=21556) to work on /home/airflow/.local/lib/python3.12/site-packages/airflow/example_dags/example_setup_teardown_taskflow.py
[2026-07-29T18:36:47.330+0000] {processor.py:914} INFO - Processing file /home/airflow/.local/lib/python3.12/site-packages/airflow/example_dags/example_setup_teardown_taskflow.py for tasks to queue
[2026-07-29T18:36:47.332+0000] {logging_mixin.py:190} INFO - [2026-07-29T18:36:47.331+0000] {dagbag.py:587} INFO - Filling up the DagBag from /home/airflow/.local/lib/python3.12/site-packages/airflow/example_dags/example_setup_teardown_taskflow.py
[2026-07-29T18:36:47.339+0000] {processor.py:925} INFO - DAG(s) 'example_setup_teardown_taskflow' retrieved from /home/airflow/.local/lib/python3.12/site-packages/airflow/example_dags/example_setup_teardown_taskflow.py
[2026-07-29T18:36:47.352+0000] {logging_mixin.py:190} INFO - [2026-07-29T18:36:47.352+0000] {dag.py:3211} INFO - Sync 1 DAGs
[2026-07-29T18:36:47.362+0000] {logging_mixin.py:190} INFO - [2026-07-29T18:36:47.362+0000] {dag.py:4138} INFO - Setting next_dagrun for example_setup_teardown_taskflow to 2026-07-28 00:00:00+00:00, run_after=2026-07-29 00:00:00+00:00
[2026-07-29T18:36:47.370+0000] {processor.py:208} INFO - Processing /home/airflow/.local/lib/python3.12/site-packages/airflow/example_dags/example_setup_teardown_taskflow.py took 0.045 seconds
[2026-07-29T18:37:18.355+0000] {processor.py:186} INFO - Started process (PID=21622) to work on /home/airflow/.local/lib/python3.12/site-packages/airflow/example_dags/example_setup_teardown_taskflow.py
[2026-07-29T18:37:18.355+0000] {processor.py:914} INFO - Processing file /home/airflow/.local/lib/python3.12/site-packages/airflow/example_dags/example_setup_teardown_taskflow.py for tasks to queue
[2026-07-29T18:37:18.358+0000] {logging_mixin.py:190} INFO - [2026-07-29T18:37:18.358+0000] {dagbag.py:587} INFO - Filling up the DagBag from /home/airflow/.local/lib/python3.12/site-packages/airflow/example_dags/example_setup_teardown_taskflow.py
[2026-07-29T18:37:18.365+0000] {processor.py:925} INFO - DAG(s) 'example_setup_teardown_taskflow' retrieved from /home/airflow/.local/lib/python3.12/site-packages/airflow/example_dags/example_setup_teardown_taskflow.py
[2026-07-29T18:37:18.378+0000] {logging_mixin.py:190} INFO - [2026-07-29T18:37:18.378+0000] {dag.py:3211} INFO - Sync 1 DAGs
[2026-07-29T18:37:18.387+0000] {logging_mixin.py:190} INFO - [2026-07-29T18:37:18.387+0000] {dag.py:4138} INFO - Setting next_dagrun for example_setup_teardown_taskflow to 2026-07-28 00:00:00+00:00, run_after=2026-07-29 00:00:00+00:00
[2026-07-29T18:37:18.394+0000] {processor.py:208} INFO - Processing /home/airflow/.local/lib/python3.12/site-packages/airflow/example_dags/example_setup_teardown_taskflow.py took 0.045 seconds
[2026-07-29T18:37:48.468+0000] {processor.py:186} INFO - Started process (PID=21688) to work on /home/airflow/.local/lib/python3.12/site-packages/airflow/example_dags/example_setup_teardown_taskflow.py
[2026-07-29T18:37:48.469+0000] {processor.py:914} INFO - Processing file /home/airflow/.local/lib/python3.12/site-packages/airflow/example_dags/example_setup_teardown_taskflow.py for tasks to queue
[2026-07-29T18:37:48.471+0000] {logging_mixin.py:190} INFO - [2026-07-29T18:37:48.470+0000] {dagbag.py:587} INFO - Filling up the DagBag from /home/airflow/.local/lib/python3.12/site-packages/airflow/example_dags/example_setup_teardown_taskflow.py
[2026-07-29T18:37:48.476+0000] {processor.py:925} INFO - DAG(s) 'example_setup_teardown_taskflow' retrieved from /home/airflow/.local/lib/python3.12/site-packages/airflow/example_dags/example_setup_teardown_taskflow.py
[2026-07-29T18:37:48.485+0000] {logging_mixin.py:190} INFO - [2026-07-29T18:37:48.485+0000] {dag.py:3211} INFO - Sync 1 DAGs
[2026-07-29T18:37:48.494+0000] {logging_mixin.py:190} INFO - [2026-07-29T18:37:48.494+0000] {dag.py:4138} INFO - Setting next_dagrun for example_setup_teardown_taskflow to 2026-07-28 00:00:00+00:00, run_after=2026-07-29 00:00:00+00:00
[2026-07-29T18:37:48.500+0000] {processor.py:208} INFO - Processing /home/airflow/.local/lib/python3.12/site-packages/airflow/example_dags/example_setup_teardown_taskflow.py took 0.035 seconds
[2026-07-29T18:38:18.562+0000] {processor.py:186} INFO - Started process (PID=21754) to work on /home/airflow/.local/lib/python3.12/site-packages/airflow/example_dags/example_setup_teardown_taskflow.py
[2026-07-29T18:38:18.564+0000] {processor.py:914} INFO - Processing file /home/airflow/.local/lib/python3.12/site-packages/airflow/example_dags/example_setup_teardown_taskflow.py for tasks to queue
[2026-07-29T18:38:18.566+0000] {logging_mixin.py:190} INFO - [2026-07-29T18:38:18.565+0000] {dagbag.py:587} INFO - Filling up the DagBag from /home/airflow/.local/lib/python3.12/site-packages/airflow/example_dags/example_setup_teardown_taskflow.py
[2026-07-29T18:38:18.576+0000] {processor.py:925} INFO - DAG(s) 'example_setup_teardown_taskflow' retrieved from /home/airflow/.local/lib/python3.12/site-packages/airflow/example_dags/example_setup_teardown_taskflow.py
[2026-07-29T18:38:18.586+0000] {logging_mixin.py:190} INFO - [2026-07-29T18:38:18.586+0000] {dag.py:3211} INFO - Sync 1 DAGs
[2026-07-29T18:38:18.594+0000] {logging_mixin.py:190} INFO - [2026-07-29T18:38:18.594+0000] {dag.py:4138} INFO - Setting next_dagrun for example_setup_teardown_taskflow to 2026-07-28 00:00:00+00:00, run_after=2026-07-29 00:00:00+00:00
[2026-07-29T18:38:18.601+0000] {processor.py:208} INFO - Processing /home/airflow/.local/lib/python3.12/site-packages/airflow/example_dags/example_setup_teardown_taskflow.py took 0.041 seconds
[2026-07-29T18:38:49.612+0000] {processor.py:186} INFO - Started process (PID=21820) to work on /home/airflow/.local/lib/python3.12/site-packages/airflow/example_dags/example_setup_teardown_taskflow.py
[2026-07-29T18:38:49.614+0000] {processor.py:914} INFO - Processing file /home/airflow/.local/lib/python3.12/site-packages/airflow/example_dags/example_setup_teardown_taskflow.py for tasks to queue
[2026-07-29T18:38:49.615+0000] {logging_mixin.py:190} INFO - [2026-07-29T18:38:49.615+0000] {dagbag.py:587} INFO - Filling up the DagBag from /home/airflow/.local/lib/python3.12/site-packages/airflow/example_dags/example_setup_teardown_taskflow.py
[2026-07-29T18:38:49.626+0000] {processor.py:925} INFO - DAG(s) 'example_setup_teardown_taskflow' retrieved from /home/airflow/.local/lib/python3.12/site-packages/airflow/example_dags/example_setup_teardown_taskflow.py
[2026-07-29T18:38:49.640+0000] {logging_mixin.py:190} INFO - [2026-07-29T18:38:49.640+0000] {dag.py:3211} INFO - Sync 1 DAGs
[2026-07-29T18:38:49.650+0000] {logging_mixin.py:190} INFO - [2026-07-29T18:38:49.650+0000] {dag.py:4138} INFO - Setting next_dagrun for example_setup_teardown_taskflow to 2026-07-28 00:00:00+00:00, run_after=2026-07-29 00:00:00+00:00
[2026-07-29T18:38:49.659+0000] {processor.py:208} INFO - Processing /home/airflow/.local/lib/python3.12/site-packages/airflow/example_dags/example_setup_teardown_taskflow.py took 0.050 seconds
[2026-07-29T18:39:20.468+0000] {processor.py:186} INFO - Started process (PID=21886) to work on /home/airflow/.local/lib/python3.12/site-packages/airflow/example_dags/example_setup_teardown_taskflow.py
[2026-07-29T18:39:20.469+0000] {processor.py:914} INFO - Processing file /home/airflow/.local/lib/python3.12/site-packages/airflow/example_dags/example_setup_teardown_taskflow.py for tasks to queue
[2026-07-29T18:39:20.470+0000] {logging_mixin.py:190} INFO - [2026-07-29T18:39:20.470+0000] {dagbag.py:587} INFO - Filling up the DagBag from /home/airflow/.local/lib/python3.12/site-packages/airflow/example_dags/example_setup_teardown_taskflow.py
[2026-07-29T18:39:20.475+0000] {processor.py:925} INFO - DAG(s) 'example_setup_teardown_taskflow' retrieved from /home/airflow/.local/lib/python3.12/site-packages/airflow/example_dags/example_setup_teardown_taskflow.py
[2026-07-29T18:39:20.485+0000] {logging_mixin.py:190} INFO - [2026-07-29T18:39:20.485+0000] {dag.py:3211} INFO - Sync 1 DAGs
[2026-07-29T18:39:20.494+0000] {logging_mixin.py:190} INFO - [2026-07-29T18:39:20.494+0000] {dag.py:4138} INFO - Setting next_dagrun for example_setup_teardown_taskflow to 2026-07-28 00:00:00+00:00, run_after=2026-07-29 00:00:00+00:00
[2026-07-29T18:39:20.502+0000] {processor.py:208} INFO - Processing /home/airflow/.local/lib/python3.12/site-packages/airflow/example_dags/example_setup_teardown_taskflow.py took 0.037 seconds
[2026-07-29T18:39:50.618+0000] {processor.py:186} INFO - Started process (PID=21952) to work on /home/airflow/.local/lib/python3.12/site-packages/airflow/example_dags/example_setup_teardown_taskflow.py
[2026-07-29T18:39:50.619+0000] {processor.py:914} INFO - Processing file /home/airflow/.local/lib/python3.12/site-packages/airflow/example_dags/example_setup_teardown_taskflow.py for tasks to queue
[2026-07-29T18:39:50.620+0000] {logging_mixin.py:190} INFO - [2026-07-29T18:39:50.620+0000] {dagbag.py:587} INFO - Filling up the DagBag from /home/airflow/.local/lib/python3.12/site-packages/airflow/example_dags/example_setup_teardown_taskflow.py
[2026-07-29T18:39:50.627+0000] {processor.py:925} INFO - DAG(s) 'example_setup_teardown_taskflow' retrieved from /home/airflow/.local/lib/python3.12/site-packages/airflow/example_dags/example_setup_teardown_taskflow.py
[2026-07-29T18:39:50.638+0000] {logging_mixin.py:190} INFO - [2026-07-29T18:39:50.638+0000] {dag.py:3211} INFO - Sync 1 DAGs
[2026-07-29T18:39:50.649+0000] {logging_mixin.py:190} INFO - [2026-07-29T18:39:50.649+0000] {dag.py:4138} INFO - Setting next_dagrun for example_setup_teardown_taskflow to 2026-07-28 00:00:00+00:00, run_after=2026-07-29 00:00:00+00:00
[2026-07-29T18:39:50.656+0000] {processor.py:208} INFO - Processing /home/airflow/.local/lib/python3.12/site-packages/airflow/example_dags/example_setup_teardown_taskflow.py took 0.042 seconds
[2026-07-29T18:40:20.756+0000] {processor.py:186} INFO - Started process (PID=22018) to work on /home/airflow/.local/lib/python3.12/site-packages/airflow/example_dags/example_setup_teardown_taskflow.py
[2026-07-29T18:40:20.757+0000] {processor.py:914} INFO - Processing file /home/airflow/.local/lib/python3.12/site-packages/airflow/example_dags/example_setup_teardown_taskflow.py for tasks to queue
[2026-07-29T18:40:20.759+0000] {logging_mixin.py:190} INFO - [2026-07-29T18:40:20.759+0000] {dagbag.py:587} INFO - Filling up the DagBag from /home/airflow/.local/lib/python3.12/site-packages/airflow/example_dags/example_setup_teardown_taskflow.py
[2026-07-29T18:40:20.765+0000] {processor.py:925} INFO - DAG(s) 'example_setup_teardown_taskflow' retrieved from /home/airflow/.local/lib/python3.12/site-packages/airflow/example_dags/example_setup_teardown_taskflow.py
[2026-07-29T18:40:20.776+0000] {logging_mixin.py:190} INFO - [2026-07-29T18:40:20.776+0000] {dag.py:3211} INFO - Sync 1 DAGs
[2026-07-29T18:40:20.786+0000] {logging_mixin.py:190} INFO - [2026-07-29T18:40:20.786+0000] {dag.py:4138} INFO - Setting next_dagrun for example_setup_teardown_taskflow to 2026-07-28 00:00:00+00:00, run_after=2026-07-29 00:00:00+00:00
[2026-07-29T18:40:20.794+0000] {processor.py:208} INFO - Processing /home/airflow/.local/lib/python3.12/site-packages/airflow/example_dags/example_setup_teardown_taskflow.py took 0.042 seconds
[2026-07-29T18:40:50.925+0000] {processor.py:186} INFO - Started process (PID=22084) to work on /home/airflow/.local/lib/python3.12/site-packages/airflow/example_dags/example_setup_teardown_taskflow.py
[2026-07-29T18:40:50.926+0000] {processor.py:914} INFO - Processing file /home/airflow/.local/lib/python3.12/site-packages/airflow/example_dags/example_setup_teardown_taskflow.py for tasks to queue
[2026-07-29T18:40:50.928+0000] {logging_mixin.py:190} INFO - [2026-07-29T18:40:50.928+0000] {dagbag.py:587} INFO - Filling up the DagBag from /home/airflow/.local/lib/python3.12/site-packages/airflow/example_dags/example_setup_teardown_taskflow.py
[2026-07-29T18:40:50.934+0000] {processor.py:925} INFO - DAG(s) 'example_setup_teardown_taskflow' retrieved from /home/airflow/.local/lib/python3.12/site-packages/airflow/example_dags/example_setup_teardown_taskflow.py
[2026-07-29T18:40:50.945+0000] {logging_mixin.py:190} INFO - [2026-07-29T18:40:50.945+0000] {dag.py:3211} INFO - Sync 1 DAGs
[2026-07-29T18:40:50.955+0000] {logging_mixin.py:190} INFO - [2026-07-29T18:40:50.955+0000] {dag.py:4138} INFO - Setting next_dagrun for example_setup_teardown_taskflow to 2026-07-28 00:00:00+00:00, run_after=2026-07-29 00:00:00+00:00
[2026-07-29T18:40:50.961+0000] {processor.py:208} INFO - Processing /home/airflow/.local/lib/python3.12/site-packages/airflow/example_dags/example_setup_teardown_taskflow.py took 0.041 seconds
[2026-07-29T18:41:21.211+0000] {processor.py:186} INFO - Started process (PID=22150) to work on /home/airflow/.local/lib/python3.12/site-packages/airflow/example_dags/example_setup_teardown_taskflow.py
[2026-07-29T18:41:21.212+0000] {processor.py:914} INFO - Processing file /home/airflow/.local/lib/python3.12/site-packages/airflow/example_dags/example_setup_teardown_taskflow.py for tasks to queue
[2026-07-29T18:41:21.214+0000] {logging_mixin.py:190} INFO - [2026-07-29T18:41:21.214+0000] {dagbag.py:587} INFO - Filling up the DagBag from /home/airflow/.local/lib/python3.12/site-packages/airflow/example_dags/example_setup_teardown_taskflow.py
[2026-07-29T18:41:21.221+0000] {processor.py:925} INFO - DAG(s) 'example_setup_teardown_taskflow' retrieved from /home/airflow/.local/lib/python3.12/site-packages/airflow/example_dags/example_setup_teardown_taskflow.py
[2026-07-29T18:41:21.232+0000] {logging_mixin.py:190} INFO - [2026-07-29T18:41:21.232+0000] {dag.py:3211} INFO - Sync 1 DAGs
[2026-07-29T18:41:21.242+0000] {logging_mixin.py:190} INFO - [2026-07-29T18:41:21.242+0000] {dag.py:4138} INFO - Setting next_dagrun for example_setup_teardown_taskflow to 2026-07-28 00:00:00+00:00, run_after=2026-07-29 00:00:00+00:00
[2026-07-29T18:41:21.249+0000] {processor.py:208} INFO - Processing /home/airflow/.local/lib/python3.12/site-packages/airflow/example_dags/example_setup_teardown_taskflow.py took 0.043 seconds
[2026-07-29T18:41:51.651+0000] {processor.py:186} INFO - Started process (PID=22216) to work on /home/airflow/.local/lib/python3.12/site-packages/airflow/example_dags/example_setup_teardown_taskflow.py
[2026-07-29T18:41:51.652+0000] {processor.py:914} INFO - Processing file /home/airflow/.local/lib/python3.12/site-packages/airflow/example_dags/example_setup_teardown_taskflow.py for tasks to queue
[2026-07-29T18:41:51.654+0000] {logging_mixin.py:190} INFO - [2026-07-29T18:41:51.654+0000] {dagbag.py:587} INFO - Filling up the DagBag from /home/airflow/.local/lib/python3.12/site-packages/airflow/example_dags/example_setup_teardown_taskflow.py
[2026-07-29T18:41:51.660+0000] {processor.py:925} INFO - DAG(s) 'example_setup_teardown_taskflow' retrieved from /home/airflow/.local/lib/python3.12/site-packages/airflow/example_dags/example_setup_teardown_taskflow.py
[2026-07-29T18:41:51.671+0000] {logging_mixin.py:190} INFO - [2026-07-29T18:41:51.671+0000] {dag.py:3211} INFO - Sync 1 DAGs
[2026-07-29T18:41:51.681+0000] {logging_mixin.py:190} INFO - [2026-07-29T18:41:51.681+0000] {dag.py:4138} INFO - Setting next_dagrun for example_setup_teardown_taskflow to 2026-07-28 00:00:00+00:00, run_after=2026-07-29 00:00:00+00:00
[2026-07-29T18:41:51.689+0000] {processor.py:208} INFO - Processing /home/airflow/.local/lib/python3.12/site-packages/airflow/example_dags/example_setup_teardown_taskflow.py took 0.042 seconds
[2026-07-29T18:42:21.961+0000] {processor.py:186} INFO - Started process (PID=22282) to work on /home/airflow/.local/lib/python3.12/site-packages/airflow/example_dags/example_setup_teardown_taskflow.py
[2026-07-29T18:42:21.962+0000] {processor.py:914} INFO - Processing file /home/airflow/.local/lib/python3.12/site-packages/airflow/example_dags/example_setup_teardown_taskflow.py for tasks to queue
[2026-07-29T18:42:21.964+0000] {logging_mixin.py:190} INFO - [2026-07-29T18:42:21.964+0000] {dagbag.py:587} INFO - Filling up the DagBag from /home/airflow/.local/lib/python3.12/site-packages/airflow/example_dags/example_setup_teardown_taskflow.py
[2026-07-29T18:42:21.970+0000] {processor.py:925} INFO - DAG(s) 'example_setup_teardown_taskflow' retrieved from /home/airflow/.local/lib/python3.12/site-packages/airflow/example_dags/example_setup_teardown_taskflow.py
[2026-07-29T18:42:21.981+0000] {logging_mixin.py:190} INFO - [2026-07-29T18:42:21.981+0000] {dag.py:3211} INFO - Sync 1 DAGs
[2026-07-29T18:42:21.991+0000] {logging_mixin.py:190} INFO - [2026-07-29T18:42:21.991+0000] {dag.py:4138} INFO - Setting next_dagrun for example_setup_teardown_taskflow to 2026-07-28 00:00:00+00:00, run_after=2026-07-29 00:00:00+00:00
[2026-07-29T18:42:21.997+0000] {processor.py:208} INFO - Processing /home/airflow/.local/lib/python3.12/site-packages/airflow/example_dags/example_setup_teardown_taskflow.py took 0.042 seconds
[2026-07-29T18:42:52.045+0000] {processor.py:186} INFO - Started process (PID=22348) to work on /home/airflow/.local/lib/python3.12/site-packages/airflow/example_dags/example_setup_teardown_taskflow.py
[2026-07-29T18:42:52.046+0000] {processor.py:914} INFO - Processing file /home/airflow/.local/lib/python3.12/site-packages/airflow/example_dags/example_setup_teardown_taskflow.py for tasks to queue
[2026-07-29T18:42:52.048+0000] {logging_mixin.py:190} INFO - [2026-07-29T18:42:52.047+0000] {dagbag.py:587} INFO - Filling up the DagBag from /home/airflow/.local/lib/python3.12/site-packages/airflow/example_dags/example_setup_teardown_taskflow.py
[2026-07-29T18:42:52.054+0000] {processor.py:925} INFO - DAG(s) 'example_setup_teardown_taskflow' retrieved from /home/airflow/.local/lib/python3.12/site-packages/airflow/example_dags/example_setup_teardown_taskflow.py
[2026-07-29T18:42:52.064+0000] {logging_mixin.py:190} INFO - [2026-07-29T18:42:52.064+0000] {dag.py:3211} INFO - Sync 1 DAGs
[2026-07-29T18:42:52.073+0000] {logging_mixin.py:190} INFO - [2026-07-29T18:42:52.073+0000] {dag.py:4138} INFO - Setting next_dagrun for example_setup_teardown_taskflow to 2026-07-28 00:00:00+00:00, run_after=2026-07-29 00:00:00+00:00
[2026-07-29T18:42:52.080+0000] {processor.py:208} INFO - Processing /home/airflow/.local/lib/python3.12/site-packages/airflow/example_dags/example_setup_teardown_taskflow.py took 0.041 seconds
[2026-07-29T18:43:22.214+0000] {processor.py:186} INFO - Started process (PID=22414) to work on /home/airflow/.local/lib/python3.12/site-packages/airflow/example_dags/example_setup_teardown_taskflow.py
[2026-07-29T18:43:22.215+0000] {processor.py:914} INFO - Processing file /home/airflow/.local/lib/python3.12/site-packages/airflow/example_dags/example_setup_teardown_taskflow.py for tasks to queue
[2026-07-29T18:43:22.218+0000] {logging_mixin.py:190} INFO - [2026-07-29T18:43:22.217+0000] {dagbag.py:587} INFO - Filling up the DagBag from /home/airflow/.local/lib/python3.12/site-packages/airflow/example_dags/example_setup_teardown_taskflow.py
[2026-07-29T18:43:22.225+0000] {processor.py:925} INFO - DAG(s) 'example_setup_teardown_taskflow' retrieved from /home/airflow/.local/lib/python3.12/site-packages/airflow/example_dags/example_setup_teardown_taskflow.py
[2026-07-29T18:43:22.236+0000] {logging_mixin.py:190} INFO - [2026-07-29T18:43:22.236+0000] {dag.py:3211} INFO - Sync 1 DAGs
[2026-07-29T18:43:22.246+0000] {logging_mixin.py:190} INFO - [2026-07-29T18:43:22.246+0000] {dag.py:4138} INFO - Setting next_dagrun for example_setup_teardown_taskflow to 2026-07-28 00:00:00+00:00, run_after=2026-07-29 00:00:00+00:00
[2026-07-29T18:43:22.252+0000] {processor.py:208} INFO - Processing /home/airflow/.local/lib/python3.12/site-packages/airflow/example_dags/example_setup_teardown_taskflow.py took 0.044 seconds
[2026-07-29T18:43:52.387+0000] {processor.py:186} INFO - Started process (PID=22480) to work on /home/airflow/.local/lib/python3.12/site-packages/airflow/example_dags/example_setup_teardown_taskflow.py
[2026-07-29T18:43:52.388+0000] {processor.py:914} INFO - Processing file /home/airflow/.local/lib/python3.12/site-packages/airflow/example_dags/example_setup_teardown_taskflow.py for tasks to queue
[2026-07-29T18:43:52.391+0000] {logging_mixin.py:190} INFO - [2026-07-29T18:43:52.391+0000] {dagbag.py:587} INFO - Filling up the DagBag from /home/airflow/.local/lib/python3.12/site-packages/airflow/example_dags/example_setup_teardown_taskflow.py
[2026-07-29T18:43:52.400+0000] {processor.py:925} INFO - DAG(s) 'example_setup_teardown_taskflow' retrieved from /home/airflow/.local/lib/python3.12/site-packages/airflow/example_dags/example_setup_teardown_taskflow.py
[2026-07-29T18:43:52.412+0000] {logging_mixin.py:190} INFO - [2026-07-29T18:43:52.411+0000] {dag.py:3211} INFO - Sync 1 DAGs
[2026-07-29T18:43:52.422+0000] {logging_mixin.py:190} INFO - [2026-07-29T18:43:52.422+0000] {dag.py:4138} INFO - Setting next_dagrun for example_setup_teardown_taskflow to 2026-07-28 00:00:00+00:00, run_after=2026-07-29 00:00:00+00:00
[2026-07-29T18:43:52.430+0000] {processor.py:208} INFO - Processing /home/airflow/.local/lib/python3.12/site-packages/airflow/example_dags/example_setup_teardown_taskflow.py took 0.048 seconds
[2026-07-29T18:44:22.915+0000] {processor.py:186} INFO - Started process (PID=22546) to work on /home/airflow/.local/lib/python3.12/site-packages/airflow/example_dags/example_setup_teardown_taskflow.py
[2026-07-29T18:44:22.916+0000] {processor.py:914} INFO - Processing file /home/airflow/.local/lib/python3.12/site-packages/airflow/example_dags/example_setup_teardown_taskflow.py for tasks to queue
[2026-07-29T18:44:22.919+0000] {logging_mixin.py:190} INFO - [2026-07-29T18:44:22.918+0000] {dagbag.py:587} INFO - Filling up the DagBag from /home/airflow/.local/lib/python3.12/site-packages/airflow/example_dags/example_setup_teardown_taskflow.py
[2026-07-29T18:44:22.927+0000] {processor.py:925} INFO - DAG(s) 'example_setup_teardown_taskflow' retrieved from /home/airflow/.local/lib/python3.12/site-packages/airflow/example_dags/example_setup_teardown_taskflow.py
[2026-07-29T18:44:22.938+0000] {logging_mixin.py:190} INFO - [2026-07-29T18:44:22.938+0000] {dag.py:3211} INFO - Sync 1 DAGs
[2026-07-29T18:44:22.949+0000] {logging_mixin.py:190} INFO - [2026-07-29T18:44:22.948+0000] {dag.py:4138} INFO - Setting next_dagrun for example_setup_teardown_taskflow to 2026-07-28 00:00:00+00:00, run_after=2026-07-29 00:00:00+00:00
[2026-07-29T18:44:22.956+0000] {processor.py:208} INFO - Processing /home/airflow/.local/lib/python3.12/site-packages/airflow/example_dags/example_setup_teardown_taskflow.py took 0.047 seconds
[2026-07-29T18:44:53.261+0000] {processor.py:186} INFO - Started process (PID=22612) to work on /home/airflow/.local/lib/python3.12/site-packages/airflow/example_dags/example_setup_teardown_taskflow.py
[2026-07-29T18:44:53.262+0000] {processor.py:914} INFO - Processing file /home/airflow/.local/lib/python3.12/site-packages/airflow/example_dags/example_setup_teardown_taskflow.py for tasks to queue
[2026-07-29T18:44:53.263+0000] {logging_mixin.py:190} INFO - [2026-07-29T18:44:53.263+0000] {dagbag.py:587} INFO - Filling up the DagBag from /home/airflow/.local/lib/python3.12/site-packages/airflow/example_dags/example_setup_teardown_taskflow.py
[2026-07-29T18:44:53.269+0000] {processor.py:925} INFO - DAG(s) 'example_setup_teardown_taskflow' retrieved from /home/airflow/.local/lib/python3.12/site-packages/airflow/example_dags/example_setup_teardown_taskflow.py
[2026-07-29T18:44:53.280+0000] {logging_mixin.py:190} INFO - [2026-07-29T18:44:53.279+0000] {dag.py:3211} INFO - Sync 1 DAGs
[2026-07-29T18:44:53.289+0000] {logging_mixin.py:190} INFO - [2026-07-29T18:44:53.289+0000] {dag.py:4138} INFO - Setting next_dagrun for example_setup_teardown_taskflow to 2026-07-28 00:00:00+00:00, run_after=2026-07-29 00:00:00+00:00
[2026-07-29T18:44:53.296+0000] {processor.py:208} INFO - Processing /home/airflow/.local/lib/python3.12/site-packages/airflow/example_dags/example_setup_teardown_taskflow.py took 0.041 seconds
[2026-07-29T18:45:23.400+0000] {processor.py:186} INFO - Started process (PID=22678) to work on /home/airflow/.local/lib/python3.12/site-packages/airflow/example_dags/example_setup_teardown_taskflow.py
[2026-07-29T18:45:23.400+0000] {processor.py:914} INFO - Processing file /home/airflow/.local/lib/python3.12/site-packages/airflow/example_dags/example_setup_teardown_taskflow.py for tasks to queue
[2026-07-29T18:45:23.402+0000] {logging_mixin.py:190} INFO - [2026-07-29T18:45:23.402+0000] {dagbag.py:587} INFO - Filling up the DagBag from /home/airflow/.local/lib/python3.12/site-packages/airflow/example_dags/example_setup_teardown_taskflow.py
[2026-07-29T18:45:23.409+0000] {processor.py:925} INFO - DAG(s) 'example_setup_teardown_taskflow' retrieved from /home/airflow/.local/lib/python3.12/site-packages/airflow/example_dags/example_setup_teardown_taskflow.py
[2026-07-29T18:45:23.422+0000] {logging_mixin.py:190} INFO - [2026-07-29T18:45:23.422+0000] {dag.py:3211} INFO - Sync 1 DAGs
[2026-07-29T18:45:23.433+0000] {logging_mixin.py:190} INFO - [2026-07-29T18:45:23.432+0000] {dag.py:4138} INFO - Setting next_dagrun for example_setup_teardown_taskflow to 2026-07-28 00:00:00+00:00, run_after=2026-07-29 00:00:00+00:00
[2026-07-29T18:45:23.440+0000] {processor.py:208} INFO - Processing /home/airflow/.local/lib/python3.12/site-packages/airflow/example_dags/example_setup_teardown_taskflow.py took 0.045 seconds
[2026-07-29T18:45:54.394+0000] {processor.py:186} INFO - Started process (PID=22744) to work on /home/airflow/.local/lib/python3.12/site-packages/airflow/example_dags/example_setup_teardown_taskflow.py
[2026-07-29T18:45:54.395+0000] {processor.py:914} INFO - Processing file /home/airflow/.local/lib/python3.12/site-packages/airflow/example_dags/example_setup_teardown_taskflow.py for tasks to queue
[2026-07-29T18:45:54.398+0000] {logging_mixin.py:190} INFO - [2026-07-29T18:45:54.397+0000] {dagbag.py:587} INFO - Filling up the DagBag from /home/airflow/.local/lib/python3.12/site-packages/airflow/example_dags/example_setup_teardown_taskflow.py
[2026-07-29T18:45:54.405+0000] {processor.py:925} INFO - DAG(s) 'example_setup_teardown_taskflow' retrieved from /home/airflow/.local/lib/python3.12/site-packages/airflow/example_dags/example_setup_teardown_taskflow.py
[2026-07-29T18:45:54.416+0000] {logging_mixin.py:190} INFO - [2026-07-29T18:45:54.416+0000] {dag.py:3211} INFO - Sync 1 DAGs
[2026-07-29T18:45:54.428+0000] {logging_mixin.py:190} INFO - [2026-07-29T18:45:54.427+0000] {dag.py:4138} INFO - Setting next_dagrun for example_setup_teardown_taskflow to 2026-07-28 00:00:00+00:00, run_after=2026-07-29 00:00:00+00:00
[2026-07-29T18:45:54.436+0000] {processor.py:208} INFO - Processing /home/airflow/.local/lib/python3.12/site-packages/airflow/example_dags/example_setup_teardown_taskflow.py took 0.047 seconds
[2026-07-29T18:46:24.463+0000] {processor.py:186} INFO - Started process (PID=22810) to work on /home/airflow/.local/lib/python3.12/site-packages/airflow/example_dags/example_setup_teardown_taskflow.py
[2026-07-29T18:46:24.464+0000] {processor.py:914} INFO - Processing file /home/airflow/.local/lib/python3.12/site-packages/airflow/example_dags/example_setup_teardown_taskflow.py for tasks to queue
[2026-07-29T18:46:24.466+0000] {logging_mixin.py:190} INFO - [2026-07-29T18:46:24.466+0000] {dagbag.py:587} INFO - Filling up the DagBag from /home/airflow/.local/lib/python3.12/site-packages/airflow/example_dags/example_setup_teardown_taskflow.py
[2026-07-29T18:46:24.471+0000] {processor.py:925} INFO - DAG(s) 'example_setup_teardown_taskflow' retrieved from /home/airflow/.local/lib/python3.12/site-packages/airflow/example_dags/example_setup_teardown_taskflow.py
[2026-07-29T18:46:24.482+0000] {logging_mixin.py:190} INFO - [2026-07-29T18:46:24.482+0000] {dag.py:3211} INFO - Sync 1 DAGs
[2026-07-29T18:46:24.492+0000] {logging_mixin.py:190} INFO - [2026-07-29T18:46:24.492+0000] {dag.py:4138} INFO - Setting next_dagrun for example_setup_teardown_taskflow to 2026-07-28 00:00:00+00:00, run_after=2026-07-29 00:00:00+00:00
[2026-07-29T18:46:24.500+0000] {processor.py:208} INFO - Processing /home/airflow/.local/lib/python3.12/site-packages/airflow/example_dags/example_setup_teardown_taskflow.py took 0.040 seconds
[2026-07-29T18:46:54.512+0000] {processor.py:186} INFO - Started process (PID=22876) to work on /home/airflow/.local/lib/python3.12/site-packages/airflow/example_dags/example_setup_teardown_taskflow.py
[2026-07-29T18:46:54.513+0000] {processor.py:914} INFO - Processing file /home/airflow/.local/lib/python3.12/site-packages/airflow/example_dags/example_setup_teardown_taskflow.py for tasks to queue
[2026-07-29T18:46:54.514+0000] {logging_mixin.py:190} INFO - [2026-07-29T18:46:54.514+0000] {dagbag.py:587} INFO - Filling up the DagBag from /home/airflow/.local/lib/python3.12/site-packages/airflow/example_dags/example_setup_teardown_taskflow.py
[2026-07-29T18:46:54.518+0000] {processor.py:925} INFO - DAG(s) 'example_setup_teardown_taskflow' retrieved from /home/airflow/.local/lib/python3.12/site-packages/airflow/example_dags/example_setup_teardown_taskflow.py
[2026-07-29T18:46:54.526+0000] {logging_mixin.py:190} INFO - [2026-07-29T18:46:54.526+0000] {dag.py:3211} INFO - Sync 1 DAGs
[2026-07-29T18:46:54.533+0000] {logging_mixin.py:190} INFO - [2026-07-29T18:46:54.533+0000] {dag.py:4138} INFO - Setting next_dagrun for example_setup_teardown_taskflow to 2026-07-28 00:00:00+00:00, run_after=2026-07-29 00:00:00+00:00
[2026-07-29T18:46:54.538+0000] {processor.py:208} INFO - Processing /home/airflow/.local/lib/python3.12/site-packages/airflow/example_dags/example_setup_teardown_taskflow.py took 0.029 seconds
[2026-07-29T18:47:25.495+0000] {processor.py:186} INFO - Started process (PID=22942) to work on /home/airflow/.local/lib/python3.12/site-packages/airflow/example_dags/example_setup_teardown_taskflow.py
[2026-07-29T18:47:25.495+0000] {processor.py:914} INFO - Processing file /home/airflow/.local/lib/python3.12/site-packages/airflow/example_dags/example_setup_teardown_taskflow.py for tasks to queue
[2026-07-29T18:47:25.496+0000] {logging_mixin.py:190} INFO - [2026-07-29T18:47:25.496+0000] {dagbag.py:587} INFO - Filling up the DagBag from /home/airflow/.local/lib/python3.12/site-packages/airflow/example_dags/example_setup_teardown_taskflow.py
[2026-07-29T18:47:25.501+0000] {processor.py:925} INFO - DAG(s) 'example_setup_teardown_taskflow' retrieved from /home/airflow/.local/lib/python3.12/site-packages/airflow/example_dags/example_setup_teardown_taskflow.py
[2026-07-29T18:47:25.509+0000] {logging_mixin.py:190} INFO - [2026-07-29T18:47:25.509+0000] {dag.py:3211} INFO - Sync 1 DAGs
[2026-07-29T18:47:25.517+0000] {logging_mixin.py:190} INFO - [2026-07-29T18:47:25.517+0000] {dag.py:4138} INFO - Setting next_dagrun for example_setup_teardown_taskflow to 2026-07-28 00:00:00+00:00, run_after=2026-07-29 00:00:00+00:00
[2026-07-29T18:47:25.523+0000] {processor.py:208} INFO - Processing /home/airflow/.local/lib/python3.12/site-packages/airflow/example_dags/example_setup_teardown_taskflow.py took 0.030 seconds
[2026-07-29T18:47:56.494+0000] {processor.py:186} INFO - Started process (PID=23008) to work on /home/airflow/.local/lib/python3.12/site-packages/airflow/example_dags/example_setup_teardown_taskflow.py
[2026-07-29T18:47:56.495+0000] {processor.py:914} INFO - Processing file /home/airflow/.local/lib/python3.12/site-packages/airflow/example_dags/example_setup_teardown_taskflow.py for tasks to queue
[2026-07-29T18:47:56.496+0000] {logging_mixin.py:190} INFO - [2026-07-29T18:47:56.496+0000] {dagbag.py:587} INFO - Filling up the DagBag from /home/airflow/.local/lib/python3.12/site-packages/airflow/example_dags/example_setup_teardown_taskflow.py
[2026-07-29T18:47:56.501+0000] {processor.py:925} INFO - DAG(s) 'example_setup_teardown_taskflow' retrieved from /home/airflow/.local/lib/python3.12/site-packages/airflow/example_dags/example_setup_teardown_taskflow.py
[2026-07-29T18:47:56.510+0000] {logging_mixin.py:190} INFO - [2026-07-29T18:47:56.510+0000] {dag.py:3211} INFO - Sync 1 DAGs
[2026-07-29T18:47:56.519+0000] {logging_mixin.py:190} INFO - [2026-07-29T18:47:56.519+0000] {dag.py:4138} INFO - Setting next_dagrun for example_setup_teardown_taskflow to 2026-07-28 00:00:00+00:00, run_after=2026-07-29 00:00:00+00:00
[2026-07-29T18:47:56.526+0000] {processor.py:208} INFO - Processing /home/airflow/.local/lib/python3.12/site-packages/airflow/example_dags/example_setup_teardown_taskflow.py took 0.034 seconds
[2026-07-29T18:48:27.456+0000] {processor.py:186} INFO - Started process (PID=23074) to work on /home/airflow/.local/lib/python3.12/site-packages/airflow/example_dags/example_setup_teardown_taskflow.py
[2026-07-29T18:48:27.456+0000] {processor.py:914} INFO - Processing file /home/airflow/.local/lib/python3.12/site-packages/airflow/example_dags/example_setup_teardown_taskflow.py for tasks to queue
[2026-07-29T18:48:27.457+0000] {logging_mixin.py:190} INFO - [2026-07-29T18:48:27.457+0000] {dagbag.py:587} INFO - Filling up the DagBag from /home/airflow/.local/lib/python3.12/site-packages/airflow/example_dags/example_setup_teardown_taskflow.py
[2026-07-29T18:48:27.462+0000] {processor.py:925} INFO - DAG(s) 'example_setup_teardown_taskflow' retrieved from /home/airflow/.local/lib/python3.12/site-packages/airflow/example_dags/example_setup_teardown_taskflow.py
[2026-07-29T18:48:27.471+0000] {logging_mixin.py:190} INFO - [2026-07-29T18:48:27.471+0000] {dag.py:3211} INFO - Sync 1 DAGs
[2026-07-29T18:48:27.479+0000] {logging_mixin.py:190} INFO - [2026-07-29T18:48:27.479+0000] {dag.py:4138} INFO - Setting next_dagrun for example_setup_teardown_taskflow to 2026-07-28 00:00:00+00:00, run_after=2026-07-29 00:00:00+00:00
[2026-07-29T18:48:27.485+0000] {processor.py:208} INFO - Processing /home/airflow/.local/lib/python3.12/site-packages/airflow/example_dags/example_setup_teardown_taskflow.py took 0.032 seconds
[2026-07-29T18:49:04.688+0000] {processor.py:186} INFO - Started process (PID=23147) to work on /home/airflow/.local/lib/python3.12/site-packages/airflow/example_dags/example_setup_teardown_taskflow.py
[2026-07-29T18:49:04.689+0000] {processor.py:914} INFO - Processing file /home/airflow/.local/lib/python3.12/site-packages/airflow/example_dags/example_setup_teardown_taskflow.py for tasks to queue
[2026-07-29T18:49:04.690+0000] {logging_mixin.py:190} INFO - [2026-07-29T18:49:04.690+0000] {dagbag.py:587} INFO - Filling up the DagBag from /home/airflow/.local/lib/python3.12/site-packages/airflow/example_dags/example_setup_teardown_taskflow.py
[2026-07-29T18:49:04.696+0000] {processor.py:925} INFO - DAG(s) 'example_setup_teardown_taskflow' retrieved from /home/airflow/.local/lib/python3.12/site-packages/airflow/example_dags/example_setup_teardown_taskflow.py
[2026-07-29T18:49:04.705+0000] {logging_mixin.py:190} INFO - [2026-07-29T18:49:04.705+0000] {dag.py:3211} INFO - Sync 1 DAGs
[2026-07-29T18:49:04.714+0000] {logging_mixin.py:190} INFO - [2026-07-29T18:49:04.714+0000] {dag.py:4138} INFO - Setting next_dagrun for example_setup_teardown_taskflow to 2026-07-28 00:00:00+00:00, run_after=2026-07-29 00:00:00+00:00
[2026-07-29T18:49:04.720+0000] {processor.py:208} INFO - Processing /home/airflow/.local/lib/python3.12/site-packages/airflow/example_dags/example_setup_teardown_taskflow.py took 0.035 seconds
[2026-07-29T18:49:34.824+0000] {processor.py:186} INFO - Started process (PID=23213) to work on /home/airflow/.local/lib/python3.12/site-packages/airflow/example_dags/example_setup_teardown_taskflow.py
[2026-07-29T18:49:34.826+0000] {processor.py:914} INFO - Processing file /home/airflow/.local/lib/python3.12/site-packages/airflow/example_dags/example_setup_teardown_taskflow.py for tasks to queue
[2026-07-29T18:49:34.827+0000] {logging_mixin.py:190} INFO - [2026-07-29T18:49:34.827+0000] {dagbag.py:587} INFO - Filling up the DagBag from /home/airflow/.local/lib/python3.12/site-packages/airflow/example_dags/example_setup_teardown_taskflow.py
[2026-07-29T18:49:34.831+0000] {processor.py:925} INFO - DAG(s) 'example_setup_teardown_taskflow' retrieved from /home/airflow/.local/lib/python3.12/site-packages/airflow/example_dags/example_setup_teardown_taskflow.py
[2026-07-29T18:49:34.844+0000] {logging_mixin.py:190} INFO - [2026-07-29T18:49:34.844+0000] {dag.py:3211} INFO - Sync 1 DAGs
[2026-07-29T18:49:34.852+0000] {logging_mixin.py:190} INFO - [2026-07-29T18:49:34.852+0000] {dag.py:4138} INFO - Setting next_dagrun for example_setup_teardown_taskflow to 2026-07-28 00:00:00+00:00, run_after=2026-07-29 00:00:00+00:00
[2026-07-29T18:49:34.858+0000] {processor.py:208} INFO - Processing /home/airflow/.local/lib/python3.12/site-packages/airflow/example_dags/example_setup_teardown_taskflow.py took 0.037 seconds
[2026-07-29T18:50:05.178+0000] {processor.py:186} INFO - Started process (PID=23279) to work on /home/airflow/.local/lib/python3.12/site-packages/airflow/example_dags/example_setup_teardown_taskflow.py
[2026-07-29T18:50:05.178+0000] {processor.py:914} INFO - Processing file /home/airflow/.local/lib/python3.12/site-packages/airflow/example_dags/example_setup_teardown_taskflow.py for tasks to queue
[2026-07-29T18:50:05.180+0000] {logging_mixin.py:190} INFO - [2026-07-29T18:50:05.180+0000] {dagbag.py:587} INFO - Filling up the DagBag from /home/airflow/.local/lib/python3.12/site-packages/airflow/example_dags/example_setup_teardown_taskflow.py
[2026-07-29T18:50:05.186+0000] {processor.py:925} INFO - DAG(s) 'example_setup_teardown_taskflow' retrieved from /home/airflow/.local/lib/python3.12/site-packages/airflow/example_dags/example_setup_teardown_taskflow.py
[2026-07-29T18:50:05.198+0000] {logging_mixin.py:190} INFO - [2026-07-29T18:50:05.198+0000] {dag.py:3211} INFO - Sync 1 DAGs
[2026-07-29T18:50:05.207+0000] {logging_mixin.py:190} INFO - [2026-07-29T18:50:05.207+0000] {dag.py:4138} INFO - Setting next_dagrun for example_setup_teardown_taskflow to 2026-07-28 00:00:00+00:00, run_after=2026-07-29 00:00:00+00:00
[2026-07-29T18:50:05.215+0000] {processor.py:208} INFO - Processing /home/airflow/.local/lib/python3.12/site-packages/airflow/example_dags/example_setup_teardown_taskflow.py took 0.040 seconds
[2026-07-29T18:50:35.434+0000] {processor.py:186} INFO - Started process (PID=23345) to work on /home/airflow/.local/lib/python3.12/site-packages/airflow/example_dags/example_setup_teardown_taskflow.py
[2026-07-29T18:50:35.434+0000] {processor.py:914} INFO - Processing file /home/airflow/.local/lib/python3.12/site-packages/airflow/example_dags/example_setup_teardown_taskflow.py for tasks to queue
[2026-07-29T18:50:35.437+0000] {logging_mixin.py:190} INFO - [2026-07-29T18:50:35.437+0000] {dagbag.py:587} INFO - Filling up the DagBag from /home/airflow/.local/lib/python3.12/site-packages/airflow/example_dags/example_setup_teardown_taskflow.py
[2026-07-29T18:50:35.442+0000] {processor.py:925} INFO - DAG(s) 'example_setup_teardown_taskflow' retrieved from /home/airflow/.local/lib/python3.12/site-packages/airflow/example_dags/example_setup_teardown_taskflow.py
[2026-07-29T18:50:35.458+0000] {logging_mixin.py:190} INFO - [2026-07-29T18:50:35.458+0000] {dag.py:3211} INFO - Sync 1 DAGs
[2026-07-29T18:50:35.473+0000] {logging_mixin.py:190} INFO - [2026-07-29T18:50:35.473+0000] {dag.py:4138} INFO - Setting next_dagrun for example_setup_teardown_taskflow to 2026-07-28 00:00:00+00:00, run_after=2026-07-29 00:00:00+00:00
[2026-07-29T18:50:35.479+0000] {processor.py:208} INFO - Processing /home/airflow/.local/lib/python3.12/site-packages/airflow/example_dags/example_setup_teardown_taskflow.py took 0.049 seconds
[2026-07-29T18:51:05.561+0000] {processor.py:186} INFO - Started process (PID=23411) to work on /home/airflow/.local/lib/python3.12/site-packages/airflow/example_dags/example_setup_teardown_taskflow.py
[2026-07-29T18:51:05.561+0000] {processor.py:914} INFO - Processing file /home/airflow/.local/lib/python3.12/site-packages/airflow/example_dags/example_setup_teardown_taskflow.py for tasks to queue
[2026-07-29T18:51:05.562+0000] {logging_mixin.py:190} INFO - [2026-07-29T18:51:05.562+0000] {dagbag.py:587} INFO - Filling up the DagBag from /home/airflow/.local/lib/python3.12/site-packages/airflow/example_dags/example_setup_teardown_taskflow.py
[2026-07-29T18:51:05.569+0000] {processor.py:925} INFO - DAG(s) 'example_setup_teardown_taskflow' retrieved from /home/airflow/.local/lib/python3.12/site-packages/airflow/example_dags/example_setup_teardown_taskflow.py
[2026-07-29T18:51:05.582+0000] {logging_mixin.py:190} INFO - [2026-07-29T18:51:05.582+0000] {dag.py:3211} INFO - Sync 1 DAGs
[2026-07-29T18:51:05.596+0000] {logging_mixin.py:190} INFO - [2026-07-29T18:51:05.595+0000] {dag.py:4138} INFO - Setting next_dagrun for example_setup_teardown_taskflow to 2026-07-28 00:00:00+00:00, run_after=2026-07-29 00:00:00+00:00
[2026-07-29T18:51:05.605+0000] {processor.py:208} INFO - Processing /home/airflow/.local/lib/python3.12/site-packages/airflow/example_dags/example_setup_teardown_taskflow.py took 0.047 seconds
[2026-07-29T18:51:35.873+0000] {processor.py:186} INFO - Started process (PID=23476) to work on /home/airflow/.local/lib/python3.12/site-packages/airflow/example_dags/example_setup_teardown_taskflow.py
[2026-07-29T18:51:35.874+0000] {processor.py:914} INFO - Processing file /home/airflow/.local/lib/python3.12/site-packages/airflow/example_dags/example_setup_teardown_taskflow.py for tasks to queue
[2026-07-29T18:51:35.875+0000] {logging_mixin.py:190} INFO - [2026-07-29T18:51:35.875+0000] {dagbag.py:587} INFO - Filling up the DagBag from /home/airflow/.local/lib/python3.12/site-packages/airflow/example_dags/example_setup_teardown_taskflow.py
[2026-07-29T18:51:35.882+0000] {processor.py:925} INFO - DAG(s) 'example_setup_teardown_taskflow' retrieved from /home/airflow/.local/lib/python3.12/site-packages/airflow/example_dags/example_setup_teardown_taskflow.py
[2026-07-29T18:51:35.898+0000] {logging_mixin.py:190} INFO - [2026-07-29T18:51:35.897+0000] {dag.py:3211} INFO - Sync 1 DAGs
[2026-07-29T18:51:35.909+0000] {logging_mixin.py:190} INFO - [2026-07-29T18:51:35.909+0000] {dag.py:4138} INFO - Setting next_dagrun for example_setup_teardown_taskflow to 2026-07-28 00:00:00+00:00, run_after=2026-07-29 00:00:00+00:00
[2026-07-29T18:51:35.920+0000] {processor.py:208} INFO - Processing /home/airflow/.local/lib/python3.12/site-packages/airflow/example_dags/example_setup_teardown_taskflow.py took 0.049 seconds
[2026-07-29T18:52:06.129+0000] {processor.py:186} INFO - Started process (PID=23542) to work on /home/airflow/.local/lib/python3.12/site-packages/airflow/example_dags/example_setup_teardown_taskflow.py
[2026-07-29T18:52:06.129+0000] {processor.py:914} INFO - Processing file /home/airflow/.local/lib/python3.12/site-packages/airflow/example_dags/example_setup_teardown_taskflow.py for tasks to queue
[2026-07-29T18:52:06.131+0000] {logging_mixin.py:190} INFO - [2026-07-29T18:52:06.131+0000] {dagbag.py:587} INFO - Filling up the DagBag from /home/airflow/.local/lib/python3.12/site-packages/airflow/example_dags/example_setup_teardown_taskflow.py
[2026-07-29T18:52:06.138+0000] {processor.py:925} INFO - DAG(s) 'example_setup_teardown_taskflow' retrieved from /home/airflow/.local/lib/python3.12/site-packages/airflow/example_dags/example_setup_teardown_taskflow.py
[2026-07-29T18:52:06.153+0000] {logging_mixin.py:190} INFO - [2026-07-29T18:52:06.153+0000] {dag.py:3211} INFO - Sync 1 DAGs
[2026-07-29T18:52:06.163+0000] {logging_mixin.py:190} INFO - [2026-07-29T18:52:06.163+0000] {dag.py:4138} INFO - Setting next_dagrun for example_setup_teardown_taskflow to 2026-07-28 00:00:00+00:00, run_after=2026-07-29 00:00:00+00:00
[2026-07-29T18:52:06.174+0000] {processor.py:208} INFO - Processing /home/airflow/.local/lib/python3.12/site-packages/airflow/example_dags/example_setup_teardown_taskflow.py took 0.048 seconds
[2026-07-29T18:52:36.271+0000] {processor.py:186} INFO - Started process (PID=23608) to work on /home/airflow/.local/lib/python3.12/site-packages/airflow/example_dags/example_setup_teardown_taskflow.py
[2026-07-29T18:52:36.271+0000] {processor.py:914} INFO - Processing file /home/airflow/.local/lib/python3.12/site-packages/airflow/example_dags/example_setup_teardown_taskflow.py for tasks to queue
[2026-07-29T18:52:36.272+0000] {logging_mixin.py:190} INFO - [2026-07-29T18:52:36.272+0000] {dagbag.py:587} INFO - Filling up the DagBag from /home/airflow/.local/lib/python3.12/site-packages/airflow/example_dags/example_setup_teardown_taskflow.py
[2026-07-29T18:52:36.277+0000] {processor.py:925} INFO - DAG(s) 'example_setup_teardown_taskflow' retrieved from /home/airflow/.local/lib/python3.12/site-packages/airflow/example_dags/example_setup_teardown_taskflow.py
[2026-07-29T18:52:36.287+0000] {logging_mixin.py:190} INFO - [2026-07-29T18:52:36.287+0000] {dag.py:3211} INFO - Sync 1 DAGs
[2026-07-29T18:52:36.300+0000] {logging_mixin.py:190} INFO - [2026-07-29T18:52:36.300+0000] {dag.py:4138} INFO - Setting next_dagrun for example_setup_teardown_taskflow to 2026-07-28 00:00:00+00:00, run_after=2026-07-29 00:00:00+00:00
[2026-07-29T18:52:36.310+0000] {processor.py:208} INFO - Processing /home/airflow/.local/lib/python3.12/site-packages/airflow/example_dags/example_setup_teardown_taskflow.py took 0.042 seconds
[2026-07-29T18:53:06.415+0000] {processor.py:186} INFO - Started process (PID=23674) to work on /home/airflow/.local/lib/python3.12/site-packages/airflow/example_dags/example_setup_teardown_taskflow.py
[2026-07-29T18:53:06.415+0000] {processor.py:914} INFO - Processing file /home/airflow/.local/lib/python3.12/site-packages/airflow/example_dags/example_setup_teardown_taskflow.py for tasks to queue
[2026-07-29T18:53:06.416+0000] {logging_mixin.py:190} INFO - [2026-07-29T18:53:06.416+0000] {dagbag.py:587} INFO - Filling up the DagBag from /home/airflow/.local/lib/python3.12/site-packages/airflow/example_dags/example_setup_teardown_taskflow.py
[2026-07-29T18:53:06.421+0000] {processor.py:925} INFO - DAG(s) 'example_setup_teardown_taskflow' retrieved from /home/airflow/.local/lib/python3.12/site-packages/airflow/example_dags/example_setup_teardown_taskflow.py
[2026-07-29T18:53:06.430+0000] {logging_mixin.py:190} INFO - [2026-07-29T18:53:06.430+0000] {dag.py:3211} INFO - Sync 1 DAGs
[2026-07-29T18:53:06.438+0000] {logging_mixin.py:190} INFO - [2026-07-29T18:53:06.437+0000] {dag.py:4138} INFO - Setting next_dagrun for example_setup_teardown_taskflow to 2026-07-28 00:00:00+00:00, run_after=2026-07-29 00:00:00+00:00
[2026-07-29T18:53:06.443+0000] {processor.py:208} INFO - Processing /home/airflow/.local/lib/python3.12/site-packages/airflow/example_dags/example_setup_teardown_taskflow.py took 0.031 seconds
[2026-07-29T18:53:36.678+0000] {processor.py:186} INFO - Started process (PID=23740) to work on /home/airflow/.local/lib/python3.12/site-packages/airflow/example_dags/example_setup_teardown_taskflow.py
[2026-07-29T18:53:36.678+0000] {processor.py:914} INFO - Processing file /home/airflow/.local/lib/python3.12/site-packages/airflow/example_dags/example_setup_teardown_taskflow.py for tasks to queue
[2026-07-29T18:53:36.679+0000] {logging_mixin.py:190} INFO - [2026-07-29T18:53:36.679+0000] {dagbag.py:587} INFO - Filling up the DagBag from /home/airflow/.local/lib/python3.12/site-packages/airflow/example_dags/example_setup_teardown_taskflow.py
[2026-07-29T18:53:36.684+0000] {processor.py:925} INFO - DAG(s) 'example_setup_teardown_taskflow' retrieved from /home/airflow/.local/lib/python3.12/site-packages/airflow/example_dags/example_setup_teardown_taskflow.py
[2026-07-29T18:53:36.692+0000] {logging_mixin.py:190} INFO - [2026-07-29T18:53:36.692+0000] {dag.py:3211} INFO - Sync 1 DAGs
[2026-07-29T18:53:36.700+0000] {logging_mixin.py:190} INFO - [2026-07-29T18:53:36.700+0000] {dag.py:4138} INFO - Setting next_dagrun for example_setup_teardown_taskflow to 2026-07-28 00:00:00+00:00, run_after=2026-07-29 00:00:00+00:00
[2026-07-29T18:53:36.706+0000] {processor.py:208} INFO - Processing /home/airflow/.local/lib/python3.12/site-packages/airflow/example_dags/example_setup_teardown_taskflow.py took 0.030 seconds
[2026-07-29T18:54:06.893+0000] {processor.py:186} INFO - Started process (PID=23806) to work on /home/airflow/.local/lib/python3.12/site-packages/airflow/example_dags/example_setup_teardown_taskflow.py
[2026-07-29T18:54:06.894+0000] {processor.py:914} INFO - Processing file /home/airflow/.local/lib/python3.12/site-packages/airflow/example_dags/example_setup_teardown_taskflow.py for tasks to queue
[2026-07-29T18:54:06.895+0000] {logging_mixin.py:190} INFO - [2026-07-29T18:54:06.894+0000] {dagbag.py:587} INFO - Filling up the DagBag from /home/airflow/.local/lib/python3.12/site-packages/airflow/example_dags/example_setup_teardown_taskflow.py
[2026-07-29T18:54:06.899+0000] {processor.py:925} INFO - DAG(s) 'example_setup_teardown_taskflow' retrieved from /home/airflow/.local/lib/python3.12/site-packages/airflow/example_dags/example_setup_teardown_taskflow.py
[2026-07-29T18:54:06.910+0000] {logging_mixin.py:190} INFO - [2026-07-29T18:54:06.910+0000] {dag.py:3211} INFO - Sync 1 DAGs
[2026-07-29T18:54:06.923+0000] {logging_mixin.py:190} INFO - [2026-07-29T18:54:06.923+0000] {dag.py:4138} INFO - Setting next_dagrun for example_setup_teardown_taskflow to 2026-07-28 00:00:00+00:00, run_after=2026-07-29 00:00:00+00:00
[2026-07-29T18:54:06.933+0000] {processor.py:208} INFO - Processing /home/airflow/.local/lib/python3.12/site-packages/airflow/example_dags/example_setup_teardown_taskflow.py took 0.043 seconds
[2026-07-29T18:54:37.860+0000] {processor.py:186} INFO - Started process (PID=23872) to work on /home/airflow/.local/lib/python3.12/site-packages/airflow/example_dags/example_setup_teardown_taskflow.py
[2026-07-29T18:54:37.860+0000] {processor.py:914} INFO - Processing file /home/airflow/.local/lib/python3.12/site-packages/airflow/example_dags/example_setup_teardown_taskflow.py for tasks to queue
[2026-07-29T18:54:37.862+0000] {logging_mixin.py:190} INFO - [2026-07-29T18:54:37.862+0000] {dagbag.py:587} INFO - Filling up the DagBag from /home/airflow/.local/lib/python3.12/site-packages/airflow/example_dags/example_setup_teardown_taskflow.py
[2026-07-29T18:54:37.867+0000] {processor.py:925} INFO - DAG(s) 'example_setup_teardown_taskflow' retrieved from /home/airflow/.local/lib/python3.12/site-packages/airflow/example_dags/example_setup_teardown_taskflow.py
[2026-07-29T18:54:37.877+0000] {logging_mixin.py:190} INFO - [2026-07-29T18:54:37.877+0000] {dag.py:3211} INFO - Sync 1 DAGs
[2026-07-29T18:54:37.886+0000] {logging_mixin.py:190} INFO - [2026-07-29T18:54:37.885+0000] {dag.py:4138} INFO - Setting next_dagrun for example_setup_teardown_taskflow to 2026-07-28 00:00:00+00:00, run_after=2026-07-29 00:00:00+00:00
[2026-07-29T18:54:37.892+0000] {processor.py:208} INFO - Processing /home/airflow/.local/lib/python3.12/site-packages/airflow/example_dags/example_setup_teardown_taskflow.py took 0.035 seconds
[2026-07-29T18:55:08.940+0000] {processor.py:186} INFO - Started process (PID=23938) to work on /home/airflow/.local/lib/python3.12/site-packages/airflow/example_dags/example_setup_teardown_taskflow.py
[2026-07-29T18:55:08.940+0000] {processor.py:914} INFO - Processing file /home/airflow/.local/lib/python3.12/site-packages/airflow/example_dags/example_setup_teardown_taskflow.py for tasks to queue
[2026-07-29T18:55:08.942+0000] {logging_mixin.py:190} INFO - [2026-07-29T18:55:08.942+0000] {dagbag.py:587} INFO - Filling up the DagBag from /home/airflow/.local/lib/python3.12/site-packages/airflow/example_dags/example_setup_teardown_taskflow.py
[2026-07-29T18:55:08.947+0000] {processor.py:925} INFO - DAG(s) 'example_setup_teardown_taskflow' retrieved from /home/airflow/.local/lib/python3.12/site-packages/airflow/example_dags/example_setup_teardown_taskflow.py
[2026-07-29T18:55:08.959+0000] {logging_mixin.py:190} INFO - [2026-07-29T18:55:08.959+0000] {dag.py:3211} INFO - Sync 1 DAGs
[2026-07-29T18:55:08.969+0000] {logging_mixin.py:190} INFO - [2026-07-29T18:55:08.969+0000] {dag.py:4138} INFO - Setting next_dagrun for example_setup_teardown_taskflow to 2026-07-28 00:00:00+00:00, run_after=2026-07-29 00:00:00+00:00
[2026-07-29T18:55:08.980+0000] {processor.py:208} INFO - Processing /home/airflow/.local/lib/python3.12/site-packages/airflow/example_dags/example_setup_teardown_taskflow.py took 0.044 seconds
[2026-07-29T18:55:39.119+0000] {processor.py:186} INFO - Started process (PID=24004) to work on /home/airflow/.local/lib/python3.12/site-packages/airflow/example_dags/example_setup_teardown_taskflow.py
[2026-07-29T18:55:39.119+0000] {processor.py:914} INFO - Processing file /home/airflow/.local/lib/python3.12/site-packages/airflow/example_dags/example_setup_teardown_taskflow.py for tasks to queue
[2026-07-29T18:55:39.121+0000] {logging_mixin.py:190} INFO - [2026-07-29T18:55:39.121+0000] {dagbag.py:587} INFO - Filling up the DagBag from /home/airflow/.local/lib/python3.12/site-packages/airflow/example_dags/example_setup_teardown_taskflow.py
[2026-07-29T18:55:39.125+0000] {processor.py:925} INFO - DAG(s) 'example_setup_teardown_taskflow' retrieved from /home/airflow/.local/lib/python3.12/site-packages/airflow/example_dags/example_setup_teardown_taskflow.py
[2026-07-29T18:55:39.140+0000] {logging_mixin.py:190} INFO - [2026-07-29T18:55:39.140+0000] {dag.py:3211} INFO - Sync 1 DAGs
[2026-07-29T18:55:39.152+0000] {logging_mixin.py:190} INFO - [2026-07-29T18:55:39.152+0000] {dag.py:4138} INFO - Setting next_dagrun for example_setup_teardown_taskflow to 2026-07-28 00:00:00+00:00, run_after=2026-07-29 00:00:00+00:00
[2026-07-29T18:55:39.166+0000] {processor.py:208} INFO - Processing /home/airflow/.local/lib/python3.12/site-packages/airflow/example_dags/example_setup_teardown_taskflow.py took 0.050 seconds
[2026-07-29T18:56:09.199+0000] {processor.py:186} INFO - Started process (PID=24070) to work on /home/airflow/.local/lib/python3.12/site-packages/airflow/example_dags/example_setup_teardown_taskflow.py
[2026-07-29T18:56:09.200+0000] {processor.py:914} INFO - Processing file /home/airflow/.local/lib/python3.12/site-packages/airflow/example_dags/example_setup_teardown_taskflow.py for tasks to queue
[2026-07-29T18:56:09.201+0000] {logging_mixin.py:190} INFO - [2026-07-29T18:56:09.201+0000] {dagbag.py:587} INFO - Filling up the DagBag from /home/airflow/.local/lib/python3.12/site-packages/airflow/example_dags/example_setup_teardown_taskflow.py
[2026-07-29T18:56:09.206+0000] {processor.py:925} INFO - DAG(s) 'example_setup_teardown_taskflow' retrieved from /home/airflow/.local/lib/python3.12/site-packages/airflow/example_dags/example_setup_teardown_taskflow.py
[2026-07-29T18:56:09.219+0000] {logging_mixin.py:190} INFO - [2026-07-29T18:56:09.219+0000] {dag.py:3211} INFO - Sync 1 DAGs
[2026-07-29T18:56:09.233+0000] {logging_mixin.py:190} INFO - [2026-07-29T18:56:09.233+0000] {dag.py:4138} INFO - Setting next_dagrun for example_setup_teardown_taskflow to 2026-07-28 00:00:00+00:00, run_after=2026-07-29 00:00:00+00:00
[2026-07-29T18:56:09.246+0000] {processor.py:208} INFO - Processing /home/airflow/.local/lib/python3.12/site-packages/airflow/example_dags/example_setup_teardown_taskflow.py took 0.049 seconds
[2026-07-29T18:56:39.405+0000] {processor.py:186} INFO - Started process (PID=24136) to work on /home/airflow/.local/lib/python3.12/site-packages/airflow/example_dags/example_setup_teardown_taskflow.py
[2026-07-29T18:56:39.405+0000] {processor.py:914} INFO - Processing file /home/airflow/.local/lib/python3.12/site-packages/airflow/example_dags/example_setup_teardown_taskflow.py for tasks to queue
[2026-07-29T18:56:39.406+0000] {logging_mixin.py:190} INFO - [2026-07-29T18:56:39.406+0000] {dagbag.py:587} INFO - Filling up the DagBag from /home/airflow/.local/lib/python3.12/site-packages/airflow/example_dags/example_setup_teardown_taskflow.py
[2026-07-29T18:56:39.411+0000] {processor.py:925} INFO - DAG(s) 'example_setup_teardown_taskflow' retrieved from /home/airflow/.local/lib/python3.12/site-packages/airflow/example_dags/example_setup_teardown_taskflow.py
[2026-07-29T18:56:39.419+0000] {logging_mixin.py:190} INFO - [2026-07-29T18:56:39.419+0000] {dag.py:3211} INFO - Sync 1 DAGs
[2026-07-29T18:56:39.426+0000] {logging_mixin.py:190} INFO - [2026-07-29T18:56:39.426+0000] {dag.py:4138} INFO - Setting next_dagrun for example_setup_teardown_taskflow to 2026-07-28 00:00:00+00:00, run_after=2026-07-29 00:00:00+00:00
[2026-07-29T18:56:39.431+0000] {processor.py:208} INFO - Processing /home/airflow/.local/lib/python3.12/site-packages/airflow/example_dags/example_setup_teardown_taskflow.py took 0.029 seconds
[2026-07-29T18:57:09.558+0000] {processor.py:186} INFO - Started process (PID=24202) to work on /home/airflow/.local/lib/python3.12/site-packages/airflow/example_dags/example_setup_teardown_taskflow.py
[2026-07-29T18:57:09.558+0000] {processor.py:914} INFO - Processing file /home/airflow/.local/lib/python3.12/site-packages/airflow/example_dags/example_setup_teardown_taskflow.py for tasks to queue
[2026-07-29T18:57:09.559+0000] {logging_mixin.py:190} INFO - [2026-07-29T18:57:09.559+0000] {dagbag.py:587} INFO - Filling up the DagBag from /home/airflow/.local/lib/python3.12/site-packages/airflow/example_dags/example_setup_teardown_taskflow.py
[2026-07-29T18:57:09.565+0000] {processor.py:925} INFO - DAG(s) 'example_setup_teardown_taskflow' retrieved from /home/airflow/.local/lib/python3.12/site-packages/airflow/example_dags/example_setup_teardown_taskflow.py
[2026-07-29T18:57:09.577+0000] {logging_mixin.py:190} INFO - [2026-07-29T18:57:09.577+0000] {dag.py:3211} INFO - Sync 1 DAGs
[2026-07-29T18:57:09.589+0000] {logging_mixin.py:190} INFO - [2026-07-29T18:57:09.589+0000] {dag.py:4138} INFO - Setting next_dagrun for example_setup_teardown_taskflow to 2026-07-28 00:00:00+00:00, run_after=2026-07-29 00:00:00+00:00
[2026-07-29T18:57:09.604+0000] {processor.py:208} INFO - Processing /home/airflow/.local/lib/python3.12/site-packages/airflow/example_dags/example_setup_teardown_taskflow.py took 0.049 seconds
[2026-07-29T18:57:39.671+0000] {processor.py:186} INFO - Started process (PID=24268) to work on /home/airflow/.local/lib/python3.12/site-packages/airflow/example_dags/example_setup_teardown_taskflow.py
[2026-07-29T18:57:39.671+0000] {processor.py:914} INFO - Processing file /home/airflow/.local/lib/python3.12/site-packages/airflow/example_dags/example_setup_teardown_taskflow.py for tasks to queue
[2026-07-29T18:57:39.673+0000] {logging_mixin.py:190} INFO - [2026-07-29T18:57:39.672+0000] {dagbag.py:587} INFO - Filling up the DagBag from /home/airflow/.local/lib/python3.12/site-packages/airflow/example_dags/example_setup_teardown_taskflow.py
[2026-07-29T18:57:39.677+0000] {processor.py:925} INFO - DAG(s) 'example_setup_teardown_taskflow' retrieved from /home/airflow/.local/lib/python3.12/site-packages/airflow/example_dags/example_setup_teardown_taskflow.py
[2026-07-29T18:57:39.684+0000] {logging_mixin.py:190} INFO - [2026-07-29T18:57:39.684+0000] {dag.py:3211} INFO - Sync 1 DAGs
[2026-07-29T18:57:39.691+0000] {logging_mixin.py:190} INFO - [2026-07-29T18:57:39.691+0000] {dag.py:4138} INFO - Setting next_dagrun for example_setup_teardown_taskflow to 2026-07-28 00:00:00+00:00, run_after=2026-07-29 00:00:00+00:00
[2026-07-29T18:57:39.697+0000] {processor.py:208} INFO - Processing /home/airflow/.local/lib/python3.12/site-packages/airflow/example_dags/example_setup_teardown_taskflow.py took 0.028 seconds
[2026-07-29T18:58:10.607+0000] {processor.py:186} INFO - Started process (PID=24334) to work on /home/airflow/.local/lib/python3.12/site-packages/airflow/example_dags/example_setup_teardown_taskflow.py
[2026-07-29T18:58:10.607+0000] {processor.py:914} INFO - Processing file /home/airflow/.local/lib/python3.12/site-packages/airflow/example_dags/example_setup_teardown_taskflow.py for tasks to queue
[2026-07-29T18:58:10.608+0000] {logging_mixin.py:190} INFO - [2026-07-29T18:58:10.608+0000] {dagbag.py:587} INFO - Filling up the DagBag from /home/airflow/.local/lib/python3.12/site-packages/airflow/example_dags/example_setup_teardown_taskflow.py
[2026-07-29T18:58:10.613+0000] {processor.py:925} INFO - DAG(s) 'example_setup_teardown_taskflow' retrieved from /home/airflow/.local/lib/python3.12/site-packages/airflow/example_dags/example_setup_teardown_taskflow.py
[2026-07-29T18:58:10.624+0000] {logging_mixin.py:190} INFO - [2026-07-29T18:58:10.624+0000] {dag.py:3211} INFO - Sync 1 DAGs
[2026-07-29T18:58:10.635+0000] {logging_mixin.py:190} INFO - [2026-07-29T18:58:10.635+0000] {dag.py:4138} INFO - Setting next_dagrun for example_setup_teardown_taskflow to 2026-07-28 00:00:00+00:00, run_after=2026-07-29 00:00:00+00:00
[2026-07-29T18:58:10.651+0000] {processor.py:208} INFO - Processing /home/airflow/.local/lib/python3.12/site-packages/airflow/example_dags/example_setup_teardown_taskflow.py took 0.047 seconds
[2026-07-29T18:58:41.575+0000] {processor.py:186} INFO - Started process (PID=24400) to work on /home/airflow/.local/lib/python3.12/site-packages/airflow/example_dags/example_setup_teardown_taskflow.py
[2026-07-29T18:58:41.575+0000] {processor.py:914} INFO - Processing file /home/airflow/.local/lib/python3.12/site-packages/airflow/example_dags/example_setup_teardown_taskflow.py for tasks to queue
[2026-07-29T18:58:41.576+0000] {logging_mixin.py:190} INFO - [2026-07-29T18:58:41.576+0000] {dagbag.py:587} INFO - Filling up the DagBag from /home/airflow/.local/lib/python3.12/site-packages/airflow/example_dags/example_setup_teardown_taskflow.py
[2026-07-29T18:58:41.581+0000] {processor.py:925} INFO - DAG(s) 'example_setup_teardown_taskflow' retrieved from /home/airflow/.local/lib/python3.12/site-packages/airflow/example_dags/example_setup_teardown_taskflow.py
[2026-07-29T18:58:41.592+0000] {logging_mixin.py:190} INFO - [2026-07-29T18:58:41.592+0000] {dag.py:3211} INFO - Sync 1 DAGs
[2026-07-29T18:58:41.603+0000] {logging_mixin.py:190} INFO - [2026-07-29T18:58:41.603+0000] {dag.py:4138} INFO - Setting next_dagrun for example_setup_teardown_taskflow to 2026-07-28 00:00:00+00:00, run_after=2026-07-29 00:00:00+00:00
[2026-07-29T18:58:41.612+0000] {processor.py:208} INFO - Processing /home/airflow/.local/lib/python3.12/site-packages/airflow/example_dags/example_setup_teardown_taskflow.py took 0.040 seconds
[2026-07-29T18:59:12.590+0000] {processor.py:186} INFO - Started process (PID=24466) to work on /home/airflow/.local/lib/python3.12/site-packages/airflow/example_dags/example_setup_teardown_taskflow.py
[2026-07-29T18:59:12.591+0000] {processor.py:914} INFO - Processing file /home/airflow/.local/lib/python3.12/site-packages/airflow/example_dags/example_setup_teardown_taskflow.py for tasks to queue
[2026-07-29T18:59:12.592+0000] {logging_mixin.py:190} INFO - [2026-07-29T18:59:12.592+0000] {dagbag.py:587} INFO - Filling up the DagBag from /home/airflow/.local/lib/python3.12/site-packages/airflow/example_dags/example_setup_teardown_taskflow.py
[2026-07-29T18:59:12.596+0000] {processor.py:925} INFO - DAG(s) 'example_setup_teardown_taskflow' retrieved from /home/airflow/.local/lib/python3.12/site-packages/airflow/example_dags/example_setup_teardown_taskflow.py
[2026-07-29T18:59:12.604+0000] {logging_mixin.py:190} INFO - [2026-07-29T18:59:12.603+0000] {dag.py:3211} INFO - Sync 1 DAGs
[2026-07-29T18:59:12.611+0000] {logging_mixin.py:190} INFO - [2026-07-29T18:59:12.611+0000] {dag.py:4138} INFO - Setting next_dagrun for example_setup_teardown_taskflow to 2026-07-28 00:00:00+00:00, run_after=2026-07-29 00:00:00+00:00
[2026-07-29T18:59:12.617+0000] {processor.py:208} INFO - Processing /home/airflow/.local/lib/python3.12/site-packages/airflow/example_dags/example_setup_teardown_taskflow.py took 0.029 seconds
[2026-07-29T18:59:43.591+0000] {processor.py:186} INFO - Started process (PID=24532) to work on /home/airflow/.local/lib/python3.12/site-packages/airflow/example_dags/example_setup_teardown_taskflow.py
[2026-07-29T18:59:43.591+0000] {processor.py:914} INFO - Processing file /home/airflow/.local/lib/python3.12/site-packages/airflow/example_dags/example_setup_teardown_taskflow.py for tasks to queue
[2026-07-29T18:59:43.595+0000] {logging_mixin.py:190} INFO - [2026-07-29T18:59:43.594+0000] {dagbag.py:587} INFO - Filling up the DagBag from /home/airflow/.local/lib/python3.12/site-packages/airflow/example_dags/example_setup_teardown_taskflow.py
[2026-07-29T18:59:43.599+0000] {processor.py:925} INFO - DAG(s) 'example_setup_teardown_taskflow' retrieved from /home/airflow/.local/lib/python3.12/site-packages/airflow/example_dags/example_setup_teardown_taskflow.py
[2026-07-29T18:59:43.609+0000] {logging_mixin.py:190} INFO - [2026-07-29T18:59:43.609+0000] {dag.py:3211} INFO - Sync 1 DAGs
[2026-07-29T18:59:43.618+0000] {logging_mixin.py:190} INFO - [2026-07-29T18:59:43.618+0000] {dag.py:4138} INFO - Setting next_dagrun for example_setup_teardown_taskflow to 2026-07-28 00:00:00+00:00, run_after=2026-07-29 00:00:00+00:00
[2026-07-29T18:59:43.627+0000] {processor.py:208} INFO - Processing /home/airflow/.local/lib/python3.12/site-packages/airflow/example_dags/example_setup_teardown_taskflow.py took 0.039 seconds
[2026-07-29T19:00:14.500+0000] {processor.py:186} INFO - Started process (PID=24598) to work on /home/airflow/.local/lib/python3.12/site-packages/airflow/example_dags/example_setup_teardown_taskflow.py
[2026-07-29T19:00:14.500+0000] {processor.py:914} INFO - Processing file /home/airflow/.local/lib/python3.12/site-packages/airflow/example_dags/example_setup_teardown_taskflow.py for tasks to queue
[2026-07-29T19:00:14.501+0000] {logging_mixin.py:190} INFO - [2026-07-29T19:00:14.501+0000] {dagbag.py:587} INFO - Filling up the DagBag from /home/airflow/.local/lib/python3.12/site-packages/airflow/example_dags/example_setup_teardown_taskflow.py
[2026-07-29T19:00:14.506+0000] {processor.py:925} INFO - DAG(s) 'example_setup_teardown_taskflow' retrieved from /home/airflow/.local/lib/python3.12/site-packages/airflow/example_dags/example_setup_teardown_taskflow.py
[2026-07-29T19:00:14.515+0000] {logging_mixin.py:190} INFO - [2026-07-29T19:00:14.515+0000] {dag.py:3211} INFO - Sync 1 DAGs
[2026-07-29T19:00:14.522+0000] {logging_mixin.py:190} INFO - [2026-07-29T19:00:14.522+0000] {dag.py:4138} INFO - Setting next_dagrun for example_setup_teardown_taskflow to 2026-07-28 00:00:00+00:00, run_after=2026-07-29 00:00:00+00:00
[2026-07-29T19:00:14.528+0000] {processor.py:208} INFO - Processing /home/airflow/.local/lib/python3.12/site-packages/airflow/example_dags/example_setup_teardown_taskflow.py took 0.031 seconds
[2026-07-29T19:00:44.753+0000] {processor.py:186} INFO - Started process (PID=24664) to work on /home/airflow/.local/lib/python3.12/site-packages/airflow/example_dags/example_setup_teardown_taskflow.py
[2026-07-29T19:00:44.756+0000] {processor.py:914} INFO - Processing file /home/airflow/.local/lib/python3.12/site-packages/airflow/example_dags/example_setup_teardown_taskflow.py for tasks to queue
[2026-07-29T19:00:44.758+0000] {logging_mixin.py:190} INFO - [2026-07-29T19:00:44.758+0000] {dagbag.py:587} INFO - Filling up the DagBag from /home/airflow/.local/lib/python3.12/site-packages/airflow/example_dags/example_setup_teardown_taskflow.py
[2026-07-29T19:00:44.765+0000] {processor.py:925} INFO - DAG(s) 'example_setup_teardown_taskflow' retrieved from /home/airflow/.local/lib/python3.12/site-packages/airflow/example_dags/example_setup_teardown_taskflow.py
[2026-07-29T19:00:44.781+0000] {logging_mixin.py:190} INFO - [2026-07-29T19:00:44.781+0000] {dag.py:3211} INFO - Sync 1 DAGs
[2026-07-29T19:00:44.794+0000] {logging_mixin.py:190} INFO - [2026-07-29T19:00:44.794+0000] {dag.py:4138} INFO - Setting next_dagrun for example_setup_teardown_taskflow to 2026-07-28 00:00:00+00:00, run_after=2026-07-29 00:00:00+00:00
[2026-07-29T19:00:44.803+0000] {processor.py:208} INFO - Processing /home/airflow/.local/lib/python3.12/site-packages/airflow/example_dags/example_setup_teardown_taskflow.py took 0.053 seconds
[2026-07-29T19:01:15.002+0000] {processor.py:186} INFO - Started process (PID=24730) to work on /home/airflow/.local/lib/python3.12/site-packages/airflow/example_dags/example_setup_teardown_taskflow.py
[2026-07-29T19:01:15.002+0000] {processor.py:914} INFO - Processing file /home/airflow/.local/lib/python3.12/site-packages/airflow/example_dags/example_setup_teardown_taskflow.py for tasks to queue
[2026-07-29T19:01:15.003+0000] {logging_mixin.py:190} INFO - [2026-07-29T19:01:15.003+0000] {dagbag.py:587} INFO - Filling up the DagBag from /home/airflow/.local/lib/python3.12/site-packages/airflow/example_dags/example_setup_teardown_taskflow.py
[2026-07-29T19:01:15.010+0000] {processor.py:925} INFO - DAG(s) 'example_setup_teardown_taskflow' retrieved from /home/airflow/.local/lib/python3.12/site-packages/airflow/example_dags/example_setup_teardown_taskflow.py
[2026-07-29T19:01:15.018+0000] {logging_mixin.py:190} INFO - [2026-07-29T19:01:15.018+0000] {dag.py:3211} INFO - Sync 1 DAGs
[2026-07-29T19:01:15.026+0000] {logging_mixin.py:190} INFO - [2026-07-29T19:01:15.026+0000] {dag.py:4138} INFO - Setting next_dagrun for example_setup_teardown_taskflow to 2026-07-28 00:00:00+00:00, run_after=2026-07-29 00:00:00+00:00
[2026-07-29T19:01:15.032+0000] {processor.py:208} INFO - Processing /home/airflow/.local/lib/python3.12/site-packages/airflow/example_dags/example_setup_teardown_taskflow.py took 0.032 seconds
[2026-07-29T19:01:45.911+0000] {processor.py:186} INFO - Started process (PID=24796) to work on /home/airflow/.local/lib/python3.12/site-packages/airflow/example_dags/example_setup_teardown_taskflow.py
[2026-07-29T19:01:45.911+0000] {processor.py:914} INFO - Processing file /home/airflow/.local/lib/python3.12/site-packages/airflow/example_dags/example_setup_teardown_taskflow.py for tasks to queue
[2026-07-29T19:01:45.914+0000] {logging_mixin.py:190} INFO - [2026-07-29T19:01:45.914+0000] {dagbag.py:587} INFO - Filling up the DagBag from /home/airflow/.local/lib/python3.12/site-packages/airflow/example_dags/example_setup_teardown_taskflow.py
[2026-07-29T19:01:45.918+0000] {processor.py:925} INFO - DAG(s) 'example_setup_teardown_taskflow' retrieved from /home/airflow/.local/lib/python3.12/site-packages/airflow/example_dags/example_setup_teardown_taskflow.py
[2026-07-29T19:01:45.933+0000] {logging_mixin.py:190} INFO - [2026-07-29T19:01:45.932+0000] {dag.py:3211} INFO - Sync 1 DAGs
[2026-07-29T19:01:45.943+0000] {logging_mixin.py:190} INFO - [2026-07-29T19:01:45.943+0000] {dag.py:4138} INFO - Setting next_dagrun for example_setup_teardown_taskflow to 2026-07-28 00:00:00+00:00, run_after=2026-07-29 00:00:00+00:00
[2026-07-29T19:01:45.951+0000] {processor.py:208} INFO - Processing /home/airflow/.local/lib/python3.12/site-packages/airflow/example_dags/example_setup_teardown_taskflow.py took 0.043 seconds
[2026-07-29T19:02:16.946+0000] {processor.py:186} INFO - Started process (PID=24862) to work on /home/airflow/.local/lib/python3.12/site-packages/airflow/example_dags/example_setup_teardown_taskflow.py
[2026-07-29T19:02:16.946+0000] {processor.py:914} INFO - Processing file /home/airflow/.local/lib/python3.12/site-packages/airflow/example_dags/example_setup_teardown_taskflow.py for tasks to queue
[2026-07-29T19:02:16.950+0000] {logging_mixin.py:190} INFO - [2026-07-29T19:02:16.949+0000] {dagbag.py:587} INFO - Filling up the DagBag from /home/airflow/.local/lib/python3.12/site-packages/airflow/example_dags/example_setup_teardown_taskflow.py
[2026-07-29T19:02:16.955+0000] {processor.py:925} INFO - DAG(s) 'example_setup_teardown_taskflow' retrieved from /home/airflow/.local/lib/python3.12/site-packages/airflow/example_dags/example_setup_teardown_taskflow.py
[2026-07-29T19:02:16.969+0000] {logging_mixin.py:190} INFO - [2026-07-29T19:02:16.969+0000] {dag.py:3211} INFO - Sync 1 DAGs
[2026-07-29T19:02:16.977+0000] {logging_mixin.py:190} INFO - [2026-07-29T19:02:16.977+0000] {dag.py:4138} INFO - Setting next_dagrun for example_setup_teardown_taskflow to 2026-07-28 00:00:00+00:00, run_after=2026-07-29 00:00:00+00:00
[2026-07-29T19:02:16.985+0000] {processor.py:208} INFO - Processing /home/airflow/.local/lib/python3.12/site-packages/airflow/example_dags/example_setup_teardown_taskflow.py took 0.041 seconds
[2026-07-29T19:02:47.823+0000] {processor.py:186} INFO - Started process (PID=24929) to work on /home/airflow/.local/lib/python3.12/site-packages/airflow/example_dags/example_setup_teardown_taskflow.py
[2026-07-29T19:02:47.824+0000] {processor.py:914} INFO - Processing file /home/airflow/.local/lib/python3.12/site-packages/airflow/example_dags/example_setup_teardown_taskflow.py for tasks to queue
[2026-07-29T19:02:47.828+0000] {logging_mixin.py:190} INFO - [2026-07-29T19:02:47.828+0000] {dagbag.py:587} INFO - Filling up the DagBag from /home/airflow/.local/lib/python3.12/site-packages/airflow/example_dags/example_setup_teardown_taskflow.py
[2026-07-29T19:02:47.833+0000] {processor.py:925} INFO - DAG(s) 'example_setup_teardown_taskflow' retrieved from /home/airflow/.local/lib/python3.12/site-packages/airflow/example_dags/example_setup_teardown_taskflow.py
[2026-07-29T19:02:47.844+0000] {logging_mixin.py:190} INFO - [2026-07-29T19:02:47.844+0000] {dag.py:3211} INFO - Sync 1 DAGs
[2026-07-29T19:02:47.854+0000] {logging_mixin.py:190} INFO - [2026-07-29T19:02:47.854+0000] {dag.py:4138} INFO - Setting next_dagrun for example_setup_teardown_taskflow to 2026-07-28 00:00:00+00:00, run_after=2026-07-29 00:00:00+00:00
[2026-07-29T19:02:47.860+0000] {processor.py:208} INFO - Processing /home/airflow/.local/lib/python3.12/site-packages/airflow/example_dags/example_setup_teardown_taskflow.py took 0.039 seconds
[2026-07-29T19:03:18.121+0000] {processor.py:186} INFO - Started process (PID=24995) to work on /home/airflow/.local/lib/python3.12/site-packages/airflow/example_dags/example_setup_teardown_taskflow.py
[2026-07-29T19:03:18.121+0000] {processor.py:914} INFO - Processing file /home/airflow/.local/lib/python3.12/site-packages/airflow/example_dags/example_setup_teardown_taskflow.py for tasks to queue
[2026-07-29T19:03:18.123+0000] {logging_mixin.py:190} INFO - [2026-07-29T19:03:18.122+0000] {dagbag.py:587} INFO - Filling up the DagBag from /home/airflow/.local/lib/python3.12/site-packages/airflow/example_dags/example_setup_teardown_taskflow.py
[2026-07-29T19:03:18.127+0000] {processor.py:925} INFO - DAG(s) 'example_setup_teardown_taskflow' retrieved from /home/airflow/.local/lib/python3.12/site-packages/airflow/example_dags/example_setup_teardown_taskflow.py
[2026-07-29T19:03:18.135+0000] {logging_mixin.py:190} INFO - [2026-07-29T19:03:18.135+0000] {dag.py:3211} INFO - Sync 1 DAGs
[2026-07-29T19:03:18.142+0000] {logging_mixin.py:190} INFO - [2026-07-29T19:03:18.142+0000] {dag.py:4138} INFO - Setting next_dagrun for example_setup_teardown_taskflow to 2026-07-28 00:00:00+00:00, run_after=2026-07-29 00:00:00+00:00
[2026-07-29T19:03:18.148+0000] {processor.py:208} INFO - Processing /home/airflow/.local/lib/python3.12/site-packages/airflow/example_dags/example_setup_teardown_taskflow.py took 0.030 seconds
[2026-07-29T19:03:48.205+0000] {processor.py:186} INFO - Started process (PID=25061) to work on /home/airflow/.local/lib/python3.12/site-packages/airflow/example_dags/example_setup_teardown_taskflow.py
[2026-07-29T19:03:48.205+0000] {processor.py:914} INFO - Processing file /home/airflow/.local/lib/python3.12/site-packages/airflow/example_dags/example_setup_teardown_taskflow.py for tasks to queue
[2026-07-29T19:03:48.206+0000] {logging_mixin.py:190} INFO - [2026-07-29T19:03:48.206+0000] {dagbag.py:587} INFO - Filling up the DagBag from /home/airflow/.local/lib/python3.12/site-packages/airflow/example_dags/example_setup_teardown_taskflow.py
[2026-07-29T19:03:48.211+0000] {processor.py:925} INFO - DAG(s) 'example_setup_teardown_taskflow' retrieved from /home/airflow/.local/lib/python3.12/site-packages/airflow/example_dags/example_setup_teardown_taskflow.py
[2026-07-29T19:03:48.219+0000] {logging_mixin.py:190} INFO - [2026-07-29T19:03:48.219+0000] {dag.py:3211} INFO - Sync 1 DAGs
[2026-07-29T19:03:48.227+0000] {logging_mixin.py:190} INFO - [2026-07-29T19:03:48.226+0000] {dag.py:4138} INFO - Setting next_dagrun for example_setup_teardown_taskflow to 2026-07-28 00:00:00+00:00, run_after=2026-07-29 00:00:00+00:00
[2026-07-29T19:03:48.232+0000] {processor.py:208} INFO - Processing /home/airflow/.local/lib/python3.12/site-packages/airflow/example_dags/example_setup_teardown_taskflow.py took 0.030 seconds
[2026-07-29T19:04:19.040+0000] {processor.py:186} INFO - Started process (PID=25127) to work on /home/airflow/.local/lib/python3.12/site-packages/airflow/example_dags/example_setup_teardown_taskflow.py
[2026-07-29T19:04:19.041+0000] {processor.py:914} INFO - Processing file /home/airflow/.local/lib/python3.12/site-packages/airflow/example_dags/example_setup_teardown_taskflow.py for tasks to queue
[2026-07-29T19:04:19.042+0000] {logging_mixin.py:190} INFO - [2026-07-29T19:04:19.041+0000] {dagbag.py:587} INFO - Filling up the DagBag from /home/airflow/.local/lib/python3.12/site-packages/airflow/example_dags/example_setup_teardown_taskflow.py
[2026-07-29T19:04:19.046+0000] {processor.py:925} INFO - DAG(s) 'example_setup_teardown_taskflow' retrieved from /home/airflow/.local/lib/python3.12/site-packages/airflow/example_dags/example_setup_teardown_taskflow.py
[2026-07-29T19:04:19.054+0000] {logging_mixin.py:190} INFO - [2026-07-29T19:04:19.054+0000] {dag.py:3211} INFO - Sync 1 DAGs
[2026-07-29T19:04:19.062+0000] {logging_mixin.py:190} INFO - [2026-07-29T19:04:19.061+0000] {dag.py:4138} INFO - Setting next_dagrun for example_setup_teardown_taskflow to 2026-07-28 00:00:00+00:00, run_after=2026-07-29 00:00:00+00:00
[2026-07-29T19:04:19.068+0000] {processor.py:208} INFO - Processing /home/airflow/.local/lib/python3.12/site-packages/airflow/example_dags/example_setup_teardown_taskflow.py took 0.030 seconds
[2026-07-29T19:04:50.126+0000] {processor.py:186} INFO - Started process (PID=25193) to work on /home/airflow/.local/lib/python3.12/site-packages/airflow/example_dags/example_setup_teardown_taskflow.py
[2026-07-29T19:04:50.127+0000] {processor.py:914} INFO - Processing file /home/airflow/.local/lib/python3.12/site-packages/airflow/example_dags/example_setup_teardown_taskflow.py for tasks to queue
[2026-07-29T19:04:50.128+0000] {logging_mixin.py:190} INFO - [2026-07-29T19:04:50.128+0000] {dagbag.py:587} INFO - Filling up the DagBag from /home/airflow/.local/lib/python3.12/site-packages/airflow/example_dags/example_setup_teardown_taskflow.py
[2026-07-29T19:04:50.133+0000] {processor.py:925} INFO - DAG(s) 'example_setup_teardown_taskflow' retrieved from /home/airflow/.local/lib/python3.12/site-packages/airflow/example_dags/example_setup_teardown_taskflow.py
[2026-07-29T19:04:50.146+0000] {logging_mixin.py:190} INFO - [2026-07-29T19:04:50.146+0000] {dag.py:3211} INFO - Sync 1 DAGs
[2026-07-29T19:04:50.159+0000] {logging_mixin.py:190} INFO - [2026-07-29T19:04:50.159+0000] {dag.py:4138} INFO - Setting next_dagrun for example_setup_teardown_taskflow to 2026-07-28 00:00:00+00:00, run_after=2026-07-29 00:00:00+00:00
[2026-07-29T19:04:50.169+0000] {processor.py:208} INFO - Processing /home/airflow/.local/lib/python3.12/site-packages/airflow/example_dags/example_setup_teardown_taskflow.py took 0.046 seconds
[2026-07-29T19:05:20.330+0000] {processor.py:186} INFO - Started process (PID=25259) to work on /home/airflow/.local/lib/python3.12/site-packages/airflow/example_dags/example_setup_teardown_taskflow.py
[2026-07-29T19:05:20.330+0000] {processor.py:914} INFO - Processing file /home/airflow/.local/lib/python3.12/site-packages/airflow/example_dags/example_setup_teardown_taskflow.py for tasks to queue
[2026-07-29T19:05:20.332+0000] {logging_mixin.py:190} INFO - [2026-07-29T19:05:20.331+0000] {dagbag.py:587} INFO - Filling up the DagBag from /home/airflow/.local/lib/python3.12/site-packages/airflow/example_dags/example_setup_teardown_taskflow.py
[2026-07-29T19:05:20.336+0000] {processor.py:925} INFO - DAG(s) 'example_setup_teardown_taskflow' retrieved from /home/airflow/.local/lib/python3.12/site-packages/airflow/example_dags/example_setup_teardown_taskflow.py
[2026-07-29T19:05:20.346+0000] {logging_mixin.py:190} INFO - [2026-07-29T19:05:20.346+0000] {dag.py:3211} INFO - Sync 1 DAGs
[2026-07-29T19:05:20.355+0000] {logging_mixin.py:190} INFO - [2026-07-29T19:05:20.355+0000] {dag.py:4138} INFO - Setting next_dagrun for example_setup_teardown_taskflow to 2026-07-28 00:00:00+00:00, run_after=2026-07-29 00:00:00+00:00
[2026-07-29T19:05:20.363+0000] {processor.py:208} INFO - Processing /home/airflow/.local/lib/python3.12/site-packages/airflow/example_dags/example_setup_teardown_taskflow.py took 0.036 seconds
[2026-07-29T19:05:50.441+0000] {processor.py:186} INFO - Started process (PID=25325) to work on /home/airflow/.local/lib/python3.12/site-packages/airflow/example_dags/example_setup_teardown_taskflow.py
[2026-07-29T19:05:50.443+0000] {processor.py:914} INFO - Processing file /home/airflow/.local/lib/python3.12/site-packages/airflow/example_dags/example_setup_teardown_taskflow.py for tasks to queue
[2026-07-29T19:05:50.444+0000] {logging_mixin.py:190} INFO - [2026-07-29T19:05:50.444+0000] {dagbag.py:587} INFO - Filling up the DagBag from /home/airflow/.local/lib/python3.12/site-packages/airflow/example_dags/example_setup_teardown_taskflow.py
[2026-07-29T19:05:50.448+0000] {processor.py:925} INFO - DAG(s) 'example_setup_teardown_taskflow' retrieved from /home/airflow/.local/lib/python3.12/site-packages/airflow/example_dags/example_setup_teardown_taskflow.py
[2026-07-29T19:05:50.460+0000] {logging_mixin.py:190} INFO - [2026-07-29T19:05:50.460+0000] {dag.py:3211} INFO - Sync 1 DAGs
[2026-07-29T19:05:50.473+0000] {logging_mixin.py:190} INFO - [2026-07-29T19:05:50.472+0000] {dag.py:4138} INFO - Setting next_dagrun for example_setup_teardown_taskflow to 2026-07-28 00:00:00+00:00, run_after=2026-07-29 00:00:00+00:00
[2026-07-29T19:05:50.484+0000] {processor.py:208} INFO - Processing /home/airflow/.local/lib/python3.12/site-packages/airflow/example_dags/example_setup_teardown_taskflow.py took 0.045 seconds
[2026-07-29T19:06:20.669+0000] {processor.py:186} INFO - Started process (PID=25391) to work on /home/airflow/.local/lib/python3.12/site-packages/airflow/example_dags/example_setup_teardown_taskflow.py
[2026-07-29T19:06:20.671+0000] {processor.py:914} INFO - Processing file /home/airflow/.local/lib/python3.12/site-packages/airflow/example_dags/example_setup_teardown_taskflow.py for tasks to queue
[2026-07-29T19:06:20.672+0000] {logging_mixin.py:190} INFO - [2026-07-29T19:06:20.672+0000] {dagbag.py:587} INFO - Filling up the DagBag from /home/airflow/.local/lib/python3.12/site-packages/airflow/example_dags/example_setup_teardown_taskflow.py
[2026-07-29T19:06:20.681+0000] {processor.py:925} INFO - DAG(s) 'example_setup_teardown_taskflow' retrieved from /home/airflow/.local/lib/python3.12/site-packages/airflow/example_dags/example_setup_teardown_taskflow.py
[2026-07-29T19:06:20.698+0000] {logging_mixin.py:190} INFO - [2026-07-29T19:06:20.698+0000] {dag.py:3211} INFO - Sync 1 DAGs
[2026-07-29T19:06:20.715+0000] {logging_mixin.py:190} INFO - [2026-07-29T19:06:20.715+0000] {dag.py:4138} INFO - Setting next_dagrun for example_setup_teardown_taskflow to 2026-07-28 00:00:00+00:00, run_after=2026-07-29 00:00:00+00:00
[2026-07-29T19:06:20.725+0000] {processor.py:208} INFO - Processing /home/airflow/.local/lib/python3.12/site-packages/airflow/example_dags/example_setup_teardown_taskflow.py took 0.059 seconds
[2026-07-29T19:06:51.663+0000] {processor.py:186} INFO - Started process (PID=25457) to work on /home/airflow/.local/lib/python3.12/site-packages/airflow/example_dags/example_setup_teardown_taskflow.py
[2026-07-29T19:06:51.663+0000] {processor.py:914} INFO - Processing file /home/airflow/.local/lib/python3.12/site-packages/airflow/example_dags/example_setup_teardown_taskflow.py for tasks to queue
[2026-07-29T19:06:51.665+0000] {logging_mixin.py:190} INFO - [2026-07-29T19:06:51.664+0000] {dagbag.py:587} INFO - Filling up the DagBag from /home/airflow/.local/lib/python3.12/site-packages/airflow/example_dags/example_setup_teardown_taskflow.py
[2026-07-29T19:06:51.669+0000] {processor.py:925} INFO - DAG(s) 'example_setup_teardown_taskflow' retrieved from /home/airflow/.local/lib/python3.12/site-packages/airflow/example_dags/example_setup_teardown_taskflow.py
[2026-07-29T19:06:51.682+0000] {logging_mixin.py:190} INFO - [2026-07-29T19:06:51.682+0000] {dag.py:3211} INFO - Sync 1 DAGs
[2026-07-29T19:06:51.695+0000] {logging_mixin.py:190} INFO - [2026-07-29T19:06:51.695+0000] {dag.py:4138} INFO - Setting next_dagrun for example_setup_teardown_taskflow to 2026-07-28 00:00:00+00:00, run_after=2026-07-29 00:00:00+00:00
[2026-07-29T19:06:51.706+0000] {processor.py:208} INFO - Processing /home/airflow/.local/lib/python3.12/site-packages/airflow/example_dags/example_setup_teardown_taskflow.py took 0.046 seconds
[2026-07-29T19:07:21.771+0000] {processor.py:186} INFO - Started process (PID=25523) to work on /home/airflow/.local/lib/python3.12/site-packages/airflow/example_dags/example_setup_teardown_taskflow.py
[2026-07-29T19:07:21.772+0000] {processor.py:914} INFO - Processing file /home/airflow/.local/lib/python3.12/site-packages/airflow/example_dags/example_setup_teardown_taskflow.py for tasks to queue
[2026-07-29T19:07:21.773+0000] {logging_mixin.py:190} INFO - [2026-07-29T19:07:21.773+0000] {dagbag.py:587} INFO - Filling up the DagBag from /home/airflow/.local/lib/python3.12/site-packages/airflow/example_dags/example_setup_teardown_taskflow.py
[2026-07-29T19:07:21.779+0000] {processor.py:925} INFO - DAG(s) 'example_setup_teardown_taskflow' retrieved from /home/airflow/.local/lib/python3.12/site-packages/airflow/example_dags/example_setup_teardown_taskflow.py
[2026-07-29T19:07:21.790+0000] {logging_mixin.py:190} INFO - [2026-07-29T19:07:21.790+0000] {dag.py:3211} INFO - Sync 1 DAGs
[2026-07-29T19:07:21.803+0000] {logging_mixin.py:190} INFO - [2026-07-29T19:07:21.803+0000] {dag.py:4138} INFO - Setting next_dagrun for example_setup_teardown_taskflow to 2026-07-28 00:00:00+00:00, run_after=2026-07-29 00:00:00+00:00
[2026-07-29T19:07:21.810+0000] {processor.py:208} INFO - Processing /home/airflow/.local/lib/python3.12/site-packages/airflow/example_dags/example_setup_teardown_taskflow.py took 0.042 seconds
[2026-07-29T19:07:52.778+0000] {processor.py:186} INFO - Started process (PID=25589) to work on /home/airflow/.local/lib/python3.12/site-packages/airflow/example_dags/example_setup_teardown_taskflow.py
[2026-07-29T19:07:52.779+0000] {processor.py:914} INFO - Processing file /home/airflow/.local/lib/python3.12/site-packages/airflow/example_dags/example_setup_teardown_taskflow.py for tasks to queue
[2026-07-29T19:07:52.780+0000] {logging_mixin.py:190} INFO - [2026-07-29T19:07:52.780+0000] {dagbag.py:587} INFO - Filling up the DagBag from /home/airflow/.local/lib/python3.12/site-packages/airflow/example_dags/example_setup_teardown_taskflow.py
[2026-07-29T19:07:52.785+0000] {processor.py:925} INFO - DAG(s) 'example_setup_teardown_taskflow' retrieved from /home/airflow/.local/lib/python3.12/site-packages/airflow/example_dags/example_setup_teardown_taskflow.py
[2026-07-29T19:07:52.794+0000] {logging_mixin.py:190} INFO - [2026-07-29T19:07:52.794+0000] {dag.py:3211} INFO - Sync 1 DAGs
[2026-07-29T19:07:52.803+0000] {logging_mixin.py:190} INFO - [2026-07-29T19:07:52.803+0000] {dag.py:4138} INFO - Setting next_dagrun for example_setup_teardown_taskflow to 2026-07-28 00:00:00+00:00, run_after=2026-07-29 00:00:00+00:00
[2026-07-29T19:07:52.809+0000] {processor.py:208} INFO - Processing /home/airflow/.local/lib/python3.12/site-packages/airflow/example_dags/example_setup_teardown_taskflow.py took 0.034 seconds
[2026-07-29T19:08:23.733+0000] {processor.py:186} INFO - Started process (PID=25655) to work on /home/airflow/.local/lib/python3.12/site-packages/airflow/example_dags/example_setup_teardown_taskflow.py
[2026-07-29T19:08:23.733+0000] {processor.py:914} INFO - Processing file /home/airflow/.local/lib/python3.12/site-packages/airflow/example_dags/example_setup_teardown_taskflow.py for tasks to queue
[2026-07-29T19:08:23.734+0000] {logging_mixin.py:190} INFO - [2026-07-29T19:08:23.734+0000] {dagbag.py:587} INFO - Filling up the DagBag from /home/airflow/.local/lib/python3.12/site-packages/airflow/example_dags/example_setup_teardown_taskflow.py
[2026-07-29T19:08:23.739+0000] {processor.py:925} INFO - DAG(s) 'example_setup_teardown_taskflow' retrieved from /home/airflow/.local/lib/python3.12/site-packages/airflow/example_dags/example_setup_teardown_taskflow.py
[2026-07-29T19:08:23.747+0000] {logging_mixin.py:190} INFO - [2026-07-29T19:08:23.747+0000] {dag.py:3211} INFO - Sync 1 DAGs
[2026-07-29T19:08:23.756+0000] {logging_mixin.py:190} INFO - [2026-07-29T19:08:23.756+0000] {dag.py:4138} INFO - Setting next_dagrun for example_setup_teardown_taskflow to 2026-07-28 00:00:00+00:00, run_after=2026-07-29 00:00:00+00:00
[2026-07-29T19:08:23.765+0000] {processor.py:208} INFO - Processing /home/airflow/.local/lib/python3.12/site-packages/airflow/example_dags/example_setup_teardown_taskflow.py took 0.035 seconds
[2026-07-29T19:08:53.908+0000] {processor.py:186} INFO - Started process (PID=25721) to work on /home/airflow/.local/lib/python3.12/site-packages/airflow/example_dags/example_setup_teardown_taskflow.py
[2026-07-29T19:08:53.908+0000] {processor.py:914} INFO - Processing file /home/airflow/.local/lib/python3.12/site-packages/airflow/example_dags/example_setup_teardown_taskflow.py for tasks to queue
[2026-07-29T19:08:53.911+0000] {logging_mixin.py:190} INFO - [2026-07-29T19:08:53.910+0000] {dagbag.py:587} INFO - Filling up the DagBag from /home/airflow/.local/lib/python3.12/site-packages/airflow/example_dags/example_setup_teardown_taskflow.py
[2026-07-29T19:08:53.915+0000] {processor.py:925} INFO - DAG(s) 'example_setup_teardown_taskflow' retrieved from /home/airflow/.local/lib/python3.12/site-packages/airflow/example_dags/example_setup_teardown_taskflow.py
[2026-07-29T19:08:53.929+0000] {logging_mixin.py:190} INFO - [2026-07-29T19:08:53.929+0000] {dag.py:3211} INFO - Sync 1 DAGs
[2026-07-29T19:08:53.944+0000] {logging_mixin.py:190} INFO - [2026-07-29T19:08:53.944+0000] {dag.py:4138} INFO - Setting next_dagrun for example_setup_teardown_taskflow to 2026-07-28 00:00:00+00:00, run_after=2026-07-29 00:00:00+00:00
[2026-07-29T19:08:53.954+0000] {processor.py:208} INFO - Processing /home/airflow/.local/lib/python3.12/site-packages/airflow/example_dags/example_setup_teardown_taskflow.py took 0.049 seconds
[2026-07-29T19:09:24.880+0000] {processor.py:186} INFO - Started process (PID=25787) to work on /home/airflow/.local/lib/python3.12/site-packages/airflow/example_dags/example_setup_teardown_taskflow.py
[2026-07-29T19:09:24.880+0000] {processor.py:914} INFO - Processing file /home/airflow/.local/lib/python3.12/site-packages/airflow/example_dags/example_setup_teardown_taskflow.py for tasks to queue
[2026-07-29T19:09:24.882+0000] {logging_mixin.py:190} INFO - [2026-07-29T19:09:24.881+0000] {dagbag.py:587} INFO - Filling up the DagBag from /home/airflow/.local/lib/python3.12/site-packages/airflow/example_dags/example_setup_teardown_taskflow.py
[2026-07-29T19:09:24.887+0000] {processor.py:925} INFO - DAG(s) 'example_setup_teardown_taskflow' retrieved from /home/airflow/.local/lib/python3.12/site-packages/airflow/example_dags/example_setup_teardown_taskflow.py
[2026-07-29T19:09:24.900+0000] {logging_mixin.py:190} INFO - [2026-07-29T19:09:24.900+0000] {dag.py:3211} INFO - Sync 1 DAGs
[2026-07-29T19:09:24.913+0000] {logging_mixin.py:190} INFO - [2026-07-29T19:09:24.913+0000] {dag.py:4138} INFO - Setting next_dagrun for example_setup_teardown_taskflow to 2026-07-28 00:00:00+00:00, run_after=2026-07-29 00:00:00+00:00
[2026-07-29T19:09:24.924+0000] {processor.py:208} INFO - Processing /home/airflow/.local/lib/python3.12/site-packages/airflow/example_dags/example_setup_teardown_taskflow.py took 0.047 seconds
[2026-07-29T19:09:54.940+0000] {processor.py:186} INFO - Started process (PID=25853) to work on /home/airflow/.local/lib/python3.12/site-packages/airflow/example_dags/example_setup_teardown_taskflow.py
[2026-07-29T19:09:54.941+0000] {processor.py:914} INFO - Processing file /home/airflow/.local/lib/python3.12/site-packages/airflow/example_dags/example_setup_teardown_taskflow.py for tasks to queue
[2026-07-29T19:09:54.942+0000] {logging_mixin.py:190} INFO - [2026-07-29T19:09:54.941+0000] {dagbag.py:587} INFO - Filling up the DagBag from /home/airflow/.local/lib/python3.12/site-packages/airflow/example_dags/example_setup_teardown_taskflow.py
[2026-07-29T19:09:54.946+0000] {processor.py:925} INFO - DAG(s) 'example_setup_teardown_taskflow' retrieved from /home/airflow/.local/lib/python3.12/site-packages/airflow/example_dags/example_setup_teardown_taskflow.py
[2026-07-29T19:09:54.954+0000] {logging_mixin.py:190} INFO - [2026-07-29T19:09:54.954+0000] {dag.py:3211} INFO - Sync 1 DAGs
[2026-07-29T19:09:54.961+0000] {logging_mixin.py:190} INFO - [2026-07-29T19:09:54.961+0000] {dag.py:4138} INFO - Setting next_dagrun for example_setup_teardown_taskflow to 2026-07-28 00:00:00+00:00, run_after=2026-07-29 00:00:00+00:00
[2026-07-29T19:09:54.966+0000] {processor.py:208} INFO - Processing /home/airflow/.local/lib/python3.12/site-packages/airflow/example_dags/example_setup_teardown_taskflow.py took 0.029 seconds
[2026-07-29T19:10:25.223+0000] {processor.py:186} INFO - Started process (PID=25919) to work on /home/airflow/.local/lib/python3.12/site-packages/airflow/example_dags/example_setup_teardown_taskflow.py
[2026-07-29T19:10:25.224+0000] {processor.py:914} INFO - Processing file /home/airflow/.local/lib/python3.12/site-packages/airflow/example_dags/example_setup_teardown_taskflow.py for tasks to queue
[2026-07-29T19:10:25.225+0000] {logging_mixin.py:190} INFO - [2026-07-29T19:10:25.225+0000] {dagbag.py:587} INFO - Filling up the DagBag from /home/airflow/.local/lib/python3.12/site-packages/airflow/example_dags/example_setup_teardown_taskflow.py
[2026-07-29T19:10:25.230+0000] {processor.py:925} INFO - DAG(s) 'example_setup_teardown_taskflow' retrieved from /home/airflow/.local/lib/python3.12/site-packages/airflow/example_dags/example_setup_teardown_taskflow.py
[2026-07-29T19:10:25.240+0000] {logging_mixin.py:190} INFO - [2026-07-29T19:10:25.240+0000] {dag.py:3211} INFO - Sync 1 DAGs
[2026-07-29T19:10:25.249+0000] {logging_mixin.py:190} INFO - [2026-07-29T19:10:25.249+0000] {dag.py:4138} INFO - Setting next_dagrun for example_setup_teardown_taskflow to 2026-07-28 00:00:00+00:00, run_after=2026-07-29 00:00:00+00:00
[2026-07-29T19:10:25.257+0000] {processor.py:208} INFO - Processing /home/airflow/.local/lib/python3.12/site-packages/airflow/example_dags/example_setup_teardown_taskflow.py took 0.036 seconds
[2026-07-29T19:10:55.394+0000] {processor.py:186} INFO - Started process (PID=25985) to work on /home/airflow/.local/lib/python3.12/site-packages/airflow/example_dags/example_setup_teardown_taskflow.py
[2026-07-29T19:10:55.395+0000] {processor.py:914} INFO - Processing file /home/airflow/.local/lib/python3.12/site-packages/airflow/example_dags/example_setup_teardown_taskflow.py for tasks to queue
[2026-07-29T19:10:55.396+0000] {logging_mixin.py:190} INFO - [2026-07-29T19:10:55.396+0000] {dagbag.py:587} INFO - Filling up the DagBag from /home/airflow/.local/lib/python3.12/site-packages/airflow/example_dags/example_setup_teardown_taskflow.py
[2026-07-29T19:10:55.402+0000] {processor.py:925} INFO - DAG(s) 'example_setup_teardown_taskflow' retrieved from /home/airflow/.local/lib/python3.12/site-packages/airflow/example_dags/example_setup_teardown_taskflow.py
[2026-07-29T19:10:55.415+0000] {logging_mixin.py:190} INFO - [2026-07-29T19:10:55.415+0000] {dag.py:3211} INFO - Sync 1 DAGs
[2026-07-29T19:10:55.424+0000] {logging_mixin.py:190} INFO - [2026-07-29T19:10:55.424+0000] {dag.py:4138} INFO - Setting next_dagrun for example_setup_teardown_taskflow to 2026-07-28 00:00:00+00:00, run_after=2026-07-29 00:00:00+00:00
[2026-07-29T19:10:55.431+0000] {processor.py:208} INFO - Processing /home/airflow/.local/lib/python3.12/site-packages/airflow/example_dags/example_setup_teardown_taskflow.py took 0.041 seconds
[2026-07-29T19:11:26.345+0000] {processor.py:186} INFO - Started process (PID=26051) to work on /home/airflow/.local/lib/python3.12/site-packages/airflow/example_dags/example_setup_teardown_taskflow.py
[2026-07-29T19:11:26.347+0000] {processor.py:914} INFO - Processing file /home/airflow/.local/lib/python3.12/site-packages/airflow/example_dags/example_setup_teardown_taskflow.py for tasks to queue
[2026-07-29T19:11:26.348+0000] {logging_mixin.py:190} INFO - [2026-07-29T19:11:26.348+0000] {dagbag.py:587} INFO - Filling up the DagBag from /home/airflow/.local/lib/python3.12/site-packages/airflow/example_dags/example_setup_teardown_taskflow.py
[2026-07-29T19:11:26.353+0000] {processor.py:925} INFO - DAG(s) 'example_setup_teardown_taskflow' retrieved from /home/airflow/.local/lib/python3.12/site-packages/airflow/example_dags/example_setup_teardown_taskflow.py
[2026-07-29T19:11:26.363+0000] {logging_mixin.py:190} INFO - [2026-07-29T19:11:26.363+0000] {dag.py:3211} INFO - Sync 1 DAGs
[2026-07-29T19:11:26.371+0000] {logging_mixin.py:190} INFO - [2026-07-29T19:11:26.371+0000] {dag.py:4138} INFO - Setting next_dagrun for example_setup_teardown_taskflow to 2026-07-28 00:00:00+00:00, run_after=2026-07-29 00:00:00+00:00
[2026-07-29T19:11:26.380+0000] {processor.py:208} INFO - Processing /home/airflow/.local/lib/python3.12/site-packages/airflow/example_dags/example_setup_teardown_taskflow.py took 0.037 seconds
[2026-07-29T19:11:57.317+0000] {processor.py:186} INFO - Started process (PID=26117) to work on /home/airflow/.local/lib/python3.12/site-packages/airflow/example_dags/example_setup_teardown_taskflow.py
[2026-07-29T19:11:57.317+0000] {processor.py:914} INFO - Processing file /home/airflow/.local/lib/python3.12/site-packages/airflow/example_dags/example_setup_teardown_taskflow.py for tasks to queue
[2026-07-29T19:11:57.319+0000] {logging_mixin.py:190} INFO - [2026-07-29T19:11:57.319+0000] {dagbag.py:587} INFO - Filling up the DagBag from /home/airflow/.local/lib/python3.12/site-packages/airflow/example_dags/example_setup_teardown_taskflow.py
[2026-07-29T19:11:57.324+0000] {processor.py:925} INFO - DAG(s) 'example_setup_teardown_taskflow' retrieved from /home/airflow/.local/lib/python3.12/site-packages/airflow/example_dags/example_setup_teardown_taskflow.py
[2026-07-29T19:11:57.331+0000] {logging_mixin.py:190} INFO - [2026-07-29T19:11:57.331+0000] {dag.py:3211} INFO - Sync 1 DAGs
[2026-07-29T19:11:57.342+0000] {logging_mixin.py:190} INFO - [2026-07-29T19:11:57.341+0000] {dag.py:4138} INFO - Setting next_dagrun for example_setup_teardown_taskflow to 2026-07-28 00:00:00+00:00, run_after=2026-07-29 00:00:00+00:00
[2026-07-29T19:11:57.352+0000] {processor.py:208} INFO - Processing /home/airflow/.local/lib/python3.12/site-packages/airflow/example_dags/example_setup_teardown_taskflow.py took 0.039 seconds
[2026-07-29T19:12:27.421+0000] {processor.py:186} INFO - Started process (PID=26183) to work on /home/airflow/.local/lib/python3.12/site-packages/airflow/example_dags/example_setup_teardown_taskflow.py
[2026-07-29T19:12:27.423+0000] {processor.py:914} INFO - Processing file /home/airflow/.local/lib/python3.12/site-packages/airflow/example_dags/example_setup_teardown_taskflow.py for tasks to queue
[2026-07-29T19:12:27.424+0000] {logging_mixin.py:190} INFO - [2026-07-29T19:12:27.424+0000] {dagbag.py:587} INFO - Filling up the DagBag from /home/airflow/.local/lib/python3.12/site-packages/airflow/example_dags/example_setup_teardown_taskflow.py
[2026-07-29T19:12:27.433+0000] {processor.py:925} INFO - DAG(s) 'example_setup_teardown_taskflow' retrieved from /home/airflow/.local/lib/python3.12/site-packages/airflow/example_dags/example_setup_teardown_taskflow.py
[2026-07-29T19:12:27.443+0000] {logging_mixin.py:190} INFO - [2026-07-29T19:12:27.443+0000] {dag.py:3211} INFO - Sync 1 DAGs
[2026-07-29T19:12:27.451+0000] {logging_mixin.py:190} INFO - [2026-07-29T19:12:27.451+0000] {dag.py:4138} INFO - Setting next_dagrun for example_setup_teardown_taskflow to 2026-07-28 00:00:00+00:00, run_after=2026-07-29 00:00:00+00:00
[2026-07-29T19:12:27.457+0000] {processor.py:208} INFO - Processing /home/airflow/.local/lib/python3.12/site-packages/airflow/example_dags/example_setup_teardown_taskflow.py took 0.039 seconds
[2026-07-29T19:12:58.286+0000] {processor.py:186} INFO - Started process (PID=26249) to work on /home/airflow/.local/lib/python3.12/site-packages/airflow/example_dags/example_setup_teardown_taskflow.py
[2026-07-29T19:12:58.287+0000] {processor.py:914} INFO - Processing file /home/airflow/.local/lib/python3.12/site-packages/airflow/example_dags/example_setup_teardown_taskflow.py for tasks to queue
[2026-07-29T19:12:58.288+0000] {logging_mixin.py:190} INFO - [2026-07-29T19:12:58.288+0000] {dagbag.py:587} INFO - Filling up the DagBag from /home/airflow/.local/lib/python3.12/site-packages/airflow/example_dags/example_setup_teardown_taskflow.py
[2026-07-29T19:12:58.295+0000] {processor.py:925} INFO - DAG(s) 'example_setup_teardown_taskflow' retrieved from /home/airflow/.local/lib/python3.12/site-packages/airflow/example_dags/example_setup_teardown_taskflow.py
[2026-07-29T19:12:58.306+0000] {logging_mixin.py:190} INFO - [2026-07-29T19:12:58.306+0000] {dag.py:3211} INFO - Sync 1 DAGs
[2026-07-29T19:12:58.316+0000] {logging_mixin.py:190} INFO - [2026-07-29T19:12:58.316+0000] {dag.py:4138} INFO - Setting next_dagrun for example_setup_teardown_taskflow to 2026-07-28 00:00:00+00:00, run_after=2026-07-29 00:00:00+00:00
[2026-07-29T19:12:58.325+0000] {processor.py:208} INFO - Processing /home/airflow/.local/lib/python3.12/site-packages/airflow/example_dags/example_setup_teardown_taskflow.py took 0.041 seconds
[2026-07-29T19:13:29.324+0000] {processor.py:186} INFO - Started process (PID=26315) to work on /home/airflow/.local/lib/python3.12/site-packages/airflow/example_dags/example_setup_teardown_taskflow.py
[2026-07-29T19:13:29.324+0000] {processor.py:914} INFO - Processing file /home/airflow/.local/lib/python3.12/site-packages/airflow/example_dags/example_setup_teardown_taskflow.py for tasks to queue
[2026-07-29T19:13:29.327+0000] {logging_mixin.py:190} INFO - [2026-07-29T19:13:29.327+0000] {dagbag.py:587} INFO - Filling up the DagBag from /home/airflow/.local/lib/python3.12/site-packages/airflow/example_dags/example_setup_teardown_taskflow.py
[2026-07-29T19:13:29.333+0000] {processor.py:925} INFO - DAG(s) 'example_setup_teardown_taskflow' retrieved from /home/airflow/.local/lib/python3.12/site-packages/airflow/example_dags/example_setup_teardown_taskflow.py
[2026-07-29T19:13:29.345+0000] {logging_mixin.py:190} INFO - [2026-07-29T19:13:29.345+0000] {dag.py:3211} INFO - Sync 1 DAGs
[2026-07-29T19:13:29.354+0000] {logging_mixin.py:190} INFO - [2026-07-29T19:13:29.354+0000] {dag.py:4138} INFO - Setting next_dagrun for example_setup_teardown_taskflow to 2026-07-28 00:00:00+00:00, run_after=2026-07-29 00:00:00+00:00
[2026-07-29T19:13:29.361+0000] {processor.py:208} INFO - Processing /home/airflow/.local/lib/python3.12/site-packages/airflow/example_dags/example_setup_teardown_taskflow.py took 0.040 seconds
[2026-07-29T19:14:06.330+0000] {processor.py:186} INFO - Started process (PID=26397) to work on /home/airflow/.local/lib/python3.12/site-packages/airflow/example_dags/example_setup_teardown_taskflow.py
[2026-07-29T19:14:06.330+0000] {processor.py:914} INFO - Processing file /home/airflow/.local/lib/python3.12/site-packages/airflow/example_dags/example_setup_teardown_taskflow.py for tasks to queue
[2026-07-29T19:14:06.332+0000] {logging_mixin.py:190} INFO - [2026-07-29T19:14:06.332+0000] {dagbag.py:587} INFO - Filling up the DagBag from /home/airflow/.local/lib/python3.12/site-packages/airflow/example_dags/example_setup_teardown_taskflow.py
[2026-07-29T19:14:06.337+0000] {processor.py:925} INFO - DAG(s) 'example_setup_teardown_taskflow' retrieved from /home/airflow/.local/lib/python3.12/site-packages/airflow/example_dags/example_setup_teardown_taskflow.py
[2026-07-29T19:14:06.347+0000] {logging_mixin.py:190} INFO - [2026-07-29T19:14:06.347+0000] {dag.py:3211} INFO - Sync 1 DAGs
[2026-07-29T19:14:06.362+0000] {logging_mixin.py:190} INFO - [2026-07-29T19:14:06.362+0000] {dag.py:4138} INFO - Setting next_dagrun for example_setup_teardown_taskflow to 2026-07-28 00:00:00+00:00, run_after=2026-07-29 00:00:00+00:00
[2026-07-29T19:14:06.373+0000] {processor.py:208} INFO - Processing /home/airflow/.local/lib/python3.12/site-packages/airflow/example_dags/example_setup_teardown_taskflow.py took 0.046 seconds
[2026-07-29T19:14:36.388+0000] {processor.py:186} INFO - Started process (PID=26463) to work on /home/airflow/.local/lib/python3.12/site-packages/airflow/example_dags/example_setup_teardown_taskflow.py
[2026-07-29T19:14:36.390+0000] {processor.py:914} INFO - Processing file /home/airflow/.local/lib/python3.12/site-packages/airflow/example_dags/example_setup_teardown_taskflow.py for tasks to queue
[2026-07-29T19:14:36.391+0000] {logging_mixin.py:190} INFO - [2026-07-29T19:14:36.391+0000] {dagbag.py:587} INFO - Filling up the DagBag from /home/airflow/.local/lib/python3.12/site-packages/airflow/example_dags/example_setup_teardown_taskflow.py
[2026-07-29T19:14:36.397+0000] {processor.py:925} INFO - DAG(s) 'example_setup_teardown_taskflow' retrieved from /home/airflow/.local/lib/python3.12/site-packages/airflow/example_dags/example_setup_teardown_taskflow.py
[2026-07-29T19:14:36.409+0000] {logging_mixin.py:190} INFO - [2026-07-29T19:14:36.409+0000] {dag.py:3211} INFO - Sync 1 DAGs
[2026-07-29T19:14:36.421+0000] {logging_mixin.py:190} INFO - [2026-07-29T19:14:36.421+0000] {dag.py:4138} INFO - Setting next_dagrun for example_setup_teardown_taskflow to 2026-07-28 00:00:00+00:00, run_after=2026-07-29 00:00:00+00:00
[2026-07-29T19:14:36.430+0000] {processor.py:208} INFO - Processing /home/airflow/.local/lib/python3.12/site-packages/airflow/example_dags/example_setup_teardown_taskflow.py took 0.044 seconds
[2026-07-29T19:15:06.929+0000] {processor.py:186} INFO - Started process (PID=26529) to work on /home/airflow/.local/lib/python3.12/site-packages/airflow/example_dags/example_setup_teardown_taskflow.py
[2026-07-29T19:15:06.930+0000] {processor.py:914} INFO - Processing file /home/airflow/.local/lib/python3.12/site-packages/airflow/example_dags/example_setup_teardown_taskflow.py for tasks to queue
[2026-07-29T19:15:06.932+0000] {logging_mixin.py:190} INFO - [2026-07-29T19:15:06.931+0000] {dagbag.py:587} INFO - Filling up the DagBag from /home/airflow/.local/lib/python3.12/site-packages/airflow/example_dags/example_setup_teardown_taskflow.py
[2026-07-29T19:15:06.936+0000] {processor.py:925} INFO - DAG(s) 'example_setup_teardown_taskflow' retrieved from /home/airflow/.local/lib/python3.12/site-packages/airflow/example_dags/example_setup_teardown_taskflow.py
[2026-07-29T19:15:06.944+0000] {logging_mixin.py:190} INFO - [2026-07-29T19:15:06.944+0000] {dag.py:3211} INFO - Sync 1 DAGs
[2026-07-29T19:15:06.952+0000] {logging_mixin.py:190} INFO - [2026-07-29T19:15:06.952+0000] {dag.py:4138} INFO - Setting next_dagrun for example_setup_teardown_taskflow to 2026-07-28 00:00:00+00:00, run_after=2026-07-29 00:00:00+00:00
[2026-07-29T19:15:06.958+0000] {processor.py:208} INFO - Processing /home/airflow/.local/lib/python3.12/site-packages/airflow/example_dags/example_setup_teardown_taskflow.py took 0.032 seconds
[2026-07-29T19:15:37.194+0000] {processor.py:186} INFO - Started process (PID=26595) to work on /home/airflow/.local/lib/python3.12/site-packages/airflow/example_dags/example_setup_teardown_taskflow.py
[2026-07-29T19:15:37.194+0000] {processor.py:914} INFO - Processing file /home/airflow/.local/lib/python3.12/site-packages/airflow/example_dags/example_setup_teardown_taskflow.py for tasks to queue
[2026-07-29T19:15:37.195+0000] {logging_mixin.py:190} INFO - [2026-07-29T19:15:37.195+0000] {dagbag.py:587} INFO - Filling up the DagBag from /home/airflow/.local/lib/python3.12/site-packages/airflow/example_dags/example_setup_teardown_taskflow.py
[2026-07-29T19:15:37.200+0000] {processor.py:925} INFO - DAG(s) 'example_setup_teardown_taskflow' retrieved from /home/airflow/.local/lib/python3.12/site-packages/airflow/example_dags/example_setup_teardown_taskflow.py
[2026-07-29T19:15:37.210+0000] {logging_mixin.py:190} INFO - [2026-07-29T19:15:37.210+0000] {dag.py:3211} INFO - Sync 1 DAGs
[2026-07-29T19:15:37.218+0000] {logging_mixin.py:190} INFO - [2026-07-29T19:15:37.218+0000] {dag.py:4138} INFO - Setting next_dagrun for example_setup_teardown_taskflow to 2026-07-28 00:00:00+00:00, run_after=2026-07-29 00:00:00+00:00
[2026-07-29T19:15:37.225+0000] {processor.py:208} INFO - Processing /home/airflow/.local/lib/python3.12/site-packages/airflow/example_dags/example_setup_teardown_taskflow.py took 0.034 seconds
[2026-07-29T19:16:07.369+0000] {processor.py:186} INFO - Started process (PID=26661) to work on /home/airflow/.local/lib/python3.12/site-packages/airflow/example_dags/example_setup_teardown_taskflow.py
[2026-07-29T19:16:07.370+0000] {processor.py:914} INFO - Processing file /home/airflow/.local/lib/python3.12/site-packages/airflow/example_dags/example_setup_teardown_taskflow.py for tasks to queue
[2026-07-29T19:16:07.371+0000] {logging_mixin.py:190} INFO - [2026-07-29T19:16:07.370+0000] {dagbag.py:587} INFO - Filling up the DagBag from /home/airflow/.local/lib/python3.12/site-packages/airflow/example_dags/example_setup_teardown_taskflow.py
[2026-07-29T19:16:07.375+0000] {processor.py:925} INFO - DAG(s) 'example_setup_teardown_taskflow' retrieved from /home/airflow/.local/lib/python3.12/site-packages/airflow/example_dags/example_setup_teardown_taskflow.py
[2026-07-29T19:16:07.383+0000] {logging_mixin.py:190} INFO - [2026-07-29T19:16:07.383+0000] {dag.py:3211} INFO - Sync 1 DAGs
[2026-07-29T19:16:07.391+0000] {logging_mixin.py:190} INFO - [2026-07-29T19:16:07.391+0000] {dag.py:4138} INFO - Setting next_dagrun for example_setup_teardown_taskflow to 2026-07-28 00:00:00+00:00, run_after=2026-07-29 00:00:00+00:00
[2026-07-29T19:16:07.396+0000] {processor.py:208} INFO - Processing /home/airflow/.local/lib/python3.12/site-packages/airflow/example_dags/example_setup_teardown_taskflow.py took 0.029 seconds
[2026-07-29T19:16:37.589+0000] {processor.py:186} INFO - Started process (PID=26727) to work on /home/airflow/.local/lib/python3.12/site-packages/airflow/example_dags/example_setup_teardown_taskflow.py
[2026-07-29T19:16:37.591+0000] {processor.py:914} INFO - Processing file /home/airflow/.local/lib/python3.12/site-packages/airflow/example_dags/example_setup_teardown_taskflow.py for tasks to queue
[2026-07-29T19:16:37.595+0000] {logging_mixin.py:190} INFO - [2026-07-29T19:16:37.595+0000] {dagbag.py:587} INFO - Filling up the DagBag from /home/airflow/.local/lib/python3.12/site-packages/airflow/example_dags/example_setup_teardown_taskflow.py
[2026-07-29T19:16:37.599+0000] {processor.py:925} INFO - DAG(s) 'example_setup_teardown_taskflow' retrieved from /home/airflow/.local/lib/python3.12/site-packages/airflow/example_dags/example_setup_teardown_taskflow.py
[2026-07-29T19:16:37.606+0000] {logging_mixin.py:190} INFO - [2026-07-29T19:16:37.606+0000] {dag.py:3211} INFO - Sync 1 DAGs
[2026-07-29T19:16:37.614+0000] {logging_mixin.py:190} INFO - [2026-07-29T19:16:37.613+0000] {dag.py:4138} INFO - Setting next_dagrun for example_setup_teardown_taskflow to 2026-07-28 00:00:00+00:00, run_after=2026-07-29 00:00:00+00:00
[2026-07-29T19:16:37.619+0000] {processor.py:208} INFO - Processing /home/airflow/.local/lib/python3.12/site-packages/airflow/example_dags/example_setup_teardown_taskflow.py took 0.033 seconds
[2026-07-29T19:17:07.934+0000] {processor.py:186} INFO - Started process (PID=26793) to work on /home/airflow/.local/lib/python3.12/site-packages/airflow/example_dags/example_setup_teardown_taskflow.py
[2026-07-29T19:17:07.934+0000] {processor.py:914} INFO - Processing file /home/airflow/.local/lib/python3.12/site-packages/airflow/example_dags/example_setup_teardown_taskflow.py for tasks to queue
[2026-07-29T19:17:07.935+0000] {logging_mixin.py:190} INFO - [2026-07-29T19:17:07.935+0000] {dagbag.py:587} INFO - Filling up the DagBag from /home/airflow/.local/lib/python3.12/site-packages/airflow/example_dags/example_setup_teardown_taskflow.py
[2026-07-29T19:17:07.939+0000] {processor.py:925} INFO - DAG(s) 'example_setup_teardown_taskflow' retrieved from /home/airflow/.local/lib/python3.12/site-packages/airflow/example_dags/example_setup_teardown_taskflow.py
[2026-07-29T19:17:07.947+0000] {logging_mixin.py:190} INFO - [2026-07-29T19:17:07.947+0000] {dag.py:3211} INFO - Sync 1 DAGs
[2026-07-29T19:17:07.954+0000] {logging_mixin.py:190} INFO - [2026-07-29T19:17:07.954+0000] {dag.py:4138} INFO - Setting next_dagrun for example_setup_teardown_taskflow to 2026-07-28 00:00:00+00:00, run_after=2026-07-29 00:00:00+00:00
[2026-07-29T19:17:07.960+0000] {processor.py:208} INFO - Processing /home/airflow/.local/lib/python3.12/site-packages/airflow/example_dags/example_setup_teardown_taskflow.py took 0.028 seconds
[2026-07-29T19:17:38.256+0000] {processor.py:186} INFO - Started process (PID=26859) to work on /home/airflow/.local/lib/python3.12/site-packages/airflow/example_dags/example_setup_teardown_taskflow.py
[2026-07-29T19:17:38.256+0000] {processor.py:914} INFO - Processing file /home/airflow/.local/lib/python3.12/site-packages/airflow/example_dags/example_setup_teardown_taskflow.py for tasks to queue
[2026-07-29T19:17:38.257+0000] {logging_mixin.py:190} INFO - [2026-07-29T19:17:38.257+0000] {dagbag.py:587} INFO - Filling up the DagBag from /home/airflow/.local/lib/python3.12/site-packages/airflow/example_dags/example_setup_teardown_taskflow.py
[2026-07-29T19:17:38.261+0000] {processor.py:925} INFO - DAG(s) 'example_setup_teardown_taskflow' retrieved from /home/airflow/.local/lib/python3.12/site-packages/airflow/example_dags/example_setup_teardown_taskflow.py
[2026-07-29T19:17:38.269+0000] {logging_mixin.py:190} INFO - [2026-07-29T19:17:38.269+0000] {dag.py:3211} INFO - Sync 1 DAGs
[2026-07-29T19:17:38.276+0000] {logging_mixin.py:190} INFO - [2026-07-29T19:17:38.276+0000] {dag.py:4138} INFO - Setting next_dagrun for example_setup_teardown_taskflow to 2026-07-28 00:00:00+00:00, run_after=2026-07-29 00:00:00+00:00
[2026-07-29T19:17:38.281+0000] {processor.py:208} INFO - Processing /home/airflow/.local/lib/python3.12/site-packages/airflow/example_dags/example_setup_teardown_taskflow.py took 0.028 seconds
[2026-07-29T19:18:08.374+0000] {processor.py:186} INFO - Started process (PID=26925) to work on /home/airflow/.local/lib/python3.12/site-packages/airflow/example_dags/example_setup_teardown_taskflow.py
[2026-07-29T19:18:08.374+0000] {processor.py:914} INFO - Processing file /home/airflow/.local/lib/python3.12/site-packages/airflow/example_dags/example_setup_teardown_taskflow.py for tasks to queue
[2026-07-29T19:18:08.376+0000] {logging_mixin.py:190} INFO - [2026-07-29T19:18:08.375+0000] {dagbag.py:587} INFO - Filling up the DagBag from /home/airflow/.local/lib/python3.12/site-packages/airflow/example_dags/example_setup_teardown_taskflow.py
[2026-07-29T19:18:08.381+0000] {processor.py:925} INFO - DAG(s) 'example_setup_teardown_taskflow' retrieved from /home/airflow/.local/lib/python3.12/site-packages/airflow/example_dags/example_setup_teardown_taskflow.py
[2026-07-29T19:18:08.390+0000] {logging_mixin.py:190} INFO - [2026-07-29T19:18:08.390+0000] {dag.py:3211} INFO - Sync 1 DAGs
[2026-07-29T19:18:08.399+0000] {logging_mixin.py:190} INFO - [2026-07-29T19:18:08.399+0000] {dag.py:4138} INFO - Setting next_dagrun for example_setup_teardown_taskflow to 2026-07-28 00:00:00+00:00, run_after=2026-07-29 00:00:00+00:00
[2026-07-29T19:18:08.406+0000] {processor.py:208} INFO - Processing /home/airflow/.local/lib/python3.12/site-packages/airflow/example_dags/example_setup_teardown_taskflow.py took 0.035 seconds
[2026-07-29T19:18:38.492+0000] {processor.py:186} INFO - Started process (PID=26991) to work on /home/airflow/.local/lib/python3.12/site-packages/airflow/example_dags/example_setup_teardown_taskflow.py
[2026-07-29T19:18:38.493+0000] {processor.py:914} INFO - Processing file /home/airflow/.local/lib/python3.12/site-packages/airflow/example_dags/example_setup_teardown_taskflow.py for tasks to queue
[2026-07-29T19:18:38.494+0000] {logging_mixin.py:190} INFO - [2026-07-29T19:18:38.494+0000] {dagbag.py:587} INFO - Filling up the DagBag from /home/airflow/.local/lib/python3.12/site-packages/airflow/example_dags/example_setup_teardown_taskflow.py
[2026-07-29T19:18:38.499+0000] {processor.py:925} INFO - DAG(s) 'example_setup_teardown_taskflow' retrieved from /home/airflow/.local/lib/python3.12/site-packages/airflow/example_dags/example_setup_teardown_taskflow.py
[2026-07-29T19:18:38.509+0000] {logging_mixin.py:190} INFO - [2026-07-29T19:18:38.509+0000] {dag.py:3211} INFO - Sync 1 DAGs
[2026-07-29T19:18:38.520+0000] {logging_mixin.py:190} INFO - [2026-07-29T19:18:38.520+0000] {dag.py:4138} INFO - Setting next_dagrun for example_setup_teardown_taskflow to 2026-07-28 00:00:00+00:00, run_after=2026-07-29 00:00:00+00:00
[2026-07-29T19:18:38.525+0000] {processor.py:208} INFO - Processing /home/airflow/.local/lib/python3.12/site-packages/airflow/example_dags/example_setup_teardown_taskflow.py took 0.036 seconds
[2026-07-29T19:19:10.248+0000] {processor.py:186} INFO - Started process (PID=27057) to work on /home/airflow/.local/lib/python3.12/site-packages/airflow/example_dags/example_setup_teardown_taskflow.py
[2026-07-29T19:19:10.248+0000] {processor.py:914} INFO - Processing file /home/airflow/.local/lib/python3.12/site-packages/airflow/example_dags/example_setup_teardown_taskflow.py for tasks to queue
[2026-07-29T19:19:10.250+0000] {logging_mixin.py:190} INFO - [2026-07-29T19:19:10.250+0000] {dagbag.py:587} INFO - Filling up the DagBag from /home/airflow/.local/lib/python3.12/site-packages/airflow/example_dags/example_setup_teardown_taskflow.py
[2026-07-29T19:19:10.342+0000] {processor.py:925} INFO - DAG(s) 'example_setup_teardown_taskflow' retrieved from /home/airflow/.local/lib/python3.12/site-packages/airflow/example_dags/example_setup_teardown_taskflow.py
[2026-07-29T19:19:10.356+0000] {logging_mixin.py:190} INFO - [2026-07-29T19:19:10.355+0000] {dag.py:3211} INFO - Sync 1 DAGs
[2026-07-29T19:19:10.366+0000] {logging_mixin.py:190} INFO - [2026-07-29T19:19:10.365+0000] {dag.py:4138} INFO - Setting next_dagrun for example_setup_teardown_taskflow to 2026-07-28 00:00:00+00:00, run_after=2026-07-29 00:00:00+00:00
[2026-07-29T19:19:10.371+0000] {processor.py:208} INFO - Processing /home/airflow/.local/lib/python3.12/site-packages/airflow/example_dags/example_setup_teardown_taskflow.py took 0.126 seconds
[2026-07-29T19:19:40.764+0000] {processor.py:186} INFO - Started process (PID=27123) to work on /home/airflow/.local/lib/python3.12/site-packages/airflow/example_dags/example_setup_teardown_taskflow.py
[2026-07-29T19:19:40.767+0000] {processor.py:914} INFO - Processing file /home/airflow/.local/lib/python3.12/site-packages/airflow/example_dags/example_setup_teardown_taskflow.py for tasks to queue
[2026-07-29T19:19:40.769+0000] {logging_mixin.py:190} INFO - [2026-07-29T19:19:40.769+0000] {dagbag.py:587} INFO - Filling up the DagBag from /home/airflow/.local/lib/python3.12/site-packages/airflow/example_dags/example_setup_teardown_taskflow.py
[2026-07-29T19:19:40.775+0000] {processor.py:925} INFO - DAG(s) 'example_setup_teardown_taskflow' retrieved from /home/airflow/.local/lib/python3.12/site-packages/airflow/example_dags/example_setup_teardown_taskflow.py
[2026-07-29T19:19:40.788+0000] {logging_mixin.py:190} INFO - [2026-07-29T19:19:40.788+0000] {dag.py:3211} INFO - Sync 1 DAGs
[2026-07-29T19:19:40.798+0000] {logging_mixin.py:190} INFO - [2026-07-29T19:19:40.798+0000] {dag.py:4138} INFO - Setting next_dagrun for example_setup_teardown_taskflow to 2026-07-28 00:00:00+00:00, run_after=2026-07-29 00:00:00+00:00
[2026-07-29T19:19:40.812+0000] {processor.py:208} INFO - Processing /home/airflow/.local/lib/python3.12/site-packages/airflow/example_dags/example_setup_teardown_taskflow.py took 0.050 seconds
[2026-07-29T19:20:10.978+0000] {processor.py:186} INFO - Started process (PID=27189) to work on /home/airflow/.local/lib/python3.12/site-packages/airflow/example_dags/example_setup_teardown_taskflow.py
[2026-07-29T19:20:10.978+0000] {processor.py:914} INFO - Processing file /home/airflow/.local/lib/python3.12/site-packages/airflow/example_dags/example_setup_teardown_taskflow.py for tasks to queue
[2026-07-29T19:20:10.982+0000] {logging_mixin.py:190} INFO - [2026-07-29T19:20:10.982+0000] {dagbag.py:587} INFO - Filling up the DagBag from /home/airflow/.local/lib/python3.12/site-packages/airflow/example_dags/example_setup_teardown_taskflow.py
[2026-07-29T19:20:10.989+0000] {processor.py:925} INFO - DAG(s) 'example_setup_teardown_taskflow' retrieved from /home/airflow/.local/lib/python3.12/site-packages/airflow/example_dags/example_setup_teardown_taskflow.py
[2026-07-29T19:20:11.001+0000] {logging_mixin.py:190} INFO - [2026-07-29T19:20:11.001+0000] {dag.py:3211} INFO - Sync 1 DAGs
[2026-07-29T19:20:11.011+0000] {logging_mixin.py:190} INFO - [2026-07-29T19:20:11.011+0000] {dag.py:4138} INFO - Setting next_dagrun for example_setup_teardown_taskflow to 2026-07-28 00:00:00+00:00, run_after=2026-07-29 00:00:00+00:00
[2026-07-29T19:20:11.020+0000] {processor.py:208} INFO - Processing /home/airflow/.local/lib/python3.12/site-packages/airflow/example_dags/example_setup_teardown_taskflow.py took 0.046 seconds
[2026-07-29T19:20:42.085+0000] {processor.py:186} INFO - Started process (PID=27255) to work on /home/airflow/.local/lib/python3.12/site-packages/airflow/example_dags/example_setup_teardown_taskflow.py
[2026-07-29T19:20:42.085+0000] {processor.py:914} INFO - Processing file /home/airflow/.local/lib/python3.12/site-packages/airflow/example_dags/example_setup_teardown_taskflow.py for tasks to queue
[2026-07-29T19:20:42.087+0000] {logging_mixin.py:190} INFO - [2026-07-29T19:20:42.087+0000] {dagbag.py:587} INFO - Filling up the DagBag from /home/airflow/.local/lib/python3.12/site-packages/airflow/example_dags/example_setup_teardown_taskflow.py
[2026-07-29T19:20:42.094+0000] {processor.py:925} INFO - DAG(s) 'example_setup_teardown_taskflow' retrieved from /home/airflow/.local/lib/python3.12/site-packages/airflow/example_dags/example_setup_teardown_taskflow.py
[2026-07-29T19:20:42.106+0000] {logging_mixin.py:190} INFO - [2026-07-29T19:20:42.106+0000] {dag.py:3211} INFO - Sync 1 DAGs
[2026-07-29T19:20:42.119+0000] {logging_mixin.py:190} INFO - [2026-07-29T19:20:42.119+0000] {dag.py:4138} INFO - Setting next_dagrun for example_setup_teardown_taskflow to 2026-07-28 00:00:00+00:00, run_after=2026-07-29 00:00:00+00:00
[2026-07-29T19:20:42.135+0000] {processor.py:208} INFO - Processing /home/airflow/.local/lib/python3.12/site-packages/airflow/example_dags/example_setup_teardown_taskflow.py took 0.053 seconds
[2026-07-29T19:21:12.248+0000] {processor.py:186} INFO - Started process (PID=27321) to work on /home/airflow/.local/lib/python3.12/site-packages/airflow/example_dags/example_setup_teardown_taskflow.py
[2026-07-29T19:21:12.248+0000] {processor.py:914} INFO - Processing file /home/airflow/.local/lib/python3.12/site-packages/airflow/example_dags/example_setup_teardown_taskflow.py for tasks to queue
[2026-07-29T19:21:12.250+0000] {logging_mixin.py:190} INFO - [2026-07-29T19:21:12.250+0000] {dagbag.py:587} INFO - Filling up the DagBag from /home/airflow/.local/lib/python3.12/site-packages/airflow/example_dags/example_setup_teardown_taskflow.py
[2026-07-29T19:21:12.259+0000] {processor.py:925} INFO - DAG(s) 'example_setup_teardown_taskflow' retrieved from /home/airflow/.local/lib/python3.12/site-packages/airflow/example_dags/example_setup_teardown_taskflow.py
[2026-07-29T19:21:12.272+0000] {logging_mixin.py:190} INFO - [2026-07-29T19:21:12.272+0000] {dag.py:3211} INFO - Sync 1 DAGs
[2026-07-29T19:21:12.282+0000] {logging_mixin.py:190} INFO - [2026-07-29T19:21:12.282+0000] {dag.py:4138} INFO - Setting next_dagrun for example_setup_teardown_taskflow to 2026-07-28 00:00:00+00:00, run_after=2026-07-29 00:00:00+00:00
[2026-07-29T19:21:12.289+0000] {processor.py:208} INFO - Processing /home/airflow/.local/lib/python3.12/site-packages/airflow/example_dags/example_setup_teardown_taskflow.py took 0.044 seconds
[2026-07-29T19:21:42.363+0000] {processor.py:186} INFO - Started process (PID=27387) to work on /home/airflow/.local/lib/python3.12/site-packages/airflow/example_dags/example_setup_teardown_taskflow.py
[2026-07-29T19:21:42.364+0000] {processor.py:914} INFO - Processing file /home/airflow/.local/lib/python3.12/site-packages/airflow/example_dags/example_setup_teardown_taskflow.py for tasks to queue
[2026-07-29T19:21:42.365+0000] {logging_mixin.py:190} INFO - [2026-07-29T19:21:42.365+0000] {dagbag.py:587} INFO - Filling up the DagBag from /home/airflow/.local/lib/python3.12/site-packages/airflow/example_dags/example_setup_teardown_taskflow.py
[2026-07-29T19:21:42.370+0000] {processor.py:925} INFO - DAG(s) 'example_setup_teardown_taskflow' retrieved from /home/airflow/.local/lib/python3.12/site-packages/airflow/example_dags/example_setup_teardown_taskflow.py
[2026-07-29T19:21:42.379+0000] {logging_mixin.py:190} INFO - [2026-07-29T19:21:42.379+0000] {dag.py:3211} INFO - Sync 1 DAGs
[2026-07-29T19:21:42.388+0000] {logging_mixin.py:190} INFO - [2026-07-29T19:21:42.387+0000] {dag.py:4138} INFO - Setting next_dagrun for example_setup_teardown_taskflow to 2026-07-28 00:00:00+00:00, run_after=2026-07-29 00:00:00+00:00
[2026-07-29T19:21:42.394+0000] {processor.py:208} INFO - Processing /home/airflow/.local/lib/python3.12/site-packages/airflow/example_dags/example_setup_teardown_taskflow.py took 0.033 seconds
[2026-07-29T19:22:12.427+0000] {processor.py:186} INFO - Started process (PID=27453) to work on /home/airflow/.local/lib/python3.12/site-packages/airflow/example_dags/example_setup_teardown_taskflow.py
[2026-07-29T19:22:12.428+0000] {processor.py:914} INFO - Processing file /home/airflow/.local/lib/python3.12/site-packages/airflow/example_dags/example_setup_teardown_taskflow.py for tasks to queue
[2026-07-29T19:22:12.430+0000] {logging_mixin.py:190} INFO - [2026-07-29T19:22:12.430+0000] {dagbag.py:587} INFO - Filling up the DagBag from /home/airflow/.local/lib/python3.12/site-packages/airflow/example_dags/example_setup_teardown_taskflow.py
[2026-07-29T19:22:12.435+0000] {processor.py:925} INFO - DAG(s) 'example_setup_teardown_taskflow' retrieved from /home/airflow/.local/lib/python3.12/site-packages/airflow/example_dags/example_setup_teardown_taskflow.py
[2026-07-29T19:22:12.446+0000] {logging_mixin.py:190} INFO - [2026-07-29T19:22:12.446+0000] {dag.py:3211} INFO - Sync 1 DAGs
[2026-07-29T19:22:12.454+0000] {logging_mixin.py:190} INFO - [2026-07-29T19:22:12.454+0000] {dag.py:4138} INFO - Setting next_dagrun for example_setup_teardown_taskflow to 2026-07-28 00:00:00+00:00, run_after=2026-07-29 00:00:00+00:00
[2026-07-29T19:22:12.465+0000] {processor.py:208} INFO - Processing /home/airflow/.local/lib/python3.12/site-packages/airflow/example_dags/example_setup_teardown_taskflow.py took 0.041 seconds
[2026-07-29T19:22:42.571+0000] {processor.py:186} INFO - Started process (PID=27519) to work on /home/airflow/.local/lib/python3.12/site-packages/airflow/example_dags/example_setup_teardown_taskflow.py
[2026-07-29T19:22:42.574+0000] {processor.py:914} INFO - Processing file /home/airflow/.local/lib/python3.12/site-packages/airflow/example_dags/example_setup_teardown_taskflow.py for tasks to queue
[2026-07-29T19:22:42.575+0000] {logging_mixin.py:190} INFO - [2026-07-29T19:22:42.575+0000] {dagbag.py:587} INFO - Filling up the DagBag from /home/airflow/.local/lib/python3.12/site-packages/airflow/example_dags/example_setup_teardown_taskflow.py
[2026-07-29T19:22:42.580+0000] {processor.py:925} INFO - DAG(s) 'example_setup_teardown_taskflow' retrieved from /home/airflow/.local/lib/python3.12/site-packages/airflow/example_dags/example_setup_teardown_taskflow.py
[2026-07-29T19:22:42.589+0000] {logging_mixin.py:190} INFO - [2026-07-29T19:22:42.589+0000] {dag.py:3211} INFO - Sync 1 DAGs
[2026-07-29T19:22:42.600+0000] {logging_mixin.py:190} INFO - [2026-07-29T19:22:42.600+0000] {dag.py:4138} INFO - Setting next_dagrun for example_setup_teardown_taskflow to 2026-07-28 00:00:00+00:00, run_after=2026-07-29 00:00:00+00:00
[2026-07-29T19:22:42.610+0000] {processor.py:208} INFO - Processing /home/airflow/.local/lib/python3.12/site-packages/airflow/example_dags/example_setup_teardown_taskflow.py took 0.042 seconds
[2026-07-29T19:23:12.843+0000] {processor.py:186} INFO - Started process (PID=27585) to work on /home/airflow/.local/lib/python3.12/site-packages/airflow/example_dags/example_setup_teardown_taskflow.py
[2026-07-29T19:23:12.845+0000] {processor.py:914} INFO - Processing file /home/airflow/.local/lib/python3.12/site-packages/airflow/example_dags/example_setup_teardown_taskflow.py for tasks to queue
[2026-07-29T19:23:12.846+0000] {logging_mixin.py:190} INFO - [2026-07-29T19:23:12.846+0000] {dagbag.py:587} INFO - Filling up the DagBag from /home/airflow/.local/lib/python3.12/site-packages/airflow/example_dags/example_setup_teardown_taskflow.py
[2026-07-29T19:23:12.851+0000] {processor.py:925} INFO - DAG(s) 'example_setup_teardown_taskflow' retrieved from /home/airflow/.local/lib/python3.12/site-packages/airflow/example_dags/example_setup_teardown_taskflow.py
[2026-07-29T19:23:12.861+0000] {logging_mixin.py:190} INFO - [2026-07-29T19:23:12.860+0000] {dag.py:3211} INFO - Sync 1 DAGs
[2026-07-29T19:23:12.871+0000] {logging_mixin.py:190} INFO - [2026-07-29T19:23:12.871+0000] {dag.py:4138} INFO - Setting next_dagrun for example_setup_teardown_taskflow to 2026-07-28 00:00:00+00:00, run_after=2026-07-29 00:00:00+00:00
[2026-07-29T19:23:12.885+0000] {processor.py:208} INFO - Processing /home/airflow/.local/lib/python3.12/site-packages/airflow/example_dags/example_setup_teardown_taskflow.py took 0.044 seconds
[2026-07-29T19:23:43.709+0000] {processor.py:186} INFO - Started process (PID=27645) to work on /home/airflow/.local/lib/python3.12/site-packages/airflow/example_dags/example_setup_teardown_taskflow.py
[2026-07-29T19:23:43.710+0000] {processor.py:914} INFO - Processing file /home/airflow/.local/lib/python3.12/site-packages/airflow/example_dags/example_setup_teardown_taskflow.py for tasks to queue
[2026-07-29T19:23:43.711+0000] {logging_mixin.py:190} INFO - [2026-07-29T19:23:43.711+0000] {dagbag.py:587} INFO - Filling up the DagBag from /home/airflow/.local/lib/python3.12/site-packages/airflow/example_dags/example_setup_teardown_taskflow.py
[2026-07-29T19:23:43.716+0000] {processor.py:925} INFO - DAG(s) 'example_setup_teardown_taskflow' retrieved from /home/airflow/.local/lib/python3.12/site-packages/airflow/example_dags/example_setup_teardown_taskflow.py
[2026-07-29T19:23:43.731+0000] {logging_mixin.py:190} INFO - [2026-07-29T19:23:43.731+0000] {dag.py:3211} INFO - Sync 1 DAGs
[2026-07-29T19:23:43.746+0000] {logging_mixin.py:190} INFO - [2026-07-29T19:23:43.746+0000] {dag.py:4138} INFO - Setting next_dagrun for example_setup_teardown_taskflow to 2026-07-28 00:00:00+00:00, run_after=2026-07-29 00:00:00+00:00
[2026-07-29T19:23:43.756+0000] {processor.py:208} INFO - Processing /home/airflow/.local/lib/python3.12/site-packages/airflow/example_dags/example_setup_teardown_taskflow.py took 0.050 seconds
[2026-07-29T19:24:13.851+0000] {processor.py:186} INFO - Started process (PID=27711) to work on /home/airflow/.local/lib/python3.12/site-packages/airflow/example_dags/example_setup_teardown_taskflow.py
[2026-07-29T19:24:13.851+0000] {processor.py:914} INFO - Processing file /home/airflow/.local/lib/python3.12/site-packages/airflow/example_dags/example_setup_teardown_taskflow.py for tasks to queue
[2026-07-29T19:24:13.853+0000] {logging_mixin.py:190} INFO - [2026-07-29T19:24:13.853+0000] {dagbag.py:587} INFO - Filling up the DagBag from /home/airflow/.local/lib/python3.12/site-packages/airflow/example_dags/example_setup_teardown_taskflow.py
[2026-07-29T19:24:13.861+0000] {processor.py:925} INFO - DAG(s) 'example_setup_teardown_taskflow' retrieved from /home/airflow/.local/lib/python3.12/site-packages/airflow/example_dags/example_setup_teardown_taskflow.py
[2026-07-29T19:24:13.873+0000] {logging_mixin.py:190} INFO - [2026-07-29T19:24:13.873+0000] {dag.py:3211} INFO - Sync 1 DAGs
[2026-07-29T19:24:13.886+0000] {logging_mixin.py:190} INFO - [2026-07-29T19:24:13.886+0000] {dag.py:4138} INFO - Setting next_dagrun for example_setup_teardown_taskflow to 2026-07-28 00:00:00+00:00, run_after=2026-07-29 00:00:00+00:00
[2026-07-29T19:24:13.893+0000] {processor.py:208} INFO - Processing /home/airflow/.local/lib/python3.12/site-packages/airflow/example_dags/example_setup_teardown_taskflow.py took 0.046 seconds
[2026-07-29T19:24:43.980+0000] {processor.py:186} INFO - Started process (PID=27777) to work on /home/airflow/.local/lib/python3.12/site-packages/airflow/example_dags/example_setup_teardown_taskflow.py
[2026-07-29T19:24:43.981+0000] {processor.py:914} INFO - Processing file /home/airflow/.local/lib/python3.12/site-packages/airflow/example_dags/example_setup_teardown_taskflow.py for tasks to queue
[2026-07-29T19:24:43.982+0000] {logging_mixin.py:190} INFO - [2026-07-29T19:24:43.982+0000] {dagbag.py:587} INFO - Filling up the DagBag from /home/airflow/.local/lib/python3.12/site-packages/airflow/example_dags/example_setup_teardown_taskflow.py
[2026-07-29T19:24:43.987+0000] {processor.py:925} INFO - DAG(s) 'example_setup_teardown_taskflow' retrieved from /home/airflow/.local/lib/python3.12/site-packages/airflow/example_dags/example_setup_teardown_taskflow.py
[2026-07-29T19:24:43.998+0000] {logging_mixin.py:190} INFO - [2026-07-29T19:24:43.998+0000] {dag.py:3211} INFO - Sync 1 DAGs
[2026-07-29T19:24:44.007+0000] {logging_mixin.py:190} INFO - [2026-07-29T19:24:44.007+0000] {dag.py:4138} INFO - Setting next_dagrun for example_setup_teardown_taskflow to 2026-07-28 00:00:00+00:00, run_after=2026-07-29 00:00:00+00:00
[2026-07-29T19:24:44.015+0000] {processor.py:208} INFO - Processing /home/airflow/.local/lib/python3.12/site-packages/airflow/example_dags/example_setup_teardown_taskflow.py took 0.037 seconds
[2026-07-29T19:25:14.033+0000] {processor.py:186} INFO - Started process (PID=27843) to work on /home/airflow/.local/lib/python3.12/site-packages/airflow/example_dags/example_setup_teardown_taskflow.py
[2026-07-29T19:25:14.033+0000] {processor.py:914} INFO - Processing file /home/airflow/.local/lib/python3.12/site-packages/airflow/example_dags/example_setup_teardown_taskflow.py for tasks to queue
[2026-07-29T19:25:14.034+0000] {logging_mixin.py:190} INFO - [2026-07-29T19:25:14.034+0000] {dagbag.py:587} INFO - Filling up the DagBag from /home/airflow/.local/lib/python3.12/site-packages/airflow/example_dags/example_setup_teardown_taskflow.py
[2026-07-29T19:25:14.039+0000] {processor.py:925} INFO - DAG(s) 'example_setup_teardown_taskflow' retrieved from /home/airflow/.local/lib/python3.12/site-packages/airflow/example_dags/example_setup_teardown_taskflow.py
[2026-07-29T19:25:14.047+0000] {logging_mixin.py:190} INFO - [2026-07-29T19:25:14.047+0000] {dag.py:3211} INFO - Sync 1 DAGs
[2026-07-29T19:25:14.056+0000] {logging_mixin.py:190} INFO - [2026-07-29T19:25:14.056+0000] {dag.py:4138} INFO - Setting next_dagrun for example_setup_teardown_taskflow to 2026-07-28 00:00:00+00:00, run_after=2026-07-29 00:00:00+00:00
[2026-07-29T19:25:14.062+0000] {processor.py:208} INFO - Processing /home/airflow/.local/lib/python3.12/site-packages/airflow/example_dags/example_setup_teardown_taskflow.py took 0.031 seconds
[2026-07-29T19:25:44.215+0000] {processor.py:186} INFO - Started process (PID=27909) to work on /home/airflow/.local/lib/python3.12/site-packages/airflow/example_dags/example_setup_teardown_taskflow.py
[2026-07-29T19:25:44.216+0000] {processor.py:914} INFO - Processing file /home/airflow/.local/lib/python3.12/site-packages/airflow/example_dags/example_setup_teardown_taskflow.py for tasks to queue
[2026-07-29T19:25:44.217+0000] {logging_mixin.py:190} INFO - [2026-07-29T19:25:44.217+0000] {dagbag.py:587} INFO - Filling up the DagBag from /home/airflow/.local/lib/python3.12/site-packages/airflow/example_dags/example_setup_teardown_taskflow.py
[2026-07-29T19:25:44.222+0000] {processor.py:925} INFO - DAG(s) 'example_setup_teardown_taskflow' retrieved from /home/airflow/.local/lib/python3.12/site-packages/airflow/example_dags/example_setup_teardown_taskflow.py
[2026-07-29T19:25:44.236+0000] {logging_mixin.py:190} INFO - [2026-07-29T19:25:44.236+0000] {dag.py:3211} INFO - Sync 1 DAGs
[2026-07-29T19:25:44.246+0000] {logging_mixin.py:190} INFO - [2026-07-29T19:25:44.246+0000] {dag.py:4138} INFO - Setting next_dagrun for example_setup_teardown_taskflow to 2026-07-28 00:00:00+00:00, run_after=2026-07-29 00:00:00+00:00
[2026-07-29T19:25:44.258+0000] {processor.py:208} INFO - Processing /home/airflow/.local/lib/python3.12/site-packages/airflow/example_dags/example_setup_teardown_taskflow.py took 0.045 seconds
[2026-07-29T19:26:14.380+0000] {processor.py:186} INFO - Started process (PID=27975) to work on /home/airflow/.local/lib/python3.12/site-packages/airflow/example_dags/example_setup_teardown_taskflow.py
[2026-07-29T19:26:14.381+0000] {processor.py:914} INFO - Processing file /home/airflow/.local/lib/python3.12/site-packages/airflow/example_dags/example_setup_teardown_taskflow.py for tasks to queue
[2026-07-29T19:26:14.383+0000] {logging_mixin.py:190} INFO - [2026-07-29T19:26:14.383+0000] {dagbag.py:587} INFO - Filling up the DagBag from /home/airflow/.local/lib/python3.12/site-packages/airflow/example_dags/example_setup_teardown_taskflow.py
[2026-07-29T19:26:14.389+0000] {processor.py:925} INFO - DAG(s) 'example_setup_teardown_taskflow' retrieved from /home/airflow/.local/lib/python3.12/site-packages/airflow/example_dags/example_setup_teardown_taskflow.py
[2026-07-29T19:26:14.400+0000] {logging_mixin.py:190} INFO - [2026-07-29T19:26:14.400+0000] {dag.py:3211} INFO - Sync 1 DAGs
[2026-07-29T19:26:14.410+0000] {logging_mixin.py:190} INFO - [2026-07-29T19:26:14.410+0000] {dag.py:4138} INFO - Setting next_dagrun for example_setup_teardown_taskflow to 2026-07-28 00:00:00+00:00, run_after=2026-07-29 00:00:00+00:00
[2026-07-29T19:26:14.420+0000] {processor.py:208} INFO - Processing /home/airflow/.local/lib/python3.12/site-packages/airflow/example_dags/example_setup_teardown_taskflow.py took 0.042 seconds
[2026-07-29T19:26:45.409+0000] {processor.py:186} INFO - Started process (PID=28041) to work on /home/airflow/.local/lib/python3.12/site-packages/airflow/example_dags/example_setup_teardown_taskflow.py
[2026-07-29T19:26:45.410+0000] {processor.py:914} INFO - Processing file /home/airflow/.local/lib/python3.12/site-packages/airflow/example_dags/example_setup_teardown_taskflow.py for tasks to queue
[2026-07-29T19:26:45.411+0000] {logging_mixin.py:190} INFO - [2026-07-29T19:26:45.411+0000] {dagbag.py:587} INFO - Filling up the DagBag from /home/airflow/.local/lib/python3.12/site-packages/airflow/example_dags/example_setup_teardown_taskflow.py
[2026-07-29T19:26:45.419+0000] {processor.py:925} INFO - DAG(s) 'example_setup_teardown_taskflow' retrieved from /home/airflow/.local/lib/python3.12/site-packages/airflow/example_dags/example_setup_teardown_taskflow.py
[2026-07-29T19:26:45.431+0000] {logging_mixin.py:190} INFO - [2026-07-29T19:26:45.431+0000] {dag.py:3211} INFO - Sync 1 DAGs
[2026-07-29T19:26:45.441+0000] {logging_mixin.py:190} INFO - [2026-07-29T19:26:45.441+0000] {dag.py:4138} INFO - Setting next_dagrun for example_setup_teardown_taskflow to 2026-07-28 00:00:00+00:00, run_after=2026-07-29 00:00:00+00:00
[2026-07-29T19:26:45.450+0000] {processor.py:208} INFO - Processing /home/airflow/.local/lib/python3.12/site-packages/airflow/example_dags/example_setup_teardown_taskflow.py took 0.044 seconds
[2026-07-29T19:27:15.503+0000] {processor.py:186} INFO - Started process (PID=28107) to work on /home/airflow/.local/lib/python3.12/site-packages/airflow/example_dags/example_setup_teardown_taskflow.py
[2026-07-29T19:27:15.505+0000] {processor.py:914} INFO - Processing file /home/airflow/.local/lib/python3.12/site-packages/airflow/example_dags/example_setup_teardown_taskflow.py for tasks to queue
[2026-07-29T19:27:15.506+0000] {logging_mixin.py:190} INFO - [2026-07-29T19:27:15.506+0000] {dagbag.py:587} INFO - Filling up the DagBag from /home/airflow/.local/lib/python3.12/site-packages/airflow/example_dags/example_setup_teardown_taskflow.py
[2026-07-29T19:27:15.511+0000] {processor.py:925} INFO - DAG(s) 'example_setup_teardown_taskflow' retrieved from /home/airflow/.local/lib/python3.12/site-packages/airflow/example_dags/example_setup_teardown_taskflow.py
[2026-07-29T19:27:15.524+0000] {logging_mixin.py:190} INFO - [2026-07-29T19:27:15.524+0000] {dag.py:3211} INFO - Sync 1 DAGs
[2026-07-29T19:27:15.533+0000] {logging_mixin.py:190} INFO - [2026-07-29T19:27:15.533+0000] {dag.py:4138} INFO - Setting next_dagrun for example_setup_teardown_taskflow to 2026-07-28 00:00:00+00:00, run_after=2026-07-29 00:00:00+00:00
[2026-07-29T19:27:15.539+0000] {processor.py:208} INFO - Processing /home/airflow/.local/lib/python3.12/site-packages/airflow/example_dags/example_setup_teardown_taskflow.py took 0.039 seconds
[2026-07-29T19:27:45.648+0000] {processor.py:186} INFO - Started process (PID=28173) to work on /home/airflow/.local/lib/python3.12/site-packages/airflow/example_dags/example_setup_teardown_taskflow.py
[2026-07-29T19:27:45.650+0000] {processor.py:914} INFO - Processing file /home/airflow/.local/lib/python3.12/site-packages/airflow/example_dags/example_setup_teardown_taskflow.py for tasks to queue
[2026-07-29T19:27:45.651+0000] {logging_mixin.py:190} INFO - [2026-07-29T19:27:45.651+0000] {dagbag.py:587} INFO - Filling up the DagBag from /home/airflow/.local/lib/python3.12/site-packages/airflow/example_dags/example_setup_teardown_taskflow.py
[2026-07-29T19:27:45.657+0000] {processor.py:925} INFO - DAG(s) 'example_setup_teardown_taskflow' retrieved from /home/airflow/.local/lib/python3.12/site-packages/airflow/example_dags/example_setup_teardown_taskflow.py
[2026-07-29T19:27:45.669+0000] {logging_mixin.py:190} INFO - [2026-07-29T19:27:45.669+0000] {dag.py:3211} INFO - Sync 1 DAGs
[2026-07-29T19:27:45.679+0000] {logging_mixin.py:190} INFO - [2026-07-29T19:27:45.679+0000] {dag.py:4138} INFO - Setting next_dagrun for example_setup_teardown_taskflow to 2026-07-28 00:00:00+00:00, run_after=2026-07-29 00:00:00+00:00
[2026-07-29T19:27:45.687+0000] {processor.py:208} INFO - Processing /home/airflow/.local/lib/python3.12/site-packages/airflow/example_dags/example_setup_teardown_taskflow.py took 0.042 seconds
[2026-07-29T19:28:15.889+0000] {processor.py:186} INFO - Started process (PID=28239) to work on /home/airflow/.local/lib/python3.12/site-packages/airflow/example_dags/example_setup_teardown_taskflow.py
[2026-07-29T19:28:15.890+0000] {processor.py:914} INFO - Processing file /home/airflow/.local/lib/python3.12/site-packages/airflow/example_dags/example_setup_teardown_taskflow.py for tasks to queue
[2026-07-29T19:28:15.891+0000] {logging_mixin.py:190} INFO - [2026-07-29T19:28:15.891+0000] {dagbag.py:587} INFO - Filling up the DagBag from /home/airflow/.local/lib/python3.12/site-packages/airflow/example_dags/example_setup_teardown_taskflow.py
[2026-07-29T19:28:15.898+0000] {processor.py:925} INFO - DAG(s) 'example_setup_teardown_taskflow' retrieved from /home/airflow/.local/lib/python3.12/site-packages/airflow/example_dags/example_setup_teardown_taskflow.py
[2026-07-29T19:28:15.911+0000] {logging_mixin.py:190} INFO - [2026-07-29T19:28:15.911+0000] {dag.py:3211} INFO - Sync 1 DAGs
[2026-07-29T19:28:15.920+0000] {logging_mixin.py:190} INFO - [2026-07-29T19:28:15.920+0000] {dag.py:4138} INFO - Setting next_dagrun for example_setup_teardown_taskflow to 2026-07-28 00:00:00+00:00, run_after=2026-07-29 00:00:00+00:00
[2026-07-29T19:28:15.928+0000] {processor.py:208} INFO - Processing /home/airflow/.local/lib/python3.12/site-packages/airflow/example_dags/example_setup_teardown_taskflow.py took 0.041 seconds
[2026-07-29T19:28:46.036+0000] {processor.py:186} INFO - Started process (PID=28305) to work on /home/airflow/.local/lib/python3.12/site-packages/airflow/example_dags/example_setup_teardown_taskflow.py
[2026-07-29T19:28:46.036+0000] {processor.py:914} INFO - Processing file /home/airflow/.local/lib/python3.12/site-packages/airflow/example_dags/example_setup_teardown_taskflow.py for tasks to queue
[2026-07-29T19:28:46.037+0000] {logging_mixin.py:190} INFO - [2026-07-29T19:28:46.037+0000] {dagbag.py:587} INFO - Filling up the DagBag from /home/airflow/.local/lib/python3.12/site-packages/airflow/example_dags/example_setup_teardown_taskflow.py
[2026-07-29T19:28:46.042+0000] {processor.py:925} INFO - DAG(s) 'example_setup_teardown_taskflow' retrieved from /home/airflow/.local/lib/python3.12/site-packages/airflow/example_dags/example_setup_teardown_taskflow.py
[2026-07-29T19:28:46.053+0000] {logging_mixin.py:190} INFO - [2026-07-29T19:28:46.053+0000] {dag.py:3211} INFO - Sync 1 DAGs
[2026-07-29T19:28:46.062+0000] {logging_mixin.py:190} INFO - [2026-07-29T19:28:46.062+0000] {dag.py:4138} INFO - Setting next_dagrun for example_setup_teardown_taskflow to 2026-07-28 00:00:00+00:00, run_after=2026-07-29 00:00:00+00:00
[2026-07-29T19:28:46.075+0000] {processor.py:208} INFO - Processing /home/airflow/.local/lib/python3.12/site-packages/airflow/example_dags/example_setup_teardown_taskflow.py took 0.042 seconds
