[2026-07-29T15:21:23.336+0000] {processor.py:186} INFO - Started process (PID=81) to work on /home/airflow/.local/lib/python3.12/site-packages/airflow/example_dags/example_params_trigger_ui.py
[2026-07-29T15:21:23.337+0000] {processor.py:914} INFO - Processing file /home/airflow/.local/lib/python3.12/site-packages/airflow/example_dags/example_params_trigger_ui.py for tasks to queue
[2026-07-29T15:21:23.338+0000] {logging_mixin.py:190} INFO - [2026-07-29T15:21:23.337+0000] {dagbag.py:587} INFO - Filling up the DagBag from /home/airflow/.local/lib/python3.12/site-packages/airflow/example_dags/example_params_trigger_ui.py
[2026-07-29T15:21:23.343+0000] {processor.py:925} INFO - DAG(s) 'example_params_trigger_ui' retrieved from /home/airflow/.local/lib/python3.12/site-packages/airflow/example_dags/example_params_trigger_ui.py
[2026-07-29T15:21:23.406+0000] {logging_mixin.py:190} INFO - [2026-07-29T15:21:23.406+0000] {override.py:1858} INFO - Created Permission View: can delete on DAG:example_params_trigger_ui
[2026-07-29T15:21:23.411+0000] {logging_mixin.py:190} INFO - [2026-07-29T15:21:23.411+0000] {override.py:1858} INFO - Created Permission View: can edit on DAG:example_params_trigger_ui
[2026-07-29T15:21:23.414+0000] {logging_mixin.py:190} INFO - [2026-07-29T15:21:23.413+0000] {override.py:1858} INFO - Created Permission View: can read on DAG:example_params_trigger_ui
[2026-07-29T15:21:23.414+0000] {logging_mixin.py:190} INFO - [2026-07-29T15:21:23.414+0000] {dag.py:3211} INFO - Sync 1 DAGs
[2026-07-29T15:21:23.419+0000] {logging_mixin.py:190} INFO - [2026-07-29T15:21:23.419+0000] {dag.py:3234} INFO - Creating ORM DAG for example_params_trigger_ui
[2026-07-29T15:21:23.420+0000] {logging_mixin.py:190} INFO - [2026-07-29T15:21:23.419+0000] {dag.py:4138} INFO - Setting next_dagrun for example_params_trigger_ui to None, run_after=None
[2026-07-29T15:21:23.429+0000] {processor.py:208} INFO - Processing /home/airflow/.local/lib/python3.12/site-packages/airflow/example_dags/example_params_trigger_ui.py took 0.096 seconds
[2026-07-29T15:21:53.893+0000] {processor.py:186} INFO - Started process (PID=147) to work on /home/airflow/.local/lib/python3.12/site-packages/airflow/example_dags/example_params_trigger_ui.py
[2026-07-29T15:21:53.894+0000] {processor.py:914} INFO - Processing file /home/airflow/.local/lib/python3.12/site-packages/airflow/example_dags/example_params_trigger_ui.py for tasks to queue
[2026-07-29T15:21:53.896+0000] {logging_mixin.py:190} INFO - [2026-07-29T15:21:53.896+0000] {dagbag.py:587} INFO - Filling up the DagBag from /home/airflow/.local/lib/python3.12/site-packages/airflow/example_dags/example_params_trigger_ui.py
[2026-07-29T15:21:53.903+0000] {processor.py:925} INFO - DAG(s) 'example_params_trigger_ui' retrieved from /home/airflow/.local/lib/python3.12/site-packages/airflow/example_dags/example_params_trigger_ui.py
[2026-07-29T15:21:53.923+0000] {logging_mixin.py:190} INFO - [2026-07-29T15:21:53.923+0000] {dag.py:3211} INFO - Sync 1 DAGs
[2026-07-29T15:21:53.929+0000] {logging_mixin.py:190} INFO - [2026-07-29T15:21:53.929+0000] {dag.py:4138} INFO - Setting next_dagrun for example_params_trigger_ui to None, run_after=None
[2026-07-29T15:21:53.942+0000] {processor.py:208} INFO - Processing /home/airflow/.local/lib/python3.12/site-packages/airflow/example_dags/example_params_trigger_ui.py took 0.051 seconds
[2026-07-29T15:22:24.035+0000] {processor.py:186} INFO - Started process (PID=213) to work on /home/airflow/.local/lib/python3.12/site-packages/airflow/example_dags/example_params_trigger_ui.py
[2026-07-29T15:22:24.035+0000] {processor.py:914} INFO - Processing file /home/airflow/.local/lib/python3.12/site-packages/airflow/example_dags/example_params_trigger_ui.py for tasks to queue
[2026-07-29T15:22:24.038+0000] {logging_mixin.py:190} INFO - [2026-07-29T15:22:24.037+0000] {dagbag.py:587} INFO - Filling up the DagBag from /home/airflow/.local/lib/python3.12/site-packages/airflow/example_dags/example_params_trigger_ui.py
[2026-07-29T15:22:24.043+0000] {processor.py:925} INFO - DAG(s) 'example_params_trigger_ui' retrieved from /home/airflow/.local/lib/python3.12/site-packages/airflow/example_dags/example_params_trigger_ui.py
[2026-07-29T15:22:24.060+0000] {logging_mixin.py:190} INFO - [2026-07-29T15:22:24.060+0000] {dag.py:3211} INFO - Sync 1 DAGs
[2026-07-29T15:22:24.065+0000] {logging_mixin.py:190} INFO - [2026-07-29T15:22:24.065+0000] {dag.py:4138} INFO - Setting next_dagrun for example_params_trigger_ui to None, run_after=None
[2026-07-29T15:22:24.075+0000] {processor.py:208} INFO - Processing /home/airflow/.local/lib/python3.12/site-packages/airflow/example_dags/example_params_trigger_ui.py took 0.042 seconds
[2026-07-29T15:23:04.924+0000] {processor.py:186} INFO - Started process (PID=81) to work on /home/airflow/.local/lib/python3.12/site-packages/airflow/example_dags/example_params_trigger_ui.py
[2026-07-29T15:23:04.926+0000] {processor.py:914} INFO - Processing file /home/airflow/.local/lib/python3.12/site-packages/airflow/example_dags/example_params_trigger_ui.py for tasks to queue
[2026-07-29T15:23:04.927+0000] {logging_mixin.py:190} INFO - [2026-07-29T15:23:04.927+0000] {dagbag.py:587} INFO - Filling up the DagBag from /home/airflow/.local/lib/python3.12/site-packages/airflow/example_dags/example_params_trigger_ui.py
[2026-07-29T15:23:04.935+0000] {processor.py:925} INFO - DAG(s) 'example_params_trigger_ui' retrieved from /home/airflow/.local/lib/python3.12/site-packages/airflow/example_dags/example_params_trigger_ui.py
[2026-07-29T15:23:04.956+0000] {logging_mixin.py:190} INFO - [2026-07-29T15:23:04.955+0000] {dag.py:3211} INFO - Sync 1 DAGs
[2026-07-29T15:23:04.961+0000] {logging_mixin.py:190} INFO - [2026-07-29T15:23:04.961+0000] {dag.py:4138} INFO - Setting next_dagrun for example_params_trigger_ui to None, run_after=None
[2026-07-29T15:23:04.968+0000] {processor.py:208} INFO - Processing /home/airflow/.local/lib/python3.12/site-packages/airflow/example_dags/example_params_trigger_ui.py took 0.046 seconds
[2026-07-29T15:23:35.911+0000] {processor.py:186} INFO - Started process (PID=147) to work on /home/airflow/.local/lib/python3.12/site-packages/airflow/example_dags/example_params_trigger_ui.py
[2026-07-29T15:23:35.913+0000] {processor.py:914} INFO - Processing file /home/airflow/.local/lib/python3.12/site-packages/airflow/example_dags/example_params_trigger_ui.py for tasks to queue
[2026-07-29T15:23:35.916+0000] {logging_mixin.py:190} INFO - [2026-07-29T15:23:35.915+0000] {dagbag.py:587} INFO - Filling up the DagBag from /home/airflow/.local/lib/python3.12/site-packages/airflow/example_dags/example_params_trigger_ui.py
[2026-07-29T15:23:35.920+0000] {processor.py:925} INFO - DAG(s) 'example_params_trigger_ui' retrieved from /home/airflow/.local/lib/python3.12/site-packages/airflow/example_dags/example_params_trigger_ui.py
[2026-07-29T15:23:35.942+0000] {logging_mixin.py:190} INFO - [2026-07-29T15:23:35.942+0000] {dag.py:3211} INFO - Sync 1 DAGs
[2026-07-29T15:23:35.949+0000] {logging_mixin.py:190} INFO - [2026-07-29T15:23:35.949+0000] {dag.py:4138} INFO - Setting next_dagrun for example_params_trigger_ui to None, run_after=None
[2026-07-29T15:23:35.956+0000] {processor.py:208} INFO - Processing /home/airflow/.local/lib/python3.12/site-packages/airflow/example_dags/example_params_trigger_ui.py took 0.048 seconds
[2026-07-29T15:24:06.792+0000] {processor.py:186} INFO - Started process (PID=213) to work on /home/airflow/.local/lib/python3.12/site-packages/airflow/example_dags/example_params_trigger_ui.py
[2026-07-29T15:24:06.793+0000] {processor.py:914} INFO - Processing file /home/airflow/.local/lib/python3.12/site-packages/airflow/example_dags/example_params_trigger_ui.py for tasks to queue
[2026-07-29T15:24:06.794+0000] {logging_mixin.py:190} INFO - [2026-07-29T15:24:06.794+0000] {dagbag.py:587} INFO - Filling up the DagBag from /home/airflow/.local/lib/python3.12/site-packages/airflow/example_dags/example_params_trigger_ui.py
[2026-07-29T15:24:06.801+0000] {processor.py:925} INFO - DAG(s) 'example_params_trigger_ui' retrieved from /home/airflow/.local/lib/python3.12/site-packages/airflow/example_dags/example_params_trigger_ui.py
[2026-07-29T15:24:06.827+0000] {logging_mixin.py:190} INFO - [2026-07-29T15:24:06.827+0000] {dag.py:3211} INFO - Sync 1 DAGs
[2026-07-29T15:24:06.832+0000] {logging_mixin.py:190} INFO - [2026-07-29T15:24:06.832+0000] {dag.py:4138} INFO - Setting next_dagrun for example_params_trigger_ui to None, run_after=None
[2026-07-29T15:24:06.840+0000] {processor.py:208} INFO - Processing /home/airflow/.local/lib/python3.12/site-packages/airflow/example_dags/example_params_trigger_ui.py took 0.050 seconds
[2026-07-29T15:24:37.763+0000] {processor.py:186} INFO - Started process (PID=279) to work on /home/airflow/.local/lib/python3.12/site-packages/airflow/example_dags/example_params_trigger_ui.py
[2026-07-29T15:24:37.765+0000] {processor.py:914} INFO - Processing file /home/airflow/.local/lib/python3.12/site-packages/airflow/example_dags/example_params_trigger_ui.py for tasks to queue
[2026-07-29T15:24:37.767+0000] {logging_mixin.py:190} INFO - [2026-07-29T15:24:37.767+0000] {dagbag.py:587} INFO - Filling up the DagBag from /home/airflow/.local/lib/python3.12/site-packages/airflow/example_dags/example_params_trigger_ui.py
[2026-07-29T15:24:37.772+0000] {processor.py:925} INFO - DAG(s) 'example_params_trigger_ui' retrieved from /home/airflow/.local/lib/python3.12/site-packages/airflow/example_dags/example_params_trigger_ui.py
[2026-07-29T15:24:37.795+0000] {logging_mixin.py:190} INFO - [2026-07-29T15:24:37.795+0000] {dag.py:3211} INFO - Sync 1 DAGs
[2026-07-29T15:24:37.805+0000] {logging_mixin.py:190} INFO - [2026-07-29T15:24:37.805+0000] {dag.py:4138} INFO - Setting next_dagrun for example_params_trigger_ui to None, run_after=None
[2026-07-29T15:24:37.811+0000] {processor.py:208} INFO - Processing /home/airflow/.local/lib/python3.12/site-packages/airflow/example_dags/example_params_trigger_ui.py took 0.053 seconds
[2026-07-29T15:25:07.853+0000] {processor.py:186} INFO - Started process (PID=345) to work on /home/airflow/.local/lib/python3.12/site-packages/airflow/example_dags/example_params_trigger_ui.py
[2026-07-29T15:25:07.853+0000] {processor.py:914} INFO - Processing file /home/airflow/.local/lib/python3.12/site-packages/airflow/example_dags/example_params_trigger_ui.py for tasks to queue
[2026-07-29T15:25:07.854+0000] {logging_mixin.py:190} INFO - [2026-07-29T15:25:07.854+0000] {dagbag.py:587} INFO - Filling up the DagBag from /home/airflow/.local/lib/python3.12/site-packages/airflow/example_dags/example_params_trigger_ui.py
[2026-07-29T15:25:07.859+0000] {processor.py:925} INFO - DAG(s) 'example_params_trigger_ui' retrieved from /home/airflow/.local/lib/python3.12/site-packages/airflow/example_dags/example_params_trigger_ui.py
[2026-07-29T15:25:07.873+0000] {logging_mixin.py:190} INFO - [2026-07-29T15:25:07.873+0000] {dag.py:3211} INFO - Sync 1 DAGs
[2026-07-29T15:25:07.879+0000] {logging_mixin.py:190} INFO - [2026-07-29T15:25:07.879+0000] {dag.py:4138} INFO - Setting next_dagrun for example_params_trigger_ui to None, run_after=None
[2026-07-29T15:25:07.885+0000] {processor.py:208} INFO - Processing /home/airflow/.local/lib/python3.12/site-packages/airflow/example_dags/example_params_trigger_ui.py took 0.034 seconds
[2026-07-29T15:25:37.972+0000] {processor.py:186} INFO - Started process (PID=411) to work on /home/airflow/.local/lib/python3.12/site-packages/airflow/example_dags/example_params_trigger_ui.py
[2026-07-29T15:25:37.974+0000] {processor.py:914} INFO - Processing file /home/airflow/.local/lib/python3.12/site-packages/airflow/example_dags/example_params_trigger_ui.py for tasks to queue
[2026-07-29T15:25:37.975+0000] {logging_mixin.py:190} INFO - [2026-07-29T15:25:37.975+0000] {dagbag.py:587} INFO - Filling up the DagBag from /home/airflow/.local/lib/python3.12/site-packages/airflow/example_dags/example_params_trigger_ui.py
[2026-07-29T15:25:37.981+0000] {processor.py:925} INFO - DAG(s) 'example_params_trigger_ui' retrieved from /home/airflow/.local/lib/python3.12/site-packages/airflow/example_dags/example_params_trigger_ui.py
[2026-07-29T15:25:38.002+0000] {logging_mixin.py:190} INFO - [2026-07-29T15:25:38.001+0000] {dag.py:3211} INFO - Sync 1 DAGs
[2026-07-29T15:25:38.007+0000] {logging_mixin.py:190} INFO - [2026-07-29T15:25:38.007+0000] {dag.py:4138} INFO - Setting next_dagrun for example_params_trigger_ui to None, run_after=None
[2026-07-29T15:25:38.015+0000] {processor.py:208} INFO - Processing /home/airflow/.local/lib/python3.12/site-packages/airflow/example_dags/example_params_trigger_ui.py took 0.045 seconds
[2026-07-29T15:26:08.134+0000] {processor.py:186} INFO - Started process (PID=477) to work on /home/airflow/.local/lib/python3.12/site-packages/airflow/example_dags/example_params_trigger_ui.py
[2026-07-29T15:26:08.134+0000] {processor.py:914} INFO - Processing file /home/airflow/.local/lib/python3.12/site-packages/airflow/example_dags/example_params_trigger_ui.py for tasks to queue
[2026-07-29T15:26:08.135+0000] {logging_mixin.py:190} INFO - [2026-07-29T15:26:08.135+0000] {dagbag.py:587} INFO - Filling up the DagBag from /home/airflow/.local/lib/python3.12/site-packages/airflow/example_dags/example_params_trigger_ui.py
[2026-07-29T15:26:08.139+0000] {processor.py:925} INFO - DAG(s) 'example_params_trigger_ui' retrieved from /home/airflow/.local/lib/python3.12/site-packages/airflow/example_dags/example_params_trigger_ui.py
[2026-07-29T15:26:08.152+0000] {logging_mixin.py:190} INFO - [2026-07-29T15:26:08.152+0000] {dag.py:3211} INFO - Sync 1 DAGs
[2026-07-29T15:26:08.157+0000] {logging_mixin.py:190} INFO - [2026-07-29T15:26:08.156+0000] {dag.py:4138} INFO - Setting next_dagrun for example_params_trigger_ui to None, run_after=None
[2026-07-29T15:26:08.162+0000] {processor.py:208} INFO - Processing /home/airflow/.local/lib/python3.12/site-packages/airflow/example_dags/example_params_trigger_ui.py took 0.030 seconds
[2026-07-29T15:26:39.156+0000] {processor.py:186} INFO - Started process (PID=549) to work on /home/airflow/.local/lib/python3.12/site-packages/airflow/example_dags/example_params_trigger_ui.py
[2026-07-29T15:26:39.157+0000] {processor.py:914} INFO - Processing file /home/airflow/.local/lib/python3.12/site-packages/airflow/example_dags/example_params_trigger_ui.py for tasks to queue
[2026-07-29T15:26:39.158+0000] {logging_mixin.py:190} INFO - [2026-07-29T15:26:39.158+0000] {dagbag.py:587} INFO - Filling up the DagBag from /home/airflow/.local/lib/python3.12/site-packages/airflow/example_dags/example_params_trigger_ui.py
[2026-07-29T15:26:39.163+0000] {processor.py:925} INFO - DAG(s) 'example_params_trigger_ui' retrieved from /home/airflow/.local/lib/python3.12/site-packages/airflow/example_dags/example_params_trigger_ui.py
[2026-07-29T15:26:39.178+0000] {logging_mixin.py:190} INFO - [2026-07-29T15:26:39.178+0000] {dag.py:3211} INFO - Sync 1 DAGs
[2026-07-29T15:26:39.185+0000] {logging_mixin.py:190} INFO - [2026-07-29T15:26:39.185+0000] {dag.py:4138} INFO - Setting next_dagrun for example_params_trigger_ui to None, run_after=None
[2026-07-29T15:26:39.193+0000] {processor.py:208} INFO - Processing /home/airflow/.local/lib/python3.12/site-packages/airflow/example_dags/example_params_trigger_ui.py took 0.040 seconds
[2026-07-29T15:27:09.274+0000] {processor.py:186} INFO - Started process (PID=615) to work on /home/airflow/.local/lib/python3.12/site-packages/airflow/example_dags/example_params_trigger_ui.py
[2026-07-29T15:27:09.274+0000] {processor.py:914} INFO - Processing file /home/airflow/.local/lib/python3.12/site-packages/airflow/example_dags/example_params_trigger_ui.py for tasks to queue
[2026-07-29T15:27:09.275+0000] {logging_mixin.py:190} INFO - [2026-07-29T15:27:09.275+0000] {dagbag.py:587} INFO - Filling up the DagBag from /home/airflow/.local/lib/python3.12/site-packages/airflow/example_dags/example_params_trigger_ui.py
[2026-07-29T15:27:09.280+0000] {processor.py:925} INFO - DAG(s) 'example_params_trigger_ui' retrieved from /home/airflow/.local/lib/python3.12/site-packages/airflow/example_dags/example_params_trigger_ui.py
[2026-07-29T15:27:09.293+0000] {logging_mixin.py:190} INFO - [2026-07-29T15:27:09.293+0000] {dag.py:3211} INFO - Sync 1 DAGs
[2026-07-29T15:27:09.299+0000] {logging_mixin.py:190} INFO - [2026-07-29T15:27:09.299+0000] {dag.py:4138} INFO - Setting next_dagrun for example_params_trigger_ui to None, run_after=None
[2026-07-29T15:27:09.304+0000] {processor.py:208} INFO - Processing /home/airflow/.local/lib/python3.12/site-packages/airflow/example_dags/example_params_trigger_ui.py took 0.033 seconds
[2026-07-29T15:27:40.317+0000] {processor.py:186} INFO - Started process (PID=681) to work on /home/airflow/.local/lib/python3.12/site-packages/airflow/example_dags/example_params_trigger_ui.py
[2026-07-29T15:27:40.317+0000] {processor.py:914} INFO - Processing file /home/airflow/.local/lib/python3.12/site-packages/airflow/example_dags/example_params_trigger_ui.py for tasks to queue
[2026-07-29T15:27:40.318+0000] {logging_mixin.py:190} INFO - [2026-07-29T15:27:40.318+0000] {dagbag.py:587} INFO - Filling up the DagBag from /home/airflow/.local/lib/python3.12/site-packages/airflow/example_dags/example_params_trigger_ui.py
[2026-07-29T15:27:40.322+0000] {processor.py:925} INFO - DAG(s) 'example_params_trigger_ui' retrieved from /home/airflow/.local/lib/python3.12/site-packages/airflow/example_dags/example_params_trigger_ui.py
[2026-07-29T15:27:40.337+0000] {logging_mixin.py:190} INFO - [2026-07-29T15:27:40.337+0000] {dag.py:3211} INFO - Sync 1 DAGs
[2026-07-29T15:27:40.342+0000] {logging_mixin.py:190} INFO - [2026-07-29T15:27:40.342+0000] {dag.py:4138} INFO - Setting next_dagrun for example_params_trigger_ui to None, run_after=None
[2026-07-29T15:27:40.348+0000] {processor.py:208} INFO - Processing /home/airflow/.local/lib/python3.12/site-packages/airflow/example_dags/example_params_trigger_ui.py took 0.034 seconds
[2026-07-29T15:28:24.814+0000] {processor.py:186} INFO - Started process (PID=81) to work on /home/airflow/.local/lib/python3.12/site-packages/airflow/example_dags/example_params_trigger_ui.py
[2026-07-29T15:28:24.814+0000] {processor.py:914} INFO - Processing file /home/airflow/.local/lib/python3.12/site-packages/airflow/example_dags/example_params_trigger_ui.py for tasks to queue
[2026-07-29T15:28:24.816+0000] {logging_mixin.py:190} INFO - [2026-07-29T15:28:24.816+0000] {dagbag.py:587} INFO - Filling up the DagBag from /home/airflow/.local/lib/python3.12/site-packages/airflow/example_dags/example_params_trigger_ui.py
[2026-07-29T15:28:24.822+0000] {processor.py:925} INFO - DAG(s) 'example_params_trigger_ui' retrieved from /home/airflow/.local/lib/python3.12/site-packages/airflow/example_dags/example_params_trigger_ui.py
[2026-07-29T15:28:24.842+0000] {logging_mixin.py:190} INFO - [2026-07-29T15:28:24.842+0000] {dag.py:3211} INFO - Sync 1 DAGs
[2026-07-29T15:28:24.851+0000] {logging_mixin.py:190} INFO - [2026-07-29T15:28:24.851+0000] {dag.py:4138} INFO - Setting next_dagrun for example_params_trigger_ui to None, run_after=None
[2026-07-29T15:28:24.864+0000] {processor.py:208} INFO - Processing /home/airflow/.local/lib/python3.12/site-packages/airflow/example_dags/example_params_trigger_ui.py took 0.054 seconds
[2026-07-29T15:28:54.999+0000] {processor.py:186} INFO - Started process (PID=147) to work on /home/airflow/.local/lib/python3.12/site-packages/airflow/example_dags/example_params_trigger_ui.py
[2026-07-29T15:28:54.999+0000] {processor.py:914} INFO - Processing file /home/airflow/.local/lib/python3.12/site-packages/airflow/example_dags/example_params_trigger_ui.py for tasks to queue
[2026-07-29T15:28:55.000+0000] {logging_mixin.py:190} INFO - [2026-07-29T15:28:55.000+0000] {dagbag.py:587} INFO - Filling up the DagBag from /home/airflow/.local/lib/python3.12/site-packages/airflow/example_dags/example_params_trigger_ui.py
[2026-07-29T15:28:55.006+0000] {processor.py:925} INFO - DAG(s) 'example_params_trigger_ui' retrieved from /home/airflow/.local/lib/python3.12/site-packages/airflow/example_dags/example_params_trigger_ui.py
[2026-07-29T15:28:55.028+0000] {logging_mixin.py:190} INFO - [2026-07-29T15:28:55.028+0000] {dag.py:3211} INFO - Sync 1 DAGs
[2026-07-29T15:28:55.036+0000] {logging_mixin.py:190} INFO - [2026-07-29T15:28:55.036+0000] {dag.py:4138} INFO - Setting next_dagrun for example_params_trigger_ui to None, run_after=None
[2026-07-29T15:28:55.045+0000] {processor.py:208} INFO - Processing /home/airflow/.local/lib/python3.12/site-packages/airflow/example_dags/example_params_trigger_ui.py took 0.049 seconds
[2026-07-29T15:29:25.634+0000] {processor.py:186} INFO - Started process (PID=213) to work on /home/airflow/.local/lib/python3.12/site-packages/airflow/example_dags/example_params_trigger_ui.py
[2026-07-29T15:29:25.634+0000] {processor.py:914} INFO - Processing file /home/airflow/.local/lib/python3.12/site-packages/airflow/example_dags/example_params_trigger_ui.py for tasks to queue
[2026-07-29T15:29:25.636+0000] {logging_mixin.py:190} INFO - [2026-07-29T15:29:25.635+0000] {dagbag.py:587} INFO - Filling up the DagBag from /home/airflow/.local/lib/python3.12/site-packages/airflow/example_dags/example_params_trigger_ui.py
[2026-07-29T15:29:25.641+0000] {processor.py:925} INFO - DAG(s) 'example_params_trigger_ui' retrieved from /home/airflow/.local/lib/python3.12/site-packages/airflow/example_dags/example_params_trigger_ui.py
[2026-07-29T15:29:25.656+0000] {logging_mixin.py:190} INFO - [2026-07-29T15:29:25.656+0000] {dag.py:3211} INFO - Sync 1 DAGs
[2026-07-29T15:29:25.662+0000] {logging_mixin.py:190} INFO - [2026-07-29T15:29:25.662+0000] {dag.py:4138} INFO - Setting next_dagrun for example_params_trigger_ui to None, run_after=None
[2026-07-29T15:29:25.669+0000] {processor.py:208} INFO - Processing /home/airflow/.local/lib/python3.12/site-packages/airflow/example_dags/example_params_trigger_ui.py took 0.038 seconds
[2026-07-29T15:29:56.779+0000] {processor.py:186} INFO - Started process (PID=279) to work on /home/airflow/.local/lib/python3.12/site-packages/airflow/example_dags/example_params_trigger_ui.py
[2026-07-29T15:29:56.780+0000] {processor.py:914} INFO - Processing file /home/airflow/.local/lib/python3.12/site-packages/airflow/example_dags/example_params_trigger_ui.py for tasks to queue
[2026-07-29T15:29:56.782+0000] {logging_mixin.py:190} INFO - [2026-07-29T15:29:56.781+0000] {dagbag.py:587} INFO - Filling up the DagBag from /home/airflow/.local/lib/python3.12/site-packages/airflow/example_dags/example_params_trigger_ui.py
[2026-07-29T15:29:56.788+0000] {processor.py:925} INFO - DAG(s) 'example_params_trigger_ui' retrieved from /home/airflow/.local/lib/python3.12/site-packages/airflow/example_dags/example_params_trigger_ui.py
[2026-07-29T15:29:56.805+0000] {logging_mixin.py:190} INFO - [2026-07-29T15:29:56.805+0000] {dag.py:3211} INFO - Sync 1 DAGs
[2026-07-29T15:29:56.811+0000] {logging_mixin.py:190} INFO - [2026-07-29T15:29:56.811+0000] {dag.py:4138} INFO - Setting next_dagrun for example_params_trigger_ui to None, run_after=None
[2026-07-29T15:29:56.824+0000] {processor.py:208} INFO - Processing /home/airflow/.local/lib/python3.12/site-packages/airflow/example_dags/example_params_trigger_ui.py took 0.048 seconds
[2026-07-29T15:30:27.662+0000] {processor.py:186} INFO - Started process (PID=345) to work on /home/airflow/.local/lib/python3.12/site-packages/airflow/example_dags/example_params_trigger_ui.py
[2026-07-29T15:30:27.662+0000] {processor.py:914} INFO - Processing file /home/airflow/.local/lib/python3.12/site-packages/airflow/example_dags/example_params_trigger_ui.py for tasks to queue
[2026-07-29T15:30:27.664+0000] {logging_mixin.py:190} INFO - [2026-07-29T15:30:27.664+0000] {dagbag.py:587} INFO - Filling up the DagBag from /home/airflow/.local/lib/python3.12/site-packages/airflow/example_dags/example_params_trigger_ui.py
[2026-07-29T15:30:27.670+0000] {processor.py:925} INFO - DAG(s) 'example_params_trigger_ui' retrieved from /home/airflow/.local/lib/python3.12/site-packages/airflow/example_dags/example_params_trigger_ui.py
[2026-07-29T15:30:27.690+0000] {logging_mixin.py:190} INFO - [2026-07-29T15:30:27.690+0000] {dag.py:3211} INFO - Sync 1 DAGs
[2026-07-29T15:30:27.695+0000] {logging_mixin.py:190} INFO - [2026-07-29T15:30:27.695+0000] {dag.py:4138} INFO - Setting next_dagrun for example_params_trigger_ui to None, run_after=None
[2026-07-29T15:30:27.704+0000] {processor.py:208} INFO - Processing /home/airflow/.local/lib/python3.12/site-packages/airflow/example_dags/example_params_trigger_ui.py took 0.045 seconds
[2026-07-29T15:30:58.339+0000] {processor.py:186} INFO - Started process (PID=411) to work on /home/airflow/.local/lib/python3.12/site-packages/airflow/example_dags/example_params_trigger_ui.py
[2026-07-29T15:30:58.340+0000] {processor.py:914} INFO - Processing file /home/airflow/.local/lib/python3.12/site-packages/airflow/example_dags/example_params_trigger_ui.py for tasks to queue
[2026-07-29T15:30:58.341+0000] {logging_mixin.py:190} INFO - [2026-07-29T15:30:58.340+0000] {dagbag.py:587} INFO - Filling up the DagBag from /home/airflow/.local/lib/python3.12/site-packages/airflow/example_dags/example_params_trigger_ui.py
[2026-07-29T15:30:58.345+0000] {processor.py:925} INFO - DAG(s) 'example_params_trigger_ui' retrieved from /home/airflow/.local/lib/python3.12/site-packages/airflow/example_dags/example_params_trigger_ui.py
[2026-07-29T15:30:58.360+0000] {logging_mixin.py:190} INFO - [2026-07-29T15:30:58.360+0000] {dag.py:3211} INFO - Sync 1 DAGs
[2026-07-29T15:30:58.365+0000] {logging_mixin.py:190} INFO - [2026-07-29T15:30:58.365+0000] {dag.py:4138} INFO - Setting next_dagrun for example_params_trigger_ui to None, run_after=None
[2026-07-29T15:30:58.371+0000] {processor.py:208} INFO - Processing /home/airflow/.local/lib/python3.12/site-packages/airflow/example_dags/example_params_trigger_ui.py took 0.035 seconds
[2026-07-29T15:31:28.923+0000] {processor.py:186} INFO - Started process (PID=477) to work on /home/airflow/.local/lib/python3.12/site-packages/airflow/example_dags/example_params_trigger_ui.py
[2026-07-29T15:31:28.923+0000] {processor.py:914} INFO - Processing file /home/airflow/.local/lib/python3.12/site-packages/airflow/example_dags/example_params_trigger_ui.py for tasks to queue
[2026-07-29T15:31:28.924+0000] {logging_mixin.py:190} INFO - [2026-07-29T15:31:28.924+0000] {dagbag.py:587} INFO - Filling up the DagBag from /home/airflow/.local/lib/python3.12/site-packages/airflow/example_dags/example_params_trigger_ui.py
[2026-07-29T15:31:28.929+0000] {processor.py:925} INFO - DAG(s) 'example_params_trigger_ui' retrieved from /home/airflow/.local/lib/python3.12/site-packages/airflow/example_dags/example_params_trigger_ui.py
[2026-07-29T15:31:28.944+0000] {logging_mixin.py:190} INFO - [2026-07-29T15:31:28.944+0000] {dag.py:3211} INFO - Sync 1 DAGs
[2026-07-29T15:31:28.949+0000] {logging_mixin.py:190} INFO - [2026-07-29T15:31:28.949+0000] {dag.py:4138} INFO - Setting next_dagrun for example_params_trigger_ui to None, run_after=None
[2026-07-29T15:31:28.955+0000] {processor.py:208} INFO - Processing /home/airflow/.local/lib/python3.12/site-packages/airflow/example_dags/example_params_trigger_ui.py took 0.035 seconds
[2026-07-29T15:31:59.570+0000] {processor.py:186} INFO - Started process (PID=543) to work on /home/airflow/.local/lib/python3.12/site-packages/airflow/example_dags/example_params_trigger_ui.py
[2026-07-29T15:31:59.570+0000] {processor.py:914} INFO - Processing file /home/airflow/.local/lib/python3.12/site-packages/airflow/example_dags/example_params_trigger_ui.py for tasks to queue
[2026-07-29T15:31:59.571+0000] {logging_mixin.py:190} INFO - [2026-07-29T15:31:59.571+0000] {dagbag.py:587} INFO - Filling up the DagBag from /home/airflow/.local/lib/python3.12/site-packages/airflow/example_dags/example_params_trigger_ui.py
[2026-07-29T15:31:59.577+0000] {processor.py:925} INFO - DAG(s) 'example_params_trigger_ui' retrieved from /home/airflow/.local/lib/python3.12/site-packages/airflow/example_dags/example_params_trigger_ui.py
[2026-07-29T15:31:59.593+0000] {logging_mixin.py:190} INFO - [2026-07-29T15:31:59.593+0000] {dag.py:3211} INFO - Sync 1 DAGs
[2026-07-29T15:31:59.599+0000] {logging_mixin.py:190} INFO - [2026-07-29T15:31:59.599+0000] {dag.py:4138} INFO - Setting next_dagrun for example_params_trigger_ui to None, run_after=None
[2026-07-29T15:31:59.605+0000] {processor.py:208} INFO - Processing /home/airflow/.local/lib/python3.12/site-packages/airflow/example_dags/example_params_trigger_ui.py took 0.038 seconds
[2026-07-29T15:32:30.464+0000] {processor.py:186} INFO - Started process (PID=609) to work on /home/airflow/.local/lib/python3.12/site-packages/airflow/example_dags/example_params_trigger_ui.py
[2026-07-29T15:32:30.464+0000] {processor.py:914} INFO - Processing file /home/airflow/.local/lib/python3.12/site-packages/airflow/example_dags/example_params_trigger_ui.py for tasks to queue
[2026-07-29T15:32:30.468+0000] {logging_mixin.py:190} INFO - [2026-07-29T15:32:30.468+0000] {dagbag.py:587} INFO - Filling up the DagBag from /home/airflow/.local/lib/python3.12/site-packages/airflow/example_dags/example_params_trigger_ui.py
[2026-07-29T15:32:30.473+0000] {processor.py:925} INFO - DAG(s) 'example_params_trigger_ui' retrieved from /home/airflow/.local/lib/python3.12/site-packages/airflow/example_dags/example_params_trigger_ui.py
[2026-07-29T15:32:30.493+0000] {logging_mixin.py:190} INFO - [2026-07-29T15:32:30.493+0000] {dag.py:3211} INFO - Sync 1 DAGs
[2026-07-29T15:32:30.499+0000] {logging_mixin.py:190} INFO - [2026-07-29T15:32:30.499+0000] {dag.py:4138} INFO - Setting next_dagrun for example_params_trigger_ui to None, run_after=None
[2026-07-29T15:32:30.506+0000] {processor.py:208} INFO - Processing /home/airflow/.local/lib/python3.12/site-packages/airflow/example_dags/example_params_trigger_ui.py took 0.045 seconds
[2026-07-29T15:33:01.535+0000] {processor.py:186} INFO - Started process (PID=675) to work on /home/airflow/.local/lib/python3.12/site-packages/airflow/example_dags/example_params_trigger_ui.py
[2026-07-29T15:33:01.538+0000] {processor.py:914} INFO - Processing file /home/airflow/.local/lib/python3.12/site-packages/airflow/example_dags/example_params_trigger_ui.py for tasks to queue
[2026-07-29T15:33:01.541+0000] {logging_mixin.py:190} INFO - [2026-07-29T15:33:01.541+0000] {dagbag.py:587} INFO - Filling up the DagBag from /home/airflow/.local/lib/python3.12/site-packages/airflow/example_dags/example_params_trigger_ui.py
[2026-07-29T15:33:01.548+0000] {processor.py:925} INFO - DAG(s) 'example_params_trigger_ui' retrieved from /home/airflow/.local/lib/python3.12/site-packages/airflow/example_dags/example_params_trigger_ui.py
[2026-07-29T15:33:01.568+0000] {logging_mixin.py:190} INFO - [2026-07-29T15:33:01.568+0000] {dag.py:3211} INFO - Sync 1 DAGs
[2026-07-29T15:33:01.574+0000] {logging_mixin.py:190} INFO - [2026-07-29T15:33:01.574+0000] {dag.py:4138} INFO - Setting next_dagrun for example_params_trigger_ui to None, run_after=None
[2026-07-29T15:33:01.583+0000] {processor.py:208} INFO - Processing /home/airflow/.local/lib/python3.12/site-packages/airflow/example_dags/example_params_trigger_ui.py took 0.051 seconds
[2026-07-29T15:33:32.050+0000] {processor.py:186} INFO - Started process (PID=741) to work on /home/airflow/.local/lib/python3.12/site-packages/airflow/example_dags/example_params_trigger_ui.py
[2026-07-29T15:33:32.051+0000] {processor.py:914} INFO - Processing file /home/airflow/.local/lib/python3.12/site-packages/airflow/example_dags/example_params_trigger_ui.py for tasks to queue
[2026-07-29T15:33:32.052+0000] {logging_mixin.py:190} INFO - [2026-07-29T15:33:32.052+0000] {dagbag.py:587} INFO - Filling up the DagBag from /home/airflow/.local/lib/python3.12/site-packages/airflow/example_dags/example_params_trigger_ui.py
[2026-07-29T15:33:32.057+0000] {processor.py:925} INFO - DAG(s) 'example_params_trigger_ui' retrieved from /home/airflow/.local/lib/python3.12/site-packages/airflow/example_dags/example_params_trigger_ui.py
[2026-07-29T15:33:32.075+0000] {logging_mixin.py:190} INFO - [2026-07-29T15:33:32.075+0000] {dag.py:3211} INFO - Sync 1 DAGs
[2026-07-29T15:33:32.083+0000] {logging_mixin.py:190} INFO - [2026-07-29T15:33:32.083+0000] {dag.py:4138} INFO - Setting next_dagrun for example_params_trigger_ui to None, run_after=None
[2026-07-29T15:33:32.094+0000] {processor.py:208} INFO - Processing /home/airflow/.local/lib/python3.12/site-packages/airflow/example_dags/example_params_trigger_ui.py took 0.047 seconds
[2026-07-29T15:34:02.365+0000] {processor.py:186} INFO - Started process (PID=807) to work on /home/airflow/.local/lib/python3.12/site-packages/airflow/example_dags/example_params_trigger_ui.py
[2026-07-29T15:34:02.367+0000] {processor.py:914} INFO - Processing file /home/airflow/.local/lib/python3.12/site-packages/airflow/example_dags/example_params_trigger_ui.py for tasks to queue
[2026-07-29T15:34:02.369+0000] {logging_mixin.py:190} INFO - [2026-07-29T15:34:02.368+0000] {dagbag.py:587} INFO - Filling up the DagBag from /home/airflow/.local/lib/python3.12/site-packages/airflow/example_dags/example_params_trigger_ui.py
[2026-07-29T15:34:02.374+0000] {processor.py:925} INFO - DAG(s) 'example_params_trigger_ui' retrieved from /home/airflow/.local/lib/python3.12/site-packages/airflow/example_dags/example_params_trigger_ui.py
[2026-07-29T15:34:02.396+0000] {logging_mixin.py:190} INFO - [2026-07-29T15:34:02.396+0000] {dag.py:3211} INFO - Sync 1 DAGs
[2026-07-29T15:34:02.402+0000] {logging_mixin.py:190} INFO - [2026-07-29T15:34:02.402+0000] {dag.py:4138} INFO - Setting next_dagrun for example_params_trigger_ui to None, run_after=None
[2026-07-29T15:34:02.414+0000] {processor.py:208} INFO - Processing /home/airflow/.local/lib/python3.12/site-packages/airflow/example_dags/example_params_trigger_ui.py took 0.051 seconds
[2026-07-29T15:34:32.751+0000] {processor.py:186} INFO - Started process (PID=873) to work on /home/airflow/.local/lib/python3.12/site-packages/airflow/example_dags/example_params_trigger_ui.py
[2026-07-29T15:34:32.752+0000] {processor.py:914} INFO - Processing file /home/airflow/.local/lib/python3.12/site-packages/airflow/example_dags/example_params_trigger_ui.py for tasks to queue
[2026-07-29T15:34:32.753+0000] {logging_mixin.py:190} INFO - [2026-07-29T15:34:32.753+0000] {dagbag.py:587} INFO - Filling up the DagBag from /home/airflow/.local/lib/python3.12/site-packages/airflow/example_dags/example_params_trigger_ui.py
[2026-07-29T15:34:32.759+0000] {processor.py:925} INFO - DAG(s) 'example_params_trigger_ui' retrieved from /home/airflow/.local/lib/python3.12/site-packages/airflow/example_dags/example_params_trigger_ui.py
[2026-07-29T15:34:32.779+0000] {logging_mixin.py:190} INFO - [2026-07-29T15:34:32.779+0000] {dag.py:3211} INFO - Sync 1 DAGs
[2026-07-29T15:34:32.785+0000] {logging_mixin.py:190} INFO - [2026-07-29T15:34:32.785+0000] {dag.py:4138} INFO - Setting next_dagrun for example_params_trigger_ui to None, run_after=None
[2026-07-29T15:34:32.791+0000] {processor.py:208} INFO - Processing /home/airflow/.local/lib/python3.12/site-packages/airflow/example_dags/example_params_trigger_ui.py took 0.043 seconds
[2026-07-29T15:35:03.069+0000] {processor.py:186} INFO - Started process (PID=939) to work on /home/airflow/.local/lib/python3.12/site-packages/airflow/example_dags/example_params_trigger_ui.py
[2026-07-29T15:35:03.070+0000] {processor.py:914} INFO - Processing file /home/airflow/.local/lib/python3.12/site-packages/airflow/example_dags/example_params_trigger_ui.py for tasks to queue
[2026-07-29T15:35:03.072+0000] {logging_mixin.py:190} INFO - [2026-07-29T15:35:03.072+0000] {dagbag.py:587} INFO - Filling up the DagBag from /home/airflow/.local/lib/python3.12/site-packages/airflow/example_dags/example_params_trigger_ui.py
[2026-07-29T15:35:03.078+0000] {processor.py:925} INFO - DAG(s) 'example_params_trigger_ui' retrieved from /home/airflow/.local/lib/python3.12/site-packages/airflow/example_dags/example_params_trigger_ui.py
[2026-07-29T15:35:03.094+0000] {logging_mixin.py:190} INFO - [2026-07-29T15:35:03.094+0000] {dag.py:3211} INFO - Sync 1 DAGs
[2026-07-29T15:35:03.099+0000] {logging_mixin.py:190} INFO - [2026-07-29T15:35:03.099+0000] {dag.py:4138} INFO - Setting next_dagrun for example_params_trigger_ui to None, run_after=None
[2026-07-29T15:35:03.106+0000] {processor.py:208} INFO - Processing /home/airflow/.local/lib/python3.12/site-packages/airflow/example_dags/example_params_trigger_ui.py took 0.040 seconds
[2026-07-29T15:35:33.224+0000] {processor.py:186} INFO - Started process (PID=1005) to work on /home/airflow/.local/lib/python3.12/site-packages/airflow/example_dags/example_params_trigger_ui.py
[2026-07-29T15:35:33.224+0000] {processor.py:914} INFO - Processing file /home/airflow/.local/lib/python3.12/site-packages/airflow/example_dags/example_params_trigger_ui.py for tasks to queue
[2026-07-29T15:35:33.226+0000] {logging_mixin.py:190} INFO - [2026-07-29T15:35:33.225+0000] {dagbag.py:587} INFO - Filling up the DagBag from /home/airflow/.local/lib/python3.12/site-packages/airflow/example_dags/example_params_trigger_ui.py
[2026-07-29T15:35:33.231+0000] {processor.py:925} INFO - DAG(s) 'example_params_trigger_ui' retrieved from /home/airflow/.local/lib/python3.12/site-packages/airflow/example_dags/example_params_trigger_ui.py
[2026-07-29T15:35:33.250+0000] {logging_mixin.py:190} INFO - [2026-07-29T15:35:33.250+0000] {dag.py:3211} INFO - Sync 1 DAGs
[2026-07-29T15:35:33.257+0000] {logging_mixin.py:190} INFO - [2026-07-29T15:35:33.257+0000] {dag.py:4138} INFO - Setting next_dagrun for example_params_trigger_ui to None, run_after=None
[2026-07-29T15:35:33.266+0000] {processor.py:208} INFO - Processing /home/airflow/.local/lib/python3.12/site-packages/airflow/example_dags/example_params_trigger_ui.py took 0.045 seconds
[2026-07-29T15:36:03.685+0000] {processor.py:186} INFO - Started process (PID=1071) to work on /home/airflow/.local/lib/python3.12/site-packages/airflow/example_dags/example_params_trigger_ui.py
[2026-07-29T15:36:03.685+0000] {processor.py:914} INFO - Processing file /home/airflow/.local/lib/python3.12/site-packages/airflow/example_dags/example_params_trigger_ui.py for tasks to queue
[2026-07-29T15:36:03.686+0000] {logging_mixin.py:190} INFO - [2026-07-29T15:36:03.686+0000] {dagbag.py:587} INFO - Filling up the DagBag from /home/airflow/.local/lib/python3.12/site-packages/airflow/example_dags/example_params_trigger_ui.py
[2026-07-29T15:36:03.692+0000] {processor.py:925} INFO - DAG(s) 'example_params_trigger_ui' retrieved from /home/airflow/.local/lib/python3.12/site-packages/airflow/example_dags/example_params_trigger_ui.py
[2026-07-29T15:36:03.708+0000] {logging_mixin.py:190} INFO - [2026-07-29T15:36:03.708+0000] {dag.py:3211} INFO - Sync 1 DAGs
[2026-07-29T15:36:03.714+0000] {logging_mixin.py:190} INFO - [2026-07-29T15:36:03.714+0000] {dag.py:4138} INFO - Setting next_dagrun for example_params_trigger_ui to None, run_after=None
[2026-07-29T15:36:03.721+0000] {processor.py:208} INFO - Processing /home/airflow/.local/lib/python3.12/site-packages/airflow/example_dags/example_params_trigger_ui.py took 0.040 seconds
[2026-07-29T15:36:34.031+0000] {processor.py:186} INFO - Started process (PID=1137) to work on /home/airflow/.local/lib/python3.12/site-packages/airflow/example_dags/example_params_trigger_ui.py
[2026-07-29T15:36:34.031+0000] {processor.py:914} INFO - Processing file /home/airflow/.local/lib/python3.12/site-packages/airflow/example_dags/example_params_trigger_ui.py for tasks to queue
[2026-07-29T15:36:34.032+0000] {logging_mixin.py:190} INFO - [2026-07-29T15:36:34.032+0000] {dagbag.py:587} INFO - Filling up the DagBag from /home/airflow/.local/lib/python3.12/site-packages/airflow/example_dags/example_params_trigger_ui.py
[2026-07-29T15:36:34.037+0000] {processor.py:925} INFO - DAG(s) 'example_params_trigger_ui' retrieved from /home/airflow/.local/lib/python3.12/site-packages/airflow/example_dags/example_params_trigger_ui.py
[2026-07-29T15:36:34.051+0000] {logging_mixin.py:190} INFO - [2026-07-29T15:36:34.051+0000] {dag.py:3211} INFO - Sync 1 DAGs
[2026-07-29T15:36:34.056+0000] {logging_mixin.py:190} INFO - [2026-07-29T15:36:34.055+0000] {dag.py:4138} INFO - Setting next_dagrun for example_params_trigger_ui to None, run_after=None
[2026-07-29T15:36:34.061+0000] {processor.py:208} INFO - Processing /home/airflow/.local/lib/python3.12/site-packages/airflow/example_dags/example_params_trigger_ui.py took 0.032 seconds
[2026-07-29T15:37:04.178+0000] {processor.py:186} INFO - Started process (PID=1203) to work on /home/airflow/.local/lib/python3.12/site-packages/airflow/example_dags/example_params_trigger_ui.py
[2026-07-29T15:37:04.178+0000] {processor.py:914} INFO - Processing file /home/airflow/.local/lib/python3.12/site-packages/airflow/example_dags/example_params_trigger_ui.py for tasks to queue
[2026-07-29T15:37:04.179+0000] {logging_mixin.py:190} INFO - [2026-07-29T15:37:04.179+0000] {dagbag.py:587} INFO - Filling up the DagBag from /home/airflow/.local/lib/python3.12/site-packages/airflow/example_dags/example_params_trigger_ui.py
[2026-07-29T15:37:04.184+0000] {processor.py:925} INFO - DAG(s) 'example_params_trigger_ui' retrieved from /home/airflow/.local/lib/python3.12/site-packages/airflow/example_dags/example_params_trigger_ui.py
[2026-07-29T15:37:04.198+0000] {logging_mixin.py:190} INFO - [2026-07-29T15:37:04.198+0000] {dag.py:3211} INFO - Sync 1 DAGs
[2026-07-29T15:37:04.203+0000] {logging_mixin.py:190} INFO - [2026-07-29T15:37:04.203+0000] {dag.py:4138} INFO - Setting next_dagrun for example_params_trigger_ui to None, run_after=None
[2026-07-29T15:37:04.210+0000] {processor.py:208} INFO - Processing /home/airflow/.local/lib/python3.12/site-packages/airflow/example_dags/example_params_trigger_ui.py took 0.034 seconds
[2026-07-29T15:37:34.495+0000] {processor.py:186} INFO - Started process (PID=1269) to work on /home/airflow/.local/lib/python3.12/site-packages/airflow/example_dags/example_params_trigger_ui.py
[2026-07-29T15:37:34.496+0000] {processor.py:914} INFO - Processing file /home/airflow/.local/lib/python3.12/site-packages/airflow/example_dags/example_params_trigger_ui.py for tasks to queue
[2026-07-29T15:37:34.498+0000] {logging_mixin.py:190} INFO - [2026-07-29T15:37:34.498+0000] {dagbag.py:587} INFO - Filling up the DagBag from /home/airflow/.local/lib/python3.12/site-packages/airflow/example_dags/example_params_trigger_ui.py
[2026-07-29T15:37:34.504+0000] {processor.py:925} INFO - DAG(s) 'example_params_trigger_ui' retrieved from /home/airflow/.local/lib/python3.12/site-packages/airflow/example_dags/example_params_trigger_ui.py
[2026-07-29T15:37:34.524+0000] {logging_mixin.py:190} INFO - [2026-07-29T15:37:34.524+0000] {dag.py:3211} INFO - Sync 1 DAGs
[2026-07-29T15:37:34.534+0000] {logging_mixin.py:190} INFO - [2026-07-29T15:37:34.534+0000] {dag.py:4138} INFO - Setting next_dagrun for example_params_trigger_ui to None, run_after=None
[2026-07-29T15:37:34.547+0000] {processor.py:208} INFO - Processing /home/airflow/.local/lib/python3.12/site-packages/airflow/example_dags/example_params_trigger_ui.py took 0.055 seconds
[2026-07-29T15:38:04.602+0000] {processor.py:186} INFO - Started process (PID=1335) to work on /home/airflow/.local/lib/python3.12/site-packages/airflow/example_dags/example_params_trigger_ui.py
[2026-07-29T15:38:04.604+0000] {processor.py:914} INFO - Processing file /home/airflow/.local/lib/python3.12/site-packages/airflow/example_dags/example_params_trigger_ui.py for tasks to queue
[2026-07-29T15:38:04.606+0000] {logging_mixin.py:190} INFO - [2026-07-29T15:38:04.605+0000] {dagbag.py:587} INFO - Filling up the DagBag from /home/airflow/.local/lib/python3.12/site-packages/airflow/example_dags/example_params_trigger_ui.py
[2026-07-29T15:38:04.611+0000] {processor.py:925} INFO - DAG(s) 'example_params_trigger_ui' retrieved from /home/airflow/.local/lib/python3.12/site-packages/airflow/example_dags/example_params_trigger_ui.py
[2026-07-29T15:38:04.633+0000] {logging_mixin.py:190} INFO - [2026-07-29T15:38:04.633+0000] {dag.py:3211} INFO - Sync 1 DAGs
[2026-07-29T15:38:04.642+0000] {logging_mixin.py:190} INFO - [2026-07-29T15:38:04.642+0000] {dag.py:4138} INFO - Setting next_dagrun for example_params_trigger_ui to None, run_after=None
[2026-07-29T15:38:04.648+0000] {processor.py:208} INFO - Processing /home/airflow/.local/lib/python3.12/site-packages/airflow/example_dags/example_params_trigger_ui.py took 0.048 seconds
[2026-07-29T15:38:35.288+0000] {processor.py:186} INFO - Started process (PID=1401) to work on /home/airflow/.local/lib/python3.12/site-packages/airflow/example_dags/example_params_trigger_ui.py
[2026-07-29T15:38:35.288+0000] {processor.py:914} INFO - Processing file /home/airflow/.local/lib/python3.12/site-packages/airflow/example_dags/example_params_trigger_ui.py for tasks to queue
[2026-07-29T15:38:35.289+0000] {logging_mixin.py:190} INFO - [2026-07-29T15:38:35.289+0000] {dagbag.py:587} INFO - Filling up the DagBag from /home/airflow/.local/lib/python3.12/site-packages/airflow/example_dags/example_params_trigger_ui.py
[2026-07-29T15:38:35.294+0000] {processor.py:925} INFO - DAG(s) 'example_params_trigger_ui' retrieved from /home/airflow/.local/lib/python3.12/site-packages/airflow/example_dags/example_params_trigger_ui.py
[2026-07-29T15:38:35.317+0000] {logging_mixin.py:190} INFO - [2026-07-29T15:38:35.317+0000] {dag.py:3211} INFO - Sync 1 DAGs
[2026-07-29T15:38:35.323+0000] {logging_mixin.py:190} INFO - [2026-07-29T15:38:35.323+0000] {dag.py:4138} INFO - Setting next_dagrun for example_params_trigger_ui to None, run_after=None
[2026-07-29T15:38:35.332+0000] {processor.py:208} INFO - Processing /home/airflow/.local/lib/python3.12/site-packages/airflow/example_dags/example_params_trigger_ui.py took 0.047 seconds
[2026-07-29T15:39:06.193+0000] {processor.py:186} INFO - Started process (PID=1467) to work on /home/airflow/.local/lib/python3.12/site-packages/airflow/example_dags/example_params_trigger_ui.py
[2026-07-29T15:39:06.194+0000] {processor.py:914} INFO - Processing file /home/airflow/.local/lib/python3.12/site-packages/airflow/example_dags/example_params_trigger_ui.py for tasks to queue
[2026-07-29T15:39:06.195+0000] {logging_mixin.py:190} INFO - [2026-07-29T15:39:06.195+0000] {dagbag.py:587} INFO - Filling up the DagBag from /home/airflow/.local/lib/python3.12/site-packages/airflow/example_dags/example_params_trigger_ui.py
[2026-07-29T15:39:06.200+0000] {processor.py:925} INFO - DAG(s) 'example_params_trigger_ui' retrieved from /home/airflow/.local/lib/python3.12/site-packages/airflow/example_dags/example_params_trigger_ui.py
[2026-07-29T15:39:06.215+0000] {logging_mixin.py:190} INFO - [2026-07-29T15:39:06.215+0000] {dag.py:3211} INFO - Sync 1 DAGs
[2026-07-29T15:39:06.220+0000] {logging_mixin.py:190} INFO - [2026-07-29T15:39:06.220+0000] {dag.py:4138} INFO - Setting next_dagrun for example_params_trigger_ui to None, run_after=None
[2026-07-29T15:39:06.226+0000] {processor.py:208} INFO - Processing /home/airflow/.local/lib/python3.12/site-packages/airflow/example_dags/example_params_trigger_ui.py took 0.035 seconds
[2026-07-29T15:39:37.129+0000] {processor.py:186} INFO - Started process (PID=1533) to work on /home/airflow/.local/lib/python3.12/site-packages/airflow/example_dags/example_params_trigger_ui.py
[2026-07-29T15:39:37.130+0000] {processor.py:914} INFO - Processing file /home/airflow/.local/lib/python3.12/site-packages/airflow/example_dags/example_params_trigger_ui.py for tasks to queue
[2026-07-29T15:39:37.132+0000] {logging_mixin.py:190} INFO - [2026-07-29T15:39:37.131+0000] {dagbag.py:587} INFO - Filling up the DagBag from /home/airflow/.local/lib/python3.12/site-packages/airflow/example_dags/example_params_trigger_ui.py
[2026-07-29T15:39:37.137+0000] {processor.py:925} INFO - DAG(s) 'example_params_trigger_ui' retrieved from /home/airflow/.local/lib/python3.12/site-packages/airflow/example_dags/example_params_trigger_ui.py
[2026-07-29T15:39:37.158+0000] {logging_mixin.py:190} INFO - [2026-07-29T15:39:37.158+0000] {dag.py:3211} INFO - Sync 1 DAGs
[2026-07-29T15:39:37.164+0000] {logging_mixin.py:190} INFO - [2026-07-29T15:39:37.164+0000] {dag.py:4138} INFO - Setting next_dagrun for example_params_trigger_ui to None, run_after=None
[2026-07-29T15:39:37.172+0000] {processor.py:208} INFO - Processing /home/airflow/.local/lib/python3.12/site-packages/airflow/example_dags/example_params_trigger_ui.py took 0.046 seconds
[2026-07-29T15:40:08.225+0000] {processor.py:186} INFO - Started process (PID=1599) to work on /home/airflow/.local/lib/python3.12/site-packages/airflow/example_dags/example_params_trigger_ui.py
[2026-07-29T15:40:08.226+0000] {processor.py:914} INFO - Processing file /home/airflow/.local/lib/python3.12/site-packages/airflow/example_dags/example_params_trigger_ui.py for tasks to queue
[2026-07-29T15:40:08.227+0000] {logging_mixin.py:190} INFO - [2026-07-29T15:40:08.227+0000] {dagbag.py:587} INFO - Filling up the DagBag from /home/airflow/.local/lib/python3.12/site-packages/airflow/example_dags/example_params_trigger_ui.py
[2026-07-29T15:40:08.232+0000] {processor.py:925} INFO - DAG(s) 'example_params_trigger_ui' retrieved from /home/airflow/.local/lib/python3.12/site-packages/airflow/example_dags/example_params_trigger_ui.py
[2026-07-29T15:40:08.252+0000] {logging_mixin.py:190} INFO - [2026-07-29T15:40:08.251+0000] {dag.py:3211} INFO - Sync 1 DAGs
[2026-07-29T15:40:08.258+0000] {logging_mixin.py:190} INFO - [2026-07-29T15:40:08.258+0000] {dag.py:4138} INFO - Setting next_dagrun for example_params_trigger_ui to None, run_after=None
[2026-07-29T15:40:08.269+0000] {processor.py:208} INFO - Processing /home/airflow/.local/lib/python3.12/site-packages/airflow/example_dags/example_params_trigger_ui.py took 0.047 seconds
[2026-07-29T15:40:39.211+0000] {processor.py:186} INFO - Started process (PID=1665) to work on /home/airflow/.local/lib/python3.12/site-packages/airflow/example_dags/example_params_trigger_ui.py
[2026-07-29T15:40:39.212+0000] {processor.py:914} INFO - Processing file /home/airflow/.local/lib/python3.12/site-packages/airflow/example_dags/example_params_trigger_ui.py for tasks to queue
[2026-07-29T15:40:39.213+0000] {logging_mixin.py:190} INFO - [2026-07-29T15:40:39.213+0000] {dagbag.py:587} INFO - Filling up the DagBag from /home/airflow/.local/lib/python3.12/site-packages/airflow/example_dags/example_params_trigger_ui.py
[2026-07-29T15:40:39.218+0000] {processor.py:925} INFO - DAG(s) 'example_params_trigger_ui' retrieved from /home/airflow/.local/lib/python3.12/site-packages/airflow/example_dags/example_params_trigger_ui.py
[2026-07-29T15:40:39.233+0000] {logging_mixin.py:190} INFO - [2026-07-29T15:40:39.233+0000] {dag.py:3211} INFO - Sync 1 DAGs
[2026-07-29T15:40:39.242+0000] {logging_mixin.py:190} INFO - [2026-07-29T15:40:39.242+0000] {dag.py:4138} INFO - Setting next_dagrun for example_params_trigger_ui to None, run_after=None
[2026-07-29T15:40:39.254+0000] {processor.py:208} INFO - Processing /home/airflow/.local/lib/python3.12/site-packages/airflow/example_dags/example_params_trigger_ui.py took 0.046 seconds
[2026-07-29T15:41:10.144+0000] {processor.py:186} INFO - Started process (PID=1731) to work on /home/airflow/.local/lib/python3.12/site-packages/airflow/example_dags/example_params_trigger_ui.py
[2026-07-29T15:41:10.146+0000] {processor.py:914} INFO - Processing file /home/airflow/.local/lib/python3.12/site-packages/airflow/example_dags/example_params_trigger_ui.py for tasks to queue
[2026-07-29T15:41:10.147+0000] {logging_mixin.py:190} INFO - [2026-07-29T15:41:10.147+0000] {dagbag.py:587} INFO - Filling up the DagBag from /home/airflow/.local/lib/python3.12/site-packages/airflow/example_dags/example_params_trigger_ui.py
[2026-07-29T15:41:10.151+0000] {processor.py:925} INFO - DAG(s) 'example_params_trigger_ui' retrieved from /home/airflow/.local/lib/python3.12/site-packages/airflow/example_dags/example_params_trigger_ui.py
[2026-07-29T15:41:10.173+0000] {logging_mixin.py:190} INFO - [2026-07-29T15:41:10.172+0000] {dag.py:3211} INFO - Sync 1 DAGs
[2026-07-29T15:41:10.178+0000] {logging_mixin.py:190} INFO - [2026-07-29T15:41:10.178+0000] {dag.py:4138} INFO - Setting next_dagrun for example_params_trigger_ui to None, run_after=None
[2026-07-29T15:41:10.188+0000] {processor.py:208} INFO - Processing /home/airflow/.local/lib/python3.12/site-packages/airflow/example_dags/example_params_trigger_ui.py took 0.047 seconds
[2026-07-29T15:41:41.129+0000] {processor.py:186} INFO - Started process (PID=1797) to work on /home/airflow/.local/lib/python3.12/site-packages/airflow/example_dags/example_params_trigger_ui.py
[2026-07-29T15:41:41.129+0000] {processor.py:914} INFO - Processing file /home/airflow/.local/lib/python3.12/site-packages/airflow/example_dags/example_params_trigger_ui.py for tasks to queue
[2026-07-29T15:41:41.130+0000] {logging_mixin.py:190} INFO - [2026-07-29T15:41:41.130+0000] {dagbag.py:587} INFO - Filling up the DagBag from /home/airflow/.local/lib/python3.12/site-packages/airflow/example_dags/example_params_trigger_ui.py
[2026-07-29T15:41:41.135+0000] {processor.py:925} INFO - DAG(s) 'example_params_trigger_ui' retrieved from /home/airflow/.local/lib/python3.12/site-packages/airflow/example_dags/example_params_trigger_ui.py
[2026-07-29T15:41:41.150+0000] {logging_mixin.py:190} INFO - [2026-07-29T15:41:41.150+0000] {dag.py:3211} INFO - Sync 1 DAGs
[2026-07-29T15:41:41.156+0000] {logging_mixin.py:190} INFO - [2026-07-29T15:41:41.156+0000] {dag.py:4138} INFO - Setting next_dagrun for example_params_trigger_ui to None, run_after=None
[2026-07-29T15:41:41.171+0000] {processor.py:208} INFO - Processing /home/airflow/.local/lib/python3.12/site-packages/airflow/example_dags/example_params_trigger_ui.py took 0.045 seconds
[2026-07-29T15:42:12.102+0000] {processor.py:186} INFO - Started process (PID=1863) to work on /home/airflow/.local/lib/python3.12/site-packages/airflow/example_dags/example_params_trigger_ui.py
[2026-07-29T15:42:12.103+0000] {processor.py:914} INFO - Processing file /home/airflow/.local/lib/python3.12/site-packages/airflow/example_dags/example_params_trigger_ui.py for tasks to queue
[2026-07-29T15:42:12.104+0000] {logging_mixin.py:190} INFO - [2026-07-29T15:42:12.104+0000] {dagbag.py:587} INFO - Filling up the DagBag from /home/airflow/.local/lib/python3.12/site-packages/airflow/example_dags/example_params_trigger_ui.py
[2026-07-29T15:42:12.109+0000] {processor.py:925} INFO - DAG(s) 'example_params_trigger_ui' retrieved from /home/airflow/.local/lib/python3.12/site-packages/airflow/example_dags/example_params_trigger_ui.py
[2026-07-29T15:42:12.129+0000] {logging_mixin.py:190} INFO - [2026-07-29T15:42:12.128+0000] {dag.py:3211} INFO - Sync 1 DAGs
[2026-07-29T15:42:12.135+0000] {logging_mixin.py:190} INFO - [2026-07-29T15:42:12.134+0000] {dag.py:4138} INFO - Setting next_dagrun for example_params_trigger_ui to None, run_after=None
[2026-07-29T15:42:12.145+0000] {processor.py:208} INFO - Processing /home/airflow/.local/lib/python3.12/site-packages/airflow/example_dags/example_params_trigger_ui.py took 0.045 seconds
[2026-07-29T15:42:43.071+0000] {processor.py:186} INFO - Started process (PID=1929) to work on /home/airflow/.local/lib/python3.12/site-packages/airflow/example_dags/example_params_trigger_ui.py
[2026-07-29T15:42:43.072+0000] {processor.py:914} INFO - Processing file /home/airflow/.local/lib/python3.12/site-packages/airflow/example_dags/example_params_trigger_ui.py for tasks to queue
[2026-07-29T15:42:43.075+0000] {logging_mixin.py:190} INFO - [2026-07-29T15:42:43.075+0000] {dagbag.py:587} INFO - Filling up the DagBag from /home/airflow/.local/lib/python3.12/site-packages/airflow/example_dags/example_params_trigger_ui.py
[2026-07-29T15:42:43.082+0000] {processor.py:925} INFO - DAG(s) 'example_params_trigger_ui' retrieved from /home/airflow/.local/lib/python3.12/site-packages/airflow/example_dags/example_params_trigger_ui.py
[2026-07-29T15:42:43.103+0000] {logging_mixin.py:190} INFO - [2026-07-29T15:42:43.103+0000] {dag.py:3211} INFO - Sync 1 DAGs
[2026-07-29T15:42:43.108+0000] {logging_mixin.py:190} INFO - [2026-07-29T15:42:43.108+0000] {dag.py:4138} INFO - Setting next_dagrun for example_params_trigger_ui to None, run_after=None
[2026-07-29T15:42:43.117+0000] {processor.py:208} INFO - Processing /home/airflow/.local/lib/python3.12/site-packages/airflow/example_dags/example_params_trigger_ui.py took 0.049 seconds
[2026-07-29T15:43:14.038+0000] {processor.py:186} INFO - Started process (PID=1995) to work on /home/airflow/.local/lib/python3.12/site-packages/airflow/example_dags/example_params_trigger_ui.py
[2026-07-29T15:43:14.039+0000] {processor.py:914} INFO - Processing file /home/airflow/.local/lib/python3.12/site-packages/airflow/example_dags/example_params_trigger_ui.py for tasks to queue
[2026-07-29T15:43:14.040+0000] {logging_mixin.py:190} INFO - [2026-07-29T15:43:14.040+0000] {dagbag.py:587} INFO - Filling up the DagBag from /home/airflow/.local/lib/python3.12/site-packages/airflow/example_dags/example_params_trigger_ui.py
[2026-07-29T15:43:14.045+0000] {processor.py:925} INFO - DAG(s) 'example_params_trigger_ui' retrieved from /home/airflow/.local/lib/python3.12/site-packages/airflow/example_dags/example_params_trigger_ui.py
[2026-07-29T15:43:14.064+0000] {logging_mixin.py:190} INFO - [2026-07-29T15:43:14.064+0000] {dag.py:3211} INFO - Sync 1 DAGs
[2026-07-29T15:43:14.071+0000] {logging_mixin.py:190} INFO - [2026-07-29T15:43:14.071+0000] {dag.py:4138} INFO - Setting next_dagrun for example_params_trigger_ui to None, run_after=None
[2026-07-29T15:43:14.079+0000] {processor.py:208} INFO - Processing /home/airflow/.local/lib/python3.12/site-packages/airflow/example_dags/example_params_trigger_ui.py took 0.043 seconds
[2026-07-29T15:43:44.591+0000] {processor.py:186} INFO - Started process (PID=2061) to work on /home/airflow/.local/lib/python3.12/site-packages/airflow/example_dags/example_params_trigger_ui.py
[2026-07-29T15:43:44.591+0000] {processor.py:914} INFO - Processing file /home/airflow/.local/lib/python3.12/site-packages/airflow/example_dags/example_params_trigger_ui.py for tasks to queue
[2026-07-29T15:43:44.592+0000] {logging_mixin.py:190} INFO - [2026-07-29T15:43:44.592+0000] {dagbag.py:587} INFO - Filling up the DagBag from /home/airflow/.local/lib/python3.12/site-packages/airflow/example_dags/example_params_trigger_ui.py
[2026-07-29T15:43:44.598+0000] {processor.py:925} INFO - DAG(s) 'example_params_trigger_ui' retrieved from /home/airflow/.local/lib/python3.12/site-packages/airflow/example_dags/example_params_trigger_ui.py
[2026-07-29T15:43:44.616+0000] {logging_mixin.py:190} INFO - [2026-07-29T15:43:44.616+0000] {dag.py:3211} INFO - Sync 1 DAGs
[2026-07-29T15:43:44.623+0000] {logging_mixin.py:190} INFO - [2026-07-29T15:43:44.623+0000] {dag.py:4138} INFO - Setting next_dagrun for example_params_trigger_ui to None, run_after=None
[2026-07-29T15:43:44.634+0000] {processor.py:208} INFO - Processing /home/airflow/.local/lib/python3.12/site-packages/airflow/example_dags/example_params_trigger_ui.py took 0.046 seconds
[2026-07-29T15:58:52.897+0000] {processor.py:186} INFO - Started process (PID=2121) to work on /home/airflow/.local/lib/python3.12/site-packages/airflow/example_dags/example_params_trigger_ui.py
[2026-07-29T15:58:52.898+0000] {processor.py:914} INFO - Processing file /home/airflow/.local/lib/python3.12/site-packages/airflow/example_dags/example_params_trigger_ui.py for tasks to queue
[2026-07-29T15:58:52.899+0000] {logging_mixin.py:190} INFO - [2026-07-29T15:58:52.899+0000] {dagbag.py:587} INFO - Filling up the DagBag from /home/airflow/.local/lib/python3.12/site-packages/airflow/example_dags/example_params_trigger_ui.py
[2026-07-29T15:58:52.906+0000] {processor.py:925} INFO - DAG(s) 'example_params_trigger_ui' retrieved from /home/airflow/.local/lib/python3.12/site-packages/airflow/example_dags/example_params_trigger_ui.py
[2026-07-29T15:58:52.929+0000] {logging_mixin.py:190} INFO - [2026-07-29T15:58:52.929+0000] {dag.py:3211} INFO - Sync 1 DAGs
[2026-07-29T15:58:52.935+0000] {logging_mixin.py:190} INFO - [2026-07-29T15:58:52.935+0000] {dag.py:4138} INFO - Setting next_dagrun for example_params_trigger_ui to None, run_after=None
[2026-07-29T15:58:52.943+0000] {processor.py:208} INFO - Processing /home/airflow/.local/lib/python3.12/site-packages/airflow/example_dags/example_params_trigger_ui.py took 0.049 seconds
[2026-07-29T15:59:23.023+0000] {processor.py:186} INFO - Started process (PID=2187) to work on /home/airflow/.local/lib/python3.12/site-packages/airflow/example_dags/example_params_trigger_ui.py
[2026-07-29T15:59:23.024+0000] {processor.py:914} INFO - Processing file /home/airflow/.local/lib/python3.12/site-packages/airflow/example_dags/example_params_trigger_ui.py for tasks to queue
[2026-07-29T15:59:23.025+0000] {logging_mixin.py:190} INFO - [2026-07-29T15:59:23.025+0000] {dagbag.py:587} INFO - Filling up the DagBag from /home/airflow/.local/lib/python3.12/site-packages/airflow/example_dags/example_params_trigger_ui.py
[2026-07-29T15:59:23.030+0000] {processor.py:925} INFO - DAG(s) 'example_params_trigger_ui' retrieved from /home/airflow/.local/lib/python3.12/site-packages/airflow/example_dags/example_params_trigger_ui.py
[2026-07-29T15:59:23.049+0000] {logging_mixin.py:190} INFO - [2026-07-29T15:59:23.049+0000] {dag.py:3211} INFO - Sync 1 DAGs
[2026-07-29T15:59:23.055+0000] {logging_mixin.py:190} INFO - [2026-07-29T15:59:23.055+0000] {dag.py:4138} INFO - Setting next_dagrun for example_params_trigger_ui to None, run_after=None
[2026-07-29T15:59:23.063+0000] {processor.py:208} INFO - Processing /home/airflow/.local/lib/python3.12/site-packages/airflow/example_dags/example_params_trigger_ui.py took 0.043 seconds
[2026-07-29T15:59:54.000+0000] {processor.py:186} INFO - Started process (PID=2253) to work on /home/airflow/.local/lib/python3.12/site-packages/airflow/example_dags/example_params_trigger_ui.py
[2026-07-29T15:59:54.002+0000] {processor.py:914} INFO - Processing file /home/airflow/.local/lib/python3.12/site-packages/airflow/example_dags/example_params_trigger_ui.py for tasks to queue
[2026-07-29T15:59:54.004+0000] {logging_mixin.py:190} INFO - [2026-07-29T15:59:54.004+0000] {dagbag.py:587} INFO - Filling up the DagBag from /home/airflow/.local/lib/python3.12/site-packages/airflow/example_dags/example_params_trigger_ui.py
[2026-07-29T15:59:54.010+0000] {processor.py:925} INFO - DAG(s) 'example_params_trigger_ui' retrieved from /home/airflow/.local/lib/python3.12/site-packages/airflow/example_dags/example_params_trigger_ui.py
[2026-07-29T15:59:54.034+0000] {logging_mixin.py:190} INFO - [2026-07-29T15:59:54.034+0000] {dag.py:3211} INFO - Sync 1 DAGs
[2026-07-29T15:59:54.044+0000] {logging_mixin.py:190} INFO - [2026-07-29T15:59:54.044+0000] {dag.py:4138} INFO - Setting next_dagrun for example_params_trigger_ui to None, run_after=None
[2026-07-29T15:59:54.050+0000] {processor.py:208} INFO - Processing /home/airflow/.local/lib/python3.12/site-packages/airflow/example_dags/example_params_trigger_ui.py took 0.052 seconds
[2026-07-29T16:00:24.985+0000] {processor.py:186} INFO - Started process (PID=2319) to work on /home/airflow/.local/lib/python3.12/site-packages/airflow/example_dags/example_params_trigger_ui.py
[2026-07-29T16:00:24.986+0000] {processor.py:914} INFO - Processing file /home/airflow/.local/lib/python3.12/site-packages/airflow/example_dags/example_params_trigger_ui.py for tasks to queue
[2026-07-29T16:00:24.988+0000] {logging_mixin.py:190} INFO - [2026-07-29T16:00:24.988+0000] {dagbag.py:587} INFO - Filling up the DagBag from /home/airflow/.local/lib/python3.12/site-packages/airflow/example_dags/example_params_trigger_ui.py
[2026-07-29T16:00:24.994+0000] {processor.py:925} INFO - DAG(s) 'example_params_trigger_ui' retrieved from /home/airflow/.local/lib/python3.12/site-packages/airflow/example_dags/example_params_trigger_ui.py
[2026-07-29T16:00:25.012+0000] {logging_mixin.py:190} INFO - [2026-07-29T16:00:25.012+0000] {dag.py:3211} INFO - Sync 1 DAGs
[2026-07-29T16:00:25.019+0000] {logging_mixin.py:190} INFO - [2026-07-29T16:00:25.019+0000] {dag.py:4138} INFO - Setting next_dagrun for example_params_trigger_ui to None, run_after=None
[2026-07-29T16:00:25.029+0000] {processor.py:208} INFO - Processing /home/airflow/.local/lib/python3.12/site-packages/airflow/example_dags/example_params_trigger_ui.py took 0.046 seconds
[2026-07-29T16:00:55.051+0000] {processor.py:186} INFO - Started process (PID=2385) to work on /home/airflow/.local/lib/python3.12/site-packages/airflow/example_dags/example_params_trigger_ui.py
[2026-07-29T16:00:55.052+0000] {processor.py:914} INFO - Processing file /home/airflow/.local/lib/python3.12/site-packages/airflow/example_dags/example_params_trigger_ui.py for tasks to queue
[2026-07-29T16:00:55.053+0000] {logging_mixin.py:190} INFO - [2026-07-29T16:00:55.053+0000] {dagbag.py:587} INFO - Filling up the DagBag from /home/airflow/.local/lib/python3.12/site-packages/airflow/example_dags/example_params_trigger_ui.py
[2026-07-29T16:00:55.059+0000] {processor.py:925} INFO - DAG(s) 'example_params_trigger_ui' retrieved from /home/airflow/.local/lib/python3.12/site-packages/airflow/example_dags/example_params_trigger_ui.py
[2026-07-29T16:00:55.075+0000] {logging_mixin.py:190} INFO - [2026-07-29T16:00:55.075+0000] {dag.py:3211} INFO - Sync 1 DAGs
[2026-07-29T16:00:55.082+0000] {logging_mixin.py:190} INFO - [2026-07-29T16:00:55.082+0000] {dag.py:4138} INFO - Setting next_dagrun for example_params_trigger_ui to None, run_after=None
[2026-07-29T16:00:55.094+0000] {processor.py:208} INFO - Processing /home/airflow/.local/lib/python3.12/site-packages/airflow/example_dags/example_params_trigger_ui.py took 0.045 seconds
[2026-07-29T16:01:25.998+0000] {processor.py:186} INFO - Started process (PID=2451) to work on /home/airflow/.local/lib/python3.12/site-packages/airflow/example_dags/example_params_trigger_ui.py
[2026-07-29T16:01:26.000+0000] {processor.py:914} INFO - Processing file /home/airflow/.local/lib/python3.12/site-packages/airflow/example_dags/example_params_trigger_ui.py for tasks to queue
[2026-07-29T16:01:26.001+0000] {logging_mixin.py:190} INFO - [2026-07-29T16:01:26.001+0000] {dagbag.py:587} INFO - Filling up the DagBag from /home/airflow/.local/lib/python3.12/site-packages/airflow/example_dags/example_params_trigger_ui.py
[2026-07-29T16:01:26.007+0000] {processor.py:925} INFO - DAG(s) 'example_params_trigger_ui' retrieved from /home/airflow/.local/lib/python3.12/site-packages/airflow/example_dags/example_params_trigger_ui.py
[2026-07-29T16:01:26.022+0000] {logging_mixin.py:190} INFO - [2026-07-29T16:01:26.022+0000] {dag.py:3211} INFO - Sync 1 DAGs
[2026-07-29T16:01:26.027+0000] {logging_mixin.py:190} INFO - [2026-07-29T16:01:26.027+0000] {dag.py:4138} INFO - Setting next_dagrun for example_params_trigger_ui to None, run_after=None
[2026-07-29T16:01:26.034+0000] {processor.py:208} INFO - Processing /home/airflow/.local/lib/python3.12/site-packages/airflow/example_dags/example_params_trigger_ui.py took 0.038 seconds
[2026-07-29T16:01:56.967+0000] {processor.py:186} INFO - Started process (PID=2517) to work on /home/airflow/.local/lib/python3.12/site-packages/airflow/example_dags/example_params_trigger_ui.py
[2026-07-29T16:01:56.968+0000] {processor.py:914} INFO - Processing file /home/airflow/.local/lib/python3.12/site-packages/airflow/example_dags/example_params_trigger_ui.py for tasks to queue
[2026-07-29T16:01:56.969+0000] {logging_mixin.py:190} INFO - [2026-07-29T16:01:56.969+0000] {dagbag.py:587} INFO - Filling up the DagBag from /home/airflow/.local/lib/python3.12/site-packages/airflow/example_dags/example_params_trigger_ui.py
[2026-07-29T16:01:56.975+0000] {processor.py:925} INFO - DAG(s) 'example_params_trigger_ui' retrieved from /home/airflow/.local/lib/python3.12/site-packages/airflow/example_dags/example_params_trigger_ui.py
[2026-07-29T16:01:56.996+0000] {logging_mixin.py:190} INFO - [2026-07-29T16:01:56.996+0000] {dag.py:3211} INFO - Sync 1 DAGs
[2026-07-29T16:01:57.002+0000] {logging_mixin.py:190} INFO - [2026-07-29T16:01:57.002+0000] {dag.py:4138} INFO - Setting next_dagrun for example_params_trigger_ui to None, run_after=None
[2026-07-29T16:01:57.012+0000] {processor.py:208} INFO - Processing /home/airflow/.local/lib/python3.12/site-packages/airflow/example_dags/example_params_trigger_ui.py took 0.047 seconds
[2026-07-29T16:02:27.938+0000] {processor.py:186} INFO - Started process (PID=2583) to work on /home/airflow/.local/lib/python3.12/site-packages/airflow/example_dags/example_params_trigger_ui.py
[2026-07-29T16:02:27.940+0000] {processor.py:914} INFO - Processing file /home/airflow/.local/lib/python3.12/site-packages/airflow/example_dags/example_params_trigger_ui.py for tasks to queue
[2026-07-29T16:02:27.941+0000] {logging_mixin.py:190} INFO - [2026-07-29T16:02:27.941+0000] {dagbag.py:587} INFO - Filling up the DagBag from /home/airflow/.local/lib/python3.12/site-packages/airflow/example_dags/example_params_trigger_ui.py
[2026-07-29T16:02:27.947+0000] {processor.py:925} INFO - DAG(s) 'example_params_trigger_ui' retrieved from /home/airflow/.local/lib/python3.12/site-packages/airflow/example_dags/example_params_trigger_ui.py
[2026-07-29T16:02:27.966+0000] {logging_mixin.py:190} INFO - [2026-07-29T16:02:27.966+0000] {dag.py:3211} INFO - Sync 1 DAGs
[2026-07-29T16:02:27.972+0000] {logging_mixin.py:190} INFO - [2026-07-29T16:02:27.972+0000] {dag.py:4138} INFO - Setting next_dagrun for example_params_trigger_ui to None, run_after=None
[2026-07-29T16:02:27.978+0000] {processor.py:208} INFO - Processing /home/airflow/.local/lib/python3.12/site-packages/airflow/example_dags/example_params_trigger_ui.py took 0.043 seconds
[2026-07-29T16:02:58.902+0000] {processor.py:186} INFO - Started process (PID=2649) to work on /home/airflow/.local/lib/python3.12/site-packages/airflow/example_dags/example_params_trigger_ui.py
[2026-07-29T16:02:58.903+0000] {processor.py:914} INFO - Processing file /home/airflow/.local/lib/python3.12/site-packages/airflow/example_dags/example_params_trigger_ui.py for tasks to queue
[2026-07-29T16:02:58.904+0000] {logging_mixin.py:190} INFO - [2026-07-29T16:02:58.904+0000] {dagbag.py:587} INFO - Filling up the DagBag from /home/airflow/.local/lib/python3.12/site-packages/airflow/example_dags/example_params_trigger_ui.py
[2026-07-29T16:02:58.909+0000] {processor.py:925} INFO - DAG(s) 'example_params_trigger_ui' retrieved from /home/airflow/.local/lib/python3.12/site-packages/airflow/example_dags/example_params_trigger_ui.py
[2026-07-29T16:02:58.928+0000] {logging_mixin.py:190} INFO - [2026-07-29T16:02:58.928+0000] {dag.py:3211} INFO - Sync 1 DAGs
[2026-07-29T16:02:58.934+0000] {logging_mixin.py:190} INFO - [2026-07-29T16:02:58.934+0000] {dag.py:4138} INFO - Setting next_dagrun for example_params_trigger_ui to None, run_after=None
[2026-07-29T16:02:58.943+0000] {processor.py:208} INFO - Processing /home/airflow/.local/lib/python3.12/site-packages/airflow/example_dags/example_params_trigger_ui.py took 0.044 seconds
[2026-07-29T16:03:29.893+0000] {processor.py:186} INFO - Started process (PID=2715) to work on /home/airflow/.local/lib/python3.12/site-packages/airflow/example_dags/example_params_trigger_ui.py
[2026-07-29T16:03:29.893+0000] {processor.py:914} INFO - Processing file /home/airflow/.local/lib/python3.12/site-packages/airflow/example_dags/example_params_trigger_ui.py for tasks to queue
[2026-07-29T16:03:29.894+0000] {logging_mixin.py:190} INFO - [2026-07-29T16:03:29.894+0000] {dagbag.py:587} INFO - Filling up the DagBag from /home/airflow/.local/lib/python3.12/site-packages/airflow/example_dags/example_params_trigger_ui.py
[2026-07-29T16:03:29.900+0000] {processor.py:925} INFO - DAG(s) 'example_params_trigger_ui' retrieved from /home/airflow/.local/lib/python3.12/site-packages/airflow/example_dags/example_params_trigger_ui.py
[2026-07-29T16:03:29.913+0000] {logging_mixin.py:190} INFO - [2026-07-29T16:03:29.913+0000] {dag.py:3211} INFO - Sync 1 DAGs
[2026-07-29T16:03:29.918+0000] {logging_mixin.py:190} INFO - [2026-07-29T16:03:29.918+0000] {dag.py:4138} INFO - Setting next_dagrun for example_params_trigger_ui to None, run_after=None
[2026-07-29T16:03:29.924+0000] {processor.py:208} INFO - Processing /home/airflow/.local/lib/python3.12/site-packages/airflow/example_dags/example_params_trigger_ui.py took 0.033 seconds
[2026-07-29T16:04:00.455+0000] {processor.py:186} INFO - Started process (PID=2781) to work on /home/airflow/.local/lib/python3.12/site-packages/airflow/example_dags/example_params_trigger_ui.py
[2026-07-29T16:04:00.455+0000] {processor.py:914} INFO - Processing file /home/airflow/.local/lib/python3.12/site-packages/airflow/example_dags/example_params_trigger_ui.py for tasks to queue
[2026-07-29T16:04:00.457+0000] {logging_mixin.py:190} INFO - [2026-07-29T16:04:00.457+0000] {dagbag.py:587} INFO - Filling up the DagBag from /home/airflow/.local/lib/python3.12/site-packages/airflow/example_dags/example_params_trigger_ui.py
[2026-07-29T16:04:00.462+0000] {processor.py:925} INFO - DAG(s) 'example_params_trigger_ui' retrieved from /home/airflow/.local/lib/python3.12/site-packages/airflow/example_dags/example_params_trigger_ui.py
[2026-07-29T16:04:00.479+0000] {logging_mixin.py:190} INFO - [2026-07-29T16:04:00.479+0000] {dag.py:3211} INFO - Sync 1 DAGs
[2026-07-29T16:04:00.486+0000] {logging_mixin.py:190} INFO - [2026-07-29T16:04:00.486+0000] {dag.py:4138} INFO - Setting next_dagrun for example_params_trigger_ui to None, run_after=None
[2026-07-29T16:04:00.501+0000] {processor.py:208} INFO - Processing /home/airflow/.local/lib/python3.12/site-packages/airflow/example_dags/example_params_trigger_ui.py took 0.049 seconds
[2026-07-29T16:04:46.852+0000] {processor.py:186} INFO - Started process (PID=2841) to work on /home/airflow/.local/lib/python3.12/site-packages/airflow/example_dags/example_params_trigger_ui.py
[2026-07-29T16:04:46.854+0000] {processor.py:914} INFO - Processing file /home/airflow/.local/lib/python3.12/site-packages/airflow/example_dags/example_params_trigger_ui.py for tasks to queue
[2026-07-29T16:04:46.855+0000] {logging_mixin.py:190} INFO - [2026-07-29T16:04:46.855+0000] {dagbag.py:587} INFO - Filling up the DagBag from /home/airflow/.local/lib/python3.12/site-packages/airflow/example_dags/example_params_trigger_ui.py
[2026-07-29T16:04:46.860+0000] {processor.py:925} INFO - DAG(s) 'example_params_trigger_ui' retrieved from /home/airflow/.local/lib/python3.12/site-packages/airflow/example_dags/example_params_trigger_ui.py
[2026-07-29T16:04:46.876+0000] {logging_mixin.py:190} INFO - [2026-07-29T16:04:46.875+0000] {dag.py:3211} INFO - Sync 1 DAGs
[2026-07-29T16:04:46.881+0000] {logging_mixin.py:190} INFO - [2026-07-29T16:04:46.881+0000] {dag.py:4138} INFO - Setting next_dagrun for example_params_trigger_ui to None, run_after=None
[2026-07-29T16:04:46.889+0000] {processor.py:208} INFO - Processing /home/airflow/.local/lib/python3.12/site-packages/airflow/example_dags/example_params_trigger_ui.py took 0.039 seconds
[2026-07-29T16:05:17.874+0000] {processor.py:186} INFO - Started process (PID=2907) to work on /home/airflow/.local/lib/python3.12/site-packages/airflow/example_dags/example_params_trigger_ui.py
[2026-07-29T16:05:17.874+0000] {processor.py:914} INFO - Processing file /home/airflow/.local/lib/python3.12/site-packages/airflow/example_dags/example_params_trigger_ui.py for tasks to queue
[2026-07-29T16:05:17.876+0000] {logging_mixin.py:190} INFO - [2026-07-29T16:05:17.876+0000] {dagbag.py:587} INFO - Filling up the DagBag from /home/airflow/.local/lib/python3.12/site-packages/airflow/example_dags/example_params_trigger_ui.py
[2026-07-29T16:05:17.881+0000] {processor.py:925} INFO - DAG(s) 'example_params_trigger_ui' retrieved from /home/airflow/.local/lib/python3.12/site-packages/airflow/example_dags/example_params_trigger_ui.py
[2026-07-29T16:05:17.905+0000] {logging_mixin.py:190} INFO - [2026-07-29T16:05:17.905+0000] {dag.py:3211} INFO - Sync 1 DAGs
[2026-07-29T16:05:17.912+0000] {logging_mixin.py:190} INFO - [2026-07-29T16:05:17.912+0000] {dag.py:4138} INFO - Setting next_dagrun for example_params_trigger_ui to None, run_after=None
[2026-07-29T16:05:17.918+0000] {processor.py:208} INFO - Processing /home/airflow/.local/lib/python3.12/site-packages/airflow/example_dags/example_params_trigger_ui.py took 0.047 seconds
[2026-07-29T16:06:01.618+0000] {processor.py:186} INFO - Started process (PID=2973) to work on /home/airflow/.local/lib/python3.12/site-packages/airflow/example_dags/example_params_trigger_ui.py
[2026-07-29T16:06:01.618+0000] {processor.py:914} INFO - Processing file /home/airflow/.local/lib/python3.12/site-packages/airflow/example_dags/example_params_trigger_ui.py for tasks to queue
[2026-07-29T16:06:01.619+0000] {logging_mixin.py:190} INFO - [2026-07-29T16:06:01.619+0000] {dagbag.py:587} INFO - Filling up the DagBag from /home/airflow/.local/lib/python3.12/site-packages/airflow/example_dags/example_params_trigger_ui.py
[2026-07-29T16:06:01.624+0000] {processor.py:925} INFO - DAG(s) 'example_params_trigger_ui' retrieved from /home/airflow/.local/lib/python3.12/site-packages/airflow/example_dags/example_params_trigger_ui.py
[2026-07-29T16:06:01.638+0000] {logging_mixin.py:190} INFO - [2026-07-29T16:06:01.638+0000] {dag.py:3211} INFO - Sync 1 DAGs
[2026-07-29T16:06:01.644+0000] {logging_mixin.py:190} INFO - [2026-07-29T16:06:01.643+0000] {dag.py:4138} INFO - Setting next_dagrun for example_params_trigger_ui to None, run_after=None
[2026-07-29T16:06:01.651+0000] {processor.py:208} INFO - Processing /home/airflow/.local/lib/python3.12/site-packages/airflow/example_dags/example_params_trigger_ui.py took 0.035 seconds
[2026-07-29T16:06:32.626+0000] {processor.py:186} INFO - Started process (PID=3039) to work on /home/airflow/.local/lib/python3.12/site-packages/airflow/example_dags/example_params_trigger_ui.py
[2026-07-29T16:06:32.627+0000] {processor.py:914} INFO - Processing file /home/airflow/.local/lib/python3.12/site-packages/airflow/example_dags/example_params_trigger_ui.py for tasks to queue
[2026-07-29T16:06:32.629+0000] {logging_mixin.py:190} INFO - [2026-07-29T16:06:32.629+0000] {dagbag.py:587} INFO - Filling up the DagBag from /home/airflow/.local/lib/python3.12/site-packages/airflow/example_dags/example_params_trigger_ui.py
[2026-07-29T16:06:32.635+0000] {processor.py:925} INFO - DAG(s) 'example_params_trigger_ui' retrieved from /home/airflow/.local/lib/python3.12/site-packages/airflow/example_dags/example_params_trigger_ui.py
[2026-07-29T16:06:32.655+0000] {logging_mixin.py:190} INFO - [2026-07-29T16:06:32.654+0000] {dag.py:3211} INFO - Sync 1 DAGs
[2026-07-29T16:06:32.662+0000] {logging_mixin.py:190} INFO - [2026-07-29T16:06:32.662+0000] {dag.py:4138} INFO - Setting next_dagrun for example_params_trigger_ui to None, run_after=None
[2026-07-29T16:06:32.671+0000] {processor.py:208} INFO - Processing /home/airflow/.local/lib/python3.12/site-packages/airflow/example_dags/example_params_trigger_ui.py took 0.048 seconds
[2026-07-29T16:13:48.259+0000] {processor.py:186} INFO - Started process (PID=3111) to work on /home/airflow/.local/lib/python3.12/site-packages/airflow/example_dags/example_params_trigger_ui.py
[2026-07-29T16:13:48.263+0000] {processor.py:914} INFO - Processing file /home/airflow/.local/lib/python3.12/site-packages/airflow/example_dags/example_params_trigger_ui.py for tasks to queue
[2026-07-29T16:13:48.267+0000] {logging_mixin.py:190} INFO - [2026-07-29T16:13:48.267+0000] {dagbag.py:587} INFO - Filling up the DagBag from /home/airflow/.local/lib/python3.12/site-packages/airflow/example_dags/example_params_trigger_ui.py
[2026-07-29T16:13:48.272+0000] {processor.py:925} INFO - DAG(s) 'example_params_trigger_ui' retrieved from /home/airflow/.local/lib/python3.12/site-packages/airflow/example_dags/example_params_trigger_ui.py
[2026-07-29T16:13:48.292+0000] {logging_mixin.py:190} INFO - [2026-07-29T16:13:48.292+0000] {dag.py:3211} INFO - Sync 1 DAGs
[2026-07-29T16:13:48.299+0000] {logging_mixin.py:190} INFO - [2026-07-29T16:13:48.298+0000] {dag.py:4138} INFO - Setting next_dagrun for example_params_trigger_ui to None, run_after=None
[2026-07-29T16:13:48.305+0000] {processor.py:208} INFO - Processing /home/airflow/.local/lib/python3.12/site-packages/airflow/example_dags/example_params_trigger_ui.py took 0.049 seconds
[2026-07-29T16:14:19.144+0000] {processor.py:186} INFO - Started process (PID=3177) to work on /home/airflow/.local/lib/python3.12/site-packages/airflow/example_dags/example_params_trigger_ui.py
[2026-07-29T16:14:19.144+0000] {processor.py:914} INFO - Processing file /home/airflow/.local/lib/python3.12/site-packages/airflow/example_dags/example_params_trigger_ui.py for tasks to queue
[2026-07-29T16:14:19.145+0000] {logging_mixin.py:190} INFO - [2026-07-29T16:14:19.145+0000] {dagbag.py:587} INFO - Filling up the DagBag from /home/airflow/.local/lib/python3.12/site-packages/airflow/example_dags/example_params_trigger_ui.py
[2026-07-29T16:14:19.149+0000] {processor.py:925} INFO - DAG(s) 'example_params_trigger_ui' retrieved from /home/airflow/.local/lib/python3.12/site-packages/airflow/example_dags/example_params_trigger_ui.py
[2026-07-29T16:14:19.163+0000] {logging_mixin.py:190} INFO - [2026-07-29T16:14:19.163+0000] {dag.py:3211} INFO - Sync 1 DAGs
[2026-07-29T16:14:19.167+0000] {logging_mixin.py:190} INFO - [2026-07-29T16:14:19.167+0000] {dag.py:4138} INFO - Setting next_dagrun for example_params_trigger_ui to None, run_after=None
[2026-07-29T16:14:19.173+0000] {processor.py:208} INFO - Processing /home/airflow/.local/lib/python3.12/site-packages/airflow/example_dags/example_params_trigger_ui.py took 0.031 seconds
[2026-07-29T16:14:50.101+0000] {processor.py:186} INFO - Started process (PID=3243) to work on /home/airflow/.local/lib/python3.12/site-packages/airflow/example_dags/example_params_trigger_ui.py
[2026-07-29T16:14:50.102+0000] {processor.py:914} INFO - Processing file /home/airflow/.local/lib/python3.12/site-packages/airflow/example_dags/example_params_trigger_ui.py for tasks to queue
[2026-07-29T16:14:50.103+0000] {logging_mixin.py:190} INFO - [2026-07-29T16:14:50.102+0000] {dagbag.py:587} INFO - Filling up the DagBag from /home/airflow/.local/lib/python3.12/site-packages/airflow/example_dags/example_params_trigger_ui.py
[2026-07-29T16:14:50.107+0000] {processor.py:925} INFO - DAG(s) 'example_params_trigger_ui' retrieved from /home/airflow/.local/lib/python3.12/site-packages/airflow/example_dags/example_params_trigger_ui.py
[2026-07-29T16:14:50.121+0000] {logging_mixin.py:190} INFO - [2026-07-29T16:14:50.121+0000] {dag.py:3211} INFO - Sync 1 DAGs
[2026-07-29T16:14:50.126+0000] {logging_mixin.py:190} INFO - [2026-07-29T16:14:50.126+0000] {dag.py:4138} INFO - Setting next_dagrun for example_params_trigger_ui to None, run_after=None
[2026-07-29T16:14:50.132+0000] {processor.py:208} INFO - Processing /home/airflow/.local/lib/python3.12/site-packages/airflow/example_dags/example_params_trigger_ui.py took 0.033 seconds
[2026-07-29T16:15:21.245+0000] {processor.py:186} INFO - Started process (PID=3309) to work on /home/airflow/.local/lib/python3.12/site-packages/airflow/example_dags/example_params_trigger_ui.py
[2026-07-29T16:15:21.246+0000] {processor.py:914} INFO - Processing file /home/airflow/.local/lib/python3.12/site-packages/airflow/example_dags/example_params_trigger_ui.py for tasks to queue
[2026-07-29T16:15:21.248+0000] {logging_mixin.py:190} INFO - [2026-07-29T16:15:21.248+0000] {dagbag.py:587} INFO - Filling up the DagBag from /home/airflow/.local/lib/python3.12/site-packages/airflow/example_dags/example_params_trigger_ui.py
[2026-07-29T16:15:21.254+0000] {processor.py:925} INFO - DAG(s) 'example_params_trigger_ui' retrieved from /home/airflow/.local/lib/python3.12/site-packages/airflow/example_dags/example_params_trigger_ui.py
[2026-07-29T16:15:21.274+0000] {logging_mixin.py:190} INFO - [2026-07-29T16:15:21.273+0000] {dag.py:3211} INFO - Sync 1 DAGs
[2026-07-29T16:15:21.279+0000] {logging_mixin.py:190} INFO - [2026-07-29T16:15:21.279+0000] {dag.py:4138} INFO - Setting next_dagrun for example_params_trigger_ui to None, run_after=None
[2026-07-29T16:15:21.287+0000] {processor.py:208} INFO - Processing /home/airflow/.local/lib/python3.12/site-packages/airflow/example_dags/example_params_trigger_ui.py took 0.046 seconds
[2026-07-29T16:15:51.518+0000] {processor.py:186} INFO - Started process (PID=3375) to work on /home/airflow/.local/lib/python3.12/site-packages/airflow/example_dags/example_params_trigger_ui.py
[2026-07-29T16:15:51.519+0000] {processor.py:914} INFO - Processing file /home/airflow/.local/lib/python3.12/site-packages/airflow/example_dags/example_params_trigger_ui.py for tasks to queue
[2026-07-29T16:15:51.520+0000] {logging_mixin.py:190} INFO - [2026-07-29T16:15:51.520+0000] {dagbag.py:587} INFO - Filling up the DagBag from /home/airflow/.local/lib/python3.12/site-packages/airflow/example_dags/example_params_trigger_ui.py
[2026-07-29T16:15:51.524+0000] {processor.py:925} INFO - DAG(s) 'example_params_trigger_ui' retrieved from /home/airflow/.local/lib/python3.12/site-packages/airflow/example_dags/example_params_trigger_ui.py
[2026-07-29T16:15:51.543+0000] {logging_mixin.py:190} INFO - [2026-07-29T16:15:51.543+0000] {dag.py:3211} INFO - Sync 1 DAGs
[2026-07-29T16:15:51.550+0000] {logging_mixin.py:190} INFO - [2026-07-29T16:15:51.550+0000] {dag.py:4138} INFO - Setting next_dagrun for example_params_trigger_ui to None, run_after=None
[2026-07-29T16:15:51.561+0000] {processor.py:208} INFO - Processing /home/airflow/.local/lib/python3.12/site-packages/airflow/example_dags/example_params_trigger_ui.py took 0.046 seconds
[2026-07-29T16:16:21.579+0000] {processor.py:186} INFO - Started process (PID=3441) to work on /home/airflow/.local/lib/python3.12/site-packages/airflow/example_dags/example_params_trigger_ui.py
[2026-07-29T16:16:21.580+0000] {processor.py:914} INFO - Processing file /home/airflow/.local/lib/python3.12/site-packages/airflow/example_dags/example_params_trigger_ui.py for tasks to queue
[2026-07-29T16:16:21.582+0000] {logging_mixin.py:190} INFO - [2026-07-29T16:16:21.581+0000] {dagbag.py:587} INFO - Filling up the DagBag from /home/airflow/.local/lib/python3.12/site-packages/airflow/example_dags/example_params_trigger_ui.py
[2026-07-29T16:16:21.586+0000] {processor.py:925} INFO - DAG(s) 'example_params_trigger_ui' retrieved from /home/airflow/.local/lib/python3.12/site-packages/airflow/example_dags/example_params_trigger_ui.py
[2026-07-29T16:16:21.605+0000] {logging_mixin.py:190} INFO - [2026-07-29T16:16:21.605+0000] {dag.py:3211} INFO - Sync 1 DAGs
[2026-07-29T16:16:21.614+0000] {logging_mixin.py:190} INFO - [2026-07-29T16:16:21.614+0000] {dag.py:4138} INFO - Setting next_dagrun for example_params_trigger_ui to None, run_after=None
[2026-07-29T16:16:21.625+0000] {processor.py:208} INFO - Processing /home/airflow/.local/lib/python3.12/site-packages/airflow/example_dags/example_params_trigger_ui.py took 0.049 seconds
[2026-07-29T16:16:51.771+0000] {processor.py:186} INFO - Started process (PID=3507) to work on /home/airflow/.local/lib/python3.12/site-packages/airflow/example_dags/example_params_trigger_ui.py
[2026-07-29T16:16:51.771+0000] {processor.py:914} INFO - Processing file /home/airflow/.local/lib/python3.12/site-packages/airflow/example_dags/example_params_trigger_ui.py for tasks to queue
[2026-07-29T16:16:51.772+0000] {logging_mixin.py:190} INFO - [2026-07-29T16:16:51.772+0000] {dagbag.py:587} INFO - Filling up the DagBag from /home/airflow/.local/lib/python3.12/site-packages/airflow/example_dags/example_params_trigger_ui.py
[2026-07-29T16:16:51.777+0000] {processor.py:925} INFO - DAG(s) 'example_params_trigger_ui' retrieved from /home/airflow/.local/lib/python3.12/site-packages/airflow/example_dags/example_params_trigger_ui.py
[2026-07-29T16:16:51.795+0000] {logging_mixin.py:190} INFO - [2026-07-29T16:16:51.795+0000] {dag.py:3211} INFO - Sync 1 DAGs
[2026-07-29T16:16:51.801+0000] {logging_mixin.py:190} INFO - [2026-07-29T16:16:51.801+0000] {dag.py:4138} INFO - Setting next_dagrun for example_params_trigger_ui to None, run_after=None
[2026-07-29T16:16:51.811+0000] {processor.py:208} INFO - Processing /home/airflow/.local/lib/python3.12/site-packages/airflow/example_dags/example_params_trigger_ui.py took 0.043 seconds
[2026-07-29T16:17:21.956+0000] {processor.py:186} INFO - Started process (PID=3573) to work on /home/airflow/.local/lib/python3.12/site-packages/airflow/example_dags/example_params_trigger_ui.py
[2026-07-29T16:17:21.956+0000] {processor.py:914} INFO - Processing file /home/airflow/.local/lib/python3.12/site-packages/airflow/example_dags/example_params_trigger_ui.py for tasks to queue
[2026-07-29T16:17:21.958+0000] {logging_mixin.py:190} INFO - [2026-07-29T16:17:21.958+0000] {dagbag.py:587} INFO - Filling up the DagBag from /home/airflow/.local/lib/python3.12/site-packages/airflow/example_dags/example_params_trigger_ui.py
[2026-07-29T16:17:21.963+0000] {processor.py:925} INFO - DAG(s) 'example_params_trigger_ui' retrieved from /home/airflow/.local/lib/python3.12/site-packages/airflow/example_dags/example_params_trigger_ui.py
[2026-07-29T16:17:21.986+0000] {logging_mixin.py:190} INFO - [2026-07-29T16:17:21.986+0000] {dag.py:3211} INFO - Sync 1 DAGs
[2026-07-29T16:17:21.991+0000] {logging_mixin.py:190} INFO - [2026-07-29T16:17:21.991+0000] {dag.py:4138} INFO - Setting next_dagrun for example_params_trigger_ui to None, run_after=None
[2026-07-29T16:17:22.000+0000] {processor.py:208} INFO - Processing /home/airflow/.local/lib/python3.12/site-packages/airflow/example_dags/example_params_trigger_ui.py took 0.047 seconds
[2026-07-29T16:17:52.047+0000] {processor.py:186} INFO - Started process (PID=3639) to work on /home/airflow/.local/lib/python3.12/site-packages/airflow/example_dags/example_params_trigger_ui.py
[2026-07-29T16:17:52.048+0000] {processor.py:914} INFO - Processing file /home/airflow/.local/lib/python3.12/site-packages/airflow/example_dags/example_params_trigger_ui.py for tasks to queue
[2026-07-29T16:17:52.051+0000] {logging_mixin.py:190} INFO - [2026-07-29T16:17:52.051+0000] {dagbag.py:587} INFO - Filling up the DagBag from /home/airflow/.local/lib/python3.12/site-packages/airflow/example_dags/example_params_trigger_ui.py
[2026-07-29T16:17:52.056+0000] {processor.py:925} INFO - DAG(s) 'example_params_trigger_ui' retrieved from /home/airflow/.local/lib/python3.12/site-packages/airflow/example_dags/example_params_trigger_ui.py
[2026-07-29T16:17:52.073+0000] {logging_mixin.py:190} INFO - [2026-07-29T16:17:52.072+0000] {dag.py:3211} INFO - Sync 1 DAGs
[2026-07-29T16:17:52.079+0000] {logging_mixin.py:190} INFO - [2026-07-29T16:17:52.079+0000] {dag.py:4138} INFO - Setting next_dagrun for example_params_trigger_ui to None, run_after=None
[2026-07-29T16:17:52.094+0000] {processor.py:208} INFO - Processing /home/airflow/.local/lib/python3.12/site-packages/airflow/example_dags/example_params_trigger_ui.py took 0.049 seconds
[2026-07-29T16:18:23.147+0000] {processor.py:186} INFO - Started process (PID=3705) to work on /home/airflow/.local/lib/python3.12/site-packages/airflow/example_dags/example_params_trigger_ui.py
[2026-07-29T16:18:23.148+0000] {processor.py:914} INFO - Processing file /home/airflow/.local/lib/python3.12/site-packages/airflow/example_dags/example_params_trigger_ui.py for tasks to queue
[2026-07-29T16:18:23.149+0000] {logging_mixin.py:190} INFO - [2026-07-29T16:18:23.149+0000] {dagbag.py:587} INFO - Filling up the DagBag from /home/airflow/.local/lib/python3.12/site-packages/airflow/example_dags/example_params_trigger_ui.py
[2026-07-29T16:18:23.155+0000] {processor.py:925} INFO - DAG(s) 'example_params_trigger_ui' retrieved from /home/airflow/.local/lib/python3.12/site-packages/airflow/example_dags/example_params_trigger_ui.py
[2026-07-29T16:18:23.172+0000] {logging_mixin.py:190} INFO - [2026-07-29T16:18:23.172+0000] {dag.py:3211} INFO - Sync 1 DAGs
[2026-07-29T16:18:23.179+0000] {logging_mixin.py:190} INFO - [2026-07-29T16:18:23.179+0000] {dag.py:4138} INFO - Setting next_dagrun for example_params_trigger_ui to None, run_after=None
[2026-07-29T16:18:23.190+0000] {processor.py:208} INFO - Processing /home/airflow/.local/lib/python3.12/site-packages/airflow/example_dags/example_params_trigger_ui.py took 0.045 seconds
[2026-07-29T16:18:53.668+0000] {processor.py:186} INFO - Started process (PID=3771) to work on /home/airflow/.local/lib/python3.12/site-packages/airflow/example_dags/example_params_trigger_ui.py
[2026-07-29T16:18:53.668+0000] {processor.py:914} INFO - Processing file /home/airflow/.local/lib/python3.12/site-packages/airflow/example_dags/example_params_trigger_ui.py for tasks to queue
[2026-07-29T16:18:53.669+0000] {logging_mixin.py:190} INFO - [2026-07-29T16:18:53.669+0000] {dagbag.py:587} INFO - Filling up the DagBag from /home/airflow/.local/lib/python3.12/site-packages/airflow/example_dags/example_params_trigger_ui.py
[2026-07-29T16:18:53.674+0000] {processor.py:925} INFO - DAG(s) 'example_params_trigger_ui' retrieved from /home/airflow/.local/lib/python3.12/site-packages/airflow/example_dags/example_params_trigger_ui.py
[2026-07-29T16:18:53.697+0000] {logging_mixin.py:190} INFO - [2026-07-29T16:18:53.697+0000] {dag.py:3211} INFO - Sync 1 DAGs
[2026-07-29T16:18:53.702+0000] {logging_mixin.py:190} INFO - [2026-07-29T16:18:53.702+0000] {dag.py:4138} INFO - Setting next_dagrun for example_params_trigger_ui to None, run_after=None
[2026-07-29T16:18:53.713+0000] {processor.py:208} INFO - Processing /home/airflow/.local/lib/python3.12/site-packages/airflow/example_dags/example_params_trigger_ui.py took 0.047 seconds
[2026-07-29T16:19:23.997+0000] {processor.py:186} INFO - Started process (PID=3837) to work on /home/airflow/.local/lib/python3.12/site-packages/airflow/example_dags/example_params_trigger_ui.py
[2026-07-29T16:19:23.999+0000] {processor.py:914} INFO - Processing file /home/airflow/.local/lib/python3.12/site-packages/airflow/example_dags/example_params_trigger_ui.py for tasks to queue
[2026-07-29T16:19:24.000+0000] {logging_mixin.py:190} INFO - [2026-07-29T16:19:24.000+0000] {dagbag.py:587} INFO - Filling up the DagBag from /home/airflow/.local/lib/python3.12/site-packages/airflow/example_dags/example_params_trigger_ui.py
[2026-07-29T16:19:24.005+0000] {processor.py:925} INFO - DAG(s) 'example_params_trigger_ui' retrieved from /home/airflow/.local/lib/python3.12/site-packages/airflow/example_dags/example_params_trigger_ui.py
[2026-07-29T16:19:24.026+0000] {logging_mixin.py:190} INFO - [2026-07-29T16:19:24.026+0000] {dag.py:3211} INFO - Sync 1 DAGs
[2026-07-29T16:19:24.032+0000] {logging_mixin.py:190} INFO - [2026-07-29T16:19:24.031+0000] {dag.py:4138} INFO - Setting next_dagrun for example_params_trigger_ui to None, run_after=None
[2026-07-29T16:19:24.042+0000] {processor.py:208} INFO - Processing /home/airflow/.local/lib/python3.12/site-packages/airflow/example_dags/example_params_trigger_ui.py took 0.048 seconds
[2026-07-29T16:19:54.486+0000] {processor.py:186} INFO - Started process (PID=3903) to work on /home/airflow/.local/lib/python3.12/site-packages/airflow/example_dags/example_params_trigger_ui.py
[2026-07-29T16:19:54.487+0000] {processor.py:914} INFO - Processing file /home/airflow/.local/lib/python3.12/site-packages/airflow/example_dags/example_params_trigger_ui.py for tasks to queue
[2026-07-29T16:19:54.488+0000] {logging_mixin.py:190} INFO - [2026-07-29T16:19:54.488+0000] {dagbag.py:587} INFO - Filling up the DagBag from /home/airflow/.local/lib/python3.12/site-packages/airflow/example_dags/example_params_trigger_ui.py
[2026-07-29T16:19:54.493+0000] {processor.py:925} INFO - DAG(s) 'example_params_trigger_ui' retrieved from /home/airflow/.local/lib/python3.12/site-packages/airflow/example_dags/example_params_trigger_ui.py
[2026-07-29T16:19:54.507+0000] {logging_mixin.py:190} INFO - [2026-07-29T16:19:54.507+0000] {dag.py:3211} INFO - Sync 1 DAGs
[2026-07-29T16:19:54.513+0000] {logging_mixin.py:190} INFO - [2026-07-29T16:19:54.513+0000] {dag.py:4138} INFO - Setting next_dagrun for example_params_trigger_ui to None, run_after=None
[2026-07-29T16:19:54.619+0000] {processor.py:208} INFO - Processing /home/airflow/.local/lib/python3.12/site-packages/airflow/example_dags/example_params_trigger_ui.py took 0.135 seconds
[2026-07-29T16:20:25.016+0000] {processor.py:186} INFO - Started process (PID=3969) to work on /home/airflow/.local/lib/python3.12/site-packages/airflow/example_dags/example_params_trigger_ui.py
[2026-07-29T16:20:25.017+0000] {processor.py:914} INFO - Processing file /home/airflow/.local/lib/python3.12/site-packages/airflow/example_dags/example_params_trigger_ui.py for tasks to queue
[2026-07-29T16:20:25.018+0000] {logging_mixin.py:190} INFO - [2026-07-29T16:20:25.018+0000] {dagbag.py:587} INFO - Filling up the DagBag from /home/airflow/.local/lib/python3.12/site-packages/airflow/example_dags/example_params_trigger_ui.py
[2026-07-29T16:20:25.022+0000] {processor.py:925} INFO - DAG(s) 'example_params_trigger_ui' retrieved from /home/airflow/.local/lib/python3.12/site-packages/airflow/example_dags/example_params_trigger_ui.py
[2026-07-29T16:20:25.039+0000] {logging_mixin.py:190} INFO - [2026-07-29T16:20:25.039+0000] {dag.py:3211} INFO - Sync 1 DAGs
[2026-07-29T16:20:25.045+0000] {logging_mixin.py:190} INFO - [2026-07-29T16:20:25.045+0000] {dag.py:4138} INFO - Setting next_dagrun for example_params_trigger_ui to None, run_after=None
[2026-07-29T16:20:25.055+0000] {processor.py:208} INFO - Processing /home/airflow/.local/lib/python3.12/site-packages/airflow/example_dags/example_params_trigger_ui.py took 0.042 seconds
[2026-07-29T16:20:55.565+0000] {processor.py:186} INFO - Started process (PID=4035) to work on /home/airflow/.local/lib/python3.12/site-packages/airflow/example_dags/example_params_trigger_ui.py
[2026-07-29T16:20:55.566+0000] {processor.py:914} INFO - Processing file /home/airflow/.local/lib/python3.12/site-packages/airflow/example_dags/example_params_trigger_ui.py for tasks to queue
[2026-07-29T16:20:55.567+0000] {logging_mixin.py:190} INFO - [2026-07-29T16:20:55.567+0000] {dagbag.py:587} INFO - Filling up the DagBag from /home/airflow/.local/lib/python3.12/site-packages/airflow/example_dags/example_params_trigger_ui.py
[2026-07-29T16:20:55.573+0000] {processor.py:925} INFO - DAG(s) 'example_params_trigger_ui' retrieved from /home/airflow/.local/lib/python3.12/site-packages/airflow/example_dags/example_params_trigger_ui.py
[2026-07-29T16:20:55.592+0000] {logging_mixin.py:190} INFO - [2026-07-29T16:20:55.591+0000] {dag.py:3211} INFO - Sync 1 DAGs
[2026-07-29T16:20:55.598+0000] {logging_mixin.py:190} INFO - [2026-07-29T16:20:55.598+0000] {dag.py:4138} INFO - Setting next_dagrun for example_params_trigger_ui to None, run_after=None
[2026-07-29T16:20:55.608+0000] {processor.py:208} INFO - Processing /home/airflow/.local/lib/python3.12/site-packages/airflow/example_dags/example_params_trigger_ui.py took 0.045 seconds
[2026-07-29T16:21:26.235+0000] {processor.py:186} INFO - Started process (PID=4101) to work on /home/airflow/.local/lib/python3.12/site-packages/airflow/example_dags/example_params_trigger_ui.py
[2026-07-29T16:21:26.236+0000] {processor.py:914} INFO - Processing file /home/airflow/.local/lib/python3.12/site-packages/airflow/example_dags/example_params_trigger_ui.py for tasks to queue
[2026-07-29T16:21:26.237+0000] {logging_mixin.py:190} INFO - [2026-07-29T16:21:26.237+0000] {dagbag.py:587} INFO - Filling up the DagBag from /home/airflow/.local/lib/python3.12/site-packages/airflow/example_dags/example_params_trigger_ui.py
[2026-07-29T16:21:26.242+0000] {processor.py:925} INFO - DAG(s) 'example_params_trigger_ui' retrieved from /home/airflow/.local/lib/python3.12/site-packages/airflow/example_dags/example_params_trigger_ui.py
[2026-07-29T16:21:26.264+0000] {logging_mixin.py:190} INFO - [2026-07-29T16:21:26.264+0000] {dag.py:3211} INFO - Sync 1 DAGs
[2026-07-29T16:21:26.269+0000] {logging_mixin.py:190} INFO - [2026-07-29T16:21:26.269+0000] {dag.py:4138} INFO - Setting next_dagrun for example_params_trigger_ui to None, run_after=None
[2026-07-29T16:21:26.277+0000] {processor.py:208} INFO - Processing /home/airflow/.local/lib/python3.12/site-packages/airflow/example_dags/example_params_trigger_ui.py took 0.045 seconds
[2026-07-29T16:21:57.710+0000] {processor.py:186} INFO - Started process (PID=4167) to work on /home/airflow/.local/lib/python3.12/site-packages/airflow/example_dags/example_params_trigger_ui.py
[2026-07-29T16:21:57.711+0000] {processor.py:914} INFO - Processing file /home/airflow/.local/lib/python3.12/site-packages/airflow/example_dags/example_params_trigger_ui.py for tasks to queue
[2026-07-29T16:21:57.712+0000] {logging_mixin.py:190} INFO - [2026-07-29T16:21:57.712+0000] {dagbag.py:587} INFO - Filling up the DagBag from /home/airflow/.local/lib/python3.12/site-packages/airflow/example_dags/example_params_trigger_ui.py
[2026-07-29T16:21:57.717+0000] {processor.py:925} INFO - DAG(s) 'example_params_trigger_ui' retrieved from /home/airflow/.local/lib/python3.12/site-packages/airflow/example_dags/example_params_trigger_ui.py
[2026-07-29T16:21:57.811+0000] {logging_mixin.py:190} INFO - [2026-07-29T16:21:57.810+0000] {dag.py:3211} INFO - Sync 1 DAGs
[2026-07-29T16:21:57.815+0000] {logging_mixin.py:190} INFO - [2026-07-29T16:21:57.815+0000] {dag.py:4138} INFO - Setting next_dagrun for example_params_trigger_ui to None, run_after=None
[2026-07-29T16:21:57.820+0000] {processor.py:208} INFO - Processing /home/airflow/.local/lib/python3.12/site-packages/airflow/example_dags/example_params_trigger_ui.py took 0.112 seconds
[2026-07-29T16:22:28.169+0000] {processor.py:186} INFO - Started process (PID=4233) to work on /home/airflow/.local/lib/python3.12/site-packages/airflow/example_dags/example_params_trigger_ui.py
[2026-07-29T16:22:28.169+0000] {processor.py:914} INFO - Processing file /home/airflow/.local/lib/python3.12/site-packages/airflow/example_dags/example_params_trigger_ui.py for tasks to queue
[2026-07-29T16:22:28.170+0000] {logging_mixin.py:190} INFO - [2026-07-29T16:22:28.170+0000] {dagbag.py:587} INFO - Filling up the DagBag from /home/airflow/.local/lib/python3.12/site-packages/airflow/example_dags/example_params_trigger_ui.py
[2026-07-29T16:22:28.175+0000] {processor.py:925} INFO - DAG(s) 'example_params_trigger_ui' retrieved from /home/airflow/.local/lib/python3.12/site-packages/airflow/example_dags/example_params_trigger_ui.py
[2026-07-29T16:22:28.192+0000] {logging_mixin.py:190} INFO - [2026-07-29T16:22:28.192+0000] {dag.py:3211} INFO - Sync 1 DAGs
[2026-07-29T16:22:28.290+0000] {logging_mixin.py:190} INFO - [2026-07-29T16:22:28.289+0000] {dag.py:4138} INFO - Setting next_dagrun for example_params_trigger_ui to None, run_after=None
[2026-07-29T16:22:28.300+0000] {processor.py:208} INFO - Processing /home/airflow/.local/lib/python3.12/site-packages/airflow/example_dags/example_params_trigger_ui.py took 0.134 seconds
[2026-07-29T16:22:58.380+0000] {processor.py:186} INFO - Started process (PID=4299) to work on /home/airflow/.local/lib/python3.12/site-packages/airflow/example_dags/example_params_trigger_ui.py
[2026-07-29T16:22:58.381+0000] {processor.py:914} INFO - Processing file /home/airflow/.local/lib/python3.12/site-packages/airflow/example_dags/example_params_trigger_ui.py for tasks to queue
[2026-07-29T16:22:58.382+0000] {logging_mixin.py:190} INFO - [2026-07-29T16:22:58.382+0000] {dagbag.py:587} INFO - Filling up the DagBag from /home/airflow/.local/lib/python3.12/site-packages/airflow/example_dags/example_params_trigger_ui.py
[2026-07-29T16:22:58.387+0000] {processor.py:925} INFO - DAG(s) 'example_params_trigger_ui' retrieved from /home/airflow/.local/lib/python3.12/site-packages/airflow/example_dags/example_params_trigger_ui.py
[2026-07-29T16:22:58.403+0000] {logging_mixin.py:190} INFO - [2026-07-29T16:22:58.403+0000] {dag.py:3211} INFO - Sync 1 DAGs
[2026-07-29T16:22:58.409+0000] {logging_mixin.py:190} INFO - [2026-07-29T16:22:58.409+0000] {dag.py:4138} INFO - Setting next_dagrun for example_params_trigger_ui to None, run_after=None
[2026-07-29T16:22:58.510+0000] {processor.py:208} INFO - Processing /home/airflow/.local/lib/python3.12/site-packages/airflow/example_dags/example_params_trigger_ui.py took 0.133 seconds
[2026-07-29T16:23:29.109+0000] {processor.py:186} INFO - Started process (PID=4365) to work on /home/airflow/.local/lib/python3.12/site-packages/airflow/example_dags/example_params_trigger_ui.py
[2026-07-29T16:23:29.109+0000] {processor.py:914} INFO - Processing file /home/airflow/.local/lib/python3.12/site-packages/airflow/example_dags/example_params_trigger_ui.py for tasks to queue
[2026-07-29T16:23:29.110+0000] {logging_mixin.py:190} INFO - [2026-07-29T16:23:29.110+0000] {dagbag.py:587} INFO - Filling up the DagBag from /home/airflow/.local/lib/python3.12/site-packages/airflow/example_dags/example_params_trigger_ui.py
[2026-07-29T16:23:29.116+0000] {processor.py:925} INFO - DAG(s) 'example_params_trigger_ui' retrieved from /home/airflow/.local/lib/python3.12/site-packages/airflow/example_dags/example_params_trigger_ui.py
[2026-07-29T16:23:29.132+0000] {logging_mixin.py:190} INFO - [2026-07-29T16:23:29.132+0000] {dag.py:3211} INFO - Sync 1 DAGs
[2026-07-29T16:23:29.143+0000] {logging_mixin.py:190} INFO - [2026-07-29T16:23:29.143+0000] {dag.py:4138} INFO - Setting next_dagrun for example_params_trigger_ui to None, run_after=None
[2026-07-29T16:23:29.154+0000] {processor.py:208} INFO - Processing /home/airflow/.local/lib/python3.12/site-packages/airflow/example_dags/example_params_trigger_ui.py took 0.048 seconds
[2026-07-29T16:24:00.064+0000] {processor.py:186} INFO - Started process (PID=4431) to work on /home/airflow/.local/lib/python3.12/site-packages/airflow/example_dags/example_params_trigger_ui.py
[2026-07-29T16:24:00.066+0000] {processor.py:914} INFO - Processing file /home/airflow/.local/lib/python3.12/site-packages/airflow/example_dags/example_params_trigger_ui.py for tasks to queue
[2026-07-29T16:24:00.067+0000] {logging_mixin.py:190} INFO - [2026-07-29T16:24:00.067+0000] {dagbag.py:587} INFO - Filling up the DagBag from /home/airflow/.local/lib/python3.12/site-packages/airflow/example_dags/example_params_trigger_ui.py
[2026-07-29T16:24:00.072+0000] {processor.py:925} INFO - DAG(s) 'example_params_trigger_ui' retrieved from /home/airflow/.local/lib/python3.12/site-packages/airflow/example_dags/example_params_trigger_ui.py
[2026-07-29T16:24:00.096+0000] {logging_mixin.py:190} INFO - [2026-07-29T16:24:00.096+0000] {dag.py:3211} INFO - Sync 1 DAGs
[2026-07-29T16:24:00.109+0000] {logging_mixin.py:190} INFO - [2026-07-29T16:24:00.109+0000] {dag.py:4138} INFO - Setting next_dagrun for example_params_trigger_ui to None, run_after=None
[2026-07-29T16:24:00.116+0000] {processor.py:208} INFO - Processing /home/airflow/.local/lib/python3.12/site-packages/airflow/example_dags/example_params_trigger_ui.py took 0.054 seconds
[2026-07-29T16:24:31.144+0000] {processor.py:186} INFO - Started process (PID=4497) to work on /home/airflow/.local/lib/python3.12/site-packages/airflow/example_dags/example_params_trigger_ui.py
[2026-07-29T16:24:31.146+0000] {processor.py:914} INFO - Processing file /home/airflow/.local/lib/python3.12/site-packages/airflow/example_dags/example_params_trigger_ui.py for tasks to queue
[2026-07-29T16:24:31.147+0000] {logging_mixin.py:190} INFO - [2026-07-29T16:24:31.147+0000] {dagbag.py:587} INFO - Filling up the DagBag from /home/airflow/.local/lib/python3.12/site-packages/airflow/example_dags/example_params_trigger_ui.py
[2026-07-29T16:24:31.151+0000] {processor.py:925} INFO - DAG(s) 'example_params_trigger_ui' retrieved from /home/airflow/.local/lib/python3.12/site-packages/airflow/example_dags/example_params_trigger_ui.py
[2026-07-29T16:24:31.170+0000] {logging_mixin.py:190} INFO - [2026-07-29T16:24:31.170+0000] {dag.py:3211} INFO - Sync 1 DAGs
[2026-07-29T16:24:31.175+0000] {logging_mixin.py:190} INFO - [2026-07-29T16:24:31.175+0000] {dag.py:4138} INFO - Setting next_dagrun for example_params_trigger_ui to None, run_after=None
[2026-07-29T16:24:31.183+0000] {processor.py:208} INFO - Processing /home/airflow/.local/lib/python3.12/site-packages/airflow/example_dags/example_params_trigger_ui.py took 0.042 seconds
[2026-07-29T16:25:02.193+0000] {processor.py:186} INFO - Started process (PID=4563) to work on /home/airflow/.local/lib/python3.12/site-packages/airflow/example_dags/example_params_trigger_ui.py
[2026-07-29T16:25:02.194+0000] {processor.py:914} INFO - Processing file /home/airflow/.local/lib/python3.12/site-packages/airflow/example_dags/example_params_trigger_ui.py for tasks to queue
[2026-07-29T16:25:02.196+0000] {logging_mixin.py:190} INFO - [2026-07-29T16:25:02.196+0000] {dagbag.py:587} INFO - Filling up the DagBag from /home/airflow/.local/lib/python3.12/site-packages/airflow/example_dags/example_params_trigger_ui.py
[2026-07-29T16:25:02.204+0000] {processor.py:925} INFO - DAG(s) 'example_params_trigger_ui' retrieved from /home/airflow/.local/lib/python3.12/site-packages/airflow/example_dags/example_params_trigger_ui.py
[2026-07-29T16:25:02.230+0000] {logging_mixin.py:190} INFO - [2026-07-29T16:25:02.230+0000] {dag.py:3211} INFO - Sync 1 DAGs
[2026-07-29T16:25:02.239+0000] {logging_mixin.py:190} INFO - [2026-07-29T16:25:02.238+0000] {dag.py:4138} INFO - Setting next_dagrun for example_params_trigger_ui to None, run_after=None
[2026-07-29T16:25:02.252+0000] {processor.py:208} INFO - Processing /home/airflow/.local/lib/python3.12/site-packages/airflow/example_dags/example_params_trigger_ui.py took 0.065 seconds
[2026-07-29T16:25:32.381+0000] {processor.py:186} INFO - Started process (PID=4629) to work on /home/airflow/.local/lib/python3.12/site-packages/airflow/example_dags/example_params_trigger_ui.py
[2026-07-29T16:25:32.382+0000] {processor.py:914} INFO - Processing file /home/airflow/.local/lib/python3.12/site-packages/airflow/example_dags/example_params_trigger_ui.py for tasks to queue
[2026-07-29T16:25:32.383+0000] {logging_mixin.py:190} INFO - [2026-07-29T16:25:32.382+0000] {dagbag.py:587} INFO - Filling up the DagBag from /home/airflow/.local/lib/python3.12/site-packages/airflow/example_dags/example_params_trigger_ui.py
[2026-07-29T16:25:32.388+0000] {processor.py:925} INFO - DAG(s) 'example_params_trigger_ui' retrieved from /home/airflow/.local/lib/python3.12/site-packages/airflow/example_dags/example_params_trigger_ui.py
[2026-07-29T16:25:32.407+0000] {logging_mixin.py:190} INFO - [2026-07-29T16:25:32.407+0000] {dag.py:3211} INFO - Sync 1 DAGs
[2026-07-29T16:25:32.413+0000] {logging_mixin.py:190} INFO - [2026-07-29T16:25:32.413+0000] {dag.py:4138} INFO - Setting next_dagrun for example_params_trigger_ui to None, run_after=None
[2026-07-29T16:25:32.424+0000] {processor.py:208} INFO - Processing /home/airflow/.local/lib/python3.12/site-packages/airflow/example_dags/example_params_trigger_ui.py took 0.045 seconds
[2026-07-29T16:26:03.391+0000] {processor.py:186} INFO - Started process (PID=4695) to work on /home/airflow/.local/lib/python3.12/site-packages/airflow/example_dags/example_params_trigger_ui.py
[2026-07-29T16:26:03.391+0000] {processor.py:914} INFO - Processing file /home/airflow/.local/lib/python3.12/site-packages/airflow/example_dags/example_params_trigger_ui.py for tasks to queue
[2026-07-29T16:26:03.393+0000] {logging_mixin.py:190} INFO - [2026-07-29T16:26:03.392+0000] {dagbag.py:587} INFO - Filling up the DagBag from /home/airflow/.local/lib/python3.12/site-packages/airflow/example_dags/example_params_trigger_ui.py
[2026-07-29T16:26:03.399+0000] {processor.py:925} INFO - DAG(s) 'example_params_trigger_ui' retrieved from /home/airflow/.local/lib/python3.12/site-packages/airflow/example_dags/example_params_trigger_ui.py
[2026-07-29T16:26:03.420+0000] {logging_mixin.py:190} INFO - [2026-07-29T16:26:03.420+0000] {dag.py:3211} INFO - Sync 1 DAGs
[2026-07-29T16:26:03.429+0000] {logging_mixin.py:190} INFO - [2026-07-29T16:26:03.428+0000] {dag.py:4138} INFO - Setting next_dagrun for example_params_trigger_ui to None, run_after=None
[2026-07-29T16:26:03.436+0000] {processor.py:208} INFO - Processing /home/airflow/.local/lib/python3.12/site-packages/airflow/example_dags/example_params_trigger_ui.py took 0.047 seconds
[2026-07-29T16:26:33.574+0000] {processor.py:186} INFO - Started process (PID=4761) to work on /home/airflow/.local/lib/python3.12/site-packages/airflow/example_dags/example_params_trigger_ui.py
[2026-07-29T16:26:33.574+0000] {processor.py:914} INFO - Processing file /home/airflow/.local/lib/python3.12/site-packages/airflow/example_dags/example_params_trigger_ui.py for tasks to queue
[2026-07-29T16:26:33.575+0000] {logging_mixin.py:190} INFO - [2026-07-29T16:26:33.575+0000] {dagbag.py:587} INFO - Filling up the DagBag from /home/airflow/.local/lib/python3.12/site-packages/airflow/example_dags/example_params_trigger_ui.py
[2026-07-29T16:26:33.580+0000] {processor.py:925} INFO - DAG(s) 'example_params_trigger_ui' retrieved from /home/airflow/.local/lib/python3.12/site-packages/airflow/example_dags/example_params_trigger_ui.py
[2026-07-29T16:26:33.596+0000] {logging_mixin.py:190} INFO - [2026-07-29T16:26:33.596+0000] {dag.py:3211} INFO - Sync 1 DAGs
[2026-07-29T16:26:33.601+0000] {logging_mixin.py:190} INFO - [2026-07-29T16:26:33.601+0000] {dag.py:4138} INFO - Setting next_dagrun for example_params_trigger_ui to None, run_after=None
[2026-07-29T16:26:33.607+0000] {processor.py:208} INFO - Processing /home/airflow/.local/lib/python3.12/site-packages/airflow/example_dags/example_params_trigger_ui.py took 0.036 seconds
[2026-07-29T16:27:03.685+0000] {processor.py:186} INFO - Started process (PID=4827) to work on /home/airflow/.local/lib/python3.12/site-packages/airflow/example_dags/example_params_trigger_ui.py
[2026-07-29T16:27:03.686+0000] {processor.py:914} INFO - Processing file /home/airflow/.local/lib/python3.12/site-packages/airflow/example_dags/example_params_trigger_ui.py for tasks to queue
[2026-07-29T16:27:03.687+0000] {logging_mixin.py:190} INFO - [2026-07-29T16:27:03.687+0000] {dagbag.py:587} INFO - Filling up the DagBag from /home/airflow/.local/lib/python3.12/site-packages/airflow/example_dags/example_params_trigger_ui.py
[2026-07-29T16:27:03.692+0000] {processor.py:925} INFO - DAG(s) 'example_params_trigger_ui' retrieved from /home/airflow/.local/lib/python3.12/site-packages/airflow/example_dags/example_params_trigger_ui.py
[2026-07-29T16:27:03.711+0000] {logging_mixin.py:190} INFO - [2026-07-29T16:27:03.711+0000] {dag.py:3211} INFO - Sync 1 DAGs
[2026-07-29T16:27:03.721+0000] {logging_mixin.py:190} INFO - [2026-07-29T16:27:03.721+0000] {dag.py:4138} INFO - Setting next_dagrun for example_params_trigger_ui to None, run_after=None
[2026-07-29T16:27:03.733+0000] {processor.py:208} INFO - Processing /home/airflow/.local/lib/python3.12/site-packages/airflow/example_dags/example_params_trigger_ui.py took 0.051 seconds
[2026-07-29T16:27:33.805+0000] {processor.py:186} INFO - Started process (PID=4893) to work on /home/airflow/.local/lib/python3.12/site-packages/airflow/example_dags/example_params_trigger_ui.py
[2026-07-29T16:27:33.806+0000] {processor.py:914} INFO - Processing file /home/airflow/.local/lib/python3.12/site-packages/airflow/example_dags/example_params_trigger_ui.py for tasks to queue
[2026-07-29T16:27:33.808+0000] {logging_mixin.py:190} INFO - [2026-07-29T16:27:33.808+0000] {dagbag.py:587} INFO - Filling up the DagBag from /home/airflow/.local/lib/python3.12/site-packages/airflow/example_dags/example_params_trigger_ui.py
[2026-07-29T16:27:33.817+0000] {processor.py:925} INFO - DAG(s) 'example_params_trigger_ui' retrieved from /home/airflow/.local/lib/python3.12/site-packages/airflow/example_dags/example_params_trigger_ui.py
[2026-07-29T16:27:33.836+0000] {logging_mixin.py:190} INFO - [2026-07-29T16:27:33.836+0000] {dag.py:3211} INFO - Sync 1 DAGs
[2026-07-29T16:27:33.841+0000] {logging_mixin.py:190} INFO - [2026-07-29T16:27:33.841+0000] {dag.py:4138} INFO - Setting next_dagrun for example_params_trigger_ui to None, run_after=None
[2026-07-29T16:27:33.853+0000] {processor.py:208} INFO - Processing /home/airflow/.local/lib/python3.12/site-packages/airflow/example_dags/example_params_trigger_ui.py took 0.051 seconds
[2026-07-29T16:28:04.848+0000] {processor.py:186} INFO - Started process (PID=4959) to work on /home/airflow/.local/lib/python3.12/site-packages/airflow/example_dags/example_params_trigger_ui.py
[2026-07-29T16:28:04.849+0000] {processor.py:914} INFO - Processing file /home/airflow/.local/lib/python3.12/site-packages/airflow/example_dags/example_params_trigger_ui.py for tasks to queue
[2026-07-29T16:28:04.850+0000] {logging_mixin.py:190} INFO - [2026-07-29T16:28:04.850+0000] {dagbag.py:587} INFO - Filling up the DagBag from /home/airflow/.local/lib/python3.12/site-packages/airflow/example_dags/example_params_trigger_ui.py
[2026-07-29T16:28:04.855+0000] {processor.py:925} INFO - DAG(s) 'example_params_trigger_ui' retrieved from /home/airflow/.local/lib/python3.12/site-packages/airflow/example_dags/example_params_trigger_ui.py
[2026-07-29T16:28:04.873+0000] {logging_mixin.py:190} INFO - [2026-07-29T16:28:04.873+0000] {dag.py:3211} INFO - Sync 1 DAGs
[2026-07-29T16:28:04.881+0000] {logging_mixin.py:190} INFO - [2026-07-29T16:28:04.881+0000] {dag.py:4138} INFO - Setting next_dagrun for example_params_trigger_ui to None, run_after=None
[2026-07-29T16:28:04.894+0000] {processor.py:208} INFO - Processing /home/airflow/.local/lib/python3.12/site-packages/airflow/example_dags/example_params_trigger_ui.py took 0.049 seconds
[2026-07-29T16:28:35.787+0000] {processor.py:186} INFO - Started process (PID=5025) to work on /home/airflow/.local/lib/python3.12/site-packages/airflow/example_dags/example_params_trigger_ui.py
[2026-07-29T16:28:35.787+0000] {processor.py:914} INFO - Processing file /home/airflow/.local/lib/python3.12/site-packages/airflow/example_dags/example_params_trigger_ui.py for tasks to queue
[2026-07-29T16:28:35.788+0000] {logging_mixin.py:190} INFO - [2026-07-29T16:28:35.788+0000] {dagbag.py:587} INFO - Filling up the DagBag from /home/airflow/.local/lib/python3.12/site-packages/airflow/example_dags/example_params_trigger_ui.py
[2026-07-29T16:28:35.793+0000] {processor.py:925} INFO - DAG(s) 'example_params_trigger_ui' retrieved from /home/airflow/.local/lib/python3.12/site-packages/airflow/example_dags/example_params_trigger_ui.py
[2026-07-29T16:28:35.811+0000] {logging_mixin.py:190} INFO - [2026-07-29T16:28:35.811+0000] {dag.py:3211} INFO - Sync 1 DAGs
[2026-07-29T16:28:35.817+0000] {logging_mixin.py:190} INFO - [2026-07-29T16:28:35.817+0000] {dag.py:4138} INFO - Setting next_dagrun for example_params_trigger_ui to None, run_after=None
[2026-07-29T16:28:35.829+0000] {processor.py:208} INFO - Processing /home/airflow/.local/lib/python3.12/site-packages/airflow/example_dags/example_params_trigger_ui.py took 0.046 seconds
[2026-07-29T16:29:06.313+0000] {processor.py:186} INFO - Started process (PID=5091) to work on /home/airflow/.local/lib/python3.12/site-packages/airflow/example_dags/example_params_trigger_ui.py
[2026-07-29T16:29:06.314+0000] {processor.py:914} INFO - Processing file /home/airflow/.local/lib/python3.12/site-packages/airflow/example_dags/example_params_trigger_ui.py for tasks to queue
[2026-07-29T16:29:06.315+0000] {logging_mixin.py:190} INFO - [2026-07-29T16:29:06.314+0000] {dagbag.py:587} INFO - Filling up the DagBag from /home/airflow/.local/lib/python3.12/site-packages/airflow/example_dags/example_params_trigger_ui.py
[2026-07-29T16:29:06.319+0000] {processor.py:925} INFO - DAG(s) 'example_params_trigger_ui' retrieved from /home/airflow/.local/lib/python3.12/site-packages/airflow/example_dags/example_params_trigger_ui.py
[2026-07-29T16:29:06.334+0000] {logging_mixin.py:190} INFO - [2026-07-29T16:29:06.334+0000] {dag.py:3211} INFO - Sync 1 DAGs
[2026-07-29T16:29:06.339+0000] {logging_mixin.py:190} INFO - [2026-07-29T16:29:06.339+0000] {dag.py:4138} INFO - Setting next_dagrun for example_params_trigger_ui to None, run_after=None
[2026-07-29T16:29:06.346+0000] {processor.py:208} INFO - Processing /home/airflow/.local/lib/python3.12/site-packages/airflow/example_dags/example_params_trigger_ui.py took 0.035 seconds
[2026-07-29T16:29:37.243+0000] {processor.py:186} INFO - Started process (PID=5157) to work on /home/airflow/.local/lib/python3.12/site-packages/airflow/example_dags/example_params_trigger_ui.py
[2026-07-29T16:29:37.244+0000] {processor.py:914} INFO - Processing file /home/airflow/.local/lib/python3.12/site-packages/airflow/example_dags/example_params_trigger_ui.py for tasks to queue
[2026-07-29T16:29:37.245+0000] {logging_mixin.py:190} INFO - [2026-07-29T16:29:37.245+0000] {dagbag.py:587} INFO - Filling up the DagBag from /home/airflow/.local/lib/python3.12/site-packages/airflow/example_dags/example_params_trigger_ui.py
[2026-07-29T16:29:37.250+0000] {processor.py:925} INFO - DAG(s) 'example_params_trigger_ui' retrieved from /home/airflow/.local/lib/python3.12/site-packages/airflow/example_dags/example_params_trigger_ui.py
[2026-07-29T16:29:37.270+0000] {logging_mixin.py:190} INFO - [2026-07-29T16:29:37.269+0000] {dag.py:3211} INFO - Sync 1 DAGs
[2026-07-29T16:29:37.278+0000] {logging_mixin.py:190} INFO - [2026-07-29T16:29:37.278+0000] {dag.py:4138} INFO - Setting next_dagrun for example_params_trigger_ui to None, run_after=None
[2026-07-29T16:29:37.292+0000] {processor.py:208} INFO - Processing /home/airflow/.local/lib/python3.12/site-packages/airflow/example_dags/example_params_trigger_ui.py took 0.051 seconds
[2026-07-29T16:30:08.147+0000] {processor.py:186} INFO - Started process (PID=5223) to work on /home/airflow/.local/lib/python3.12/site-packages/airflow/example_dags/example_params_trigger_ui.py
[2026-07-29T16:30:08.147+0000] {processor.py:914} INFO - Processing file /home/airflow/.local/lib/python3.12/site-packages/airflow/example_dags/example_params_trigger_ui.py for tasks to queue
[2026-07-29T16:30:08.148+0000] {logging_mixin.py:190} INFO - [2026-07-29T16:30:08.148+0000] {dagbag.py:587} INFO - Filling up the DagBag from /home/airflow/.local/lib/python3.12/site-packages/airflow/example_dags/example_params_trigger_ui.py
[2026-07-29T16:30:08.153+0000] {processor.py:925} INFO - DAG(s) 'example_params_trigger_ui' retrieved from /home/airflow/.local/lib/python3.12/site-packages/airflow/example_dags/example_params_trigger_ui.py
[2026-07-29T16:30:08.173+0000] {logging_mixin.py:190} INFO - [2026-07-29T16:30:08.173+0000] {dag.py:3211} INFO - Sync 1 DAGs
[2026-07-29T16:30:08.180+0000] {logging_mixin.py:190} INFO - [2026-07-29T16:30:08.179+0000] {dag.py:4138} INFO - Setting next_dagrun for example_params_trigger_ui to None, run_after=None
[2026-07-29T16:30:08.189+0000] {processor.py:208} INFO - Processing /home/airflow/.local/lib/python3.12/site-packages/airflow/example_dags/example_params_trigger_ui.py took 0.045 seconds
[2026-07-29T16:30:39.219+0000] {processor.py:186} INFO - Started process (PID=5289) to work on /home/airflow/.local/lib/python3.12/site-packages/airflow/example_dags/example_params_trigger_ui.py
[2026-07-29T16:30:39.220+0000] {processor.py:914} INFO - Processing file /home/airflow/.local/lib/python3.12/site-packages/airflow/example_dags/example_params_trigger_ui.py for tasks to queue
[2026-07-29T16:30:39.221+0000] {logging_mixin.py:190} INFO - [2026-07-29T16:30:39.221+0000] {dagbag.py:587} INFO - Filling up the DagBag from /home/airflow/.local/lib/python3.12/site-packages/airflow/example_dags/example_params_trigger_ui.py
[2026-07-29T16:30:39.227+0000] {processor.py:925} INFO - DAG(s) 'example_params_trigger_ui' retrieved from /home/airflow/.local/lib/python3.12/site-packages/airflow/example_dags/example_params_trigger_ui.py
[2026-07-29T16:30:39.244+0000] {logging_mixin.py:190} INFO - [2026-07-29T16:30:39.244+0000] {dag.py:3211} INFO - Sync 1 DAGs
[2026-07-29T16:30:39.250+0000] {logging_mixin.py:190} INFO - [2026-07-29T16:30:39.250+0000] {dag.py:4138} INFO - Setting next_dagrun for example_params_trigger_ui to None, run_after=None
[2026-07-29T16:30:39.257+0000] {processor.py:208} INFO - Processing /home/airflow/.local/lib/python3.12/site-packages/airflow/example_dags/example_params_trigger_ui.py took 0.042 seconds
[2026-07-29T16:31:09.455+0000] {processor.py:186} INFO - Started process (PID=5355) to work on /home/airflow/.local/lib/python3.12/site-packages/airflow/example_dags/example_params_trigger_ui.py
[2026-07-29T16:31:09.457+0000] {processor.py:914} INFO - Processing file /home/airflow/.local/lib/python3.12/site-packages/airflow/example_dags/example_params_trigger_ui.py for tasks to queue
[2026-07-29T16:31:09.458+0000] {logging_mixin.py:190} INFO - [2026-07-29T16:31:09.458+0000] {dagbag.py:587} INFO - Filling up the DagBag from /home/airflow/.local/lib/python3.12/site-packages/airflow/example_dags/example_params_trigger_ui.py
[2026-07-29T16:31:09.464+0000] {processor.py:925} INFO - DAG(s) 'example_params_trigger_ui' retrieved from /home/airflow/.local/lib/python3.12/site-packages/airflow/example_dags/example_params_trigger_ui.py
[2026-07-29T16:31:09.484+0000] {logging_mixin.py:190} INFO - [2026-07-29T16:31:09.483+0000] {dag.py:3211} INFO - Sync 1 DAGs
[2026-07-29T16:31:09.489+0000] {logging_mixin.py:190} INFO - [2026-07-29T16:31:09.489+0000] {dag.py:4138} INFO - Setting next_dagrun for example_params_trigger_ui to None, run_after=None
[2026-07-29T16:31:09.500+0000] {processor.py:208} INFO - Processing /home/airflow/.local/lib/python3.12/site-packages/airflow/example_dags/example_params_trigger_ui.py took 0.048 seconds
[2026-07-29T16:31:39.758+0000] {processor.py:186} INFO - Started process (PID=5421) to work on /home/airflow/.local/lib/python3.12/site-packages/airflow/example_dags/example_params_trigger_ui.py
[2026-07-29T16:31:39.758+0000] {processor.py:914} INFO - Processing file /home/airflow/.local/lib/python3.12/site-packages/airflow/example_dags/example_params_trigger_ui.py for tasks to queue
[2026-07-29T16:31:39.760+0000] {logging_mixin.py:190} INFO - [2026-07-29T16:31:39.759+0000] {dagbag.py:587} INFO - Filling up the DagBag from /home/airflow/.local/lib/python3.12/site-packages/airflow/example_dags/example_params_trigger_ui.py
[2026-07-29T16:31:39.764+0000] {processor.py:925} INFO - DAG(s) 'example_params_trigger_ui' retrieved from /home/airflow/.local/lib/python3.12/site-packages/airflow/example_dags/example_params_trigger_ui.py
[2026-07-29T16:31:39.782+0000] {logging_mixin.py:190} INFO - [2026-07-29T16:31:39.781+0000] {dag.py:3211} INFO - Sync 1 DAGs
[2026-07-29T16:31:39.788+0000] {logging_mixin.py:190} INFO - [2026-07-29T16:31:39.788+0000] {dag.py:4138} INFO - Setting next_dagrun for example_params_trigger_ui to None, run_after=None
[2026-07-29T16:31:39.795+0000] {processor.py:208} INFO - Processing /home/airflow/.local/lib/python3.12/site-packages/airflow/example_dags/example_params_trigger_ui.py took 0.043 seconds
[2026-07-29T16:32:09.898+0000] {processor.py:186} INFO - Started process (PID=5487) to work on /home/airflow/.local/lib/python3.12/site-packages/airflow/example_dags/example_params_trigger_ui.py
[2026-07-29T16:32:09.899+0000] {processor.py:914} INFO - Processing file /home/airflow/.local/lib/python3.12/site-packages/airflow/example_dags/example_params_trigger_ui.py for tasks to queue
[2026-07-29T16:32:09.900+0000] {logging_mixin.py:190} INFO - [2026-07-29T16:32:09.900+0000] {dagbag.py:587} INFO - Filling up the DagBag from /home/airflow/.local/lib/python3.12/site-packages/airflow/example_dags/example_params_trigger_ui.py
[2026-07-29T16:32:09.906+0000] {processor.py:925} INFO - DAG(s) 'example_params_trigger_ui' retrieved from /home/airflow/.local/lib/python3.12/site-packages/airflow/example_dags/example_params_trigger_ui.py
[2026-07-29T16:32:09.926+0000] {logging_mixin.py:190} INFO - [2026-07-29T16:32:09.926+0000] {dag.py:3211} INFO - Sync 1 DAGs
[2026-07-29T16:32:09.932+0000] {logging_mixin.py:190} INFO - [2026-07-29T16:32:09.932+0000] {dag.py:4138} INFO - Setting next_dagrun for example_params_trigger_ui to None, run_after=None
[2026-07-29T16:32:09.946+0000] {processor.py:208} INFO - Processing /home/airflow/.local/lib/python3.12/site-packages/airflow/example_dags/example_params_trigger_ui.py took 0.052 seconds
[2026-07-29T16:32:40.061+0000] {processor.py:186} INFO - Started process (PID=5553) to work on /home/airflow/.local/lib/python3.12/site-packages/airflow/example_dags/example_params_trigger_ui.py
[2026-07-29T16:32:40.062+0000] {processor.py:914} INFO - Processing file /home/airflow/.local/lib/python3.12/site-packages/airflow/example_dags/example_params_trigger_ui.py for tasks to queue
[2026-07-29T16:32:40.067+0000] {logging_mixin.py:190} INFO - [2026-07-29T16:32:40.066+0000] {dagbag.py:587} INFO - Filling up the DagBag from /home/airflow/.local/lib/python3.12/site-packages/airflow/example_dags/example_params_trigger_ui.py
[2026-07-29T16:32:40.072+0000] {processor.py:925} INFO - DAG(s) 'example_params_trigger_ui' retrieved from /home/airflow/.local/lib/python3.12/site-packages/airflow/example_dags/example_params_trigger_ui.py
[2026-07-29T16:32:40.092+0000] {logging_mixin.py:190} INFO - [2026-07-29T16:32:40.092+0000] {dag.py:3211} INFO - Sync 1 DAGs
[2026-07-29T16:32:40.100+0000] {logging_mixin.py:190} INFO - [2026-07-29T16:32:40.100+0000] {dag.py:4138} INFO - Setting next_dagrun for example_params_trigger_ui to None, run_after=None
[2026-07-29T16:32:40.107+0000] {processor.py:208} INFO - Processing /home/airflow/.local/lib/python3.12/site-packages/airflow/example_dags/example_params_trigger_ui.py took 0.050 seconds
[2026-07-29T16:33:10.151+0000] {processor.py:186} INFO - Started process (PID=5619) to work on /home/airflow/.local/lib/python3.12/site-packages/airflow/example_dags/example_params_trigger_ui.py
[2026-07-29T16:33:10.151+0000] {processor.py:914} INFO - Processing file /home/airflow/.local/lib/python3.12/site-packages/airflow/example_dags/example_params_trigger_ui.py for tasks to queue
[2026-07-29T16:33:10.153+0000] {logging_mixin.py:190} INFO - [2026-07-29T16:33:10.152+0000] {dagbag.py:587} INFO - Filling up the DagBag from /home/airflow/.local/lib/python3.12/site-packages/airflow/example_dags/example_params_trigger_ui.py
[2026-07-29T16:33:10.158+0000] {processor.py:925} INFO - DAG(s) 'example_params_trigger_ui' retrieved from /home/airflow/.local/lib/python3.12/site-packages/airflow/example_dags/example_params_trigger_ui.py
[2026-07-29T16:33:10.175+0000] {logging_mixin.py:190} INFO - [2026-07-29T16:33:10.175+0000] {dag.py:3211} INFO - Sync 1 DAGs
[2026-07-29T16:33:10.179+0000] {logging_mixin.py:190} INFO - [2026-07-29T16:33:10.179+0000] {dag.py:4138} INFO - Setting next_dagrun for example_params_trigger_ui to None, run_after=None
[2026-07-29T16:33:10.187+0000] {processor.py:208} INFO - Processing /home/airflow/.local/lib/python3.12/site-packages/airflow/example_dags/example_params_trigger_ui.py took 0.038 seconds
[2026-07-29T16:33:41.140+0000] {processor.py:186} INFO - Started process (PID=5685) to work on /home/airflow/.local/lib/python3.12/site-packages/airflow/example_dags/example_params_trigger_ui.py
[2026-07-29T16:33:41.141+0000] {processor.py:914} INFO - Processing file /home/airflow/.local/lib/python3.12/site-packages/airflow/example_dags/example_params_trigger_ui.py for tasks to queue
[2026-07-29T16:33:41.142+0000] {logging_mixin.py:190} INFO - [2026-07-29T16:33:41.142+0000] {dagbag.py:587} INFO - Filling up the DagBag from /home/airflow/.local/lib/python3.12/site-packages/airflow/example_dags/example_params_trigger_ui.py
[2026-07-29T16:33:41.147+0000] {processor.py:925} INFO - DAG(s) 'example_params_trigger_ui' retrieved from /home/airflow/.local/lib/python3.12/site-packages/airflow/example_dags/example_params_trigger_ui.py
[2026-07-29T16:33:41.163+0000] {logging_mixin.py:190} INFO - [2026-07-29T16:33:41.162+0000] {dag.py:3211} INFO - Sync 1 DAGs
[2026-07-29T16:33:41.168+0000] {logging_mixin.py:190} INFO - [2026-07-29T16:33:41.168+0000] {dag.py:4138} INFO - Setting next_dagrun for example_params_trigger_ui to None, run_after=None
[2026-07-29T16:33:41.181+0000] {processor.py:208} INFO - Processing /home/airflow/.local/lib/python3.12/site-packages/airflow/example_dags/example_params_trigger_ui.py took 0.043 seconds
[2026-07-29T16:34:11.469+0000] {processor.py:186} INFO - Started process (PID=5751) to work on /home/airflow/.local/lib/python3.12/site-packages/airflow/example_dags/example_params_trigger_ui.py
[2026-07-29T16:34:11.470+0000] {processor.py:914} INFO - Processing file /home/airflow/.local/lib/python3.12/site-packages/airflow/example_dags/example_params_trigger_ui.py for tasks to queue
[2026-07-29T16:34:11.471+0000] {logging_mixin.py:190} INFO - [2026-07-29T16:34:11.471+0000] {dagbag.py:587} INFO - Filling up the DagBag from /home/airflow/.local/lib/python3.12/site-packages/airflow/example_dags/example_params_trigger_ui.py
[2026-07-29T16:34:11.476+0000] {processor.py:925} INFO - DAG(s) 'example_params_trigger_ui' retrieved from /home/airflow/.local/lib/python3.12/site-packages/airflow/example_dags/example_params_trigger_ui.py
[2026-07-29T16:34:11.494+0000] {logging_mixin.py:190} INFO - [2026-07-29T16:34:11.494+0000] {dag.py:3211} INFO - Sync 1 DAGs
[2026-07-29T16:34:11.504+0000] {logging_mixin.py:190} INFO - [2026-07-29T16:34:11.503+0000] {dag.py:4138} INFO - Setting next_dagrun for example_params_trigger_ui to None, run_after=None
[2026-07-29T16:34:11.520+0000] {processor.py:208} INFO - Processing /home/airflow/.local/lib/python3.12/site-packages/airflow/example_dags/example_params_trigger_ui.py took 0.054 seconds
[2026-07-29T16:34:42.453+0000] {processor.py:186} INFO - Started process (PID=5817) to work on /home/airflow/.local/lib/python3.12/site-packages/airflow/example_dags/example_params_trigger_ui.py
[2026-07-29T16:34:42.454+0000] {processor.py:914} INFO - Processing file /home/airflow/.local/lib/python3.12/site-packages/airflow/example_dags/example_params_trigger_ui.py for tasks to queue
[2026-07-29T16:34:42.456+0000] {logging_mixin.py:190} INFO - [2026-07-29T16:34:42.455+0000] {dagbag.py:587} INFO - Filling up the DagBag from /home/airflow/.local/lib/python3.12/site-packages/airflow/example_dags/example_params_trigger_ui.py
[2026-07-29T16:34:42.460+0000] {processor.py:925} INFO - DAG(s) 'example_params_trigger_ui' retrieved from /home/airflow/.local/lib/python3.12/site-packages/airflow/example_dags/example_params_trigger_ui.py
[2026-07-29T16:34:42.474+0000] {logging_mixin.py:190} INFO - [2026-07-29T16:34:42.474+0000] {dag.py:3211} INFO - Sync 1 DAGs
[2026-07-29T16:34:42.479+0000] {logging_mixin.py:190} INFO - [2026-07-29T16:34:42.479+0000] {dag.py:4138} INFO - Setting next_dagrun for example_params_trigger_ui to None, run_after=None
[2026-07-29T16:34:42.484+0000] {processor.py:208} INFO - Processing /home/airflow/.local/lib/python3.12/site-packages/airflow/example_dags/example_params_trigger_ui.py took 0.034 seconds
[2026-07-29T16:35:13.440+0000] {processor.py:186} INFO - Started process (PID=5883) to work on /home/airflow/.local/lib/python3.12/site-packages/airflow/example_dags/example_params_trigger_ui.py
[2026-07-29T16:35:13.440+0000] {processor.py:914} INFO - Processing file /home/airflow/.local/lib/python3.12/site-packages/airflow/example_dags/example_params_trigger_ui.py for tasks to queue
[2026-07-29T16:35:13.441+0000] {logging_mixin.py:190} INFO - [2026-07-29T16:35:13.441+0000] {dagbag.py:587} INFO - Filling up the DagBag from /home/airflow/.local/lib/python3.12/site-packages/airflow/example_dags/example_params_trigger_ui.py
[2026-07-29T16:35:13.445+0000] {processor.py:925} INFO - DAG(s) 'example_params_trigger_ui' retrieved from /home/airflow/.local/lib/python3.12/site-packages/airflow/example_dags/example_params_trigger_ui.py
[2026-07-29T16:35:13.467+0000] {logging_mixin.py:190} INFO - [2026-07-29T16:35:13.467+0000] {dag.py:3211} INFO - Sync 1 DAGs
[2026-07-29T16:35:13.475+0000] {logging_mixin.py:190} INFO - [2026-07-29T16:35:13.475+0000] {dag.py:4138} INFO - Setting next_dagrun for example_params_trigger_ui to None, run_after=None
[2026-07-29T16:35:13.481+0000] {processor.py:208} INFO - Processing /home/airflow/.local/lib/python3.12/site-packages/airflow/example_dags/example_params_trigger_ui.py took 0.045 seconds
[2026-07-29T16:35:44.530+0000] {processor.py:186} INFO - Started process (PID=5949) to work on /home/airflow/.local/lib/python3.12/site-packages/airflow/example_dags/example_params_trigger_ui.py
[2026-07-29T16:35:44.530+0000] {processor.py:914} INFO - Processing file /home/airflow/.local/lib/python3.12/site-packages/airflow/example_dags/example_params_trigger_ui.py for tasks to queue
[2026-07-29T16:35:44.532+0000] {logging_mixin.py:190} INFO - [2026-07-29T16:35:44.531+0000] {dagbag.py:587} INFO - Filling up the DagBag from /home/airflow/.local/lib/python3.12/site-packages/airflow/example_dags/example_params_trigger_ui.py
[2026-07-29T16:35:44.539+0000] {processor.py:925} INFO - DAG(s) 'example_params_trigger_ui' retrieved from /home/airflow/.local/lib/python3.12/site-packages/airflow/example_dags/example_params_trigger_ui.py
[2026-07-29T16:35:44.562+0000] {logging_mixin.py:190} INFO - [2026-07-29T16:35:44.562+0000] {dag.py:3211} INFO - Sync 1 DAGs
[2026-07-29T16:35:44.568+0000] {logging_mixin.py:190} INFO - [2026-07-29T16:35:44.568+0000] {dag.py:4138} INFO - Setting next_dagrun for example_params_trigger_ui to None, run_after=None
[2026-07-29T16:35:44.575+0000] {processor.py:208} INFO - Processing /home/airflow/.local/lib/python3.12/site-packages/airflow/example_dags/example_params_trigger_ui.py took 0.047 seconds
[2026-07-29T16:36:15.535+0000] {processor.py:186} INFO - Started process (PID=6015) to work on /home/airflow/.local/lib/python3.12/site-packages/airflow/example_dags/example_params_trigger_ui.py
[2026-07-29T16:36:15.536+0000] {processor.py:914} INFO - Processing file /home/airflow/.local/lib/python3.12/site-packages/airflow/example_dags/example_params_trigger_ui.py for tasks to queue
[2026-07-29T16:36:15.537+0000] {logging_mixin.py:190} INFO - [2026-07-29T16:36:15.537+0000] {dagbag.py:587} INFO - Filling up the DagBag from /home/airflow/.local/lib/python3.12/site-packages/airflow/example_dags/example_params_trigger_ui.py
[2026-07-29T16:36:15.545+0000] {processor.py:925} INFO - DAG(s) 'example_params_trigger_ui' retrieved from /home/airflow/.local/lib/python3.12/site-packages/airflow/example_dags/example_params_trigger_ui.py
[2026-07-29T16:36:15.567+0000] {logging_mixin.py:190} INFO - [2026-07-29T16:36:15.567+0000] {dag.py:3211} INFO - Sync 1 DAGs
[2026-07-29T16:36:15.573+0000] {logging_mixin.py:190} INFO - [2026-07-29T16:36:15.573+0000] {dag.py:4138} INFO - Setting next_dagrun for example_params_trigger_ui to None, run_after=None
[2026-07-29T16:36:15.582+0000] {processor.py:208} INFO - Processing /home/airflow/.local/lib/python3.12/site-packages/airflow/example_dags/example_params_trigger_ui.py took 0.050 seconds
[2026-07-29T16:36:46.571+0000] {processor.py:186} INFO - Started process (PID=6081) to work on /home/airflow/.local/lib/python3.12/site-packages/airflow/example_dags/example_params_trigger_ui.py
[2026-07-29T16:36:46.572+0000] {processor.py:914} INFO - Processing file /home/airflow/.local/lib/python3.12/site-packages/airflow/example_dags/example_params_trigger_ui.py for tasks to queue
[2026-07-29T16:36:46.573+0000] {logging_mixin.py:190} INFO - [2026-07-29T16:36:46.572+0000] {dagbag.py:587} INFO - Filling up the DagBag from /home/airflow/.local/lib/python3.12/site-packages/airflow/example_dags/example_params_trigger_ui.py
[2026-07-29T16:36:46.578+0000] {processor.py:925} INFO - DAG(s) 'example_params_trigger_ui' retrieved from /home/airflow/.local/lib/python3.12/site-packages/airflow/example_dags/example_params_trigger_ui.py
[2026-07-29T16:36:46.591+0000] {logging_mixin.py:190} INFO - [2026-07-29T16:36:46.591+0000] {dag.py:3211} INFO - Sync 1 DAGs
[2026-07-29T16:36:46.596+0000] {logging_mixin.py:190} INFO - [2026-07-29T16:36:46.596+0000] {dag.py:4138} INFO - Setting next_dagrun for example_params_trigger_ui to None, run_after=None
[2026-07-29T16:36:46.601+0000] {processor.py:208} INFO - Processing /home/airflow/.local/lib/python3.12/site-packages/airflow/example_dags/example_params_trigger_ui.py took 0.033 seconds
[2026-07-29T16:37:17.574+0000] {processor.py:186} INFO - Started process (PID=6147) to work on /home/airflow/.local/lib/python3.12/site-packages/airflow/example_dags/example_params_trigger_ui.py
[2026-07-29T16:37:17.576+0000] {processor.py:914} INFO - Processing file /home/airflow/.local/lib/python3.12/site-packages/airflow/example_dags/example_params_trigger_ui.py for tasks to queue
[2026-07-29T16:37:17.577+0000] {logging_mixin.py:190} INFO - [2026-07-29T16:37:17.577+0000] {dagbag.py:587} INFO - Filling up the DagBag from /home/airflow/.local/lib/python3.12/site-packages/airflow/example_dags/example_params_trigger_ui.py
[2026-07-29T16:37:17.583+0000] {processor.py:925} INFO - DAG(s) 'example_params_trigger_ui' retrieved from /home/airflow/.local/lib/python3.12/site-packages/airflow/example_dags/example_params_trigger_ui.py
[2026-07-29T16:37:17.606+0000] {logging_mixin.py:190} INFO - [2026-07-29T16:37:17.606+0000] {dag.py:3211} INFO - Sync 1 DAGs
[2026-07-29T16:37:17.611+0000] {logging_mixin.py:190} INFO - [2026-07-29T16:37:17.611+0000] {dag.py:4138} INFO - Setting next_dagrun for example_params_trigger_ui to None, run_after=None
[2026-07-29T16:37:17.619+0000] {processor.py:208} INFO - Processing /home/airflow/.local/lib/python3.12/site-packages/airflow/example_dags/example_params_trigger_ui.py took 0.048 seconds
[2026-07-29T16:37:48.569+0000] {processor.py:186} INFO - Started process (PID=6213) to work on /home/airflow/.local/lib/python3.12/site-packages/airflow/example_dags/example_params_trigger_ui.py
[2026-07-29T16:37:48.571+0000] {processor.py:914} INFO - Processing file /home/airflow/.local/lib/python3.12/site-packages/airflow/example_dags/example_params_trigger_ui.py for tasks to queue
[2026-07-29T16:37:48.572+0000] {logging_mixin.py:190} INFO - [2026-07-29T16:37:48.572+0000] {dagbag.py:587} INFO - Filling up the DagBag from /home/airflow/.local/lib/python3.12/site-packages/airflow/example_dags/example_params_trigger_ui.py
[2026-07-29T16:37:48.577+0000] {processor.py:925} INFO - DAG(s) 'example_params_trigger_ui' retrieved from /home/airflow/.local/lib/python3.12/site-packages/airflow/example_dags/example_params_trigger_ui.py
[2026-07-29T16:37:48.606+0000] {logging_mixin.py:190} INFO - [2026-07-29T16:37:48.605+0000] {dag.py:3211} INFO - Sync 1 DAGs
[2026-07-29T16:37:48.611+0000] {logging_mixin.py:190} INFO - [2026-07-29T16:37:48.611+0000] {dag.py:4138} INFO - Setting next_dagrun for example_params_trigger_ui to None, run_after=None
[2026-07-29T16:37:48.617+0000] {processor.py:208} INFO - Processing /home/airflow/.local/lib/python3.12/site-packages/airflow/example_dags/example_params_trigger_ui.py took 0.051 seconds
[2026-07-29T16:38:19.618+0000] {processor.py:186} INFO - Started process (PID=6285) to work on /home/airflow/.local/lib/python3.12/site-packages/airflow/example_dags/example_params_trigger_ui.py
[2026-07-29T16:38:19.619+0000] {processor.py:914} INFO - Processing file /home/airflow/.local/lib/python3.12/site-packages/airflow/example_dags/example_params_trigger_ui.py for tasks to queue
[2026-07-29T16:38:19.620+0000] {logging_mixin.py:190} INFO - [2026-07-29T16:38:19.620+0000] {dagbag.py:587} INFO - Filling up the DagBag from /home/airflow/.local/lib/python3.12/site-packages/airflow/example_dags/example_params_trigger_ui.py
[2026-07-29T16:38:19.626+0000] {processor.py:925} INFO - DAG(s) 'example_params_trigger_ui' retrieved from /home/airflow/.local/lib/python3.12/site-packages/airflow/example_dags/example_params_trigger_ui.py
[2026-07-29T16:38:19.646+0000] {logging_mixin.py:190} INFO - [2026-07-29T16:38:19.646+0000] {dag.py:3211} INFO - Sync 1 DAGs
[2026-07-29T16:38:19.652+0000] {logging_mixin.py:190} INFO - [2026-07-29T16:38:19.651+0000] {dag.py:4138} INFO - Setting next_dagrun for example_params_trigger_ui to None, run_after=None
[2026-07-29T16:38:19.658+0000] {processor.py:208} INFO - Processing /home/airflow/.local/lib/python3.12/site-packages/airflow/example_dags/example_params_trigger_ui.py took 0.043 seconds
[2026-07-29T16:38:51.726+0000] {processor.py:186} INFO - Started process (PID=6351) to work on /home/airflow/.local/lib/python3.12/site-packages/airflow/example_dags/example_params_trigger_ui.py
[2026-07-29T16:38:51.727+0000] {processor.py:914} INFO - Processing file /home/airflow/.local/lib/python3.12/site-packages/airflow/example_dags/example_params_trigger_ui.py for tasks to queue
[2026-07-29T16:38:51.729+0000] {logging_mixin.py:190} INFO - [2026-07-29T16:38:51.728+0000] {dagbag.py:587} INFO - Filling up the DagBag from /home/airflow/.local/lib/python3.12/site-packages/airflow/example_dags/example_params_trigger_ui.py
[2026-07-29T16:38:51.734+0000] {processor.py:925} INFO - DAG(s) 'example_params_trigger_ui' retrieved from /home/airflow/.local/lib/python3.12/site-packages/airflow/example_dags/example_params_trigger_ui.py
[2026-07-29T16:38:51.754+0000] {logging_mixin.py:190} INFO - [2026-07-29T16:38:51.754+0000] {dag.py:3211} INFO - Sync 1 DAGs
[2026-07-29T16:38:51.761+0000] {logging_mixin.py:190} INFO - [2026-07-29T16:38:51.761+0000] {dag.py:4138} INFO - Setting next_dagrun for example_params_trigger_ui to None, run_after=None
[2026-07-29T16:38:51.769+0000] {processor.py:208} INFO - Processing /home/airflow/.local/lib/python3.12/site-packages/airflow/example_dags/example_params_trigger_ui.py took 0.046 seconds
[2026-07-29T16:39:22.745+0000] {processor.py:186} INFO - Started process (PID=6417) to work on /home/airflow/.local/lib/python3.12/site-packages/airflow/example_dags/example_params_trigger_ui.py
[2026-07-29T16:39:22.746+0000] {processor.py:914} INFO - Processing file /home/airflow/.local/lib/python3.12/site-packages/airflow/example_dags/example_params_trigger_ui.py for tasks to queue
[2026-07-29T16:39:22.750+0000] {logging_mixin.py:190} INFO - [2026-07-29T16:39:22.749+0000] {dagbag.py:587} INFO - Filling up the DagBag from /home/airflow/.local/lib/python3.12/site-packages/airflow/example_dags/example_params_trigger_ui.py
[2026-07-29T16:39:22.757+0000] {processor.py:925} INFO - DAG(s) 'example_params_trigger_ui' retrieved from /home/airflow/.local/lib/python3.12/site-packages/airflow/example_dags/example_params_trigger_ui.py
[2026-07-29T16:39:22.782+0000] {logging_mixin.py:190} INFO - [2026-07-29T16:39:22.781+0000] {dag.py:3211} INFO - Sync 1 DAGs
[2026-07-29T16:39:22.787+0000] {logging_mixin.py:190} INFO - [2026-07-29T16:39:22.787+0000] {dag.py:4138} INFO - Setting next_dagrun for example_params_trigger_ui to None, run_after=None
[2026-07-29T16:39:22.795+0000] {processor.py:208} INFO - Processing /home/airflow/.local/lib/python3.12/site-packages/airflow/example_dags/example_params_trigger_ui.py took 0.052 seconds
[2026-07-29T16:39:53.736+0000] {processor.py:186} INFO - Started process (PID=6483) to work on /home/airflow/.local/lib/python3.12/site-packages/airflow/example_dags/example_params_trigger_ui.py
[2026-07-29T16:39:53.736+0000] {processor.py:914} INFO - Processing file /home/airflow/.local/lib/python3.12/site-packages/airflow/example_dags/example_params_trigger_ui.py for tasks to queue
[2026-07-29T16:39:53.738+0000] {logging_mixin.py:190} INFO - [2026-07-29T16:39:53.738+0000] {dagbag.py:587} INFO - Filling up the DagBag from /home/airflow/.local/lib/python3.12/site-packages/airflow/example_dags/example_params_trigger_ui.py
[2026-07-29T16:39:53.745+0000] {processor.py:925} INFO - DAG(s) 'example_params_trigger_ui' retrieved from /home/airflow/.local/lib/python3.12/site-packages/airflow/example_dags/example_params_trigger_ui.py
[2026-07-29T16:39:53.766+0000] {logging_mixin.py:190} INFO - [2026-07-29T16:39:53.766+0000] {dag.py:3211} INFO - Sync 1 DAGs
[2026-07-29T16:39:53.772+0000] {logging_mixin.py:190} INFO - [2026-07-29T16:39:53.772+0000] {dag.py:4138} INFO - Setting next_dagrun for example_params_trigger_ui to None, run_after=None
[2026-07-29T16:39:53.779+0000] {processor.py:208} INFO - Processing /home/airflow/.local/lib/python3.12/site-packages/airflow/example_dags/example_params_trigger_ui.py took 0.046 seconds
[2026-07-29T16:40:23.931+0000] {processor.py:186} INFO - Started process (PID=6549) to work on /home/airflow/.local/lib/python3.12/site-packages/airflow/example_dags/example_params_trigger_ui.py
[2026-07-29T16:40:23.932+0000] {processor.py:914} INFO - Processing file /home/airflow/.local/lib/python3.12/site-packages/airflow/example_dags/example_params_trigger_ui.py for tasks to queue
[2026-07-29T16:40:23.934+0000] {logging_mixin.py:190} INFO - [2026-07-29T16:40:23.934+0000] {dagbag.py:587} INFO - Filling up the DagBag from /home/airflow/.local/lib/python3.12/site-packages/airflow/example_dags/example_params_trigger_ui.py
[2026-07-29T16:40:23.939+0000] {processor.py:925} INFO - DAG(s) 'example_params_trigger_ui' retrieved from /home/airflow/.local/lib/python3.12/site-packages/airflow/example_dags/example_params_trigger_ui.py
[2026-07-29T16:40:23.964+0000] {logging_mixin.py:190} INFO - [2026-07-29T16:40:23.964+0000] {dag.py:3211} INFO - Sync 1 DAGs
[2026-07-29T16:40:23.970+0000] {logging_mixin.py:190} INFO - [2026-07-29T16:40:23.969+0000] {dag.py:4138} INFO - Setting next_dagrun for example_params_trigger_ui to None, run_after=None
[2026-07-29T16:40:23.981+0000] {processor.py:208} INFO - Processing /home/airflow/.local/lib/python3.12/site-packages/airflow/example_dags/example_params_trigger_ui.py took 0.054 seconds
[2026-07-29T16:40:54.055+0000] {processor.py:186} INFO - Started process (PID=6615) to work on /home/airflow/.local/lib/python3.12/site-packages/airflow/example_dags/example_params_trigger_ui.py
[2026-07-29T16:40:54.056+0000] {processor.py:914} INFO - Processing file /home/airflow/.local/lib/python3.12/site-packages/airflow/example_dags/example_params_trigger_ui.py for tasks to queue
[2026-07-29T16:40:54.057+0000] {logging_mixin.py:190} INFO - [2026-07-29T16:40:54.057+0000] {dagbag.py:587} INFO - Filling up the DagBag from /home/airflow/.local/lib/python3.12/site-packages/airflow/example_dags/example_params_trigger_ui.py
[2026-07-29T16:40:54.063+0000] {processor.py:925} INFO - DAG(s) 'example_params_trigger_ui' retrieved from /home/airflow/.local/lib/python3.12/site-packages/airflow/example_dags/example_params_trigger_ui.py
[2026-07-29T16:40:54.080+0000] {logging_mixin.py:190} INFO - [2026-07-29T16:40:54.079+0000] {dag.py:3211} INFO - Sync 1 DAGs
[2026-07-29T16:40:54.085+0000] {logging_mixin.py:190} INFO - [2026-07-29T16:40:54.085+0000] {dag.py:4138} INFO - Setting next_dagrun for example_params_trigger_ui to None, run_after=None
[2026-07-29T16:40:54.092+0000] {processor.py:208} INFO - Processing /home/airflow/.local/lib/python3.12/site-packages/airflow/example_dags/example_params_trigger_ui.py took 0.040 seconds
[2026-07-29T16:41:25.137+0000] {processor.py:186} INFO - Started process (PID=6681) to work on /home/airflow/.local/lib/python3.12/site-packages/airflow/example_dags/example_params_trigger_ui.py
[2026-07-29T16:41:25.138+0000] {processor.py:914} INFO - Processing file /home/airflow/.local/lib/python3.12/site-packages/airflow/example_dags/example_params_trigger_ui.py for tasks to queue
[2026-07-29T16:41:25.139+0000] {logging_mixin.py:190} INFO - [2026-07-29T16:41:25.139+0000] {dagbag.py:587} INFO - Filling up the DagBag from /home/airflow/.local/lib/python3.12/site-packages/airflow/example_dags/example_params_trigger_ui.py
[2026-07-29T16:41:25.144+0000] {processor.py:925} INFO - DAG(s) 'example_params_trigger_ui' retrieved from /home/airflow/.local/lib/python3.12/site-packages/airflow/example_dags/example_params_trigger_ui.py
[2026-07-29T16:41:25.160+0000] {logging_mixin.py:190} INFO - [2026-07-29T16:41:25.160+0000] {dag.py:3211} INFO - Sync 1 DAGs
[2026-07-29T16:41:25.165+0000] {logging_mixin.py:190} INFO - [2026-07-29T16:41:25.165+0000] {dag.py:4138} INFO - Setting next_dagrun for example_params_trigger_ui to None, run_after=None
[2026-07-29T16:41:25.171+0000] {processor.py:208} INFO - Processing /home/airflow/.local/lib/python3.12/site-packages/airflow/example_dags/example_params_trigger_ui.py took 0.038 seconds
[2026-07-29T16:41:55.202+0000] {processor.py:186} INFO - Started process (PID=6747) to work on /home/airflow/.local/lib/python3.12/site-packages/airflow/example_dags/example_params_trigger_ui.py
[2026-07-29T16:41:55.203+0000] {processor.py:914} INFO - Processing file /home/airflow/.local/lib/python3.12/site-packages/airflow/example_dags/example_params_trigger_ui.py for tasks to queue
[2026-07-29T16:41:55.204+0000] {logging_mixin.py:190} INFO - [2026-07-29T16:41:55.204+0000] {dagbag.py:587} INFO - Filling up the DagBag from /home/airflow/.local/lib/python3.12/site-packages/airflow/example_dags/example_params_trigger_ui.py
[2026-07-29T16:41:55.209+0000] {processor.py:925} INFO - DAG(s) 'example_params_trigger_ui' retrieved from /home/airflow/.local/lib/python3.12/site-packages/airflow/example_dags/example_params_trigger_ui.py
[2026-07-29T16:41:55.223+0000] {logging_mixin.py:190} INFO - [2026-07-29T16:41:55.223+0000] {dag.py:3211} INFO - Sync 1 DAGs
[2026-07-29T16:41:55.228+0000] {logging_mixin.py:190} INFO - [2026-07-29T16:41:55.228+0000] {dag.py:4138} INFO - Setting next_dagrun for example_params_trigger_ui to None, run_after=None
[2026-07-29T16:41:55.234+0000] {processor.py:208} INFO - Processing /home/airflow/.local/lib/python3.12/site-packages/airflow/example_dags/example_params_trigger_ui.py took 0.035 seconds
[2026-07-29T16:42:25.527+0000] {processor.py:186} INFO - Started process (PID=6813) to work on /home/airflow/.local/lib/python3.12/site-packages/airflow/example_dags/example_params_trigger_ui.py
[2026-07-29T16:42:25.528+0000] {processor.py:914} INFO - Processing file /home/airflow/.local/lib/python3.12/site-packages/airflow/example_dags/example_params_trigger_ui.py for tasks to queue
[2026-07-29T16:42:25.529+0000] {logging_mixin.py:190} INFO - [2026-07-29T16:42:25.529+0000] {dagbag.py:587} INFO - Filling up the DagBag from /home/airflow/.local/lib/python3.12/site-packages/airflow/example_dags/example_params_trigger_ui.py
[2026-07-29T16:42:25.535+0000] {processor.py:925} INFO - DAG(s) 'example_params_trigger_ui' retrieved from /home/airflow/.local/lib/python3.12/site-packages/airflow/example_dags/example_params_trigger_ui.py
[2026-07-29T16:42:25.551+0000] {logging_mixin.py:190} INFO - [2026-07-29T16:42:25.551+0000] {dag.py:3211} INFO - Sync 1 DAGs
[2026-07-29T16:42:25.557+0000] {logging_mixin.py:190} INFO - [2026-07-29T16:42:25.557+0000] {dag.py:4138} INFO - Setting next_dagrun for example_params_trigger_ui to None, run_after=None
[2026-07-29T16:42:25.565+0000] {processor.py:208} INFO - Processing /home/airflow/.local/lib/python3.12/site-packages/airflow/example_dags/example_params_trigger_ui.py took 0.041 seconds
[2026-07-29T16:42:55.751+0000] {processor.py:186} INFO - Started process (PID=6879) to work on /home/airflow/.local/lib/python3.12/site-packages/airflow/example_dags/example_params_trigger_ui.py
[2026-07-29T16:42:55.752+0000] {processor.py:914} INFO - Processing file /home/airflow/.local/lib/python3.12/site-packages/airflow/example_dags/example_params_trigger_ui.py for tasks to queue
[2026-07-29T16:42:55.754+0000] {logging_mixin.py:190} INFO - [2026-07-29T16:42:55.754+0000] {dagbag.py:587} INFO - Filling up the DagBag from /home/airflow/.local/lib/python3.12/site-packages/airflow/example_dags/example_params_trigger_ui.py
[2026-07-29T16:42:55.759+0000] {processor.py:925} INFO - DAG(s) 'example_params_trigger_ui' retrieved from /home/airflow/.local/lib/python3.12/site-packages/airflow/example_dags/example_params_trigger_ui.py
[2026-07-29T16:42:55.781+0000] {logging_mixin.py:190} INFO - [2026-07-29T16:42:55.781+0000] {dag.py:3211} INFO - Sync 1 DAGs
[2026-07-29T16:42:55.789+0000] {logging_mixin.py:190} INFO - [2026-07-29T16:42:55.789+0000] {dag.py:4138} INFO - Setting next_dagrun for example_params_trigger_ui to None, run_after=None
[2026-07-29T16:42:55.799+0000] {processor.py:208} INFO - Processing /home/airflow/.local/lib/python3.12/site-packages/airflow/example_dags/example_params_trigger_ui.py took 0.050 seconds
[2026-07-29T16:43:25.922+0000] {processor.py:186} INFO - Started process (PID=6945) to work on /home/airflow/.local/lib/python3.12/site-packages/airflow/example_dags/example_params_trigger_ui.py
[2026-07-29T16:43:25.922+0000] {processor.py:914} INFO - Processing file /home/airflow/.local/lib/python3.12/site-packages/airflow/example_dags/example_params_trigger_ui.py for tasks to queue
[2026-07-29T16:43:25.923+0000] {logging_mixin.py:190} INFO - [2026-07-29T16:43:25.923+0000] {dagbag.py:587} INFO - Filling up the DagBag from /home/airflow/.local/lib/python3.12/site-packages/airflow/example_dags/example_params_trigger_ui.py
[2026-07-29T16:43:25.928+0000] {processor.py:925} INFO - DAG(s) 'example_params_trigger_ui' retrieved from /home/airflow/.local/lib/python3.12/site-packages/airflow/example_dags/example_params_trigger_ui.py
[2026-07-29T16:43:25.944+0000] {logging_mixin.py:190} INFO - [2026-07-29T16:43:25.944+0000] {dag.py:3211} INFO - Sync 1 DAGs
[2026-07-29T16:43:25.950+0000] {logging_mixin.py:190} INFO - [2026-07-29T16:43:25.950+0000] {dag.py:4138} INFO - Setting next_dagrun for example_params_trigger_ui to None, run_after=None
[2026-07-29T16:43:25.962+0000] {processor.py:208} INFO - Processing /home/airflow/.local/lib/python3.12/site-packages/airflow/example_dags/example_params_trigger_ui.py took 0.043 seconds
[2026-07-29T16:43:56.496+0000] {processor.py:186} INFO - Started process (PID=7011) to work on /home/airflow/.local/lib/python3.12/site-packages/airflow/example_dags/example_params_trigger_ui.py
[2026-07-29T16:43:56.496+0000] {processor.py:914} INFO - Processing file /home/airflow/.local/lib/python3.12/site-packages/airflow/example_dags/example_params_trigger_ui.py for tasks to queue
[2026-07-29T16:43:56.497+0000] {logging_mixin.py:190} INFO - [2026-07-29T16:43:56.497+0000] {dagbag.py:587} INFO - Filling up the DagBag from /home/airflow/.local/lib/python3.12/site-packages/airflow/example_dags/example_params_trigger_ui.py
[2026-07-29T16:43:56.502+0000] {processor.py:925} INFO - DAG(s) 'example_params_trigger_ui' retrieved from /home/airflow/.local/lib/python3.12/site-packages/airflow/example_dags/example_params_trigger_ui.py
[2026-07-29T16:43:56.517+0000] {logging_mixin.py:190} INFO - [2026-07-29T16:43:56.517+0000] {dag.py:3211} INFO - Sync 1 DAGs
[2026-07-29T16:43:56.612+0000] {logging_mixin.py:190} INFO - [2026-07-29T16:43:56.612+0000] {dag.py:4138} INFO - Setting next_dagrun for example_params_trigger_ui to None, run_after=None
[2026-07-29T16:43:56.625+0000] {processor.py:208} INFO - Processing /home/airflow/.local/lib/python3.12/site-packages/airflow/example_dags/example_params_trigger_ui.py took 0.132 seconds
[2026-07-29T16:44:27.449+0000] {processor.py:186} INFO - Started process (PID=7077) to work on /home/airflow/.local/lib/python3.12/site-packages/airflow/example_dags/example_params_trigger_ui.py
[2026-07-29T16:44:27.450+0000] {processor.py:914} INFO - Processing file /home/airflow/.local/lib/python3.12/site-packages/airflow/example_dags/example_params_trigger_ui.py for tasks to queue
[2026-07-29T16:44:27.451+0000] {logging_mixin.py:190} INFO - [2026-07-29T16:44:27.450+0000] {dagbag.py:587} INFO - Filling up the DagBag from /home/airflow/.local/lib/python3.12/site-packages/airflow/example_dags/example_params_trigger_ui.py
[2026-07-29T16:44:27.455+0000] {processor.py:925} INFO - DAG(s) 'example_params_trigger_ui' retrieved from /home/airflow/.local/lib/python3.12/site-packages/airflow/example_dags/example_params_trigger_ui.py
[2026-07-29T16:44:27.481+0000] {logging_mixin.py:190} INFO - [2026-07-29T16:44:27.481+0000] {dag.py:3211} INFO - Sync 1 DAGs
[2026-07-29T16:44:27.488+0000] {logging_mixin.py:190} INFO - [2026-07-29T16:44:27.488+0000] {dag.py:4138} INFO - Setting next_dagrun for example_params_trigger_ui to None, run_after=None
[2026-07-29T16:44:27.496+0000] {processor.py:208} INFO - Processing /home/airflow/.local/lib/python3.12/site-packages/airflow/example_dags/example_params_trigger_ui.py took 0.050 seconds
[2026-07-29T16:44:58.185+0000] {processor.py:186} INFO - Started process (PID=7143) to work on /home/airflow/.local/lib/python3.12/site-packages/airflow/example_dags/example_params_trigger_ui.py
[2026-07-29T16:44:58.185+0000] {processor.py:914} INFO - Processing file /home/airflow/.local/lib/python3.12/site-packages/airflow/example_dags/example_params_trigger_ui.py for tasks to queue
[2026-07-29T16:44:58.186+0000] {logging_mixin.py:190} INFO - [2026-07-29T16:44:58.186+0000] {dagbag.py:587} INFO - Filling up the DagBag from /home/airflow/.local/lib/python3.12/site-packages/airflow/example_dags/example_params_trigger_ui.py
[2026-07-29T16:44:58.192+0000] {processor.py:925} INFO - DAG(s) 'example_params_trigger_ui' retrieved from /home/airflow/.local/lib/python3.12/site-packages/airflow/example_dags/example_params_trigger_ui.py
[2026-07-29T16:44:58.207+0000] {logging_mixin.py:190} INFO - [2026-07-29T16:44:58.207+0000] {dag.py:3211} INFO - Sync 1 DAGs
[2026-07-29T16:44:58.213+0000] {logging_mixin.py:190} INFO - [2026-07-29T16:44:58.212+0000] {dag.py:4138} INFO - Setting next_dagrun for example_params_trigger_ui to None, run_after=None
[2026-07-29T16:44:58.219+0000] {processor.py:208} INFO - Processing /home/airflow/.local/lib/python3.12/site-packages/airflow/example_dags/example_params_trigger_ui.py took 0.038 seconds
[2026-07-29T16:45:28.892+0000] {processor.py:186} INFO - Started process (PID=7209) to work on /home/airflow/.local/lib/python3.12/site-packages/airflow/example_dags/example_params_trigger_ui.py
[2026-07-29T16:45:28.892+0000] {processor.py:914} INFO - Processing file /home/airflow/.local/lib/python3.12/site-packages/airflow/example_dags/example_params_trigger_ui.py for tasks to queue
[2026-07-29T16:45:28.893+0000] {logging_mixin.py:190} INFO - [2026-07-29T16:45:28.893+0000] {dagbag.py:587} INFO - Filling up the DagBag from /home/airflow/.local/lib/python3.12/site-packages/airflow/example_dags/example_params_trigger_ui.py
[2026-07-29T16:45:28.898+0000] {processor.py:925} INFO - DAG(s) 'example_params_trigger_ui' retrieved from /home/airflow/.local/lib/python3.12/site-packages/airflow/example_dags/example_params_trigger_ui.py
[2026-07-29T16:45:28.917+0000] {logging_mixin.py:190} INFO - [2026-07-29T16:45:28.917+0000] {dag.py:3211} INFO - Sync 1 DAGs
[2026-07-29T16:45:28.924+0000] {logging_mixin.py:190} INFO - [2026-07-29T16:45:28.923+0000] {dag.py:4138} INFO - Setting next_dagrun for example_params_trigger_ui to None, run_after=None
[2026-07-29T16:45:28.936+0000] {processor.py:208} INFO - Processing /home/airflow/.local/lib/python3.12/site-packages/airflow/example_dags/example_params_trigger_ui.py took 0.047 seconds
[2026-07-29T16:45:59.384+0000] {processor.py:186} INFO - Started process (PID=7275) to work on /home/airflow/.local/lib/python3.12/site-packages/airflow/example_dags/example_params_trigger_ui.py
[2026-07-29T16:45:59.385+0000] {processor.py:914} INFO - Processing file /home/airflow/.local/lib/python3.12/site-packages/airflow/example_dags/example_params_trigger_ui.py for tasks to queue
[2026-07-29T16:45:59.386+0000] {logging_mixin.py:190} INFO - [2026-07-29T16:45:59.386+0000] {dagbag.py:587} INFO - Filling up the DagBag from /home/airflow/.local/lib/python3.12/site-packages/airflow/example_dags/example_params_trigger_ui.py
[2026-07-29T16:45:59.391+0000] {processor.py:925} INFO - DAG(s) 'example_params_trigger_ui' retrieved from /home/airflow/.local/lib/python3.12/site-packages/airflow/example_dags/example_params_trigger_ui.py
[2026-07-29T16:45:59.499+0000] {logging_mixin.py:190} INFO - [2026-07-29T16:45:59.499+0000] {dag.py:3211} INFO - Sync 1 DAGs
[2026-07-29T16:45:59.505+0000] {logging_mixin.py:190} INFO - [2026-07-29T16:45:59.505+0000] {dag.py:4138} INFO - Setting next_dagrun for example_params_trigger_ui to None, run_after=None
[2026-07-29T16:45:59.513+0000] {processor.py:208} INFO - Processing /home/airflow/.local/lib/python3.12/site-packages/airflow/example_dags/example_params_trigger_ui.py took 0.131 seconds
[2026-07-29T16:46:30.103+0000] {processor.py:186} INFO - Started process (PID=7341) to work on /home/airflow/.local/lib/python3.12/site-packages/airflow/example_dags/example_params_trigger_ui.py
[2026-07-29T16:46:30.104+0000] {processor.py:914} INFO - Processing file /home/airflow/.local/lib/python3.12/site-packages/airflow/example_dags/example_params_trigger_ui.py for tasks to queue
[2026-07-29T16:46:30.105+0000] {logging_mixin.py:190} INFO - [2026-07-29T16:46:30.105+0000] {dagbag.py:587} INFO - Filling up the DagBag from /home/airflow/.local/lib/python3.12/site-packages/airflow/example_dags/example_params_trigger_ui.py
[2026-07-29T16:46:30.110+0000] {processor.py:925} INFO - DAG(s) 'example_params_trigger_ui' retrieved from /home/airflow/.local/lib/python3.12/site-packages/airflow/example_dags/example_params_trigger_ui.py
[2026-07-29T16:46:30.125+0000] {logging_mixin.py:190} INFO - [2026-07-29T16:46:30.125+0000] {dag.py:3211} INFO - Sync 1 DAGs
[2026-07-29T16:46:30.216+0000] {logging_mixin.py:190} INFO - [2026-07-29T16:46:30.216+0000] {dag.py:4138} INFO - Setting next_dagrun for example_params_trigger_ui to None, run_after=None
[2026-07-29T16:46:30.222+0000] {processor.py:208} INFO - Processing /home/airflow/.local/lib/python3.12/site-packages/airflow/example_dags/example_params_trigger_ui.py took 0.122 seconds
[2026-07-29T16:47:00.379+0000] {processor.py:186} INFO - Started process (PID=7407) to work on /home/airflow/.local/lib/python3.12/site-packages/airflow/example_dags/example_params_trigger_ui.py
[2026-07-29T16:47:00.379+0000] {processor.py:914} INFO - Processing file /home/airflow/.local/lib/python3.12/site-packages/airflow/example_dags/example_params_trigger_ui.py for tasks to queue
[2026-07-29T16:47:00.380+0000] {logging_mixin.py:190} INFO - [2026-07-29T16:47:00.380+0000] {dagbag.py:587} INFO - Filling up the DagBag from /home/airflow/.local/lib/python3.12/site-packages/airflow/example_dags/example_params_trigger_ui.py
[2026-07-29T16:47:00.385+0000] {processor.py:925} INFO - DAG(s) 'example_params_trigger_ui' retrieved from /home/airflow/.local/lib/python3.12/site-packages/airflow/example_dags/example_params_trigger_ui.py
[2026-07-29T16:47:00.398+0000] {logging_mixin.py:190} INFO - [2026-07-29T16:47:00.398+0000] {dag.py:3211} INFO - Sync 1 DAGs
[2026-07-29T16:47:00.403+0000] {logging_mixin.py:190} INFO - [2026-07-29T16:47:00.403+0000] {dag.py:4138} INFO - Setting next_dagrun for example_params_trigger_ui to None, run_after=None
[2026-07-29T16:47:00.409+0000] {processor.py:208} INFO - Processing /home/airflow/.local/lib/python3.12/site-packages/airflow/example_dags/example_params_trigger_ui.py took 0.032 seconds
[2026-07-29T16:47:31.390+0000] {processor.py:186} INFO - Started process (PID=7473) to work on /home/airflow/.local/lib/python3.12/site-packages/airflow/example_dags/example_params_trigger_ui.py
[2026-07-29T16:47:31.390+0000] {processor.py:914} INFO - Processing file /home/airflow/.local/lib/python3.12/site-packages/airflow/example_dags/example_params_trigger_ui.py for tasks to queue
[2026-07-29T16:47:31.391+0000] {logging_mixin.py:190} INFO - [2026-07-29T16:47:31.391+0000] {dagbag.py:587} INFO - Filling up the DagBag from /home/airflow/.local/lib/python3.12/site-packages/airflow/example_dags/example_params_trigger_ui.py
[2026-07-29T16:47:31.396+0000] {processor.py:925} INFO - DAG(s) 'example_params_trigger_ui' retrieved from /home/airflow/.local/lib/python3.12/site-packages/airflow/example_dags/example_params_trigger_ui.py
[2026-07-29T16:47:31.410+0000] {logging_mixin.py:190} INFO - [2026-07-29T16:47:31.410+0000] {dag.py:3211} INFO - Sync 1 DAGs
[2026-07-29T16:47:31.415+0000] {logging_mixin.py:190} INFO - [2026-07-29T16:47:31.415+0000] {dag.py:4138} INFO - Setting next_dagrun for example_params_trigger_ui to None, run_after=None
[2026-07-29T16:47:31.421+0000] {processor.py:208} INFO - Processing /home/airflow/.local/lib/python3.12/site-packages/airflow/example_dags/example_params_trigger_ui.py took 0.034 seconds
[2026-07-29T16:48:02.431+0000] {processor.py:186} INFO - Started process (PID=7539) to work on /home/airflow/.local/lib/python3.12/site-packages/airflow/example_dags/example_params_trigger_ui.py
[2026-07-29T16:48:02.431+0000] {processor.py:914} INFO - Processing file /home/airflow/.local/lib/python3.12/site-packages/airflow/example_dags/example_params_trigger_ui.py for tasks to queue
[2026-07-29T16:48:02.433+0000] {logging_mixin.py:190} INFO - [2026-07-29T16:48:02.433+0000] {dagbag.py:587} INFO - Filling up the DagBag from /home/airflow/.local/lib/python3.12/site-packages/airflow/example_dags/example_params_trigger_ui.py
[2026-07-29T16:48:02.438+0000] {processor.py:925} INFO - DAG(s) 'example_params_trigger_ui' retrieved from /home/airflow/.local/lib/python3.12/site-packages/airflow/example_dags/example_params_trigger_ui.py
[2026-07-29T16:48:02.461+0000] {logging_mixin.py:190} INFO - [2026-07-29T16:48:02.461+0000] {dag.py:3211} INFO - Sync 1 DAGs
[2026-07-29T16:48:02.466+0000] {logging_mixin.py:190} INFO - [2026-07-29T16:48:02.466+0000] {dag.py:4138} INFO - Setting next_dagrun for example_params_trigger_ui to None, run_after=None
[2026-07-29T16:48:02.476+0000] {processor.py:208} INFO - Processing /home/airflow/.local/lib/python3.12/site-packages/airflow/example_dags/example_params_trigger_ui.py took 0.048 seconds
[2026-07-29T16:48:33.490+0000] {processor.py:186} INFO - Started process (PID=7605) to work on /home/airflow/.local/lib/python3.12/site-packages/airflow/example_dags/example_params_trigger_ui.py
[2026-07-29T16:48:33.490+0000] {processor.py:914} INFO - Processing file /home/airflow/.local/lib/python3.12/site-packages/airflow/example_dags/example_params_trigger_ui.py for tasks to queue
[2026-07-29T16:48:33.491+0000] {logging_mixin.py:190} INFO - [2026-07-29T16:48:33.491+0000] {dagbag.py:587} INFO - Filling up the DagBag from /home/airflow/.local/lib/python3.12/site-packages/airflow/example_dags/example_params_trigger_ui.py
[2026-07-29T16:48:33.496+0000] {processor.py:925} INFO - DAG(s) 'example_params_trigger_ui' retrieved from /home/airflow/.local/lib/python3.12/site-packages/airflow/example_dags/example_params_trigger_ui.py
[2026-07-29T16:48:33.510+0000] {logging_mixin.py:190} INFO - [2026-07-29T16:48:33.510+0000] {dag.py:3211} INFO - Sync 1 DAGs
[2026-07-29T16:48:33.514+0000] {logging_mixin.py:190} INFO - [2026-07-29T16:48:33.514+0000] {dag.py:4138} INFO - Setting next_dagrun for example_params_trigger_ui to None, run_after=None
[2026-07-29T16:48:33.520+0000] {processor.py:208} INFO - Processing /home/airflow/.local/lib/python3.12/site-packages/airflow/example_dags/example_params_trigger_ui.py took 0.033 seconds
[2026-07-29T16:49:04.487+0000] {processor.py:186} INFO - Started process (PID=7671) to work on /home/airflow/.local/lib/python3.12/site-packages/airflow/example_dags/example_params_trigger_ui.py
[2026-07-29T16:49:04.487+0000] {processor.py:914} INFO - Processing file /home/airflow/.local/lib/python3.12/site-packages/airflow/example_dags/example_params_trigger_ui.py for tasks to queue
[2026-07-29T16:49:04.489+0000] {logging_mixin.py:190} INFO - [2026-07-29T16:49:04.488+0000] {dagbag.py:587} INFO - Filling up the DagBag from /home/airflow/.local/lib/python3.12/site-packages/airflow/example_dags/example_params_trigger_ui.py
[2026-07-29T16:49:04.493+0000] {processor.py:925} INFO - DAG(s) 'example_params_trigger_ui' retrieved from /home/airflow/.local/lib/python3.12/site-packages/airflow/example_dags/example_params_trigger_ui.py
[2026-07-29T16:49:04.514+0000] {logging_mixin.py:190} INFO - [2026-07-29T16:49:04.514+0000] {dag.py:3211} INFO - Sync 1 DAGs
[2026-07-29T16:49:04.523+0000] {logging_mixin.py:190} INFO - [2026-07-29T16:49:04.523+0000] {dag.py:4138} INFO - Setting next_dagrun for example_params_trigger_ui to None, run_after=None
[2026-07-29T16:49:04.535+0000] {processor.py:208} INFO - Processing /home/airflow/.local/lib/python3.12/site-packages/airflow/example_dags/example_params_trigger_ui.py took 0.051 seconds
[2026-07-29T16:49:35.482+0000] {processor.py:186} INFO - Started process (PID=7737) to work on /home/airflow/.local/lib/python3.12/site-packages/airflow/example_dags/example_params_trigger_ui.py
[2026-07-29T16:49:35.482+0000] {processor.py:914} INFO - Processing file /home/airflow/.local/lib/python3.12/site-packages/airflow/example_dags/example_params_trigger_ui.py for tasks to queue
[2026-07-29T16:49:35.483+0000] {logging_mixin.py:190} INFO - [2026-07-29T16:49:35.483+0000] {dagbag.py:587} INFO - Filling up the DagBag from /home/airflow/.local/lib/python3.12/site-packages/airflow/example_dags/example_params_trigger_ui.py
[2026-07-29T16:49:35.488+0000] {processor.py:925} INFO - DAG(s) 'example_params_trigger_ui' retrieved from /home/airflow/.local/lib/python3.12/site-packages/airflow/example_dags/example_params_trigger_ui.py
[2026-07-29T16:49:35.501+0000] {logging_mixin.py:190} INFO - [2026-07-29T16:49:35.501+0000] {dag.py:3211} INFO - Sync 1 DAGs
[2026-07-29T16:49:35.506+0000] {logging_mixin.py:190} INFO - [2026-07-29T16:49:35.506+0000] {dag.py:4138} INFO - Setting next_dagrun for example_params_trigger_ui to None, run_after=None
[2026-07-29T16:49:35.511+0000] {processor.py:208} INFO - Processing /home/airflow/.local/lib/python3.12/site-packages/airflow/example_dags/example_params_trigger_ui.py took 0.032 seconds
[2026-07-29T16:50:05.612+0000] {processor.py:186} INFO - Started process (PID=7803) to work on /home/airflow/.local/lib/python3.12/site-packages/airflow/example_dags/example_params_trigger_ui.py
[2026-07-29T16:50:05.613+0000] {processor.py:914} INFO - Processing file /home/airflow/.local/lib/python3.12/site-packages/airflow/example_dags/example_params_trigger_ui.py for tasks to queue
[2026-07-29T16:50:05.614+0000] {logging_mixin.py:190} INFO - [2026-07-29T16:50:05.614+0000] {dagbag.py:587} INFO - Filling up the DagBag from /home/airflow/.local/lib/python3.12/site-packages/airflow/example_dags/example_params_trigger_ui.py
[2026-07-29T16:50:05.619+0000] {processor.py:925} INFO - DAG(s) 'example_params_trigger_ui' retrieved from /home/airflow/.local/lib/python3.12/site-packages/airflow/example_dags/example_params_trigger_ui.py
[2026-07-29T16:50:05.635+0000] {logging_mixin.py:190} INFO - [2026-07-29T16:50:05.635+0000] {dag.py:3211} INFO - Sync 1 DAGs
[2026-07-29T16:50:05.642+0000] {logging_mixin.py:190} INFO - [2026-07-29T16:50:05.642+0000] {dag.py:4138} INFO - Setting next_dagrun for example_params_trigger_ui to None, run_after=None
[2026-07-29T16:50:05.651+0000] {processor.py:208} INFO - Processing /home/airflow/.local/lib/python3.12/site-packages/airflow/example_dags/example_params_trigger_ui.py took 0.041 seconds
[2026-07-29T16:50:35.716+0000] {processor.py:186} INFO - Started process (PID=7869) to work on /home/airflow/.local/lib/python3.12/site-packages/airflow/example_dags/example_params_trigger_ui.py
[2026-07-29T16:50:35.716+0000] {processor.py:914} INFO - Processing file /home/airflow/.local/lib/python3.12/site-packages/airflow/example_dags/example_params_trigger_ui.py for tasks to queue
[2026-07-29T16:50:35.717+0000] {logging_mixin.py:190} INFO - [2026-07-29T16:50:35.717+0000] {dagbag.py:587} INFO - Filling up the DagBag from /home/airflow/.local/lib/python3.12/site-packages/airflow/example_dags/example_params_trigger_ui.py
[2026-07-29T16:50:35.723+0000] {processor.py:925} INFO - DAG(s) 'example_params_trigger_ui' retrieved from /home/airflow/.local/lib/python3.12/site-packages/airflow/example_dags/example_params_trigger_ui.py
[2026-07-29T16:50:35.746+0000] {logging_mixin.py:190} INFO - [2026-07-29T16:50:35.745+0000] {dag.py:3211} INFO - Sync 1 DAGs
[2026-07-29T16:50:35.753+0000] {logging_mixin.py:190} INFO - [2026-07-29T16:50:35.752+0000] {dag.py:4138} INFO - Setting next_dagrun for example_params_trigger_ui to None, run_after=None
[2026-07-29T16:50:35.765+0000] {processor.py:208} INFO - Processing /home/airflow/.local/lib/python3.12/site-packages/airflow/example_dags/example_params_trigger_ui.py took 0.052 seconds
[2026-07-29T16:51:05.946+0000] {processor.py:186} INFO - Started process (PID=7935) to work on /home/airflow/.local/lib/python3.12/site-packages/airflow/example_dags/example_params_trigger_ui.py
[2026-07-29T16:51:05.948+0000] {processor.py:914} INFO - Processing file /home/airflow/.local/lib/python3.12/site-packages/airflow/example_dags/example_params_trigger_ui.py for tasks to queue
[2026-07-29T16:51:05.949+0000] {logging_mixin.py:190} INFO - [2026-07-29T16:51:05.949+0000] {dagbag.py:587} INFO - Filling up the DagBag from /home/airflow/.local/lib/python3.12/site-packages/airflow/example_dags/example_params_trigger_ui.py
[2026-07-29T16:51:05.954+0000] {processor.py:925} INFO - DAG(s) 'example_params_trigger_ui' retrieved from /home/airflow/.local/lib/python3.12/site-packages/airflow/example_dags/example_params_trigger_ui.py
[2026-07-29T16:51:05.979+0000] {logging_mixin.py:190} INFO - [2026-07-29T16:51:05.979+0000] {dag.py:3211} INFO - Sync 1 DAGs
[2026-07-29T16:51:05.986+0000] {logging_mixin.py:190} INFO - [2026-07-29T16:51:05.986+0000] {dag.py:4138} INFO - Setting next_dagrun for example_params_trigger_ui to None, run_after=None
[2026-07-29T16:51:06.000+0000] {processor.py:208} INFO - Processing /home/airflow/.local/lib/python3.12/site-packages/airflow/example_dags/example_params_trigger_ui.py took 0.058 seconds
[2026-07-29T16:51:36.028+0000] {processor.py:186} INFO - Started process (PID=8001) to work on /home/airflow/.local/lib/python3.12/site-packages/airflow/example_dags/example_params_trigger_ui.py
[2026-07-29T16:51:36.030+0000] {processor.py:914} INFO - Processing file /home/airflow/.local/lib/python3.12/site-packages/airflow/example_dags/example_params_trigger_ui.py for tasks to queue
[2026-07-29T16:51:36.031+0000] {logging_mixin.py:190} INFO - [2026-07-29T16:51:36.031+0000] {dagbag.py:587} INFO - Filling up the DagBag from /home/airflow/.local/lib/python3.12/site-packages/airflow/example_dags/example_params_trigger_ui.py
[2026-07-29T16:51:36.037+0000] {processor.py:925} INFO - DAG(s) 'example_params_trigger_ui' retrieved from /home/airflow/.local/lib/python3.12/site-packages/airflow/example_dags/example_params_trigger_ui.py
[2026-07-29T16:51:36.054+0000] {logging_mixin.py:190} INFO - [2026-07-29T16:51:36.053+0000] {dag.py:3211} INFO - Sync 1 DAGs
[2026-07-29T16:51:36.062+0000] {logging_mixin.py:190} INFO - [2026-07-29T16:51:36.062+0000] {dag.py:4138} INFO - Setting next_dagrun for example_params_trigger_ui to None, run_after=None
[2026-07-29T16:51:36.075+0000] {processor.py:208} INFO - Processing /home/airflow/.local/lib/python3.12/site-packages/airflow/example_dags/example_params_trigger_ui.py took 0.049 seconds
[2026-07-29T16:52:06.326+0000] {processor.py:186} INFO - Started process (PID=8067) to work on /home/airflow/.local/lib/python3.12/site-packages/airflow/example_dags/example_params_trigger_ui.py
[2026-07-29T16:52:06.327+0000] {processor.py:914} INFO - Processing file /home/airflow/.local/lib/python3.12/site-packages/airflow/example_dags/example_params_trigger_ui.py for tasks to queue
[2026-07-29T16:52:06.328+0000] {logging_mixin.py:190} INFO - [2026-07-29T16:52:06.328+0000] {dagbag.py:587} INFO - Filling up the DagBag from /home/airflow/.local/lib/python3.12/site-packages/airflow/example_dags/example_params_trigger_ui.py
[2026-07-29T16:52:06.333+0000] {processor.py:925} INFO - DAG(s) 'example_params_trigger_ui' retrieved from /home/airflow/.local/lib/python3.12/site-packages/airflow/example_dags/example_params_trigger_ui.py
[2026-07-29T16:52:06.359+0000] {logging_mixin.py:190} INFO - [2026-07-29T16:52:06.359+0000] {dag.py:3211} INFO - Sync 1 DAGs
[2026-07-29T16:52:06.365+0000] {logging_mixin.py:190} INFO - [2026-07-29T16:52:06.365+0000] {dag.py:4138} INFO - Setting next_dagrun for example_params_trigger_ui to None, run_after=None
[2026-07-29T16:52:06.373+0000] {processor.py:208} INFO - Processing /home/airflow/.local/lib/python3.12/site-packages/airflow/example_dags/example_params_trigger_ui.py took 0.050 seconds
[2026-07-29T16:52:37.410+0000] {processor.py:186} INFO - Started process (PID=8133) to work on /home/airflow/.local/lib/python3.12/site-packages/airflow/example_dags/example_params_trigger_ui.py
[2026-07-29T16:52:37.410+0000] {processor.py:914} INFO - Processing file /home/airflow/.local/lib/python3.12/site-packages/airflow/example_dags/example_params_trigger_ui.py for tasks to queue
[2026-07-29T16:52:37.412+0000] {logging_mixin.py:190} INFO - [2026-07-29T16:52:37.411+0000] {dagbag.py:587} INFO - Filling up the DagBag from /home/airflow/.local/lib/python3.12/site-packages/airflow/example_dags/example_params_trigger_ui.py
[2026-07-29T16:52:37.417+0000] {processor.py:925} INFO - DAG(s) 'example_params_trigger_ui' retrieved from /home/airflow/.local/lib/python3.12/site-packages/airflow/example_dags/example_params_trigger_ui.py
[2026-07-29T16:52:37.439+0000] {logging_mixin.py:190} INFO - [2026-07-29T16:52:37.439+0000] {dag.py:3211} INFO - Sync 1 DAGs
[2026-07-29T16:52:37.445+0000] {logging_mixin.py:190} INFO - [2026-07-29T16:52:37.445+0000] {dag.py:4138} INFO - Setting next_dagrun for example_params_trigger_ui to None, run_after=None
[2026-07-29T16:52:37.453+0000] {processor.py:208} INFO - Processing /home/airflow/.local/lib/python3.12/site-packages/airflow/example_dags/example_params_trigger_ui.py took 0.046 seconds
[2026-07-29T16:53:08.479+0000] {processor.py:186} INFO - Started process (PID=8199) to work on /home/airflow/.local/lib/python3.12/site-packages/airflow/example_dags/example_params_trigger_ui.py
[2026-07-29T16:53:08.479+0000] {processor.py:914} INFO - Processing file /home/airflow/.local/lib/python3.12/site-packages/airflow/example_dags/example_params_trigger_ui.py for tasks to queue
[2026-07-29T16:53:08.481+0000] {logging_mixin.py:190} INFO - [2026-07-29T16:53:08.481+0000] {dagbag.py:587} INFO - Filling up the DagBag from /home/airflow/.local/lib/python3.12/site-packages/airflow/example_dags/example_params_trigger_ui.py
[2026-07-29T16:53:08.488+0000] {processor.py:925} INFO - DAG(s) 'example_params_trigger_ui' retrieved from /home/airflow/.local/lib/python3.12/site-packages/airflow/example_dags/example_params_trigger_ui.py
[2026-07-29T16:53:08.508+0000] {logging_mixin.py:190} INFO - [2026-07-29T16:53:08.508+0000] {dag.py:3211} INFO - Sync 1 DAGs
[2026-07-29T16:53:08.514+0000] {logging_mixin.py:190} INFO - [2026-07-29T16:53:08.514+0000] {dag.py:4138} INFO - Setting next_dagrun for example_params_trigger_ui to None, run_after=None
[2026-07-29T16:53:08.521+0000] {processor.py:208} INFO - Processing /home/airflow/.local/lib/python3.12/site-packages/airflow/example_dags/example_params_trigger_ui.py took 0.045 seconds
[2026-07-29T16:53:39.622+0000] {processor.py:186} INFO - Started process (PID=8265) to work on /home/airflow/.local/lib/python3.12/site-packages/airflow/example_dags/example_params_trigger_ui.py
[2026-07-29T16:53:39.623+0000] {processor.py:914} INFO - Processing file /home/airflow/.local/lib/python3.12/site-packages/airflow/example_dags/example_params_trigger_ui.py for tasks to queue
[2026-07-29T16:53:39.624+0000] {logging_mixin.py:190} INFO - [2026-07-29T16:53:39.624+0000] {dagbag.py:587} INFO - Filling up the DagBag from /home/airflow/.local/lib/python3.12/site-packages/airflow/example_dags/example_params_trigger_ui.py
[2026-07-29T16:53:39.629+0000] {processor.py:925} INFO - DAG(s) 'example_params_trigger_ui' retrieved from /home/airflow/.local/lib/python3.12/site-packages/airflow/example_dags/example_params_trigger_ui.py
[2026-07-29T16:53:39.645+0000] {logging_mixin.py:190} INFO - [2026-07-29T16:53:39.645+0000] {dag.py:3211} INFO - Sync 1 DAGs
[2026-07-29T16:53:39.651+0000] {logging_mixin.py:190} INFO - [2026-07-29T16:53:39.651+0000] {dag.py:4138} INFO - Setting next_dagrun for example_params_trigger_ui to None, run_after=None
[2026-07-29T16:53:39.658+0000] {processor.py:208} INFO - Processing /home/airflow/.local/lib/python3.12/site-packages/airflow/example_dags/example_params_trigger_ui.py took 0.038 seconds
[2026-07-29T16:54:09.737+0000] {processor.py:186} INFO - Started process (PID=8331) to work on /home/airflow/.local/lib/python3.12/site-packages/airflow/example_dags/example_params_trigger_ui.py
[2026-07-29T16:54:09.738+0000] {processor.py:914} INFO - Processing file /home/airflow/.local/lib/python3.12/site-packages/airflow/example_dags/example_params_trigger_ui.py for tasks to queue
[2026-07-29T16:54:09.739+0000] {logging_mixin.py:190} INFO - [2026-07-29T16:54:09.739+0000] {dagbag.py:587} INFO - Filling up the DagBag from /home/airflow/.local/lib/python3.12/site-packages/airflow/example_dags/example_params_trigger_ui.py
[2026-07-29T16:54:09.743+0000] {processor.py:925} INFO - DAG(s) 'example_params_trigger_ui' retrieved from /home/airflow/.local/lib/python3.12/site-packages/airflow/example_dags/example_params_trigger_ui.py
[2026-07-29T16:54:09.757+0000] {logging_mixin.py:190} INFO - [2026-07-29T16:54:09.757+0000] {dag.py:3211} INFO - Sync 1 DAGs
[2026-07-29T16:54:09.762+0000] {logging_mixin.py:190} INFO - [2026-07-29T16:54:09.762+0000] {dag.py:4138} INFO - Setting next_dagrun for example_params_trigger_ui to None, run_after=None
[2026-07-29T16:54:09.768+0000] {processor.py:208} INFO - Processing /home/airflow/.local/lib/python3.12/site-packages/airflow/example_dags/example_params_trigger_ui.py took 0.033 seconds
[2026-07-29T16:54:40.176+0000] {processor.py:186} INFO - Started process (PID=8397) to work on /home/airflow/.local/lib/python3.12/site-packages/airflow/example_dags/example_params_trigger_ui.py
[2026-07-29T16:54:40.176+0000] {processor.py:914} INFO - Processing file /home/airflow/.local/lib/python3.12/site-packages/airflow/example_dags/example_params_trigger_ui.py for tasks to queue
[2026-07-29T16:54:40.177+0000] {logging_mixin.py:190} INFO - [2026-07-29T16:54:40.177+0000] {dagbag.py:587} INFO - Filling up the DagBag from /home/airflow/.local/lib/python3.12/site-packages/airflow/example_dags/example_params_trigger_ui.py
[2026-07-29T16:54:40.182+0000] {processor.py:925} INFO - DAG(s) 'example_params_trigger_ui' retrieved from /home/airflow/.local/lib/python3.12/site-packages/airflow/example_dags/example_params_trigger_ui.py
[2026-07-29T16:54:40.201+0000] {logging_mixin.py:190} INFO - [2026-07-29T16:54:40.201+0000] {dag.py:3211} INFO - Sync 1 DAGs
[2026-07-29T16:54:40.208+0000] {logging_mixin.py:190} INFO - [2026-07-29T16:54:40.208+0000] {dag.py:4138} INFO - Setting next_dagrun for example_params_trigger_ui to None, run_after=None
[2026-07-29T16:54:40.215+0000] {processor.py:208} INFO - Processing /home/airflow/.local/lib/python3.12/site-packages/airflow/example_dags/example_params_trigger_ui.py took 0.043 seconds
[2026-07-29T16:55:10.425+0000] {processor.py:186} INFO - Started process (PID=8463) to work on /home/airflow/.local/lib/python3.12/site-packages/airflow/example_dags/example_params_trigger_ui.py
[2026-07-29T16:55:10.426+0000] {processor.py:914} INFO - Processing file /home/airflow/.local/lib/python3.12/site-packages/airflow/example_dags/example_params_trigger_ui.py for tasks to queue
[2026-07-29T16:55:10.429+0000] {logging_mixin.py:190} INFO - [2026-07-29T16:55:10.429+0000] {dagbag.py:587} INFO - Filling up the DagBag from /home/airflow/.local/lib/python3.12/site-packages/airflow/example_dags/example_params_trigger_ui.py
[2026-07-29T16:55:10.436+0000] {processor.py:925} INFO - DAG(s) 'example_params_trigger_ui' retrieved from /home/airflow/.local/lib/python3.12/site-packages/airflow/example_dags/example_params_trigger_ui.py
[2026-07-29T16:55:10.458+0000] {logging_mixin.py:190} INFO - [2026-07-29T16:55:10.458+0000] {dag.py:3211} INFO - Sync 1 DAGs
[2026-07-29T16:55:10.464+0000] {logging_mixin.py:190} INFO - [2026-07-29T16:55:10.463+0000] {dag.py:4138} INFO - Setting next_dagrun for example_params_trigger_ui to None, run_after=None
[2026-07-29T16:55:10.474+0000] {processor.py:208} INFO - Processing /home/airflow/.local/lib/python3.12/site-packages/airflow/example_dags/example_params_trigger_ui.py took 0.052 seconds
[2026-07-29T16:55:40.547+0000] {processor.py:186} INFO - Started process (PID=8528) to work on /home/airflow/.local/lib/python3.12/site-packages/airflow/example_dags/example_params_trigger_ui.py
[2026-07-29T16:55:40.547+0000] {processor.py:914} INFO - Processing file /home/airflow/.local/lib/python3.12/site-packages/airflow/example_dags/example_params_trigger_ui.py for tasks to queue
[2026-07-29T16:55:40.548+0000] {logging_mixin.py:190} INFO - [2026-07-29T16:55:40.548+0000] {dagbag.py:587} INFO - Filling up the DagBag from /home/airflow/.local/lib/python3.12/site-packages/airflow/example_dags/example_params_trigger_ui.py
[2026-07-29T16:55:40.554+0000] {processor.py:925} INFO - DAG(s) 'example_params_trigger_ui' retrieved from /home/airflow/.local/lib/python3.12/site-packages/airflow/example_dags/example_params_trigger_ui.py
[2026-07-29T16:55:40.574+0000] {logging_mixin.py:190} INFO - [2026-07-29T16:55:40.574+0000] {dag.py:3211} INFO - Sync 1 DAGs
[2026-07-29T16:55:40.582+0000] {logging_mixin.py:190} INFO - [2026-07-29T16:55:40.582+0000] {dag.py:4138} INFO - Setting next_dagrun for example_params_trigger_ui to None, run_after=None
[2026-07-29T16:55:40.592+0000] {processor.py:208} INFO - Processing /home/airflow/.local/lib/python3.12/site-packages/airflow/example_dags/example_params_trigger_ui.py took 0.048 seconds
[2026-07-29T16:56:10.680+0000] {processor.py:186} INFO - Started process (PID=8594) to work on /home/airflow/.local/lib/python3.12/site-packages/airflow/example_dags/example_params_trigger_ui.py
[2026-07-29T16:56:10.682+0000] {processor.py:914} INFO - Processing file /home/airflow/.local/lib/python3.12/site-packages/airflow/example_dags/example_params_trigger_ui.py for tasks to queue
[2026-07-29T16:56:10.683+0000] {logging_mixin.py:190} INFO - [2026-07-29T16:56:10.683+0000] {dagbag.py:587} INFO - Filling up the DagBag from /home/airflow/.local/lib/python3.12/site-packages/airflow/example_dags/example_params_trigger_ui.py
[2026-07-29T16:56:10.688+0000] {processor.py:925} INFO - DAG(s) 'example_params_trigger_ui' retrieved from /home/airflow/.local/lib/python3.12/site-packages/airflow/example_dags/example_params_trigger_ui.py
[2026-07-29T16:56:10.704+0000] {logging_mixin.py:190} INFO - [2026-07-29T16:56:10.704+0000] {dag.py:3211} INFO - Sync 1 DAGs
[2026-07-29T16:56:10.711+0000] {logging_mixin.py:190} INFO - [2026-07-29T16:56:10.710+0000] {dag.py:4138} INFO - Setting next_dagrun for example_params_trigger_ui to None, run_after=None
[2026-07-29T16:56:10.717+0000] {processor.py:208} INFO - Processing /home/airflow/.local/lib/python3.12/site-packages/airflow/example_dags/example_params_trigger_ui.py took 0.040 seconds
[2026-07-29T16:56:40.818+0000] {processor.py:186} INFO - Started process (PID=8660) to work on /home/airflow/.local/lib/python3.12/site-packages/airflow/example_dags/example_params_trigger_ui.py
[2026-07-29T16:56:40.819+0000] {processor.py:914} INFO - Processing file /home/airflow/.local/lib/python3.12/site-packages/airflow/example_dags/example_params_trigger_ui.py for tasks to queue
[2026-07-29T16:56:40.820+0000] {logging_mixin.py:190} INFO - [2026-07-29T16:56:40.820+0000] {dagbag.py:587} INFO - Filling up the DagBag from /home/airflow/.local/lib/python3.12/site-packages/airflow/example_dags/example_params_trigger_ui.py
[2026-07-29T16:56:40.825+0000] {processor.py:925} INFO - DAG(s) 'example_params_trigger_ui' retrieved from /home/airflow/.local/lib/python3.12/site-packages/airflow/example_dags/example_params_trigger_ui.py
[2026-07-29T16:56:40.851+0000] {logging_mixin.py:190} INFO - [2026-07-29T16:56:40.850+0000] {dag.py:3211} INFO - Sync 1 DAGs
[2026-07-29T16:56:40.856+0000] {logging_mixin.py:190} INFO - [2026-07-29T16:56:40.856+0000] {dag.py:4138} INFO - Setting next_dagrun for example_params_trigger_ui to None, run_after=None
[2026-07-29T16:56:40.864+0000] {processor.py:208} INFO - Processing /home/airflow/.local/lib/python3.12/site-packages/airflow/example_dags/example_params_trigger_ui.py took 0.048 seconds
[2026-07-29T16:57:11.097+0000] {processor.py:186} INFO - Started process (PID=8725) to work on /home/airflow/.local/lib/python3.12/site-packages/airflow/example_dags/example_params_trigger_ui.py
[2026-07-29T16:57:11.098+0000] {processor.py:914} INFO - Processing file /home/airflow/.local/lib/python3.12/site-packages/airflow/example_dags/example_params_trigger_ui.py for tasks to queue
[2026-07-29T16:57:11.099+0000] {logging_mixin.py:190} INFO - [2026-07-29T16:57:11.099+0000] {dagbag.py:587} INFO - Filling up the DagBag from /home/airflow/.local/lib/python3.12/site-packages/airflow/example_dags/example_params_trigger_ui.py
[2026-07-29T16:57:11.111+0000] {processor.py:925} INFO - DAG(s) 'example_params_trigger_ui' retrieved from /home/airflow/.local/lib/python3.12/site-packages/airflow/example_dags/example_params_trigger_ui.py
[2026-07-29T16:57:11.131+0000] {logging_mixin.py:190} INFO - [2026-07-29T16:57:11.131+0000] {dag.py:3211} INFO - Sync 1 DAGs
[2026-07-29T16:57:11.139+0000] {logging_mixin.py:190} INFO - [2026-07-29T16:57:11.139+0000] {dag.py:4138} INFO - Setting next_dagrun for example_params_trigger_ui to None, run_after=None
[2026-07-29T16:57:11.151+0000] {processor.py:208} INFO - Processing /home/airflow/.local/lib/python3.12/site-packages/airflow/example_dags/example_params_trigger_ui.py took 0.057 seconds
[2026-07-29T16:57:41.220+0000] {processor.py:186} INFO - Started process (PID=8791) to work on /home/airflow/.local/lib/python3.12/site-packages/airflow/example_dags/example_params_trigger_ui.py
[2026-07-29T16:57:41.221+0000] {processor.py:914} INFO - Processing file /home/airflow/.local/lib/python3.12/site-packages/airflow/example_dags/example_params_trigger_ui.py for tasks to queue
[2026-07-29T16:57:41.222+0000] {logging_mixin.py:190} INFO - [2026-07-29T16:57:41.222+0000] {dagbag.py:587} INFO - Filling up the DagBag from /home/airflow/.local/lib/python3.12/site-packages/airflow/example_dags/example_params_trigger_ui.py
[2026-07-29T16:57:41.226+0000] {processor.py:925} INFO - DAG(s) 'example_params_trigger_ui' retrieved from /home/airflow/.local/lib/python3.12/site-packages/airflow/example_dags/example_params_trigger_ui.py
[2026-07-29T16:57:41.240+0000] {logging_mixin.py:190} INFO - [2026-07-29T16:57:41.240+0000] {dag.py:3211} INFO - Sync 1 DAGs
[2026-07-29T16:57:41.245+0000] {logging_mixin.py:190} INFO - [2026-07-29T16:57:41.245+0000] {dag.py:4138} INFO - Setting next_dagrun for example_params_trigger_ui to None, run_after=None
[2026-07-29T16:57:41.251+0000] {processor.py:208} INFO - Processing /home/airflow/.local/lib/python3.12/site-packages/airflow/example_dags/example_params_trigger_ui.py took 0.034 seconds
[2026-07-29T16:58:11.514+0000] {processor.py:186} INFO - Started process (PID=8857) to work on /home/airflow/.local/lib/python3.12/site-packages/airflow/example_dags/example_params_trigger_ui.py
[2026-07-29T16:58:11.514+0000] {processor.py:914} INFO - Processing file /home/airflow/.local/lib/python3.12/site-packages/airflow/example_dags/example_params_trigger_ui.py for tasks to queue
[2026-07-29T16:58:11.516+0000] {logging_mixin.py:190} INFO - [2026-07-29T16:58:11.515+0000] {dagbag.py:587} INFO - Filling up the DagBag from /home/airflow/.local/lib/python3.12/site-packages/airflow/example_dags/example_params_trigger_ui.py
[2026-07-29T16:58:11.520+0000] {processor.py:925} INFO - DAG(s) 'example_params_trigger_ui' retrieved from /home/airflow/.local/lib/python3.12/site-packages/airflow/example_dags/example_params_trigger_ui.py
[2026-07-29T16:58:11.538+0000] {logging_mixin.py:190} INFO - [2026-07-29T16:58:11.538+0000] {dag.py:3211} INFO - Sync 1 DAGs
[2026-07-29T16:58:11.544+0000] {logging_mixin.py:190} INFO - [2026-07-29T16:58:11.544+0000] {dag.py:4138} INFO - Setting next_dagrun for example_params_trigger_ui to None, run_after=None
[2026-07-29T16:58:11.551+0000] {processor.py:208} INFO - Processing /home/airflow/.local/lib/python3.12/site-packages/airflow/example_dags/example_params_trigger_ui.py took 0.041 seconds
[2026-07-29T16:58:41.626+0000] {processor.py:186} INFO - Started process (PID=8923) to work on /home/airflow/.local/lib/python3.12/site-packages/airflow/example_dags/example_params_trigger_ui.py
[2026-07-29T16:58:41.627+0000] {processor.py:914} INFO - Processing file /home/airflow/.local/lib/python3.12/site-packages/airflow/example_dags/example_params_trigger_ui.py for tasks to queue
[2026-07-29T16:58:41.628+0000] {logging_mixin.py:190} INFO - [2026-07-29T16:58:41.628+0000] {dagbag.py:587} INFO - Filling up the DagBag from /home/airflow/.local/lib/python3.12/site-packages/airflow/example_dags/example_params_trigger_ui.py
[2026-07-29T16:58:41.635+0000] {processor.py:925} INFO - DAG(s) 'example_params_trigger_ui' retrieved from /home/airflow/.local/lib/python3.12/site-packages/airflow/example_dags/example_params_trigger_ui.py
[2026-07-29T16:58:41.656+0000] {logging_mixin.py:190} INFO - [2026-07-29T16:58:41.656+0000] {dag.py:3211} INFO - Sync 1 DAGs
[2026-07-29T16:58:41.665+0000] {logging_mixin.py:190} INFO - [2026-07-29T16:58:41.665+0000] {dag.py:4138} INFO - Setting next_dagrun for example_params_trigger_ui to None, run_after=None
[2026-07-29T16:58:41.675+0000] {processor.py:208} INFO - Processing /home/airflow/.local/lib/python3.12/site-packages/airflow/example_dags/example_params_trigger_ui.py took 0.055 seconds
[2026-07-29T16:59:12.505+0000] {processor.py:186} INFO - Started process (PID=8989) to work on /home/airflow/.local/lib/python3.12/site-packages/airflow/example_dags/example_params_trigger_ui.py
[2026-07-29T16:59:12.505+0000] {processor.py:914} INFO - Processing file /home/airflow/.local/lib/python3.12/site-packages/airflow/example_dags/example_params_trigger_ui.py for tasks to queue
[2026-07-29T16:59:12.506+0000] {logging_mixin.py:190} INFO - [2026-07-29T16:59:12.506+0000] {dagbag.py:587} INFO - Filling up the DagBag from /home/airflow/.local/lib/python3.12/site-packages/airflow/example_dags/example_params_trigger_ui.py
[2026-07-29T16:59:12.511+0000] {processor.py:925} INFO - DAG(s) 'example_params_trigger_ui' retrieved from /home/airflow/.local/lib/python3.12/site-packages/airflow/example_dags/example_params_trigger_ui.py
[2026-07-29T16:59:12.528+0000] {logging_mixin.py:190} INFO - [2026-07-29T16:59:12.528+0000] {dag.py:3211} INFO - Sync 1 DAGs
[2026-07-29T16:59:12.535+0000] {logging_mixin.py:190} INFO - [2026-07-29T16:59:12.535+0000] {dag.py:4138} INFO - Setting next_dagrun for example_params_trigger_ui to None, run_after=None
[2026-07-29T16:59:12.546+0000] {processor.py:208} INFO - Processing /home/airflow/.local/lib/python3.12/site-packages/airflow/example_dags/example_params_trigger_ui.py took 0.044 seconds
[2026-07-29T16:59:43.428+0000] {processor.py:186} INFO - Started process (PID=9055) to work on /home/airflow/.local/lib/python3.12/site-packages/airflow/example_dags/example_params_trigger_ui.py
[2026-07-29T16:59:43.429+0000] {processor.py:914} INFO - Processing file /home/airflow/.local/lib/python3.12/site-packages/airflow/example_dags/example_params_trigger_ui.py for tasks to queue
[2026-07-29T16:59:43.431+0000] {logging_mixin.py:190} INFO - [2026-07-29T16:59:43.431+0000] {dagbag.py:587} INFO - Filling up the DagBag from /home/airflow/.local/lib/python3.12/site-packages/airflow/example_dags/example_params_trigger_ui.py
[2026-07-29T16:59:43.436+0000] {processor.py:925} INFO - DAG(s) 'example_params_trigger_ui' retrieved from /home/airflow/.local/lib/python3.12/site-packages/airflow/example_dags/example_params_trigger_ui.py
[2026-07-29T16:59:43.459+0000] {logging_mixin.py:190} INFO - [2026-07-29T16:59:43.459+0000] {dag.py:3211} INFO - Sync 1 DAGs
[2026-07-29T16:59:43.464+0000] {logging_mixin.py:190} INFO - [2026-07-29T16:59:43.464+0000] {dag.py:4138} INFO - Setting next_dagrun for example_params_trigger_ui to None, run_after=None
[2026-07-29T16:59:43.472+0000] {processor.py:208} INFO - Processing /home/airflow/.local/lib/python3.12/site-packages/airflow/example_dags/example_params_trigger_ui.py took 0.046 seconds
[2026-07-29T17:00:14.598+0000] {processor.py:186} INFO - Started process (PID=9121) to work on /home/airflow/.local/lib/python3.12/site-packages/airflow/example_dags/example_params_trigger_ui.py
[2026-07-29T17:00:14.599+0000] {processor.py:914} INFO - Processing file /home/airflow/.local/lib/python3.12/site-packages/airflow/example_dags/example_params_trigger_ui.py for tasks to queue
[2026-07-29T17:00:14.600+0000] {logging_mixin.py:190} INFO - [2026-07-29T17:00:14.600+0000] {dagbag.py:587} INFO - Filling up the DagBag from /home/airflow/.local/lib/python3.12/site-packages/airflow/example_dags/example_params_trigger_ui.py
[2026-07-29T17:00:14.605+0000] {processor.py:925} INFO - DAG(s) 'example_params_trigger_ui' retrieved from /home/airflow/.local/lib/python3.12/site-packages/airflow/example_dags/example_params_trigger_ui.py
[2026-07-29T17:00:14.620+0000] {logging_mixin.py:190} INFO - [2026-07-29T17:00:14.620+0000] {dag.py:3211} INFO - Sync 1 DAGs
[2026-07-29T17:00:14.626+0000] {logging_mixin.py:190} INFO - [2026-07-29T17:00:14.626+0000] {dag.py:4138} INFO - Setting next_dagrun for example_params_trigger_ui to None, run_after=None
[2026-07-29T17:00:14.633+0000] {processor.py:208} INFO - Processing /home/airflow/.local/lib/python3.12/site-packages/airflow/example_dags/example_params_trigger_ui.py took 0.038 seconds
[2026-07-29T17:00:45.627+0000] {processor.py:186} INFO - Started process (PID=9187) to work on /home/airflow/.local/lib/python3.12/site-packages/airflow/example_dags/example_params_trigger_ui.py
[2026-07-29T17:00:45.627+0000] {processor.py:914} INFO - Processing file /home/airflow/.local/lib/python3.12/site-packages/airflow/example_dags/example_params_trigger_ui.py for tasks to queue
[2026-07-29T17:00:45.629+0000] {logging_mixin.py:190} INFO - [2026-07-29T17:00:45.629+0000] {dagbag.py:587} INFO - Filling up the DagBag from /home/airflow/.local/lib/python3.12/site-packages/airflow/example_dags/example_params_trigger_ui.py
[2026-07-29T17:00:45.634+0000] {processor.py:925} INFO - DAG(s) 'example_params_trigger_ui' retrieved from /home/airflow/.local/lib/python3.12/site-packages/airflow/example_dags/example_params_trigger_ui.py
[2026-07-29T17:00:45.654+0000] {logging_mixin.py:190} INFO - [2026-07-29T17:00:45.652+0000] {dag.py:3211} INFO - Sync 1 DAGs
[2026-07-29T17:00:45.660+0000] {logging_mixin.py:190} INFO - [2026-07-29T17:00:45.660+0000] {dag.py:4138} INFO - Setting next_dagrun for example_params_trigger_ui to None, run_after=None
[2026-07-29T17:00:45.671+0000] {processor.py:208} INFO - Processing /home/airflow/.local/lib/python3.12/site-packages/airflow/example_dags/example_params_trigger_ui.py took 0.047 seconds
[2026-07-29T17:01:15.767+0000] {processor.py:186} INFO - Started process (PID=9253) to work on /home/airflow/.local/lib/python3.12/site-packages/airflow/example_dags/example_params_trigger_ui.py
[2026-07-29T17:01:15.768+0000] {processor.py:914} INFO - Processing file /home/airflow/.local/lib/python3.12/site-packages/airflow/example_dags/example_params_trigger_ui.py for tasks to queue
[2026-07-29T17:01:15.769+0000] {logging_mixin.py:190} INFO - [2026-07-29T17:01:15.769+0000] {dagbag.py:587} INFO - Filling up the DagBag from /home/airflow/.local/lib/python3.12/site-packages/airflow/example_dags/example_params_trigger_ui.py
[2026-07-29T17:01:15.775+0000] {processor.py:925} INFO - DAG(s) 'example_params_trigger_ui' retrieved from /home/airflow/.local/lib/python3.12/site-packages/airflow/example_dags/example_params_trigger_ui.py
[2026-07-29T17:01:15.792+0000] {logging_mixin.py:190} INFO - [2026-07-29T17:01:15.792+0000] {dag.py:3211} INFO - Sync 1 DAGs
[2026-07-29T17:01:15.798+0000] {logging_mixin.py:190} INFO - [2026-07-29T17:01:15.798+0000] {dag.py:4138} INFO - Setting next_dagrun for example_params_trigger_ui to None, run_after=None
[2026-07-29T17:01:15.805+0000] {processor.py:208} INFO - Processing /home/airflow/.local/lib/python3.12/site-packages/airflow/example_dags/example_params_trigger_ui.py took 0.041 seconds
[2026-07-29T17:01:45.849+0000] {processor.py:186} INFO - Started process (PID=9319) to work on /home/airflow/.local/lib/python3.12/site-packages/airflow/example_dags/example_params_trigger_ui.py
[2026-07-29T17:01:45.850+0000] {processor.py:914} INFO - Processing file /home/airflow/.local/lib/python3.12/site-packages/airflow/example_dags/example_params_trigger_ui.py for tasks to queue
[2026-07-29T17:01:45.851+0000] {logging_mixin.py:190} INFO - [2026-07-29T17:01:45.851+0000] {dagbag.py:587} INFO - Filling up the DagBag from /home/airflow/.local/lib/python3.12/site-packages/airflow/example_dags/example_params_trigger_ui.py
[2026-07-29T17:01:45.856+0000] {processor.py:925} INFO - DAG(s) 'example_params_trigger_ui' retrieved from /home/airflow/.local/lib/python3.12/site-packages/airflow/example_dags/example_params_trigger_ui.py
[2026-07-29T17:01:45.872+0000] {logging_mixin.py:190} INFO - [2026-07-29T17:01:45.872+0000] {dag.py:3211} INFO - Sync 1 DAGs
[2026-07-29T17:01:45.877+0000] {logging_mixin.py:190} INFO - [2026-07-29T17:01:45.877+0000] {dag.py:4138} INFO - Setting next_dagrun for example_params_trigger_ui to None, run_after=None
[2026-07-29T17:01:45.884+0000] {processor.py:208} INFO - Processing /home/airflow/.local/lib/python3.12/site-packages/airflow/example_dags/example_params_trigger_ui.py took 0.038 seconds
[2026-07-29T17:02:15.917+0000] {processor.py:186} INFO - Started process (PID=9385) to work on /home/airflow/.local/lib/python3.12/site-packages/airflow/example_dags/example_params_trigger_ui.py
[2026-07-29T17:02:15.917+0000] {processor.py:914} INFO - Processing file /home/airflow/.local/lib/python3.12/site-packages/airflow/example_dags/example_params_trigger_ui.py for tasks to queue
[2026-07-29T17:02:15.918+0000] {logging_mixin.py:190} INFO - [2026-07-29T17:02:15.918+0000] {dagbag.py:587} INFO - Filling up the DagBag from /home/airflow/.local/lib/python3.12/site-packages/airflow/example_dags/example_params_trigger_ui.py
[2026-07-29T17:02:15.923+0000] {processor.py:925} INFO - DAG(s) 'example_params_trigger_ui' retrieved from /home/airflow/.local/lib/python3.12/site-packages/airflow/example_dags/example_params_trigger_ui.py
[2026-07-29T17:02:15.937+0000] {logging_mixin.py:190} INFO - [2026-07-29T17:02:15.937+0000] {dag.py:3211} INFO - Sync 1 DAGs
[2026-07-29T17:02:15.942+0000] {logging_mixin.py:190} INFO - [2026-07-29T17:02:15.942+0000] {dag.py:4138} INFO - Setting next_dagrun for example_params_trigger_ui to None, run_after=None
[2026-07-29T17:02:15.948+0000] {processor.py:208} INFO - Processing /home/airflow/.local/lib/python3.12/site-packages/airflow/example_dags/example_params_trigger_ui.py took 0.034 seconds
[2026-07-29T17:02:46.913+0000] {processor.py:186} INFO - Started process (PID=9451) to work on /home/airflow/.local/lib/python3.12/site-packages/airflow/example_dags/example_params_trigger_ui.py
[2026-07-29T17:02:46.914+0000] {processor.py:914} INFO - Processing file /home/airflow/.local/lib/python3.12/site-packages/airflow/example_dags/example_params_trigger_ui.py for tasks to queue
[2026-07-29T17:02:46.917+0000] {logging_mixin.py:190} INFO - [2026-07-29T17:02:46.916+0000] {dagbag.py:587} INFO - Filling up the DagBag from /home/airflow/.local/lib/python3.12/site-packages/airflow/example_dags/example_params_trigger_ui.py
[2026-07-29T17:02:46.922+0000] {processor.py:925} INFO - DAG(s) 'example_params_trigger_ui' retrieved from /home/airflow/.local/lib/python3.12/site-packages/airflow/example_dags/example_params_trigger_ui.py
[2026-07-29T17:02:46.940+0000] {logging_mixin.py:190} INFO - [2026-07-29T17:02:46.940+0000] {dag.py:3211} INFO - Sync 1 DAGs
[2026-07-29T17:02:46.947+0000] {logging_mixin.py:190} INFO - [2026-07-29T17:02:46.947+0000] {dag.py:4138} INFO - Setting next_dagrun for example_params_trigger_ui to None, run_after=None
[2026-07-29T17:02:46.959+0000] {processor.py:208} INFO - Processing /home/airflow/.local/lib/python3.12/site-packages/airflow/example_dags/example_params_trigger_ui.py took 0.049 seconds
[2026-07-29T17:03:17.908+0000] {processor.py:186} INFO - Started process (PID=9517) to work on /home/airflow/.local/lib/python3.12/site-packages/airflow/example_dags/example_params_trigger_ui.py
[2026-07-29T17:03:17.909+0000] {processor.py:914} INFO - Processing file /home/airflow/.local/lib/python3.12/site-packages/airflow/example_dags/example_params_trigger_ui.py for tasks to queue
[2026-07-29T17:03:17.910+0000] {logging_mixin.py:190} INFO - [2026-07-29T17:03:17.910+0000] {dagbag.py:587} INFO - Filling up the DagBag from /home/airflow/.local/lib/python3.12/site-packages/airflow/example_dags/example_params_trigger_ui.py
[2026-07-29T17:03:17.914+0000] {processor.py:925} INFO - DAG(s) 'example_params_trigger_ui' retrieved from /home/airflow/.local/lib/python3.12/site-packages/airflow/example_dags/example_params_trigger_ui.py
[2026-07-29T17:03:17.928+0000] {logging_mixin.py:190} INFO - [2026-07-29T17:03:17.928+0000] {dag.py:3211} INFO - Sync 1 DAGs
[2026-07-29T17:03:17.933+0000] {logging_mixin.py:190} INFO - [2026-07-29T17:03:17.933+0000] {dag.py:4138} INFO - Setting next_dagrun for example_params_trigger_ui to None, run_after=None
[2026-07-29T17:03:17.939+0000] {processor.py:208} INFO - Processing /home/airflow/.local/lib/python3.12/site-packages/airflow/example_dags/example_params_trigger_ui.py took 0.034 seconds
[2026-07-29T17:03:54.436+0000] {processor.py:186} INFO - Started process (PID=9589) to work on /home/airflow/.local/lib/python3.12/site-packages/airflow/example_dags/example_params_trigger_ui.py
[2026-07-29T17:03:54.437+0000] {processor.py:914} INFO - Processing file /home/airflow/.local/lib/python3.12/site-packages/airflow/example_dags/example_params_trigger_ui.py for tasks to queue
[2026-07-29T17:03:54.438+0000] {logging_mixin.py:190} INFO - [2026-07-29T17:03:54.438+0000] {dagbag.py:587} INFO - Filling up the DagBag from /home/airflow/.local/lib/python3.12/site-packages/airflow/example_dags/example_params_trigger_ui.py
[2026-07-29T17:03:54.443+0000] {processor.py:925} INFO - DAG(s) 'example_params_trigger_ui' retrieved from /home/airflow/.local/lib/python3.12/site-packages/airflow/example_dags/example_params_trigger_ui.py
[2026-07-29T17:03:54.461+0000] {logging_mixin.py:190} INFO - [2026-07-29T17:03:54.461+0000] {dag.py:3211} INFO - Sync 1 DAGs
[2026-07-29T17:03:54.467+0000] {logging_mixin.py:190} INFO - [2026-07-29T17:03:54.467+0000] {dag.py:4138} INFO - Setting next_dagrun for example_params_trigger_ui to None, run_after=None
[2026-07-29T17:03:54.478+0000] {processor.py:208} INFO - Processing /home/airflow/.local/lib/python3.12/site-packages/airflow/example_dags/example_params_trigger_ui.py took 0.044 seconds
[2026-07-29T17:04:24.568+0000] {processor.py:186} INFO - Started process (PID=9655) to work on /home/airflow/.local/lib/python3.12/site-packages/airflow/example_dags/example_params_trigger_ui.py
[2026-07-29T17:04:24.569+0000] {processor.py:914} INFO - Processing file /home/airflow/.local/lib/python3.12/site-packages/airflow/example_dags/example_params_trigger_ui.py for tasks to queue
[2026-07-29T17:04:24.570+0000] {logging_mixin.py:190} INFO - [2026-07-29T17:04:24.570+0000] {dagbag.py:587} INFO - Filling up the DagBag from /home/airflow/.local/lib/python3.12/site-packages/airflow/example_dags/example_params_trigger_ui.py
[2026-07-29T17:04:24.575+0000] {processor.py:925} INFO - DAG(s) 'example_params_trigger_ui' retrieved from /home/airflow/.local/lib/python3.12/site-packages/airflow/example_dags/example_params_trigger_ui.py
[2026-07-29T17:04:24.597+0000] {logging_mixin.py:190} INFO - [2026-07-29T17:04:24.596+0000] {dag.py:3211} INFO - Sync 1 DAGs
[2026-07-29T17:04:24.605+0000] {logging_mixin.py:190} INFO - [2026-07-29T17:04:24.605+0000] {dag.py:4138} INFO - Setting next_dagrun for example_params_trigger_ui to None, run_after=None
[2026-07-29T17:04:24.617+0000] {processor.py:208} INFO - Processing /home/airflow/.local/lib/python3.12/site-packages/airflow/example_dags/example_params_trigger_ui.py took 0.052 seconds
[2026-07-29T17:04:54.706+0000] {processor.py:186} INFO - Started process (PID=9721) to work on /home/airflow/.local/lib/python3.12/site-packages/airflow/example_dags/example_params_trigger_ui.py
[2026-07-29T17:04:54.707+0000] {processor.py:914} INFO - Processing file /home/airflow/.local/lib/python3.12/site-packages/airflow/example_dags/example_params_trigger_ui.py for tasks to queue
[2026-07-29T17:04:54.709+0000] {logging_mixin.py:190} INFO - [2026-07-29T17:04:54.709+0000] {dagbag.py:587} INFO - Filling up the DagBag from /home/airflow/.local/lib/python3.12/site-packages/airflow/example_dags/example_params_trigger_ui.py
[2026-07-29T17:04:54.715+0000] {processor.py:925} INFO - DAG(s) 'example_params_trigger_ui' retrieved from /home/airflow/.local/lib/python3.12/site-packages/airflow/example_dags/example_params_trigger_ui.py
[2026-07-29T17:04:54.737+0000] {logging_mixin.py:190} INFO - [2026-07-29T17:04:54.737+0000] {dag.py:3211} INFO - Sync 1 DAGs
[2026-07-29T17:04:54.742+0000] {logging_mixin.py:190} INFO - [2026-07-29T17:04:54.742+0000] {dag.py:4138} INFO - Setting next_dagrun for example_params_trigger_ui to None, run_after=None
[2026-07-29T17:04:54.748+0000] {processor.py:208} INFO - Processing /home/airflow/.local/lib/python3.12/site-packages/airflow/example_dags/example_params_trigger_ui.py took 0.044 seconds
[2026-07-29T17:05:25.837+0000] {processor.py:186} INFO - Started process (PID=9787) to work on /home/airflow/.local/lib/python3.12/site-packages/airflow/example_dags/example_params_trigger_ui.py
[2026-07-29T17:05:25.838+0000] {processor.py:914} INFO - Processing file /home/airflow/.local/lib/python3.12/site-packages/airflow/example_dags/example_params_trigger_ui.py for tasks to queue
[2026-07-29T17:05:25.839+0000] {logging_mixin.py:190} INFO - [2026-07-29T17:05:25.839+0000] {dagbag.py:587} INFO - Filling up the DagBag from /home/airflow/.local/lib/python3.12/site-packages/airflow/example_dags/example_params_trigger_ui.py
[2026-07-29T17:05:25.847+0000] {processor.py:925} INFO - DAG(s) 'example_params_trigger_ui' retrieved from /home/airflow/.local/lib/python3.12/site-packages/airflow/example_dags/example_params_trigger_ui.py
[2026-07-29T17:05:25.868+0000] {logging_mixin.py:190} INFO - [2026-07-29T17:05:25.868+0000] {dag.py:3211} INFO - Sync 1 DAGs
[2026-07-29T17:05:25.874+0000] {logging_mixin.py:190} INFO - [2026-07-29T17:05:25.874+0000] {dag.py:4138} INFO - Setting next_dagrun for example_params_trigger_ui to None, run_after=None
[2026-07-29T17:05:25.881+0000] {processor.py:208} INFO - Processing /home/airflow/.local/lib/python3.12/site-packages/airflow/example_dags/example_params_trigger_ui.py took 0.048 seconds
[2026-07-29T17:05:56.711+0000] {processor.py:186} INFO - Started process (PID=9853) to work on /home/airflow/.local/lib/python3.12/site-packages/airflow/example_dags/example_params_trigger_ui.py
[2026-07-29T17:05:56.711+0000] {processor.py:914} INFO - Processing file /home/airflow/.local/lib/python3.12/site-packages/airflow/example_dags/example_params_trigger_ui.py for tasks to queue
[2026-07-29T17:05:56.712+0000] {logging_mixin.py:190} INFO - [2026-07-29T17:05:56.712+0000] {dagbag.py:587} INFO - Filling up the DagBag from /home/airflow/.local/lib/python3.12/site-packages/airflow/example_dags/example_params_trigger_ui.py
[2026-07-29T17:05:56.718+0000] {processor.py:925} INFO - DAG(s) 'example_params_trigger_ui' retrieved from /home/airflow/.local/lib/python3.12/site-packages/airflow/example_dags/example_params_trigger_ui.py
[2026-07-29T17:05:56.734+0000] {logging_mixin.py:190} INFO - [2026-07-29T17:05:56.734+0000] {dag.py:3211} INFO - Sync 1 DAGs
[2026-07-29T17:05:56.740+0000] {logging_mixin.py:190} INFO - [2026-07-29T17:05:56.740+0000] {dag.py:4138} INFO - Setting next_dagrun for example_params_trigger_ui to None, run_after=None
[2026-07-29T17:05:56.748+0000] {processor.py:208} INFO - Processing /home/airflow/.local/lib/python3.12/site-packages/airflow/example_dags/example_params_trigger_ui.py took 0.041 seconds
[2026-07-29T17:06:27.642+0000] {processor.py:186} INFO - Started process (PID=9919) to work on /home/airflow/.local/lib/python3.12/site-packages/airflow/example_dags/example_params_trigger_ui.py
[2026-07-29T17:06:27.643+0000] {processor.py:914} INFO - Processing file /home/airflow/.local/lib/python3.12/site-packages/airflow/example_dags/example_params_trigger_ui.py for tasks to queue
[2026-07-29T17:06:27.645+0000] {logging_mixin.py:190} INFO - [2026-07-29T17:06:27.645+0000] {dagbag.py:587} INFO - Filling up the DagBag from /home/airflow/.local/lib/python3.12/site-packages/airflow/example_dags/example_params_trigger_ui.py
[2026-07-29T17:06:27.650+0000] {processor.py:925} INFO - DAG(s) 'example_params_trigger_ui' retrieved from /home/airflow/.local/lib/python3.12/site-packages/airflow/example_dags/example_params_trigger_ui.py
[2026-07-29T17:06:27.671+0000] {logging_mixin.py:190} INFO - [2026-07-29T17:06:27.671+0000] {dag.py:3211} INFO - Sync 1 DAGs
[2026-07-29T17:06:27.677+0000] {logging_mixin.py:190} INFO - [2026-07-29T17:06:27.676+0000] {dag.py:4138} INFO - Setting next_dagrun for example_params_trigger_ui to None, run_after=None
[2026-07-29T17:06:27.682+0000] {processor.py:208} INFO - Processing /home/airflow/.local/lib/python3.12/site-packages/airflow/example_dags/example_params_trigger_ui.py took 0.043 seconds
[2026-07-29T17:06:57.947+0000] {processor.py:186} INFO - Started process (PID=9985) to work on /home/airflow/.local/lib/python3.12/site-packages/airflow/example_dags/example_params_trigger_ui.py
[2026-07-29T17:06:57.948+0000] {processor.py:914} INFO - Processing file /home/airflow/.local/lib/python3.12/site-packages/airflow/example_dags/example_params_trigger_ui.py for tasks to queue
[2026-07-29T17:06:57.949+0000] {logging_mixin.py:190} INFO - [2026-07-29T17:06:57.949+0000] {dagbag.py:587} INFO - Filling up the DagBag from /home/airflow/.local/lib/python3.12/site-packages/airflow/example_dags/example_params_trigger_ui.py
[2026-07-29T17:06:57.955+0000] {processor.py:925} INFO - DAG(s) 'example_params_trigger_ui' retrieved from /home/airflow/.local/lib/python3.12/site-packages/airflow/example_dags/example_params_trigger_ui.py
[2026-07-29T17:06:57.971+0000] {logging_mixin.py:190} INFO - [2026-07-29T17:06:57.971+0000] {dag.py:3211} INFO - Sync 1 DAGs
[2026-07-29T17:06:57.980+0000] {logging_mixin.py:190} INFO - [2026-07-29T17:06:57.980+0000] {dag.py:4138} INFO - Setting next_dagrun for example_params_trigger_ui to None, run_after=None
[2026-07-29T17:06:57.991+0000] {processor.py:208} INFO - Processing /home/airflow/.local/lib/python3.12/site-packages/airflow/example_dags/example_params_trigger_ui.py took 0.047 seconds
[2026-07-29T17:07:28.177+0000] {processor.py:186} INFO - Started process (PID=10051) to work on /home/airflow/.local/lib/python3.12/site-packages/airflow/example_dags/example_params_trigger_ui.py
[2026-07-29T17:07:28.178+0000] {processor.py:914} INFO - Processing file /home/airflow/.local/lib/python3.12/site-packages/airflow/example_dags/example_params_trigger_ui.py for tasks to queue
[2026-07-29T17:07:28.179+0000] {logging_mixin.py:190} INFO - [2026-07-29T17:07:28.178+0000] {dagbag.py:587} INFO - Filling up the DagBag from /home/airflow/.local/lib/python3.12/site-packages/airflow/example_dags/example_params_trigger_ui.py
[2026-07-29T17:07:28.183+0000] {processor.py:925} INFO - DAG(s) 'example_params_trigger_ui' retrieved from /home/airflow/.local/lib/python3.12/site-packages/airflow/example_dags/example_params_trigger_ui.py
[2026-07-29T17:07:28.196+0000] {logging_mixin.py:190} INFO - [2026-07-29T17:07:28.196+0000] {dag.py:3211} INFO - Sync 1 DAGs
[2026-07-29T17:07:28.201+0000] {logging_mixin.py:190} INFO - [2026-07-29T17:07:28.201+0000] {dag.py:4138} INFO - Setting next_dagrun for example_params_trigger_ui to None, run_after=None
[2026-07-29T17:07:28.206+0000] {processor.py:208} INFO - Processing /home/airflow/.local/lib/python3.12/site-packages/airflow/example_dags/example_params_trigger_ui.py took 0.031 seconds
[2026-07-29T17:07:58.473+0000] {processor.py:186} INFO - Started process (PID=10117) to work on /home/airflow/.local/lib/python3.12/site-packages/airflow/example_dags/example_params_trigger_ui.py
[2026-07-29T17:07:58.473+0000] {processor.py:914} INFO - Processing file /home/airflow/.local/lib/python3.12/site-packages/airflow/example_dags/example_params_trigger_ui.py for tasks to queue
[2026-07-29T17:07:58.475+0000] {logging_mixin.py:190} INFO - [2026-07-29T17:07:58.475+0000] {dagbag.py:587} INFO - Filling up the DagBag from /home/airflow/.local/lib/python3.12/site-packages/airflow/example_dags/example_params_trigger_ui.py
[2026-07-29T17:07:58.480+0000] {processor.py:925} INFO - DAG(s) 'example_params_trigger_ui' retrieved from /home/airflow/.local/lib/python3.12/site-packages/airflow/example_dags/example_params_trigger_ui.py
[2026-07-29T17:07:58.505+0000] {logging_mixin.py:190} INFO - [2026-07-29T17:07:58.505+0000] {dag.py:3211} INFO - Sync 1 DAGs
[2026-07-29T17:07:58.513+0000] {logging_mixin.py:190} INFO - [2026-07-29T17:07:58.513+0000] {dag.py:4138} INFO - Setting next_dagrun for example_params_trigger_ui to None, run_after=None
[2026-07-29T17:07:58.528+0000] {processor.py:208} INFO - Processing /home/airflow/.local/lib/python3.12/site-packages/airflow/example_dags/example_params_trigger_ui.py took 0.059 seconds
[2026-07-29T17:08:28.984+0000] {processor.py:186} INFO - Started process (PID=10183) to work on /home/airflow/.local/lib/python3.12/site-packages/airflow/example_dags/example_params_trigger_ui.py
[2026-07-29T17:08:28.984+0000] {processor.py:914} INFO - Processing file /home/airflow/.local/lib/python3.12/site-packages/airflow/example_dags/example_params_trigger_ui.py for tasks to queue
[2026-07-29T17:08:28.986+0000] {logging_mixin.py:190} INFO - [2026-07-29T17:08:28.986+0000] {dagbag.py:587} INFO - Filling up the DagBag from /home/airflow/.local/lib/python3.12/site-packages/airflow/example_dags/example_params_trigger_ui.py
[2026-07-29T17:08:28.991+0000] {processor.py:925} INFO - DAG(s) 'example_params_trigger_ui' retrieved from /home/airflow/.local/lib/python3.12/site-packages/airflow/example_dags/example_params_trigger_ui.py
[2026-07-29T17:08:29.009+0000] {logging_mixin.py:190} INFO - [2026-07-29T17:08:29.009+0000] {dag.py:3211} INFO - Sync 1 DAGs
[2026-07-29T17:08:29.016+0000] {logging_mixin.py:190} INFO - [2026-07-29T17:08:29.016+0000] {dag.py:4138} INFO - Setting next_dagrun for example_params_trigger_ui to None, run_after=None
[2026-07-29T17:08:29.027+0000] {processor.py:208} INFO - Processing /home/airflow/.local/lib/python3.12/site-packages/airflow/example_dags/example_params_trigger_ui.py took 0.046 seconds
[2026-07-29T17:08:59.978+0000] {processor.py:186} INFO - Started process (PID=10249) to work on /home/airflow/.local/lib/python3.12/site-packages/airflow/example_dags/example_params_trigger_ui.py
[2026-07-29T17:08:59.978+0000] {processor.py:914} INFO - Processing file /home/airflow/.local/lib/python3.12/site-packages/airflow/example_dags/example_params_trigger_ui.py for tasks to queue
[2026-07-29T17:08:59.980+0000] {logging_mixin.py:190} INFO - [2026-07-29T17:08:59.979+0000] {dagbag.py:587} INFO - Filling up the DagBag from /home/airflow/.local/lib/python3.12/site-packages/airflow/example_dags/example_params_trigger_ui.py
[2026-07-29T17:08:59.985+0000] {processor.py:925} INFO - DAG(s) 'example_params_trigger_ui' retrieved from /home/airflow/.local/lib/python3.12/site-packages/airflow/example_dags/example_params_trigger_ui.py
[2026-07-29T17:09:00.001+0000] {logging_mixin.py:190} INFO - [2026-07-29T17:09:00.001+0000] {dag.py:3211} INFO - Sync 1 DAGs
[2026-07-29T17:09:00.007+0000] {logging_mixin.py:190} INFO - [2026-07-29T17:09:00.007+0000] {dag.py:4138} INFO - Setting next_dagrun for example_params_trigger_ui to None, run_after=None
[2026-07-29T17:09:00.013+0000] {processor.py:208} INFO - Processing /home/airflow/.local/lib/python3.12/site-packages/airflow/example_dags/example_params_trigger_ui.py took 0.039 seconds
[2026-07-29T17:09:30.634+0000] {processor.py:186} INFO - Started process (PID=10315) to work on /home/airflow/.local/lib/python3.12/site-packages/airflow/example_dags/example_params_trigger_ui.py
[2026-07-29T17:09:30.635+0000] {processor.py:914} INFO - Processing file /home/airflow/.local/lib/python3.12/site-packages/airflow/example_dags/example_params_trigger_ui.py for tasks to queue
[2026-07-29T17:09:30.636+0000] {logging_mixin.py:190} INFO - [2026-07-29T17:09:30.636+0000] {dagbag.py:587} INFO - Filling up the DagBag from /home/airflow/.local/lib/python3.12/site-packages/airflow/example_dags/example_params_trigger_ui.py
[2026-07-29T17:09:30.643+0000] {processor.py:925} INFO - DAG(s) 'example_params_trigger_ui' retrieved from /home/airflow/.local/lib/python3.12/site-packages/airflow/example_dags/example_params_trigger_ui.py
[2026-07-29T17:09:30.664+0000] {logging_mixin.py:190} INFO - [2026-07-29T17:09:30.664+0000] {dag.py:3211} INFO - Sync 1 DAGs
[2026-07-29T17:09:30.673+0000] {logging_mixin.py:190} INFO - [2026-07-29T17:09:30.673+0000] {dag.py:4138} INFO - Setting next_dagrun for example_params_trigger_ui to None, run_after=None
[2026-07-29T17:09:30.679+0000] {processor.py:208} INFO - Processing /home/airflow/.local/lib/python3.12/site-packages/airflow/example_dags/example_params_trigger_ui.py took 0.048 seconds
[2026-07-29T17:10:01.219+0000] {processor.py:186} INFO - Started process (PID=10381) to work on /home/airflow/.local/lib/python3.12/site-packages/airflow/example_dags/example_params_trigger_ui.py
[2026-07-29T17:10:01.219+0000] {processor.py:914} INFO - Processing file /home/airflow/.local/lib/python3.12/site-packages/airflow/example_dags/example_params_trigger_ui.py for tasks to queue
[2026-07-29T17:10:01.220+0000] {logging_mixin.py:190} INFO - [2026-07-29T17:10:01.220+0000] {dagbag.py:587} INFO - Filling up the DagBag from /home/airflow/.local/lib/python3.12/site-packages/airflow/example_dags/example_params_trigger_ui.py
[2026-07-29T17:10:01.227+0000] {processor.py:925} INFO - DAG(s) 'example_params_trigger_ui' retrieved from /home/airflow/.local/lib/python3.12/site-packages/airflow/example_dags/example_params_trigger_ui.py
[2026-07-29T17:10:01.249+0000] {logging_mixin.py:190} INFO - [2026-07-29T17:10:01.248+0000] {dag.py:3211} INFO - Sync 1 DAGs
[2026-07-29T17:10:01.256+0000] {logging_mixin.py:190} INFO - [2026-07-29T17:10:01.256+0000] {dag.py:4138} INFO - Setting next_dagrun for example_params_trigger_ui to None, run_after=None
[2026-07-29T17:10:01.262+0000] {processor.py:208} INFO - Processing /home/airflow/.local/lib/python3.12/site-packages/airflow/example_dags/example_params_trigger_ui.py took 0.046 seconds
[2026-07-29T17:10:33.021+0000] {processor.py:186} INFO - Started process (PID=10447) to work on /home/airflow/.local/lib/python3.12/site-packages/airflow/example_dags/example_params_trigger_ui.py
[2026-07-29T17:10:33.021+0000] {processor.py:914} INFO - Processing file /home/airflow/.local/lib/python3.12/site-packages/airflow/example_dags/example_params_trigger_ui.py for tasks to queue
[2026-07-29T17:10:33.023+0000] {logging_mixin.py:190} INFO - [2026-07-29T17:10:33.022+0000] {dagbag.py:587} INFO - Filling up the DagBag from /home/airflow/.local/lib/python3.12/site-packages/airflow/example_dags/example_params_trigger_ui.py
[2026-07-29T17:10:33.028+0000] {processor.py:925} INFO - DAG(s) 'example_params_trigger_ui' retrieved from /home/airflow/.local/lib/python3.12/site-packages/airflow/example_dags/example_params_trigger_ui.py
[2026-07-29T17:10:33.134+0000] {logging_mixin.py:190} INFO - [2026-07-29T17:10:33.134+0000] {dag.py:3211} INFO - Sync 1 DAGs
[2026-07-29T17:10:33.139+0000] {logging_mixin.py:190} INFO - [2026-07-29T17:10:33.139+0000] {dag.py:4138} INFO - Setting next_dagrun for example_params_trigger_ui to None, run_after=None
[2026-07-29T17:10:33.153+0000] {processor.py:208} INFO - Processing /home/airflow/.local/lib/python3.12/site-packages/airflow/example_dags/example_params_trigger_ui.py took 0.135 seconds
[2026-07-29T17:11:03.893+0000] {processor.py:186} INFO - Started process (PID=10513) to work on /home/airflow/.local/lib/python3.12/site-packages/airflow/example_dags/example_params_trigger_ui.py
[2026-07-29T17:11:03.894+0000] {processor.py:914} INFO - Processing file /home/airflow/.local/lib/python3.12/site-packages/airflow/example_dags/example_params_trigger_ui.py for tasks to queue
[2026-07-29T17:11:03.895+0000] {logging_mixin.py:190} INFO - [2026-07-29T17:11:03.895+0000] {dagbag.py:587} INFO - Filling up the DagBag from /home/airflow/.local/lib/python3.12/site-packages/airflow/example_dags/example_params_trigger_ui.py
[2026-07-29T17:11:03.900+0000] {processor.py:925} INFO - DAG(s) 'example_params_trigger_ui' retrieved from /home/airflow/.local/lib/python3.12/site-packages/airflow/example_dags/example_params_trigger_ui.py
[2026-07-29T17:11:03.915+0000] {logging_mixin.py:190} INFO - [2026-07-29T17:11:03.914+0000] {dag.py:3211} INFO - Sync 1 DAGs
[2026-07-29T17:11:04.006+0000] {logging_mixin.py:190} INFO - [2026-07-29T17:11:04.006+0000] {dag.py:4138} INFO - Setting next_dagrun for example_params_trigger_ui to None, run_after=None
[2026-07-29T17:11:04.016+0000] {processor.py:208} INFO - Processing /home/airflow/.local/lib/python3.12/site-packages/airflow/example_dags/example_params_trigger_ui.py took 0.126 seconds
[2026-07-29T17:11:34.373+0000] {processor.py:186} INFO - Started process (PID=10579) to work on /home/airflow/.local/lib/python3.12/site-packages/airflow/example_dags/example_params_trigger_ui.py
[2026-07-29T17:11:34.374+0000] {processor.py:914} INFO - Processing file /home/airflow/.local/lib/python3.12/site-packages/airflow/example_dags/example_params_trigger_ui.py for tasks to queue
[2026-07-29T17:11:34.376+0000] {logging_mixin.py:190} INFO - [2026-07-29T17:11:34.376+0000] {dagbag.py:587} INFO - Filling up the DagBag from /home/airflow/.local/lib/python3.12/site-packages/airflow/example_dags/example_params_trigger_ui.py
[2026-07-29T17:11:34.383+0000] {processor.py:925} INFO - DAG(s) 'example_params_trigger_ui' retrieved from /home/airflow/.local/lib/python3.12/site-packages/airflow/example_dags/example_params_trigger_ui.py
[2026-07-29T17:11:34.405+0000] {logging_mixin.py:190} INFO - [2026-07-29T17:11:34.404+0000] {dag.py:3211} INFO - Sync 1 DAGs
[2026-07-29T17:11:34.411+0000] {logging_mixin.py:190} INFO - [2026-07-29T17:11:34.411+0000] {dag.py:4138} INFO - Setting next_dagrun for example_params_trigger_ui to None, run_after=None
[2026-07-29T17:11:34.418+0000] {processor.py:208} INFO - Processing /home/airflow/.local/lib/python3.12/site-packages/airflow/example_dags/example_params_trigger_ui.py took 0.048 seconds
[2026-07-29T17:12:05.335+0000] {processor.py:186} INFO - Started process (PID=10645) to work on /home/airflow/.local/lib/python3.12/site-packages/airflow/example_dags/example_params_trigger_ui.py
[2026-07-29T17:12:05.337+0000] {processor.py:914} INFO - Processing file /home/airflow/.local/lib/python3.12/site-packages/airflow/example_dags/example_params_trigger_ui.py for tasks to queue
[2026-07-29T17:12:05.338+0000] {logging_mixin.py:190} INFO - [2026-07-29T17:12:05.338+0000] {dagbag.py:587} INFO - Filling up the DagBag from /home/airflow/.local/lib/python3.12/site-packages/airflow/example_dags/example_params_trigger_ui.py
[2026-07-29T17:12:05.344+0000] {processor.py:925} INFO - DAG(s) 'example_params_trigger_ui' retrieved from /home/airflow/.local/lib/python3.12/site-packages/airflow/example_dags/example_params_trigger_ui.py
[2026-07-29T17:12:05.361+0000] {logging_mixin.py:190} INFO - [2026-07-29T17:12:05.361+0000] {dag.py:3211} INFO - Sync 1 DAGs
[2026-07-29T17:12:05.370+0000] {logging_mixin.py:190} INFO - [2026-07-29T17:12:05.370+0000] {dag.py:4138} INFO - Setting next_dagrun for example_params_trigger_ui to None, run_after=None
[2026-07-29T17:12:05.376+0000] {processor.py:208} INFO - Processing /home/airflow/.local/lib/python3.12/site-packages/airflow/example_dags/example_params_trigger_ui.py took 0.044 seconds
[2026-07-29T17:12:35.499+0000] {processor.py:186} INFO - Started process (PID=10711) to work on /home/airflow/.local/lib/python3.12/site-packages/airflow/example_dags/example_params_trigger_ui.py
[2026-07-29T17:12:35.500+0000] {processor.py:914} INFO - Processing file /home/airflow/.local/lib/python3.12/site-packages/airflow/example_dags/example_params_trigger_ui.py for tasks to queue
[2026-07-29T17:12:35.502+0000] {logging_mixin.py:190} INFO - [2026-07-29T17:12:35.501+0000] {dagbag.py:587} INFO - Filling up the DagBag from /home/airflow/.local/lib/python3.12/site-packages/airflow/example_dags/example_params_trigger_ui.py
[2026-07-29T17:12:35.507+0000] {processor.py:925} INFO - DAG(s) 'example_params_trigger_ui' retrieved from /home/airflow/.local/lib/python3.12/site-packages/airflow/example_dags/example_params_trigger_ui.py
[2026-07-29T17:12:35.533+0000] {logging_mixin.py:190} INFO - [2026-07-29T17:12:35.533+0000] {dag.py:3211} INFO - Sync 1 DAGs
[2026-07-29T17:12:35.538+0000] {logging_mixin.py:190} INFO - [2026-07-29T17:12:35.538+0000] {dag.py:4138} INFO - Setting next_dagrun for example_params_trigger_ui to None, run_after=None
[2026-07-29T17:12:35.544+0000] {processor.py:208} INFO - Processing /home/airflow/.local/lib/python3.12/site-packages/airflow/example_dags/example_params_trigger_ui.py took 0.047 seconds
[2026-07-29T17:13:06.408+0000] {processor.py:186} INFO - Started process (PID=10777) to work on /home/airflow/.local/lib/python3.12/site-packages/airflow/example_dags/example_params_trigger_ui.py
[2026-07-29T17:13:06.409+0000] {processor.py:914} INFO - Processing file /home/airflow/.local/lib/python3.12/site-packages/airflow/example_dags/example_params_trigger_ui.py for tasks to queue
[2026-07-29T17:13:06.411+0000] {logging_mixin.py:190} INFO - [2026-07-29T17:13:06.411+0000] {dagbag.py:587} INFO - Filling up the DagBag from /home/airflow/.local/lib/python3.12/site-packages/airflow/example_dags/example_params_trigger_ui.py
[2026-07-29T17:13:06.417+0000] {processor.py:925} INFO - DAG(s) 'example_params_trigger_ui' retrieved from /home/airflow/.local/lib/python3.12/site-packages/airflow/example_dags/example_params_trigger_ui.py
[2026-07-29T17:13:06.442+0000] {logging_mixin.py:190} INFO - [2026-07-29T17:13:06.442+0000] {dag.py:3211} INFO - Sync 1 DAGs
[2026-07-29T17:13:06.448+0000] {logging_mixin.py:190} INFO - [2026-07-29T17:13:06.448+0000] {dag.py:4138} INFO - Setting next_dagrun for example_params_trigger_ui to None, run_after=None
[2026-07-29T17:13:06.454+0000] {processor.py:208} INFO - Processing /home/airflow/.local/lib/python3.12/site-packages/airflow/example_dags/example_params_trigger_ui.py took 0.048 seconds
[2026-07-29T17:13:36.544+0000] {processor.py:186} INFO - Started process (PID=10843) to work on /home/airflow/.local/lib/python3.12/site-packages/airflow/example_dags/example_params_trigger_ui.py
[2026-07-29T17:13:36.544+0000] {processor.py:914} INFO - Processing file /home/airflow/.local/lib/python3.12/site-packages/airflow/example_dags/example_params_trigger_ui.py for tasks to queue
[2026-07-29T17:13:36.545+0000] {logging_mixin.py:190} INFO - [2026-07-29T17:13:36.545+0000] {dagbag.py:587} INFO - Filling up the DagBag from /home/airflow/.local/lib/python3.12/site-packages/airflow/example_dags/example_params_trigger_ui.py
[2026-07-29T17:13:36.550+0000] {processor.py:925} INFO - DAG(s) 'example_params_trigger_ui' retrieved from /home/airflow/.local/lib/python3.12/site-packages/airflow/example_dags/example_params_trigger_ui.py
[2026-07-29T17:13:36.570+0000] {logging_mixin.py:190} INFO - [2026-07-29T17:13:36.570+0000] {dag.py:3211} INFO - Sync 1 DAGs
[2026-07-29T17:13:36.576+0000] {logging_mixin.py:190} INFO - [2026-07-29T17:13:36.576+0000] {dag.py:4138} INFO - Setting next_dagrun for example_params_trigger_ui to None, run_after=None
[2026-07-29T17:13:36.588+0000] {processor.py:208} INFO - Processing /home/airflow/.local/lib/python3.12/site-packages/airflow/example_dags/example_params_trigger_ui.py took 0.047 seconds
[2026-07-29T17:14:06.958+0000] {processor.py:186} INFO - Started process (PID=10909) to work on /home/airflow/.local/lib/python3.12/site-packages/airflow/example_dags/example_params_trigger_ui.py
[2026-07-29T17:14:06.958+0000] {processor.py:914} INFO - Processing file /home/airflow/.local/lib/python3.12/site-packages/airflow/example_dags/example_params_trigger_ui.py for tasks to queue
[2026-07-29T17:14:06.959+0000] {logging_mixin.py:190} INFO - [2026-07-29T17:14:06.959+0000] {dagbag.py:587} INFO - Filling up the DagBag from /home/airflow/.local/lib/python3.12/site-packages/airflow/example_dags/example_params_trigger_ui.py
[2026-07-29T17:14:06.964+0000] {processor.py:925} INFO - DAG(s) 'example_params_trigger_ui' retrieved from /home/airflow/.local/lib/python3.12/site-packages/airflow/example_dags/example_params_trigger_ui.py
[2026-07-29T17:14:06.989+0000] {logging_mixin.py:190} INFO - [2026-07-29T17:14:06.989+0000] {dag.py:3211} INFO - Sync 1 DAGs
[2026-07-29T17:14:06.995+0000] {logging_mixin.py:190} INFO - [2026-07-29T17:14:06.994+0000] {dag.py:4138} INFO - Setting next_dagrun for example_params_trigger_ui to None, run_after=None
[2026-07-29T17:14:07.002+0000] {processor.py:208} INFO - Processing /home/airflow/.local/lib/python3.12/site-packages/airflow/example_dags/example_params_trigger_ui.py took 0.047 seconds
[2026-07-29T17:14:37.863+0000] {processor.py:186} INFO - Started process (PID=10975) to work on /home/airflow/.local/lib/python3.12/site-packages/airflow/example_dags/example_params_trigger_ui.py
[2026-07-29T17:14:37.864+0000] {processor.py:914} INFO - Processing file /home/airflow/.local/lib/python3.12/site-packages/airflow/example_dags/example_params_trigger_ui.py for tasks to queue
[2026-07-29T17:14:37.865+0000] {logging_mixin.py:190} INFO - [2026-07-29T17:14:37.865+0000] {dagbag.py:587} INFO - Filling up the DagBag from /home/airflow/.local/lib/python3.12/site-packages/airflow/example_dags/example_params_trigger_ui.py
[2026-07-29T17:14:37.871+0000] {processor.py:925} INFO - DAG(s) 'example_params_trigger_ui' retrieved from /home/airflow/.local/lib/python3.12/site-packages/airflow/example_dags/example_params_trigger_ui.py
[2026-07-29T17:14:37.892+0000] {logging_mixin.py:190} INFO - [2026-07-29T17:14:37.892+0000] {dag.py:3211} INFO - Sync 1 DAGs
[2026-07-29T17:14:37.899+0000] {logging_mixin.py:190} INFO - [2026-07-29T17:14:37.899+0000] {dag.py:4138} INFO - Setting next_dagrun for example_params_trigger_ui to None, run_after=None
[2026-07-29T17:14:37.907+0000] {processor.py:208} INFO - Processing /home/airflow/.local/lib/python3.12/site-packages/airflow/example_dags/example_params_trigger_ui.py took 0.046 seconds
[2026-07-29T17:15:07.949+0000] {processor.py:186} INFO - Started process (PID=11041) to work on /home/airflow/.local/lib/python3.12/site-packages/airflow/example_dags/example_params_trigger_ui.py
[2026-07-29T17:15:07.950+0000] {processor.py:914} INFO - Processing file /home/airflow/.local/lib/python3.12/site-packages/airflow/example_dags/example_params_trigger_ui.py for tasks to queue
[2026-07-29T17:15:07.952+0000] {logging_mixin.py:190} INFO - [2026-07-29T17:15:07.951+0000] {dagbag.py:587} INFO - Filling up the DagBag from /home/airflow/.local/lib/python3.12/site-packages/airflow/example_dags/example_params_trigger_ui.py
[2026-07-29T17:15:07.956+0000] {processor.py:925} INFO - DAG(s) 'example_params_trigger_ui' retrieved from /home/airflow/.local/lib/python3.12/site-packages/airflow/example_dags/example_params_trigger_ui.py
[2026-07-29T17:15:07.975+0000] {logging_mixin.py:190} INFO - [2026-07-29T17:15:07.975+0000] {dag.py:3211} INFO - Sync 1 DAGs
[2026-07-29T17:15:07.982+0000] {logging_mixin.py:190} INFO - [2026-07-29T17:15:07.982+0000] {dag.py:4138} INFO - Setting next_dagrun for example_params_trigger_ui to None, run_after=None
[2026-07-29T17:15:07.990+0000] {processor.py:208} INFO - Processing /home/airflow/.local/lib/python3.12/site-packages/airflow/example_dags/example_params_trigger_ui.py took 0.043 seconds
[2026-07-29T17:15:38.188+0000] {processor.py:186} INFO - Started process (PID=11107) to work on /home/airflow/.local/lib/python3.12/site-packages/airflow/example_dags/example_params_trigger_ui.py
[2026-07-29T17:15:38.188+0000] {processor.py:914} INFO - Processing file /home/airflow/.local/lib/python3.12/site-packages/airflow/example_dags/example_params_trigger_ui.py for tasks to queue
[2026-07-29T17:15:38.189+0000] {logging_mixin.py:190} INFO - [2026-07-29T17:15:38.189+0000] {dagbag.py:587} INFO - Filling up the DagBag from /home/airflow/.local/lib/python3.12/site-packages/airflow/example_dags/example_params_trigger_ui.py
[2026-07-29T17:15:38.193+0000] {processor.py:925} INFO - DAG(s) 'example_params_trigger_ui' retrieved from /home/airflow/.local/lib/python3.12/site-packages/airflow/example_dags/example_params_trigger_ui.py
[2026-07-29T17:15:38.207+0000] {logging_mixin.py:190} INFO - [2026-07-29T17:15:38.207+0000] {dag.py:3211} INFO - Sync 1 DAGs
[2026-07-29T17:15:38.212+0000] {logging_mixin.py:190} INFO - [2026-07-29T17:15:38.212+0000] {dag.py:4138} INFO - Setting next_dagrun for example_params_trigger_ui to None, run_after=None
[2026-07-29T17:15:38.217+0000] {processor.py:208} INFO - Processing /home/airflow/.local/lib/python3.12/site-packages/airflow/example_dags/example_params_trigger_ui.py took 0.032 seconds
[2026-07-29T17:16:09.272+0000] {processor.py:186} INFO - Started process (PID=11173) to work on /home/airflow/.local/lib/python3.12/site-packages/airflow/example_dags/example_params_trigger_ui.py
[2026-07-29T17:16:09.273+0000] {processor.py:914} INFO - Processing file /home/airflow/.local/lib/python3.12/site-packages/airflow/example_dags/example_params_trigger_ui.py for tasks to queue
[2026-07-29T17:16:09.274+0000] {logging_mixin.py:190} INFO - [2026-07-29T17:16:09.274+0000] {dagbag.py:587} INFO - Filling up the DagBag from /home/airflow/.local/lib/python3.12/site-packages/airflow/example_dags/example_params_trigger_ui.py
[2026-07-29T17:16:09.280+0000] {processor.py:925} INFO - DAG(s) 'example_params_trigger_ui' retrieved from /home/airflow/.local/lib/python3.12/site-packages/airflow/example_dags/example_params_trigger_ui.py
[2026-07-29T17:16:09.301+0000] {logging_mixin.py:190} INFO - [2026-07-29T17:16:09.301+0000] {dag.py:3211} INFO - Sync 1 DAGs
[2026-07-29T17:16:09.307+0000] {logging_mixin.py:190} INFO - [2026-07-29T17:16:09.307+0000] {dag.py:4138} INFO - Setting next_dagrun for example_params_trigger_ui to None, run_after=None
[2026-07-29T17:16:09.313+0000] {processor.py:208} INFO - Processing /home/airflow/.local/lib/python3.12/site-packages/airflow/example_dags/example_params_trigger_ui.py took 0.043 seconds
[2026-07-29T17:16:39.428+0000] {processor.py:186} INFO - Started process (PID=11239) to work on /home/airflow/.local/lib/python3.12/site-packages/airflow/example_dags/example_params_trigger_ui.py
[2026-07-29T17:16:39.429+0000] {processor.py:914} INFO - Processing file /home/airflow/.local/lib/python3.12/site-packages/airflow/example_dags/example_params_trigger_ui.py for tasks to queue
[2026-07-29T17:16:39.430+0000] {logging_mixin.py:190} INFO - [2026-07-29T17:16:39.430+0000] {dagbag.py:587} INFO - Filling up the DagBag from /home/airflow/.local/lib/python3.12/site-packages/airflow/example_dags/example_params_trigger_ui.py
[2026-07-29T17:16:39.436+0000] {processor.py:925} INFO - DAG(s) 'example_params_trigger_ui' retrieved from /home/airflow/.local/lib/python3.12/site-packages/airflow/example_dags/example_params_trigger_ui.py
[2026-07-29T17:16:39.453+0000] {logging_mixin.py:190} INFO - [2026-07-29T17:16:39.453+0000] {dag.py:3211} INFO - Sync 1 DAGs
[2026-07-29T17:16:39.462+0000] {logging_mixin.py:190} INFO - [2026-07-29T17:16:39.462+0000] {dag.py:4138} INFO - Setting next_dagrun for example_params_trigger_ui to None, run_after=None
[2026-07-29T17:16:39.475+0000] {processor.py:208} INFO - Processing /home/airflow/.local/lib/python3.12/site-packages/airflow/example_dags/example_params_trigger_ui.py took 0.050 seconds
[2026-07-29T17:17:10.481+0000] {processor.py:186} INFO - Started process (PID=11305) to work on /home/airflow/.local/lib/python3.12/site-packages/airflow/example_dags/example_params_trigger_ui.py
[2026-07-29T17:17:10.482+0000] {processor.py:914} INFO - Processing file /home/airflow/.local/lib/python3.12/site-packages/airflow/example_dags/example_params_trigger_ui.py for tasks to queue
[2026-07-29T17:17:10.484+0000] {logging_mixin.py:190} INFO - [2026-07-29T17:17:10.484+0000] {dagbag.py:587} INFO - Filling up the DagBag from /home/airflow/.local/lib/python3.12/site-packages/airflow/example_dags/example_params_trigger_ui.py
[2026-07-29T17:17:10.491+0000] {processor.py:925} INFO - DAG(s) 'example_params_trigger_ui' retrieved from /home/airflow/.local/lib/python3.12/site-packages/airflow/example_dags/example_params_trigger_ui.py
[2026-07-29T17:17:10.517+0000] {logging_mixin.py:190} INFO - [2026-07-29T17:17:10.517+0000] {dag.py:3211} INFO - Sync 1 DAGs
[2026-07-29T17:17:10.524+0000] {logging_mixin.py:190} INFO - [2026-07-29T17:17:10.524+0000] {dag.py:4138} INFO - Setting next_dagrun for example_params_trigger_ui to None, run_after=None
[2026-07-29T17:17:10.531+0000] {processor.py:208} INFO - Processing /home/airflow/.local/lib/python3.12/site-packages/airflow/example_dags/example_params_trigger_ui.py took 0.053 seconds
[2026-07-29T17:17:40.615+0000] {processor.py:186} INFO - Started process (PID=11371) to work on /home/airflow/.local/lib/python3.12/site-packages/airflow/example_dags/example_params_trigger_ui.py
[2026-07-29T17:17:40.616+0000] {processor.py:914} INFO - Processing file /home/airflow/.local/lib/python3.12/site-packages/airflow/example_dags/example_params_trigger_ui.py for tasks to queue
[2026-07-29T17:17:40.618+0000] {logging_mixin.py:190} INFO - [2026-07-29T17:17:40.618+0000] {dagbag.py:587} INFO - Filling up the DagBag from /home/airflow/.local/lib/python3.12/site-packages/airflow/example_dags/example_params_trigger_ui.py
[2026-07-29T17:17:40.625+0000] {processor.py:925} INFO - DAG(s) 'example_params_trigger_ui' retrieved from /home/airflow/.local/lib/python3.12/site-packages/airflow/example_dags/example_params_trigger_ui.py
[2026-07-29T17:17:40.650+0000] {logging_mixin.py:190} INFO - [2026-07-29T17:17:40.650+0000] {dag.py:3211} INFO - Sync 1 DAGs
[2026-07-29T17:17:40.656+0000] {logging_mixin.py:190} INFO - [2026-07-29T17:17:40.656+0000] {dag.py:4138} INFO - Setting next_dagrun for example_params_trigger_ui to None, run_after=None
[2026-07-29T17:17:40.663+0000] {processor.py:208} INFO - Processing /home/airflow/.local/lib/python3.12/site-packages/airflow/example_dags/example_params_trigger_ui.py took 0.050 seconds
[2026-07-29T17:18:10.699+0000] {processor.py:186} INFO - Started process (PID=11437) to work on /home/airflow/.local/lib/python3.12/site-packages/airflow/example_dags/example_params_trigger_ui.py
[2026-07-29T17:18:10.700+0000] {processor.py:914} INFO - Processing file /home/airflow/.local/lib/python3.12/site-packages/airflow/example_dags/example_params_trigger_ui.py for tasks to queue
[2026-07-29T17:18:10.701+0000] {logging_mixin.py:190} INFO - [2026-07-29T17:18:10.701+0000] {dagbag.py:587} INFO - Filling up the DagBag from /home/airflow/.local/lib/python3.12/site-packages/airflow/example_dags/example_params_trigger_ui.py
[2026-07-29T17:18:10.706+0000] {processor.py:925} INFO - DAG(s) 'example_params_trigger_ui' retrieved from /home/airflow/.local/lib/python3.12/site-packages/airflow/example_dags/example_params_trigger_ui.py
[2026-07-29T17:18:10.730+0000] {logging_mixin.py:190} INFO - [2026-07-29T17:18:10.730+0000] {dag.py:3211} INFO - Sync 1 DAGs
[2026-07-29T17:18:10.738+0000] {logging_mixin.py:190} INFO - [2026-07-29T17:18:10.738+0000] {dag.py:4138} INFO - Setting next_dagrun for example_params_trigger_ui to None, run_after=None
[2026-07-29T17:18:10.748+0000] {processor.py:208} INFO - Processing /home/airflow/.local/lib/python3.12/site-packages/airflow/example_dags/example_params_trigger_ui.py took 0.051 seconds
[2026-07-29T17:18:41.119+0000] {processor.py:186} INFO - Started process (PID=11503) to work on /home/airflow/.local/lib/python3.12/site-packages/airflow/example_dags/example_params_trigger_ui.py
[2026-07-29T17:18:41.121+0000] {processor.py:914} INFO - Processing file /home/airflow/.local/lib/python3.12/site-packages/airflow/example_dags/example_params_trigger_ui.py for tasks to queue
[2026-07-29T17:18:41.123+0000] {logging_mixin.py:190} INFO - [2026-07-29T17:18:41.122+0000] {dagbag.py:587} INFO - Filling up the DagBag from /home/airflow/.local/lib/python3.12/site-packages/airflow/example_dags/example_params_trigger_ui.py
[2026-07-29T17:18:41.131+0000] {processor.py:925} INFO - DAG(s) 'example_params_trigger_ui' retrieved from /home/airflow/.local/lib/python3.12/site-packages/airflow/example_dags/example_params_trigger_ui.py
[2026-07-29T17:18:41.154+0000] {logging_mixin.py:190} INFO - [2026-07-29T17:18:41.154+0000] {dag.py:3211} INFO - Sync 1 DAGs
[2026-07-29T17:18:41.162+0000] {logging_mixin.py:190} INFO - [2026-07-29T17:18:41.162+0000] {dag.py:4138} INFO - Setting next_dagrun for example_params_trigger_ui to None, run_after=None
[2026-07-29T17:18:41.175+0000] {processor.py:208} INFO - Processing /home/airflow/.local/lib/python3.12/site-packages/airflow/example_dags/example_params_trigger_ui.py took 0.059 seconds
[2026-07-29T17:19:11.962+0000] {processor.py:186} INFO - Started process (PID=11569) to work on /home/airflow/.local/lib/python3.12/site-packages/airflow/example_dags/example_params_trigger_ui.py
[2026-07-29T17:19:11.963+0000] {processor.py:914} INFO - Processing file /home/airflow/.local/lib/python3.12/site-packages/airflow/example_dags/example_params_trigger_ui.py for tasks to queue
[2026-07-29T17:19:11.964+0000] {logging_mixin.py:190} INFO - [2026-07-29T17:19:11.964+0000] {dagbag.py:587} INFO - Filling up the DagBag from /home/airflow/.local/lib/python3.12/site-packages/airflow/example_dags/example_params_trigger_ui.py
[2026-07-29T17:19:11.972+0000] {processor.py:925} INFO - DAG(s) 'example_params_trigger_ui' retrieved from /home/airflow/.local/lib/python3.12/site-packages/airflow/example_dags/example_params_trigger_ui.py
[2026-07-29T17:19:11.993+0000] {logging_mixin.py:190} INFO - [2026-07-29T17:19:11.992+0000] {dag.py:3211} INFO - Sync 1 DAGs
[2026-07-29T17:19:12.001+0000] {logging_mixin.py:190} INFO - [2026-07-29T17:19:12.001+0000] {dag.py:4138} INFO - Setting next_dagrun for example_params_trigger_ui to None, run_after=None
[2026-07-29T17:19:12.014+0000] {processor.py:208} INFO - Processing /home/airflow/.local/lib/python3.12/site-packages/airflow/example_dags/example_params_trigger_ui.py took 0.055 seconds
[2026-07-29T17:19:42.081+0000] {processor.py:186} INFO - Started process (PID=11635) to work on /home/airflow/.local/lib/python3.12/site-packages/airflow/example_dags/example_params_trigger_ui.py
[2026-07-29T17:19:42.082+0000] {processor.py:914} INFO - Processing file /home/airflow/.local/lib/python3.12/site-packages/airflow/example_dags/example_params_trigger_ui.py for tasks to queue
[2026-07-29T17:19:42.083+0000] {logging_mixin.py:190} INFO - [2026-07-29T17:19:42.083+0000] {dagbag.py:587} INFO - Filling up the DagBag from /home/airflow/.local/lib/python3.12/site-packages/airflow/example_dags/example_params_trigger_ui.py
[2026-07-29T17:19:42.087+0000] {processor.py:925} INFO - DAG(s) 'example_params_trigger_ui' retrieved from /home/airflow/.local/lib/python3.12/site-packages/airflow/example_dags/example_params_trigger_ui.py
[2026-07-29T17:19:42.101+0000] {logging_mixin.py:190} INFO - [2026-07-29T17:19:42.101+0000] {dag.py:3211} INFO - Sync 1 DAGs
[2026-07-29T17:19:42.105+0000] {logging_mixin.py:190} INFO - [2026-07-29T17:19:42.105+0000] {dag.py:4138} INFO - Setting next_dagrun for example_params_trigger_ui to None, run_after=None
[2026-07-29T17:19:42.111+0000] {processor.py:208} INFO - Processing /home/airflow/.local/lib/python3.12/site-packages/airflow/example_dags/example_params_trigger_ui.py took 0.031 seconds
[2026-07-29T17:20:12.732+0000] {processor.py:186} INFO - Started process (PID=11691) to work on /home/airflow/.local/lib/python3.12/site-packages/airflow/example_dags/example_params_trigger_ui.py
[2026-07-29T17:20:12.732+0000] {processor.py:914} INFO - Processing file /home/airflow/.local/lib/python3.12/site-packages/airflow/example_dags/example_params_trigger_ui.py for tasks to queue
[2026-07-29T17:20:12.733+0000] {logging_mixin.py:190} INFO - [2026-07-29T17:20:12.733+0000] {dagbag.py:587} INFO - Filling up the DagBag from /home/airflow/.local/lib/python3.12/site-packages/airflow/example_dags/example_params_trigger_ui.py
[2026-07-29T17:20:12.739+0000] {processor.py:925} INFO - DAG(s) 'example_params_trigger_ui' retrieved from /home/airflow/.local/lib/python3.12/site-packages/airflow/example_dags/example_params_trigger_ui.py
[2026-07-29T17:20:12.756+0000] {logging_mixin.py:190} INFO - [2026-07-29T17:20:12.756+0000] {dag.py:3211} INFO - Sync 1 DAGs
[2026-07-29T17:20:12.761+0000] {logging_mixin.py:190} INFO - [2026-07-29T17:20:12.761+0000] {dag.py:4138} INFO - Setting next_dagrun for example_params_trigger_ui to None, run_after=None
[2026-07-29T17:20:12.768+0000] {processor.py:208} INFO - Processing /home/airflow/.local/lib/python3.12/site-packages/airflow/example_dags/example_params_trigger_ui.py took 0.038 seconds
[2026-07-29T17:20:43.923+0000] {processor.py:186} INFO - Started process (PID=11757) to work on /home/airflow/.local/lib/python3.12/site-packages/airflow/example_dags/example_params_trigger_ui.py
[2026-07-29T17:20:43.924+0000] {processor.py:914} INFO - Processing file /home/airflow/.local/lib/python3.12/site-packages/airflow/example_dags/example_params_trigger_ui.py for tasks to queue
[2026-07-29T17:20:43.925+0000] {logging_mixin.py:190} INFO - [2026-07-29T17:20:43.925+0000] {dagbag.py:587} INFO - Filling up the DagBag from /home/airflow/.local/lib/python3.12/site-packages/airflow/example_dags/example_params_trigger_ui.py
[2026-07-29T17:20:43.930+0000] {processor.py:925} INFO - DAG(s) 'example_params_trigger_ui' retrieved from /home/airflow/.local/lib/python3.12/site-packages/airflow/example_dags/example_params_trigger_ui.py
[2026-07-29T17:20:43.952+0000] {logging_mixin.py:190} INFO - [2026-07-29T17:20:43.952+0000] {dag.py:3211} INFO - Sync 1 DAGs
[2026-07-29T17:20:43.960+0000] {logging_mixin.py:190} INFO - [2026-07-29T17:20:43.960+0000] {dag.py:4138} INFO - Setting next_dagrun for example_params_trigger_ui to None, run_after=None
[2026-07-29T17:20:43.974+0000] {processor.py:208} INFO - Processing /home/airflow/.local/lib/python3.12/site-packages/airflow/example_dags/example_params_trigger_ui.py took 0.055 seconds
[2026-07-29T17:21:14.223+0000] {processor.py:186} INFO - Started process (PID=11823) to work on /home/airflow/.local/lib/python3.12/site-packages/airflow/example_dags/example_params_trigger_ui.py
[2026-07-29T17:21:14.227+0000] {processor.py:914} INFO - Processing file /home/airflow/.local/lib/python3.12/site-packages/airflow/example_dags/example_params_trigger_ui.py for tasks to queue
[2026-07-29T17:21:14.228+0000] {logging_mixin.py:190} INFO - [2026-07-29T17:21:14.228+0000] {dagbag.py:587} INFO - Filling up the DagBag from /home/airflow/.local/lib/python3.12/site-packages/airflow/example_dags/example_params_trigger_ui.py
[2026-07-29T17:21:14.236+0000] {processor.py:925} INFO - DAG(s) 'example_params_trigger_ui' retrieved from /home/airflow/.local/lib/python3.12/site-packages/airflow/example_dags/example_params_trigger_ui.py
[2026-07-29T17:21:14.274+0000] {logging_mixin.py:190} INFO - [2026-07-29T17:21:14.274+0000] {dag.py:3211} INFO - Sync 1 DAGs
[2026-07-29T17:21:14.281+0000] {logging_mixin.py:190} INFO - [2026-07-29T17:21:14.281+0000] {dag.py:4138} INFO - Setting next_dagrun for example_params_trigger_ui to None, run_after=None
[2026-07-29T17:21:14.295+0000] {processor.py:208} INFO - Processing /home/airflow/.local/lib/python3.12/site-packages/airflow/example_dags/example_params_trigger_ui.py took 0.075 seconds
[2026-07-29T17:21:44.496+0000] {processor.py:186} INFO - Started process (PID=11889) to work on /home/airflow/.local/lib/python3.12/site-packages/airflow/example_dags/example_params_trigger_ui.py
[2026-07-29T17:21:44.496+0000] {processor.py:914} INFO - Processing file /home/airflow/.local/lib/python3.12/site-packages/airflow/example_dags/example_params_trigger_ui.py for tasks to queue
[2026-07-29T17:21:44.497+0000] {logging_mixin.py:190} INFO - [2026-07-29T17:21:44.497+0000] {dagbag.py:587} INFO - Filling up the DagBag from /home/airflow/.local/lib/python3.12/site-packages/airflow/example_dags/example_params_trigger_ui.py
[2026-07-29T17:21:44.502+0000] {processor.py:925} INFO - DAG(s) 'example_params_trigger_ui' retrieved from /home/airflow/.local/lib/python3.12/site-packages/airflow/example_dags/example_params_trigger_ui.py
[2026-07-29T17:21:44.524+0000] {logging_mixin.py:190} INFO - [2026-07-29T17:21:44.524+0000] {dag.py:3211} INFO - Sync 1 DAGs
[2026-07-29T17:21:44.530+0000] {logging_mixin.py:190} INFO - [2026-07-29T17:21:44.530+0000] {dag.py:4138} INFO - Setting next_dagrun for example_params_trigger_ui to None, run_after=None
[2026-07-29T17:21:44.544+0000] {processor.py:208} INFO - Processing /home/airflow/.local/lib/python3.12/site-packages/airflow/example_dags/example_params_trigger_ui.py took 0.051 seconds
[2026-07-29T17:22:15.658+0000] {processor.py:186} INFO - Started process (PID=11955) to work on /home/airflow/.local/lib/python3.12/site-packages/airflow/example_dags/example_params_trigger_ui.py
[2026-07-29T17:22:15.658+0000] {processor.py:914} INFO - Processing file /home/airflow/.local/lib/python3.12/site-packages/airflow/example_dags/example_params_trigger_ui.py for tasks to queue
[2026-07-29T17:22:15.659+0000] {logging_mixin.py:190} INFO - [2026-07-29T17:22:15.659+0000] {dagbag.py:587} INFO - Filling up the DagBag from /home/airflow/.local/lib/python3.12/site-packages/airflow/example_dags/example_params_trigger_ui.py
[2026-07-29T17:22:15.664+0000] {processor.py:925} INFO - DAG(s) 'example_params_trigger_ui' retrieved from /home/airflow/.local/lib/python3.12/site-packages/airflow/example_dags/example_params_trigger_ui.py
[2026-07-29T17:22:15.678+0000] {logging_mixin.py:190} INFO - [2026-07-29T17:22:15.678+0000] {dag.py:3211} INFO - Sync 1 DAGs
[2026-07-29T17:22:15.685+0000] {logging_mixin.py:190} INFO - [2026-07-29T17:22:15.685+0000] {dag.py:4138} INFO - Setting next_dagrun for example_params_trigger_ui to None, run_after=None
[2026-07-29T17:22:15.692+0000] {processor.py:208} INFO - Processing /home/airflow/.local/lib/python3.12/site-packages/airflow/example_dags/example_params_trigger_ui.py took 0.037 seconds
[2026-07-29T17:22:45.717+0000] {processor.py:186} INFO - Started process (PID=12021) to work on /home/airflow/.local/lib/python3.12/site-packages/airflow/example_dags/example_params_trigger_ui.py
[2026-07-29T17:22:45.717+0000] {processor.py:914} INFO - Processing file /home/airflow/.local/lib/python3.12/site-packages/airflow/example_dags/example_params_trigger_ui.py for tasks to queue
[2026-07-29T17:22:45.718+0000] {logging_mixin.py:190} INFO - [2026-07-29T17:22:45.718+0000] {dagbag.py:587} INFO - Filling up the DagBag from /home/airflow/.local/lib/python3.12/site-packages/airflow/example_dags/example_params_trigger_ui.py
[2026-07-29T17:22:45.723+0000] {processor.py:925} INFO - DAG(s) 'example_params_trigger_ui' retrieved from /home/airflow/.local/lib/python3.12/site-packages/airflow/example_dags/example_params_trigger_ui.py
[2026-07-29T17:22:45.737+0000] {logging_mixin.py:190} INFO - [2026-07-29T17:22:45.737+0000] {dag.py:3211} INFO - Sync 1 DAGs
[2026-07-29T17:22:45.742+0000] {logging_mixin.py:190} INFO - [2026-07-29T17:22:45.742+0000] {dag.py:4138} INFO - Setting next_dagrun for example_params_trigger_ui to None, run_after=None
[2026-07-29T17:22:45.748+0000] {processor.py:208} INFO - Processing /home/airflow/.local/lib/python3.12/site-packages/airflow/example_dags/example_params_trigger_ui.py took 0.033 seconds
[2026-07-29T17:23:16.733+0000] {processor.py:186} INFO - Started process (PID=12087) to work on /home/airflow/.local/lib/python3.12/site-packages/airflow/example_dags/example_params_trigger_ui.py
[2026-07-29T17:23:16.733+0000] {processor.py:914} INFO - Processing file /home/airflow/.local/lib/python3.12/site-packages/airflow/example_dags/example_params_trigger_ui.py for tasks to queue
[2026-07-29T17:23:16.734+0000] {logging_mixin.py:190} INFO - [2026-07-29T17:23:16.734+0000] {dagbag.py:587} INFO - Filling up the DagBag from /home/airflow/.local/lib/python3.12/site-packages/airflow/example_dags/example_params_trigger_ui.py
[2026-07-29T17:23:16.739+0000] {processor.py:925} INFO - DAG(s) 'example_params_trigger_ui' retrieved from /home/airflow/.local/lib/python3.12/site-packages/airflow/example_dags/example_params_trigger_ui.py
[2026-07-29T17:23:16.760+0000] {logging_mixin.py:190} INFO - [2026-07-29T17:23:16.759+0000] {dag.py:3211} INFO - Sync 1 DAGs
[2026-07-29T17:23:16.766+0000] {logging_mixin.py:190} INFO - [2026-07-29T17:23:16.766+0000] {dag.py:4138} INFO - Setting next_dagrun for example_params_trigger_ui to None, run_after=None
[2026-07-29T17:23:16.777+0000] {processor.py:208} INFO - Processing /home/airflow/.local/lib/python3.12/site-packages/airflow/example_dags/example_params_trigger_ui.py took 0.046 seconds
[2026-07-29T17:23:47.668+0000] {processor.py:186} INFO - Started process (PID=12153) to work on /home/airflow/.local/lib/python3.12/site-packages/airflow/example_dags/example_params_trigger_ui.py
[2026-07-29T17:23:47.669+0000] {processor.py:914} INFO - Processing file /home/airflow/.local/lib/python3.12/site-packages/airflow/example_dags/example_params_trigger_ui.py for tasks to queue
[2026-07-29T17:23:47.671+0000] {logging_mixin.py:190} INFO - [2026-07-29T17:23:47.670+0000] {dagbag.py:587} INFO - Filling up the DagBag from /home/airflow/.local/lib/python3.12/site-packages/airflow/example_dags/example_params_trigger_ui.py
[2026-07-29T17:23:47.676+0000] {processor.py:925} INFO - DAG(s) 'example_params_trigger_ui' retrieved from /home/airflow/.local/lib/python3.12/site-packages/airflow/example_dags/example_params_trigger_ui.py
[2026-07-29T17:23:47.692+0000] {logging_mixin.py:190} INFO - [2026-07-29T17:23:47.692+0000] {dag.py:3211} INFO - Sync 1 DAGs
[2026-07-29T17:23:47.699+0000] {logging_mixin.py:190} INFO - [2026-07-29T17:23:47.699+0000] {dag.py:4138} INFO - Setting next_dagrun for example_params_trigger_ui to None, run_after=None
[2026-07-29T17:23:47.711+0000] {processor.py:208} INFO - Processing /home/airflow/.local/lib/python3.12/site-packages/airflow/example_dags/example_params_trigger_ui.py took 0.045 seconds
[2026-07-29T17:24:17.858+0000] {processor.py:186} INFO - Started process (PID=12219) to work on /home/airflow/.local/lib/python3.12/site-packages/airflow/example_dags/example_params_trigger_ui.py
[2026-07-29T17:24:17.859+0000] {processor.py:914} INFO - Processing file /home/airflow/.local/lib/python3.12/site-packages/airflow/example_dags/example_params_trigger_ui.py for tasks to queue
[2026-07-29T17:24:17.860+0000] {logging_mixin.py:190} INFO - [2026-07-29T17:24:17.860+0000] {dagbag.py:587} INFO - Filling up the DagBag from /home/airflow/.local/lib/python3.12/site-packages/airflow/example_dags/example_params_trigger_ui.py
[2026-07-29T17:24:17.865+0000] {processor.py:925} INFO - DAG(s) 'example_params_trigger_ui' retrieved from /home/airflow/.local/lib/python3.12/site-packages/airflow/example_dags/example_params_trigger_ui.py
[2026-07-29T17:24:17.879+0000] {logging_mixin.py:190} INFO - [2026-07-29T17:24:17.879+0000] {dag.py:3211} INFO - Sync 1 DAGs
[2026-07-29T17:24:17.883+0000] {logging_mixin.py:190} INFO - [2026-07-29T17:24:17.883+0000] {dag.py:4138} INFO - Setting next_dagrun for example_params_trigger_ui to None, run_after=None
[2026-07-29T17:24:17.889+0000] {processor.py:208} INFO - Processing /home/airflow/.local/lib/python3.12/site-packages/airflow/example_dags/example_params_trigger_ui.py took 0.033 seconds
[2026-07-29T17:24:48.890+0000] {processor.py:186} INFO - Started process (PID=12285) to work on /home/airflow/.local/lib/python3.12/site-packages/airflow/example_dags/example_params_trigger_ui.py
[2026-07-29T17:24:48.891+0000] {processor.py:914} INFO - Processing file /home/airflow/.local/lib/python3.12/site-packages/airflow/example_dags/example_params_trigger_ui.py for tasks to queue
[2026-07-29T17:24:48.892+0000] {logging_mixin.py:190} INFO - [2026-07-29T17:24:48.892+0000] {dagbag.py:587} INFO - Filling up the DagBag from /home/airflow/.local/lib/python3.12/site-packages/airflow/example_dags/example_params_trigger_ui.py
[2026-07-29T17:24:48.896+0000] {processor.py:925} INFO - DAG(s) 'example_params_trigger_ui' retrieved from /home/airflow/.local/lib/python3.12/site-packages/airflow/example_dags/example_params_trigger_ui.py
[2026-07-29T17:24:48.914+0000] {logging_mixin.py:190} INFO - [2026-07-29T17:24:48.913+0000] {dag.py:3211} INFO - Sync 1 DAGs
[2026-07-29T17:24:48.921+0000] {logging_mixin.py:190} INFO - [2026-07-29T17:24:48.921+0000] {dag.py:4138} INFO - Setting next_dagrun for example_params_trigger_ui to None, run_after=None
[2026-07-29T17:24:48.933+0000] {processor.py:208} INFO - Processing /home/airflow/.local/lib/python3.12/site-packages/airflow/example_dags/example_params_trigger_ui.py took 0.046 seconds
[2026-07-29T17:25:19.861+0000] {processor.py:186} INFO - Started process (PID=12351) to work on /home/airflow/.local/lib/python3.12/site-packages/airflow/example_dags/example_params_trigger_ui.py
[2026-07-29T17:25:19.863+0000] {processor.py:914} INFO - Processing file /home/airflow/.local/lib/python3.12/site-packages/airflow/example_dags/example_params_trigger_ui.py for tasks to queue
[2026-07-29T17:25:19.864+0000] {logging_mixin.py:190} INFO - [2026-07-29T17:25:19.864+0000] {dagbag.py:587} INFO - Filling up the DagBag from /home/airflow/.local/lib/python3.12/site-packages/airflow/example_dags/example_params_trigger_ui.py
[2026-07-29T17:25:19.870+0000] {processor.py:925} INFO - DAG(s) 'example_params_trigger_ui' retrieved from /home/airflow/.local/lib/python3.12/site-packages/airflow/example_dags/example_params_trigger_ui.py
[2026-07-29T17:25:19.888+0000] {logging_mixin.py:190} INFO - [2026-07-29T17:25:19.888+0000] {dag.py:3211} INFO - Sync 1 DAGs
[2026-07-29T17:25:19.895+0000] {logging_mixin.py:190} INFO - [2026-07-29T17:25:19.894+0000] {dag.py:4138} INFO - Setting next_dagrun for example_params_trigger_ui to None, run_after=None
[2026-07-29T17:25:19.905+0000] {processor.py:208} INFO - Processing /home/airflow/.local/lib/python3.12/site-packages/airflow/example_dags/example_params_trigger_ui.py took 0.046 seconds
[2026-07-29T17:25:50.905+0000] {processor.py:186} INFO - Started process (PID=12417) to work on /home/airflow/.local/lib/python3.12/site-packages/airflow/example_dags/example_params_trigger_ui.py
[2026-07-29T17:25:50.907+0000] {processor.py:914} INFO - Processing file /home/airflow/.local/lib/python3.12/site-packages/airflow/example_dags/example_params_trigger_ui.py for tasks to queue
[2026-07-29T17:25:50.908+0000] {logging_mixin.py:190} INFO - [2026-07-29T17:25:50.908+0000] {dagbag.py:587} INFO - Filling up the DagBag from /home/airflow/.local/lib/python3.12/site-packages/airflow/example_dags/example_params_trigger_ui.py
[2026-07-29T17:25:50.915+0000] {processor.py:925} INFO - DAG(s) 'example_params_trigger_ui' retrieved from /home/airflow/.local/lib/python3.12/site-packages/airflow/example_dags/example_params_trigger_ui.py
[2026-07-29T17:25:50.934+0000] {logging_mixin.py:190} INFO - [2026-07-29T17:25:50.934+0000] {dag.py:3211} INFO - Sync 1 DAGs
[2026-07-29T17:25:50.941+0000] {logging_mixin.py:190} INFO - [2026-07-29T17:25:50.940+0000] {dag.py:4138} INFO - Setting next_dagrun for example_params_trigger_ui to None, run_after=None
[2026-07-29T17:25:50.951+0000] {processor.py:208} INFO - Processing /home/airflow/.local/lib/python3.12/site-packages/airflow/example_dags/example_params_trigger_ui.py took 0.049 seconds
[2026-07-29T17:26:21.939+0000] {processor.py:186} INFO - Started process (PID=12483) to work on /home/airflow/.local/lib/python3.12/site-packages/airflow/example_dags/example_params_trigger_ui.py
[2026-07-29T17:26:21.940+0000] {processor.py:914} INFO - Processing file /home/airflow/.local/lib/python3.12/site-packages/airflow/example_dags/example_params_trigger_ui.py for tasks to queue
[2026-07-29T17:26:21.941+0000] {logging_mixin.py:190} INFO - [2026-07-29T17:26:21.941+0000] {dagbag.py:587} INFO - Filling up the DagBag from /home/airflow/.local/lib/python3.12/site-packages/airflow/example_dags/example_params_trigger_ui.py
[2026-07-29T17:26:21.946+0000] {processor.py:925} INFO - DAG(s) 'example_params_trigger_ui' retrieved from /home/airflow/.local/lib/python3.12/site-packages/airflow/example_dags/example_params_trigger_ui.py
[2026-07-29T17:26:21.963+0000] {logging_mixin.py:190} INFO - [2026-07-29T17:26:21.963+0000] {dag.py:3211} INFO - Sync 1 DAGs
[2026-07-29T17:26:21.970+0000] {logging_mixin.py:190} INFO - [2026-07-29T17:26:21.970+0000] {dag.py:4138} INFO - Setting next_dagrun for example_params_trigger_ui to None, run_after=None
[2026-07-29T17:26:21.979+0000] {processor.py:208} INFO - Processing /home/airflow/.local/lib/python3.12/site-packages/airflow/example_dags/example_params_trigger_ui.py took 0.043 seconds
[2026-07-29T17:26:52.966+0000] {processor.py:186} INFO - Started process (PID=12549) to work on /home/airflow/.local/lib/python3.12/site-packages/airflow/example_dags/example_params_trigger_ui.py
[2026-07-29T17:26:52.967+0000] {processor.py:914} INFO - Processing file /home/airflow/.local/lib/python3.12/site-packages/airflow/example_dags/example_params_trigger_ui.py for tasks to queue
[2026-07-29T17:26:52.969+0000] {logging_mixin.py:190} INFO - [2026-07-29T17:26:52.969+0000] {dagbag.py:587} INFO - Filling up the DagBag from /home/airflow/.local/lib/python3.12/site-packages/airflow/example_dags/example_params_trigger_ui.py
[2026-07-29T17:26:52.974+0000] {processor.py:925} INFO - DAG(s) 'example_params_trigger_ui' retrieved from /home/airflow/.local/lib/python3.12/site-packages/airflow/example_dags/example_params_trigger_ui.py
[2026-07-29T17:26:52.995+0000] {logging_mixin.py:190} INFO - [2026-07-29T17:26:52.994+0000] {dag.py:3211} INFO - Sync 1 DAGs
[2026-07-29T17:26:53.001+0000] {logging_mixin.py:190} INFO - [2026-07-29T17:26:53.001+0000] {dag.py:4138} INFO - Setting next_dagrun for example_params_trigger_ui to None, run_after=None
[2026-07-29T17:26:53.008+0000] {processor.py:208} INFO - Processing /home/airflow/.local/lib/python3.12/site-packages/airflow/example_dags/example_params_trigger_ui.py took 0.044 seconds
[2026-07-29T17:27:24.050+0000] {processor.py:186} INFO - Started process (PID=12615) to work on /home/airflow/.local/lib/python3.12/site-packages/airflow/example_dags/example_params_trigger_ui.py
[2026-07-29T17:27:24.051+0000] {processor.py:914} INFO - Processing file /home/airflow/.local/lib/python3.12/site-packages/airflow/example_dags/example_params_trigger_ui.py for tasks to queue
[2026-07-29T17:27:24.052+0000] {logging_mixin.py:190} INFO - [2026-07-29T17:27:24.052+0000] {dagbag.py:587} INFO - Filling up the DagBag from /home/airflow/.local/lib/python3.12/site-packages/airflow/example_dags/example_params_trigger_ui.py
[2026-07-29T17:27:24.060+0000] {processor.py:925} INFO - DAG(s) 'example_params_trigger_ui' retrieved from /home/airflow/.local/lib/python3.12/site-packages/airflow/example_dags/example_params_trigger_ui.py
[2026-07-29T17:27:24.078+0000] {logging_mixin.py:190} INFO - [2026-07-29T17:27:24.078+0000] {dag.py:3211} INFO - Sync 1 DAGs
[2026-07-29T17:27:24.085+0000] {logging_mixin.py:190} INFO - [2026-07-29T17:27:24.085+0000] {dag.py:4138} INFO - Setting next_dagrun for example_params_trigger_ui to None, run_after=None
[2026-07-29T17:27:24.093+0000] {processor.py:208} INFO - Processing /home/airflow/.local/lib/python3.12/site-packages/airflow/example_dags/example_params_trigger_ui.py took 0.047 seconds
[2026-07-29T17:27:54.107+0000] {processor.py:186} INFO - Started process (PID=12681) to work on /home/airflow/.local/lib/python3.12/site-packages/airflow/example_dags/example_params_trigger_ui.py
[2026-07-29T17:27:54.108+0000] {processor.py:914} INFO - Processing file /home/airflow/.local/lib/python3.12/site-packages/airflow/example_dags/example_params_trigger_ui.py for tasks to queue
[2026-07-29T17:27:54.109+0000] {logging_mixin.py:190} INFO - [2026-07-29T17:27:54.109+0000] {dagbag.py:587} INFO - Filling up the DagBag from /home/airflow/.local/lib/python3.12/site-packages/airflow/example_dags/example_params_trigger_ui.py
[2026-07-29T17:27:54.115+0000] {processor.py:925} INFO - DAG(s) 'example_params_trigger_ui' retrieved from /home/airflow/.local/lib/python3.12/site-packages/airflow/example_dags/example_params_trigger_ui.py
[2026-07-29T17:27:54.137+0000] {logging_mixin.py:190} INFO - [2026-07-29T17:27:54.136+0000] {dag.py:3211} INFO - Sync 1 DAGs
[2026-07-29T17:27:54.143+0000] {logging_mixin.py:190} INFO - [2026-07-29T17:27:54.143+0000] {dag.py:4138} INFO - Setting next_dagrun for example_params_trigger_ui to None, run_after=None
[2026-07-29T17:27:54.150+0000] {processor.py:208} INFO - Processing /home/airflow/.local/lib/python3.12/site-packages/airflow/example_dags/example_params_trigger_ui.py took 0.045 seconds
[2026-07-29T17:28:25.133+0000] {processor.py:186} INFO - Started process (PID=12753) to work on /home/airflow/.local/lib/python3.12/site-packages/airflow/example_dags/example_params_trigger_ui.py
[2026-07-29T17:28:25.134+0000] {processor.py:914} INFO - Processing file /home/airflow/.local/lib/python3.12/site-packages/airflow/example_dags/example_params_trigger_ui.py for tasks to queue
[2026-07-29T17:28:25.136+0000] {logging_mixin.py:190} INFO - [2026-07-29T17:28:25.136+0000] {dagbag.py:587} INFO - Filling up the DagBag from /home/airflow/.local/lib/python3.12/site-packages/airflow/example_dags/example_params_trigger_ui.py
[2026-07-29T17:28:25.141+0000] {processor.py:925} INFO - DAG(s) 'example_params_trigger_ui' retrieved from /home/airflow/.local/lib/python3.12/site-packages/airflow/example_dags/example_params_trigger_ui.py
[2026-07-29T17:28:25.168+0000] {logging_mixin.py:190} INFO - [2026-07-29T17:28:25.168+0000] {dag.py:3211} INFO - Sync 1 DAGs
[2026-07-29T17:28:25.174+0000] {logging_mixin.py:190} INFO - [2026-07-29T17:28:25.174+0000] {dag.py:4138} INFO - Setting next_dagrun for example_params_trigger_ui to None, run_after=None
[2026-07-29T17:28:25.182+0000] {processor.py:208} INFO - Processing /home/airflow/.local/lib/python3.12/site-packages/airflow/example_dags/example_params_trigger_ui.py took 0.052 seconds
[2026-07-29T17:28:56.126+0000] {processor.py:186} INFO - Started process (PID=12819) to work on /home/airflow/.local/lib/python3.12/site-packages/airflow/example_dags/example_params_trigger_ui.py
[2026-07-29T17:28:56.126+0000] {processor.py:914} INFO - Processing file /home/airflow/.local/lib/python3.12/site-packages/airflow/example_dags/example_params_trigger_ui.py for tasks to queue
[2026-07-29T17:28:56.130+0000] {logging_mixin.py:190} INFO - [2026-07-29T17:28:56.130+0000] {dagbag.py:587} INFO - Filling up the DagBag from /home/airflow/.local/lib/python3.12/site-packages/airflow/example_dags/example_params_trigger_ui.py
[2026-07-29T17:28:56.135+0000] {processor.py:925} INFO - DAG(s) 'example_params_trigger_ui' retrieved from /home/airflow/.local/lib/python3.12/site-packages/airflow/example_dags/example_params_trigger_ui.py
[2026-07-29T17:28:56.150+0000] {logging_mixin.py:190} INFO - [2026-07-29T17:28:56.150+0000] {dag.py:3211} INFO - Sync 1 DAGs
[2026-07-29T17:28:56.155+0000] {logging_mixin.py:190} INFO - [2026-07-29T17:28:56.155+0000] {dag.py:4138} INFO - Setting next_dagrun for example_params_trigger_ui to None, run_after=None
[2026-07-29T17:28:56.164+0000] {processor.py:208} INFO - Processing /home/airflow/.local/lib/python3.12/site-packages/airflow/example_dags/example_params_trigger_ui.py took 0.041 seconds
[2026-07-29T17:29:26.287+0000] {processor.py:186} INFO - Started process (PID=12885) to work on /home/airflow/.local/lib/python3.12/site-packages/airflow/example_dags/example_params_trigger_ui.py
[2026-07-29T17:29:26.288+0000] {processor.py:914} INFO - Processing file /home/airflow/.local/lib/python3.12/site-packages/airflow/example_dags/example_params_trigger_ui.py for tasks to queue
[2026-07-29T17:29:26.289+0000] {logging_mixin.py:190} INFO - [2026-07-29T17:29:26.289+0000] {dagbag.py:587} INFO - Filling up the DagBag from /home/airflow/.local/lib/python3.12/site-packages/airflow/example_dags/example_params_trigger_ui.py
[2026-07-29T17:29:26.294+0000] {processor.py:925} INFO - DAG(s) 'example_params_trigger_ui' retrieved from /home/airflow/.local/lib/python3.12/site-packages/airflow/example_dags/example_params_trigger_ui.py
[2026-07-29T17:29:26.315+0000] {logging_mixin.py:190} INFO - [2026-07-29T17:29:26.315+0000] {dag.py:3211} INFO - Sync 1 DAGs
[2026-07-29T17:29:26.321+0000] {logging_mixin.py:190} INFO - [2026-07-29T17:29:26.321+0000] {dag.py:4138} INFO - Setting next_dagrun for example_params_trigger_ui to None, run_after=None
[2026-07-29T17:29:26.328+0000] {processor.py:208} INFO - Processing /home/airflow/.local/lib/python3.12/site-packages/airflow/example_dags/example_params_trigger_ui.py took 0.043 seconds
[2026-07-29T17:29:56.592+0000] {processor.py:186} INFO - Started process (PID=12951) to work on /home/airflow/.local/lib/python3.12/site-packages/airflow/example_dags/example_params_trigger_ui.py
[2026-07-29T17:29:56.595+0000] {processor.py:914} INFO - Processing file /home/airflow/.local/lib/python3.12/site-packages/airflow/example_dags/example_params_trigger_ui.py for tasks to queue
[2026-07-29T17:29:56.596+0000] {logging_mixin.py:190} INFO - [2026-07-29T17:29:56.596+0000] {dagbag.py:587} INFO - Filling up the DagBag from /home/airflow/.local/lib/python3.12/site-packages/airflow/example_dags/example_params_trigger_ui.py
[2026-07-29T17:29:56.601+0000] {processor.py:925} INFO - DAG(s) 'example_params_trigger_ui' retrieved from /home/airflow/.local/lib/python3.12/site-packages/airflow/example_dags/example_params_trigger_ui.py
[2026-07-29T17:29:56.620+0000] {logging_mixin.py:190} INFO - [2026-07-29T17:29:56.620+0000] {dag.py:3211} INFO - Sync 1 DAGs
[2026-07-29T17:29:56.626+0000] {logging_mixin.py:190} INFO - [2026-07-29T17:29:56.626+0000] {dag.py:4138} INFO - Setting next_dagrun for example_params_trigger_ui to None, run_after=None
[2026-07-29T17:29:56.636+0000] {processor.py:208} INFO - Processing /home/airflow/.local/lib/python3.12/site-packages/airflow/example_dags/example_params_trigger_ui.py took 0.046 seconds
[2026-07-29T17:30:26.738+0000] {processor.py:186} INFO - Started process (PID=13017) to work on /home/airflow/.local/lib/python3.12/site-packages/airflow/example_dags/example_params_trigger_ui.py
[2026-07-29T17:30:26.738+0000] {processor.py:914} INFO - Processing file /home/airflow/.local/lib/python3.12/site-packages/airflow/example_dags/example_params_trigger_ui.py for tasks to queue
[2026-07-29T17:30:26.740+0000] {logging_mixin.py:190} INFO - [2026-07-29T17:30:26.740+0000] {dagbag.py:587} INFO - Filling up the DagBag from /home/airflow/.local/lib/python3.12/site-packages/airflow/example_dags/example_params_trigger_ui.py
[2026-07-29T17:30:26.748+0000] {processor.py:925} INFO - DAG(s) 'example_params_trigger_ui' retrieved from /home/airflow/.local/lib/python3.12/site-packages/airflow/example_dags/example_params_trigger_ui.py
[2026-07-29T17:30:26.768+0000] {logging_mixin.py:190} INFO - [2026-07-29T17:30:26.768+0000] {dag.py:3211} INFO - Sync 1 DAGs
[2026-07-29T17:30:26.774+0000] {logging_mixin.py:190} INFO - [2026-07-29T17:30:26.774+0000] {dag.py:4138} INFO - Setting next_dagrun for example_params_trigger_ui to None, run_after=None
[2026-07-29T17:30:26.783+0000] {processor.py:208} INFO - Processing /home/airflow/.local/lib/python3.12/site-packages/airflow/example_dags/example_params_trigger_ui.py took 0.047 seconds
[2026-07-29T17:30:57.139+0000] {processor.py:186} INFO - Started process (PID=13083) to work on /home/airflow/.local/lib/python3.12/site-packages/airflow/example_dags/example_params_trigger_ui.py
[2026-07-29T17:30:57.140+0000] {processor.py:914} INFO - Processing file /home/airflow/.local/lib/python3.12/site-packages/airflow/example_dags/example_params_trigger_ui.py for tasks to queue
[2026-07-29T17:30:57.142+0000] {logging_mixin.py:190} INFO - [2026-07-29T17:30:57.142+0000] {dagbag.py:587} INFO - Filling up the DagBag from /home/airflow/.local/lib/python3.12/site-packages/airflow/example_dags/example_params_trigger_ui.py
[2026-07-29T17:30:57.147+0000] {processor.py:925} INFO - DAG(s) 'example_params_trigger_ui' retrieved from /home/airflow/.local/lib/python3.12/site-packages/airflow/example_dags/example_params_trigger_ui.py
[2026-07-29T17:30:57.166+0000] {logging_mixin.py:190} INFO - [2026-07-29T17:30:57.166+0000] {dag.py:3211} INFO - Sync 1 DAGs
[2026-07-29T17:30:57.171+0000] {logging_mixin.py:190} INFO - [2026-07-29T17:30:57.171+0000] {dag.py:4138} INFO - Setting next_dagrun for example_params_trigger_ui to None, run_after=None
[2026-07-29T17:30:57.178+0000] {processor.py:208} INFO - Processing /home/airflow/.local/lib/python3.12/site-packages/airflow/example_dags/example_params_trigger_ui.py took 0.042 seconds
[2026-07-29T17:31:27.283+0000] {processor.py:186} INFO - Started process (PID=13149) to work on /home/airflow/.local/lib/python3.12/site-packages/airflow/example_dags/example_params_trigger_ui.py
[2026-07-29T17:31:27.284+0000] {processor.py:914} INFO - Processing file /home/airflow/.local/lib/python3.12/site-packages/airflow/example_dags/example_params_trigger_ui.py for tasks to queue
[2026-07-29T17:31:27.285+0000] {logging_mixin.py:190} INFO - [2026-07-29T17:31:27.285+0000] {dagbag.py:587} INFO - Filling up the DagBag from /home/airflow/.local/lib/python3.12/site-packages/airflow/example_dags/example_params_trigger_ui.py
[2026-07-29T17:31:27.289+0000] {processor.py:925} INFO - DAG(s) 'example_params_trigger_ui' retrieved from /home/airflow/.local/lib/python3.12/site-packages/airflow/example_dags/example_params_trigger_ui.py
[2026-07-29T17:31:27.304+0000] {logging_mixin.py:190} INFO - [2026-07-29T17:31:27.304+0000] {dag.py:3211} INFO - Sync 1 DAGs
[2026-07-29T17:31:27.309+0000] {logging_mixin.py:190} INFO - [2026-07-29T17:31:27.309+0000] {dag.py:4138} INFO - Setting next_dagrun for example_params_trigger_ui to None, run_after=None
[2026-07-29T17:31:27.315+0000] {processor.py:208} INFO - Processing /home/airflow/.local/lib/python3.12/site-packages/airflow/example_dags/example_params_trigger_ui.py took 0.034 seconds
[2026-07-29T17:31:57.533+0000] {processor.py:186} INFO - Started process (PID=13215) to work on /home/airflow/.local/lib/python3.12/site-packages/airflow/example_dags/example_params_trigger_ui.py
[2026-07-29T17:31:57.533+0000] {processor.py:914} INFO - Processing file /home/airflow/.local/lib/python3.12/site-packages/airflow/example_dags/example_params_trigger_ui.py for tasks to queue
[2026-07-29T17:31:57.534+0000] {logging_mixin.py:190} INFO - [2026-07-29T17:31:57.534+0000] {dagbag.py:587} INFO - Filling up the DagBag from /home/airflow/.local/lib/python3.12/site-packages/airflow/example_dags/example_params_trigger_ui.py
[2026-07-29T17:31:57.539+0000] {processor.py:925} INFO - DAG(s) 'example_params_trigger_ui' retrieved from /home/airflow/.local/lib/python3.12/site-packages/airflow/example_dags/example_params_trigger_ui.py
[2026-07-29T17:31:57.554+0000] {logging_mixin.py:190} INFO - [2026-07-29T17:31:57.554+0000] {dag.py:3211} INFO - Sync 1 DAGs
[2026-07-29T17:31:57.559+0000] {logging_mixin.py:190} INFO - [2026-07-29T17:31:57.559+0000] {dag.py:4138} INFO - Setting next_dagrun for example_params_trigger_ui to None, run_after=None
[2026-07-29T17:31:57.565+0000] {processor.py:208} INFO - Processing /home/airflow/.local/lib/python3.12/site-packages/airflow/example_dags/example_params_trigger_ui.py took 0.034 seconds
[2026-07-29T17:32:27.775+0000] {processor.py:186} INFO - Started process (PID=13281) to work on /home/airflow/.local/lib/python3.12/site-packages/airflow/example_dags/example_params_trigger_ui.py
[2026-07-29T17:32:27.776+0000] {processor.py:914} INFO - Processing file /home/airflow/.local/lib/python3.12/site-packages/airflow/example_dags/example_params_trigger_ui.py for tasks to queue
[2026-07-29T17:32:27.778+0000] {logging_mixin.py:190} INFO - [2026-07-29T17:32:27.778+0000] {dagbag.py:587} INFO - Filling up the DagBag from /home/airflow/.local/lib/python3.12/site-packages/airflow/example_dags/example_params_trigger_ui.py
[2026-07-29T17:32:27.783+0000] {processor.py:925} INFO - DAG(s) 'example_params_trigger_ui' retrieved from /home/airflow/.local/lib/python3.12/site-packages/airflow/example_dags/example_params_trigger_ui.py
[2026-07-29T17:32:27.804+0000] {logging_mixin.py:190} INFO - [2026-07-29T17:32:27.804+0000] {dag.py:3211} INFO - Sync 1 DAGs
[2026-07-29T17:32:27.809+0000] {logging_mixin.py:190} INFO - [2026-07-29T17:32:27.809+0000] {dag.py:4138} INFO - Setting next_dagrun for example_params_trigger_ui to None, run_after=None
[2026-07-29T17:32:27.821+0000] {processor.py:208} INFO - Processing /home/airflow/.local/lib/python3.12/site-packages/airflow/example_dags/example_params_trigger_ui.py took 0.049 seconds
[2026-07-29T17:32:58.157+0000] {processor.py:186} INFO - Started process (PID=13347) to work on /home/airflow/.local/lib/python3.12/site-packages/airflow/example_dags/example_params_trigger_ui.py
[2026-07-29T17:32:58.157+0000] {processor.py:914} INFO - Processing file /home/airflow/.local/lib/python3.12/site-packages/airflow/example_dags/example_params_trigger_ui.py for tasks to queue
[2026-07-29T17:32:58.158+0000] {logging_mixin.py:190} INFO - [2026-07-29T17:32:58.158+0000] {dagbag.py:587} INFO - Filling up the DagBag from /home/airflow/.local/lib/python3.12/site-packages/airflow/example_dags/example_params_trigger_ui.py
[2026-07-29T17:32:58.164+0000] {processor.py:925} INFO - DAG(s) 'example_params_trigger_ui' retrieved from /home/airflow/.local/lib/python3.12/site-packages/airflow/example_dags/example_params_trigger_ui.py
[2026-07-29T17:32:58.188+0000] {logging_mixin.py:190} INFO - [2026-07-29T17:32:58.188+0000] {dag.py:3211} INFO - Sync 1 DAGs
[2026-07-29T17:32:58.194+0000] {logging_mixin.py:190} INFO - [2026-07-29T17:32:58.194+0000] {dag.py:4138} INFO - Setting next_dagrun for example_params_trigger_ui to None, run_after=None
[2026-07-29T17:32:58.202+0000] {processor.py:208} INFO - Processing /home/airflow/.local/lib/python3.12/site-packages/airflow/example_dags/example_params_trigger_ui.py took 0.048 seconds
[2026-07-29T17:33:28.378+0000] {processor.py:186} INFO - Started process (PID=13413) to work on /home/airflow/.local/lib/python3.12/site-packages/airflow/example_dags/example_params_trigger_ui.py
[2026-07-29T17:33:28.379+0000] {processor.py:914} INFO - Processing file /home/airflow/.local/lib/python3.12/site-packages/airflow/example_dags/example_params_trigger_ui.py for tasks to queue
[2026-07-29T17:33:28.380+0000] {logging_mixin.py:190} INFO - [2026-07-29T17:33:28.380+0000] {dagbag.py:587} INFO - Filling up the DagBag from /home/airflow/.local/lib/python3.12/site-packages/airflow/example_dags/example_params_trigger_ui.py
[2026-07-29T17:33:28.387+0000] {processor.py:925} INFO - DAG(s) 'example_params_trigger_ui' retrieved from /home/airflow/.local/lib/python3.12/site-packages/airflow/example_dags/example_params_trigger_ui.py
[2026-07-29T17:33:28.409+0000] {logging_mixin.py:190} INFO - [2026-07-29T17:33:28.409+0000] {dag.py:3211} INFO - Sync 1 DAGs
[2026-07-29T17:33:28.415+0000] {logging_mixin.py:190} INFO - [2026-07-29T17:33:28.415+0000] {dag.py:4138} INFO - Setting next_dagrun for example_params_trigger_ui to None, run_after=None
[2026-07-29T17:33:28.426+0000] {processor.py:208} INFO - Processing /home/airflow/.local/lib/python3.12/site-packages/airflow/example_dags/example_params_trigger_ui.py took 0.051 seconds
[2026-07-29T17:33:58.900+0000] {processor.py:186} INFO - Started process (PID=13479) to work on /home/airflow/.local/lib/python3.12/site-packages/airflow/example_dags/example_params_trigger_ui.py
[2026-07-29T17:33:58.900+0000] {processor.py:914} INFO - Processing file /home/airflow/.local/lib/python3.12/site-packages/airflow/example_dags/example_params_trigger_ui.py for tasks to queue
[2026-07-29T17:33:58.902+0000] {logging_mixin.py:190} INFO - [2026-07-29T17:33:58.901+0000] {dagbag.py:587} INFO - Filling up the DagBag from /home/airflow/.local/lib/python3.12/site-packages/airflow/example_dags/example_params_trigger_ui.py
[2026-07-29T17:33:58.907+0000] {processor.py:925} INFO - DAG(s) 'example_params_trigger_ui' retrieved from /home/airflow/.local/lib/python3.12/site-packages/airflow/example_dags/example_params_trigger_ui.py
[2026-07-29T17:33:58.924+0000] {logging_mixin.py:190} INFO - [2026-07-29T17:33:58.923+0000] {dag.py:3211} INFO - Sync 1 DAGs
[2026-07-29T17:33:58.931+0000] {logging_mixin.py:190} INFO - [2026-07-29T17:33:58.931+0000] {dag.py:4138} INFO - Setting next_dagrun for example_params_trigger_ui to None, run_after=None
[2026-07-29T17:33:58.944+0000] {processor.py:208} INFO - Processing /home/airflow/.local/lib/python3.12/site-packages/airflow/example_dags/example_params_trigger_ui.py took 0.048 seconds
[2026-07-29T17:34:29.903+0000] {processor.py:186} INFO - Started process (PID=13545) to work on /home/airflow/.local/lib/python3.12/site-packages/airflow/example_dags/example_params_trigger_ui.py
[2026-07-29T17:34:29.903+0000] {processor.py:914} INFO - Processing file /home/airflow/.local/lib/python3.12/site-packages/airflow/example_dags/example_params_trigger_ui.py for tasks to queue
[2026-07-29T17:34:29.907+0000] {logging_mixin.py:190} INFO - [2026-07-29T17:34:29.906+0000] {dagbag.py:587} INFO - Filling up the DagBag from /home/airflow/.local/lib/python3.12/site-packages/airflow/example_dags/example_params_trigger_ui.py
[2026-07-29T17:34:29.912+0000] {processor.py:925} INFO - DAG(s) 'example_params_trigger_ui' retrieved from /home/airflow/.local/lib/python3.12/site-packages/airflow/example_dags/example_params_trigger_ui.py
[2026-07-29T17:34:29.939+0000] {logging_mixin.py:190} INFO - [2026-07-29T17:34:29.939+0000] {dag.py:3211} INFO - Sync 1 DAGs
[2026-07-29T17:34:29.944+0000] {logging_mixin.py:190} INFO - [2026-07-29T17:34:29.944+0000] {dag.py:4138} INFO - Setting next_dagrun for example_params_trigger_ui to None, run_after=None
[2026-07-29T17:34:29.952+0000] {processor.py:208} INFO - Processing /home/airflow/.local/lib/python3.12/site-packages/airflow/example_dags/example_params_trigger_ui.py took 0.051 seconds
[2026-07-29T17:35:00.895+0000] {processor.py:186} INFO - Started process (PID=13611) to work on /home/airflow/.local/lib/python3.12/site-packages/airflow/example_dags/example_params_trigger_ui.py
[2026-07-29T17:35:00.895+0000] {processor.py:914} INFO - Processing file /home/airflow/.local/lib/python3.12/site-packages/airflow/example_dags/example_params_trigger_ui.py for tasks to queue
[2026-07-29T17:35:00.896+0000] {logging_mixin.py:190} INFO - [2026-07-29T17:35:00.896+0000] {dagbag.py:587} INFO - Filling up the DagBag from /home/airflow/.local/lib/python3.12/site-packages/airflow/example_dags/example_params_trigger_ui.py
[2026-07-29T17:35:00.901+0000] {processor.py:925} INFO - DAG(s) 'example_params_trigger_ui' retrieved from /home/airflow/.local/lib/python3.12/site-packages/airflow/example_dags/example_params_trigger_ui.py
[2026-07-29T17:35:00.915+0000] {logging_mixin.py:190} INFO - [2026-07-29T17:35:00.915+0000] {dag.py:3211} INFO - Sync 1 DAGs
[2026-07-29T17:35:00.921+0000] {logging_mixin.py:190} INFO - [2026-07-29T17:35:00.921+0000] {dag.py:4138} INFO - Setting next_dagrun for example_params_trigger_ui to None, run_after=None
[2026-07-29T17:35:00.927+0000] {processor.py:208} INFO - Processing /home/airflow/.local/lib/python3.12/site-packages/airflow/example_dags/example_params_trigger_ui.py took 0.035 seconds
[2026-07-29T17:35:31.076+0000] {processor.py:186} INFO - Started process (PID=13677) to work on /home/airflow/.local/lib/python3.12/site-packages/airflow/example_dags/example_params_trigger_ui.py
[2026-07-29T17:35:31.076+0000] {processor.py:914} INFO - Processing file /home/airflow/.local/lib/python3.12/site-packages/airflow/example_dags/example_params_trigger_ui.py for tasks to queue
[2026-07-29T17:35:31.078+0000] {logging_mixin.py:190} INFO - [2026-07-29T17:35:31.078+0000] {dagbag.py:587} INFO - Filling up the DagBag from /home/airflow/.local/lib/python3.12/site-packages/airflow/example_dags/example_params_trigger_ui.py
[2026-07-29T17:35:31.085+0000] {processor.py:925} INFO - DAG(s) 'example_params_trigger_ui' retrieved from /home/airflow/.local/lib/python3.12/site-packages/airflow/example_dags/example_params_trigger_ui.py
[2026-07-29T17:35:31.106+0000] {logging_mixin.py:190} INFO - [2026-07-29T17:35:31.106+0000] {dag.py:3211} INFO - Sync 1 DAGs
[2026-07-29T17:35:31.112+0000] {logging_mixin.py:190} INFO - [2026-07-29T17:35:31.112+0000] {dag.py:4138} INFO - Setting next_dagrun for example_params_trigger_ui to None, run_after=None
[2026-07-29T17:35:31.121+0000] {processor.py:208} INFO - Processing /home/airflow/.local/lib/python3.12/site-packages/airflow/example_dags/example_params_trigger_ui.py took 0.048 seconds
[2026-07-29T17:36:01.147+0000] {processor.py:186} INFO - Started process (PID=13743) to work on /home/airflow/.local/lib/python3.12/site-packages/airflow/example_dags/example_params_trigger_ui.py
[2026-07-29T17:36:01.148+0000] {processor.py:914} INFO - Processing file /home/airflow/.local/lib/python3.12/site-packages/airflow/example_dags/example_params_trigger_ui.py for tasks to queue
[2026-07-29T17:36:01.150+0000] {logging_mixin.py:190} INFO - [2026-07-29T17:36:01.150+0000] {dagbag.py:587} INFO - Filling up the DagBag from /home/airflow/.local/lib/python3.12/site-packages/airflow/example_dags/example_params_trigger_ui.py
[2026-07-29T17:36:01.158+0000] {processor.py:925} INFO - DAG(s) 'example_params_trigger_ui' retrieved from /home/airflow/.local/lib/python3.12/site-packages/airflow/example_dags/example_params_trigger_ui.py
[2026-07-29T17:36:01.187+0000] {logging_mixin.py:190} INFO - [2026-07-29T17:36:01.187+0000] {dag.py:3211} INFO - Sync 1 DAGs
[2026-07-29T17:36:01.193+0000] {logging_mixin.py:190} INFO - [2026-07-29T17:36:01.192+0000] {dag.py:4138} INFO - Setting next_dagrun for example_params_trigger_ui to None, run_after=None
[2026-07-29T17:36:01.200+0000] {processor.py:208} INFO - Processing /home/airflow/.local/lib/python3.12/site-packages/airflow/example_dags/example_params_trigger_ui.py took 0.055 seconds
[2026-07-29T17:36:31.374+0000] {processor.py:186} INFO - Started process (PID=13809) to work on /home/airflow/.local/lib/python3.12/site-packages/airflow/example_dags/example_params_trigger_ui.py
[2026-07-29T17:36:31.374+0000] {processor.py:914} INFO - Processing file /home/airflow/.local/lib/python3.12/site-packages/airflow/example_dags/example_params_trigger_ui.py for tasks to queue
[2026-07-29T17:36:31.376+0000] {logging_mixin.py:190} INFO - [2026-07-29T17:36:31.375+0000] {dagbag.py:587} INFO - Filling up the DagBag from /home/airflow/.local/lib/python3.12/site-packages/airflow/example_dags/example_params_trigger_ui.py
[2026-07-29T17:36:31.381+0000] {processor.py:925} INFO - DAG(s) 'example_params_trigger_ui' retrieved from /home/airflow/.local/lib/python3.12/site-packages/airflow/example_dags/example_params_trigger_ui.py
[2026-07-29T17:36:31.397+0000] {logging_mixin.py:190} INFO - [2026-07-29T17:36:31.397+0000] {dag.py:3211} INFO - Sync 1 DAGs
[2026-07-29T17:36:31.403+0000] {logging_mixin.py:190} INFO - [2026-07-29T17:36:31.403+0000] {dag.py:4138} INFO - Setting next_dagrun for example_params_trigger_ui to None, run_after=None
[2026-07-29T17:36:31.410+0000] {processor.py:208} INFO - Processing /home/airflow/.local/lib/python3.12/site-packages/airflow/example_dags/example_params_trigger_ui.py took 0.039 seconds
[2026-07-29T17:37:02.428+0000] {processor.py:186} INFO - Started process (PID=13875) to work on /home/airflow/.local/lib/python3.12/site-packages/airflow/example_dags/example_params_trigger_ui.py
[2026-07-29T17:37:02.429+0000] {processor.py:914} INFO - Processing file /home/airflow/.local/lib/python3.12/site-packages/airflow/example_dags/example_params_trigger_ui.py for tasks to queue
[2026-07-29T17:37:02.431+0000] {logging_mixin.py:190} INFO - [2026-07-29T17:37:02.431+0000] {dagbag.py:587} INFO - Filling up the DagBag from /home/airflow/.local/lib/python3.12/site-packages/airflow/example_dags/example_params_trigger_ui.py
[2026-07-29T17:37:02.437+0000] {processor.py:925} INFO - DAG(s) 'example_params_trigger_ui' retrieved from /home/airflow/.local/lib/python3.12/site-packages/airflow/example_dags/example_params_trigger_ui.py
[2026-07-29T17:37:02.456+0000] {logging_mixin.py:190} INFO - [2026-07-29T17:37:02.456+0000] {dag.py:3211} INFO - Sync 1 DAGs
[2026-07-29T17:37:02.462+0000] {logging_mixin.py:190} INFO - [2026-07-29T17:37:02.462+0000] {dag.py:4138} INFO - Setting next_dagrun for example_params_trigger_ui to None, run_after=None
[2026-07-29T17:37:02.469+0000] {processor.py:208} INFO - Processing /home/airflow/.local/lib/python3.12/site-packages/airflow/example_dags/example_params_trigger_ui.py took 0.044 seconds
[2026-07-29T17:37:32.509+0000] {processor.py:186} INFO - Started process (PID=13941) to work on /home/airflow/.local/lib/python3.12/site-packages/airflow/example_dags/example_params_trigger_ui.py
[2026-07-29T17:37:32.510+0000] {processor.py:914} INFO - Processing file /home/airflow/.local/lib/python3.12/site-packages/airflow/example_dags/example_params_trigger_ui.py for tasks to queue
[2026-07-29T17:37:32.513+0000] {logging_mixin.py:190} INFO - [2026-07-29T17:37:32.513+0000] {dagbag.py:587} INFO - Filling up the DagBag from /home/airflow/.local/lib/python3.12/site-packages/airflow/example_dags/example_params_trigger_ui.py
[2026-07-29T17:37:32.520+0000] {processor.py:925} INFO - DAG(s) 'example_params_trigger_ui' retrieved from /home/airflow/.local/lib/python3.12/site-packages/airflow/example_dags/example_params_trigger_ui.py
[2026-07-29T17:37:32.546+0000] {logging_mixin.py:190} INFO - [2026-07-29T17:37:32.545+0000] {dag.py:3211} INFO - Sync 1 DAGs
[2026-07-29T17:37:32.556+0000] {logging_mixin.py:190} INFO - [2026-07-29T17:37:32.556+0000] {dag.py:4138} INFO - Setting next_dagrun for example_params_trigger_ui to None, run_after=None
[2026-07-29T17:37:32.564+0000] {processor.py:208} INFO - Processing /home/airflow/.local/lib/python3.12/site-packages/airflow/example_dags/example_params_trigger_ui.py took 0.058 seconds
[2026-07-29T17:38:03.482+0000] {processor.py:186} INFO - Started process (PID=14007) to work on /home/airflow/.local/lib/python3.12/site-packages/airflow/example_dags/example_params_trigger_ui.py
[2026-07-29T17:38:03.483+0000] {processor.py:914} INFO - Processing file /home/airflow/.local/lib/python3.12/site-packages/airflow/example_dags/example_params_trigger_ui.py for tasks to queue
[2026-07-29T17:38:03.485+0000] {logging_mixin.py:190} INFO - [2026-07-29T17:38:03.485+0000] {dagbag.py:587} INFO - Filling up the DagBag from /home/airflow/.local/lib/python3.12/site-packages/airflow/example_dags/example_params_trigger_ui.py
[2026-07-29T17:38:03.491+0000] {processor.py:925} INFO - DAG(s) 'example_params_trigger_ui' retrieved from /home/airflow/.local/lib/python3.12/site-packages/airflow/example_dags/example_params_trigger_ui.py
[2026-07-29T17:38:03.512+0000] {logging_mixin.py:190} INFO - [2026-07-29T17:38:03.512+0000] {dag.py:3211} INFO - Sync 1 DAGs
[2026-07-29T17:38:03.517+0000] {logging_mixin.py:190} INFO - [2026-07-29T17:38:03.517+0000] {dag.py:4138} INFO - Setting next_dagrun for example_params_trigger_ui to None, run_after=None
[2026-07-29T17:38:03.526+0000] {processor.py:208} INFO - Processing /home/airflow/.local/lib/python3.12/site-packages/airflow/example_dags/example_params_trigger_ui.py took 0.046 seconds
[2026-07-29T17:38:34.432+0000] {processor.py:186} INFO - Started process (PID=14073) to work on /home/airflow/.local/lib/python3.12/site-packages/airflow/example_dags/example_params_trigger_ui.py
[2026-07-29T17:38:34.434+0000] {processor.py:914} INFO - Processing file /home/airflow/.local/lib/python3.12/site-packages/airflow/example_dags/example_params_trigger_ui.py for tasks to queue
[2026-07-29T17:38:34.435+0000] {logging_mixin.py:190} INFO - [2026-07-29T17:38:34.435+0000] {dagbag.py:587} INFO - Filling up the DagBag from /home/airflow/.local/lib/python3.12/site-packages/airflow/example_dags/example_params_trigger_ui.py
[2026-07-29T17:38:34.440+0000] {processor.py:925} INFO - DAG(s) 'example_params_trigger_ui' retrieved from /home/airflow/.local/lib/python3.12/site-packages/airflow/example_dags/example_params_trigger_ui.py
[2026-07-29T17:38:34.459+0000] {logging_mixin.py:190} INFO - [2026-07-29T17:38:34.459+0000] {dag.py:3211} INFO - Sync 1 DAGs
[2026-07-29T17:38:34.464+0000] {logging_mixin.py:190} INFO - [2026-07-29T17:38:34.464+0000] {dag.py:4138} INFO - Setting next_dagrun for example_params_trigger_ui to None, run_after=None
[2026-07-29T17:38:34.477+0000] {processor.py:208} INFO - Processing /home/airflow/.local/lib/python3.12/site-packages/airflow/example_dags/example_params_trigger_ui.py took 0.048 seconds
[2026-07-29T17:39:05.079+0000] {processor.py:186} INFO - Started process (PID=14139) to work on /home/airflow/.local/lib/python3.12/site-packages/airflow/example_dags/example_params_trigger_ui.py
[2026-07-29T17:39:05.080+0000] {processor.py:914} INFO - Processing file /home/airflow/.local/lib/python3.12/site-packages/airflow/example_dags/example_params_trigger_ui.py for tasks to queue
[2026-07-29T17:39:05.081+0000] {logging_mixin.py:190} INFO - [2026-07-29T17:39:05.081+0000] {dagbag.py:587} INFO - Filling up the DagBag from /home/airflow/.local/lib/python3.12/site-packages/airflow/example_dags/example_params_trigger_ui.py
[2026-07-29T17:39:05.087+0000] {processor.py:925} INFO - DAG(s) 'example_params_trigger_ui' retrieved from /home/airflow/.local/lib/python3.12/site-packages/airflow/example_dags/example_params_trigger_ui.py
[2026-07-29T17:39:05.107+0000] {logging_mixin.py:190} INFO - [2026-07-29T17:39:05.107+0000] {dag.py:3211} INFO - Sync 1 DAGs
[2026-07-29T17:39:05.114+0000] {logging_mixin.py:190} INFO - [2026-07-29T17:39:05.114+0000] {dag.py:4138} INFO - Setting next_dagrun for example_params_trigger_ui to None, run_after=None
[2026-07-29T17:39:05.121+0000] {processor.py:208} INFO - Processing /home/airflow/.local/lib/python3.12/site-packages/airflow/example_dags/example_params_trigger_ui.py took 0.045 seconds
[2026-07-29T17:39:36.093+0000] {processor.py:186} INFO - Started process (PID=14205) to work on /home/airflow/.local/lib/python3.12/site-packages/airflow/example_dags/example_params_trigger_ui.py
[2026-07-29T17:39:36.094+0000] {processor.py:914} INFO - Processing file /home/airflow/.local/lib/python3.12/site-packages/airflow/example_dags/example_params_trigger_ui.py for tasks to queue
[2026-07-29T17:39:36.095+0000] {logging_mixin.py:190} INFO - [2026-07-29T17:39:36.095+0000] {dagbag.py:587} INFO - Filling up the DagBag from /home/airflow/.local/lib/python3.12/site-packages/airflow/example_dags/example_params_trigger_ui.py
[2026-07-29T17:39:36.101+0000] {processor.py:925} INFO - DAG(s) 'example_params_trigger_ui' retrieved from /home/airflow/.local/lib/python3.12/site-packages/airflow/example_dags/example_params_trigger_ui.py
[2026-07-29T17:39:36.117+0000] {logging_mixin.py:190} INFO - [2026-07-29T17:39:36.117+0000] {dag.py:3211} INFO - Sync 1 DAGs
[2026-07-29T17:39:36.124+0000] {logging_mixin.py:190} INFO - [2026-07-29T17:39:36.124+0000] {dag.py:4138} INFO - Setting next_dagrun for example_params_trigger_ui to None, run_after=None
[2026-07-29T17:39:36.132+0000] {processor.py:208} INFO - Processing /home/airflow/.local/lib/python3.12/site-packages/airflow/example_dags/example_params_trigger_ui.py took 0.042 seconds
[2026-07-29T17:40:07.109+0000] {processor.py:186} INFO - Started process (PID=14271) to work on /home/airflow/.local/lib/python3.12/site-packages/airflow/example_dags/example_params_trigger_ui.py
[2026-07-29T17:40:07.110+0000] {processor.py:914} INFO - Processing file /home/airflow/.local/lib/python3.12/site-packages/airflow/example_dags/example_params_trigger_ui.py for tasks to queue
[2026-07-29T17:40:07.112+0000] {logging_mixin.py:190} INFO - [2026-07-29T17:40:07.112+0000] {dagbag.py:587} INFO - Filling up the DagBag from /home/airflow/.local/lib/python3.12/site-packages/airflow/example_dags/example_params_trigger_ui.py
[2026-07-29T17:40:07.117+0000] {processor.py:925} INFO - DAG(s) 'example_params_trigger_ui' retrieved from /home/airflow/.local/lib/python3.12/site-packages/airflow/example_dags/example_params_trigger_ui.py
[2026-07-29T17:40:07.134+0000] {logging_mixin.py:190} INFO - [2026-07-29T17:40:07.134+0000] {dag.py:3211} INFO - Sync 1 DAGs
[2026-07-29T17:40:07.145+0000] {logging_mixin.py:190} INFO - [2026-07-29T17:40:07.144+0000] {dag.py:4138} INFO - Setting next_dagrun for example_params_trigger_ui to None, run_after=None
[2026-07-29T17:40:07.154+0000] {processor.py:208} INFO - Processing /home/airflow/.local/lib/python3.12/site-packages/airflow/example_dags/example_params_trigger_ui.py took 0.048 seconds
[2026-07-29T17:40:38.094+0000] {processor.py:186} INFO - Started process (PID=14337) to work on /home/airflow/.local/lib/python3.12/site-packages/airflow/example_dags/example_params_trigger_ui.py
[2026-07-29T17:40:38.095+0000] {processor.py:914} INFO - Processing file /home/airflow/.local/lib/python3.12/site-packages/airflow/example_dags/example_params_trigger_ui.py for tasks to queue
[2026-07-29T17:40:38.096+0000] {logging_mixin.py:190} INFO - [2026-07-29T17:40:38.096+0000] {dagbag.py:587} INFO - Filling up the DagBag from /home/airflow/.local/lib/python3.12/site-packages/airflow/example_dags/example_params_trigger_ui.py
[2026-07-29T17:40:38.102+0000] {processor.py:925} INFO - DAG(s) 'example_params_trigger_ui' retrieved from /home/airflow/.local/lib/python3.12/site-packages/airflow/example_dags/example_params_trigger_ui.py
[2026-07-29T17:40:38.117+0000] {logging_mixin.py:190} INFO - [2026-07-29T17:40:38.117+0000] {dag.py:3211} INFO - Sync 1 DAGs
[2026-07-29T17:40:38.123+0000] {logging_mixin.py:190} INFO - [2026-07-29T17:40:38.123+0000] {dag.py:4138} INFO - Setting next_dagrun for example_params_trigger_ui to None, run_after=None
[2026-07-29T17:40:38.135+0000] {processor.py:208} INFO - Processing /home/airflow/.local/lib/python3.12/site-packages/airflow/example_dags/example_params_trigger_ui.py took 0.044 seconds
[2026-07-29T17:41:09.058+0000] {processor.py:186} INFO - Started process (PID=14403) to work on /home/airflow/.local/lib/python3.12/site-packages/airflow/example_dags/example_params_trigger_ui.py
[2026-07-29T17:41:09.059+0000] {processor.py:914} INFO - Processing file /home/airflow/.local/lib/python3.12/site-packages/airflow/example_dags/example_params_trigger_ui.py for tasks to queue
[2026-07-29T17:41:09.060+0000] {logging_mixin.py:190} INFO - [2026-07-29T17:41:09.060+0000] {dagbag.py:587} INFO - Filling up the DagBag from /home/airflow/.local/lib/python3.12/site-packages/airflow/example_dags/example_params_trigger_ui.py
[2026-07-29T17:41:09.064+0000] {processor.py:925} INFO - DAG(s) 'example_params_trigger_ui' retrieved from /home/airflow/.local/lib/python3.12/site-packages/airflow/example_dags/example_params_trigger_ui.py
[2026-07-29T17:41:09.082+0000] {logging_mixin.py:190} INFO - [2026-07-29T17:41:09.082+0000] {dag.py:3211} INFO - Sync 1 DAGs
[2026-07-29T17:41:09.089+0000] {logging_mixin.py:190} INFO - [2026-07-29T17:41:09.089+0000] {dag.py:4138} INFO - Setting next_dagrun for example_params_trigger_ui to None, run_after=None
[2026-07-29T17:41:09.100+0000] {processor.py:208} INFO - Processing /home/airflow/.local/lib/python3.12/site-packages/airflow/example_dags/example_params_trigger_ui.py took 0.045 seconds
[2026-07-29T17:41:40.093+0000] {processor.py:186} INFO - Started process (PID=14469) to work on /home/airflow/.local/lib/python3.12/site-packages/airflow/example_dags/example_params_trigger_ui.py
[2026-07-29T17:41:40.093+0000] {processor.py:914} INFO - Processing file /home/airflow/.local/lib/python3.12/site-packages/airflow/example_dags/example_params_trigger_ui.py for tasks to queue
[2026-07-29T17:41:40.094+0000] {logging_mixin.py:190} INFO - [2026-07-29T17:41:40.094+0000] {dagbag.py:587} INFO - Filling up the DagBag from /home/airflow/.local/lib/python3.12/site-packages/airflow/example_dags/example_params_trigger_ui.py
[2026-07-29T17:41:40.099+0000] {processor.py:925} INFO - DAG(s) 'example_params_trigger_ui' retrieved from /home/airflow/.local/lib/python3.12/site-packages/airflow/example_dags/example_params_trigger_ui.py
[2026-07-29T17:41:40.112+0000] {logging_mixin.py:190} INFO - [2026-07-29T17:41:40.112+0000] {dag.py:3211} INFO - Sync 1 DAGs
[2026-07-29T17:41:40.117+0000] {logging_mixin.py:190} INFO - [2026-07-29T17:41:40.117+0000] {dag.py:4138} INFO - Setting next_dagrun for example_params_trigger_ui to None, run_after=None
[2026-07-29T17:41:40.122+0000] {processor.py:208} INFO - Processing /home/airflow/.local/lib/python3.12/site-packages/airflow/example_dags/example_params_trigger_ui.py took 0.032 seconds
[2026-07-29T17:42:11.101+0000] {processor.py:186} INFO - Started process (PID=14535) to work on /home/airflow/.local/lib/python3.12/site-packages/airflow/example_dags/example_params_trigger_ui.py
[2026-07-29T17:42:11.101+0000] {processor.py:914} INFO - Processing file /home/airflow/.local/lib/python3.12/site-packages/airflow/example_dags/example_params_trigger_ui.py for tasks to queue
[2026-07-29T17:42:11.102+0000] {logging_mixin.py:190} INFO - [2026-07-29T17:42:11.102+0000] {dagbag.py:587} INFO - Filling up the DagBag from /home/airflow/.local/lib/python3.12/site-packages/airflow/example_dags/example_params_trigger_ui.py
[2026-07-29T17:42:11.108+0000] {processor.py:925} INFO - DAG(s) 'example_params_trigger_ui' retrieved from /home/airflow/.local/lib/python3.12/site-packages/airflow/example_dags/example_params_trigger_ui.py
[2026-07-29T17:42:11.125+0000] {logging_mixin.py:190} INFO - [2026-07-29T17:42:11.125+0000] {dag.py:3211} INFO - Sync 1 DAGs
[2026-07-29T17:42:11.132+0000] {logging_mixin.py:190} INFO - [2026-07-29T17:42:11.132+0000] {dag.py:4138} INFO - Setting next_dagrun for example_params_trigger_ui to None, run_after=None
[2026-07-29T17:42:11.145+0000] {processor.py:208} INFO - Processing /home/airflow/.local/lib/python3.12/site-packages/airflow/example_dags/example_params_trigger_ui.py took 0.047 seconds
[2026-07-29T17:42:42.010+0000] {processor.py:186} INFO - Started process (PID=14601) to work on /home/airflow/.local/lib/python3.12/site-packages/airflow/example_dags/example_params_trigger_ui.py
[2026-07-29T17:42:42.011+0000] {processor.py:914} INFO - Processing file /home/airflow/.local/lib/python3.12/site-packages/airflow/example_dags/example_params_trigger_ui.py for tasks to queue
[2026-07-29T17:42:42.012+0000] {logging_mixin.py:190} INFO - [2026-07-29T17:42:42.012+0000] {dagbag.py:587} INFO - Filling up the DagBag from /home/airflow/.local/lib/python3.12/site-packages/airflow/example_dags/example_params_trigger_ui.py
[2026-07-29T17:42:42.017+0000] {processor.py:925} INFO - DAG(s) 'example_params_trigger_ui' retrieved from /home/airflow/.local/lib/python3.12/site-packages/airflow/example_dags/example_params_trigger_ui.py
[2026-07-29T17:42:42.039+0000] {logging_mixin.py:190} INFO - [2026-07-29T17:42:42.039+0000] {dag.py:3211} INFO - Sync 1 DAGs
[2026-07-29T17:42:42.045+0000] {logging_mixin.py:190} INFO - [2026-07-29T17:42:42.045+0000] {dag.py:4138} INFO - Setting next_dagrun for example_params_trigger_ui to None, run_after=None
[2026-07-29T17:42:42.057+0000] {processor.py:208} INFO - Processing /home/airflow/.local/lib/python3.12/site-packages/airflow/example_dags/example_params_trigger_ui.py took 0.050 seconds
[2026-07-29T17:43:12.979+0000] {processor.py:186} INFO - Started process (PID=14667) to work on /home/airflow/.local/lib/python3.12/site-packages/airflow/example_dags/example_params_trigger_ui.py
[2026-07-29T17:43:12.979+0000] {processor.py:914} INFO - Processing file /home/airflow/.local/lib/python3.12/site-packages/airflow/example_dags/example_params_trigger_ui.py for tasks to queue
[2026-07-29T17:43:12.980+0000] {logging_mixin.py:190} INFO - [2026-07-29T17:43:12.980+0000] {dagbag.py:587} INFO - Filling up the DagBag from /home/airflow/.local/lib/python3.12/site-packages/airflow/example_dags/example_params_trigger_ui.py
[2026-07-29T17:43:12.988+0000] {processor.py:925} INFO - DAG(s) 'example_params_trigger_ui' retrieved from /home/airflow/.local/lib/python3.12/site-packages/airflow/example_dags/example_params_trigger_ui.py
[2026-07-29T17:43:13.004+0000] {logging_mixin.py:190} INFO - [2026-07-29T17:43:13.004+0000] {dag.py:3211} INFO - Sync 1 DAGs
[2026-07-29T17:43:13.009+0000] {logging_mixin.py:190} INFO - [2026-07-29T17:43:13.009+0000] {dag.py:4138} INFO - Setting next_dagrun for example_params_trigger_ui to None, run_after=None
[2026-07-29T17:43:13.021+0000] {processor.py:208} INFO - Processing /home/airflow/.local/lib/python3.12/site-packages/airflow/example_dags/example_params_trigger_ui.py took 0.045 seconds
[2026-07-29T17:43:43.906+0000] {processor.py:186} INFO - Started process (PID=14733) to work on /home/airflow/.local/lib/python3.12/site-packages/airflow/example_dags/example_params_trigger_ui.py
[2026-07-29T17:43:43.908+0000] {processor.py:914} INFO - Processing file /home/airflow/.local/lib/python3.12/site-packages/airflow/example_dags/example_params_trigger_ui.py for tasks to queue
[2026-07-29T17:43:43.912+0000] {logging_mixin.py:190} INFO - [2026-07-29T17:43:43.912+0000] {dagbag.py:587} INFO - Filling up the DagBag from /home/airflow/.local/lib/python3.12/site-packages/airflow/example_dags/example_params_trigger_ui.py
[2026-07-29T17:43:43.917+0000] {processor.py:925} INFO - DAG(s) 'example_params_trigger_ui' retrieved from /home/airflow/.local/lib/python3.12/site-packages/airflow/example_dags/example_params_trigger_ui.py
[2026-07-29T17:43:43.938+0000] {logging_mixin.py:190} INFO - [2026-07-29T17:43:43.938+0000] {dag.py:3211} INFO - Sync 1 DAGs
[2026-07-29T17:43:43.942+0000] {logging_mixin.py:190} INFO - [2026-07-29T17:43:43.942+0000] {dag.py:4138} INFO - Setting next_dagrun for example_params_trigger_ui to None, run_after=None
[2026-07-29T17:43:43.952+0000] {processor.py:208} INFO - Processing /home/airflow/.local/lib/python3.12/site-packages/airflow/example_dags/example_params_trigger_ui.py took 0.048 seconds
[2026-07-29T17:44:14.428+0000] {processor.py:186} INFO - Started process (PID=14799) to work on /home/airflow/.local/lib/python3.12/site-packages/airflow/example_dags/example_params_trigger_ui.py
[2026-07-29T17:44:14.428+0000] {processor.py:914} INFO - Processing file /home/airflow/.local/lib/python3.12/site-packages/airflow/example_dags/example_params_trigger_ui.py for tasks to queue
[2026-07-29T17:44:14.430+0000] {logging_mixin.py:190} INFO - [2026-07-29T17:44:14.430+0000] {dagbag.py:587} INFO - Filling up the DagBag from /home/airflow/.local/lib/python3.12/site-packages/airflow/example_dags/example_params_trigger_ui.py
[2026-07-29T17:44:14.435+0000] {processor.py:925} INFO - DAG(s) 'example_params_trigger_ui' retrieved from /home/airflow/.local/lib/python3.12/site-packages/airflow/example_dags/example_params_trigger_ui.py
[2026-07-29T17:44:14.453+0000] {logging_mixin.py:190} INFO - [2026-07-29T17:44:14.453+0000] {dag.py:3211} INFO - Sync 1 DAGs
[2026-07-29T17:44:14.460+0000] {logging_mixin.py:190} INFO - [2026-07-29T17:44:14.460+0000] {dag.py:4138} INFO - Setting next_dagrun for example_params_trigger_ui to None, run_after=None
[2026-07-29T17:44:14.473+0000] {processor.py:208} INFO - Processing /home/airflow/.local/lib/python3.12/site-packages/airflow/example_dags/example_params_trigger_ui.py took 0.049 seconds
[2026-07-29T17:44:44.564+0000] {processor.py:186} INFO - Started process (PID=14865) to work on /home/airflow/.local/lib/python3.12/site-packages/airflow/example_dags/example_params_trigger_ui.py
[2026-07-29T17:44:44.566+0000] {processor.py:914} INFO - Processing file /home/airflow/.local/lib/python3.12/site-packages/airflow/example_dags/example_params_trigger_ui.py for tasks to queue
[2026-07-29T17:44:44.567+0000] {logging_mixin.py:190} INFO - [2026-07-29T17:44:44.567+0000] {dagbag.py:587} INFO - Filling up the DagBag from /home/airflow/.local/lib/python3.12/site-packages/airflow/example_dags/example_params_trigger_ui.py
[2026-07-29T17:44:44.575+0000] {processor.py:925} INFO - DAG(s) 'example_params_trigger_ui' retrieved from /home/airflow/.local/lib/python3.12/site-packages/airflow/example_dags/example_params_trigger_ui.py
[2026-07-29T17:44:44.593+0000] {logging_mixin.py:190} INFO - [2026-07-29T17:44:44.593+0000] {dag.py:3211} INFO - Sync 1 DAGs
[2026-07-29T17:44:44.601+0000] {logging_mixin.py:190} INFO - [2026-07-29T17:44:44.601+0000] {dag.py:4138} INFO - Setting next_dagrun for example_params_trigger_ui to None, run_after=None
[2026-07-29T17:44:44.611+0000] {processor.py:208} INFO - Processing /home/airflow/.local/lib/python3.12/site-packages/airflow/example_dags/example_params_trigger_ui.py took 0.050 seconds
[2026-07-29T17:45:15.522+0000] {processor.py:186} INFO - Started process (PID=14931) to work on /home/airflow/.local/lib/python3.12/site-packages/airflow/example_dags/example_params_trigger_ui.py
[2026-07-29T17:45:15.523+0000] {processor.py:914} INFO - Processing file /home/airflow/.local/lib/python3.12/site-packages/airflow/example_dags/example_params_trigger_ui.py for tasks to queue
[2026-07-29T17:45:15.524+0000] {logging_mixin.py:190} INFO - [2026-07-29T17:45:15.524+0000] {dagbag.py:587} INFO - Filling up the DagBag from /home/airflow/.local/lib/python3.12/site-packages/airflow/example_dags/example_params_trigger_ui.py
[2026-07-29T17:45:15.529+0000] {processor.py:925} INFO - DAG(s) 'example_params_trigger_ui' retrieved from /home/airflow/.local/lib/python3.12/site-packages/airflow/example_dags/example_params_trigger_ui.py
[2026-07-29T17:45:15.551+0000] {logging_mixin.py:190} INFO - [2026-07-29T17:45:15.551+0000] {dag.py:3211} INFO - Sync 1 DAGs
[2026-07-29T17:45:15.560+0000] {logging_mixin.py:190} INFO - [2026-07-29T17:45:15.559+0000] {dag.py:4138} INFO - Setting next_dagrun for example_params_trigger_ui to None, run_after=None
[2026-07-29T17:45:15.570+0000] {processor.py:208} INFO - Processing /home/airflow/.local/lib/python3.12/site-packages/airflow/example_dags/example_params_trigger_ui.py took 0.050 seconds
[2026-07-29T17:45:46.541+0000] {processor.py:186} INFO - Started process (PID=14997) to work on /home/airflow/.local/lib/python3.12/site-packages/airflow/example_dags/example_params_trigger_ui.py
[2026-07-29T17:45:46.542+0000] {processor.py:914} INFO - Processing file /home/airflow/.local/lib/python3.12/site-packages/airflow/example_dags/example_params_trigger_ui.py for tasks to queue
[2026-07-29T17:45:46.543+0000] {logging_mixin.py:190} INFO - [2026-07-29T17:45:46.543+0000] {dagbag.py:587} INFO - Filling up the DagBag from /home/airflow/.local/lib/python3.12/site-packages/airflow/example_dags/example_params_trigger_ui.py
[2026-07-29T17:45:46.548+0000] {processor.py:925} INFO - DAG(s) 'example_params_trigger_ui' retrieved from /home/airflow/.local/lib/python3.12/site-packages/airflow/example_dags/example_params_trigger_ui.py
[2026-07-29T17:45:46.564+0000] {logging_mixin.py:190} INFO - [2026-07-29T17:45:46.564+0000] {dag.py:3211} INFO - Sync 1 DAGs
[2026-07-29T17:45:46.569+0000] {logging_mixin.py:190} INFO - [2026-07-29T17:45:46.569+0000] {dag.py:4138} INFO - Setting next_dagrun for example_params_trigger_ui to None, run_after=None
[2026-07-29T17:45:46.576+0000] {processor.py:208} INFO - Processing /home/airflow/.local/lib/python3.12/site-packages/airflow/example_dags/example_params_trigger_ui.py took 0.038 seconds
[2026-07-29T17:46:17.458+0000] {processor.py:186} INFO - Started process (PID=15063) to work on /home/airflow/.local/lib/python3.12/site-packages/airflow/example_dags/example_params_trigger_ui.py
[2026-07-29T17:46:17.459+0000] {processor.py:914} INFO - Processing file /home/airflow/.local/lib/python3.12/site-packages/airflow/example_dags/example_params_trigger_ui.py for tasks to queue
[2026-07-29T17:46:17.460+0000] {logging_mixin.py:190} INFO - [2026-07-29T17:46:17.460+0000] {dagbag.py:587} INFO - Filling up the DagBag from /home/airflow/.local/lib/python3.12/site-packages/airflow/example_dags/example_params_trigger_ui.py
[2026-07-29T17:46:17.465+0000] {processor.py:925} INFO - DAG(s) 'example_params_trigger_ui' retrieved from /home/airflow/.local/lib/python3.12/site-packages/airflow/example_dags/example_params_trigger_ui.py
[2026-07-29T17:46:17.485+0000] {logging_mixin.py:190} INFO - [2026-07-29T17:46:17.485+0000] {dag.py:3211} INFO - Sync 1 DAGs
[2026-07-29T17:46:17.491+0000] {logging_mixin.py:190} INFO - [2026-07-29T17:46:17.491+0000] {dag.py:4138} INFO - Setting next_dagrun for example_params_trigger_ui to None, run_after=None
[2026-07-29T17:46:17.501+0000] {processor.py:208} INFO - Processing /home/airflow/.local/lib/python3.12/site-packages/airflow/example_dags/example_params_trigger_ui.py took 0.045 seconds
[2026-07-29T17:46:48.412+0000] {processor.py:186} INFO - Started process (PID=15129) to work on /home/airflow/.local/lib/python3.12/site-packages/airflow/example_dags/example_params_trigger_ui.py
[2026-07-29T17:46:48.413+0000] {processor.py:914} INFO - Processing file /home/airflow/.local/lib/python3.12/site-packages/airflow/example_dags/example_params_trigger_ui.py for tasks to queue
[2026-07-29T17:46:48.414+0000] {logging_mixin.py:190} INFO - [2026-07-29T17:46:48.414+0000] {dagbag.py:587} INFO - Filling up the DagBag from /home/airflow/.local/lib/python3.12/site-packages/airflow/example_dags/example_params_trigger_ui.py
[2026-07-29T17:46:48.419+0000] {processor.py:925} INFO - DAG(s) 'example_params_trigger_ui' retrieved from /home/airflow/.local/lib/python3.12/site-packages/airflow/example_dags/example_params_trigger_ui.py
[2026-07-29T17:46:48.434+0000] {logging_mixin.py:190} INFO - [2026-07-29T17:46:48.434+0000] {dag.py:3211} INFO - Sync 1 DAGs
[2026-07-29T17:46:48.440+0000] {logging_mixin.py:190} INFO - [2026-07-29T17:46:48.440+0000] {dag.py:4138} INFO - Setting next_dagrun for example_params_trigger_ui to None, run_after=None
[2026-07-29T17:46:48.454+0000] {processor.py:208} INFO - Processing /home/airflow/.local/lib/python3.12/site-packages/airflow/example_dags/example_params_trigger_ui.py took 0.044 seconds
[2026-07-29T17:47:19.398+0000] {processor.py:186} INFO - Started process (PID=15195) to work on /home/airflow/.local/lib/python3.12/site-packages/airflow/example_dags/example_params_trigger_ui.py
[2026-07-29T17:47:19.399+0000] {processor.py:914} INFO - Processing file /home/airflow/.local/lib/python3.12/site-packages/airflow/example_dags/example_params_trigger_ui.py for tasks to queue
[2026-07-29T17:47:19.402+0000] {logging_mixin.py:190} INFO - [2026-07-29T17:47:19.402+0000] {dagbag.py:587} INFO - Filling up the DagBag from /home/airflow/.local/lib/python3.12/site-packages/airflow/example_dags/example_params_trigger_ui.py
[2026-07-29T17:47:19.406+0000] {processor.py:925} INFO - DAG(s) 'example_params_trigger_ui' retrieved from /home/airflow/.local/lib/python3.12/site-packages/airflow/example_dags/example_params_trigger_ui.py
[2026-07-29T17:47:19.431+0000] {logging_mixin.py:190} INFO - [2026-07-29T17:47:19.430+0000] {dag.py:3211} INFO - Sync 1 DAGs
[2026-07-29T17:47:19.437+0000] {logging_mixin.py:190} INFO - [2026-07-29T17:47:19.437+0000] {dag.py:4138} INFO - Setting next_dagrun for example_params_trigger_ui to None, run_after=None
[2026-07-29T17:47:19.444+0000] {processor.py:208} INFO - Processing /home/airflow/.local/lib/python3.12/site-packages/airflow/example_dags/example_params_trigger_ui.py took 0.049 seconds
[2026-07-29T17:47:50.442+0000] {processor.py:186} INFO - Started process (PID=15261) to work on /home/airflow/.local/lib/python3.12/site-packages/airflow/example_dags/example_params_trigger_ui.py
[2026-07-29T17:47:50.443+0000] {processor.py:914} INFO - Processing file /home/airflow/.local/lib/python3.12/site-packages/airflow/example_dags/example_params_trigger_ui.py for tasks to queue
[2026-07-29T17:47:50.445+0000] {logging_mixin.py:190} INFO - [2026-07-29T17:47:50.444+0000] {dagbag.py:587} INFO - Filling up the DagBag from /home/airflow/.local/lib/python3.12/site-packages/airflow/example_dags/example_params_trigger_ui.py
[2026-07-29T17:47:50.449+0000] {processor.py:925} INFO - DAG(s) 'example_params_trigger_ui' retrieved from /home/airflow/.local/lib/python3.12/site-packages/airflow/example_dags/example_params_trigger_ui.py
[2026-07-29T17:47:50.470+0000] {logging_mixin.py:190} INFO - [2026-07-29T17:47:50.470+0000] {dag.py:3211} INFO - Sync 1 DAGs
[2026-07-29T17:47:50.477+0000] {logging_mixin.py:190} INFO - [2026-07-29T17:47:50.477+0000] {dag.py:4138} INFO - Setting next_dagrun for example_params_trigger_ui to None, run_after=None
[2026-07-29T17:47:50.489+0000] {processor.py:208} INFO - Processing /home/airflow/.local/lib/python3.12/site-packages/airflow/example_dags/example_params_trigger_ui.py took 0.050 seconds
[2026-07-29T17:48:21.445+0000] {processor.py:186} INFO - Started process (PID=15327) to work on /home/airflow/.local/lib/python3.12/site-packages/airflow/example_dags/example_params_trigger_ui.py
[2026-07-29T17:48:21.445+0000] {processor.py:914} INFO - Processing file /home/airflow/.local/lib/python3.12/site-packages/airflow/example_dags/example_params_trigger_ui.py for tasks to queue
[2026-07-29T17:48:21.447+0000] {logging_mixin.py:190} INFO - [2026-07-29T17:48:21.447+0000] {dagbag.py:587} INFO - Filling up the DagBag from /home/airflow/.local/lib/python3.12/site-packages/airflow/example_dags/example_params_trigger_ui.py
[2026-07-29T17:48:21.452+0000] {processor.py:925} INFO - DAG(s) 'example_params_trigger_ui' retrieved from /home/airflow/.local/lib/python3.12/site-packages/airflow/example_dags/example_params_trigger_ui.py
[2026-07-29T17:48:21.469+0000] {logging_mixin.py:190} INFO - [2026-07-29T17:48:21.469+0000] {dag.py:3211} INFO - Sync 1 DAGs
[2026-07-29T17:48:21.475+0000] {logging_mixin.py:190} INFO - [2026-07-29T17:48:21.475+0000] {dag.py:4138} INFO - Setting next_dagrun for example_params_trigger_ui to None, run_after=None
[2026-07-29T17:48:21.483+0000] {processor.py:208} INFO - Processing /home/airflow/.local/lib/python3.12/site-packages/airflow/example_dags/example_params_trigger_ui.py took 0.041 seconds
[2026-07-29T17:48:57.960+0000] {processor.py:186} INFO - Started process (PID=15399) to work on /home/airflow/.local/lib/python3.12/site-packages/airflow/example_dags/example_params_trigger_ui.py
[2026-07-29T17:48:57.961+0000] {processor.py:914} INFO - Processing file /home/airflow/.local/lib/python3.12/site-packages/airflow/example_dags/example_params_trigger_ui.py for tasks to queue
[2026-07-29T17:48:57.962+0000] {logging_mixin.py:190} INFO - [2026-07-29T17:48:57.962+0000] {dagbag.py:587} INFO - Filling up the DagBag from /home/airflow/.local/lib/python3.12/site-packages/airflow/example_dags/example_params_trigger_ui.py
[2026-07-29T17:48:57.967+0000] {processor.py:925} INFO - DAG(s) 'example_params_trigger_ui' retrieved from /home/airflow/.local/lib/python3.12/site-packages/airflow/example_dags/example_params_trigger_ui.py
[2026-07-29T17:48:57.987+0000] {logging_mixin.py:190} INFO - [2026-07-29T17:48:57.987+0000] {dag.py:3211} INFO - Sync 1 DAGs
[2026-07-29T17:48:57.994+0000] {logging_mixin.py:190} INFO - [2026-07-29T17:48:57.993+0000] {dag.py:4138} INFO - Setting next_dagrun for example_params_trigger_ui to None, run_after=None
[2026-07-29T17:48:58.008+0000] {processor.py:208} INFO - Processing /home/airflow/.local/lib/python3.12/site-packages/airflow/example_dags/example_params_trigger_ui.py took 0.051 seconds
[2026-07-29T17:49:28.980+0000] {processor.py:186} INFO - Started process (PID=15465) to work on /home/airflow/.local/lib/python3.12/site-packages/airflow/example_dags/example_params_trigger_ui.py
[2026-07-29T17:49:28.980+0000] {processor.py:914} INFO - Processing file /home/airflow/.local/lib/python3.12/site-packages/airflow/example_dags/example_params_trigger_ui.py for tasks to queue
[2026-07-29T17:49:28.983+0000] {logging_mixin.py:190} INFO - [2026-07-29T17:49:28.983+0000] {dagbag.py:587} INFO - Filling up the DagBag from /home/airflow/.local/lib/python3.12/site-packages/airflow/example_dags/example_params_trigger_ui.py
[2026-07-29T17:49:28.988+0000] {processor.py:925} INFO - DAG(s) 'example_params_trigger_ui' retrieved from /home/airflow/.local/lib/python3.12/site-packages/airflow/example_dags/example_params_trigger_ui.py
[2026-07-29T17:49:29.005+0000] {logging_mixin.py:190} INFO - [2026-07-29T17:49:29.004+0000] {dag.py:3211} INFO - Sync 1 DAGs
[2026-07-29T17:49:29.012+0000] {logging_mixin.py:190} INFO - [2026-07-29T17:49:29.012+0000] {dag.py:4138} INFO - Setting next_dagrun for example_params_trigger_ui to None, run_after=None
[2026-07-29T17:49:29.020+0000] {processor.py:208} INFO - Processing /home/airflow/.local/lib/python3.12/site-packages/airflow/example_dags/example_params_trigger_ui.py took 0.043 seconds
[2026-07-29T17:49:59.917+0000] {processor.py:186} INFO - Started process (PID=15531) to work on /home/airflow/.local/lib/python3.12/site-packages/airflow/example_dags/example_params_trigger_ui.py
[2026-07-29T17:49:59.918+0000] {processor.py:914} INFO - Processing file /home/airflow/.local/lib/python3.12/site-packages/airflow/example_dags/example_params_trigger_ui.py for tasks to queue
[2026-07-29T17:49:59.919+0000] {logging_mixin.py:190} INFO - [2026-07-29T17:49:59.919+0000] {dagbag.py:587} INFO - Filling up the DagBag from /home/airflow/.local/lib/python3.12/site-packages/airflow/example_dags/example_params_trigger_ui.py
[2026-07-29T17:49:59.924+0000] {processor.py:925} INFO - DAG(s) 'example_params_trigger_ui' retrieved from /home/airflow/.local/lib/python3.12/site-packages/airflow/example_dags/example_params_trigger_ui.py
[2026-07-29T17:49:59.942+0000] {logging_mixin.py:190} INFO - [2026-07-29T17:49:59.942+0000] {dag.py:3211} INFO - Sync 1 DAGs
[2026-07-29T17:49:59.949+0000] {logging_mixin.py:190} INFO - [2026-07-29T17:49:59.948+0000] {dag.py:4138} INFO - Setting next_dagrun for example_params_trigger_ui to None, run_after=None
[2026-07-29T17:49:59.962+0000] {processor.py:208} INFO - Processing /home/airflow/.local/lib/python3.12/site-packages/airflow/example_dags/example_params_trigger_ui.py took 0.048 seconds
[2026-07-29T17:50:31.013+0000] {processor.py:186} INFO - Started process (PID=15597) to work on /home/airflow/.local/lib/python3.12/site-packages/airflow/example_dags/example_params_trigger_ui.py
[2026-07-29T17:50:31.014+0000] {processor.py:914} INFO - Processing file /home/airflow/.local/lib/python3.12/site-packages/airflow/example_dags/example_params_trigger_ui.py for tasks to queue
[2026-07-29T17:50:31.015+0000] {logging_mixin.py:190} INFO - [2026-07-29T17:50:31.015+0000] {dagbag.py:587} INFO - Filling up the DagBag from /home/airflow/.local/lib/python3.12/site-packages/airflow/example_dags/example_params_trigger_ui.py
[2026-07-29T17:50:31.022+0000] {processor.py:925} INFO - DAG(s) 'example_params_trigger_ui' retrieved from /home/airflow/.local/lib/python3.12/site-packages/airflow/example_dags/example_params_trigger_ui.py
[2026-07-29T17:50:31.043+0000] {logging_mixin.py:190} INFO - [2026-07-29T17:50:31.043+0000] {dag.py:3211} INFO - Sync 1 DAGs
[2026-07-29T17:50:31.053+0000] {logging_mixin.py:190} INFO - [2026-07-29T17:50:31.053+0000] {dag.py:4138} INFO - Setting next_dagrun for example_params_trigger_ui to None, run_after=None
[2026-07-29T17:50:31.063+0000] {processor.py:208} INFO - Processing /home/airflow/.local/lib/python3.12/site-packages/airflow/example_dags/example_params_trigger_ui.py took 0.053 seconds
[2026-07-29T17:51:01.099+0000] {processor.py:186} INFO - Started process (PID=15663) to work on /home/airflow/.local/lib/python3.12/site-packages/airflow/example_dags/example_params_trigger_ui.py
[2026-07-29T17:51:01.100+0000] {processor.py:914} INFO - Processing file /home/airflow/.local/lib/python3.12/site-packages/airflow/example_dags/example_params_trigger_ui.py for tasks to queue
[2026-07-29T17:51:01.103+0000] {logging_mixin.py:190} INFO - [2026-07-29T17:51:01.101+0000] {dagbag.py:587} INFO - Filling up the DagBag from /home/airflow/.local/lib/python3.12/site-packages/airflow/example_dags/example_params_trigger_ui.py
[2026-07-29T17:51:01.108+0000] {processor.py:925} INFO - DAG(s) 'example_params_trigger_ui' retrieved from /home/airflow/.local/lib/python3.12/site-packages/airflow/example_dags/example_params_trigger_ui.py
[2026-07-29T17:51:01.124+0000] {logging_mixin.py:190} INFO - [2026-07-29T17:51:01.124+0000] {dag.py:3211} INFO - Sync 1 DAGs
[2026-07-29T17:51:01.130+0000] {logging_mixin.py:190} INFO - [2026-07-29T17:51:01.130+0000] {dag.py:4138} INFO - Setting next_dagrun for example_params_trigger_ui to None, run_after=None
[2026-07-29T17:51:01.138+0000] {processor.py:208} INFO - Processing /home/airflow/.local/lib/python3.12/site-packages/airflow/example_dags/example_params_trigger_ui.py took 0.042 seconds
[2026-07-29T17:51:31.239+0000] {processor.py:186} INFO - Started process (PID=15729) to work on /home/airflow/.local/lib/python3.12/site-packages/airflow/example_dags/example_params_trigger_ui.py
[2026-07-29T17:51:31.239+0000] {processor.py:914} INFO - Processing file /home/airflow/.local/lib/python3.12/site-packages/airflow/example_dags/example_params_trigger_ui.py for tasks to queue
[2026-07-29T17:51:31.243+0000] {logging_mixin.py:190} INFO - [2026-07-29T17:51:31.243+0000] {dagbag.py:587} INFO - Filling up the DagBag from /home/airflow/.local/lib/python3.12/site-packages/airflow/example_dags/example_params_trigger_ui.py
[2026-07-29T17:51:31.250+0000] {processor.py:925} INFO - DAG(s) 'example_params_trigger_ui' retrieved from /home/airflow/.local/lib/python3.12/site-packages/airflow/example_dags/example_params_trigger_ui.py
[2026-07-29T17:51:31.273+0000] {logging_mixin.py:190} INFO - [2026-07-29T17:51:31.273+0000] {dag.py:3211} INFO - Sync 1 DAGs
[2026-07-29T17:51:31.280+0000] {logging_mixin.py:190} INFO - [2026-07-29T17:51:31.279+0000] {dag.py:4138} INFO - Setting next_dagrun for example_params_trigger_ui to None, run_after=None
[2026-07-29T17:51:31.294+0000] {processor.py:208} INFO - Processing /home/airflow/.local/lib/python3.12/site-packages/airflow/example_dags/example_params_trigger_ui.py took 0.058 seconds
[2026-07-29T17:52:02.266+0000] {processor.py:186} INFO - Started process (PID=15795) to work on /home/airflow/.local/lib/python3.12/site-packages/airflow/example_dags/example_params_trigger_ui.py
[2026-07-29T17:52:02.267+0000] {processor.py:914} INFO - Processing file /home/airflow/.local/lib/python3.12/site-packages/airflow/example_dags/example_params_trigger_ui.py for tasks to queue
[2026-07-29T17:52:02.268+0000] {logging_mixin.py:190} INFO - [2026-07-29T17:52:02.268+0000] {dagbag.py:587} INFO - Filling up the DagBag from /home/airflow/.local/lib/python3.12/site-packages/airflow/example_dags/example_params_trigger_ui.py
[2026-07-29T17:52:02.272+0000] {processor.py:925} INFO - DAG(s) 'example_params_trigger_ui' retrieved from /home/airflow/.local/lib/python3.12/site-packages/airflow/example_dags/example_params_trigger_ui.py
[2026-07-29T17:52:02.287+0000] {logging_mixin.py:190} INFO - [2026-07-29T17:52:02.286+0000] {dag.py:3211} INFO - Sync 1 DAGs
[2026-07-29T17:52:02.291+0000] {logging_mixin.py:190} INFO - [2026-07-29T17:52:02.291+0000] {dag.py:4138} INFO - Setting next_dagrun for example_params_trigger_ui to None, run_after=None
[2026-07-29T17:52:02.297+0000] {processor.py:208} INFO - Processing /home/airflow/.local/lib/python3.12/site-packages/airflow/example_dags/example_params_trigger_ui.py took 0.034 seconds
[2026-07-29T17:52:33.202+0000] {processor.py:186} INFO - Started process (PID=15861) to work on /home/airflow/.local/lib/python3.12/site-packages/airflow/example_dags/example_params_trigger_ui.py
[2026-07-29T17:52:33.203+0000] {processor.py:914} INFO - Processing file /home/airflow/.local/lib/python3.12/site-packages/airflow/example_dags/example_params_trigger_ui.py for tasks to queue
[2026-07-29T17:52:33.204+0000] {logging_mixin.py:190} INFO - [2026-07-29T17:52:33.204+0000] {dagbag.py:587} INFO - Filling up the DagBag from /home/airflow/.local/lib/python3.12/site-packages/airflow/example_dags/example_params_trigger_ui.py
[2026-07-29T17:52:33.208+0000] {processor.py:925} INFO - DAG(s) 'example_params_trigger_ui' retrieved from /home/airflow/.local/lib/python3.12/site-packages/airflow/example_dags/example_params_trigger_ui.py
[2026-07-29T17:52:33.226+0000] {logging_mixin.py:190} INFO - [2026-07-29T17:52:33.226+0000] {dag.py:3211} INFO - Sync 1 DAGs
[2026-07-29T17:52:33.232+0000] {logging_mixin.py:190} INFO - [2026-07-29T17:52:33.232+0000] {dag.py:4138} INFO - Setting next_dagrun for example_params_trigger_ui to None, run_after=None
[2026-07-29T17:52:33.242+0000] {processor.py:208} INFO - Processing /home/airflow/.local/lib/python3.12/site-packages/airflow/example_dags/example_params_trigger_ui.py took 0.043 seconds
[2026-07-29T17:53:04.173+0000] {processor.py:186} INFO - Started process (PID=15927) to work on /home/airflow/.local/lib/python3.12/site-packages/airflow/example_dags/example_params_trigger_ui.py
[2026-07-29T17:53:04.175+0000] {processor.py:914} INFO - Processing file /home/airflow/.local/lib/python3.12/site-packages/airflow/example_dags/example_params_trigger_ui.py for tasks to queue
[2026-07-29T17:53:04.177+0000] {logging_mixin.py:190} INFO - [2026-07-29T17:53:04.176+0000] {dagbag.py:587} INFO - Filling up the DagBag from /home/airflow/.local/lib/python3.12/site-packages/airflow/example_dags/example_params_trigger_ui.py
[2026-07-29T17:53:04.182+0000] {processor.py:925} INFO - DAG(s) 'example_params_trigger_ui' retrieved from /home/airflow/.local/lib/python3.12/site-packages/airflow/example_dags/example_params_trigger_ui.py
[2026-07-29T17:53:04.197+0000] {logging_mixin.py:190} INFO - [2026-07-29T17:53:04.197+0000] {dag.py:3211} INFO - Sync 1 DAGs
[2026-07-29T17:53:04.203+0000] {logging_mixin.py:190} INFO - [2026-07-29T17:53:04.203+0000] {dag.py:4138} INFO - Setting next_dagrun for example_params_trigger_ui to None, run_after=None
[2026-07-29T17:53:04.210+0000] {processor.py:208} INFO - Processing /home/airflow/.local/lib/python3.12/site-packages/airflow/example_dags/example_params_trigger_ui.py took 0.039 seconds
[2026-07-29T17:53:35.145+0000] {processor.py:186} INFO - Started process (PID=15993) to work on /home/airflow/.local/lib/python3.12/site-packages/airflow/example_dags/example_params_trigger_ui.py
[2026-07-29T17:53:35.146+0000] {processor.py:914} INFO - Processing file /home/airflow/.local/lib/python3.12/site-packages/airflow/example_dags/example_params_trigger_ui.py for tasks to queue
[2026-07-29T17:53:35.147+0000] {logging_mixin.py:190} INFO - [2026-07-29T17:53:35.147+0000] {dagbag.py:587} INFO - Filling up the DagBag from /home/airflow/.local/lib/python3.12/site-packages/airflow/example_dags/example_params_trigger_ui.py
[2026-07-29T17:53:35.152+0000] {processor.py:925} INFO - DAG(s) 'example_params_trigger_ui' retrieved from /home/airflow/.local/lib/python3.12/site-packages/airflow/example_dags/example_params_trigger_ui.py
[2026-07-29T17:53:35.174+0000] {logging_mixin.py:190} INFO - [2026-07-29T17:53:35.174+0000] {dag.py:3211} INFO - Sync 1 DAGs
[2026-07-29T17:53:35.182+0000] {logging_mixin.py:190} INFO - [2026-07-29T17:53:35.182+0000] {dag.py:4138} INFO - Setting next_dagrun for example_params_trigger_ui to None, run_after=None
[2026-07-29T17:53:35.193+0000] {processor.py:208} INFO - Processing /home/airflow/.local/lib/python3.12/site-packages/airflow/example_dags/example_params_trigger_ui.py took 0.050 seconds
[2026-07-29T17:54:05.887+0000] {processor.py:186} INFO - Started process (PID=16059) to work on /home/airflow/.local/lib/python3.12/site-packages/airflow/example_dags/example_params_trigger_ui.py
[2026-07-29T17:54:05.888+0000] {processor.py:914} INFO - Processing file /home/airflow/.local/lib/python3.12/site-packages/airflow/example_dags/example_params_trigger_ui.py for tasks to queue
[2026-07-29T17:54:05.889+0000] {logging_mixin.py:190} INFO - [2026-07-29T17:54:05.889+0000] {dagbag.py:587} INFO - Filling up the DagBag from /home/airflow/.local/lib/python3.12/site-packages/airflow/example_dags/example_params_trigger_ui.py
[2026-07-29T17:54:05.894+0000] {processor.py:925} INFO - DAG(s) 'example_params_trigger_ui' retrieved from /home/airflow/.local/lib/python3.12/site-packages/airflow/example_dags/example_params_trigger_ui.py
[2026-07-29T17:54:05.910+0000] {logging_mixin.py:190} INFO - [2026-07-29T17:54:05.910+0000] {dag.py:3211} INFO - Sync 1 DAGs
[2026-07-29T17:54:05.917+0000] {logging_mixin.py:190} INFO - [2026-07-29T17:54:05.917+0000] {dag.py:4138} INFO - Setting next_dagrun for example_params_trigger_ui to None, run_after=None
[2026-07-29T17:54:05.931+0000] {processor.py:208} INFO - Processing /home/airflow/.local/lib/python3.12/site-packages/airflow/example_dags/example_params_trigger_ui.py took 0.046 seconds
[2026-07-29T17:54:36.903+0000] {processor.py:186} INFO - Started process (PID=16125) to work on /home/airflow/.local/lib/python3.12/site-packages/airflow/example_dags/example_params_trigger_ui.py
[2026-07-29T17:54:36.903+0000] {processor.py:914} INFO - Processing file /home/airflow/.local/lib/python3.12/site-packages/airflow/example_dags/example_params_trigger_ui.py for tasks to queue
[2026-07-29T17:54:36.904+0000] {logging_mixin.py:190} INFO - [2026-07-29T17:54:36.904+0000] {dagbag.py:587} INFO - Filling up the DagBag from /home/airflow/.local/lib/python3.12/site-packages/airflow/example_dags/example_params_trigger_ui.py
[2026-07-29T17:54:36.909+0000] {processor.py:925} INFO - DAG(s) 'example_params_trigger_ui' retrieved from /home/airflow/.local/lib/python3.12/site-packages/airflow/example_dags/example_params_trigger_ui.py
[2026-07-29T17:54:36.927+0000] {logging_mixin.py:190} INFO - [2026-07-29T17:54:36.927+0000] {dag.py:3211} INFO - Sync 1 DAGs
[2026-07-29T17:54:36.938+0000] {logging_mixin.py:190} INFO - [2026-07-29T17:54:36.938+0000] {dag.py:4138} INFO - Setting next_dagrun for example_params_trigger_ui to None, run_after=None
[2026-07-29T17:54:36.953+0000] {processor.py:208} INFO - Processing /home/airflow/.local/lib/python3.12/site-packages/airflow/example_dags/example_params_trigger_ui.py took 0.053 seconds
[2026-07-29T17:55:07.875+0000] {processor.py:186} INFO - Started process (PID=16191) to work on /home/airflow/.local/lib/python3.12/site-packages/airflow/example_dags/example_params_trigger_ui.py
[2026-07-29T17:55:07.877+0000] {processor.py:914} INFO - Processing file /home/airflow/.local/lib/python3.12/site-packages/airflow/example_dags/example_params_trigger_ui.py for tasks to queue
[2026-07-29T17:55:07.878+0000] {logging_mixin.py:190} INFO - [2026-07-29T17:55:07.878+0000] {dagbag.py:587} INFO - Filling up the DagBag from /home/airflow/.local/lib/python3.12/site-packages/airflow/example_dags/example_params_trigger_ui.py
[2026-07-29T17:55:07.883+0000] {processor.py:925} INFO - DAG(s) 'example_params_trigger_ui' retrieved from /home/airflow/.local/lib/python3.12/site-packages/airflow/example_dags/example_params_trigger_ui.py
[2026-07-29T17:55:07.906+0000] {logging_mixin.py:190} INFO - [2026-07-29T17:55:07.906+0000] {dag.py:3211} INFO - Sync 1 DAGs
[2026-07-29T17:55:07.912+0000] {logging_mixin.py:190} INFO - [2026-07-29T17:55:07.912+0000] {dag.py:4138} INFO - Setting next_dagrun for example_params_trigger_ui to None, run_after=None
[2026-07-29T17:55:07.922+0000] {processor.py:208} INFO - Processing /home/airflow/.local/lib/python3.12/site-packages/airflow/example_dags/example_params_trigger_ui.py took 0.049 seconds
[2026-07-29T17:55:38.044+0000] {processor.py:186} INFO - Started process (PID=16257) to work on /home/airflow/.local/lib/python3.12/site-packages/airflow/example_dags/example_params_trigger_ui.py
[2026-07-29T17:55:38.045+0000] {processor.py:914} INFO - Processing file /home/airflow/.local/lib/python3.12/site-packages/airflow/example_dags/example_params_trigger_ui.py for tasks to queue
[2026-07-29T17:55:38.047+0000] {logging_mixin.py:190} INFO - [2026-07-29T17:55:38.047+0000] {dagbag.py:587} INFO - Filling up the DagBag from /home/airflow/.local/lib/python3.12/site-packages/airflow/example_dags/example_params_trigger_ui.py
[2026-07-29T17:55:38.052+0000] {processor.py:925} INFO - DAG(s) 'example_params_trigger_ui' retrieved from /home/airflow/.local/lib/python3.12/site-packages/airflow/example_dags/example_params_trigger_ui.py
[2026-07-29T17:55:38.068+0000] {logging_mixin.py:190} INFO - [2026-07-29T17:55:38.068+0000] {dag.py:3211} INFO - Sync 1 DAGs
[2026-07-29T17:55:38.074+0000] {logging_mixin.py:190} INFO - [2026-07-29T17:55:38.074+0000] {dag.py:4138} INFO - Setting next_dagrun for example_params_trigger_ui to None, run_after=None
[2026-07-29T17:55:38.090+0000] {processor.py:208} INFO - Processing /home/airflow/.local/lib/python3.12/site-packages/airflow/example_dags/example_params_trigger_ui.py took 0.049 seconds
[2026-07-29T17:56:08.212+0000] {processor.py:186} INFO - Started process (PID=16323) to work on /home/airflow/.local/lib/python3.12/site-packages/airflow/example_dags/example_params_trigger_ui.py
[2026-07-29T17:56:08.213+0000] {processor.py:914} INFO - Processing file /home/airflow/.local/lib/python3.12/site-packages/airflow/example_dags/example_params_trigger_ui.py for tasks to queue
[2026-07-29T17:56:08.214+0000] {logging_mixin.py:190} INFO - [2026-07-29T17:56:08.214+0000] {dagbag.py:587} INFO - Filling up the DagBag from /home/airflow/.local/lib/python3.12/site-packages/airflow/example_dags/example_params_trigger_ui.py
[2026-07-29T17:56:08.219+0000] {processor.py:925} INFO - DAG(s) 'example_params_trigger_ui' retrieved from /home/airflow/.local/lib/python3.12/site-packages/airflow/example_dags/example_params_trigger_ui.py
[2026-07-29T17:56:08.232+0000] {logging_mixin.py:190} INFO - [2026-07-29T17:56:08.232+0000] {dag.py:3211} INFO - Sync 1 DAGs
[2026-07-29T17:56:08.237+0000] {logging_mixin.py:190} INFO - [2026-07-29T17:56:08.237+0000] {dag.py:4138} INFO - Setting next_dagrun for example_params_trigger_ui to None, run_after=None
[2026-07-29T17:56:08.242+0000] {processor.py:208} INFO - Processing /home/airflow/.local/lib/python3.12/site-packages/airflow/example_dags/example_params_trigger_ui.py took 0.032 seconds
[2026-07-29T17:56:39.234+0000] {processor.py:186} INFO - Started process (PID=16389) to work on /home/airflow/.local/lib/python3.12/site-packages/airflow/example_dags/example_params_trigger_ui.py
[2026-07-29T17:56:39.235+0000] {processor.py:914} INFO - Processing file /home/airflow/.local/lib/python3.12/site-packages/airflow/example_dags/example_params_trigger_ui.py for tasks to queue
[2026-07-29T17:56:39.237+0000] {logging_mixin.py:190} INFO - [2026-07-29T17:56:39.237+0000] {dagbag.py:587} INFO - Filling up the DagBag from /home/airflow/.local/lib/python3.12/site-packages/airflow/example_dags/example_params_trigger_ui.py
[2026-07-29T17:56:39.242+0000] {processor.py:925} INFO - DAG(s) 'example_params_trigger_ui' retrieved from /home/airflow/.local/lib/python3.12/site-packages/airflow/example_dags/example_params_trigger_ui.py
[2026-07-29T17:56:39.263+0000] {logging_mixin.py:190} INFO - [2026-07-29T17:56:39.263+0000] {dag.py:3211} INFO - Sync 1 DAGs
[2026-07-29T17:56:39.268+0000] {logging_mixin.py:190} INFO - [2026-07-29T17:56:39.268+0000] {dag.py:4138} INFO - Setting next_dagrun for example_params_trigger_ui to None, run_after=None
[2026-07-29T17:56:39.275+0000] {processor.py:208} INFO - Processing /home/airflow/.local/lib/python3.12/site-packages/airflow/example_dags/example_params_trigger_ui.py took 0.043 seconds
[2026-07-29T17:57:10.143+0000] {processor.py:186} INFO - Started process (PID=16455) to work on /home/airflow/.local/lib/python3.12/site-packages/airflow/example_dags/example_params_trigger_ui.py
[2026-07-29T17:57:10.144+0000] {processor.py:914} INFO - Processing file /home/airflow/.local/lib/python3.12/site-packages/airflow/example_dags/example_params_trigger_ui.py for tasks to queue
[2026-07-29T17:57:10.145+0000] {logging_mixin.py:190} INFO - [2026-07-29T17:57:10.145+0000] {dagbag.py:587} INFO - Filling up the DagBag from /home/airflow/.local/lib/python3.12/site-packages/airflow/example_dags/example_params_trigger_ui.py
[2026-07-29T17:57:10.150+0000] {processor.py:925} INFO - DAG(s) 'example_params_trigger_ui' retrieved from /home/airflow/.local/lib/python3.12/site-packages/airflow/example_dags/example_params_trigger_ui.py
[2026-07-29T17:57:10.169+0000] {logging_mixin.py:190} INFO - [2026-07-29T17:57:10.168+0000] {dag.py:3211} INFO - Sync 1 DAGs
[2026-07-29T17:57:10.177+0000] {logging_mixin.py:190} INFO - [2026-07-29T17:57:10.177+0000] {dag.py:4138} INFO - Setting next_dagrun for example_params_trigger_ui to None, run_after=None
[2026-07-29T17:57:10.188+0000] {processor.py:208} INFO - Processing /home/airflow/.local/lib/python3.12/site-packages/airflow/example_dags/example_params_trigger_ui.py took 0.047 seconds
[2026-07-29T17:57:41.226+0000] {processor.py:186} INFO - Started process (PID=16521) to work on /home/airflow/.local/lib/python3.12/site-packages/airflow/example_dags/example_params_trigger_ui.py
[2026-07-29T17:57:41.226+0000] {processor.py:914} INFO - Processing file /home/airflow/.local/lib/python3.12/site-packages/airflow/example_dags/example_params_trigger_ui.py for tasks to queue
[2026-07-29T17:57:41.228+0000] {logging_mixin.py:190} INFO - [2026-07-29T17:57:41.228+0000] {dagbag.py:587} INFO - Filling up the DagBag from /home/airflow/.local/lib/python3.12/site-packages/airflow/example_dags/example_params_trigger_ui.py
[2026-07-29T17:57:41.233+0000] {processor.py:925} INFO - DAG(s) 'example_params_trigger_ui' retrieved from /home/airflow/.local/lib/python3.12/site-packages/airflow/example_dags/example_params_trigger_ui.py
[2026-07-29T17:57:41.250+0000] {logging_mixin.py:190} INFO - [2026-07-29T17:57:41.250+0000] {dag.py:3211} INFO - Sync 1 DAGs
[2026-07-29T17:57:41.257+0000] {logging_mixin.py:190} INFO - [2026-07-29T17:57:41.257+0000] {dag.py:4138} INFO - Setting next_dagrun for example_params_trigger_ui to None, run_after=None
[2026-07-29T17:57:41.270+0000] {processor.py:208} INFO - Processing /home/airflow/.local/lib/python3.12/site-packages/airflow/example_dags/example_params_trigger_ui.py took 0.048 seconds
[2026-07-29T17:58:11.487+0000] {processor.py:186} INFO - Started process (PID=16587) to work on /home/airflow/.local/lib/python3.12/site-packages/airflow/example_dags/example_params_trigger_ui.py
[2026-07-29T17:58:11.488+0000] {processor.py:914} INFO - Processing file /home/airflow/.local/lib/python3.12/site-packages/airflow/example_dags/example_params_trigger_ui.py for tasks to queue
[2026-07-29T17:58:11.489+0000] {logging_mixin.py:190} INFO - [2026-07-29T17:58:11.489+0000] {dagbag.py:587} INFO - Filling up the DagBag from /home/airflow/.local/lib/python3.12/site-packages/airflow/example_dags/example_params_trigger_ui.py
[2026-07-29T17:58:11.494+0000] {processor.py:925} INFO - DAG(s) 'example_params_trigger_ui' retrieved from /home/airflow/.local/lib/python3.12/site-packages/airflow/example_dags/example_params_trigger_ui.py
[2026-07-29T17:58:11.513+0000] {logging_mixin.py:190} INFO - [2026-07-29T17:58:11.513+0000] {dag.py:3211} INFO - Sync 1 DAGs
[2026-07-29T17:58:11.521+0000] {logging_mixin.py:190} INFO - [2026-07-29T17:58:11.520+0000] {dag.py:4138} INFO - Setting next_dagrun for example_params_trigger_ui to None, run_after=None
[2026-07-29T17:58:11.530+0000] {processor.py:208} INFO - Processing /home/airflow/.local/lib/python3.12/site-packages/airflow/example_dags/example_params_trigger_ui.py took 0.045 seconds
[2026-07-29T17:58:41.640+0000] {processor.py:186} INFO - Started process (PID=16653) to work on /home/airflow/.local/lib/python3.12/site-packages/airflow/example_dags/example_params_trigger_ui.py
[2026-07-29T17:58:41.641+0000] {processor.py:914} INFO - Processing file /home/airflow/.local/lib/python3.12/site-packages/airflow/example_dags/example_params_trigger_ui.py for tasks to queue
[2026-07-29T17:58:41.642+0000] {logging_mixin.py:190} INFO - [2026-07-29T17:58:41.642+0000] {dagbag.py:587} INFO - Filling up the DagBag from /home/airflow/.local/lib/python3.12/site-packages/airflow/example_dags/example_params_trigger_ui.py
[2026-07-29T17:58:41.647+0000] {processor.py:925} INFO - DAG(s) 'example_params_trigger_ui' retrieved from /home/airflow/.local/lib/python3.12/site-packages/airflow/example_dags/example_params_trigger_ui.py
[2026-07-29T17:58:41.664+0000] {logging_mixin.py:190} INFO - [2026-07-29T17:58:41.664+0000] {dag.py:3211} INFO - Sync 1 DAGs
[2026-07-29T17:58:41.669+0000] {logging_mixin.py:190} INFO - [2026-07-29T17:58:41.669+0000] {dag.py:4138} INFO - Setting next_dagrun for example_params_trigger_ui to None, run_after=None
[2026-07-29T17:58:41.680+0000] {processor.py:208} INFO - Processing /home/airflow/.local/lib/python3.12/site-packages/airflow/example_dags/example_params_trigger_ui.py took 0.043 seconds
[2026-07-29T17:59:11.936+0000] {processor.py:186} INFO - Started process (PID=16719) to work on /home/airflow/.local/lib/python3.12/site-packages/airflow/example_dags/example_params_trigger_ui.py
[2026-07-29T17:59:11.936+0000] {processor.py:914} INFO - Processing file /home/airflow/.local/lib/python3.12/site-packages/airflow/example_dags/example_params_trigger_ui.py for tasks to queue
[2026-07-29T17:59:11.938+0000] {logging_mixin.py:190} INFO - [2026-07-29T17:59:11.937+0000] {dagbag.py:587} INFO - Filling up the DagBag from /home/airflow/.local/lib/python3.12/site-packages/airflow/example_dags/example_params_trigger_ui.py
[2026-07-29T17:59:11.943+0000] {processor.py:925} INFO - DAG(s) 'example_params_trigger_ui' retrieved from /home/airflow/.local/lib/python3.12/site-packages/airflow/example_dags/example_params_trigger_ui.py
[2026-07-29T17:59:11.964+0000] {logging_mixin.py:190} INFO - [2026-07-29T17:59:11.963+0000] {dag.py:3211} INFO - Sync 1 DAGs
[2026-07-29T17:59:11.970+0000] {logging_mixin.py:190} INFO - [2026-07-29T17:59:11.970+0000] {dag.py:4138} INFO - Setting next_dagrun for example_params_trigger_ui to None, run_after=None
[2026-07-29T17:59:11.981+0000] {processor.py:208} INFO - Processing /home/airflow/.local/lib/python3.12/site-packages/airflow/example_dags/example_params_trigger_ui.py took 0.047 seconds
[2026-07-29T17:59:42.083+0000] {processor.py:186} INFO - Started process (PID=16785) to work on /home/airflow/.local/lib/python3.12/site-packages/airflow/example_dags/example_params_trigger_ui.py
[2026-07-29T17:59:42.084+0000] {processor.py:914} INFO - Processing file /home/airflow/.local/lib/python3.12/site-packages/airflow/example_dags/example_params_trigger_ui.py for tasks to queue
[2026-07-29T17:59:42.085+0000] {logging_mixin.py:190} INFO - [2026-07-29T17:59:42.085+0000] {dagbag.py:587} INFO - Filling up the DagBag from /home/airflow/.local/lib/python3.12/site-packages/airflow/example_dags/example_params_trigger_ui.py
[2026-07-29T17:59:42.090+0000] {processor.py:925} INFO - DAG(s) 'example_params_trigger_ui' retrieved from /home/airflow/.local/lib/python3.12/site-packages/airflow/example_dags/example_params_trigger_ui.py
[2026-07-29T17:59:42.111+0000] {logging_mixin.py:190} INFO - [2026-07-29T17:59:42.110+0000] {dag.py:3211} INFO - Sync 1 DAGs
[2026-07-29T17:59:42.118+0000] {logging_mixin.py:190} INFO - [2026-07-29T17:59:42.117+0000] {dag.py:4138} INFO - Setting next_dagrun for example_params_trigger_ui to None, run_after=None
[2026-07-29T17:59:42.129+0000] {processor.py:208} INFO - Processing /home/airflow/.local/lib/python3.12/site-packages/airflow/example_dags/example_params_trigger_ui.py took 0.048 seconds
[2026-07-29T18:00:12.330+0000] {processor.py:186} INFO - Started process (PID=16851) to work on /home/airflow/.local/lib/python3.12/site-packages/airflow/example_dags/example_params_trigger_ui.py
[2026-07-29T18:00:12.330+0000] {processor.py:914} INFO - Processing file /home/airflow/.local/lib/python3.12/site-packages/airflow/example_dags/example_params_trigger_ui.py for tasks to queue
[2026-07-29T18:00:12.331+0000] {logging_mixin.py:190} INFO - [2026-07-29T18:00:12.331+0000] {dagbag.py:587} INFO - Filling up the DagBag from /home/airflow/.local/lib/python3.12/site-packages/airflow/example_dags/example_params_trigger_ui.py
[2026-07-29T18:00:12.336+0000] {processor.py:925} INFO - DAG(s) 'example_params_trigger_ui' retrieved from /home/airflow/.local/lib/python3.12/site-packages/airflow/example_dags/example_params_trigger_ui.py
[2026-07-29T18:00:12.351+0000] {logging_mixin.py:190} INFO - [2026-07-29T18:00:12.350+0000] {dag.py:3211} INFO - Sync 1 DAGs
[2026-07-29T18:00:12.356+0000] {logging_mixin.py:190} INFO - [2026-07-29T18:00:12.356+0000] {dag.py:4138} INFO - Setting next_dagrun for example_params_trigger_ui to None, run_after=None
[2026-07-29T18:00:12.363+0000] {processor.py:208} INFO - Processing /home/airflow/.local/lib/python3.12/site-packages/airflow/example_dags/example_params_trigger_ui.py took 0.036 seconds
[2026-07-29T18:00:42.649+0000] {processor.py:186} INFO - Started process (PID=16916) to work on /home/airflow/.local/lib/python3.12/site-packages/airflow/example_dags/example_params_trigger_ui.py
[2026-07-29T18:00:42.649+0000] {processor.py:914} INFO - Processing file /home/airflow/.local/lib/python3.12/site-packages/airflow/example_dags/example_params_trigger_ui.py for tasks to queue
[2026-07-29T18:00:42.651+0000] {logging_mixin.py:190} INFO - [2026-07-29T18:00:42.650+0000] {dagbag.py:587} INFO - Filling up the DagBag from /home/airflow/.local/lib/python3.12/site-packages/airflow/example_dags/example_params_trigger_ui.py
[2026-07-29T18:00:42.655+0000] {processor.py:925} INFO - DAG(s) 'example_params_trigger_ui' retrieved from /home/airflow/.local/lib/python3.12/site-packages/airflow/example_dags/example_params_trigger_ui.py
[2026-07-29T18:00:42.676+0000] {logging_mixin.py:190} INFO - [2026-07-29T18:00:42.676+0000] {dag.py:3211} INFO - Sync 1 DAGs
[2026-07-29T18:00:42.684+0000] {logging_mixin.py:190} INFO - [2026-07-29T18:00:42.684+0000] {dag.py:4138} INFO - Setting next_dagrun for example_params_trigger_ui to None, run_after=None
[2026-07-29T18:00:42.694+0000] {processor.py:208} INFO - Processing /home/airflow/.local/lib/python3.12/site-packages/airflow/example_dags/example_params_trigger_ui.py took 0.048 seconds
[2026-07-29T18:01:13.091+0000] {processor.py:186} INFO - Started process (PID=16982) to work on /home/airflow/.local/lib/python3.12/site-packages/airflow/example_dags/example_params_trigger_ui.py
[2026-07-29T18:01:13.091+0000] {processor.py:914} INFO - Processing file /home/airflow/.local/lib/python3.12/site-packages/airflow/example_dags/example_params_trigger_ui.py for tasks to queue
[2026-07-29T18:01:13.092+0000] {logging_mixin.py:190} INFO - [2026-07-29T18:01:13.092+0000] {dagbag.py:587} INFO - Filling up the DagBag from /home/airflow/.local/lib/python3.12/site-packages/airflow/example_dags/example_params_trigger_ui.py
[2026-07-29T18:01:13.097+0000] {processor.py:925} INFO - DAG(s) 'example_params_trigger_ui' retrieved from /home/airflow/.local/lib/python3.12/site-packages/airflow/example_dags/example_params_trigger_ui.py
[2026-07-29T18:01:13.114+0000] {logging_mixin.py:190} INFO - [2026-07-29T18:01:13.114+0000] {dag.py:3211} INFO - Sync 1 DAGs
[2026-07-29T18:01:13.122+0000] {logging_mixin.py:190} INFO - [2026-07-29T18:01:13.121+0000] {dag.py:4138} INFO - Setting next_dagrun for example_params_trigger_ui to None, run_after=None
[2026-07-29T18:01:13.137+0000] {processor.py:208} INFO - Processing /home/airflow/.local/lib/python3.12/site-packages/airflow/example_dags/example_params_trigger_ui.py took 0.049 seconds
[2026-07-29T18:01:43.455+0000] {processor.py:186} INFO - Started process (PID=17048) to work on /home/airflow/.local/lib/python3.12/site-packages/airflow/example_dags/example_params_trigger_ui.py
[2026-07-29T18:01:43.456+0000] {processor.py:914} INFO - Processing file /home/airflow/.local/lib/python3.12/site-packages/airflow/example_dags/example_params_trigger_ui.py for tasks to queue
[2026-07-29T18:01:43.457+0000] {logging_mixin.py:190} INFO - [2026-07-29T18:01:43.457+0000] {dagbag.py:587} INFO - Filling up the DagBag from /home/airflow/.local/lib/python3.12/site-packages/airflow/example_dags/example_params_trigger_ui.py
[2026-07-29T18:01:43.466+0000] {processor.py:925} INFO - DAG(s) 'example_params_trigger_ui' retrieved from /home/airflow/.local/lib/python3.12/site-packages/airflow/example_dags/example_params_trigger_ui.py
[2026-07-29T18:01:43.487+0000] {logging_mixin.py:190} INFO - [2026-07-29T18:01:43.487+0000] {dag.py:3211} INFO - Sync 1 DAGs
[2026-07-29T18:01:43.494+0000] {logging_mixin.py:190} INFO - [2026-07-29T18:01:43.494+0000] {dag.py:4138} INFO - Setting next_dagrun for example_params_trigger_ui to None, run_after=None
[2026-07-29T18:01:43.504+0000] {processor.py:208} INFO - Processing /home/airflow/.local/lib/python3.12/site-packages/airflow/example_dags/example_params_trigger_ui.py took 0.052 seconds
[2026-07-29T18:02:14.099+0000] {processor.py:186} INFO - Started process (PID=17114) to work on /home/airflow/.local/lib/python3.12/site-packages/airflow/example_dags/example_params_trigger_ui.py
[2026-07-29T18:02:14.099+0000] {processor.py:914} INFO - Processing file /home/airflow/.local/lib/python3.12/site-packages/airflow/example_dags/example_params_trigger_ui.py for tasks to queue
[2026-07-29T18:02:14.100+0000] {logging_mixin.py:190} INFO - [2026-07-29T18:02:14.100+0000] {dagbag.py:587} INFO - Filling up the DagBag from /home/airflow/.local/lib/python3.12/site-packages/airflow/example_dags/example_params_trigger_ui.py
[2026-07-29T18:02:14.106+0000] {processor.py:925} INFO - DAG(s) 'example_params_trigger_ui' retrieved from /home/airflow/.local/lib/python3.12/site-packages/airflow/example_dags/example_params_trigger_ui.py
[2026-07-29T18:02:14.123+0000] {logging_mixin.py:190} INFO - [2026-07-29T18:02:14.123+0000] {dag.py:3211} INFO - Sync 1 DAGs
[2026-07-29T18:02:14.228+0000] {logging_mixin.py:190} INFO - [2026-07-29T18:02:14.228+0000] {dag.py:4138} INFO - Setting next_dagrun for example_params_trigger_ui to None, run_after=None
[2026-07-29T18:02:14.242+0000] {processor.py:208} INFO - Processing /home/airflow/.local/lib/python3.12/site-packages/airflow/example_dags/example_params_trigger_ui.py took 0.146 seconds
[2026-07-29T18:02:44.519+0000] {processor.py:186} INFO - Started process (PID=17180) to work on /home/airflow/.local/lib/python3.12/site-packages/airflow/example_dags/example_params_trigger_ui.py
[2026-07-29T18:02:44.519+0000] {processor.py:914} INFO - Processing file /home/airflow/.local/lib/python3.12/site-packages/airflow/example_dags/example_params_trigger_ui.py for tasks to queue
[2026-07-29T18:02:44.520+0000] {logging_mixin.py:190} INFO - [2026-07-29T18:02:44.520+0000] {dagbag.py:587} INFO - Filling up the DagBag from /home/airflow/.local/lib/python3.12/site-packages/airflow/example_dags/example_params_trigger_ui.py
[2026-07-29T18:02:44.525+0000] {processor.py:925} INFO - DAG(s) 'example_params_trigger_ui' retrieved from /home/airflow/.local/lib/python3.12/site-packages/airflow/example_dags/example_params_trigger_ui.py
[2026-07-29T18:02:44.539+0000] {logging_mixin.py:190} INFO - [2026-07-29T18:02:44.539+0000] {dag.py:3211} INFO - Sync 1 DAGs
[2026-07-29T18:02:44.544+0000] {logging_mixin.py:190} INFO - [2026-07-29T18:02:44.544+0000] {dag.py:4138} INFO - Setting next_dagrun for example_params_trigger_ui to None, run_after=None
[2026-07-29T18:02:44.550+0000] {processor.py:208} INFO - Processing /home/airflow/.local/lib/python3.12/site-packages/airflow/example_dags/example_params_trigger_ui.py took 0.034 seconds
[2026-07-29T18:03:15.089+0000] {processor.py:186} INFO - Started process (PID=17246) to work on /home/airflow/.local/lib/python3.12/site-packages/airflow/example_dags/example_params_trigger_ui.py
[2026-07-29T18:03:15.090+0000] {processor.py:914} INFO - Processing file /home/airflow/.local/lib/python3.12/site-packages/airflow/example_dags/example_params_trigger_ui.py for tasks to queue
[2026-07-29T18:03:15.093+0000] {logging_mixin.py:190} INFO - [2026-07-29T18:03:15.093+0000] {dagbag.py:587} INFO - Filling up the DagBag from /home/airflow/.local/lib/python3.12/site-packages/airflow/example_dags/example_params_trigger_ui.py
[2026-07-29T18:03:15.098+0000] {processor.py:925} INFO - DAG(s) 'example_params_trigger_ui' retrieved from /home/airflow/.local/lib/python3.12/site-packages/airflow/example_dags/example_params_trigger_ui.py
[2026-07-29T18:03:15.114+0000] {logging_mixin.py:190} INFO - [2026-07-29T18:03:15.114+0000] {dag.py:3211} INFO - Sync 1 DAGs
[2026-07-29T18:03:15.120+0000] {logging_mixin.py:190} INFO - [2026-07-29T18:03:15.119+0000] {dag.py:4138} INFO - Setting next_dagrun for example_params_trigger_ui to None, run_after=None
[2026-07-29T18:03:15.133+0000] {processor.py:208} INFO - Processing /home/airflow/.local/lib/python3.12/site-packages/airflow/example_dags/example_params_trigger_ui.py took 0.046 seconds
[2026-07-29T18:03:46.647+0000] {processor.py:186} INFO - Started process (PID=17311) to work on /home/airflow/.local/lib/python3.12/site-packages/airflow/example_dags/example_params_trigger_ui.py
[2026-07-29T18:03:46.647+0000] {processor.py:914} INFO - Processing file /home/airflow/.local/lib/python3.12/site-packages/airflow/example_dags/example_params_trigger_ui.py for tasks to queue
[2026-07-29T18:03:46.648+0000] {logging_mixin.py:190} INFO - [2026-07-29T18:03:46.648+0000] {dagbag.py:587} INFO - Filling up the DagBag from /home/airflow/.local/lib/python3.12/site-packages/airflow/example_dags/example_params_trigger_ui.py
[2026-07-29T18:03:46.654+0000] {processor.py:925} INFO - DAG(s) 'example_params_trigger_ui' retrieved from /home/airflow/.local/lib/python3.12/site-packages/airflow/example_dags/example_params_trigger_ui.py
[2026-07-29T18:03:46.775+0000] {logging_mixin.py:190} INFO - [2026-07-29T18:03:46.775+0000] {dag.py:3211} INFO - Sync 1 DAGs
[2026-07-29T18:03:46.781+0000] {logging_mixin.py:190} INFO - [2026-07-29T18:03:46.781+0000] {dag.py:4138} INFO - Setting next_dagrun for example_params_trigger_ui to None, run_after=None
[2026-07-29T18:03:46.791+0000] {processor.py:208} INFO - Processing /home/airflow/.local/lib/python3.12/site-packages/airflow/example_dags/example_params_trigger_ui.py took 0.147 seconds
[2026-07-29T18:04:17.714+0000] {processor.py:186} INFO - Started process (PID=17377) to work on /home/airflow/.local/lib/python3.12/site-packages/airflow/example_dags/example_params_trigger_ui.py
[2026-07-29T18:04:17.715+0000] {processor.py:914} INFO - Processing file /home/airflow/.local/lib/python3.12/site-packages/airflow/example_dags/example_params_trigger_ui.py for tasks to queue
[2026-07-29T18:04:17.716+0000] {logging_mixin.py:190} INFO - [2026-07-29T18:04:17.716+0000] {dagbag.py:587} INFO - Filling up the DagBag from /home/airflow/.local/lib/python3.12/site-packages/airflow/example_dags/example_params_trigger_ui.py
[2026-07-29T18:04:17.721+0000] {processor.py:925} INFO - DAG(s) 'example_params_trigger_ui' retrieved from /home/airflow/.local/lib/python3.12/site-packages/airflow/example_dags/example_params_trigger_ui.py
[2026-07-29T18:04:17.737+0000] {logging_mixin.py:190} INFO - [2026-07-29T18:04:17.737+0000] {dag.py:3211} INFO - Sync 1 DAGs
[2026-07-29T18:04:17.742+0000] {logging_mixin.py:190} INFO - [2026-07-29T18:04:17.742+0000] {dag.py:4138} INFO - Setting next_dagrun for example_params_trigger_ui to None, run_after=None
[2026-07-29T18:04:17.749+0000] {processor.py:208} INFO - Processing /home/airflow/.local/lib/python3.12/site-packages/airflow/example_dags/example_params_trigger_ui.py took 0.037 seconds
[2026-07-29T18:04:47.780+0000] {processor.py:186} INFO - Started process (PID=17443) to work on /home/airflow/.local/lib/python3.12/site-packages/airflow/example_dags/example_params_trigger_ui.py
[2026-07-29T18:04:47.781+0000] {processor.py:914} INFO - Processing file /home/airflow/.local/lib/python3.12/site-packages/airflow/example_dags/example_params_trigger_ui.py for tasks to queue
[2026-07-29T18:04:47.782+0000] {logging_mixin.py:190} INFO - [2026-07-29T18:04:47.782+0000] {dagbag.py:587} INFO - Filling up the DagBag from /home/airflow/.local/lib/python3.12/site-packages/airflow/example_dags/example_params_trigger_ui.py
[2026-07-29T18:04:47.787+0000] {processor.py:925} INFO - DAG(s) 'example_params_trigger_ui' retrieved from /home/airflow/.local/lib/python3.12/site-packages/airflow/example_dags/example_params_trigger_ui.py
[2026-07-29T18:04:47.803+0000] {logging_mixin.py:190} INFO - [2026-07-29T18:04:47.803+0000] {dag.py:3211} INFO - Sync 1 DAGs
[2026-07-29T18:04:47.809+0000] {logging_mixin.py:190} INFO - [2026-07-29T18:04:47.809+0000] {dag.py:4138} INFO - Setting next_dagrun for example_params_trigger_ui to None, run_after=None
[2026-07-29T18:04:47.815+0000] {processor.py:208} INFO - Processing /home/airflow/.local/lib/python3.12/site-packages/airflow/example_dags/example_params_trigger_ui.py took 0.038 seconds
[2026-07-29T18:05:17.907+0000] {processor.py:186} INFO - Started process (PID=17509) to work on /home/airflow/.local/lib/python3.12/site-packages/airflow/example_dags/example_params_trigger_ui.py
[2026-07-29T18:05:17.907+0000] {processor.py:914} INFO - Processing file /home/airflow/.local/lib/python3.12/site-packages/airflow/example_dags/example_params_trigger_ui.py for tasks to queue
[2026-07-29T18:05:17.908+0000] {logging_mixin.py:190} INFO - [2026-07-29T18:05:17.908+0000] {dagbag.py:587} INFO - Filling up the DagBag from /home/airflow/.local/lib/python3.12/site-packages/airflow/example_dags/example_params_trigger_ui.py
[2026-07-29T18:05:17.913+0000] {processor.py:925} INFO - DAG(s) 'example_params_trigger_ui' retrieved from /home/airflow/.local/lib/python3.12/site-packages/airflow/example_dags/example_params_trigger_ui.py
[2026-07-29T18:05:17.930+0000] {logging_mixin.py:190} INFO - [2026-07-29T18:05:17.929+0000] {dag.py:3211} INFO - Sync 1 DAGs
[2026-07-29T18:05:17.935+0000] {logging_mixin.py:190} INFO - [2026-07-29T18:05:17.935+0000] {dag.py:4138} INFO - Setting next_dagrun for example_params_trigger_ui to None, run_after=None
[2026-07-29T18:05:17.942+0000] {processor.py:208} INFO - Processing /home/airflow/.local/lib/python3.12/site-packages/airflow/example_dags/example_params_trigger_ui.py took 0.038 seconds
[2026-07-29T18:05:48.098+0000] {processor.py:186} INFO - Started process (PID=17575) to work on /home/airflow/.local/lib/python3.12/site-packages/airflow/example_dags/example_params_trigger_ui.py
[2026-07-29T18:05:48.099+0000] {processor.py:914} INFO - Processing file /home/airflow/.local/lib/python3.12/site-packages/airflow/example_dags/example_params_trigger_ui.py for tasks to queue
[2026-07-29T18:05:48.100+0000] {logging_mixin.py:190} INFO - [2026-07-29T18:05:48.100+0000] {dagbag.py:587} INFO - Filling up the DagBag from /home/airflow/.local/lib/python3.12/site-packages/airflow/example_dags/example_params_trigger_ui.py
[2026-07-29T18:05:48.106+0000] {processor.py:925} INFO - DAG(s) 'example_params_trigger_ui' retrieved from /home/airflow/.local/lib/python3.12/site-packages/airflow/example_dags/example_params_trigger_ui.py
[2026-07-29T18:05:48.123+0000] {logging_mixin.py:190} INFO - [2026-07-29T18:05:48.123+0000] {dag.py:3211} INFO - Sync 1 DAGs
[2026-07-29T18:05:48.129+0000] {logging_mixin.py:190} INFO - [2026-07-29T18:05:48.129+0000] {dag.py:4138} INFO - Setting next_dagrun for example_params_trigger_ui to None, run_after=None
[2026-07-29T18:05:48.138+0000] {processor.py:208} INFO - Processing /home/airflow/.local/lib/python3.12/site-packages/airflow/example_dags/example_params_trigger_ui.py took 0.042 seconds
[2026-07-29T18:06:18.184+0000] {processor.py:186} INFO - Started process (PID=17641) to work on /home/airflow/.local/lib/python3.12/site-packages/airflow/example_dags/example_params_trigger_ui.py
[2026-07-29T18:06:18.185+0000] {processor.py:914} INFO - Processing file /home/airflow/.local/lib/python3.12/site-packages/airflow/example_dags/example_params_trigger_ui.py for tasks to queue
[2026-07-29T18:06:18.186+0000] {logging_mixin.py:190} INFO - [2026-07-29T18:06:18.186+0000] {dagbag.py:587} INFO - Filling up the DagBag from /home/airflow/.local/lib/python3.12/site-packages/airflow/example_dags/example_params_trigger_ui.py
[2026-07-29T18:06:18.191+0000] {processor.py:925} INFO - DAG(s) 'example_params_trigger_ui' retrieved from /home/airflow/.local/lib/python3.12/site-packages/airflow/example_dags/example_params_trigger_ui.py
[2026-07-29T18:06:18.206+0000] {logging_mixin.py:190} INFO - [2026-07-29T18:06:18.205+0000] {dag.py:3211} INFO - Sync 1 DAGs
[2026-07-29T18:06:18.211+0000] {logging_mixin.py:190} INFO - [2026-07-29T18:06:18.211+0000] {dag.py:4138} INFO - Setting next_dagrun for example_params_trigger_ui to None, run_after=None
[2026-07-29T18:06:18.217+0000] {processor.py:208} INFO - Processing /home/airflow/.local/lib/python3.12/site-packages/airflow/example_dags/example_params_trigger_ui.py took 0.035 seconds
[2026-07-29T18:06:48.379+0000] {processor.py:186} INFO - Started process (PID=17707) to work on /home/airflow/.local/lib/python3.12/site-packages/airflow/example_dags/example_params_trigger_ui.py
[2026-07-29T18:06:48.380+0000] {processor.py:914} INFO - Processing file /home/airflow/.local/lib/python3.12/site-packages/airflow/example_dags/example_params_trigger_ui.py for tasks to queue
[2026-07-29T18:06:48.381+0000] {logging_mixin.py:190} INFO - [2026-07-29T18:06:48.381+0000] {dagbag.py:587} INFO - Filling up the DagBag from /home/airflow/.local/lib/python3.12/site-packages/airflow/example_dags/example_params_trigger_ui.py
[2026-07-29T18:06:48.386+0000] {processor.py:925} INFO - DAG(s) 'example_params_trigger_ui' retrieved from /home/airflow/.local/lib/python3.12/site-packages/airflow/example_dags/example_params_trigger_ui.py
[2026-07-29T18:06:48.405+0000] {logging_mixin.py:190} INFO - [2026-07-29T18:06:48.404+0000] {dag.py:3211} INFO - Sync 1 DAGs
[2026-07-29T18:06:48.410+0000] {logging_mixin.py:190} INFO - [2026-07-29T18:06:48.410+0000] {dag.py:4138} INFO - Setting next_dagrun for example_params_trigger_ui to None, run_after=None
[2026-07-29T18:06:48.417+0000] {processor.py:208} INFO - Processing /home/airflow/.local/lib/python3.12/site-packages/airflow/example_dags/example_params_trigger_ui.py took 0.040 seconds
[2026-07-29T18:07:18.481+0000] {processor.py:186} INFO - Started process (PID=17773) to work on /home/airflow/.local/lib/python3.12/site-packages/airflow/example_dags/example_params_trigger_ui.py
[2026-07-29T18:07:18.481+0000] {processor.py:914} INFO - Processing file /home/airflow/.local/lib/python3.12/site-packages/airflow/example_dags/example_params_trigger_ui.py for tasks to queue
[2026-07-29T18:07:18.483+0000] {logging_mixin.py:190} INFO - [2026-07-29T18:07:18.482+0000] {dagbag.py:587} INFO - Filling up the DagBag from /home/airflow/.local/lib/python3.12/site-packages/airflow/example_dags/example_params_trigger_ui.py
[2026-07-29T18:07:18.488+0000] {processor.py:925} INFO - DAG(s) 'example_params_trigger_ui' retrieved from /home/airflow/.local/lib/python3.12/site-packages/airflow/example_dags/example_params_trigger_ui.py
[2026-07-29T18:07:18.503+0000] {logging_mixin.py:190} INFO - [2026-07-29T18:07:18.503+0000] {dag.py:3211} INFO - Sync 1 DAGs
[2026-07-29T18:07:18.509+0000] {logging_mixin.py:190} INFO - [2026-07-29T18:07:18.509+0000] {dag.py:4138} INFO - Setting next_dagrun for example_params_trigger_ui to None, run_after=None
[2026-07-29T18:07:18.515+0000] {processor.py:208} INFO - Processing /home/airflow/.local/lib/python3.12/site-packages/airflow/example_dags/example_params_trigger_ui.py took 0.037 seconds
[2026-07-29T18:07:48.666+0000] {processor.py:186} INFO - Started process (PID=17839) to work on /home/airflow/.local/lib/python3.12/site-packages/airflow/example_dags/example_params_trigger_ui.py
[2026-07-29T18:07:48.666+0000] {processor.py:914} INFO - Processing file /home/airflow/.local/lib/python3.12/site-packages/airflow/example_dags/example_params_trigger_ui.py for tasks to queue
[2026-07-29T18:07:48.667+0000] {logging_mixin.py:190} INFO - [2026-07-29T18:07:48.667+0000] {dagbag.py:587} INFO - Filling up the DagBag from /home/airflow/.local/lib/python3.12/site-packages/airflow/example_dags/example_params_trigger_ui.py
[2026-07-29T18:07:48.672+0000] {processor.py:925} INFO - DAG(s) 'example_params_trigger_ui' retrieved from /home/airflow/.local/lib/python3.12/site-packages/airflow/example_dags/example_params_trigger_ui.py
[2026-07-29T18:07:48.687+0000] {logging_mixin.py:190} INFO - [2026-07-29T18:07:48.687+0000] {dag.py:3211} INFO - Sync 1 DAGs
[2026-07-29T18:07:48.693+0000] {logging_mixin.py:190} INFO - [2026-07-29T18:07:48.693+0000] {dag.py:4138} INFO - Setting next_dagrun for example_params_trigger_ui to None, run_after=None
[2026-07-29T18:07:48.699+0000] {processor.py:208} INFO - Processing /home/airflow/.local/lib/python3.12/site-packages/airflow/example_dags/example_params_trigger_ui.py took 0.036 seconds
[2026-07-29T18:08:19.651+0000] {processor.py:186} INFO - Started process (PID=17905) to work on /home/airflow/.local/lib/python3.12/site-packages/airflow/example_dags/example_params_trigger_ui.py
[2026-07-29T18:08:19.652+0000] {processor.py:914} INFO - Processing file /home/airflow/.local/lib/python3.12/site-packages/airflow/example_dags/example_params_trigger_ui.py for tasks to queue
[2026-07-29T18:08:19.653+0000] {logging_mixin.py:190} INFO - [2026-07-29T18:08:19.652+0000] {dagbag.py:587} INFO - Filling up the DagBag from /home/airflow/.local/lib/python3.12/site-packages/airflow/example_dags/example_params_trigger_ui.py
[2026-07-29T18:08:19.658+0000] {processor.py:925} INFO - DAG(s) 'example_params_trigger_ui' retrieved from /home/airflow/.local/lib/python3.12/site-packages/airflow/example_dags/example_params_trigger_ui.py
[2026-07-29T18:08:19.673+0000] {logging_mixin.py:190} INFO - [2026-07-29T18:08:19.673+0000] {dag.py:3211} INFO - Sync 1 DAGs
[2026-07-29T18:08:19.678+0000] {logging_mixin.py:190} INFO - [2026-07-29T18:08:19.678+0000] {dag.py:4138} INFO - Setting next_dagrun for example_params_trigger_ui to None, run_after=None
[2026-07-29T18:08:19.685+0000] {processor.py:208} INFO - Processing /home/airflow/.local/lib/python3.12/site-packages/airflow/example_dags/example_params_trigger_ui.py took 0.036 seconds
[2026-07-29T18:08:50.663+0000] {processor.py:186} INFO - Started process (PID=17971) to work on /home/airflow/.local/lib/python3.12/site-packages/airflow/example_dags/example_params_trigger_ui.py
[2026-07-29T18:08:50.663+0000] {processor.py:914} INFO - Processing file /home/airflow/.local/lib/python3.12/site-packages/airflow/example_dags/example_params_trigger_ui.py for tasks to queue
[2026-07-29T18:08:50.665+0000] {logging_mixin.py:190} INFO - [2026-07-29T18:08:50.665+0000] {dagbag.py:587} INFO - Filling up the DagBag from /home/airflow/.local/lib/python3.12/site-packages/airflow/example_dags/example_params_trigger_ui.py
[2026-07-29T18:08:50.670+0000] {processor.py:925} INFO - DAG(s) 'example_params_trigger_ui' retrieved from /home/airflow/.local/lib/python3.12/site-packages/airflow/example_dags/example_params_trigger_ui.py
[2026-07-29T18:08:50.687+0000] {logging_mixin.py:190} INFO - [2026-07-29T18:08:50.687+0000] {dag.py:3211} INFO - Sync 1 DAGs
[2026-07-29T18:08:50.693+0000] {logging_mixin.py:190} INFO - [2026-07-29T18:08:50.693+0000] {dag.py:4138} INFO - Setting next_dagrun for example_params_trigger_ui to None, run_after=None
[2026-07-29T18:08:50.700+0000] {processor.py:208} INFO - Processing /home/airflow/.local/lib/python3.12/site-packages/airflow/example_dags/example_params_trigger_ui.py took 0.040 seconds
[2026-07-29T18:09:21.431+0000] {processor.py:186} INFO - Started process (PID=18036) to work on /home/airflow/.local/lib/python3.12/site-packages/airflow/example_dags/example_params_trigger_ui.py
[2026-07-29T18:09:21.432+0000] {processor.py:914} INFO - Processing file /home/airflow/.local/lib/python3.12/site-packages/airflow/example_dags/example_params_trigger_ui.py for tasks to queue
[2026-07-29T18:09:21.433+0000] {logging_mixin.py:190} INFO - [2026-07-29T18:09:21.433+0000] {dagbag.py:587} INFO - Filling up the DagBag from /home/airflow/.local/lib/python3.12/site-packages/airflow/example_dags/example_params_trigger_ui.py
[2026-07-29T18:09:21.438+0000] {processor.py:925} INFO - DAG(s) 'example_params_trigger_ui' retrieved from /home/airflow/.local/lib/python3.12/site-packages/airflow/example_dags/example_params_trigger_ui.py
[2026-07-29T18:09:21.459+0000] {logging_mixin.py:190} INFO - [2026-07-29T18:09:21.459+0000] {dag.py:3211} INFO - Sync 1 DAGs
[2026-07-29T18:09:21.466+0000] {logging_mixin.py:190} INFO - [2026-07-29T18:09:21.466+0000] {dag.py:4138} INFO - Setting next_dagrun for example_params_trigger_ui to None, run_after=None
[2026-07-29T18:09:21.480+0000] {processor.py:208} INFO - Processing /home/airflow/.local/lib/python3.12/site-packages/airflow/example_dags/example_params_trigger_ui.py took 0.052 seconds
[2026-07-29T18:09:52.391+0000] {processor.py:186} INFO - Started process (PID=18102) to work on /home/airflow/.local/lib/python3.12/site-packages/airflow/example_dags/example_params_trigger_ui.py
[2026-07-29T18:09:52.391+0000] {processor.py:914} INFO - Processing file /home/airflow/.local/lib/python3.12/site-packages/airflow/example_dags/example_params_trigger_ui.py for tasks to queue
[2026-07-29T18:09:52.393+0000] {logging_mixin.py:190} INFO - [2026-07-29T18:09:52.392+0000] {dagbag.py:587} INFO - Filling up the DagBag from /home/airflow/.local/lib/python3.12/site-packages/airflow/example_dags/example_params_trigger_ui.py
[2026-07-29T18:09:52.397+0000] {processor.py:925} INFO - DAG(s) 'example_params_trigger_ui' retrieved from /home/airflow/.local/lib/python3.12/site-packages/airflow/example_dags/example_params_trigger_ui.py
[2026-07-29T18:09:52.419+0000] {logging_mixin.py:190} INFO - [2026-07-29T18:09:52.419+0000] {dag.py:3211} INFO - Sync 1 DAGs
[2026-07-29T18:09:52.425+0000] {logging_mixin.py:190} INFO - [2026-07-29T18:09:52.425+0000] {dag.py:4138} INFO - Setting next_dagrun for example_params_trigger_ui to None, run_after=None
[2026-07-29T18:09:52.435+0000] {processor.py:208} INFO - Processing /home/airflow/.local/lib/python3.12/site-packages/airflow/example_dags/example_params_trigger_ui.py took 0.047 seconds
[2026-07-29T18:10:23.353+0000] {processor.py:186} INFO - Started process (PID=18168) to work on /home/airflow/.local/lib/python3.12/site-packages/airflow/example_dags/example_params_trigger_ui.py
[2026-07-29T18:10:23.353+0000] {processor.py:914} INFO - Processing file /home/airflow/.local/lib/python3.12/site-packages/airflow/example_dags/example_params_trigger_ui.py for tasks to queue
[2026-07-29T18:10:23.355+0000] {logging_mixin.py:190} INFO - [2026-07-29T18:10:23.355+0000] {dagbag.py:587} INFO - Filling up the DagBag from /home/airflow/.local/lib/python3.12/site-packages/airflow/example_dags/example_params_trigger_ui.py
[2026-07-29T18:10:23.360+0000] {processor.py:925} INFO - DAG(s) 'example_params_trigger_ui' retrieved from /home/airflow/.local/lib/python3.12/site-packages/airflow/example_dags/example_params_trigger_ui.py
[2026-07-29T18:10:23.376+0000] {logging_mixin.py:190} INFO - [2026-07-29T18:10:23.376+0000] {dag.py:3211} INFO - Sync 1 DAGs
[2026-07-29T18:10:23.382+0000] {logging_mixin.py:190} INFO - [2026-07-29T18:10:23.382+0000] {dag.py:4138} INFO - Setting next_dagrun for example_params_trigger_ui to None, run_after=None
[2026-07-29T18:10:23.391+0000] {processor.py:208} INFO - Processing /home/airflow/.local/lib/python3.12/site-packages/airflow/example_dags/example_params_trigger_ui.py took 0.041 seconds
[2026-07-29T18:10:54.325+0000] {processor.py:186} INFO - Started process (PID=18234) to work on /home/airflow/.local/lib/python3.12/site-packages/airflow/example_dags/example_params_trigger_ui.py
[2026-07-29T18:10:54.325+0000] {processor.py:914} INFO - Processing file /home/airflow/.local/lib/python3.12/site-packages/airflow/example_dags/example_params_trigger_ui.py for tasks to queue
[2026-07-29T18:10:54.326+0000] {logging_mixin.py:190} INFO - [2026-07-29T18:10:54.326+0000] {dagbag.py:587} INFO - Filling up the DagBag from /home/airflow/.local/lib/python3.12/site-packages/airflow/example_dags/example_params_trigger_ui.py
[2026-07-29T18:10:54.332+0000] {processor.py:925} INFO - DAG(s) 'example_params_trigger_ui' retrieved from /home/airflow/.local/lib/python3.12/site-packages/airflow/example_dags/example_params_trigger_ui.py
[2026-07-29T18:10:54.347+0000] {logging_mixin.py:190} INFO - [2026-07-29T18:10:54.347+0000] {dag.py:3211} INFO - Sync 1 DAGs
[2026-07-29T18:10:54.352+0000] {logging_mixin.py:190} INFO - [2026-07-29T18:10:54.352+0000] {dag.py:4138} INFO - Setting next_dagrun for example_params_trigger_ui to None, run_after=None
[2026-07-29T18:10:54.358+0000] {processor.py:208} INFO - Processing /home/airflow/.local/lib/python3.12/site-packages/airflow/example_dags/example_params_trigger_ui.py took 0.036 seconds
[2026-07-29T18:11:25.333+0000] {processor.py:186} INFO - Started process (PID=18300) to work on /home/airflow/.local/lib/python3.12/site-packages/airflow/example_dags/example_params_trigger_ui.py
[2026-07-29T18:11:25.333+0000] {processor.py:914} INFO - Processing file /home/airflow/.local/lib/python3.12/site-packages/airflow/example_dags/example_params_trigger_ui.py for tasks to queue
[2026-07-29T18:11:25.334+0000] {logging_mixin.py:190} INFO - [2026-07-29T18:11:25.334+0000] {dagbag.py:587} INFO - Filling up the DagBag from /home/airflow/.local/lib/python3.12/site-packages/airflow/example_dags/example_params_trigger_ui.py
[2026-07-29T18:11:25.340+0000] {processor.py:925} INFO - DAG(s) 'example_params_trigger_ui' retrieved from /home/airflow/.local/lib/python3.12/site-packages/airflow/example_dags/example_params_trigger_ui.py
[2026-07-29T18:11:25.356+0000] {logging_mixin.py:190} INFO - [2026-07-29T18:11:25.356+0000] {dag.py:3211} INFO - Sync 1 DAGs
[2026-07-29T18:11:25.362+0000] {logging_mixin.py:190} INFO - [2026-07-29T18:11:25.362+0000] {dag.py:4138} INFO - Setting next_dagrun for example_params_trigger_ui to None, run_after=None
[2026-07-29T18:11:25.368+0000] {processor.py:208} INFO - Processing /home/airflow/.local/lib/python3.12/site-packages/airflow/example_dags/example_params_trigger_ui.py took 0.037 seconds
[2026-07-29T18:11:56.369+0000] {processor.py:186} INFO - Started process (PID=18365) to work on /home/airflow/.local/lib/python3.12/site-packages/airflow/example_dags/example_params_trigger_ui.py
[2026-07-29T18:11:56.370+0000] {processor.py:914} INFO - Processing file /home/airflow/.local/lib/python3.12/site-packages/airflow/example_dags/example_params_trigger_ui.py for tasks to queue
[2026-07-29T18:11:56.371+0000] {logging_mixin.py:190} INFO - [2026-07-29T18:11:56.371+0000] {dagbag.py:587} INFO - Filling up the DagBag from /home/airflow/.local/lib/python3.12/site-packages/airflow/example_dags/example_params_trigger_ui.py
[2026-07-29T18:11:56.376+0000] {processor.py:925} INFO - DAG(s) 'example_params_trigger_ui' retrieved from /home/airflow/.local/lib/python3.12/site-packages/airflow/example_dags/example_params_trigger_ui.py
[2026-07-29T18:11:56.392+0000] {logging_mixin.py:190} INFO - [2026-07-29T18:11:56.391+0000] {dag.py:3211} INFO - Sync 1 DAGs
[2026-07-29T18:11:56.397+0000] {logging_mixin.py:190} INFO - [2026-07-29T18:11:56.397+0000] {dag.py:4138} INFO - Setting next_dagrun for example_params_trigger_ui to None, run_after=None
[2026-07-29T18:11:56.404+0000] {processor.py:208} INFO - Processing /home/airflow/.local/lib/python3.12/site-packages/airflow/example_dags/example_params_trigger_ui.py took 0.038 seconds
[2026-07-29T18:12:27.330+0000] {processor.py:186} INFO - Started process (PID=18431) to work on /home/airflow/.local/lib/python3.12/site-packages/airflow/example_dags/example_params_trigger_ui.py
[2026-07-29T18:12:27.330+0000] {processor.py:914} INFO - Processing file /home/airflow/.local/lib/python3.12/site-packages/airflow/example_dags/example_params_trigger_ui.py for tasks to queue
[2026-07-29T18:12:27.331+0000] {logging_mixin.py:190} INFO - [2026-07-29T18:12:27.331+0000] {dagbag.py:587} INFO - Filling up the DagBag from /home/airflow/.local/lib/python3.12/site-packages/airflow/example_dags/example_params_trigger_ui.py
[2026-07-29T18:12:27.336+0000] {processor.py:925} INFO - DAG(s) 'example_params_trigger_ui' retrieved from /home/airflow/.local/lib/python3.12/site-packages/airflow/example_dags/example_params_trigger_ui.py
[2026-07-29T18:12:27.352+0000] {logging_mixin.py:190} INFO - [2026-07-29T18:12:27.352+0000] {dag.py:3211} INFO - Sync 1 DAGs
[2026-07-29T18:12:27.357+0000] {logging_mixin.py:190} INFO - [2026-07-29T18:12:27.357+0000] {dag.py:4138} INFO - Setting next_dagrun for example_params_trigger_ui to None, run_after=None
[2026-07-29T18:12:27.364+0000] {processor.py:208} INFO - Processing /home/airflow/.local/lib/python3.12/site-packages/airflow/example_dags/example_params_trigger_ui.py took 0.037 seconds
[2026-07-29T18:12:58.329+0000] {processor.py:186} INFO - Started process (PID=18497) to work on /home/airflow/.local/lib/python3.12/site-packages/airflow/example_dags/example_params_trigger_ui.py
[2026-07-29T18:12:58.329+0000] {processor.py:914} INFO - Processing file /home/airflow/.local/lib/python3.12/site-packages/airflow/example_dags/example_params_trigger_ui.py for tasks to queue
[2026-07-29T18:12:58.331+0000] {logging_mixin.py:190} INFO - [2026-07-29T18:12:58.331+0000] {dagbag.py:587} INFO - Filling up the DagBag from /home/airflow/.local/lib/python3.12/site-packages/airflow/example_dags/example_params_trigger_ui.py
[2026-07-29T18:12:58.337+0000] {processor.py:925} INFO - DAG(s) 'example_params_trigger_ui' retrieved from /home/airflow/.local/lib/python3.12/site-packages/airflow/example_dags/example_params_trigger_ui.py
[2026-07-29T18:12:58.353+0000] {logging_mixin.py:190} INFO - [2026-07-29T18:12:58.353+0000] {dag.py:3211} INFO - Sync 1 DAGs
[2026-07-29T18:12:58.359+0000] {logging_mixin.py:190} INFO - [2026-07-29T18:12:58.359+0000] {dag.py:4138} INFO - Setting next_dagrun for example_params_trigger_ui to None, run_after=None
[2026-07-29T18:12:58.366+0000] {processor.py:208} INFO - Processing /home/airflow/.local/lib/python3.12/site-packages/airflow/example_dags/example_params_trigger_ui.py took 0.040 seconds
[2026-07-29T18:13:28.434+0000] {processor.py:186} INFO - Started process (PID=18563) to work on /home/airflow/.local/lib/python3.12/site-packages/airflow/example_dags/example_params_trigger_ui.py
[2026-07-29T18:13:28.435+0000] {processor.py:914} INFO - Processing file /home/airflow/.local/lib/python3.12/site-packages/airflow/example_dags/example_params_trigger_ui.py for tasks to queue
[2026-07-29T18:13:28.436+0000] {logging_mixin.py:190} INFO - [2026-07-29T18:13:28.436+0000] {dagbag.py:587} INFO - Filling up the DagBag from /home/airflow/.local/lib/python3.12/site-packages/airflow/example_dags/example_params_trigger_ui.py
[2026-07-29T18:13:28.441+0000] {processor.py:925} INFO - DAG(s) 'example_params_trigger_ui' retrieved from /home/airflow/.local/lib/python3.12/site-packages/airflow/example_dags/example_params_trigger_ui.py
[2026-07-29T18:13:28.456+0000] {logging_mixin.py:190} INFO - [2026-07-29T18:13:28.456+0000] {dag.py:3211} INFO - Sync 1 DAGs
[2026-07-29T18:13:28.461+0000] {logging_mixin.py:190} INFO - [2026-07-29T18:13:28.461+0000] {dag.py:4138} INFO - Setting next_dagrun for example_params_trigger_ui to None, run_after=None
[2026-07-29T18:13:28.467+0000] {processor.py:208} INFO - Processing /home/airflow/.local/lib/python3.12/site-packages/airflow/example_dags/example_params_trigger_ui.py took 0.035 seconds
[2026-07-29T18:13:59.306+0000] {processor.py:186} INFO - Started process (PID=18635) to work on /home/airflow/.local/lib/python3.12/site-packages/airflow/example_dags/example_params_trigger_ui.py
[2026-07-29T18:13:59.306+0000] {processor.py:914} INFO - Processing file /home/airflow/.local/lib/python3.12/site-packages/airflow/example_dags/example_params_trigger_ui.py for tasks to queue
[2026-07-29T18:13:59.308+0000] {logging_mixin.py:190} INFO - [2026-07-29T18:13:59.307+0000] {dagbag.py:587} INFO - Filling up the DagBag from /home/airflow/.local/lib/python3.12/site-packages/airflow/example_dags/example_params_trigger_ui.py
[2026-07-29T18:13:59.313+0000] {processor.py:925} INFO - DAG(s) 'example_params_trigger_ui' retrieved from /home/airflow/.local/lib/python3.12/site-packages/airflow/example_dags/example_params_trigger_ui.py
[2026-07-29T18:13:59.331+0000] {logging_mixin.py:190} INFO - [2026-07-29T18:13:59.331+0000] {dag.py:3211} INFO - Sync 1 DAGs
[2026-07-29T18:13:59.340+0000] {logging_mixin.py:190} INFO - [2026-07-29T18:13:59.340+0000] {dag.py:4138} INFO - Setting next_dagrun for example_params_trigger_ui to None, run_after=None
[2026-07-29T18:13:59.350+0000] {processor.py:208} INFO - Processing /home/airflow/.local/lib/python3.12/site-packages/airflow/example_dags/example_params_trigger_ui.py took 0.048 seconds
[2026-07-29T18:14:30.378+0000] {processor.py:186} INFO - Started process (PID=18701) to work on /home/airflow/.local/lib/python3.12/site-packages/airflow/example_dags/example_params_trigger_ui.py
[2026-07-29T18:14:30.379+0000] {processor.py:914} INFO - Processing file /home/airflow/.local/lib/python3.12/site-packages/airflow/example_dags/example_params_trigger_ui.py for tasks to queue
[2026-07-29T18:14:30.380+0000] {logging_mixin.py:190} INFO - [2026-07-29T18:14:30.380+0000] {dagbag.py:587} INFO - Filling up the DagBag from /home/airflow/.local/lib/python3.12/site-packages/airflow/example_dags/example_params_trigger_ui.py
[2026-07-29T18:14:30.386+0000] {processor.py:925} INFO - DAG(s) 'example_params_trigger_ui' retrieved from /home/airflow/.local/lib/python3.12/site-packages/airflow/example_dags/example_params_trigger_ui.py
[2026-07-29T18:14:30.405+0000] {logging_mixin.py:190} INFO - [2026-07-29T18:14:30.405+0000] {dag.py:3211} INFO - Sync 1 DAGs
[2026-07-29T18:14:30.412+0000] {logging_mixin.py:190} INFO - [2026-07-29T18:14:30.412+0000] {dag.py:4138} INFO - Setting next_dagrun for example_params_trigger_ui to None, run_after=None
[2026-07-29T18:14:30.426+0000] {processor.py:208} INFO - Processing /home/airflow/.local/lib/python3.12/site-packages/airflow/example_dags/example_params_trigger_ui.py took 0.050 seconds
[2026-07-29T18:15:01.339+0000] {processor.py:186} INFO - Started process (PID=18767) to work on /home/airflow/.local/lib/python3.12/site-packages/airflow/example_dags/example_params_trigger_ui.py
[2026-07-29T18:15:01.340+0000] {processor.py:914} INFO - Processing file /home/airflow/.local/lib/python3.12/site-packages/airflow/example_dags/example_params_trigger_ui.py for tasks to queue
[2026-07-29T18:15:01.341+0000] {logging_mixin.py:190} INFO - [2026-07-29T18:15:01.341+0000] {dagbag.py:587} INFO - Filling up the DagBag from /home/airflow/.local/lib/python3.12/site-packages/airflow/example_dags/example_params_trigger_ui.py
[2026-07-29T18:15:01.348+0000] {processor.py:925} INFO - DAG(s) 'example_params_trigger_ui' retrieved from /home/airflow/.local/lib/python3.12/site-packages/airflow/example_dags/example_params_trigger_ui.py
[2026-07-29T18:15:01.368+0000] {logging_mixin.py:190} INFO - [2026-07-29T18:15:01.368+0000] {dag.py:3211} INFO - Sync 1 DAGs
[2026-07-29T18:15:01.377+0000] {logging_mixin.py:190} INFO - [2026-07-29T18:15:01.377+0000] {dag.py:4138} INFO - Setting next_dagrun for example_params_trigger_ui to None, run_after=None
[2026-07-29T18:15:01.383+0000] {processor.py:208} INFO - Processing /home/airflow/.local/lib/python3.12/site-packages/airflow/example_dags/example_params_trigger_ui.py took 0.047 seconds
[2026-07-29T18:15:32.328+0000] {processor.py:186} INFO - Started process (PID=18833) to work on /home/airflow/.local/lib/python3.12/site-packages/airflow/example_dags/example_params_trigger_ui.py
[2026-07-29T18:15:32.328+0000] {processor.py:914} INFO - Processing file /home/airflow/.local/lib/python3.12/site-packages/airflow/example_dags/example_params_trigger_ui.py for tasks to queue
[2026-07-29T18:15:32.329+0000] {logging_mixin.py:190} INFO - [2026-07-29T18:15:32.329+0000] {dagbag.py:587} INFO - Filling up the DagBag from /home/airflow/.local/lib/python3.12/site-packages/airflow/example_dags/example_params_trigger_ui.py
[2026-07-29T18:15:32.334+0000] {processor.py:925} INFO - DAG(s) 'example_params_trigger_ui' retrieved from /home/airflow/.local/lib/python3.12/site-packages/airflow/example_dags/example_params_trigger_ui.py
[2026-07-29T18:15:32.349+0000] {logging_mixin.py:190} INFO - [2026-07-29T18:15:32.349+0000] {dag.py:3211} INFO - Sync 1 DAGs
[2026-07-29T18:15:32.355+0000] {logging_mixin.py:190} INFO - [2026-07-29T18:15:32.355+0000] {dag.py:4138} INFO - Setting next_dagrun for example_params_trigger_ui to None, run_after=None
[2026-07-29T18:15:32.362+0000] {processor.py:208} INFO - Processing /home/airflow/.local/lib/python3.12/site-packages/airflow/example_dags/example_params_trigger_ui.py took 0.037 seconds
[2026-07-29T18:16:03.253+0000] {processor.py:186} INFO - Started process (PID=18899) to work on /home/airflow/.local/lib/python3.12/site-packages/airflow/example_dags/example_params_trigger_ui.py
[2026-07-29T18:16:03.253+0000] {processor.py:914} INFO - Processing file /home/airflow/.local/lib/python3.12/site-packages/airflow/example_dags/example_params_trigger_ui.py for tasks to queue
[2026-07-29T18:16:03.254+0000] {logging_mixin.py:190} INFO - [2026-07-29T18:16:03.254+0000] {dagbag.py:587} INFO - Filling up the DagBag from /home/airflow/.local/lib/python3.12/site-packages/airflow/example_dags/example_params_trigger_ui.py
[2026-07-29T18:16:03.259+0000] {processor.py:925} INFO - DAG(s) 'example_params_trigger_ui' retrieved from /home/airflow/.local/lib/python3.12/site-packages/airflow/example_dags/example_params_trigger_ui.py
[2026-07-29T18:16:03.279+0000] {logging_mixin.py:190} INFO - [2026-07-29T18:16:03.279+0000] {dag.py:3211} INFO - Sync 1 DAGs
[2026-07-29T18:16:03.286+0000] {logging_mixin.py:190} INFO - [2026-07-29T18:16:03.286+0000] {dag.py:4138} INFO - Setting next_dagrun for example_params_trigger_ui to None, run_after=None
[2026-07-29T18:16:03.298+0000] {processor.py:208} INFO - Processing /home/airflow/.local/lib/python3.12/site-packages/airflow/example_dags/example_params_trigger_ui.py took 0.048 seconds
[2026-07-29T18:16:34.316+0000] {processor.py:186} INFO - Started process (PID=18965) to work on /home/airflow/.local/lib/python3.12/site-packages/airflow/example_dags/example_params_trigger_ui.py
[2026-07-29T18:16:34.317+0000] {processor.py:914} INFO - Processing file /home/airflow/.local/lib/python3.12/site-packages/airflow/example_dags/example_params_trigger_ui.py for tasks to queue
[2026-07-29T18:16:34.319+0000] {logging_mixin.py:190} INFO - [2026-07-29T18:16:34.319+0000] {dagbag.py:587} INFO - Filling up the DagBag from /home/airflow/.local/lib/python3.12/site-packages/airflow/example_dags/example_params_trigger_ui.py
[2026-07-29T18:16:34.326+0000] {processor.py:925} INFO - DAG(s) 'example_params_trigger_ui' retrieved from /home/airflow/.local/lib/python3.12/site-packages/airflow/example_dags/example_params_trigger_ui.py
[2026-07-29T18:16:34.343+0000] {logging_mixin.py:190} INFO - [2026-07-29T18:16:34.343+0000] {dag.py:3211} INFO - Sync 1 DAGs
[2026-07-29T18:16:34.349+0000] {logging_mixin.py:190} INFO - [2026-07-29T18:16:34.349+0000] {dag.py:4138} INFO - Setting next_dagrun for example_params_trigger_ui to None, run_after=None
[2026-07-29T18:16:34.362+0000] {processor.py:208} INFO - Processing /home/airflow/.local/lib/python3.12/site-packages/airflow/example_dags/example_params_trigger_ui.py took 0.049 seconds
[2026-07-29T18:17:05.335+0000] {processor.py:186} INFO - Started process (PID=19031) to work on /home/airflow/.local/lib/python3.12/site-packages/airflow/example_dags/example_params_trigger_ui.py
[2026-07-29T18:17:05.335+0000] {processor.py:914} INFO - Processing file /home/airflow/.local/lib/python3.12/site-packages/airflow/example_dags/example_params_trigger_ui.py for tasks to queue
[2026-07-29T18:17:05.337+0000] {logging_mixin.py:190} INFO - [2026-07-29T18:17:05.337+0000] {dagbag.py:587} INFO - Filling up the DagBag from /home/airflow/.local/lib/python3.12/site-packages/airflow/example_dags/example_params_trigger_ui.py
[2026-07-29T18:17:05.342+0000] {processor.py:925} INFO - DAG(s) 'example_params_trigger_ui' retrieved from /home/airflow/.local/lib/python3.12/site-packages/airflow/example_dags/example_params_trigger_ui.py
[2026-07-29T18:17:05.361+0000] {logging_mixin.py:190} INFO - [2026-07-29T18:17:05.360+0000] {dag.py:3211} INFO - Sync 1 DAGs
[2026-07-29T18:17:05.367+0000] {logging_mixin.py:190} INFO - [2026-07-29T18:17:05.367+0000] {dag.py:4138} INFO - Setting next_dagrun for example_params_trigger_ui to None, run_after=None
[2026-07-29T18:17:05.380+0000] {processor.py:208} INFO - Processing /home/airflow/.local/lib/python3.12/site-packages/airflow/example_dags/example_params_trigger_ui.py took 0.048 seconds
[2026-07-29T18:17:36.266+0000] {processor.py:186} INFO - Started process (PID=19097) to work on /home/airflow/.local/lib/python3.12/site-packages/airflow/example_dags/example_params_trigger_ui.py
[2026-07-29T18:17:36.267+0000] {processor.py:914} INFO - Processing file /home/airflow/.local/lib/python3.12/site-packages/airflow/example_dags/example_params_trigger_ui.py for tasks to queue
[2026-07-29T18:17:36.268+0000] {logging_mixin.py:190} INFO - [2026-07-29T18:17:36.268+0000] {dagbag.py:587} INFO - Filling up the DagBag from /home/airflow/.local/lib/python3.12/site-packages/airflow/example_dags/example_params_trigger_ui.py
[2026-07-29T18:17:36.273+0000] {processor.py:925} INFO - DAG(s) 'example_params_trigger_ui' retrieved from /home/airflow/.local/lib/python3.12/site-packages/airflow/example_dags/example_params_trigger_ui.py
[2026-07-29T18:17:36.291+0000] {logging_mixin.py:190} INFO - [2026-07-29T18:17:36.291+0000] {dag.py:3211} INFO - Sync 1 DAGs
[2026-07-29T18:17:36.299+0000] {logging_mixin.py:190} INFO - [2026-07-29T18:17:36.298+0000] {dag.py:4138} INFO - Setting next_dagrun for example_params_trigger_ui to None, run_after=None
[2026-07-29T18:17:36.310+0000] {processor.py:208} INFO - Processing /home/airflow/.local/lib/python3.12/site-packages/airflow/example_dags/example_params_trigger_ui.py took 0.047 seconds
[2026-07-29T18:18:07.186+0000] {processor.py:186} INFO - Started process (PID=19163) to work on /home/airflow/.local/lib/python3.12/site-packages/airflow/example_dags/example_params_trigger_ui.py
[2026-07-29T18:18:07.187+0000] {processor.py:914} INFO - Processing file /home/airflow/.local/lib/python3.12/site-packages/airflow/example_dags/example_params_trigger_ui.py for tasks to queue
[2026-07-29T18:18:07.188+0000] {logging_mixin.py:190} INFO - [2026-07-29T18:18:07.188+0000] {dagbag.py:587} INFO - Filling up the DagBag from /home/airflow/.local/lib/python3.12/site-packages/airflow/example_dags/example_params_trigger_ui.py
[2026-07-29T18:18:07.193+0000] {processor.py:925} INFO - DAG(s) 'example_params_trigger_ui' retrieved from /home/airflow/.local/lib/python3.12/site-packages/airflow/example_dags/example_params_trigger_ui.py
[2026-07-29T18:18:07.210+0000] {logging_mixin.py:190} INFO - [2026-07-29T18:18:07.210+0000] {dag.py:3211} INFO - Sync 1 DAGs
[2026-07-29T18:18:07.216+0000] {logging_mixin.py:190} INFO - [2026-07-29T18:18:07.216+0000] {dag.py:4138} INFO - Setting next_dagrun for example_params_trigger_ui to None, run_after=None
[2026-07-29T18:18:07.229+0000] {processor.py:208} INFO - Processing /home/airflow/.local/lib/python3.12/site-packages/airflow/example_dags/example_params_trigger_ui.py took 0.046 seconds
[2026-07-29T18:18:38.066+0000] {processor.py:186} INFO - Started process (PID=19229) to work on /home/airflow/.local/lib/python3.12/site-packages/airflow/example_dags/example_params_trigger_ui.py
[2026-07-29T18:18:38.067+0000] {processor.py:914} INFO - Processing file /home/airflow/.local/lib/python3.12/site-packages/airflow/example_dags/example_params_trigger_ui.py for tasks to queue
[2026-07-29T18:18:38.068+0000] {logging_mixin.py:190} INFO - [2026-07-29T18:18:38.068+0000] {dagbag.py:587} INFO - Filling up the DagBag from /home/airflow/.local/lib/python3.12/site-packages/airflow/example_dags/example_params_trigger_ui.py
[2026-07-29T18:18:38.073+0000] {processor.py:925} INFO - DAG(s) 'example_params_trigger_ui' retrieved from /home/airflow/.local/lib/python3.12/site-packages/airflow/example_dags/example_params_trigger_ui.py
[2026-07-29T18:18:38.094+0000] {logging_mixin.py:190} INFO - [2026-07-29T18:18:38.093+0000] {dag.py:3211} INFO - Sync 1 DAGs
[2026-07-29T18:18:38.100+0000] {logging_mixin.py:190} INFO - [2026-07-29T18:18:38.100+0000] {dag.py:4138} INFO - Setting next_dagrun for example_params_trigger_ui to None, run_after=None
[2026-07-29T18:18:38.111+0000] {processor.py:208} INFO - Processing /home/airflow/.local/lib/python3.12/site-packages/airflow/example_dags/example_params_trigger_ui.py took 0.047 seconds
[2026-07-29T18:19:08.434+0000] {processor.py:186} INFO - Started process (PID=19295) to work on /home/airflow/.local/lib/python3.12/site-packages/airflow/example_dags/example_params_trigger_ui.py
[2026-07-29T18:19:08.436+0000] {processor.py:914} INFO - Processing file /home/airflow/.local/lib/python3.12/site-packages/airflow/example_dags/example_params_trigger_ui.py for tasks to queue
[2026-07-29T18:19:08.438+0000] {logging_mixin.py:190} INFO - [2026-07-29T18:19:08.437+0000] {dagbag.py:587} INFO - Filling up the DagBag from /home/airflow/.local/lib/python3.12/site-packages/airflow/example_dags/example_params_trigger_ui.py
[2026-07-29T18:19:08.442+0000] {processor.py:925} INFO - DAG(s) 'example_params_trigger_ui' retrieved from /home/airflow/.local/lib/python3.12/site-packages/airflow/example_dags/example_params_trigger_ui.py
[2026-07-29T18:19:08.461+0000] {logging_mixin.py:190} INFO - [2026-07-29T18:19:08.461+0000] {dag.py:3211} INFO - Sync 1 DAGs
[2026-07-29T18:19:08.466+0000] {logging_mixin.py:190} INFO - [2026-07-29T18:19:08.466+0000] {dag.py:4138} INFO - Setting next_dagrun for example_params_trigger_ui to None, run_after=None
[2026-07-29T18:19:08.475+0000] {processor.py:208} INFO - Processing /home/airflow/.local/lib/python3.12/site-packages/airflow/example_dags/example_params_trigger_ui.py took 0.043 seconds
[2026-07-29T18:19:39.376+0000] {processor.py:186} INFO - Started process (PID=19361) to work on /home/airflow/.local/lib/python3.12/site-packages/airflow/example_dags/example_params_trigger_ui.py
[2026-07-29T18:19:39.378+0000] {processor.py:914} INFO - Processing file /home/airflow/.local/lib/python3.12/site-packages/airflow/example_dags/example_params_trigger_ui.py for tasks to queue
[2026-07-29T18:19:39.379+0000] {logging_mixin.py:190} INFO - [2026-07-29T18:19:39.379+0000] {dagbag.py:587} INFO - Filling up the DagBag from /home/airflow/.local/lib/python3.12/site-packages/airflow/example_dags/example_params_trigger_ui.py
[2026-07-29T18:19:39.383+0000] {processor.py:925} INFO - DAG(s) 'example_params_trigger_ui' retrieved from /home/airflow/.local/lib/python3.12/site-packages/airflow/example_dags/example_params_trigger_ui.py
[2026-07-29T18:19:39.402+0000] {logging_mixin.py:190} INFO - [2026-07-29T18:19:39.402+0000] {dag.py:3211} INFO - Sync 1 DAGs
[2026-07-29T18:19:39.408+0000] {logging_mixin.py:190} INFO - [2026-07-29T18:19:39.408+0000] {dag.py:4138} INFO - Setting next_dagrun for example_params_trigger_ui to None, run_after=None
[2026-07-29T18:19:39.417+0000] {processor.py:208} INFO - Processing /home/airflow/.local/lib/python3.12/site-packages/airflow/example_dags/example_params_trigger_ui.py took 0.043 seconds
[2026-07-29T18:20:10.335+0000] {processor.py:186} INFO - Started process (PID=19427) to work on /home/airflow/.local/lib/python3.12/site-packages/airflow/example_dags/example_params_trigger_ui.py
[2026-07-29T18:20:10.336+0000] {processor.py:914} INFO - Processing file /home/airflow/.local/lib/python3.12/site-packages/airflow/example_dags/example_params_trigger_ui.py for tasks to queue
[2026-07-29T18:20:10.337+0000] {logging_mixin.py:190} INFO - [2026-07-29T18:20:10.337+0000] {dagbag.py:587} INFO - Filling up the DagBag from /home/airflow/.local/lib/python3.12/site-packages/airflow/example_dags/example_params_trigger_ui.py
[2026-07-29T18:20:10.341+0000] {processor.py:925} INFO - DAG(s) 'example_params_trigger_ui' retrieved from /home/airflow/.local/lib/python3.12/site-packages/airflow/example_dags/example_params_trigger_ui.py
[2026-07-29T18:20:10.355+0000] {logging_mixin.py:190} INFO - [2026-07-29T18:20:10.355+0000] {dag.py:3211} INFO - Sync 1 DAGs
[2026-07-29T18:20:10.360+0000] {logging_mixin.py:190} INFO - [2026-07-29T18:20:10.360+0000] {dag.py:4138} INFO - Setting next_dagrun for example_params_trigger_ui to None, run_after=None
[2026-07-29T18:20:10.365+0000] {processor.py:208} INFO - Processing /home/airflow/.local/lib/python3.12/site-packages/airflow/example_dags/example_params_trigger_ui.py took 0.032 seconds
[2026-07-29T18:20:41.199+0000] {processor.py:186} INFO - Started process (PID=19493) to work on /home/airflow/.local/lib/python3.12/site-packages/airflow/example_dags/example_params_trigger_ui.py
[2026-07-29T18:20:41.199+0000] {processor.py:914} INFO - Processing file /home/airflow/.local/lib/python3.12/site-packages/airflow/example_dags/example_params_trigger_ui.py for tasks to queue
[2026-07-29T18:20:41.200+0000] {logging_mixin.py:190} INFO - [2026-07-29T18:20:41.200+0000] {dagbag.py:587} INFO - Filling up the DagBag from /home/airflow/.local/lib/python3.12/site-packages/airflow/example_dags/example_params_trigger_ui.py
[2026-07-29T18:20:41.205+0000] {processor.py:925} INFO - DAG(s) 'example_params_trigger_ui' retrieved from /home/airflow/.local/lib/python3.12/site-packages/airflow/example_dags/example_params_trigger_ui.py
[2026-07-29T18:20:41.219+0000] {logging_mixin.py:190} INFO - [2026-07-29T18:20:41.218+0000] {dag.py:3211} INFO - Sync 1 DAGs
[2026-07-29T18:20:41.223+0000] {logging_mixin.py:190} INFO - [2026-07-29T18:20:41.223+0000] {dag.py:4138} INFO - Setting next_dagrun for example_params_trigger_ui to None, run_after=None
[2026-07-29T18:20:41.229+0000] {processor.py:208} INFO - Processing /home/airflow/.local/lib/python3.12/site-packages/airflow/example_dags/example_params_trigger_ui.py took 0.032 seconds
[2026-07-29T18:21:12.120+0000] {processor.py:186} INFO - Started process (PID=19559) to work on /home/airflow/.local/lib/python3.12/site-packages/airflow/example_dags/example_params_trigger_ui.py
[2026-07-29T18:21:12.121+0000] {processor.py:914} INFO - Processing file /home/airflow/.local/lib/python3.12/site-packages/airflow/example_dags/example_params_trigger_ui.py for tasks to queue
[2026-07-29T18:21:12.122+0000] {logging_mixin.py:190} INFO - [2026-07-29T18:21:12.121+0000] {dagbag.py:587} INFO - Filling up the DagBag from /home/airflow/.local/lib/python3.12/site-packages/airflow/example_dags/example_params_trigger_ui.py
[2026-07-29T18:21:12.126+0000] {processor.py:925} INFO - DAG(s) 'example_params_trigger_ui' retrieved from /home/airflow/.local/lib/python3.12/site-packages/airflow/example_dags/example_params_trigger_ui.py
[2026-07-29T18:21:12.139+0000] {logging_mixin.py:190} INFO - [2026-07-29T18:21:12.139+0000] {dag.py:3211} INFO - Sync 1 DAGs
[2026-07-29T18:21:12.144+0000] {logging_mixin.py:190} INFO - [2026-07-29T18:21:12.144+0000] {dag.py:4138} INFO - Setting next_dagrun for example_params_trigger_ui to None, run_after=None
[2026-07-29T18:21:12.149+0000] {processor.py:208} INFO - Processing /home/airflow/.local/lib/python3.12/site-packages/airflow/example_dags/example_params_trigger_ui.py took 0.031 seconds
[2026-07-29T18:21:43.029+0000] {processor.py:186} INFO - Started process (PID=19625) to work on /home/airflow/.local/lib/python3.12/site-packages/airflow/example_dags/example_params_trigger_ui.py
[2026-07-29T18:21:43.030+0000] {processor.py:914} INFO - Processing file /home/airflow/.local/lib/python3.12/site-packages/airflow/example_dags/example_params_trigger_ui.py for tasks to queue
[2026-07-29T18:21:43.031+0000] {logging_mixin.py:190} INFO - [2026-07-29T18:21:43.031+0000] {dagbag.py:587} INFO - Filling up the DagBag from /home/airflow/.local/lib/python3.12/site-packages/airflow/example_dags/example_params_trigger_ui.py
[2026-07-29T18:21:43.037+0000] {processor.py:925} INFO - DAG(s) 'example_params_trigger_ui' retrieved from /home/airflow/.local/lib/python3.12/site-packages/airflow/example_dags/example_params_trigger_ui.py
[2026-07-29T18:21:43.054+0000] {logging_mixin.py:190} INFO - [2026-07-29T18:21:43.054+0000] {dag.py:3211} INFO - Sync 1 DAGs
[2026-07-29T18:21:43.061+0000] {logging_mixin.py:190} INFO - [2026-07-29T18:21:43.061+0000] {dag.py:4138} INFO - Setting next_dagrun for example_params_trigger_ui to None, run_after=None
[2026-07-29T18:21:43.073+0000] {processor.py:208} INFO - Processing /home/airflow/.local/lib/python3.12/site-packages/airflow/example_dags/example_params_trigger_ui.py took 0.046 seconds
[2026-07-29T18:22:14.130+0000] {processor.py:186} INFO - Started process (PID=19691) to work on /home/airflow/.local/lib/python3.12/site-packages/airflow/example_dags/example_params_trigger_ui.py
[2026-07-29T18:22:14.130+0000] {processor.py:914} INFO - Processing file /home/airflow/.local/lib/python3.12/site-packages/airflow/example_dags/example_params_trigger_ui.py for tasks to queue
[2026-07-29T18:22:14.132+0000] {logging_mixin.py:190} INFO - [2026-07-29T18:22:14.132+0000] {dagbag.py:587} INFO - Filling up the DagBag from /home/airflow/.local/lib/python3.12/site-packages/airflow/example_dags/example_params_trigger_ui.py
[2026-07-29T18:22:14.137+0000] {processor.py:925} INFO - DAG(s) 'example_params_trigger_ui' retrieved from /home/airflow/.local/lib/python3.12/site-packages/airflow/example_dags/example_params_trigger_ui.py
[2026-07-29T18:22:14.157+0000] {logging_mixin.py:190} INFO - [2026-07-29T18:22:14.156+0000] {dag.py:3211} INFO - Sync 1 DAGs
[2026-07-29T18:22:14.165+0000] {logging_mixin.py:190} INFO - [2026-07-29T18:22:14.165+0000] {dag.py:4138} INFO - Setting next_dagrun for example_params_trigger_ui to None, run_after=None
[2026-07-29T18:22:14.177+0000] {processor.py:208} INFO - Processing /home/airflow/.local/lib/python3.12/site-packages/airflow/example_dags/example_params_trigger_ui.py took 0.051 seconds
[2026-07-29T18:22:44.206+0000] {processor.py:186} INFO - Started process (PID=19757) to work on /home/airflow/.local/lib/python3.12/site-packages/airflow/example_dags/example_params_trigger_ui.py
[2026-07-29T18:22:44.206+0000] {processor.py:914} INFO - Processing file /home/airflow/.local/lib/python3.12/site-packages/airflow/example_dags/example_params_trigger_ui.py for tasks to queue
[2026-07-29T18:22:44.207+0000] {logging_mixin.py:190} INFO - [2026-07-29T18:22:44.207+0000] {dagbag.py:587} INFO - Filling up the DagBag from /home/airflow/.local/lib/python3.12/site-packages/airflow/example_dags/example_params_trigger_ui.py
[2026-07-29T18:22:44.213+0000] {processor.py:925} INFO - DAG(s) 'example_params_trigger_ui' retrieved from /home/airflow/.local/lib/python3.12/site-packages/airflow/example_dags/example_params_trigger_ui.py
[2026-07-29T18:22:44.236+0000] {logging_mixin.py:190} INFO - [2026-07-29T18:22:44.236+0000] {dag.py:3211} INFO - Sync 1 DAGs
[2026-07-29T18:22:44.246+0000] {logging_mixin.py:190} INFO - [2026-07-29T18:22:44.246+0000] {dag.py:4138} INFO - Setting next_dagrun for example_params_trigger_ui to None, run_after=None
[2026-07-29T18:22:44.259+0000] {processor.py:208} INFO - Processing /home/airflow/.local/lib/python3.12/site-packages/airflow/example_dags/example_params_trigger_ui.py took 0.056 seconds
[2026-07-29T18:23:14.334+0000] {processor.py:186} INFO - Started process (PID=19823) to work on /home/airflow/.local/lib/python3.12/site-packages/airflow/example_dags/example_params_trigger_ui.py
[2026-07-29T18:23:14.334+0000] {processor.py:914} INFO - Processing file /home/airflow/.local/lib/python3.12/site-packages/airflow/example_dags/example_params_trigger_ui.py for tasks to queue
[2026-07-29T18:23:14.335+0000] {logging_mixin.py:190} INFO - [2026-07-29T18:23:14.335+0000] {dagbag.py:587} INFO - Filling up the DagBag from /home/airflow/.local/lib/python3.12/site-packages/airflow/example_dags/example_params_trigger_ui.py
[2026-07-29T18:23:14.340+0000] {processor.py:925} INFO - DAG(s) 'example_params_trigger_ui' retrieved from /home/airflow/.local/lib/python3.12/site-packages/airflow/example_dags/example_params_trigger_ui.py
[2026-07-29T18:23:14.359+0000] {logging_mixin.py:190} INFO - [2026-07-29T18:23:14.358+0000] {dag.py:3211} INFO - Sync 1 DAGs
[2026-07-29T18:23:14.366+0000] {logging_mixin.py:190} INFO - [2026-07-29T18:23:14.366+0000] {dag.py:4138} INFO - Setting next_dagrun for example_params_trigger_ui to None, run_after=None
[2026-07-29T18:23:14.375+0000] {processor.py:208} INFO - Processing /home/airflow/.local/lib/python3.12/site-packages/airflow/example_dags/example_params_trigger_ui.py took 0.045 seconds
[2026-07-29T18:23:44.409+0000] {processor.py:186} INFO - Started process (PID=19889) to work on /home/airflow/.local/lib/python3.12/site-packages/airflow/example_dags/example_params_trigger_ui.py
[2026-07-29T18:23:44.410+0000] {processor.py:914} INFO - Processing file /home/airflow/.local/lib/python3.12/site-packages/airflow/example_dags/example_params_trigger_ui.py for tasks to queue
[2026-07-29T18:23:44.411+0000] {logging_mixin.py:190} INFO - [2026-07-29T18:23:44.411+0000] {dagbag.py:587} INFO - Filling up the DagBag from /home/airflow/.local/lib/python3.12/site-packages/airflow/example_dags/example_params_trigger_ui.py
[2026-07-29T18:23:44.417+0000] {processor.py:925} INFO - DAG(s) 'example_params_trigger_ui' retrieved from /home/airflow/.local/lib/python3.12/site-packages/airflow/example_dags/example_params_trigger_ui.py
[2026-07-29T18:23:44.436+0000] {logging_mixin.py:190} INFO - [2026-07-29T18:23:44.436+0000] {dag.py:3211} INFO - Sync 1 DAGs
[2026-07-29T18:23:44.442+0000] {logging_mixin.py:190} INFO - [2026-07-29T18:23:44.442+0000] {dag.py:4138} INFO - Setting next_dagrun for example_params_trigger_ui to None, run_after=None
[2026-07-29T18:23:44.448+0000] {processor.py:208} INFO - Processing /home/airflow/.local/lib/python3.12/site-packages/airflow/example_dags/example_params_trigger_ui.py took 0.041 seconds
[2026-07-29T18:24:15.165+0000] {processor.py:186} INFO - Started process (PID=19955) to work on /home/airflow/.local/lib/python3.12/site-packages/airflow/example_dags/example_params_trigger_ui.py
[2026-07-29T18:24:15.165+0000] {processor.py:914} INFO - Processing file /home/airflow/.local/lib/python3.12/site-packages/airflow/example_dags/example_params_trigger_ui.py for tasks to queue
[2026-07-29T18:24:15.166+0000] {logging_mixin.py:190} INFO - [2026-07-29T18:24:15.166+0000] {dagbag.py:587} INFO - Filling up the DagBag from /home/airflow/.local/lib/python3.12/site-packages/airflow/example_dags/example_params_trigger_ui.py
[2026-07-29T18:24:15.171+0000] {processor.py:925} INFO - DAG(s) 'example_params_trigger_ui' retrieved from /home/airflow/.local/lib/python3.12/site-packages/airflow/example_dags/example_params_trigger_ui.py
[2026-07-29T18:24:15.185+0000] {logging_mixin.py:190} INFO - [2026-07-29T18:24:15.185+0000] {dag.py:3211} INFO - Sync 1 DAGs
[2026-07-29T18:24:15.189+0000] {logging_mixin.py:190} INFO - [2026-07-29T18:24:15.189+0000] {dag.py:4138} INFO - Setting next_dagrun for example_params_trigger_ui to None, run_after=None
[2026-07-29T18:24:15.195+0000] {processor.py:208} INFO - Processing /home/airflow/.local/lib/python3.12/site-packages/airflow/example_dags/example_params_trigger_ui.py took 0.032 seconds
[2026-07-29T18:24:45.334+0000] {processor.py:186} INFO - Started process (PID=20020) to work on /home/airflow/.local/lib/python3.12/site-packages/airflow/example_dags/example_params_trigger_ui.py
[2026-07-29T18:24:45.336+0000] {processor.py:914} INFO - Processing file /home/airflow/.local/lib/python3.12/site-packages/airflow/example_dags/example_params_trigger_ui.py for tasks to queue
[2026-07-29T18:24:45.338+0000] {logging_mixin.py:190} INFO - [2026-07-29T18:24:45.337+0000] {dagbag.py:587} INFO - Filling up the DagBag from /home/airflow/.local/lib/python3.12/site-packages/airflow/example_dags/example_params_trigger_ui.py
[2026-07-29T18:24:45.344+0000] {processor.py:925} INFO - DAG(s) 'example_params_trigger_ui' retrieved from /home/airflow/.local/lib/python3.12/site-packages/airflow/example_dags/example_params_trigger_ui.py
[2026-07-29T18:24:45.361+0000] {logging_mixin.py:190} INFO - [2026-07-29T18:24:45.361+0000] {dag.py:3211} INFO - Sync 1 DAGs
[2026-07-29T18:24:45.366+0000] {logging_mixin.py:190} INFO - [2026-07-29T18:24:45.366+0000] {dag.py:4138} INFO - Setting next_dagrun for example_params_trigger_ui to None, run_after=None
[2026-07-29T18:24:45.375+0000] {processor.py:208} INFO - Processing /home/airflow/.local/lib/python3.12/site-packages/airflow/example_dags/example_params_trigger_ui.py took 0.044 seconds
[2026-07-29T18:25:15.553+0000] {processor.py:186} INFO - Started process (PID=20086) to work on /home/airflow/.local/lib/python3.12/site-packages/airflow/example_dags/example_params_trigger_ui.py
[2026-07-29T18:25:15.553+0000] {processor.py:914} INFO - Processing file /home/airflow/.local/lib/python3.12/site-packages/airflow/example_dags/example_params_trigger_ui.py for tasks to queue
[2026-07-29T18:25:15.554+0000] {logging_mixin.py:190} INFO - [2026-07-29T18:25:15.554+0000] {dagbag.py:587} INFO - Filling up the DagBag from /home/airflow/.local/lib/python3.12/site-packages/airflow/example_dags/example_params_trigger_ui.py
[2026-07-29T18:25:15.559+0000] {processor.py:925} INFO - DAG(s) 'example_params_trigger_ui' retrieved from /home/airflow/.local/lib/python3.12/site-packages/airflow/example_dags/example_params_trigger_ui.py
[2026-07-29T18:25:15.578+0000] {logging_mixin.py:190} INFO - [2026-07-29T18:25:15.577+0000] {dag.py:3211} INFO - Sync 1 DAGs
[2026-07-29T18:25:15.584+0000] {logging_mixin.py:190} INFO - [2026-07-29T18:25:15.584+0000] {dag.py:4138} INFO - Setting next_dagrun for example_params_trigger_ui to None, run_after=None
[2026-07-29T18:25:15.597+0000] {processor.py:208} INFO - Processing /home/airflow/.local/lib/python3.12/site-packages/airflow/example_dags/example_params_trigger_ui.py took 0.047 seconds
[2026-07-29T18:25:46.084+0000] {processor.py:186} INFO - Started process (PID=20152) to work on /home/airflow/.local/lib/python3.12/site-packages/airflow/example_dags/example_params_trigger_ui.py
[2026-07-29T18:25:46.084+0000] {processor.py:914} INFO - Processing file /home/airflow/.local/lib/python3.12/site-packages/airflow/example_dags/example_params_trigger_ui.py for tasks to queue
[2026-07-29T18:25:46.086+0000] {logging_mixin.py:190} INFO - [2026-07-29T18:25:46.085+0000] {dagbag.py:587} INFO - Filling up the DagBag from /home/airflow/.local/lib/python3.12/site-packages/airflow/example_dags/example_params_trigger_ui.py
[2026-07-29T18:25:46.090+0000] {processor.py:925} INFO - DAG(s) 'example_params_trigger_ui' retrieved from /home/airflow/.local/lib/python3.12/site-packages/airflow/example_dags/example_params_trigger_ui.py
[2026-07-29T18:25:46.107+0000] {logging_mixin.py:190} INFO - [2026-07-29T18:25:46.107+0000] {dag.py:3211} INFO - Sync 1 DAGs
[2026-07-29T18:25:46.117+0000] {logging_mixin.py:190} INFO - [2026-07-29T18:25:46.117+0000] {dag.py:4138} INFO - Setting next_dagrun for example_params_trigger_ui to None, run_after=None
[2026-07-29T18:25:46.131+0000] {processor.py:208} INFO - Processing /home/airflow/.local/lib/python3.12/site-packages/airflow/example_dags/example_params_trigger_ui.py took 0.050 seconds
[2026-07-29T18:26:16.266+0000] {processor.py:186} INFO - Started process (PID=20218) to work on /home/airflow/.local/lib/python3.12/site-packages/airflow/example_dags/example_params_trigger_ui.py
[2026-07-29T18:26:16.266+0000] {processor.py:914} INFO - Processing file /home/airflow/.local/lib/python3.12/site-packages/airflow/example_dags/example_params_trigger_ui.py for tasks to queue
[2026-07-29T18:26:16.268+0000] {logging_mixin.py:190} INFO - [2026-07-29T18:26:16.268+0000] {dagbag.py:587} INFO - Filling up the DagBag from /home/airflow/.local/lib/python3.12/site-packages/airflow/example_dags/example_params_trigger_ui.py
[2026-07-29T18:26:16.273+0000] {processor.py:925} INFO - DAG(s) 'example_params_trigger_ui' retrieved from /home/airflow/.local/lib/python3.12/site-packages/airflow/example_dags/example_params_trigger_ui.py
[2026-07-29T18:26:16.287+0000] {logging_mixin.py:190} INFO - [2026-07-29T18:26:16.287+0000] {dag.py:3211} INFO - Sync 1 DAGs
[2026-07-29T18:26:16.292+0000] {logging_mixin.py:190} INFO - [2026-07-29T18:26:16.292+0000] {dag.py:4138} INFO - Setting next_dagrun for example_params_trigger_ui to None, run_after=None
[2026-07-29T18:26:16.300+0000] {processor.py:208} INFO - Processing /home/airflow/.local/lib/python3.12/site-packages/airflow/example_dags/example_params_trigger_ui.py took 0.037 seconds
[2026-07-29T18:26:46.642+0000] {processor.py:186} INFO - Started process (PID=20284) to work on /home/airflow/.local/lib/python3.12/site-packages/airflow/example_dags/example_params_trigger_ui.py
[2026-07-29T18:26:46.642+0000] {processor.py:914} INFO - Processing file /home/airflow/.local/lib/python3.12/site-packages/airflow/example_dags/example_params_trigger_ui.py for tasks to queue
[2026-07-29T18:26:46.644+0000] {logging_mixin.py:190} INFO - [2026-07-29T18:26:46.643+0000] {dagbag.py:587} INFO - Filling up the DagBag from /home/airflow/.local/lib/python3.12/site-packages/airflow/example_dags/example_params_trigger_ui.py
[2026-07-29T18:26:46.648+0000] {processor.py:925} INFO - DAG(s) 'example_params_trigger_ui' retrieved from /home/airflow/.local/lib/python3.12/site-packages/airflow/example_dags/example_params_trigger_ui.py
[2026-07-29T18:26:46.664+0000] {logging_mixin.py:190} INFO - [2026-07-29T18:26:46.664+0000] {dag.py:3211} INFO - Sync 1 DAGs
[2026-07-29T18:26:46.669+0000] {logging_mixin.py:190} INFO - [2026-07-29T18:26:46.669+0000] {dag.py:4138} INFO - Setting next_dagrun for example_params_trigger_ui to None, run_after=None
[2026-07-29T18:26:46.675+0000] {processor.py:208} INFO - Processing /home/airflow/.local/lib/python3.12/site-packages/airflow/example_dags/example_params_trigger_ui.py took 0.035 seconds
[2026-07-29T18:27:16.825+0000] {processor.py:186} INFO - Started process (PID=20350) to work on /home/airflow/.local/lib/python3.12/site-packages/airflow/example_dags/example_params_trigger_ui.py
[2026-07-29T18:27:16.826+0000] {processor.py:914} INFO - Processing file /home/airflow/.local/lib/python3.12/site-packages/airflow/example_dags/example_params_trigger_ui.py for tasks to queue
[2026-07-29T18:27:16.827+0000] {logging_mixin.py:190} INFO - [2026-07-29T18:27:16.827+0000] {dagbag.py:587} INFO - Filling up the DagBag from /home/airflow/.local/lib/python3.12/site-packages/airflow/example_dags/example_params_trigger_ui.py
[2026-07-29T18:27:16.832+0000] {processor.py:925} INFO - DAG(s) 'example_params_trigger_ui' retrieved from /home/airflow/.local/lib/python3.12/site-packages/airflow/example_dags/example_params_trigger_ui.py
[2026-07-29T18:27:16.850+0000] {logging_mixin.py:190} INFO - [2026-07-29T18:27:16.850+0000] {dag.py:3211} INFO - Sync 1 DAGs
[2026-07-29T18:27:16.856+0000] {logging_mixin.py:190} INFO - [2026-07-29T18:27:16.856+0000] {dag.py:4138} INFO - Setting next_dagrun for example_params_trigger_ui to None, run_after=None
[2026-07-29T18:27:16.866+0000] {processor.py:208} INFO - Processing /home/airflow/.local/lib/python3.12/site-packages/airflow/example_dags/example_params_trigger_ui.py took 0.043 seconds
[2026-07-29T18:27:47.175+0000] {processor.py:186} INFO - Started process (PID=20416) to work on /home/airflow/.local/lib/python3.12/site-packages/airflow/example_dags/example_params_trigger_ui.py
[2026-07-29T18:27:47.176+0000] {processor.py:914} INFO - Processing file /home/airflow/.local/lib/python3.12/site-packages/airflow/example_dags/example_params_trigger_ui.py for tasks to queue
[2026-07-29T18:27:47.180+0000] {logging_mixin.py:190} INFO - [2026-07-29T18:27:47.179+0000] {dagbag.py:587} INFO - Filling up the DagBag from /home/airflow/.local/lib/python3.12/site-packages/airflow/example_dags/example_params_trigger_ui.py
[2026-07-29T18:27:47.189+0000] {processor.py:925} INFO - DAG(s) 'example_params_trigger_ui' retrieved from /home/airflow/.local/lib/python3.12/site-packages/airflow/example_dags/example_params_trigger_ui.py
[2026-07-29T18:27:47.211+0000] {logging_mixin.py:190} INFO - [2026-07-29T18:27:47.211+0000] {dag.py:3211} INFO - Sync 1 DAGs
[2026-07-29T18:27:47.217+0000] {logging_mixin.py:190} INFO - [2026-07-29T18:27:47.217+0000] {dag.py:4138} INFO - Setting next_dagrun for example_params_trigger_ui to None, run_after=None
[2026-07-29T18:27:47.225+0000] {processor.py:208} INFO - Processing /home/airflow/.local/lib/python3.12/site-packages/airflow/example_dags/example_params_trigger_ui.py took 0.053 seconds
[2026-07-29T18:28:17.474+0000] {processor.py:186} INFO - Started process (PID=20482) to work on /home/airflow/.local/lib/python3.12/site-packages/airflow/example_dags/example_params_trigger_ui.py
[2026-07-29T18:28:17.474+0000] {processor.py:914} INFO - Processing file /home/airflow/.local/lib/python3.12/site-packages/airflow/example_dags/example_params_trigger_ui.py for tasks to queue
[2026-07-29T18:28:17.476+0000] {logging_mixin.py:190} INFO - [2026-07-29T18:28:17.476+0000] {dagbag.py:587} INFO - Filling up the DagBag from /home/airflow/.local/lib/python3.12/site-packages/airflow/example_dags/example_params_trigger_ui.py
[2026-07-29T18:28:17.481+0000] {processor.py:925} INFO - DAG(s) 'example_params_trigger_ui' retrieved from /home/airflow/.local/lib/python3.12/site-packages/airflow/example_dags/example_params_trigger_ui.py
[2026-07-29T18:28:17.502+0000] {logging_mixin.py:190} INFO - [2026-07-29T18:28:17.502+0000] {dag.py:3211} INFO - Sync 1 DAGs
[2026-07-29T18:28:17.512+0000] {logging_mixin.py:190} INFO - [2026-07-29T18:28:17.512+0000] {dag.py:4138} INFO - Setting next_dagrun for example_params_trigger_ui to None, run_after=None
[2026-07-29T18:28:17.527+0000] {processor.py:208} INFO - Processing /home/airflow/.local/lib/python3.12/site-packages/airflow/example_dags/example_params_trigger_ui.py took 0.056 seconds
[2026-07-29T18:28:47.802+0000] {processor.py:186} INFO - Started process (PID=20548) to work on /home/airflow/.local/lib/python3.12/site-packages/airflow/example_dags/example_params_trigger_ui.py
[2026-07-29T18:28:47.802+0000] {processor.py:914} INFO - Processing file /home/airflow/.local/lib/python3.12/site-packages/airflow/example_dags/example_params_trigger_ui.py for tasks to queue
[2026-07-29T18:28:47.804+0000] {logging_mixin.py:190} INFO - [2026-07-29T18:28:47.804+0000] {dagbag.py:587} INFO - Filling up the DagBag from /home/airflow/.local/lib/python3.12/site-packages/airflow/example_dags/example_params_trigger_ui.py
[2026-07-29T18:28:47.808+0000] {processor.py:925} INFO - DAG(s) 'example_params_trigger_ui' retrieved from /home/airflow/.local/lib/python3.12/site-packages/airflow/example_dags/example_params_trigger_ui.py
[2026-07-29T18:28:47.823+0000] {logging_mixin.py:190} INFO - [2026-07-29T18:28:47.823+0000] {dag.py:3211} INFO - Sync 1 DAGs
[2026-07-29T18:28:47.828+0000] {logging_mixin.py:190} INFO - [2026-07-29T18:28:47.828+0000] {dag.py:4138} INFO - Setting next_dagrun for example_params_trigger_ui to None, run_after=None
[2026-07-29T18:28:47.834+0000] {processor.py:208} INFO - Processing /home/airflow/.local/lib/python3.12/site-packages/airflow/example_dags/example_params_trigger_ui.py took 0.035 seconds
[2026-07-29T18:29:18.572+0000] {processor.py:186} INFO - Started process (PID=20614) to work on /home/airflow/.local/lib/python3.12/site-packages/airflow/example_dags/example_params_trigger_ui.py
[2026-07-29T18:29:18.573+0000] {processor.py:914} INFO - Processing file /home/airflow/.local/lib/python3.12/site-packages/airflow/example_dags/example_params_trigger_ui.py for tasks to queue
[2026-07-29T18:29:18.574+0000] {logging_mixin.py:190} INFO - [2026-07-29T18:29:18.574+0000] {dagbag.py:587} INFO - Filling up the DagBag from /home/airflow/.local/lib/python3.12/site-packages/airflow/example_dags/example_params_trigger_ui.py
[2026-07-29T18:29:18.579+0000] {processor.py:925} INFO - DAG(s) 'example_params_trigger_ui' retrieved from /home/airflow/.local/lib/python3.12/site-packages/airflow/example_dags/example_params_trigger_ui.py
[2026-07-29T18:29:18.598+0000] {logging_mixin.py:190} INFO - [2026-07-29T18:29:18.598+0000] {dag.py:3211} INFO - Sync 1 DAGs
[2026-07-29T18:29:18.605+0000] {logging_mixin.py:190} INFO - [2026-07-29T18:29:18.605+0000] {dag.py:4138} INFO - Setting next_dagrun for example_params_trigger_ui to None, run_after=None
[2026-07-29T18:29:18.616+0000] {processor.py:208} INFO - Processing /home/airflow/.local/lib/python3.12/site-packages/airflow/example_dags/example_params_trigger_ui.py took 0.046 seconds
[2026-07-29T18:29:49.552+0000] {processor.py:186} INFO - Started process (PID=20680) to work on /home/airflow/.local/lib/python3.12/site-packages/airflow/example_dags/example_params_trigger_ui.py
[2026-07-29T18:29:49.552+0000] {processor.py:914} INFO - Processing file /home/airflow/.local/lib/python3.12/site-packages/airflow/example_dags/example_params_trigger_ui.py for tasks to queue
[2026-07-29T18:29:49.555+0000] {logging_mixin.py:190} INFO - [2026-07-29T18:29:49.554+0000] {dagbag.py:587} INFO - Filling up the DagBag from /home/airflow/.local/lib/python3.12/site-packages/airflow/example_dags/example_params_trigger_ui.py
[2026-07-29T18:29:49.563+0000] {processor.py:925} INFO - DAG(s) 'example_params_trigger_ui' retrieved from /home/airflow/.local/lib/python3.12/site-packages/airflow/example_dags/example_params_trigger_ui.py
[2026-07-29T18:29:49.579+0000] {logging_mixin.py:190} INFO - [2026-07-29T18:29:49.579+0000] {dag.py:3211} INFO - Sync 1 DAGs
[2026-07-29T18:29:49.584+0000] {logging_mixin.py:190} INFO - [2026-07-29T18:29:49.584+0000] {dag.py:4138} INFO - Setting next_dagrun for example_params_trigger_ui to None, run_after=None
[2026-07-29T18:29:49.595+0000] {processor.py:208} INFO - Processing /home/airflow/.local/lib/python3.12/site-packages/airflow/example_dags/example_params_trigger_ui.py took 0.046 seconds
[2026-07-29T18:30:20.531+0000] {processor.py:186} INFO - Started process (PID=20746) to work on /home/airflow/.local/lib/python3.12/site-packages/airflow/example_dags/example_params_trigger_ui.py
[2026-07-29T18:30:20.531+0000] {processor.py:914} INFO - Processing file /home/airflow/.local/lib/python3.12/site-packages/airflow/example_dags/example_params_trigger_ui.py for tasks to queue
[2026-07-29T18:30:20.532+0000] {logging_mixin.py:190} INFO - [2026-07-29T18:30:20.532+0000] {dagbag.py:587} INFO - Filling up the DagBag from /home/airflow/.local/lib/python3.12/site-packages/airflow/example_dags/example_params_trigger_ui.py
[2026-07-29T18:30:20.537+0000] {processor.py:925} INFO - DAG(s) 'example_params_trigger_ui' retrieved from /home/airflow/.local/lib/python3.12/site-packages/airflow/example_dags/example_params_trigger_ui.py
[2026-07-29T18:30:20.556+0000] {logging_mixin.py:190} INFO - [2026-07-29T18:30:20.555+0000] {dag.py:3211} INFO - Sync 1 DAGs
[2026-07-29T18:30:20.563+0000] {logging_mixin.py:190} INFO - [2026-07-29T18:30:20.563+0000] {dag.py:4138} INFO - Setting next_dagrun for example_params_trigger_ui to None, run_after=None
[2026-07-29T18:30:20.573+0000] {processor.py:208} INFO - Processing /home/airflow/.local/lib/python3.12/site-packages/airflow/example_dags/example_params_trigger_ui.py took 0.045 seconds
[2026-07-29T18:30:51.455+0000] {processor.py:186} INFO - Started process (PID=20812) to work on /home/airflow/.local/lib/python3.12/site-packages/airflow/example_dags/example_params_trigger_ui.py
[2026-07-29T18:30:51.456+0000] {processor.py:914} INFO - Processing file /home/airflow/.local/lib/python3.12/site-packages/airflow/example_dags/example_params_trigger_ui.py for tasks to queue
[2026-07-29T18:30:51.458+0000] {logging_mixin.py:190} INFO - [2026-07-29T18:30:51.457+0000] {dagbag.py:587} INFO - Filling up the DagBag from /home/airflow/.local/lib/python3.12/site-packages/airflow/example_dags/example_params_trigger_ui.py
[2026-07-29T18:30:51.462+0000] {processor.py:925} INFO - DAG(s) 'example_params_trigger_ui' retrieved from /home/airflow/.local/lib/python3.12/site-packages/airflow/example_dags/example_params_trigger_ui.py
[2026-07-29T18:30:51.479+0000] {logging_mixin.py:190} INFO - [2026-07-29T18:30:51.479+0000] {dag.py:3211} INFO - Sync 1 DAGs
[2026-07-29T18:30:51.485+0000] {logging_mixin.py:190} INFO - [2026-07-29T18:30:51.485+0000] {dag.py:4138} INFO - Setting next_dagrun for example_params_trigger_ui to None, run_after=None
[2026-07-29T18:30:51.492+0000] {processor.py:208} INFO - Processing /home/airflow/.local/lib/python3.12/site-packages/airflow/example_dags/example_params_trigger_ui.py took 0.040 seconds
[2026-07-29T18:31:22.340+0000] {processor.py:186} INFO - Started process (PID=20878) to work on /home/airflow/.local/lib/python3.12/site-packages/airflow/example_dags/example_params_trigger_ui.py
[2026-07-29T18:31:22.340+0000] {processor.py:914} INFO - Processing file /home/airflow/.local/lib/python3.12/site-packages/airflow/example_dags/example_params_trigger_ui.py for tasks to queue
[2026-07-29T18:31:22.342+0000] {logging_mixin.py:190} INFO - [2026-07-29T18:31:22.342+0000] {dagbag.py:587} INFO - Filling up the DagBag from /home/airflow/.local/lib/python3.12/site-packages/airflow/example_dags/example_params_trigger_ui.py
[2026-07-29T18:31:22.348+0000] {processor.py:925} INFO - DAG(s) 'example_params_trigger_ui' retrieved from /home/airflow/.local/lib/python3.12/site-packages/airflow/example_dags/example_params_trigger_ui.py
[2026-07-29T18:31:22.367+0000] {logging_mixin.py:190} INFO - [2026-07-29T18:31:22.367+0000] {dag.py:3211} INFO - Sync 1 DAGs
[2026-07-29T18:31:22.374+0000] {logging_mixin.py:190} INFO - [2026-07-29T18:31:22.374+0000] {dag.py:4138} INFO - Setting next_dagrun for example_params_trigger_ui to None, run_after=None
[2026-07-29T18:31:22.384+0000] {processor.py:208} INFO - Processing /home/airflow/.local/lib/python3.12/site-packages/airflow/example_dags/example_params_trigger_ui.py took 0.046 seconds
[2026-07-29T18:31:52.484+0000] {processor.py:186} INFO - Started process (PID=20944) to work on /home/airflow/.local/lib/python3.12/site-packages/airflow/example_dags/example_params_trigger_ui.py
[2026-07-29T18:31:52.484+0000] {processor.py:914} INFO - Processing file /home/airflow/.local/lib/python3.12/site-packages/airflow/example_dags/example_params_trigger_ui.py for tasks to queue
[2026-07-29T18:31:52.485+0000] {logging_mixin.py:190} INFO - [2026-07-29T18:31:52.485+0000] {dagbag.py:587} INFO - Filling up the DagBag from /home/airflow/.local/lib/python3.12/site-packages/airflow/example_dags/example_params_trigger_ui.py
[2026-07-29T18:31:52.490+0000] {processor.py:925} INFO - DAG(s) 'example_params_trigger_ui' retrieved from /home/airflow/.local/lib/python3.12/site-packages/airflow/example_dags/example_params_trigger_ui.py
[2026-07-29T18:31:52.505+0000] {logging_mixin.py:190} INFO - [2026-07-29T18:31:52.505+0000] {dag.py:3211} INFO - Sync 1 DAGs
[2026-07-29T18:31:52.510+0000] {logging_mixin.py:190} INFO - [2026-07-29T18:31:52.510+0000] {dag.py:4138} INFO - Setting next_dagrun for example_params_trigger_ui to None, run_after=None
[2026-07-29T18:31:52.515+0000] {processor.py:208} INFO - Processing /home/airflow/.local/lib/python3.12/site-packages/airflow/example_dags/example_params_trigger_ui.py took 0.034 seconds
[2026-07-29T18:32:23.483+0000] {processor.py:186} INFO - Started process (PID=21010) to work on /home/airflow/.local/lib/python3.12/site-packages/airflow/example_dags/example_params_trigger_ui.py
[2026-07-29T18:32:23.484+0000] {processor.py:914} INFO - Processing file /home/airflow/.local/lib/python3.12/site-packages/airflow/example_dags/example_params_trigger_ui.py for tasks to queue
[2026-07-29T18:32:23.487+0000] {logging_mixin.py:190} INFO - [2026-07-29T18:32:23.487+0000] {dagbag.py:587} INFO - Filling up the DagBag from /home/airflow/.local/lib/python3.12/site-packages/airflow/example_dags/example_params_trigger_ui.py
[2026-07-29T18:32:23.492+0000] {processor.py:925} INFO - DAG(s) 'example_params_trigger_ui' retrieved from /home/airflow/.local/lib/python3.12/site-packages/airflow/example_dags/example_params_trigger_ui.py
[2026-07-29T18:32:23.509+0000] {logging_mixin.py:190} INFO - [2026-07-29T18:32:23.509+0000] {dag.py:3211} INFO - Sync 1 DAGs
[2026-07-29T18:32:23.515+0000] {logging_mixin.py:190} INFO - [2026-07-29T18:32:23.514+0000] {dag.py:4138} INFO - Setting next_dagrun for example_params_trigger_ui to None, run_after=None
[2026-07-29T18:32:23.524+0000] {processor.py:208} INFO - Processing /home/airflow/.local/lib/python3.12/site-packages/airflow/example_dags/example_params_trigger_ui.py took 0.043 seconds
[2026-07-29T18:32:54.442+0000] {processor.py:186} INFO - Started process (PID=21076) to work on /home/airflow/.local/lib/python3.12/site-packages/airflow/example_dags/example_params_trigger_ui.py
[2026-07-29T18:32:54.443+0000] {processor.py:914} INFO - Processing file /home/airflow/.local/lib/python3.12/site-packages/airflow/example_dags/example_params_trigger_ui.py for tasks to queue
[2026-07-29T18:32:54.444+0000] {logging_mixin.py:190} INFO - [2026-07-29T18:32:54.444+0000] {dagbag.py:587} INFO - Filling up the DagBag from /home/airflow/.local/lib/python3.12/site-packages/airflow/example_dags/example_params_trigger_ui.py
[2026-07-29T18:32:54.449+0000] {processor.py:925} INFO - DAG(s) 'example_params_trigger_ui' retrieved from /home/airflow/.local/lib/python3.12/site-packages/airflow/example_dags/example_params_trigger_ui.py
[2026-07-29T18:32:54.464+0000] {logging_mixin.py:190} INFO - [2026-07-29T18:32:54.464+0000] {dag.py:3211} INFO - Sync 1 DAGs
[2026-07-29T18:32:54.469+0000] {logging_mixin.py:190} INFO - [2026-07-29T18:32:54.469+0000] {dag.py:4138} INFO - Setting next_dagrun for example_params_trigger_ui to None, run_after=None
[2026-07-29T18:32:54.476+0000] {processor.py:208} INFO - Processing /home/airflow/.local/lib/python3.12/site-packages/airflow/example_dags/example_params_trigger_ui.py took 0.036 seconds
[2026-07-29T18:33:25.480+0000] {processor.py:186} INFO - Started process (PID=21142) to work on /home/airflow/.local/lib/python3.12/site-packages/airflow/example_dags/example_params_trigger_ui.py
[2026-07-29T18:33:25.482+0000] {processor.py:914} INFO - Processing file /home/airflow/.local/lib/python3.12/site-packages/airflow/example_dags/example_params_trigger_ui.py for tasks to queue
[2026-07-29T18:33:25.484+0000] {logging_mixin.py:190} INFO - [2026-07-29T18:33:25.484+0000] {dagbag.py:587} INFO - Filling up the DagBag from /home/airflow/.local/lib/python3.12/site-packages/airflow/example_dags/example_params_trigger_ui.py
[2026-07-29T18:33:25.488+0000] {processor.py:925} INFO - DAG(s) 'example_params_trigger_ui' retrieved from /home/airflow/.local/lib/python3.12/site-packages/airflow/example_dags/example_params_trigger_ui.py
[2026-07-29T18:33:25.511+0000] {logging_mixin.py:190} INFO - [2026-07-29T18:33:25.511+0000] {dag.py:3211} INFO - Sync 1 DAGs
[2026-07-29T18:33:25.518+0000] {logging_mixin.py:190} INFO - [2026-07-29T18:33:25.518+0000] {dag.py:4138} INFO - Setting next_dagrun for example_params_trigger_ui to None, run_after=None
[2026-07-29T18:33:25.526+0000] {processor.py:208} INFO - Processing /home/airflow/.local/lib/python3.12/site-packages/airflow/example_dags/example_params_trigger_ui.py took 0.047 seconds
[2026-07-29T18:34:01.951+0000] {processor.py:186} INFO - Started process (PID=21214) to work on /home/airflow/.local/lib/python3.12/site-packages/airflow/example_dags/example_params_trigger_ui.py
[2026-07-29T18:34:01.952+0000] {processor.py:914} INFO - Processing file /home/airflow/.local/lib/python3.12/site-packages/airflow/example_dags/example_params_trigger_ui.py for tasks to queue
[2026-07-29T18:34:01.954+0000] {logging_mixin.py:190} INFO - [2026-07-29T18:34:01.953+0000] {dagbag.py:587} INFO - Filling up the DagBag from /home/airflow/.local/lib/python3.12/site-packages/airflow/example_dags/example_params_trigger_ui.py
[2026-07-29T18:34:01.959+0000] {processor.py:925} INFO - DAG(s) 'example_params_trigger_ui' retrieved from /home/airflow/.local/lib/python3.12/site-packages/airflow/example_dags/example_params_trigger_ui.py
[2026-07-29T18:34:01.982+0000] {logging_mixin.py:190} INFO - [2026-07-29T18:34:01.982+0000] {dag.py:3211} INFO - Sync 1 DAGs
[2026-07-29T18:34:01.990+0000] {logging_mixin.py:190} INFO - [2026-07-29T18:34:01.990+0000] {dag.py:4138} INFO - Setting next_dagrun for example_params_trigger_ui to None, run_after=None
[2026-07-29T18:34:01.997+0000] {processor.py:208} INFO - Processing /home/airflow/.local/lib/python3.12/site-packages/airflow/example_dags/example_params_trigger_ui.py took 0.048 seconds
[2026-07-29T18:34:32.968+0000] {processor.py:186} INFO - Started process (PID=21280) to work on /home/airflow/.local/lib/python3.12/site-packages/airflow/example_dags/example_params_trigger_ui.py
[2026-07-29T18:34:32.969+0000] {processor.py:914} INFO - Processing file /home/airflow/.local/lib/python3.12/site-packages/airflow/example_dags/example_params_trigger_ui.py for tasks to queue
[2026-07-29T18:34:32.970+0000] {logging_mixin.py:190} INFO - [2026-07-29T18:34:32.970+0000] {dagbag.py:587} INFO - Filling up the DagBag from /home/airflow/.local/lib/python3.12/site-packages/airflow/example_dags/example_params_trigger_ui.py
[2026-07-29T18:34:32.975+0000] {processor.py:925} INFO - DAG(s) 'example_params_trigger_ui' retrieved from /home/airflow/.local/lib/python3.12/site-packages/airflow/example_dags/example_params_trigger_ui.py
[2026-07-29T18:34:32.993+0000] {logging_mixin.py:190} INFO - [2026-07-29T18:34:32.993+0000] {dag.py:3211} INFO - Sync 1 DAGs
[2026-07-29T18:34:32.999+0000] {logging_mixin.py:190} INFO - [2026-07-29T18:34:32.999+0000] {dag.py:4138} INFO - Setting next_dagrun for example_params_trigger_ui to None, run_after=None
[2026-07-29T18:34:33.012+0000] {processor.py:208} INFO - Processing /home/airflow/.local/lib/python3.12/site-packages/airflow/example_dags/example_params_trigger_ui.py took 0.047 seconds
[2026-07-29T18:35:03.814+0000] {processor.py:186} INFO - Started process (PID=21346) to work on /home/airflow/.local/lib/python3.12/site-packages/airflow/example_dags/example_params_trigger_ui.py
[2026-07-29T18:35:03.814+0000] {processor.py:914} INFO - Processing file /home/airflow/.local/lib/python3.12/site-packages/airflow/example_dags/example_params_trigger_ui.py for tasks to queue
[2026-07-29T18:35:03.815+0000] {logging_mixin.py:190} INFO - [2026-07-29T18:35:03.815+0000] {dagbag.py:587} INFO - Filling up the DagBag from /home/airflow/.local/lib/python3.12/site-packages/airflow/example_dags/example_params_trigger_ui.py
[2026-07-29T18:35:03.820+0000] {processor.py:925} INFO - DAG(s) 'example_params_trigger_ui' retrieved from /home/airflow/.local/lib/python3.12/site-packages/airflow/example_dags/example_params_trigger_ui.py
[2026-07-29T18:35:03.834+0000] {logging_mixin.py:190} INFO - [2026-07-29T18:35:03.834+0000] {dag.py:3211} INFO - Sync 1 DAGs
[2026-07-29T18:35:03.838+0000] {logging_mixin.py:190} INFO - [2026-07-29T18:35:03.838+0000] {dag.py:4138} INFO - Setting next_dagrun for example_params_trigger_ui to None, run_after=None
[2026-07-29T18:35:03.844+0000] {processor.py:208} INFO - Processing /home/airflow/.local/lib/python3.12/site-packages/airflow/example_dags/example_params_trigger_ui.py took 0.032 seconds
[2026-07-29T18:35:34.841+0000] {processor.py:186} INFO - Started process (PID=21412) to work on /home/airflow/.local/lib/python3.12/site-packages/airflow/example_dags/example_params_trigger_ui.py
[2026-07-29T18:35:34.842+0000] {processor.py:914} INFO - Processing file /home/airflow/.local/lib/python3.12/site-packages/airflow/example_dags/example_params_trigger_ui.py for tasks to queue
[2026-07-29T18:35:34.843+0000] {logging_mixin.py:190} INFO - [2026-07-29T18:35:34.843+0000] {dagbag.py:587} INFO - Filling up the DagBag from /home/airflow/.local/lib/python3.12/site-packages/airflow/example_dags/example_params_trigger_ui.py
[2026-07-29T18:35:34.847+0000] {processor.py:925} INFO - DAG(s) 'example_params_trigger_ui' retrieved from /home/airflow/.local/lib/python3.12/site-packages/airflow/example_dags/example_params_trigger_ui.py
[2026-07-29T18:35:34.866+0000] {logging_mixin.py:190} INFO - [2026-07-29T18:35:34.865+0000] {dag.py:3211} INFO - Sync 1 DAGs
[2026-07-29T18:35:34.871+0000] {logging_mixin.py:190} INFO - [2026-07-29T18:35:34.870+0000] {dag.py:4138} INFO - Setting next_dagrun for example_params_trigger_ui to None, run_after=None
[2026-07-29T18:35:34.878+0000] {processor.py:208} INFO - Processing /home/airflow/.local/lib/python3.12/site-packages/airflow/example_dags/example_params_trigger_ui.py took 0.040 seconds
[2026-07-29T18:36:05.892+0000] {processor.py:186} INFO - Started process (PID=21478) to work on /home/airflow/.local/lib/python3.12/site-packages/airflow/example_dags/example_params_trigger_ui.py
[2026-07-29T18:36:05.892+0000] {processor.py:914} INFO - Processing file /home/airflow/.local/lib/python3.12/site-packages/airflow/example_dags/example_params_trigger_ui.py for tasks to queue
[2026-07-29T18:36:05.893+0000] {logging_mixin.py:190} INFO - [2026-07-29T18:36:05.893+0000] {dagbag.py:587} INFO - Filling up the DagBag from /home/airflow/.local/lib/python3.12/site-packages/airflow/example_dags/example_params_trigger_ui.py
[2026-07-29T18:36:05.898+0000] {processor.py:925} INFO - DAG(s) 'example_params_trigger_ui' retrieved from /home/airflow/.local/lib/python3.12/site-packages/airflow/example_dags/example_params_trigger_ui.py
[2026-07-29T18:36:05.911+0000] {logging_mixin.py:190} INFO - [2026-07-29T18:36:05.911+0000] {dag.py:3211} INFO - Sync 1 DAGs
[2026-07-29T18:36:05.916+0000] {logging_mixin.py:190} INFO - [2026-07-29T18:36:05.916+0000] {dag.py:4138} INFO - Setting next_dagrun for example_params_trigger_ui to None, run_after=None
[2026-07-29T18:36:05.922+0000] {processor.py:208} INFO - Processing /home/airflow/.local/lib/python3.12/site-packages/airflow/example_dags/example_params_trigger_ui.py took 0.033 seconds
[2026-07-29T18:36:36.913+0000] {processor.py:186} INFO - Started process (PID=21544) to work on /home/airflow/.local/lib/python3.12/site-packages/airflow/example_dags/example_params_trigger_ui.py
[2026-07-29T18:36:36.913+0000] {processor.py:914} INFO - Processing file /home/airflow/.local/lib/python3.12/site-packages/airflow/example_dags/example_params_trigger_ui.py for tasks to queue
[2026-07-29T18:36:36.914+0000] {logging_mixin.py:190} INFO - [2026-07-29T18:36:36.914+0000] {dagbag.py:587} INFO - Filling up the DagBag from /home/airflow/.local/lib/python3.12/site-packages/airflow/example_dags/example_params_trigger_ui.py
[2026-07-29T18:36:36.919+0000] {processor.py:925} INFO - DAG(s) 'example_params_trigger_ui' retrieved from /home/airflow/.local/lib/python3.12/site-packages/airflow/example_dags/example_params_trigger_ui.py
[2026-07-29T18:36:36.935+0000] {logging_mixin.py:190} INFO - [2026-07-29T18:36:36.935+0000] {dag.py:3211} INFO - Sync 1 DAGs
[2026-07-29T18:36:36.940+0000] {logging_mixin.py:190} INFO - [2026-07-29T18:36:36.940+0000] {dag.py:4138} INFO - Setting next_dagrun for example_params_trigger_ui to None, run_after=None
[2026-07-29T18:36:36.946+0000] {processor.py:208} INFO - Processing /home/airflow/.local/lib/python3.12/site-packages/airflow/example_dags/example_params_trigger_ui.py took 0.036 seconds
[2026-07-29T18:37:07.882+0000] {processor.py:186} INFO - Started process (PID=21610) to work on /home/airflow/.local/lib/python3.12/site-packages/airflow/example_dags/example_params_trigger_ui.py
[2026-07-29T18:37:07.883+0000] {processor.py:914} INFO - Processing file /home/airflow/.local/lib/python3.12/site-packages/airflow/example_dags/example_params_trigger_ui.py for tasks to queue
[2026-07-29T18:37:07.884+0000] {logging_mixin.py:190} INFO - [2026-07-29T18:37:07.884+0000] {dagbag.py:587} INFO - Filling up the DagBag from /home/airflow/.local/lib/python3.12/site-packages/airflow/example_dags/example_params_trigger_ui.py
[2026-07-29T18:37:07.890+0000] {processor.py:925} INFO - DAG(s) 'example_params_trigger_ui' retrieved from /home/airflow/.local/lib/python3.12/site-packages/airflow/example_dags/example_params_trigger_ui.py
[2026-07-29T18:37:07.905+0000] {logging_mixin.py:190} INFO - [2026-07-29T18:37:07.905+0000] {dag.py:3211} INFO - Sync 1 DAGs
[2026-07-29T18:37:07.913+0000] {logging_mixin.py:190} INFO - [2026-07-29T18:37:07.913+0000] {dag.py:4138} INFO - Setting next_dagrun for example_params_trigger_ui to None, run_after=None
[2026-07-29T18:37:07.926+0000] {processor.py:208} INFO - Processing /home/airflow/.local/lib/python3.12/site-packages/airflow/example_dags/example_params_trigger_ui.py took 0.047 seconds
[2026-07-29T18:37:38.021+0000] {processor.py:186} INFO - Started process (PID=21676) to work on /home/airflow/.local/lib/python3.12/site-packages/airflow/example_dags/example_params_trigger_ui.py
[2026-07-29T18:37:38.022+0000] {processor.py:914} INFO - Processing file /home/airflow/.local/lib/python3.12/site-packages/airflow/example_dags/example_params_trigger_ui.py for tasks to queue
[2026-07-29T18:37:38.023+0000] {logging_mixin.py:190} INFO - [2026-07-29T18:37:38.023+0000] {dagbag.py:587} INFO - Filling up the DagBag from /home/airflow/.local/lib/python3.12/site-packages/airflow/example_dags/example_params_trigger_ui.py
[2026-07-29T18:37:38.030+0000] {processor.py:925} INFO - DAG(s) 'example_params_trigger_ui' retrieved from /home/airflow/.local/lib/python3.12/site-packages/airflow/example_dags/example_params_trigger_ui.py
[2026-07-29T18:37:38.053+0000] {logging_mixin.py:190} INFO - [2026-07-29T18:37:38.053+0000] {dag.py:3211} INFO - Sync 1 DAGs
[2026-07-29T18:37:38.060+0000] {logging_mixin.py:190} INFO - [2026-07-29T18:37:38.060+0000] {dag.py:4138} INFO - Setting next_dagrun for example_params_trigger_ui to None, run_after=None
[2026-07-29T18:37:38.066+0000] {processor.py:208} INFO - Processing /home/airflow/.local/lib/python3.12/site-packages/airflow/example_dags/example_params_trigger_ui.py took 0.048 seconds
[2026-07-29T18:38:08.128+0000] {processor.py:186} INFO - Started process (PID=21742) to work on /home/airflow/.local/lib/python3.12/site-packages/airflow/example_dags/example_params_trigger_ui.py
[2026-07-29T18:38:08.129+0000] {processor.py:914} INFO - Processing file /home/airflow/.local/lib/python3.12/site-packages/airflow/example_dags/example_params_trigger_ui.py for tasks to queue
[2026-07-29T18:38:08.130+0000] {logging_mixin.py:190} INFO - [2026-07-29T18:38:08.130+0000] {dagbag.py:587} INFO - Filling up the DagBag from /home/airflow/.local/lib/python3.12/site-packages/airflow/example_dags/example_params_trigger_ui.py
[2026-07-29T18:38:08.135+0000] {processor.py:925} INFO - DAG(s) 'example_params_trigger_ui' retrieved from /home/airflow/.local/lib/python3.12/site-packages/airflow/example_dags/example_params_trigger_ui.py
[2026-07-29T18:38:08.148+0000] {logging_mixin.py:190} INFO - [2026-07-29T18:38:08.148+0000] {dag.py:3211} INFO - Sync 1 DAGs
[2026-07-29T18:38:08.153+0000] {logging_mixin.py:190} INFO - [2026-07-29T18:38:08.153+0000] {dag.py:4138} INFO - Setting next_dagrun for example_params_trigger_ui to None, run_after=None
[2026-07-29T18:38:08.158+0000] {processor.py:208} INFO - Processing /home/airflow/.local/lib/python3.12/site-packages/airflow/example_dags/example_params_trigger_ui.py took 0.033 seconds
[2026-07-29T18:38:39.140+0000] {processor.py:186} INFO - Started process (PID=21808) to work on /home/airflow/.local/lib/python3.12/site-packages/airflow/example_dags/example_params_trigger_ui.py
[2026-07-29T18:38:39.142+0000] {processor.py:914} INFO - Processing file /home/airflow/.local/lib/python3.12/site-packages/airflow/example_dags/example_params_trigger_ui.py for tasks to queue
[2026-07-29T18:38:39.143+0000] {logging_mixin.py:190} INFO - [2026-07-29T18:38:39.143+0000] {dagbag.py:587} INFO - Filling up the DagBag from /home/airflow/.local/lib/python3.12/site-packages/airflow/example_dags/example_params_trigger_ui.py
[2026-07-29T18:38:39.148+0000] {processor.py:925} INFO - DAG(s) 'example_params_trigger_ui' retrieved from /home/airflow/.local/lib/python3.12/site-packages/airflow/example_dags/example_params_trigger_ui.py
[2026-07-29T18:38:39.165+0000] {logging_mixin.py:190} INFO - [2026-07-29T18:38:39.165+0000] {dag.py:3211} INFO - Sync 1 DAGs
[2026-07-29T18:38:39.172+0000] {logging_mixin.py:190} INFO - [2026-07-29T18:38:39.172+0000] {dag.py:4138} INFO - Setting next_dagrun for example_params_trigger_ui to None, run_after=None
[2026-07-29T18:38:39.181+0000] {processor.py:208} INFO - Processing /home/airflow/.local/lib/python3.12/site-packages/airflow/example_dags/example_params_trigger_ui.py took 0.044 seconds
[2026-07-29T18:39:10.085+0000] {processor.py:186} INFO - Started process (PID=21874) to work on /home/airflow/.local/lib/python3.12/site-packages/airflow/example_dags/example_params_trigger_ui.py
[2026-07-29T18:39:10.085+0000] {processor.py:914} INFO - Processing file /home/airflow/.local/lib/python3.12/site-packages/airflow/example_dags/example_params_trigger_ui.py for tasks to queue
[2026-07-29T18:39:10.087+0000] {logging_mixin.py:190} INFO - [2026-07-29T18:39:10.087+0000] {dagbag.py:587} INFO - Filling up the DagBag from /home/airflow/.local/lib/python3.12/site-packages/airflow/example_dags/example_params_trigger_ui.py
[2026-07-29T18:39:10.093+0000] {processor.py:925} INFO - DAG(s) 'example_params_trigger_ui' retrieved from /home/airflow/.local/lib/python3.12/site-packages/airflow/example_dags/example_params_trigger_ui.py
[2026-07-29T18:39:10.120+0000] {logging_mixin.py:190} INFO - [2026-07-29T18:39:10.120+0000] {dag.py:3211} INFO - Sync 1 DAGs
[2026-07-29T18:39:10.125+0000] {logging_mixin.py:190} INFO - [2026-07-29T18:39:10.125+0000] {dag.py:4138} INFO - Setting next_dagrun for example_params_trigger_ui to None, run_after=None
[2026-07-29T18:39:10.134+0000] {processor.py:208} INFO - Processing /home/airflow/.local/lib/python3.12/site-packages/airflow/example_dags/example_params_trigger_ui.py took 0.052 seconds
[2026-07-29T18:39:41.164+0000] {processor.py:186} INFO - Started process (PID=21940) to work on /home/airflow/.local/lib/python3.12/site-packages/airflow/example_dags/example_params_trigger_ui.py
[2026-07-29T18:39:41.165+0000] {processor.py:914} INFO - Processing file /home/airflow/.local/lib/python3.12/site-packages/airflow/example_dags/example_params_trigger_ui.py for tasks to queue
[2026-07-29T18:39:41.166+0000] {logging_mixin.py:190} INFO - [2026-07-29T18:39:41.166+0000] {dagbag.py:587} INFO - Filling up the DagBag from /home/airflow/.local/lib/python3.12/site-packages/airflow/example_dags/example_params_trigger_ui.py
[2026-07-29T18:39:41.172+0000] {processor.py:925} INFO - DAG(s) 'example_params_trigger_ui' retrieved from /home/airflow/.local/lib/python3.12/site-packages/airflow/example_dags/example_params_trigger_ui.py
[2026-07-29T18:39:41.190+0000] {logging_mixin.py:190} INFO - [2026-07-29T18:39:41.190+0000] {dag.py:3211} INFO - Sync 1 DAGs
[2026-07-29T18:39:41.199+0000] {logging_mixin.py:190} INFO - [2026-07-29T18:39:41.198+0000] {dag.py:4138} INFO - Setting next_dagrun for example_params_trigger_ui to None, run_after=None
[2026-07-29T18:39:41.211+0000] {processor.py:208} INFO - Processing /home/airflow/.local/lib/python3.12/site-packages/airflow/example_dags/example_params_trigger_ui.py took 0.049 seconds
[2026-07-29T18:40:11.312+0000] {processor.py:186} INFO - Started process (PID=22006) to work on /home/airflow/.local/lib/python3.12/site-packages/airflow/example_dags/example_params_trigger_ui.py
[2026-07-29T18:40:11.313+0000] {processor.py:914} INFO - Processing file /home/airflow/.local/lib/python3.12/site-packages/airflow/example_dags/example_params_trigger_ui.py for tasks to queue
[2026-07-29T18:40:11.314+0000] {logging_mixin.py:190} INFO - [2026-07-29T18:40:11.314+0000] {dagbag.py:587} INFO - Filling up the DagBag from /home/airflow/.local/lib/python3.12/site-packages/airflow/example_dags/example_params_trigger_ui.py
[2026-07-29T18:40:11.320+0000] {processor.py:925} INFO - DAG(s) 'example_params_trigger_ui' retrieved from /home/airflow/.local/lib/python3.12/site-packages/airflow/example_dags/example_params_trigger_ui.py
[2026-07-29T18:40:11.337+0000] {logging_mixin.py:190} INFO - [2026-07-29T18:40:11.337+0000] {dag.py:3211} INFO - Sync 1 DAGs
[2026-07-29T18:40:11.343+0000] {logging_mixin.py:190} INFO - [2026-07-29T18:40:11.343+0000] {dag.py:4138} INFO - Setting next_dagrun for example_params_trigger_ui to None, run_after=None
[2026-07-29T18:40:11.359+0000] {processor.py:208} INFO - Processing /home/airflow/.local/lib/python3.12/site-packages/airflow/example_dags/example_params_trigger_ui.py took 0.050 seconds
[2026-07-29T18:40:41.417+0000] {processor.py:186} INFO - Started process (PID=22072) to work on /home/airflow/.local/lib/python3.12/site-packages/airflow/example_dags/example_params_trigger_ui.py
[2026-07-29T18:40:41.418+0000] {processor.py:914} INFO - Processing file /home/airflow/.local/lib/python3.12/site-packages/airflow/example_dags/example_params_trigger_ui.py for tasks to queue
[2026-07-29T18:40:41.419+0000] {logging_mixin.py:190} INFO - [2026-07-29T18:40:41.419+0000] {dagbag.py:587} INFO - Filling up the DagBag from /home/airflow/.local/lib/python3.12/site-packages/airflow/example_dags/example_params_trigger_ui.py
[2026-07-29T18:40:41.423+0000] {processor.py:925} INFO - DAG(s) 'example_params_trigger_ui' retrieved from /home/airflow/.local/lib/python3.12/site-packages/airflow/example_dags/example_params_trigger_ui.py
[2026-07-29T18:40:41.437+0000] {logging_mixin.py:190} INFO - [2026-07-29T18:40:41.437+0000] {dag.py:3211} INFO - Sync 1 DAGs
[2026-07-29T18:40:41.442+0000] {logging_mixin.py:190} INFO - [2026-07-29T18:40:41.442+0000] {dag.py:4138} INFO - Setting next_dagrun for example_params_trigger_ui to None, run_after=None
[2026-07-29T18:40:41.448+0000] {processor.py:208} INFO - Processing /home/airflow/.local/lib/python3.12/site-packages/airflow/example_dags/example_params_trigger_ui.py took 0.034 seconds
[2026-07-29T18:41:11.756+0000] {processor.py:186} INFO - Started process (PID=22138) to work on /home/airflow/.local/lib/python3.12/site-packages/airflow/example_dags/example_params_trigger_ui.py
[2026-07-29T18:41:11.757+0000] {processor.py:914} INFO - Processing file /home/airflow/.local/lib/python3.12/site-packages/airflow/example_dags/example_params_trigger_ui.py for tasks to queue
[2026-07-29T18:41:11.758+0000] {logging_mixin.py:190} INFO - [2026-07-29T18:41:11.758+0000] {dagbag.py:587} INFO - Filling up the DagBag from /home/airflow/.local/lib/python3.12/site-packages/airflow/example_dags/example_params_trigger_ui.py
[2026-07-29T18:41:11.767+0000] {processor.py:925} INFO - DAG(s) 'example_params_trigger_ui' retrieved from /home/airflow/.local/lib/python3.12/site-packages/airflow/example_dags/example_params_trigger_ui.py
[2026-07-29T18:41:11.787+0000] {logging_mixin.py:190} INFO - [2026-07-29T18:41:11.787+0000] {dag.py:3211} INFO - Sync 1 DAGs
[2026-07-29T18:41:11.795+0000] {logging_mixin.py:190} INFO - [2026-07-29T18:41:11.795+0000] {dag.py:4138} INFO - Setting next_dagrun for example_params_trigger_ui to None, run_after=None
[2026-07-29T18:41:11.806+0000] {processor.py:208} INFO - Processing /home/airflow/.local/lib/python3.12/site-packages/airflow/example_dags/example_params_trigger_ui.py took 0.054 seconds
[2026-07-29T18:41:42.052+0000] {processor.py:186} INFO - Started process (PID=22204) to work on /home/airflow/.local/lib/python3.12/site-packages/airflow/example_dags/example_params_trigger_ui.py
[2026-07-29T18:41:42.052+0000] {processor.py:914} INFO - Processing file /home/airflow/.local/lib/python3.12/site-packages/airflow/example_dags/example_params_trigger_ui.py for tasks to queue
[2026-07-29T18:41:42.053+0000] {logging_mixin.py:190} INFO - [2026-07-29T18:41:42.053+0000] {dagbag.py:587} INFO - Filling up the DagBag from /home/airflow/.local/lib/python3.12/site-packages/airflow/example_dags/example_params_trigger_ui.py
[2026-07-29T18:41:42.058+0000] {processor.py:925} INFO - DAG(s) 'example_params_trigger_ui' retrieved from /home/airflow/.local/lib/python3.12/site-packages/airflow/example_dags/example_params_trigger_ui.py
[2026-07-29T18:41:42.073+0000] {logging_mixin.py:190} INFO - [2026-07-29T18:41:42.073+0000] {dag.py:3211} INFO - Sync 1 DAGs
[2026-07-29T18:41:42.077+0000] {logging_mixin.py:190} INFO - [2026-07-29T18:41:42.077+0000] {dag.py:4138} INFO - Setting next_dagrun for example_params_trigger_ui to None, run_after=None
[2026-07-29T18:41:42.083+0000] {processor.py:208} INFO - Processing /home/airflow/.local/lib/python3.12/site-packages/airflow/example_dags/example_params_trigger_ui.py took 0.035 seconds
[2026-07-29T18:42:12.459+0000] {processor.py:186} INFO - Started process (PID=22270) to work on /home/airflow/.local/lib/python3.12/site-packages/airflow/example_dags/example_params_trigger_ui.py
[2026-07-29T18:42:12.460+0000] {processor.py:914} INFO - Processing file /home/airflow/.local/lib/python3.12/site-packages/airflow/example_dags/example_params_trigger_ui.py for tasks to queue
[2026-07-29T18:42:12.461+0000] {logging_mixin.py:190} INFO - [2026-07-29T18:42:12.461+0000] {dagbag.py:587} INFO - Filling up the DagBag from /home/airflow/.local/lib/python3.12/site-packages/airflow/example_dags/example_params_trigger_ui.py
[2026-07-29T18:42:12.466+0000] {processor.py:925} INFO - DAG(s) 'example_params_trigger_ui' retrieved from /home/airflow/.local/lib/python3.12/site-packages/airflow/example_dags/example_params_trigger_ui.py
[2026-07-29T18:42:12.485+0000] {logging_mixin.py:190} INFO - [2026-07-29T18:42:12.484+0000] {dag.py:3211} INFO - Sync 1 DAGs
[2026-07-29T18:42:12.491+0000] {logging_mixin.py:190} INFO - [2026-07-29T18:42:12.490+0000] {dag.py:4138} INFO - Setting next_dagrun for example_params_trigger_ui to None, run_after=None
[2026-07-29T18:42:12.503+0000] {processor.py:208} INFO - Processing /home/airflow/.local/lib/python3.12/site-packages/airflow/example_dags/example_params_trigger_ui.py took 0.048 seconds
[2026-07-29T18:42:42.544+0000] {processor.py:186} INFO - Started process (PID=22336) to work on /home/airflow/.local/lib/python3.12/site-packages/airflow/example_dags/example_params_trigger_ui.py
[2026-07-29T18:42:42.546+0000] {processor.py:914} INFO - Processing file /home/airflow/.local/lib/python3.12/site-packages/airflow/example_dags/example_params_trigger_ui.py for tasks to queue
[2026-07-29T18:42:42.547+0000] {logging_mixin.py:190} INFO - [2026-07-29T18:42:42.547+0000] {dagbag.py:587} INFO - Filling up the DagBag from /home/airflow/.local/lib/python3.12/site-packages/airflow/example_dags/example_params_trigger_ui.py
[2026-07-29T18:42:42.552+0000] {processor.py:925} INFO - DAG(s) 'example_params_trigger_ui' retrieved from /home/airflow/.local/lib/python3.12/site-packages/airflow/example_dags/example_params_trigger_ui.py
[2026-07-29T18:42:42.570+0000] {logging_mixin.py:190} INFO - [2026-07-29T18:42:42.570+0000] {dag.py:3211} INFO - Sync 1 DAGs
[2026-07-29T18:42:42.576+0000] {logging_mixin.py:190} INFO - [2026-07-29T18:42:42.576+0000] {dag.py:4138} INFO - Setting next_dagrun for example_params_trigger_ui to None, run_after=None
[2026-07-29T18:42:42.587+0000] {processor.py:208} INFO - Processing /home/airflow/.local/lib/python3.12/site-packages/airflow/example_dags/example_params_trigger_ui.py took 0.046 seconds
[2026-07-29T18:43:12.704+0000] {processor.py:186} INFO - Started process (PID=22402) to work on /home/airflow/.local/lib/python3.12/site-packages/airflow/example_dags/example_params_trigger_ui.py
[2026-07-29T18:43:12.704+0000] {processor.py:914} INFO - Processing file /home/airflow/.local/lib/python3.12/site-packages/airflow/example_dags/example_params_trigger_ui.py for tasks to queue
[2026-07-29T18:43:12.706+0000] {logging_mixin.py:190} INFO - [2026-07-29T18:43:12.706+0000] {dagbag.py:587} INFO - Filling up the DagBag from /home/airflow/.local/lib/python3.12/site-packages/airflow/example_dags/example_params_trigger_ui.py
[2026-07-29T18:43:12.711+0000] {processor.py:925} INFO - DAG(s) 'example_params_trigger_ui' retrieved from /home/airflow/.local/lib/python3.12/site-packages/airflow/example_dags/example_params_trigger_ui.py
[2026-07-29T18:43:12.727+0000] {logging_mixin.py:190} INFO - [2026-07-29T18:43:12.727+0000] {dag.py:3211} INFO - Sync 1 DAGs
[2026-07-29T18:43:12.734+0000] {logging_mixin.py:190} INFO - [2026-07-29T18:43:12.734+0000] {dag.py:4138} INFO - Setting next_dagrun for example_params_trigger_ui to None, run_after=None
[2026-07-29T18:43:12.743+0000] {processor.py:208} INFO - Processing /home/airflow/.local/lib/python3.12/site-packages/airflow/example_dags/example_params_trigger_ui.py took 0.042 seconds
[2026-07-29T18:43:42.873+0000] {processor.py:186} INFO - Started process (PID=22468) to work on /home/airflow/.local/lib/python3.12/site-packages/airflow/example_dags/example_params_trigger_ui.py
[2026-07-29T18:43:42.874+0000] {processor.py:914} INFO - Processing file /home/airflow/.local/lib/python3.12/site-packages/airflow/example_dags/example_params_trigger_ui.py for tasks to queue
[2026-07-29T18:43:42.876+0000] {logging_mixin.py:190} INFO - [2026-07-29T18:43:42.875+0000] {dagbag.py:587} INFO - Filling up the DagBag from /home/airflow/.local/lib/python3.12/site-packages/airflow/example_dags/example_params_trigger_ui.py
[2026-07-29T18:43:42.881+0000] {processor.py:925} INFO - DAG(s) 'example_params_trigger_ui' retrieved from /home/airflow/.local/lib/python3.12/site-packages/airflow/example_dags/example_params_trigger_ui.py
[2026-07-29T18:43:42.901+0000] {logging_mixin.py:190} INFO - [2026-07-29T18:43:42.901+0000] {dag.py:3211} INFO - Sync 1 DAGs
[2026-07-29T18:43:42.908+0000] {logging_mixin.py:190} INFO - [2026-07-29T18:43:42.908+0000] {dag.py:4138} INFO - Setting next_dagrun for example_params_trigger_ui to None, run_after=None
[2026-07-29T18:43:42.916+0000] {processor.py:208} INFO - Processing /home/airflow/.local/lib/python3.12/site-packages/airflow/example_dags/example_params_trigger_ui.py took 0.046 seconds
[2026-07-29T18:44:13.401+0000] {processor.py:186} INFO - Started process (PID=22534) to work on /home/airflow/.local/lib/python3.12/site-packages/airflow/example_dags/example_params_trigger_ui.py
[2026-07-29T18:44:13.402+0000] {processor.py:914} INFO - Processing file /home/airflow/.local/lib/python3.12/site-packages/airflow/example_dags/example_params_trigger_ui.py for tasks to queue
[2026-07-29T18:44:13.403+0000] {logging_mixin.py:190} INFO - [2026-07-29T18:44:13.403+0000] {dagbag.py:587} INFO - Filling up the DagBag from /home/airflow/.local/lib/python3.12/site-packages/airflow/example_dags/example_params_trigger_ui.py
[2026-07-29T18:44:13.409+0000] {processor.py:925} INFO - DAG(s) 'example_params_trigger_ui' retrieved from /home/airflow/.local/lib/python3.12/site-packages/airflow/example_dags/example_params_trigger_ui.py
[2026-07-29T18:44:13.424+0000] {logging_mixin.py:190} INFO - [2026-07-29T18:44:13.424+0000] {dag.py:3211} INFO - Sync 1 DAGs
[2026-07-29T18:44:13.430+0000] {logging_mixin.py:190} INFO - [2026-07-29T18:44:13.430+0000] {dag.py:4138} INFO - Setting next_dagrun for example_params_trigger_ui to None, run_after=None
[2026-07-29T18:44:13.439+0000] {processor.py:208} INFO - Processing /home/airflow/.local/lib/python3.12/site-packages/airflow/example_dags/example_params_trigger_ui.py took 0.040 seconds
[2026-07-29T18:44:43.704+0000] {processor.py:186} INFO - Started process (PID=22600) to work on /home/airflow/.local/lib/python3.12/site-packages/airflow/example_dags/example_params_trigger_ui.py
[2026-07-29T18:44:43.706+0000] {processor.py:914} INFO - Processing file /home/airflow/.local/lib/python3.12/site-packages/airflow/example_dags/example_params_trigger_ui.py for tasks to queue
[2026-07-29T18:44:43.710+0000] {logging_mixin.py:190} INFO - [2026-07-29T18:44:43.709+0000] {dagbag.py:587} INFO - Filling up the DagBag from /home/airflow/.local/lib/python3.12/site-packages/airflow/example_dags/example_params_trigger_ui.py
[2026-07-29T18:44:43.715+0000] {processor.py:925} INFO - DAG(s) 'example_params_trigger_ui' retrieved from /home/airflow/.local/lib/python3.12/site-packages/airflow/example_dags/example_params_trigger_ui.py
[2026-07-29T18:44:43.741+0000] {logging_mixin.py:190} INFO - [2026-07-29T18:44:43.741+0000] {dag.py:3211} INFO - Sync 1 DAGs
[2026-07-29T18:44:43.749+0000] {logging_mixin.py:190} INFO - [2026-07-29T18:44:43.749+0000] {dag.py:4138} INFO - Setting next_dagrun for example_params_trigger_ui to None, run_after=None
[2026-07-29T18:44:43.758+0000] {processor.py:208} INFO - Processing /home/airflow/.local/lib/python3.12/site-packages/airflow/example_dags/example_params_trigger_ui.py took 0.056 seconds
[2026-07-29T18:45:13.891+0000] {processor.py:186} INFO - Started process (PID=22666) to work on /home/airflow/.local/lib/python3.12/site-packages/airflow/example_dags/example_params_trigger_ui.py
[2026-07-29T18:45:13.892+0000] {processor.py:914} INFO - Processing file /home/airflow/.local/lib/python3.12/site-packages/airflow/example_dags/example_params_trigger_ui.py for tasks to queue
[2026-07-29T18:45:13.893+0000] {logging_mixin.py:190} INFO - [2026-07-29T18:45:13.893+0000] {dagbag.py:587} INFO - Filling up the DagBag from /home/airflow/.local/lib/python3.12/site-packages/airflow/example_dags/example_params_trigger_ui.py
[2026-07-29T18:45:13.898+0000] {processor.py:925} INFO - DAG(s) 'example_params_trigger_ui' retrieved from /home/airflow/.local/lib/python3.12/site-packages/airflow/example_dags/example_params_trigger_ui.py
[2026-07-29T18:45:13.917+0000] {logging_mixin.py:190} INFO - [2026-07-29T18:45:13.917+0000] {dag.py:3211} INFO - Sync 1 DAGs
[2026-07-29T18:45:13.925+0000] {logging_mixin.py:190} INFO - [2026-07-29T18:45:13.925+0000] {dag.py:4138} INFO - Setting next_dagrun for example_params_trigger_ui to None, run_after=None
[2026-07-29T18:45:13.938+0000] {processor.py:208} INFO - Processing /home/airflow/.local/lib/python3.12/site-packages/airflow/example_dags/example_params_trigger_ui.py took 0.050 seconds
[2026-07-29T18:45:44.954+0000] {processor.py:186} INFO - Started process (PID=22732) to work on /home/airflow/.local/lib/python3.12/site-packages/airflow/example_dags/example_params_trigger_ui.py
[2026-07-29T18:45:44.955+0000] {processor.py:914} INFO - Processing file /home/airflow/.local/lib/python3.12/site-packages/airflow/example_dags/example_params_trigger_ui.py for tasks to queue
[2026-07-29T18:45:44.956+0000] {logging_mixin.py:190} INFO - [2026-07-29T18:45:44.956+0000] {dagbag.py:587} INFO - Filling up the DagBag from /home/airflow/.local/lib/python3.12/site-packages/airflow/example_dags/example_params_trigger_ui.py
[2026-07-29T18:45:44.961+0000] {processor.py:925} INFO - DAG(s) 'example_params_trigger_ui' retrieved from /home/airflow/.local/lib/python3.12/site-packages/airflow/example_dags/example_params_trigger_ui.py
[2026-07-29T18:45:44.980+0000] {logging_mixin.py:190} INFO - [2026-07-29T18:45:44.980+0000] {dag.py:3211} INFO - Sync 1 DAGs
[2026-07-29T18:45:44.986+0000] {logging_mixin.py:190} INFO - [2026-07-29T18:45:44.986+0000] {dag.py:4138} INFO - Setting next_dagrun for example_params_trigger_ui to None, run_after=None
[2026-07-29T18:45:44.999+0000] {processor.py:208} INFO - Processing /home/airflow/.local/lib/python3.12/site-packages/airflow/example_dags/example_params_trigger_ui.py took 0.048 seconds
[2026-07-29T18:46:15.993+0000] {processor.py:186} INFO - Started process (PID=22798) to work on /home/airflow/.local/lib/python3.12/site-packages/airflow/example_dags/example_params_trigger_ui.py
[2026-07-29T18:46:15.994+0000] {processor.py:914} INFO - Processing file /home/airflow/.local/lib/python3.12/site-packages/airflow/example_dags/example_params_trigger_ui.py for tasks to queue
[2026-07-29T18:46:15.995+0000] {logging_mixin.py:190} INFO - [2026-07-29T18:46:15.995+0000] {dagbag.py:587} INFO - Filling up the DagBag from /home/airflow/.local/lib/python3.12/site-packages/airflow/example_dags/example_params_trigger_ui.py
[2026-07-29T18:46:16.000+0000] {processor.py:925} INFO - DAG(s) 'example_params_trigger_ui' retrieved from /home/airflow/.local/lib/python3.12/site-packages/airflow/example_dags/example_params_trigger_ui.py
[2026-07-29T18:46:16.022+0000] {logging_mixin.py:190} INFO - [2026-07-29T18:46:16.021+0000] {dag.py:3211} INFO - Sync 1 DAGs
[2026-07-29T18:46:16.027+0000] {logging_mixin.py:190} INFO - [2026-07-29T18:46:16.027+0000] {dag.py:4138} INFO - Setting next_dagrun for example_params_trigger_ui to None, run_after=None
[2026-07-29T18:46:16.037+0000] {processor.py:208} INFO - Processing /home/airflow/.local/lib/python3.12/site-packages/airflow/example_dags/example_params_trigger_ui.py took 0.047 seconds
[2026-07-29T18:46:46.058+0000] {processor.py:186} INFO - Started process (PID=22864) to work on /home/airflow/.local/lib/python3.12/site-packages/airflow/example_dags/example_params_trigger_ui.py
[2026-07-29T18:46:46.059+0000] {processor.py:914} INFO - Processing file /home/airflow/.local/lib/python3.12/site-packages/airflow/example_dags/example_params_trigger_ui.py for tasks to queue
[2026-07-29T18:46:46.060+0000] {logging_mixin.py:190} INFO - [2026-07-29T18:46:46.060+0000] {dagbag.py:587} INFO - Filling up the DagBag from /home/airflow/.local/lib/python3.12/site-packages/airflow/example_dags/example_params_trigger_ui.py
[2026-07-29T18:46:46.064+0000] {processor.py:925} INFO - DAG(s) 'example_params_trigger_ui' retrieved from /home/airflow/.local/lib/python3.12/site-packages/airflow/example_dags/example_params_trigger_ui.py
[2026-07-29T18:46:46.088+0000] {logging_mixin.py:190} INFO - [2026-07-29T18:46:46.088+0000] {dag.py:3211} INFO - Sync 1 DAGs
[2026-07-29T18:46:46.093+0000] {logging_mixin.py:190} INFO - [2026-07-29T18:46:46.093+0000] {dag.py:4138} INFO - Setting next_dagrun for example_params_trigger_ui to None, run_after=None
[2026-07-29T18:46:46.100+0000] {processor.py:208} INFO - Processing /home/airflow/.local/lib/python3.12/site-packages/airflow/example_dags/example_params_trigger_ui.py took 0.045 seconds
[2026-07-29T18:47:17.079+0000] {processor.py:186} INFO - Started process (PID=22930) to work on /home/airflow/.local/lib/python3.12/site-packages/airflow/example_dags/example_params_trigger_ui.py
[2026-07-29T18:47:17.079+0000] {processor.py:914} INFO - Processing file /home/airflow/.local/lib/python3.12/site-packages/airflow/example_dags/example_params_trigger_ui.py for tasks to queue
[2026-07-29T18:47:17.080+0000] {logging_mixin.py:190} INFO - [2026-07-29T18:47:17.080+0000] {dagbag.py:587} INFO - Filling up the DagBag from /home/airflow/.local/lib/python3.12/site-packages/airflow/example_dags/example_params_trigger_ui.py
[2026-07-29T18:47:17.085+0000] {processor.py:925} INFO - DAG(s) 'example_params_trigger_ui' retrieved from /home/airflow/.local/lib/python3.12/site-packages/airflow/example_dags/example_params_trigger_ui.py
[2026-07-29T18:47:17.105+0000] {logging_mixin.py:190} INFO - [2026-07-29T18:47:17.104+0000] {dag.py:3211} INFO - Sync 1 DAGs
[2026-07-29T18:47:17.111+0000] {logging_mixin.py:190} INFO - [2026-07-29T18:47:17.111+0000] {dag.py:4138} INFO - Setting next_dagrun for example_params_trigger_ui to None, run_after=None
[2026-07-29T18:47:17.119+0000] {processor.py:208} INFO - Processing /home/airflow/.local/lib/python3.12/site-packages/airflow/example_dags/example_params_trigger_ui.py took 0.043 seconds
[2026-07-29T18:47:48.074+0000] {processor.py:186} INFO - Started process (PID=22996) to work on /home/airflow/.local/lib/python3.12/site-packages/airflow/example_dags/example_params_trigger_ui.py
[2026-07-29T18:47:48.074+0000] {processor.py:914} INFO - Processing file /home/airflow/.local/lib/python3.12/site-packages/airflow/example_dags/example_params_trigger_ui.py for tasks to queue
[2026-07-29T18:47:48.075+0000] {logging_mixin.py:190} INFO - [2026-07-29T18:47:48.075+0000] {dagbag.py:587} INFO - Filling up the DagBag from /home/airflow/.local/lib/python3.12/site-packages/airflow/example_dags/example_params_trigger_ui.py
[2026-07-29T18:47:48.080+0000] {processor.py:925} INFO - DAG(s) 'example_params_trigger_ui' retrieved from /home/airflow/.local/lib/python3.12/site-packages/airflow/example_dags/example_params_trigger_ui.py
[2026-07-29T18:47:48.097+0000] {logging_mixin.py:190} INFO - [2026-07-29T18:47:48.097+0000] {dag.py:3211} INFO - Sync 1 DAGs
[2026-07-29T18:47:48.101+0000] {logging_mixin.py:190} INFO - [2026-07-29T18:47:48.101+0000] {dag.py:4138} INFO - Setting next_dagrun for example_params_trigger_ui to None, run_after=None
[2026-07-29T18:47:48.109+0000] {processor.py:208} INFO - Processing /home/airflow/.local/lib/python3.12/site-packages/airflow/example_dags/example_params_trigger_ui.py took 0.038 seconds
[2026-07-29T18:48:18.992+0000] {processor.py:186} INFO - Started process (PID=23062) to work on /home/airflow/.local/lib/python3.12/site-packages/airflow/example_dags/example_params_trigger_ui.py
[2026-07-29T18:48:18.995+0000] {processor.py:914} INFO - Processing file /home/airflow/.local/lib/python3.12/site-packages/airflow/example_dags/example_params_trigger_ui.py for tasks to queue
[2026-07-29T18:48:18.996+0000] {logging_mixin.py:190} INFO - [2026-07-29T18:48:18.996+0000] {dagbag.py:587} INFO - Filling up the DagBag from /home/airflow/.local/lib/python3.12/site-packages/airflow/example_dags/example_params_trigger_ui.py
[2026-07-29T18:48:19.001+0000] {processor.py:925} INFO - DAG(s) 'example_params_trigger_ui' retrieved from /home/airflow/.local/lib/python3.12/site-packages/airflow/example_dags/example_params_trigger_ui.py
[2026-07-29T18:48:19.019+0000] {logging_mixin.py:190} INFO - [2026-07-29T18:48:19.019+0000] {dag.py:3211} INFO - Sync 1 DAGs
[2026-07-29T18:48:19.025+0000] {logging_mixin.py:190} INFO - [2026-07-29T18:48:19.025+0000] {dag.py:4138} INFO - Setting next_dagrun for example_params_trigger_ui to None, run_after=None
[2026-07-29T18:48:19.034+0000] {processor.py:208} INFO - Processing /home/airflow/.local/lib/python3.12/site-packages/airflow/example_dags/example_params_trigger_ui.py took 0.044 seconds
[2026-07-29T18:48:50.140+0000] {processor.py:186} INFO - Started process (PID=23128) to work on /home/airflow/.local/lib/python3.12/site-packages/airflow/example_dags/example_params_trigger_ui.py
[2026-07-29T18:48:50.140+0000] {processor.py:914} INFO - Processing file /home/airflow/.local/lib/python3.12/site-packages/airflow/example_dags/example_params_trigger_ui.py for tasks to queue
[2026-07-29T18:48:50.142+0000] {logging_mixin.py:190} INFO - [2026-07-29T18:48:50.142+0000] {dagbag.py:587} INFO - Filling up the DagBag from /home/airflow/.local/lib/python3.12/site-packages/airflow/example_dags/example_params_trigger_ui.py
[2026-07-29T18:48:50.147+0000] {processor.py:925} INFO - DAG(s) 'example_params_trigger_ui' retrieved from /home/airflow/.local/lib/python3.12/site-packages/airflow/example_dags/example_params_trigger_ui.py
[2026-07-29T18:48:50.167+0000] {logging_mixin.py:190} INFO - [2026-07-29T18:48:50.167+0000] {dag.py:3211} INFO - Sync 1 DAGs
[2026-07-29T18:48:50.172+0000] {logging_mixin.py:190} INFO - [2026-07-29T18:48:50.172+0000] {dag.py:4138} INFO - Setting next_dagrun for example_params_trigger_ui to None, run_after=None
[2026-07-29T18:48:50.184+0000] {processor.py:208} INFO - Processing /home/airflow/.local/lib/python3.12/site-packages/airflow/example_dags/example_params_trigger_ui.py took 0.047 seconds
[2026-07-29T18:49:20.353+0000] {processor.py:186} INFO - Started process (PID=23194) to work on /home/airflow/.local/lib/python3.12/site-packages/airflow/example_dags/example_params_trigger_ui.py
[2026-07-29T18:49:20.353+0000] {processor.py:914} INFO - Processing file /home/airflow/.local/lib/python3.12/site-packages/airflow/example_dags/example_params_trigger_ui.py for tasks to queue
[2026-07-29T18:49:20.354+0000] {logging_mixin.py:190} INFO - [2026-07-29T18:49:20.354+0000] {dagbag.py:587} INFO - Filling up the DagBag from /home/airflow/.local/lib/python3.12/site-packages/airflow/example_dags/example_params_trigger_ui.py
[2026-07-29T18:49:20.359+0000] {processor.py:925} INFO - DAG(s) 'example_params_trigger_ui' retrieved from /home/airflow/.local/lib/python3.12/site-packages/airflow/example_dags/example_params_trigger_ui.py
[2026-07-29T18:49:20.378+0000] {logging_mixin.py:190} INFO - [2026-07-29T18:49:20.378+0000] {dag.py:3211} INFO - Sync 1 DAGs
[2026-07-29T18:49:20.384+0000] {logging_mixin.py:190} INFO - [2026-07-29T18:49:20.384+0000] {dag.py:4138} INFO - Setting next_dagrun for example_params_trigger_ui to None, run_after=None
[2026-07-29T18:49:20.395+0000] {processor.py:208} INFO - Processing /home/airflow/.local/lib/python3.12/site-packages/airflow/example_dags/example_params_trigger_ui.py took 0.045 seconds
[2026-07-29T18:49:50.619+0000] {processor.py:186} INFO - Started process (PID=23260) to work on /home/airflow/.local/lib/python3.12/site-packages/airflow/example_dags/example_params_trigger_ui.py
[2026-07-29T18:49:50.622+0000] {processor.py:914} INFO - Processing file /home/airflow/.local/lib/python3.12/site-packages/airflow/example_dags/example_params_trigger_ui.py for tasks to queue
[2026-07-29T18:49:50.623+0000] {logging_mixin.py:190} INFO - [2026-07-29T18:49:50.623+0000] {dagbag.py:587} INFO - Filling up the DagBag from /home/airflow/.local/lib/python3.12/site-packages/airflow/example_dags/example_params_trigger_ui.py
[2026-07-29T18:49:50.630+0000] {processor.py:925} INFO - DAG(s) 'example_params_trigger_ui' retrieved from /home/airflow/.local/lib/python3.12/site-packages/airflow/example_dags/example_params_trigger_ui.py
[2026-07-29T18:49:50.650+0000] {logging_mixin.py:190} INFO - [2026-07-29T18:49:50.650+0000] {dag.py:3211} INFO - Sync 1 DAGs
[2026-07-29T18:49:50.656+0000] {logging_mixin.py:190} INFO - [2026-07-29T18:49:50.656+0000] {dag.py:4138} INFO - Setting next_dagrun for example_params_trigger_ui to None, run_after=None
[2026-07-29T18:49:50.663+0000] {processor.py:208} INFO - Processing /home/airflow/.local/lib/python3.12/site-packages/airflow/example_dags/example_params_trigger_ui.py took 0.047 seconds
[2026-07-29T18:50:20.731+0000] {processor.py:186} INFO - Started process (PID=23326) to work on /home/airflow/.local/lib/python3.12/site-packages/airflow/example_dags/example_params_trigger_ui.py
[2026-07-29T18:50:20.731+0000] {processor.py:914} INFO - Processing file /home/airflow/.local/lib/python3.12/site-packages/airflow/example_dags/example_params_trigger_ui.py for tasks to queue
[2026-07-29T18:50:20.732+0000] {logging_mixin.py:190} INFO - [2026-07-29T18:50:20.732+0000] {dagbag.py:587} INFO - Filling up the DagBag from /home/airflow/.local/lib/python3.12/site-packages/airflow/example_dags/example_params_trigger_ui.py
[2026-07-29T18:50:20.738+0000] {processor.py:925} INFO - DAG(s) 'example_params_trigger_ui' retrieved from /home/airflow/.local/lib/python3.12/site-packages/airflow/example_dags/example_params_trigger_ui.py
[2026-07-29T18:50:20.753+0000] {logging_mixin.py:190} INFO - [2026-07-29T18:50:20.753+0000] {dag.py:3211} INFO - Sync 1 DAGs
[2026-07-29T18:50:20.758+0000] {logging_mixin.py:190} INFO - [2026-07-29T18:50:20.757+0000] {dag.py:4138} INFO - Setting next_dagrun for example_params_trigger_ui to None, run_after=None
[2026-07-29T18:50:20.769+0000] {processor.py:208} INFO - Processing /home/airflow/.local/lib/python3.12/site-packages/airflow/example_dags/example_params_trigger_ui.py took 0.040 seconds
[2026-07-29T18:50:50.986+0000] {processor.py:186} INFO - Started process (PID=23392) to work on /home/airflow/.local/lib/python3.12/site-packages/airflow/example_dags/example_params_trigger_ui.py
[2026-07-29T18:50:50.987+0000] {processor.py:914} INFO - Processing file /home/airflow/.local/lib/python3.12/site-packages/airflow/example_dags/example_params_trigger_ui.py for tasks to queue
[2026-07-29T18:50:50.988+0000] {logging_mixin.py:190} INFO - [2026-07-29T18:50:50.988+0000] {dagbag.py:587} INFO - Filling up the DagBag from /home/airflow/.local/lib/python3.12/site-packages/airflow/example_dags/example_params_trigger_ui.py
[2026-07-29T18:50:50.994+0000] {processor.py:925} INFO - DAG(s) 'example_params_trigger_ui' retrieved from /home/airflow/.local/lib/python3.12/site-packages/airflow/example_dags/example_params_trigger_ui.py
[2026-07-29T18:50:51.013+0000] {logging_mixin.py:190} INFO - [2026-07-29T18:50:51.013+0000] {dag.py:3211} INFO - Sync 1 DAGs
[2026-07-29T18:50:51.019+0000] {logging_mixin.py:190} INFO - [2026-07-29T18:50:51.019+0000] {dag.py:4138} INFO - Setting next_dagrun for example_params_trigger_ui to None, run_after=None
[2026-07-29T18:50:51.029+0000] {processor.py:208} INFO - Processing /home/airflow/.local/lib/python3.12/site-packages/airflow/example_dags/example_params_trigger_ui.py took 0.047 seconds
[2026-07-29T18:51:21.313+0000] {processor.py:186} INFO - Started process (PID=23458) to work on /home/airflow/.local/lib/python3.12/site-packages/airflow/example_dags/example_params_trigger_ui.py
[2026-07-29T18:51:21.315+0000] {processor.py:914} INFO - Processing file /home/airflow/.local/lib/python3.12/site-packages/airflow/example_dags/example_params_trigger_ui.py for tasks to queue
[2026-07-29T18:51:21.316+0000] {logging_mixin.py:190} INFO - [2026-07-29T18:51:21.316+0000] {dagbag.py:587} INFO - Filling up the DagBag from /home/airflow/.local/lib/python3.12/site-packages/airflow/example_dags/example_params_trigger_ui.py
[2026-07-29T18:51:21.323+0000] {processor.py:925} INFO - DAG(s) 'example_params_trigger_ui' retrieved from /home/airflow/.local/lib/python3.12/site-packages/airflow/example_dags/example_params_trigger_ui.py
[2026-07-29T18:51:21.344+0000] {logging_mixin.py:190} INFO - [2026-07-29T18:51:21.344+0000] {dag.py:3211} INFO - Sync 1 DAGs
[2026-07-29T18:51:21.350+0000] {logging_mixin.py:190} INFO - [2026-07-29T18:51:21.350+0000] {dag.py:4138} INFO - Setting next_dagrun for example_params_trigger_ui to None, run_after=None
[2026-07-29T18:51:21.363+0000] {processor.py:208} INFO - Processing /home/airflow/.local/lib/python3.12/site-packages/airflow/example_dags/example_params_trigger_ui.py took 0.053 seconds
[2026-07-29T18:51:51.649+0000] {processor.py:186} INFO - Started process (PID=23524) to work on /home/airflow/.local/lib/python3.12/site-packages/airflow/example_dags/example_params_trigger_ui.py
[2026-07-29T18:51:51.650+0000] {processor.py:914} INFO - Processing file /home/airflow/.local/lib/python3.12/site-packages/airflow/example_dags/example_params_trigger_ui.py for tasks to queue
[2026-07-29T18:51:51.651+0000] {logging_mixin.py:190} INFO - [2026-07-29T18:51:51.651+0000] {dagbag.py:587} INFO - Filling up the DagBag from /home/airflow/.local/lib/python3.12/site-packages/airflow/example_dags/example_params_trigger_ui.py
[2026-07-29T18:51:51.656+0000] {processor.py:925} INFO - DAG(s) 'example_params_trigger_ui' retrieved from /home/airflow/.local/lib/python3.12/site-packages/airflow/example_dags/example_params_trigger_ui.py
[2026-07-29T18:51:51.676+0000] {logging_mixin.py:190} INFO - [2026-07-29T18:51:51.676+0000] {dag.py:3211} INFO - Sync 1 DAGs
[2026-07-29T18:51:51.684+0000] {logging_mixin.py:190} INFO - [2026-07-29T18:51:51.684+0000] {dag.py:4138} INFO - Setting next_dagrun for example_params_trigger_ui to None, run_after=None
[2026-07-29T18:51:51.694+0000] {processor.py:208} INFO - Processing /home/airflow/.local/lib/python3.12/site-packages/airflow/example_dags/example_params_trigger_ui.py took 0.047 seconds
[2026-07-29T18:52:21.826+0000] {processor.py:186} INFO - Started process (PID=23590) to work on /home/airflow/.local/lib/python3.12/site-packages/airflow/example_dags/example_params_trigger_ui.py
[2026-07-29T18:52:21.827+0000] {processor.py:914} INFO - Processing file /home/airflow/.local/lib/python3.12/site-packages/airflow/example_dags/example_params_trigger_ui.py for tasks to queue
[2026-07-29T18:52:21.828+0000] {logging_mixin.py:190} INFO - [2026-07-29T18:52:21.828+0000] {dagbag.py:587} INFO - Filling up the DagBag from /home/airflow/.local/lib/python3.12/site-packages/airflow/example_dags/example_params_trigger_ui.py
[2026-07-29T18:52:21.833+0000] {processor.py:925} INFO - DAG(s) 'example_params_trigger_ui' retrieved from /home/airflow/.local/lib/python3.12/site-packages/airflow/example_dags/example_params_trigger_ui.py
[2026-07-29T18:52:21.855+0000] {logging_mixin.py:190} INFO - [2026-07-29T18:52:21.855+0000] {dag.py:3211} INFO - Sync 1 DAGs
[2026-07-29T18:52:21.860+0000] {logging_mixin.py:190} INFO - [2026-07-29T18:52:21.860+0000] {dag.py:4138} INFO - Setting next_dagrun for example_params_trigger_ui to None, run_after=None
[2026-07-29T18:52:21.869+0000] {processor.py:208} INFO - Processing /home/airflow/.local/lib/python3.12/site-packages/airflow/example_dags/example_params_trigger_ui.py took 0.045 seconds
[2026-07-29T18:52:51.973+0000] {processor.py:186} INFO - Started process (PID=23656) to work on /home/airflow/.local/lib/python3.12/site-packages/airflow/example_dags/example_params_trigger_ui.py
[2026-07-29T18:52:51.973+0000] {processor.py:914} INFO - Processing file /home/airflow/.local/lib/python3.12/site-packages/airflow/example_dags/example_params_trigger_ui.py for tasks to queue
[2026-07-29T18:52:51.974+0000] {logging_mixin.py:190} INFO - [2026-07-29T18:52:51.974+0000] {dagbag.py:587} INFO - Filling up the DagBag from /home/airflow/.local/lib/python3.12/site-packages/airflow/example_dags/example_params_trigger_ui.py
[2026-07-29T18:52:51.979+0000] {processor.py:925} INFO - DAG(s) 'example_params_trigger_ui' retrieved from /home/airflow/.local/lib/python3.12/site-packages/airflow/example_dags/example_params_trigger_ui.py
[2026-07-29T18:52:51.997+0000] {logging_mixin.py:190} INFO - [2026-07-29T18:52:51.997+0000] {dag.py:3211} INFO - Sync 1 DAGs
[2026-07-29T18:52:52.005+0000] {logging_mixin.py:190} INFO - [2026-07-29T18:52:52.005+0000] {dag.py:4138} INFO - Setting next_dagrun for example_params_trigger_ui to None, run_after=None
[2026-07-29T18:52:52.017+0000] {processor.py:208} INFO - Processing /home/airflow/.local/lib/python3.12/site-packages/airflow/example_dags/example_params_trigger_ui.py took 0.047 seconds
[2026-07-29T18:53:22.098+0000] {processor.py:186} INFO - Started process (PID=23722) to work on /home/airflow/.local/lib/python3.12/site-packages/airflow/example_dags/example_params_trigger_ui.py
[2026-07-29T18:53:22.099+0000] {processor.py:914} INFO - Processing file /home/airflow/.local/lib/python3.12/site-packages/airflow/example_dags/example_params_trigger_ui.py for tasks to queue
[2026-07-29T18:53:22.103+0000] {logging_mixin.py:190} INFO - [2026-07-29T18:53:22.103+0000] {dagbag.py:587} INFO - Filling up the DagBag from /home/airflow/.local/lib/python3.12/site-packages/airflow/example_dags/example_params_trigger_ui.py
[2026-07-29T18:53:22.112+0000] {processor.py:925} INFO - DAG(s) 'example_params_trigger_ui' retrieved from /home/airflow/.local/lib/python3.12/site-packages/airflow/example_dags/example_params_trigger_ui.py
[2026-07-29T18:53:22.134+0000] {logging_mixin.py:190} INFO - [2026-07-29T18:53:22.134+0000] {dag.py:3211} INFO - Sync 1 DAGs
[2026-07-29T18:53:22.143+0000] {logging_mixin.py:190} INFO - [2026-07-29T18:53:22.143+0000] {dag.py:4138} INFO - Setting next_dagrun for example_params_trigger_ui to None, run_after=None
[2026-07-29T18:53:22.152+0000] {processor.py:208} INFO - Processing /home/airflow/.local/lib/python3.12/site-packages/airflow/example_dags/example_params_trigger_ui.py took 0.056 seconds
[2026-07-29T18:53:52.329+0000] {processor.py:186} INFO - Started process (PID=23788) to work on /home/airflow/.local/lib/python3.12/site-packages/airflow/example_dags/example_params_trigger_ui.py
[2026-07-29T18:53:52.330+0000] {processor.py:914} INFO - Processing file /home/airflow/.local/lib/python3.12/site-packages/airflow/example_dags/example_params_trigger_ui.py for tasks to queue
[2026-07-29T18:53:52.331+0000] {logging_mixin.py:190} INFO - [2026-07-29T18:53:52.331+0000] {dagbag.py:587} INFO - Filling up the DagBag from /home/airflow/.local/lib/python3.12/site-packages/airflow/example_dags/example_params_trigger_ui.py
[2026-07-29T18:53:52.336+0000] {processor.py:925} INFO - DAG(s) 'example_params_trigger_ui' retrieved from /home/airflow/.local/lib/python3.12/site-packages/airflow/example_dags/example_params_trigger_ui.py
[2026-07-29T18:53:52.351+0000] {logging_mixin.py:190} INFO - [2026-07-29T18:53:52.351+0000] {dag.py:3211} INFO - Sync 1 DAGs
[2026-07-29T18:53:52.356+0000] {logging_mixin.py:190} INFO - [2026-07-29T18:53:52.356+0000] {dag.py:4138} INFO - Setting next_dagrun for example_params_trigger_ui to None, run_after=None
[2026-07-29T18:53:52.362+0000] {processor.py:208} INFO - Processing /home/airflow/.local/lib/python3.12/site-packages/airflow/example_dags/example_params_trigger_ui.py took 0.036 seconds
[2026-07-29T18:54:22.387+0000] {processor.py:186} INFO - Started process (PID=23853) to work on /home/airflow/.local/lib/python3.12/site-packages/airflow/example_dags/example_params_trigger_ui.py
[2026-07-29T18:54:22.388+0000] {processor.py:914} INFO - Processing file /home/airflow/.local/lib/python3.12/site-packages/airflow/example_dags/example_params_trigger_ui.py for tasks to queue
[2026-07-29T18:54:22.389+0000] {logging_mixin.py:190} INFO - [2026-07-29T18:54:22.389+0000] {dagbag.py:587} INFO - Filling up the DagBag from /home/airflow/.local/lib/python3.12/site-packages/airflow/example_dags/example_params_trigger_ui.py
[2026-07-29T18:54:22.395+0000] {processor.py:925} INFO - DAG(s) 'example_params_trigger_ui' retrieved from /home/airflow/.local/lib/python3.12/site-packages/airflow/example_dags/example_params_trigger_ui.py
[2026-07-29T18:54:22.412+0000] {logging_mixin.py:190} INFO - [2026-07-29T18:54:22.412+0000] {dag.py:3211} INFO - Sync 1 DAGs
[2026-07-29T18:54:22.417+0000] {logging_mixin.py:190} INFO - [2026-07-29T18:54:22.417+0000] {dag.py:4138} INFO - Setting next_dagrun for example_params_trigger_ui to None, run_after=None
[2026-07-29T18:54:22.424+0000] {processor.py:208} INFO - Processing /home/airflow/.local/lib/python3.12/site-packages/airflow/example_dags/example_params_trigger_ui.py took 0.039 seconds
[2026-07-29T18:54:52.977+0000] {processor.py:186} INFO - Started process (PID=23910) to work on /home/airflow/.local/lib/python3.12/site-packages/airflow/example_dags/example_params_trigger_ui.py
[2026-07-29T18:54:52.978+0000] {processor.py:914} INFO - Processing file /home/airflow/.local/lib/python3.12/site-packages/airflow/example_dags/example_params_trigger_ui.py for tasks to queue
[2026-07-29T18:54:52.981+0000] {logging_mixin.py:190} INFO - [2026-07-29T18:54:52.981+0000] {dagbag.py:587} INFO - Filling up the DagBag from /home/airflow/.local/lib/python3.12/site-packages/airflow/example_dags/example_params_trigger_ui.py
[2026-07-29T18:54:52.986+0000] {processor.py:925} INFO - DAG(s) 'example_params_trigger_ui' retrieved from /home/airflow/.local/lib/python3.12/site-packages/airflow/example_dags/example_params_trigger_ui.py
[2026-07-29T18:54:53.001+0000] {logging_mixin.py:190} INFO - [2026-07-29T18:54:53.001+0000] {dag.py:3211} INFO - Sync 1 DAGs
[2026-07-29T18:54:53.009+0000] {logging_mixin.py:190} INFO - [2026-07-29T18:54:53.009+0000] {dag.py:4138} INFO - Setting next_dagrun for example_params_trigger_ui to None, run_after=None
[2026-07-29T18:54:53.021+0000] {processor.py:208} INFO - Processing /home/airflow/.local/lib/python3.12/site-packages/airflow/example_dags/example_params_trigger_ui.py took 0.046 seconds
[2026-07-29T18:55:23.230+0000] {processor.py:186} INFO - Started process (PID=23976) to work on /home/airflow/.local/lib/python3.12/site-packages/airflow/example_dags/example_params_trigger_ui.py
[2026-07-29T18:55:23.231+0000] {processor.py:914} INFO - Processing file /home/airflow/.local/lib/python3.12/site-packages/airflow/example_dags/example_params_trigger_ui.py for tasks to queue
[2026-07-29T18:55:23.233+0000] {logging_mixin.py:190} INFO - [2026-07-29T18:55:23.233+0000] {dagbag.py:587} INFO - Filling up the DagBag from /home/airflow/.local/lib/python3.12/site-packages/airflow/example_dags/example_params_trigger_ui.py
[2026-07-29T18:55:23.239+0000] {processor.py:925} INFO - DAG(s) 'example_params_trigger_ui' retrieved from /home/airflow/.local/lib/python3.12/site-packages/airflow/example_dags/example_params_trigger_ui.py
[2026-07-29T18:55:23.260+0000] {logging_mixin.py:190} INFO - [2026-07-29T18:55:23.260+0000] {dag.py:3211} INFO - Sync 1 DAGs
[2026-07-29T18:55:23.266+0000] {logging_mixin.py:190} INFO - [2026-07-29T18:55:23.266+0000] {dag.py:4138} INFO - Setting next_dagrun for example_params_trigger_ui to None, run_after=None
[2026-07-29T18:55:23.281+0000] {processor.py:208} INFO - Processing /home/airflow/.local/lib/python3.12/site-packages/airflow/example_dags/example_params_trigger_ui.py took 0.054 seconds
[2026-07-29T18:55:53.312+0000] {processor.py:186} INFO - Started process (PID=24042) to work on /home/airflow/.local/lib/python3.12/site-packages/airflow/example_dags/example_params_trigger_ui.py
[2026-07-29T18:55:53.314+0000] {processor.py:914} INFO - Processing file /home/airflow/.local/lib/python3.12/site-packages/airflow/example_dags/example_params_trigger_ui.py for tasks to queue
[2026-07-29T18:55:53.316+0000] {logging_mixin.py:190} INFO - [2026-07-29T18:55:53.316+0000] {dagbag.py:587} INFO - Filling up the DagBag from /home/airflow/.local/lib/python3.12/site-packages/airflow/example_dags/example_params_trigger_ui.py
[2026-07-29T18:55:53.324+0000] {processor.py:925} INFO - DAG(s) 'example_params_trigger_ui' retrieved from /home/airflow/.local/lib/python3.12/site-packages/airflow/example_dags/example_params_trigger_ui.py
[2026-07-29T18:55:53.339+0000] {logging_mixin.py:190} INFO - [2026-07-29T18:55:53.339+0000] {dag.py:3211} INFO - Sync 1 DAGs
[2026-07-29T18:55:53.345+0000] {logging_mixin.py:190} INFO - [2026-07-29T18:55:53.345+0000] {dag.py:4138} INFO - Setting next_dagrun for example_params_trigger_ui to None, run_after=None
[2026-07-29T18:55:53.353+0000] {processor.py:208} INFO - Processing /home/airflow/.local/lib/python3.12/site-packages/airflow/example_dags/example_params_trigger_ui.py took 0.044 seconds
[2026-07-29T18:56:23.492+0000] {processor.py:186} INFO - Started process (PID=24108) to work on /home/airflow/.local/lib/python3.12/site-packages/airflow/example_dags/example_params_trigger_ui.py
[2026-07-29T18:56:23.493+0000] {processor.py:914} INFO - Processing file /home/airflow/.local/lib/python3.12/site-packages/airflow/example_dags/example_params_trigger_ui.py for tasks to queue
[2026-07-29T18:56:23.494+0000] {logging_mixin.py:190} INFO - [2026-07-29T18:56:23.494+0000] {dagbag.py:587} INFO - Filling up the DagBag from /home/airflow/.local/lib/python3.12/site-packages/airflow/example_dags/example_params_trigger_ui.py
[2026-07-29T18:56:23.499+0000] {processor.py:925} INFO - DAG(s) 'example_params_trigger_ui' retrieved from /home/airflow/.local/lib/python3.12/site-packages/airflow/example_dags/example_params_trigger_ui.py
[2026-07-29T18:56:23.517+0000] {logging_mixin.py:190} INFO - [2026-07-29T18:56:23.517+0000] {dag.py:3211} INFO - Sync 1 DAGs
[2026-07-29T18:56:23.524+0000] {logging_mixin.py:190} INFO - [2026-07-29T18:56:23.524+0000] {dag.py:4138} INFO - Setting next_dagrun for example_params_trigger_ui to None, run_after=None
[2026-07-29T18:56:23.532+0000] {processor.py:208} INFO - Processing /home/airflow/.local/lib/python3.12/site-packages/airflow/example_dags/example_params_trigger_ui.py took 0.043 seconds
[2026-07-29T18:56:53.675+0000] {processor.py:186} INFO - Started process (PID=24174) to work on /home/airflow/.local/lib/python3.12/site-packages/airflow/example_dags/example_params_trigger_ui.py
[2026-07-29T18:56:53.675+0000] {processor.py:914} INFO - Processing file /home/airflow/.local/lib/python3.12/site-packages/airflow/example_dags/example_params_trigger_ui.py for tasks to queue
[2026-07-29T18:56:53.677+0000] {logging_mixin.py:190} INFO - [2026-07-29T18:56:53.677+0000] {dagbag.py:587} INFO - Filling up the DagBag from /home/airflow/.local/lib/python3.12/site-packages/airflow/example_dags/example_params_trigger_ui.py
[2026-07-29T18:56:53.684+0000] {processor.py:925} INFO - DAG(s) 'example_params_trigger_ui' retrieved from /home/airflow/.local/lib/python3.12/site-packages/airflow/example_dags/example_params_trigger_ui.py
[2026-07-29T18:56:53.701+0000] {logging_mixin.py:190} INFO - [2026-07-29T18:56:53.700+0000] {dag.py:3211} INFO - Sync 1 DAGs
[2026-07-29T18:56:53.707+0000] {logging_mixin.py:190} INFO - [2026-07-29T18:56:53.707+0000] {dag.py:4138} INFO - Setting next_dagrun for example_params_trigger_ui to None, run_after=None
[2026-07-29T18:56:53.714+0000] {processor.py:208} INFO - Processing /home/airflow/.local/lib/python3.12/site-packages/airflow/example_dags/example_params_trigger_ui.py took 0.042 seconds
[2026-07-29T18:57:23.771+0000] {processor.py:186} INFO - Started process (PID=24240) to work on /home/airflow/.local/lib/python3.12/site-packages/airflow/example_dags/example_params_trigger_ui.py
[2026-07-29T18:57:23.772+0000] {processor.py:914} INFO - Processing file /home/airflow/.local/lib/python3.12/site-packages/airflow/example_dags/example_params_trigger_ui.py for tasks to queue
[2026-07-29T18:57:23.773+0000] {logging_mixin.py:190} INFO - [2026-07-29T18:57:23.772+0000] {dagbag.py:587} INFO - Filling up the DagBag from /home/airflow/.local/lib/python3.12/site-packages/airflow/example_dags/example_params_trigger_ui.py
[2026-07-29T18:57:23.778+0000] {processor.py:925} INFO - DAG(s) 'example_params_trigger_ui' retrieved from /home/airflow/.local/lib/python3.12/site-packages/airflow/example_dags/example_params_trigger_ui.py
[2026-07-29T18:57:23.795+0000] {logging_mixin.py:190} INFO - [2026-07-29T18:57:23.795+0000] {dag.py:3211} INFO - Sync 1 DAGs
[2026-07-29T18:57:23.800+0000] {logging_mixin.py:190} INFO - [2026-07-29T18:57:23.800+0000] {dag.py:4138} INFO - Setting next_dagrun for example_params_trigger_ui to None, run_after=None
[2026-07-29T18:57:23.805+0000] {processor.py:208} INFO - Processing /home/airflow/.local/lib/python3.12/site-packages/airflow/example_dags/example_params_trigger_ui.py took 0.037 seconds
[2026-07-29T18:57:54.816+0000] {processor.py:186} INFO - Started process (PID=24306) to work on /home/airflow/.local/lib/python3.12/site-packages/airflow/example_dags/example_params_trigger_ui.py
[2026-07-29T18:57:54.817+0000] {processor.py:914} INFO - Processing file /home/airflow/.local/lib/python3.12/site-packages/airflow/example_dags/example_params_trigger_ui.py for tasks to queue
[2026-07-29T18:57:54.818+0000] {logging_mixin.py:190} INFO - [2026-07-29T18:57:54.818+0000] {dagbag.py:587} INFO - Filling up the DagBag from /home/airflow/.local/lib/python3.12/site-packages/airflow/example_dags/example_params_trigger_ui.py
[2026-07-29T18:57:54.822+0000] {processor.py:925} INFO - DAG(s) 'example_params_trigger_ui' retrieved from /home/airflow/.local/lib/python3.12/site-packages/airflow/example_dags/example_params_trigger_ui.py
[2026-07-29T18:57:54.835+0000] {logging_mixin.py:190} INFO - [2026-07-29T18:57:54.835+0000] {dag.py:3211} INFO - Sync 1 DAGs
[2026-07-29T18:57:54.840+0000] {logging_mixin.py:190} INFO - [2026-07-29T18:57:54.840+0000] {dag.py:4138} INFO - Setting next_dagrun for example_params_trigger_ui to None, run_after=None
[2026-07-29T18:57:54.845+0000] {processor.py:208} INFO - Processing /home/airflow/.local/lib/python3.12/site-packages/airflow/example_dags/example_params_trigger_ui.py took 0.031 seconds
[2026-07-29T18:58:25.728+0000] {processor.py:186} INFO - Started process (PID=24372) to work on /home/airflow/.local/lib/python3.12/site-packages/airflow/example_dags/example_params_trigger_ui.py
[2026-07-29T18:58:25.730+0000] {processor.py:914} INFO - Processing file /home/airflow/.local/lib/python3.12/site-packages/airflow/example_dags/example_params_trigger_ui.py for tasks to queue
[2026-07-29T18:58:25.732+0000] {logging_mixin.py:190} INFO - [2026-07-29T18:58:25.731+0000] {dagbag.py:587} INFO - Filling up the DagBag from /home/airflow/.local/lib/python3.12/site-packages/airflow/example_dags/example_params_trigger_ui.py
[2026-07-29T18:58:25.736+0000] {processor.py:925} INFO - DAG(s) 'example_params_trigger_ui' retrieved from /home/airflow/.local/lib/python3.12/site-packages/airflow/example_dags/example_params_trigger_ui.py
[2026-07-29T18:58:25.754+0000] {logging_mixin.py:190} INFO - [2026-07-29T18:58:25.754+0000] {dag.py:3211} INFO - Sync 1 DAGs
[2026-07-29T18:58:25.761+0000] {logging_mixin.py:190} INFO - [2026-07-29T18:58:25.761+0000] {dag.py:4138} INFO - Setting next_dagrun for example_params_trigger_ui to None, run_after=None
[2026-07-29T18:58:25.767+0000] {processor.py:208} INFO - Processing /home/airflow/.local/lib/python3.12/site-packages/airflow/example_dags/example_params_trigger_ui.py took 0.041 seconds
[2026-07-29T18:58:56.787+0000] {processor.py:186} INFO - Started process (PID=24438) to work on /home/airflow/.local/lib/python3.12/site-packages/airflow/example_dags/example_params_trigger_ui.py
[2026-07-29T18:58:56.788+0000] {processor.py:914} INFO - Processing file /home/airflow/.local/lib/python3.12/site-packages/airflow/example_dags/example_params_trigger_ui.py for tasks to queue
[2026-07-29T18:58:56.789+0000] {logging_mixin.py:190} INFO - [2026-07-29T18:58:56.789+0000] {dagbag.py:587} INFO - Filling up the DagBag from /home/airflow/.local/lib/python3.12/site-packages/airflow/example_dags/example_params_trigger_ui.py
[2026-07-29T18:58:56.794+0000] {processor.py:925} INFO - DAG(s) 'example_params_trigger_ui' retrieved from /home/airflow/.local/lib/python3.12/site-packages/airflow/example_dags/example_params_trigger_ui.py
[2026-07-29T18:58:56.820+0000] {logging_mixin.py:190} INFO - [2026-07-29T18:58:56.820+0000] {dag.py:3211} INFO - Sync 1 DAGs
[2026-07-29T18:58:56.826+0000] {logging_mixin.py:190} INFO - [2026-07-29T18:58:56.826+0000] {dag.py:4138} INFO - Setting next_dagrun for example_params_trigger_ui to None, run_after=None
[2026-07-29T18:58:56.833+0000] {processor.py:208} INFO - Processing /home/airflow/.local/lib/python3.12/site-packages/airflow/example_dags/example_params_trigger_ui.py took 0.050 seconds
[2026-07-29T18:59:27.776+0000] {processor.py:186} INFO - Started process (PID=24504) to work on /home/airflow/.local/lib/python3.12/site-packages/airflow/example_dags/example_params_trigger_ui.py
[2026-07-29T18:59:27.777+0000] {processor.py:914} INFO - Processing file /home/airflow/.local/lib/python3.12/site-packages/airflow/example_dags/example_params_trigger_ui.py for tasks to queue
[2026-07-29T18:59:27.778+0000] {logging_mixin.py:190} INFO - [2026-07-29T18:59:27.778+0000] {dagbag.py:587} INFO - Filling up the DagBag from /home/airflow/.local/lib/python3.12/site-packages/airflow/example_dags/example_params_trigger_ui.py
[2026-07-29T18:59:27.782+0000] {processor.py:925} INFO - DAG(s) 'example_params_trigger_ui' retrieved from /home/airflow/.local/lib/python3.12/site-packages/airflow/example_dags/example_params_trigger_ui.py
[2026-07-29T18:59:27.806+0000] {logging_mixin.py:190} INFO - [2026-07-29T18:59:27.805+0000] {dag.py:3211} INFO - Sync 1 DAGs
[2026-07-29T18:59:27.811+0000] {logging_mixin.py:190} INFO - [2026-07-29T18:59:27.811+0000] {dag.py:4138} INFO - Setting next_dagrun for example_params_trigger_ui to None, run_after=None
[2026-07-29T18:59:27.816+0000] {processor.py:208} INFO - Processing /home/airflow/.local/lib/python3.12/site-packages/airflow/example_dags/example_params_trigger_ui.py took 0.043 seconds
[2026-07-29T18:59:58.713+0000] {processor.py:186} INFO - Started process (PID=24570) to work on /home/airflow/.local/lib/python3.12/site-packages/airflow/example_dags/example_params_trigger_ui.py
[2026-07-29T18:59:58.714+0000] {processor.py:914} INFO - Processing file /home/airflow/.local/lib/python3.12/site-packages/airflow/example_dags/example_params_trigger_ui.py for tasks to queue
[2026-07-29T18:59:58.715+0000] {logging_mixin.py:190} INFO - [2026-07-29T18:59:58.715+0000] {dagbag.py:587} INFO - Filling up the DagBag from /home/airflow/.local/lib/python3.12/site-packages/airflow/example_dags/example_params_trigger_ui.py
[2026-07-29T18:59:58.721+0000] {processor.py:925} INFO - DAG(s) 'example_params_trigger_ui' retrieved from /home/airflow/.local/lib/python3.12/site-packages/airflow/example_dags/example_params_trigger_ui.py
[2026-07-29T18:59:58.747+0000] {logging_mixin.py:190} INFO - [2026-07-29T18:59:58.747+0000] {dag.py:3211} INFO - Sync 1 DAGs
[2026-07-29T18:59:58.754+0000] {logging_mixin.py:190} INFO - [2026-07-29T18:59:58.754+0000] {dag.py:4138} INFO - Setting next_dagrun for example_params_trigger_ui to None, run_after=None
[2026-07-29T18:59:58.759+0000] {processor.py:208} INFO - Processing /home/airflow/.local/lib/python3.12/site-packages/airflow/example_dags/example_params_trigger_ui.py took 0.048 seconds
[2026-07-29T19:00:28.859+0000] {processor.py:186} INFO - Started process (PID=24636) to work on /home/airflow/.local/lib/python3.12/site-packages/airflow/example_dags/example_params_trigger_ui.py
[2026-07-29T19:00:28.859+0000] {processor.py:914} INFO - Processing file /home/airflow/.local/lib/python3.12/site-packages/airflow/example_dags/example_params_trigger_ui.py for tasks to queue
[2026-07-29T19:00:28.860+0000] {logging_mixin.py:190} INFO - [2026-07-29T19:00:28.860+0000] {dagbag.py:587} INFO - Filling up the DagBag from /home/airflow/.local/lib/python3.12/site-packages/airflow/example_dags/example_params_trigger_ui.py
[2026-07-29T19:00:28.865+0000] {processor.py:925} INFO - DAG(s) 'example_params_trigger_ui' retrieved from /home/airflow/.local/lib/python3.12/site-packages/airflow/example_dags/example_params_trigger_ui.py
[2026-07-29T19:00:28.886+0000] {logging_mixin.py:190} INFO - [2026-07-29T19:00:28.886+0000] {dag.py:3211} INFO - Sync 1 DAGs
[2026-07-29T19:00:28.893+0000] {logging_mixin.py:190} INFO - [2026-07-29T19:00:28.893+0000] {dag.py:4138} INFO - Setting next_dagrun for example_params_trigger_ui to None, run_after=None
[2026-07-29T19:00:28.902+0000] {processor.py:208} INFO - Processing /home/airflow/.local/lib/python3.12/site-packages/airflow/example_dags/example_params_trigger_ui.py took 0.047 seconds
[2026-07-29T19:00:59.066+0000] {processor.py:186} INFO - Started process (PID=24702) to work on /home/airflow/.local/lib/python3.12/site-packages/airflow/example_dags/example_params_trigger_ui.py
[2026-07-29T19:00:59.069+0000] {processor.py:914} INFO - Processing file /home/airflow/.local/lib/python3.12/site-packages/airflow/example_dags/example_params_trigger_ui.py for tasks to queue
[2026-07-29T19:00:59.070+0000] {logging_mixin.py:190} INFO - [2026-07-29T19:00:59.070+0000] {dagbag.py:587} INFO - Filling up the DagBag from /home/airflow/.local/lib/python3.12/site-packages/airflow/example_dags/example_params_trigger_ui.py
[2026-07-29T19:00:59.079+0000] {processor.py:925} INFO - DAG(s) 'example_params_trigger_ui' retrieved from /home/airflow/.local/lib/python3.12/site-packages/airflow/example_dags/example_params_trigger_ui.py
[2026-07-29T19:00:59.106+0000] {logging_mixin.py:190} INFO - [2026-07-29T19:00:59.105+0000] {dag.py:3211} INFO - Sync 1 DAGs
[2026-07-29T19:00:59.115+0000] {logging_mixin.py:190} INFO - [2026-07-29T19:00:59.114+0000] {dag.py:4138} INFO - Setting next_dagrun for example_params_trigger_ui to None, run_after=None
[2026-07-29T19:00:59.122+0000] {processor.py:208} INFO - Processing /home/airflow/.local/lib/python3.12/site-packages/airflow/example_dags/example_params_trigger_ui.py took 0.059 seconds
[2026-07-29T19:01:30.089+0000] {processor.py:186} INFO - Started process (PID=24768) to work on /home/airflow/.local/lib/python3.12/site-packages/airflow/example_dags/example_params_trigger_ui.py
[2026-07-29T19:01:30.091+0000] {processor.py:914} INFO - Processing file /home/airflow/.local/lib/python3.12/site-packages/airflow/example_dags/example_params_trigger_ui.py for tasks to queue
[2026-07-29T19:01:30.092+0000] {logging_mixin.py:190} INFO - [2026-07-29T19:01:30.092+0000] {dagbag.py:587} INFO - Filling up the DagBag from /home/airflow/.local/lib/python3.12/site-packages/airflow/example_dags/example_params_trigger_ui.py
[2026-07-29T19:01:30.098+0000] {processor.py:925} INFO - DAG(s) 'example_params_trigger_ui' retrieved from /home/airflow/.local/lib/python3.12/site-packages/airflow/example_dags/example_params_trigger_ui.py
[2026-07-29T19:01:30.119+0000] {logging_mixin.py:190} INFO - [2026-07-29T19:01:30.119+0000] {dag.py:3211} INFO - Sync 1 DAGs
[2026-07-29T19:01:30.124+0000] {logging_mixin.py:190} INFO - [2026-07-29T19:01:30.124+0000] {dag.py:4138} INFO - Setting next_dagrun for example_params_trigger_ui to None, run_after=None
[2026-07-29T19:01:30.131+0000] {processor.py:208} INFO - Processing /home/airflow/.local/lib/python3.12/site-packages/airflow/example_dags/example_params_trigger_ui.py took 0.045 seconds
[2026-07-29T19:02:01.110+0000] {processor.py:186} INFO - Started process (PID=24834) to work on /home/airflow/.local/lib/python3.12/site-packages/airflow/example_dags/example_params_trigger_ui.py
[2026-07-29T19:02:01.112+0000] {processor.py:914} INFO - Processing file /home/airflow/.local/lib/python3.12/site-packages/airflow/example_dags/example_params_trigger_ui.py for tasks to queue
[2026-07-29T19:02:01.114+0000] {logging_mixin.py:190} INFO - [2026-07-29T19:02:01.114+0000] {dagbag.py:587} INFO - Filling up the DagBag from /home/airflow/.local/lib/python3.12/site-packages/airflow/example_dags/example_params_trigger_ui.py
[2026-07-29T19:02:01.122+0000] {processor.py:925} INFO - DAG(s) 'example_params_trigger_ui' retrieved from /home/airflow/.local/lib/python3.12/site-packages/airflow/example_dags/example_params_trigger_ui.py
[2026-07-29T19:02:01.147+0000] {logging_mixin.py:190} INFO - [2026-07-29T19:02:01.147+0000] {dag.py:3211} INFO - Sync 1 DAGs
[2026-07-29T19:02:01.155+0000] {logging_mixin.py:190} INFO - [2026-07-29T19:02:01.155+0000] {dag.py:4138} INFO - Setting next_dagrun for example_params_trigger_ui to None, run_after=None
[2026-07-29T19:02:01.162+0000] {processor.py:208} INFO - Processing /home/airflow/.local/lib/python3.12/site-packages/airflow/example_dags/example_params_trigger_ui.py took 0.056 seconds
[2026-07-29T19:02:32.034+0000] {processor.py:186} INFO - Started process (PID=24900) to work on /home/airflow/.local/lib/python3.12/site-packages/airflow/example_dags/example_params_trigger_ui.py
[2026-07-29T19:02:32.035+0000] {processor.py:914} INFO - Processing file /home/airflow/.local/lib/python3.12/site-packages/airflow/example_dags/example_params_trigger_ui.py for tasks to queue
[2026-07-29T19:02:32.036+0000] {logging_mixin.py:190} INFO - [2026-07-29T19:02:32.035+0000] {dagbag.py:587} INFO - Filling up the DagBag from /home/airflow/.local/lib/python3.12/site-packages/airflow/example_dags/example_params_trigger_ui.py
[2026-07-29T19:02:32.044+0000] {processor.py:925} INFO - DAG(s) 'example_params_trigger_ui' retrieved from /home/airflow/.local/lib/python3.12/site-packages/airflow/example_dags/example_params_trigger_ui.py
[2026-07-29T19:02:32.065+0000] {logging_mixin.py:190} INFO - [2026-07-29T19:02:32.065+0000] {dag.py:3211} INFO - Sync 1 DAGs
[2026-07-29T19:02:32.070+0000] {logging_mixin.py:190} INFO - [2026-07-29T19:02:32.070+0000] {dag.py:4138} INFO - Setting next_dagrun for example_params_trigger_ui to None, run_after=None
[2026-07-29T19:02:32.080+0000] {processor.py:208} INFO - Processing /home/airflow/.local/lib/python3.12/site-packages/airflow/example_dags/example_params_trigger_ui.py took 0.053 seconds
[2026-07-29T19:03:03.268+0000] {processor.py:186} INFO - Started process (PID=24967) to work on /home/airflow/.local/lib/python3.12/site-packages/airflow/example_dags/example_params_trigger_ui.py
[2026-07-29T19:03:03.277+0000] {processor.py:914} INFO - Processing file /home/airflow/.local/lib/python3.12/site-packages/airflow/example_dags/example_params_trigger_ui.py for tasks to queue
[2026-07-29T19:03:03.282+0000] {logging_mixin.py:190} INFO - [2026-07-29T19:03:03.282+0000] {dagbag.py:587} INFO - Filling up the DagBag from /home/airflow/.local/lib/python3.12/site-packages/airflow/example_dags/example_params_trigger_ui.py
[2026-07-29T19:03:03.292+0000] {processor.py:925} INFO - DAG(s) 'example_params_trigger_ui' retrieved from /home/airflow/.local/lib/python3.12/site-packages/airflow/example_dags/example_params_trigger_ui.py
[2026-07-29T19:03:03.325+0000] {logging_mixin.py:190} INFO - [2026-07-29T19:03:03.324+0000] {dag.py:3211} INFO - Sync 1 DAGs
[2026-07-29T19:03:03.336+0000] {logging_mixin.py:190} INFO - [2026-07-29T19:03:03.336+0000] {dag.py:4138} INFO - Setting next_dagrun for example_params_trigger_ui to None, run_after=None
[2026-07-29T19:03:03.351+0000] {processor.py:208} INFO - Processing /home/airflow/.local/lib/python3.12/site-packages/airflow/example_dags/example_params_trigger_ui.py took 0.245 seconds
[2026-07-29T19:03:34.344+0000] {processor.py:186} INFO - Started process (PID=25039) to work on /home/airflow/.local/lib/python3.12/site-packages/airflow/example_dags/example_params_trigger_ui.py
[2026-07-29T19:03:34.346+0000] {processor.py:914} INFO - Processing file /home/airflow/.local/lib/python3.12/site-packages/airflow/example_dags/example_params_trigger_ui.py for tasks to queue
[2026-07-29T19:03:34.348+0000] {logging_mixin.py:190} INFO - [2026-07-29T19:03:34.348+0000] {dagbag.py:587} INFO - Filling up the DagBag from /home/airflow/.local/lib/python3.12/site-packages/airflow/example_dags/example_params_trigger_ui.py
[2026-07-29T19:03:34.356+0000] {processor.py:925} INFO - DAG(s) 'example_params_trigger_ui' retrieved from /home/airflow/.local/lib/python3.12/site-packages/airflow/example_dags/example_params_trigger_ui.py
[2026-07-29T19:03:34.378+0000] {logging_mixin.py:190} INFO - [2026-07-29T19:03:34.378+0000] {dag.py:3211} INFO - Sync 1 DAGs
[2026-07-29T19:03:34.385+0000] {logging_mixin.py:190} INFO - [2026-07-29T19:03:34.385+0000] {dag.py:4138} INFO - Setting next_dagrun for example_params_trigger_ui to None, run_after=None
[2026-07-29T19:03:34.396+0000] {processor.py:208} INFO - Processing /home/airflow/.local/lib/python3.12/site-packages/airflow/example_dags/example_params_trigger_ui.py took 0.057 seconds
[2026-07-29T19:04:05.082+0000] {processor.py:186} INFO - Started process (PID=25105) to work on /home/airflow/.local/lib/python3.12/site-packages/airflow/example_dags/example_params_trigger_ui.py
[2026-07-29T19:04:05.083+0000] {processor.py:914} INFO - Processing file /home/airflow/.local/lib/python3.12/site-packages/airflow/example_dags/example_params_trigger_ui.py for tasks to queue
[2026-07-29T19:04:05.086+0000] {logging_mixin.py:190} INFO - [2026-07-29T19:04:05.086+0000] {dagbag.py:587} INFO - Filling up the DagBag from /home/airflow/.local/lib/python3.12/site-packages/airflow/example_dags/example_params_trigger_ui.py
[2026-07-29T19:04:05.095+0000] {processor.py:925} INFO - DAG(s) 'example_params_trigger_ui' retrieved from /home/airflow/.local/lib/python3.12/site-packages/airflow/example_dags/example_params_trigger_ui.py
[2026-07-29T19:04:05.115+0000] {logging_mixin.py:190} INFO - [2026-07-29T19:04:05.115+0000] {dag.py:3211} INFO - Sync 1 DAGs
[2026-07-29T19:04:05.121+0000] {logging_mixin.py:190} INFO - [2026-07-29T19:04:05.121+0000] {dag.py:4138} INFO - Setting next_dagrun for example_params_trigger_ui to None, run_after=None
[2026-07-29T19:04:05.128+0000] {processor.py:208} INFO - Processing /home/airflow/.local/lib/python3.12/site-packages/airflow/example_dags/example_params_trigger_ui.py took 0.049 seconds
[2026-07-29T19:04:35.259+0000] {processor.py:186} INFO - Started process (PID=25171) to work on /home/airflow/.local/lib/python3.12/site-packages/airflow/example_dags/example_params_trigger_ui.py
[2026-07-29T19:04:35.259+0000] {processor.py:914} INFO - Processing file /home/airflow/.local/lib/python3.12/site-packages/airflow/example_dags/example_params_trigger_ui.py for tasks to queue
[2026-07-29T19:04:35.260+0000] {logging_mixin.py:190} INFO - [2026-07-29T19:04:35.260+0000] {dagbag.py:587} INFO - Filling up the DagBag from /home/airflow/.local/lib/python3.12/site-packages/airflow/example_dags/example_params_trigger_ui.py
[2026-07-29T19:04:35.265+0000] {processor.py:925} INFO - DAG(s) 'example_params_trigger_ui' retrieved from /home/airflow/.local/lib/python3.12/site-packages/airflow/example_dags/example_params_trigger_ui.py
[2026-07-29T19:04:35.279+0000] {logging_mixin.py:190} INFO - [2026-07-29T19:04:35.279+0000] {dag.py:3211} INFO - Sync 1 DAGs
[2026-07-29T19:04:35.284+0000] {logging_mixin.py:190} INFO - [2026-07-29T19:04:35.284+0000] {dag.py:4138} INFO - Setting next_dagrun for example_params_trigger_ui to None, run_after=None
[2026-07-29T19:04:35.289+0000] {processor.py:208} INFO - Processing /home/airflow/.local/lib/python3.12/site-packages/airflow/example_dags/example_params_trigger_ui.py took 0.033 seconds
[2026-07-29T19:05:05.431+0000] {processor.py:186} INFO - Started process (PID=25237) to work on /home/airflow/.local/lib/python3.12/site-packages/airflow/example_dags/example_params_trigger_ui.py
[2026-07-29T19:05:05.433+0000] {processor.py:914} INFO - Processing file /home/airflow/.local/lib/python3.12/site-packages/airflow/example_dags/example_params_trigger_ui.py for tasks to queue
[2026-07-29T19:05:05.434+0000] {logging_mixin.py:190} INFO - [2026-07-29T19:05:05.434+0000] {dagbag.py:587} INFO - Filling up the DagBag from /home/airflow/.local/lib/python3.12/site-packages/airflow/example_dags/example_params_trigger_ui.py
[2026-07-29T19:05:05.440+0000] {processor.py:925} INFO - DAG(s) 'example_params_trigger_ui' retrieved from /home/airflow/.local/lib/python3.12/site-packages/airflow/example_dags/example_params_trigger_ui.py
[2026-07-29T19:05:05.460+0000] {logging_mixin.py:190} INFO - [2026-07-29T19:05:05.460+0000] {dag.py:3211} INFO - Sync 1 DAGs
[2026-07-29T19:05:05.465+0000] {logging_mixin.py:190} INFO - [2026-07-29T19:05:05.465+0000] {dag.py:4138} INFO - Setting next_dagrun for example_params_trigger_ui to None, run_after=None
[2026-07-29T19:05:05.471+0000] {processor.py:208} INFO - Processing /home/airflow/.local/lib/python3.12/site-packages/airflow/example_dags/example_params_trigger_ui.py took 0.043 seconds
[2026-07-29T19:05:35.597+0000] {processor.py:186} INFO - Started process (PID=25303) to work on /home/airflow/.local/lib/python3.12/site-packages/airflow/example_dags/example_params_trigger_ui.py
[2026-07-29T19:05:35.598+0000] {processor.py:914} INFO - Processing file /home/airflow/.local/lib/python3.12/site-packages/airflow/example_dags/example_params_trigger_ui.py for tasks to queue
[2026-07-29T19:05:35.599+0000] {logging_mixin.py:190} INFO - [2026-07-29T19:05:35.599+0000] {dagbag.py:587} INFO - Filling up the DagBag from /home/airflow/.local/lib/python3.12/site-packages/airflow/example_dags/example_params_trigger_ui.py
[2026-07-29T19:05:35.604+0000] {processor.py:925} INFO - DAG(s) 'example_params_trigger_ui' retrieved from /home/airflow/.local/lib/python3.12/site-packages/airflow/example_dags/example_params_trigger_ui.py
[2026-07-29T19:05:35.619+0000] {logging_mixin.py:190} INFO - [2026-07-29T19:05:35.619+0000] {dag.py:3211} INFO - Sync 1 DAGs
[2026-07-29T19:05:35.624+0000] {logging_mixin.py:190} INFO - [2026-07-29T19:05:35.624+0000] {dag.py:4138} INFO - Setting next_dagrun for example_params_trigger_ui to None, run_after=None
[2026-07-29T19:05:35.630+0000] {processor.py:208} INFO - Processing /home/airflow/.local/lib/python3.12/site-packages/airflow/example_dags/example_params_trigger_ui.py took 0.036 seconds
[2026-07-29T19:06:05.741+0000] {processor.py:186} INFO - Started process (PID=25369) to work on /home/airflow/.local/lib/python3.12/site-packages/airflow/example_dags/example_params_trigger_ui.py
[2026-07-29T19:06:05.741+0000] {processor.py:914} INFO - Processing file /home/airflow/.local/lib/python3.12/site-packages/airflow/example_dags/example_params_trigger_ui.py for tasks to queue
[2026-07-29T19:06:05.742+0000] {logging_mixin.py:190} INFO - [2026-07-29T19:06:05.742+0000] {dagbag.py:587} INFO - Filling up the DagBag from /home/airflow/.local/lib/python3.12/site-packages/airflow/example_dags/example_params_trigger_ui.py
[2026-07-29T19:06:05.747+0000] {processor.py:925} INFO - DAG(s) 'example_params_trigger_ui' retrieved from /home/airflow/.local/lib/python3.12/site-packages/airflow/example_dags/example_params_trigger_ui.py
[2026-07-29T19:06:05.762+0000] {logging_mixin.py:190} INFO - [2026-07-29T19:06:05.762+0000] {dag.py:3211} INFO - Sync 1 DAGs
[2026-07-29T19:06:05.767+0000] {logging_mixin.py:190} INFO - [2026-07-29T19:06:05.767+0000] {dag.py:4138} INFO - Setting next_dagrun for example_params_trigger_ui to None, run_after=None
[2026-07-29T19:06:05.774+0000] {processor.py:208} INFO - Processing /home/airflow/.local/lib/python3.12/site-packages/airflow/example_dags/example_params_trigger_ui.py took 0.036 seconds
[2026-07-29T19:06:35.897+0000] {processor.py:186} INFO - Started process (PID=25435) to work on /home/airflow/.local/lib/python3.12/site-packages/airflow/example_dags/example_params_trigger_ui.py
[2026-07-29T19:06:35.897+0000] {processor.py:914} INFO - Processing file /home/airflow/.local/lib/python3.12/site-packages/airflow/example_dags/example_params_trigger_ui.py for tasks to queue
[2026-07-29T19:06:35.899+0000] {logging_mixin.py:190} INFO - [2026-07-29T19:06:35.899+0000] {dagbag.py:587} INFO - Filling up the DagBag from /home/airflow/.local/lib/python3.12/site-packages/airflow/example_dags/example_params_trigger_ui.py
[2026-07-29T19:06:35.903+0000] {processor.py:925} INFO - DAG(s) 'example_params_trigger_ui' retrieved from /home/airflow/.local/lib/python3.12/site-packages/airflow/example_dags/example_params_trigger_ui.py
[2026-07-29T19:06:35.917+0000] {logging_mixin.py:190} INFO - [2026-07-29T19:06:35.917+0000] {dag.py:3211} INFO - Sync 1 DAGs
[2026-07-29T19:06:35.922+0000] {logging_mixin.py:190} INFO - [2026-07-29T19:06:35.922+0000] {dag.py:4138} INFO - Setting next_dagrun for example_params_trigger_ui to None, run_after=None
[2026-07-29T19:06:35.928+0000] {processor.py:208} INFO - Processing /home/airflow/.local/lib/python3.12/site-packages/airflow/example_dags/example_params_trigger_ui.py took 0.034 seconds
[2026-07-29T19:07:06.896+0000] {processor.py:186} INFO - Started process (PID=25501) to work on /home/airflow/.local/lib/python3.12/site-packages/airflow/example_dags/example_params_trigger_ui.py
[2026-07-29T19:07:06.896+0000] {processor.py:914} INFO - Processing file /home/airflow/.local/lib/python3.12/site-packages/airflow/example_dags/example_params_trigger_ui.py for tasks to queue
[2026-07-29T19:07:06.897+0000] {logging_mixin.py:190} INFO - [2026-07-29T19:07:06.897+0000] {dagbag.py:587} INFO - Filling up the DagBag from /home/airflow/.local/lib/python3.12/site-packages/airflow/example_dags/example_params_trigger_ui.py
[2026-07-29T19:07:06.902+0000] {processor.py:925} INFO - DAG(s) 'example_params_trigger_ui' retrieved from /home/airflow/.local/lib/python3.12/site-packages/airflow/example_dags/example_params_trigger_ui.py
[2026-07-29T19:07:06.917+0000] {logging_mixin.py:190} INFO - [2026-07-29T19:07:06.917+0000] {dag.py:3211} INFO - Sync 1 DAGs
[2026-07-29T19:07:06.923+0000] {logging_mixin.py:190} INFO - [2026-07-29T19:07:06.923+0000] {dag.py:4138} INFO - Setting next_dagrun for example_params_trigger_ui to None, run_after=None
[2026-07-29T19:07:06.930+0000] {processor.py:208} INFO - Processing /home/airflow/.local/lib/python3.12/site-packages/airflow/example_dags/example_params_trigger_ui.py took 0.036 seconds
[2026-07-29T19:07:36.982+0000] {processor.py:186} INFO - Started process (PID=25567) to work on /home/airflow/.local/lib/python3.12/site-packages/airflow/example_dags/example_params_trigger_ui.py
[2026-07-29T19:07:36.983+0000] {processor.py:914} INFO - Processing file /home/airflow/.local/lib/python3.12/site-packages/airflow/example_dags/example_params_trigger_ui.py for tasks to queue
[2026-07-29T19:07:36.984+0000] {logging_mixin.py:190} INFO - [2026-07-29T19:07:36.984+0000] {dagbag.py:587} INFO - Filling up the DagBag from /home/airflow/.local/lib/python3.12/site-packages/airflow/example_dags/example_params_trigger_ui.py
[2026-07-29T19:07:36.989+0000] {processor.py:925} INFO - DAG(s) 'example_params_trigger_ui' retrieved from /home/airflow/.local/lib/python3.12/site-packages/airflow/example_dags/example_params_trigger_ui.py
[2026-07-29T19:07:37.004+0000] {logging_mixin.py:190} INFO - [2026-07-29T19:07:37.004+0000] {dag.py:3211} INFO - Sync 1 DAGs
[2026-07-29T19:07:37.009+0000] {logging_mixin.py:190} INFO - [2026-07-29T19:07:37.009+0000] {dag.py:4138} INFO - Setting next_dagrun for example_params_trigger_ui to None, run_after=None
[2026-07-29T19:07:37.015+0000] {processor.py:208} INFO - Processing /home/airflow/.local/lib/python3.12/site-packages/airflow/example_dags/example_params_trigger_ui.py took 0.036 seconds
[2026-07-29T19:08:07.901+0000] {processor.py:186} INFO - Started process (PID=25633) to work on /home/airflow/.local/lib/python3.12/site-packages/airflow/example_dags/example_params_trigger_ui.py
[2026-07-29T19:08:07.901+0000] {processor.py:914} INFO - Processing file /home/airflow/.local/lib/python3.12/site-packages/airflow/example_dags/example_params_trigger_ui.py for tasks to queue
[2026-07-29T19:08:07.902+0000] {logging_mixin.py:190} INFO - [2026-07-29T19:08:07.902+0000] {dagbag.py:587} INFO - Filling up the DagBag from /home/airflow/.local/lib/python3.12/site-packages/airflow/example_dags/example_params_trigger_ui.py
[2026-07-29T19:08:07.907+0000] {processor.py:925} INFO - DAG(s) 'example_params_trigger_ui' retrieved from /home/airflow/.local/lib/python3.12/site-packages/airflow/example_dags/example_params_trigger_ui.py
[2026-07-29T19:08:07.920+0000] {logging_mixin.py:190} INFO - [2026-07-29T19:08:07.920+0000] {dag.py:3211} INFO - Sync 1 DAGs
[2026-07-29T19:08:07.924+0000] {logging_mixin.py:190} INFO - [2026-07-29T19:08:07.924+0000] {dag.py:4138} INFO - Setting next_dagrun for example_params_trigger_ui to None, run_after=None
[2026-07-29T19:08:07.930+0000] {processor.py:208} INFO - Processing /home/airflow/.local/lib/python3.12/site-packages/airflow/example_dags/example_params_trigger_ui.py took 0.031 seconds
[2026-07-29T19:08:39.051+0000] {processor.py:186} INFO - Started process (PID=25699) to work on /home/airflow/.local/lib/python3.12/site-packages/airflow/example_dags/example_params_trigger_ui.py
[2026-07-29T19:08:39.052+0000] {processor.py:914} INFO - Processing file /home/airflow/.local/lib/python3.12/site-packages/airflow/example_dags/example_params_trigger_ui.py for tasks to queue
[2026-07-29T19:08:39.053+0000] {logging_mixin.py:190} INFO - [2026-07-29T19:08:39.053+0000] {dagbag.py:587} INFO - Filling up the DagBag from /home/airflow/.local/lib/python3.12/site-packages/airflow/example_dags/example_params_trigger_ui.py
[2026-07-29T19:08:39.060+0000] {processor.py:925} INFO - DAG(s) 'example_params_trigger_ui' retrieved from /home/airflow/.local/lib/python3.12/site-packages/airflow/example_dags/example_params_trigger_ui.py
[2026-07-29T19:08:39.083+0000] {logging_mixin.py:190} INFO - [2026-07-29T19:08:39.083+0000] {dag.py:3211} INFO - Sync 1 DAGs
[2026-07-29T19:08:39.090+0000] {logging_mixin.py:190} INFO - [2026-07-29T19:08:39.089+0000] {dag.py:4138} INFO - Setting next_dagrun for example_params_trigger_ui to None, run_after=None
[2026-07-29T19:08:39.101+0000] {processor.py:208} INFO - Processing /home/airflow/.local/lib/python3.12/site-packages/airflow/example_dags/example_params_trigger_ui.py took 0.053 seconds
[2026-07-29T19:09:10.003+0000] {processor.py:186} INFO - Started process (PID=25765) to work on /home/airflow/.local/lib/python3.12/site-packages/airflow/example_dags/example_params_trigger_ui.py
[2026-07-29T19:09:10.004+0000] {processor.py:914} INFO - Processing file /home/airflow/.local/lib/python3.12/site-packages/airflow/example_dags/example_params_trigger_ui.py for tasks to queue
[2026-07-29T19:09:10.006+0000] {logging_mixin.py:190} INFO - [2026-07-29T19:09:10.005+0000] {dagbag.py:587} INFO - Filling up the DagBag from /home/airflow/.local/lib/python3.12/site-packages/airflow/example_dags/example_params_trigger_ui.py
[2026-07-29T19:09:10.013+0000] {processor.py:925} INFO - DAG(s) 'example_params_trigger_ui' retrieved from /home/airflow/.local/lib/python3.12/site-packages/airflow/example_dags/example_params_trigger_ui.py
[2026-07-29T19:09:10.034+0000] {logging_mixin.py:190} INFO - [2026-07-29T19:09:10.034+0000] {dag.py:3211} INFO - Sync 1 DAGs
[2026-07-29T19:09:10.039+0000] {logging_mixin.py:190} INFO - [2026-07-29T19:09:10.039+0000] {dag.py:4138} INFO - Setting next_dagrun for example_params_trigger_ui to None, run_after=None
[2026-07-29T19:09:10.045+0000] {processor.py:208} INFO - Processing /home/airflow/.local/lib/python3.12/site-packages/airflow/example_dags/example_params_trigger_ui.py took 0.044 seconds
[2026-07-29T19:09:40.128+0000] {processor.py:186} INFO - Started process (PID=25831) to work on /home/airflow/.local/lib/python3.12/site-packages/airflow/example_dags/example_params_trigger_ui.py
[2026-07-29T19:09:40.129+0000] {processor.py:914} INFO - Processing file /home/airflow/.local/lib/python3.12/site-packages/airflow/example_dags/example_params_trigger_ui.py for tasks to queue
[2026-07-29T19:09:40.130+0000] {logging_mixin.py:190} INFO - [2026-07-29T19:09:40.130+0000] {dagbag.py:587} INFO - Filling up the DagBag from /home/airflow/.local/lib/python3.12/site-packages/airflow/example_dags/example_params_trigger_ui.py
[2026-07-29T19:09:40.135+0000] {processor.py:925} INFO - DAG(s) 'example_params_trigger_ui' retrieved from /home/airflow/.local/lib/python3.12/site-packages/airflow/example_dags/example_params_trigger_ui.py
[2026-07-29T19:09:40.150+0000] {logging_mixin.py:190} INFO - [2026-07-29T19:09:40.150+0000] {dag.py:3211} INFO - Sync 1 DAGs
[2026-07-29T19:09:40.156+0000] {logging_mixin.py:190} INFO - [2026-07-29T19:09:40.156+0000] {dag.py:4138} INFO - Setting next_dagrun for example_params_trigger_ui to None, run_after=None
[2026-07-29T19:09:40.162+0000] {processor.py:208} INFO - Processing /home/airflow/.local/lib/python3.12/site-packages/airflow/example_dags/example_params_trigger_ui.py took 0.037 seconds
[2026-07-29T19:10:10.323+0000] {processor.py:186} INFO - Started process (PID=25897) to work on /home/airflow/.local/lib/python3.12/site-packages/airflow/example_dags/example_params_trigger_ui.py
[2026-07-29T19:10:10.323+0000] {processor.py:914} INFO - Processing file /home/airflow/.local/lib/python3.12/site-packages/airflow/example_dags/example_params_trigger_ui.py for tasks to queue
[2026-07-29T19:10:10.325+0000] {logging_mixin.py:190} INFO - [2026-07-29T19:10:10.324+0000] {dagbag.py:587} INFO - Filling up the DagBag from /home/airflow/.local/lib/python3.12/site-packages/airflow/example_dags/example_params_trigger_ui.py
[2026-07-29T19:10:10.332+0000] {processor.py:925} INFO - DAG(s) 'example_params_trigger_ui' retrieved from /home/airflow/.local/lib/python3.12/site-packages/airflow/example_dags/example_params_trigger_ui.py
[2026-07-29T19:10:10.388+0000] {logging_mixin.py:190} INFO - [2026-07-29T19:10:10.388+0000] {dag.py:3211} INFO - Sync 1 DAGs
[2026-07-29T19:10:10.399+0000] {logging_mixin.py:190} INFO - [2026-07-29T19:10:10.398+0000] {dag.py:4138} INFO - Setting next_dagrun for example_params_trigger_ui to None, run_after=None
[2026-07-29T19:10:10.412+0000] {processor.py:208} INFO - Processing /home/airflow/.local/lib/python3.12/site-packages/airflow/example_dags/example_params_trigger_ui.py took 0.092 seconds
[2026-07-29T19:10:40.540+0000] {processor.py:186} INFO - Started process (PID=25963) to work on /home/airflow/.local/lib/python3.12/site-packages/airflow/example_dags/example_params_trigger_ui.py
[2026-07-29T19:10:40.540+0000] {processor.py:914} INFO - Processing file /home/airflow/.local/lib/python3.12/site-packages/airflow/example_dags/example_params_trigger_ui.py for tasks to queue
[2026-07-29T19:10:40.541+0000] {logging_mixin.py:190} INFO - [2026-07-29T19:10:40.541+0000] {dagbag.py:587} INFO - Filling up the DagBag from /home/airflow/.local/lib/python3.12/site-packages/airflow/example_dags/example_params_trigger_ui.py
[2026-07-29T19:10:40.547+0000] {processor.py:925} INFO - DAG(s) 'example_params_trigger_ui' retrieved from /home/airflow/.local/lib/python3.12/site-packages/airflow/example_dags/example_params_trigger_ui.py
[2026-07-29T19:10:40.563+0000] {logging_mixin.py:190} INFO - [2026-07-29T19:10:40.563+0000] {dag.py:3211} INFO - Sync 1 DAGs
[2026-07-29T19:10:40.571+0000] {logging_mixin.py:190} INFO - [2026-07-29T19:10:40.571+0000] {dag.py:4138} INFO - Setting next_dagrun for example_params_trigger_ui to None, run_after=None
[2026-07-29T19:10:40.580+0000] {processor.py:208} INFO - Processing /home/airflow/.local/lib/python3.12/site-packages/airflow/example_dags/example_params_trigger_ui.py took 0.044 seconds
[2026-07-29T19:11:11.571+0000] {processor.py:186} INFO - Started process (PID=26029) to work on /home/airflow/.local/lib/python3.12/site-packages/airflow/example_dags/example_params_trigger_ui.py
[2026-07-29T19:11:11.571+0000] {processor.py:914} INFO - Processing file /home/airflow/.local/lib/python3.12/site-packages/airflow/example_dags/example_params_trigger_ui.py for tasks to queue
[2026-07-29T19:11:11.572+0000] {logging_mixin.py:190} INFO - [2026-07-29T19:11:11.572+0000] {dagbag.py:587} INFO - Filling up the DagBag from /home/airflow/.local/lib/python3.12/site-packages/airflow/example_dags/example_params_trigger_ui.py
[2026-07-29T19:11:11.577+0000] {processor.py:925} INFO - DAG(s) 'example_params_trigger_ui' retrieved from /home/airflow/.local/lib/python3.12/site-packages/airflow/example_dags/example_params_trigger_ui.py
[2026-07-29T19:11:11.591+0000] {logging_mixin.py:190} INFO - [2026-07-29T19:11:11.591+0000] {dag.py:3211} INFO - Sync 1 DAGs
[2026-07-29T19:11:11.596+0000] {logging_mixin.py:190} INFO - [2026-07-29T19:11:11.596+0000] {dag.py:4138} INFO - Setting next_dagrun for example_params_trigger_ui to None, run_after=None
[2026-07-29T19:11:11.601+0000] {processor.py:208} INFO - Processing /home/airflow/.local/lib/python3.12/site-packages/airflow/example_dags/example_params_trigger_ui.py took 0.033 seconds
[2026-07-29T19:11:42.492+0000] {processor.py:186} INFO - Started process (PID=26095) to work on /home/airflow/.local/lib/python3.12/site-packages/airflow/example_dags/example_params_trigger_ui.py
[2026-07-29T19:11:42.493+0000] {processor.py:914} INFO - Processing file /home/airflow/.local/lib/python3.12/site-packages/airflow/example_dags/example_params_trigger_ui.py for tasks to queue
[2026-07-29T19:11:42.494+0000] {logging_mixin.py:190} INFO - [2026-07-29T19:11:42.494+0000] {dagbag.py:587} INFO - Filling up the DagBag from /home/airflow/.local/lib/python3.12/site-packages/airflow/example_dags/example_params_trigger_ui.py
[2026-07-29T19:11:42.500+0000] {processor.py:925} INFO - DAG(s) 'example_params_trigger_ui' retrieved from /home/airflow/.local/lib/python3.12/site-packages/airflow/example_dags/example_params_trigger_ui.py
[2026-07-29T19:11:42.517+0000] {logging_mixin.py:190} INFO - [2026-07-29T19:11:42.517+0000] {dag.py:3211} INFO - Sync 1 DAGs
[2026-07-29T19:11:42.523+0000] {logging_mixin.py:190} INFO - [2026-07-29T19:11:42.523+0000] {dag.py:4138} INFO - Setting next_dagrun for example_params_trigger_ui to None, run_after=None
[2026-07-29T19:11:42.531+0000] {processor.py:208} INFO - Processing /home/airflow/.local/lib/python3.12/site-packages/airflow/example_dags/example_params_trigger_ui.py took 0.042 seconds
[2026-07-29T19:12:12.586+0000] {processor.py:186} INFO - Started process (PID=26161) to work on /home/airflow/.local/lib/python3.12/site-packages/airflow/example_dags/example_params_trigger_ui.py
[2026-07-29T19:12:12.586+0000] {processor.py:914} INFO - Processing file /home/airflow/.local/lib/python3.12/site-packages/airflow/example_dags/example_params_trigger_ui.py for tasks to queue
[2026-07-29T19:12:12.587+0000] {logging_mixin.py:190} INFO - [2026-07-29T19:12:12.587+0000] {dagbag.py:587} INFO - Filling up the DagBag from /home/airflow/.local/lib/python3.12/site-packages/airflow/example_dags/example_params_trigger_ui.py
[2026-07-29T19:12:12.592+0000] {processor.py:925} INFO - DAG(s) 'example_params_trigger_ui' retrieved from /home/airflow/.local/lib/python3.12/site-packages/airflow/example_dags/example_params_trigger_ui.py
[2026-07-29T19:12:12.607+0000] {logging_mixin.py:190} INFO - [2026-07-29T19:12:12.607+0000] {dag.py:3211} INFO - Sync 1 DAGs
[2026-07-29T19:12:12.612+0000] {logging_mixin.py:190} INFO - [2026-07-29T19:12:12.612+0000] {dag.py:4138} INFO - Setting next_dagrun for example_params_trigger_ui to None, run_after=None
[2026-07-29T19:12:12.618+0000] {processor.py:208} INFO - Processing /home/airflow/.local/lib/python3.12/site-packages/airflow/example_dags/example_params_trigger_ui.py took 0.035 seconds
[2026-07-29T19:12:43.514+0000] {processor.py:186} INFO - Started process (PID=26227) to work on /home/airflow/.local/lib/python3.12/site-packages/airflow/example_dags/example_params_trigger_ui.py
[2026-07-29T19:12:43.514+0000] {processor.py:914} INFO - Processing file /home/airflow/.local/lib/python3.12/site-packages/airflow/example_dags/example_params_trigger_ui.py for tasks to queue
[2026-07-29T19:12:43.515+0000] {logging_mixin.py:190} INFO - [2026-07-29T19:12:43.515+0000] {dagbag.py:587} INFO - Filling up the DagBag from /home/airflow/.local/lib/python3.12/site-packages/airflow/example_dags/example_params_trigger_ui.py
[2026-07-29T19:12:43.519+0000] {processor.py:925} INFO - DAG(s) 'example_params_trigger_ui' retrieved from /home/airflow/.local/lib/python3.12/site-packages/airflow/example_dags/example_params_trigger_ui.py
[2026-07-29T19:12:43.533+0000] {logging_mixin.py:190} INFO - [2026-07-29T19:12:43.533+0000] {dag.py:3211} INFO - Sync 1 DAGs
[2026-07-29T19:12:43.538+0000] {logging_mixin.py:190} INFO - [2026-07-29T19:12:43.538+0000] {dag.py:4138} INFO - Setting next_dagrun for example_params_trigger_ui to None, run_after=None
[2026-07-29T19:12:43.543+0000] {processor.py:208} INFO - Processing /home/airflow/.local/lib/python3.12/site-packages/airflow/example_dags/example_params_trigger_ui.py took 0.032 seconds
[2026-07-29T19:13:14.506+0000] {processor.py:186} INFO - Started process (PID=26293) to work on /home/airflow/.local/lib/python3.12/site-packages/airflow/example_dags/example_params_trigger_ui.py
[2026-07-29T19:13:14.506+0000] {processor.py:914} INFO - Processing file /home/airflow/.local/lib/python3.12/site-packages/airflow/example_dags/example_params_trigger_ui.py for tasks to queue
[2026-07-29T19:13:14.507+0000] {logging_mixin.py:190} INFO - [2026-07-29T19:13:14.507+0000] {dagbag.py:587} INFO - Filling up the DagBag from /home/airflow/.local/lib/python3.12/site-packages/airflow/example_dags/example_params_trigger_ui.py
[2026-07-29T19:13:14.512+0000] {processor.py:925} INFO - DAG(s) 'example_params_trigger_ui' retrieved from /home/airflow/.local/lib/python3.12/site-packages/airflow/example_dags/example_params_trigger_ui.py
[2026-07-29T19:13:14.527+0000] {logging_mixin.py:190} INFO - [2026-07-29T19:13:14.527+0000] {dag.py:3211} INFO - Sync 1 DAGs
[2026-07-29T19:13:14.532+0000] {logging_mixin.py:190} INFO - [2026-07-29T19:13:14.532+0000] {dag.py:4138} INFO - Setting next_dagrun for example_params_trigger_ui to None, run_after=None
[2026-07-29T19:13:14.537+0000] {processor.py:208} INFO - Processing /home/airflow/.local/lib/python3.12/site-packages/airflow/example_dags/example_params_trigger_ui.py took 0.034 seconds
[2026-07-29T19:13:45.410+0000] {processor.py:186} INFO - Started process (PID=26358) to work on /home/airflow/.local/lib/python3.12/site-packages/airflow/example_dags/example_params_trigger_ui.py
[2026-07-29T19:13:45.411+0000] {processor.py:914} INFO - Processing file /home/airflow/.local/lib/python3.12/site-packages/airflow/example_dags/example_params_trigger_ui.py for tasks to queue
[2026-07-29T19:13:45.412+0000] {logging_mixin.py:190} INFO - [2026-07-29T19:13:45.412+0000] {dagbag.py:587} INFO - Filling up the DagBag from /home/airflow/.local/lib/python3.12/site-packages/airflow/example_dags/example_params_trigger_ui.py
[2026-07-29T19:13:45.417+0000] {processor.py:925} INFO - DAG(s) 'example_params_trigger_ui' retrieved from /home/airflow/.local/lib/python3.12/site-packages/airflow/example_dags/example_params_trigger_ui.py
[2026-07-29T19:13:45.432+0000] {logging_mixin.py:190} INFO - [2026-07-29T19:13:45.432+0000] {dag.py:3211} INFO - Sync 1 DAGs
[2026-07-29T19:13:45.437+0000] {logging_mixin.py:190} INFO - [2026-07-29T19:13:45.437+0000] {dag.py:4138} INFO - Setting next_dagrun for example_params_trigger_ui to None, run_after=None
[2026-07-29T19:13:45.442+0000] {processor.py:208} INFO - Processing /home/airflow/.local/lib/python3.12/site-packages/airflow/example_dags/example_params_trigger_ui.py took 0.034 seconds
[2026-07-29T19:14:16.203+0000] {processor.py:186} INFO - Started process (PID=26424) to work on /home/airflow/.local/lib/python3.12/site-packages/airflow/example_dags/example_params_trigger_ui.py
[2026-07-29T19:14:16.203+0000] {processor.py:914} INFO - Processing file /home/airflow/.local/lib/python3.12/site-packages/airflow/example_dags/example_params_trigger_ui.py for tasks to queue
[2026-07-29T19:14:16.204+0000] {logging_mixin.py:190} INFO - [2026-07-29T19:14:16.204+0000] {dagbag.py:587} INFO - Filling up the DagBag from /home/airflow/.local/lib/python3.12/site-packages/airflow/example_dags/example_params_trigger_ui.py
[2026-07-29T19:14:16.209+0000] {processor.py:925} INFO - DAG(s) 'example_params_trigger_ui' retrieved from /home/airflow/.local/lib/python3.12/site-packages/airflow/example_dags/example_params_trigger_ui.py
[2026-07-29T19:14:16.222+0000] {logging_mixin.py:190} INFO - [2026-07-29T19:14:16.222+0000] {dag.py:3211} INFO - Sync 1 DAGs
[2026-07-29T19:14:16.227+0000] {logging_mixin.py:190} INFO - [2026-07-29T19:14:16.227+0000] {dag.py:4138} INFO - Setting next_dagrun for example_params_trigger_ui to None, run_after=None
[2026-07-29T19:14:16.232+0000] {processor.py:208} INFO - Processing /home/airflow/.local/lib/python3.12/site-packages/airflow/example_dags/example_params_trigger_ui.py took 0.032 seconds
[2026-07-29T19:14:46.411+0000] {processor.py:186} INFO - Started process (PID=26490) to work on /home/airflow/.local/lib/python3.12/site-packages/airflow/example_dags/example_params_trigger_ui.py
[2026-07-29T19:14:46.411+0000] {processor.py:914} INFO - Processing file /home/airflow/.local/lib/python3.12/site-packages/airflow/example_dags/example_params_trigger_ui.py for tasks to queue
[2026-07-29T19:14:46.412+0000] {logging_mixin.py:190} INFO - [2026-07-29T19:14:46.412+0000] {dagbag.py:587} INFO - Filling up the DagBag from /home/airflow/.local/lib/python3.12/site-packages/airflow/example_dags/example_params_trigger_ui.py
[2026-07-29T19:14:46.417+0000] {processor.py:925} INFO - DAG(s) 'example_params_trigger_ui' retrieved from /home/airflow/.local/lib/python3.12/site-packages/airflow/example_dags/example_params_trigger_ui.py
[2026-07-29T19:14:46.432+0000] {logging_mixin.py:190} INFO - [2026-07-29T19:14:46.431+0000] {dag.py:3211} INFO - Sync 1 DAGs
[2026-07-29T19:14:46.436+0000] {logging_mixin.py:190} INFO - [2026-07-29T19:14:46.436+0000] {dag.py:4138} INFO - Setting next_dagrun for example_params_trigger_ui to None, run_after=None
[2026-07-29T19:14:46.442+0000] {processor.py:208} INFO - Processing /home/airflow/.local/lib/python3.12/site-packages/airflow/example_dags/example_params_trigger_ui.py took 0.033 seconds
[2026-07-29T19:15:16.827+0000] {processor.py:186} INFO - Started process (PID=26556) to work on /home/airflow/.local/lib/python3.12/site-packages/airflow/example_dags/example_params_trigger_ui.py
[2026-07-29T19:15:16.828+0000] {processor.py:914} INFO - Processing file /home/airflow/.local/lib/python3.12/site-packages/airflow/example_dags/example_params_trigger_ui.py for tasks to queue
[2026-07-29T19:15:16.829+0000] {logging_mixin.py:190} INFO - [2026-07-29T19:15:16.829+0000] {dagbag.py:587} INFO - Filling up the DagBag from /home/airflow/.local/lib/python3.12/site-packages/airflow/example_dags/example_params_trigger_ui.py
[2026-07-29T19:15:16.834+0000] {processor.py:925} INFO - DAG(s) 'example_params_trigger_ui' retrieved from /home/airflow/.local/lib/python3.12/site-packages/airflow/example_dags/example_params_trigger_ui.py
[2026-07-29T19:15:16.849+0000] {logging_mixin.py:190} INFO - [2026-07-29T19:15:16.849+0000] {dag.py:3211} INFO - Sync 1 DAGs
[2026-07-29T19:15:16.854+0000] {logging_mixin.py:190} INFO - [2026-07-29T19:15:16.854+0000] {dag.py:4138} INFO - Setting next_dagrun for example_params_trigger_ui to None, run_after=None
[2026-07-29T19:15:16.859+0000] {processor.py:208} INFO - Processing /home/airflow/.local/lib/python3.12/site-packages/airflow/example_dags/example_params_trigger_ui.py took 0.035 seconds
[2026-07-29T19:15:47.104+0000] {processor.py:186} INFO - Started process (PID=26622) to work on /home/airflow/.local/lib/python3.12/site-packages/airflow/example_dags/example_params_trigger_ui.py
[2026-07-29T19:15:47.105+0000] {processor.py:914} INFO - Processing file /home/airflow/.local/lib/python3.12/site-packages/airflow/example_dags/example_params_trigger_ui.py for tasks to queue
[2026-07-29T19:15:47.107+0000] {logging_mixin.py:190} INFO - [2026-07-29T19:15:47.107+0000] {dagbag.py:587} INFO - Filling up the DagBag from /home/airflow/.local/lib/python3.12/site-packages/airflow/example_dags/example_params_trigger_ui.py
[2026-07-29T19:15:47.114+0000] {processor.py:925} INFO - DAG(s) 'example_params_trigger_ui' retrieved from /home/airflow/.local/lib/python3.12/site-packages/airflow/example_dags/example_params_trigger_ui.py
[2026-07-29T19:15:47.134+0000] {logging_mixin.py:190} INFO - [2026-07-29T19:15:47.133+0000] {dag.py:3211} INFO - Sync 1 DAGs
[2026-07-29T19:15:47.139+0000] {logging_mixin.py:190} INFO - [2026-07-29T19:15:47.139+0000] {dag.py:4138} INFO - Setting next_dagrun for example_params_trigger_ui to None, run_after=None
[2026-07-29T19:15:47.146+0000] {processor.py:208} INFO - Processing /home/airflow/.local/lib/python3.12/site-packages/airflow/example_dags/example_params_trigger_ui.py took 0.047 seconds
[2026-07-29T19:16:17.213+0000] {processor.py:186} INFO - Started process (PID=26688) to work on /home/airflow/.local/lib/python3.12/site-packages/airflow/example_dags/example_params_trigger_ui.py
[2026-07-29T19:16:17.213+0000] {processor.py:914} INFO - Processing file /home/airflow/.local/lib/python3.12/site-packages/airflow/example_dags/example_params_trigger_ui.py for tasks to queue
[2026-07-29T19:16:17.214+0000] {logging_mixin.py:190} INFO - [2026-07-29T19:16:17.214+0000] {dagbag.py:587} INFO - Filling up the DagBag from /home/airflow/.local/lib/python3.12/site-packages/airflow/example_dags/example_params_trigger_ui.py
[2026-07-29T19:16:17.219+0000] {processor.py:925} INFO - DAG(s) 'example_params_trigger_ui' retrieved from /home/airflow/.local/lib/python3.12/site-packages/airflow/example_dags/example_params_trigger_ui.py
[2026-07-29T19:16:17.234+0000] {logging_mixin.py:190} INFO - [2026-07-29T19:16:17.234+0000] {dag.py:3211} INFO - Sync 1 DAGs
[2026-07-29T19:16:17.239+0000] {logging_mixin.py:190} INFO - [2026-07-29T19:16:17.239+0000] {dag.py:4138} INFO - Setting next_dagrun for example_params_trigger_ui to None, run_after=None
[2026-07-29T19:16:17.246+0000] {processor.py:208} INFO - Processing /home/airflow/.local/lib/python3.12/site-packages/airflow/example_dags/example_params_trigger_ui.py took 0.036 seconds
[2026-07-29T19:16:47.651+0000] {processor.py:186} INFO - Started process (PID=26754) to work on /home/airflow/.local/lib/python3.12/site-packages/airflow/example_dags/example_params_trigger_ui.py
[2026-07-29T19:16:47.651+0000] {processor.py:914} INFO - Processing file /home/airflow/.local/lib/python3.12/site-packages/airflow/example_dags/example_params_trigger_ui.py for tasks to queue
[2026-07-29T19:16:47.652+0000] {logging_mixin.py:190} INFO - [2026-07-29T19:16:47.652+0000] {dagbag.py:587} INFO - Filling up the DagBag from /home/airflow/.local/lib/python3.12/site-packages/airflow/example_dags/example_params_trigger_ui.py
[2026-07-29T19:16:47.657+0000] {processor.py:925} INFO - DAG(s) 'example_params_trigger_ui' retrieved from /home/airflow/.local/lib/python3.12/site-packages/airflow/example_dags/example_params_trigger_ui.py
[2026-07-29T19:16:47.671+0000] {logging_mixin.py:190} INFO - [2026-07-29T19:16:47.671+0000] {dag.py:3211} INFO - Sync 1 DAGs
[2026-07-29T19:16:47.676+0000] {logging_mixin.py:190} INFO - [2026-07-29T19:16:47.676+0000] {dag.py:4138} INFO - Setting next_dagrun for example_params_trigger_ui to None, run_after=None
[2026-07-29T19:16:47.682+0000] {processor.py:208} INFO - Processing /home/airflow/.local/lib/python3.12/site-packages/airflow/example_dags/example_params_trigger_ui.py took 0.034 seconds
[2026-07-29T19:17:17.918+0000] {processor.py:186} INFO - Started process (PID=26820) to work on /home/airflow/.local/lib/python3.12/site-packages/airflow/example_dags/example_params_trigger_ui.py
[2026-07-29T19:17:17.918+0000] {processor.py:914} INFO - Processing file /home/airflow/.local/lib/python3.12/site-packages/airflow/example_dags/example_params_trigger_ui.py for tasks to queue
[2026-07-29T19:17:17.919+0000] {logging_mixin.py:190} INFO - [2026-07-29T19:17:17.919+0000] {dagbag.py:587} INFO - Filling up the DagBag from /home/airflow/.local/lib/python3.12/site-packages/airflow/example_dags/example_params_trigger_ui.py
[2026-07-29T19:17:17.924+0000] {processor.py:925} INFO - DAG(s) 'example_params_trigger_ui' retrieved from /home/airflow/.local/lib/python3.12/site-packages/airflow/example_dags/example_params_trigger_ui.py
[2026-07-29T19:17:17.942+0000] {logging_mixin.py:190} INFO - [2026-07-29T19:17:17.942+0000] {dag.py:3211} INFO - Sync 1 DAGs
[2026-07-29T19:17:17.948+0000] {logging_mixin.py:190} INFO - [2026-07-29T19:17:17.948+0000] {dag.py:4138} INFO - Setting next_dagrun for example_params_trigger_ui to None, run_after=None
[2026-07-29T19:17:17.954+0000] {processor.py:208} INFO - Processing /home/airflow/.local/lib/python3.12/site-packages/airflow/example_dags/example_params_trigger_ui.py took 0.039 seconds
[2026-07-29T19:17:48.049+0000] {processor.py:186} INFO - Started process (PID=26886) to work on /home/airflow/.local/lib/python3.12/site-packages/airflow/example_dags/example_params_trigger_ui.py
[2026-07-29T19:17:48.050+0000] {processor.py:914} INFO - Processing file /home/airflow/.local/lib/python3.12/site-packages/airflow/example_dags/example_params_trigger_ui.py for tasks to queue
[2026-07-29T19:17:48.050+0000] {logging_mixin.py:190} INFO - [2026-07-29T19:17:48.050+0000] {dagbag.py:587} INFO - Filling up the DagBag from /home/airflow/.local/lib/python3.12/site-packages/airflow/example_dags/example_params_trigger_ui.py
[2026-07-29T19:17:48.055+0000] {processor.py:925} INFO - DAG(s) 'example_params_trigger_ui' retrieved from /home/airflow/.local/lib/python3.12/site-packages/airflow/example_dags/example_params_trigger_ui.py
[2026-07-29T19:17:48.071+0000] {logging_mixin.py:190} INFO - [2026-07-29T19:17:48.071+0000] {dag.py:3211} INFO - Sync 1 DAGs
[2026-07-29T19:17:48.077+0000] {logging_mixin.py:190} INFO - [2026-07-29T19:17:48.077+0000] {dag.py:4138} INFO - Setting next_dagrun for example_params_trigger_ui to None, run_after=None
[2026-07-29T19:17:48.084+0000] {processor.py:208} INFO - Processing /home/airflow/.local/lib/python3.12/site-packages/airflow/example_dags/example_params_trigger_ui.py took 0.037 seconds
[2026-07-29T19:18:18.247+0000] {processor.py:186} INFO - Started process (PID=26952) to work on /home/airflow/.local/lib/python3.12/site-packages/airflow/example_dags/example_params_trigger_ui.py
[2026-07-29T19:18:18.248+0000] {processor.py:914} INFO - Processing file /home/airflow/.local/lib/python3.12/site-packages/airflow/example_dags/example_params_trigger_ui.py for tasks to queue
[2026-07-29T19:18:18.249+0000] {logging_mixin.py:190} INFO - [2026-07-29T19:18:18.248+0000] {dagbag.py:587} INFO - Filling up the DagBag from /home/airflow/.local/lib/python3.12/site-packages/airflow/example_dags/example_params_trigger_ui.py
[2026-07-29T19:18:18.254+0000] {processor.py:925} INFO - DAG(s) 'example_params_trigger_ui' retrieved from /home/airflow/.local/lib/python3.12/site-packages/airflow/example_dags/example_params_trigger_ui.py
[2026-07-29T19:18:18.271+0000] {logging_mixin.py:190} INFO - [2026-07-29T19:18:18.271+0000] {dag.py:3211} INFO - Sync 1 DAGs
[2026-07-29T19:18:18.276+0000] {logging_mixin.py:190} INFO - [2026-07-29T19:18:18.276+0000] {dag.py:4138} INFO - Setting next_dagrun for example_params_trigger_ui to None, run_after=None
[2026-07-29T19:18:18.283+0000] {processor.py:208} INFO - Processing /home/airflow/.local/lib/python3.12/site-packages/airflow/example_dags/example_params_trigger_ui.py took 0.039 seconds
[2026-07-29T19:18:48.454+0000] {processor.py:186} INFO - Started process (PID=27018) to work on /home/airflow/.local/lib/python3.12/site-packages/airflow/example_dags/example_params_trigger_ui.py
[2026-07-29T19:18:48.455+0000] {processor.py:914} INFO - Processing file /home/airflow/.local/lib/python3.12/site-packages/airflow/example_dags/example_params_trigger_ui.py for tasks to queue
[2026-07-29T19:18:48.456+0000] {logging_mixin.py:190} INFO - [2026-07-29T19:18:48.455+0000] {dagbag.py:587} INFO - Filling up the DagBag from /home/airflow/.local/lib/python3.12/site-packages/airflow/example_dags/example_params_trigger_ui.py
[2026-07-29T19:18:48.461+0000] {processor.py:925} INFO - DAG(s) 'example_params_trigger_ui' retrieved from /home/airflow/.local/lib/python3.12/site-packages/airflow/example_dags/example_params_trigger_ui.py
[2026-07-29T19:18:48.477+0000] {logging_mixin.py:190} INFO - [2026-07-29T19:18:48.477+0000] {dag.py:3211} INFO - Sync 1 DAGs
[2026-07-29T19:18:48.482+0000] {logging_mixin.py:190} INFO - [2026-07-29T19:18:48.482+0000] {dag.py:4138} INFO - Setting next_dagrun for example_params_trigger_ui to None, run_after=None
[2026-07-29T19:18:48.489+0000] {processor.py:208} INFO - Processing /home/airflow/.local/lib/python3.12/site-packages/airflow/example_dags/example_params_trigger_ui.py took 0.037 seconds
[2026-07-29T19:19:18.632+0000] {processor.py:186} INFO - Started process (PID=27084) to work on /home/airflow/.local/lib/python3.12/site-packages/airflow/example_dags/example_params_trigger_ui.py
[2026-07-29T19:19:18.632+0000] {processor.py:914} INFO - Processing file /home/airflow/.local/lib/python3.12/site-packages/airflow/example_dags/example_params_trigger_ui.py for tasks to queue
[2026-07-29T19:19:18.633+0000] {logging_mixin.py:190} INFO - [2026-07-29T19:19:18.633+0000] {dagbag.py:587} INFO - Filling up the DagBag from /home/airflow/.local/lib/python3.12/site-packages/airflow/example_dags/example_params_trigger_ui.py
[2026-07-29T19:19:18.638+0000] {processor.py:925} INFO - DAG(s) 'example_params_trigger_ui' retrieved from /home/airflow/.local/lib/python3.12/site-packages/airflow/example_dags/example_params_trigger_ui.py
[2026-07-29T19:19:18.653+0000] {logging_mixin.py:190} INFO - [2026-07-29T19:19:18.653+0000] {dag.py:3211} INFO - Sync 1 DAGs
[2026-07-29T19:19:18.659+0000] {logging_mixin.py:190} INFO - [2026-07-29T19:19:18.659+0000] {dag.py:4138} INFO - Setting next_dagrun for example_params_trigger_ui to None, run_after=None
[2026-07-29T19:19:18.665+0000] {processor.py:208} INFO - Processing /home/airflow/.local/lib/python3.12/site-packages/airflow/example_dags/example_params_trigger_ui.py took 0.036 seconds
[2026-07-29T19:19:49.664+0000] {processor.py:186} INFO - Started process (PID=27150) to work on /home/airflow/.local/lib/python3.12/site-packages/airflow/example_dags/example_params_trigger_ui.py
[2026-07-29T19:19:49.665+0000] {processor.py:914} INFO - Processing file /home/airflow/.local/lib/python3.12/site-packages/airflow/example_dags/example_params_trigger_ui.py for tasks to queue
[2026-07-29T19:19:49.666+0000] {logging_mixin.py:190} INFO - [2026-07-29T19:19:49.666+0000] {dagbag.py:587} INFO - Filling up the DagBag from /home/airflow/.local/lib/python3.12/site-packages/airflow/example_dags/example_params_trigger_ui.py
[2026-07-29T19:19:49.671+0000] {processor.py:925} INFO - DAG(s) 'example_params_trigger_ui' retrieved from /home/airflow/.local/lib/python3.12/site-packages/airflow/example_dags/example_params_trigger_ui.py
[2026-07-29T19:19:49.685+0000] {logging_mixin.py:190} INFO - [2026-07-29T19:19:49.684+0000] {dag.py:3211} INFO - Sync 1 DAGs
[2026-07-29T19:19:49.690+0000] {logging_mixin.py:190} INFO - [2026-07-29T19:19:49.689+0000] {dag.py:4138} INFO - Setting next_dagrun for example_params_trigger_ui to None, run_after=None
[2026-07-29T19:19:49.695+0000] {processor.py:208} INFO - Processing /home/airflow/.local/lib/python3.12/site-packages/airflow/example_dags/example_params_trigger_ui.py took 0.034 seconds
[2026-07-29T19:20:19.854+0000] {processor.py:186} INFO - Started process (PID=27216) to work on /home/airflow/.local/lib/python3.12/site-packages/airflow/example_dags/example_params_trigger_ui.py
[2026-07-29T19:20:19.855+0000] {processor.py:914} INFO - Processing file /home/airflow/.local/lib/python3.12/site-packages/airflow/example_dags/example_params_trigger_ui.py for tasks to queue
[2026-07-29T19:20:19.856+0000] {logging_mixin.py:190} INFO - [2026-07-29T19:20:19.855+0000] {dagbag.py:587} INFO - Filling up the DagBag from /home/airflow/.local/lib/python3.12/site-packages/airflow/example_dags/example_params_trigger_ui.py
[2026-07-29T19:20:19.860+0000] {processor.py:925} INFO - DAG(s) 'example_params_trigger_ui' retrieved from /home/airflow/.local/lib/python3.12/site-packages/airflow/example_dags/example_params_trigger_ui.py
[2026-07-29T19:20:19.875+0000] {logging_mixin.py:190} INFO - [2026-07-29T19:20:19.875+0000] {dag.py:3211} INFO - Sync 1 DAGs
[2026-07-29T19:20:19.881+0000] {logging_mixin.py:190} INFO - [2026-07-29T19:20:19.880+0000] {dag.py:4138} INFO - Setting next_dagrun for example_params_trigger_ui to None, run_after=None
[2026-07-29T19:20:19.886+0000] {processor.py:208} INFO - Processing /home/airflow/.local/lib/python3.12/site-packages/airflow/example_dags/example_params_trigger_ui.py took 0.035 seconds
[2026-07-29T19:20:50.065+0000] {processor.py:186} INFO - Started process (PID=27282) to work on /home/airflow/.local/lib/python3.12/site-packages/airflow/example_dags/example_params_trigger_ui.py
[2026-07-29T19:20:50.065+0000] {processor.py:914} INFO - Processing file /home/airflow/.local/lib/python3.12/site-packages/airflow/example_dags/example_params_trigger_ui.py for tasks to queue
[2026-07-29T19:20:50.067+0000] {logging_mixin.py:190} INFO - [2026-07-29T19:20:50.066+0000] {dagbag.py:587} INFO - Filling up the DagBag from /home/airflow/.local/lib/python3.12/site-packages/airflow/example_dags/example_params_trigger_ui.py
[2026-07-29T19:20:50.072+0000] {processor.py:925} INFO - DAG(s) 'example_params_trigger_ui' retrieved from /home/airflow/.local/lib/python3.12/site-packages/airflow/example_dags/example_params_trigger_ui.py
[2026-07-29T19:20:50.087+0000] {logging_mixin.py:190} INFO - [2026-07-29T19:20:50.087+0000] {dag.py:3211} INFO - Sync 1 DAGs
[2026-07-29T19:20:50.092+0000] {logging_mixin.py:190} INFO - [2026-07-29T19:20:50.092+0000] {dag.py:4138} INFO - Setting next_dagrun for example_params_trigger_ui to None, run_after=None
[2026-07-29T19:20:50.098+0000] {processor.py:208} INFO - Processing /home/airflow/.local/lib/python3.12/site-packages/airflow/example_dags/example_params_trigger_ui.py took 0.036 seconds
[2026-07-29T19:21:20.195+0000] {processor.py:186} INFO - Started process (PID=27348) to work on /home/airflow/.local/lib/python3.12/site-packages/airflow/example_dags/example_params_trigger_ui.py
[2026-07-29T19:21:20.195+0000] {processor.py:914} INFO - Processing file /home/airflow/.local/lib/python3.12/site-packages/airflow/example_dags/example_params_trigger_ui.py for tasks to queue
[2026-07-29T19:21:20.197+0000] {logging_mixin.py:190} INFO - [2026-07-29T19:21:20.196+0000] {dagbag.py:587} INFO - Filling up the DagBag from /home/airflow/.local/lib/python3.12/site-packages/airflow/example_dags/example_params_trigger_ui.py
[2026-07-29T19:21:20.202+0000] {processor.py:925} INFO - DAG(s) 'example_params_trigger_ui' retrieved from /home/airflow/.local/lib/python3.12/site-packages/airflow/example_dags/example_params_trigger_ui.py
[2026-07-29T19:21:20.220+0000] {logging_mixin.py:190} INFO - [2026-07-29T19:21:20.220+0000] {dag.py:3211} INFO - Sync 1 DAGs
[2026-07-29T19:21:20.226+0000] {logging_mixin.py:190} INFO - [2026-07-29T19:21:20.226+0000] {dag.py:4138} INFO - Setting next_dagrun for example_params_trigger_ui to None, run_after=None
[2026-07-29T19:21:20.234+0000] {processor.py:208} INFO - Processing /home/airflow/.local/lib/python3.12/site-packages/airflow/example_dags/example_params_trigger_ui.py took 0.042 seconds
[2026-07-29T19:21:50.291+0000] {processor.py:186} INFO - Started process (PID=27414) to work on /home/airflow/.local/lib/python3.12/site-packages/airflow/example_dags/example_params_trigger_ui.py
[2026-07-29T19:21:50.291+0000] {processor.py:914} INFO - Processing file /home/airflow/.local/lib/python3.12/site-packages/airflow/example_dags/example_params_trigger_ui.py for tasks to queue
[2026-07-29T19:21:50.293+0000] {logging_mixin.py:190} INFO - [2026-07-29T19:21:50.292+0000] {dagbag.py:587} INFO - Filling up the DagBag from /home/airflow/.local/lib/python3.12/site-packages/airflow/example_dags/example_params_trigger_ui.py
[2026-07-29T19:21:50.298+0000] {processor.py:925} INFO - DAG(s) 'example_params_trigger_ui' retrieved from /home/airflow/.local/lib/python3.12/site-packages/airflow/example_dags/example_params_trigger_ui.py
[2026-07-29T19:21:50.312+0000] {logging_mixin.py:190} INFO - [2026-07-29T19:21:50.312+0000] {dag.py:3211} INFO - Sync 1 DAGs
[2026-07-29T19:21:50.318+0000] {logging_mixin.py:190} INFO - [2026-07-29T19:21:50.318+0000] {dag.py:4138} INFO - Setting next_dagrun for example_params_trigger_ui to None, run_after=None
[2026-07-29T19:21:50.323+0000] {processor.py:208} INFO - Processing /home/airflow/.local/lib/python3.12/site-packages/airflow/example_dags/example_params_trigger_ui.py took 0.035 seconds
[2026-07-29T19:22:20.401+0000] {processor.py:186} INFO - Started process (PID=27480) to work on /home/airflow/.local/lib/python3.12/site-packages/airflow/example_dags/example_params_trigger_ui.py
[2026-07-29T19:22:20.401+0000] {processor.py:914} INFO - Processing file /home/airflow/.local/lib/python3.12/site-packages/airflow/example_dags/example_params_trigger_ui.py for tasks to queue
[2026-07-29T19:22:20.403+0000] {logging_mixin.py:190} INFO - [2026-07-29T19:22:20.402+0000] {dagbag.py:587} INFO - Filling up the DagBag from /home/airflow/.local/lib/python3.12/site-packages/airflow/example_dags/example_params_trigger_ui.py
[2026-07-29T19:22:20.408+0000] {processor.py:925} INFO - DAG(s) 'example_params_trigger_ui' retrieved from /home/airflow/.local/lib/python3.12/site-packages/airflow/example_dags/example_params_trigger_ui.py
[2026-07-29T19:22:20.424+0000] {logging_mixin.py:190} INFO - [2026-07-29T19:22:20.424+0000] {dag.py:3211} INFO - Sync 1 DAGs
[2026-07-29T19:22:20.431+0000] {logging_mixin.py:190} INFO - [2026-07-29T19:22:20.431+0000] {dag.py:4138} INFO - Setting next_dagrun for example_params_trigger_ui to None, run_after=None
[2026-07-29T19:22:20.439+0000] {processor.py:208} INFO - Processing /home/airflow/.local/lib/python3.12/site-packages/airflow/example_dags/example_params_trigger_ui.py took 0.041 seconds
[2026-07-29T19:22:50.512+0000] {processor.py:186} INFO - Started process (PID=27546) to work on /home/airflow/.local/lib/python3.12/site-packages/airflow/example_dags/example_params_trigger_ui.py
[2026-07-29T19:22:50.512+0000] {processor.py:914} INFO - Processing file /home/airflow/.local/lib/python3.12/site-packages/airflow/example_dags/example_params_trigger_ui.py for tasks to queue
[2026-07-29T19:22:50.513+0000] {logging_mixin.py:190} INFO - [2026-07-29T19:22:50.513+0000] {dagbag.py:587} INFO - Filling up the DagBag from /home/airflow/.local/lib/python3.12/site-packages/airflow/example_dags/example_params_trigger_ui.py
[2026-07-29T19:22:50.518+0000] {processor.py:925} INFO - DAG(s) 'example_params_trigger_ui' retrieved from /home/airflow/.local/lib/python3.12/site-packages/airflow/example_dags/example_params_trigger_ui.py
[2026-07-29T19:22:50.533+0000] {logging_mixin.py:190} INFO - [2026-07-29T19:22:50.533+0000] {dag.py:3211} INFO - Sync 1 DAGs
[2026-07-29T19:22:50.539+0000] {logging_mixin.py:190} INFO - [2026-07-29T19:22:50.538+0000] {dag.py:4138} INFO - Setting next_dagrun for example_params_trigger_ui to None, run_after=None
[2026-07-29T19:22:50.545+0000] {processor.py:208} INFO - Processing /home/airflow/.local/lib/python3.12/site-packages/airflow/example_dags/example_params_trigger_ui.py took 0.036 seconds
[2026-07-29T19:23:20.686+0000] {processor.py:186} INFO - Started process (PID=27612) to work on /home/airflow/.local/lib/python3.12/site-packages/airflow/example_dags/example_params_trigger_ui.py
[2026-07-29T19:23:20.687+0000] {processor.py:914} INFO - Processing file /home/airflow/.local/lib/python3.12/site-packages/airflow/example_dags/example_params_trigger_ui.py for tasks to queue
[2026-07-29T19:23:20.688+0000] {logging_mixin.py:190} INFO - [2026-07-29T19:23:20.688+0000] {dagbag.py:587} INFO - Filling up the DagBag from /home/airflow/.local/lib/python3.12/site-packages/airflow/example_dags/example_params_trigger_ui.py
[2026-07-29T19:23:20.693+0000] {processor.py:925} INFO - DAG(s) 'example_params_trigger_ui' retrieved from /home/airflow/.local/lib/python3.12/site-packages/airflow/example_dags/example_params_trigger_ui.py
[2026-07-29T19:23:20.710+0000] {logging_mixin.py:190} INFO - [2026-07-29T19:23:20.710+0000] {dag.py:3211} INFO - Sync 1 DAGs
[2026-07-29T19:23:20.716+0000] {logging_mixin.py:190} INFO - [2026-07-29T19:23:20.716+0000] {dag.py:4138} INFO - Setting next_dagrun for example_params_trigger_ui to None, run_after=None
[2026-07-29T19:23:20.723+0000] {processor.py:208} INFO - Processing /home/airflow/.local/lib/python3.12/site-packages/airflow/example_dags/example_params_trigger_ui.py took 0.039 seconds
[2026-07-29T19:23:50.879+0000] {processor.py:186} INFO - Started process (PID=27678) to work on /home/airflow/.local/lib/python3.12/site-packages/airflow/example_dags/example_params_trigger_ui.py
[2026-07-29T19:23:50.880+0000] {processor.py:914} INFO - Processing file /home/airflow/.local/lib/python3.12/site-packages/airflow/example_dags/example_params_trigger_ui.py for tasks to queue
[2026-07-29T19:23:50.881+0000] {logging_mixin.py:190} INFO - [2026-07-29T19:23:50.881+0000] {dagbag.py:587} INFO - Filling up the DagBag from /home/airflow/.local/lib/python3.12/site-packages/airflow/example_dags/example_params_trigger_ui.py
[2026-07-29T19:23:50.886+0000] {processor.py:925} INFO - DAG(s) 'example_params_trigger_ui' retrieved from /home/airflow/.local/lib/python3.12/site-packages/airflow/example_dags/example_params_trigger_ui.py
[2026-07-29T19:23:50.901+0000] {logging_mixin.py:190} INFO - [2026-07-29T19:23:50.901+0000] {dag.py:3211} INFO - Sync 1 DAGs
[2026-07-29T19:23:50.906+0000] {logging_mixin.py:190} INFO - [2026-07-29T19:23:50.906+0000] {dag.py:4138} INFO - Setting next_dagrun for example_params_trigger_ui to None, run_after=None
[2026-07-29T19:23:50.913+0000] {processor.py:208} INFO - Processing /home/airflow/.local/lib/python3.12/site-packages/airflow/example_dags/example_params_trigger_ui.py took 0.036 seconds
[2026-07-29T19:24:21.001+0000] {processor.py:186} INFO - Started process (PID=27744) to work on /home/airflow/.local/lib/python3.12/site-packages/airflow/example_dags/example_params_trigger_ui.py
[2026-07-29T19:24:21.002+0000] {processor.py:914} INFO - Processing file /home/airflow/.local/lib/python3.12/site-packages/airflow/example_dags/example_params_trigger_ui.py for tasks to queue
[2026-07-29T19:24:21.002+0000] {logging_mixin.py:190} INFO - [2026-07-29T19:24:21.002+0000] {dagbag.py:587} INFO - Filling up the DagBag from /home/airflow/.local/lib/python3.12/site-packages/airflow/example_dags/example_params_trigger_ui.py
[2026-07-29T19:24:21.007+0000] {processor.py:925} INFO - DAG(s) 'example_params_trigger_ui' retrieved from /home/airflow/.local/lib/python3.12/site-packages/airflow/example_dags/example_params_trigger_ui.py
[2026-07-29T19:24:21.022+0000] {logging_mixin.py:190} INFO - [2026-07-29T19:24:21.021+0000] {dag.py:3211} INFO - Sync 1 DAGs
[2026-07-29T19:24:21.027+0000] {logging_mixin.py:190} INFO - [2026-07-29T19:24:21.026+0000] {dag.py:4138} INFO - Setting next_dagrun for example_params_trigger_ui to None, run_after=None
[2026-07-29T19:24:21.032+0000] {processor.py:208} INFO - Processing /home/airflow/.local/lib/python3.12/site-packages/airflow/example_dags/example_params_trigger_ui.py took 0.033 seconds
[2026-07-29T19:24:51.101+0000] {processor.py:186} INFO - Started process (PID=27810) to work on /home/airflow/.local/lib/python3.12/site-packages/airflow/example_dags/example_params_trigger_ui.py
[2026-07-29T19:24:51.101+0000] {processor.py:914} INFO - Processing file /home/airflow/.local/lib/python3.12/site-packages/airflow/example_dags/example_params_trigger_ui.py for tasks to queue
[2026-07-29T19:24:51.103+0000] {logging_mixin.py:190} INFO - [2026-07-29T19:24:51.102+0000] {dagbag.py:587} INFO - Filling up the DagBag from /home/airflow/.local/lib/python3.12/site-packages/airflow/example_dags/example_params_trigger_ui.py
[2026-07-29T19:24:51.108+0000] {processor.py:925} INFO - DAG(s) 'example_params_trigger_ui' retrieved from /home/airflow/.local/lib/python3.12/site-packages/airflow/example_dags/example_params_trigger_ui.py
[2026-07-29T19:24:51.124+0000] {logging_mixin.py:190} INFO - [2026-07-29T19:24:51.124+0000] {dag.py:3211} INFO - Sync 1 DAGs
[2026-07-29T19:24:51.130+0000] {logging_mixin.py:190} INFO - [2026-07-29T19:24:51.130+0000] {dag.py:4138} INFO - Setting next_dagrun for example_params_trigger_ui to None, run_after=None
[2026-07-29T19:24:51.137+0000] {processor.py:208} INFO - Processing /home/airflow/.local/lib/python3.12/site-packages/airflow/example_dags/example_params_trigger_ui.py took 0.039 seconds
[2026-07-29T19:25:21.313+0000] {processor.py:186} INFO - Started process (PID=27876) to work on /home/airflow/.local/lib/python3.12/site-packages/airflow/example_dags/example_params_trigger_ui.py
[2026-07-29T19:25:21.313+0000] {processor.py:914} INFO - Processing file /home/airflow/.local/lib/python3.12/site-packages/airflow/example_dags/example_params_trigger_ui.py for tasks to queue
[2026-07-29T19:25:21.314+0000] {logging_mixin.py:190} INFO - [2026-07-29T19:25:21.314+0000] {dagbag.py:587} INFO - Filling up the DagBag from /home/airflow/.local/lib/python3.12/site-packages/airflow/example_dags/example_params_trigger_ui.py
[2026-07-29T19:25:21.320+0000] {processor.py:925} INFO - DAG(s) 'example_params_trigger_ui' retrieved from /home/airflow/.local/lib/python3.12/site-packages/airflow/example_dags/example_params_trigger_ui.py
[2026-07-29T19:25:21.336+0000] {logging_mixin.py:190} INFO - [2026-07-29T19:25:21.335+0000] {dag.py:3211} INFO - Sync 1 DAGs
[2026-07-29T19:25:21.341+0000] {logging_mixin.py:190} INFO - [2026-07-29T19:25:21.341+0000] {dag.py:4138} INFO - Setting next_dagrun for example_params_trigger_ui to None, run_after=None
[2026-07-29T19:25:21.348+0000] {processor.py:208} INFO - Processing /home/airflow/.local/lib/python3.12/site-packages/airflow/example_dags/example_params_trigger_ui.py took 0.037 seconds
[2026-07-29T19:25:51.428+0000] {processor.py:186} INFO - Started process (PID=27942) to work on /home/airflow/.local/lib/python3.12/site-packages/airflow/example_dags/example_params_trigger_ui.py
[2026-07-29T19:25:51.429+0000] {processor.py:914} INFO - Processing file /home/airflow/.local/lib/python3.12/site-packages/airflow/example_dags/example_params_trigger_ui.py for tasks to queue
[2026-07-29T19:25:51.430+0000] {logging_mixin.py:190} INFO - [2026-07-29T19:25:51.430+0000] {dagbag.py:587} INFO - Filling up the DagBag from /home/airflow/.local/lib/python3.12/site-packages/airflow/example_dags/example_params_trigger_ui.py
[2026-07-29T19:25:51.435+0000] {processor.py:925} INFO - DAG(s) 'example_params_trigger_ui' retrieved from /home/airflow/.local/lib/python3.12/site-packages/airflow/example_dags/example_params_trigger_ui.py
[2026-07-29T19:25:51.451+0000] {logging_mixin.py:190} INFO - [2026-07-29T19:25:51.451+0000] {dag.py:3211} INFO - Sync 1 DAGs
[2026-07-29T19:25:51.456+0000] {logging_mixin.py:190} INFO - [2026-07-29T19:25:51.456+0000] {dag.py:4138} INFO - Setting next_dagrun for example_params_trigger_ui to None, run_after=None
[2026-07-29T19:25:51.463+0000] {processor.py:208} INFO - Processing /home/airflow/.local/lib/python3.12/site-packages/airflow/example_dags/example_params_trigger_ui.py took 0.037 seconds
[2026-07-29T19:26:22.409+0000] {processor.py:186} INFO - Started process (PID=28008) to work on /home/airflow/.local/lib/python3.12/site-packages/airflow/example_dags/example_params_trigger_ui.py
[2026-07-29T19:26:22.410+0000] {processor.py:914} INFO - Processing file /home/airflow/.local/lib/python3.12/site-packages/airflow/example_dags/example_params_trigger_ui.py for tasks to queue
[2026-07-29T19:26:22.411+0000] {logging_mixin.py:190} INFO - [2026-07-29T19:26:22.411+0000] {dagbag.py:587} INFO - Filling up the DagBag from /home/airflow/.local/lib/python3.12/site-packages/airflow/example_dags/example_params_trigger_ui.py
[2026-07-29T19:26:22.417+0000] {processor.py:925} INFO - DAG(s) 'example_params_trigger_ui' retrieved from /home/airflow/.local/lib/python3.12/site-packages/airflow/example_dags/example_params_trigger_ui.py
[2026-07-29T19:26:22.433+0000] {logging_mixin.py:190} INFO - [2026-07-29T19:26:22.433+0000] {dag.py:3211} INFO - Sync 1 DAGs
[2026-07-29T19:26:22.439+0000] {logging_mixin.py:190} INFO - [2026-07-29T19:26:22.439+0000] {dag.py:4138} INFO - Setting next_dagrun for example_params_trigger_ui to None, run_after=None
[2026-07-29T19:26:22.446+0000] {processor.py:208} INFO - Processing /home/airflow/.local/lib/python3.12/site-packages/airflow/example_dags/example_params_trigger_ui.py took 0.040 seconds
[2026-07-29T19:26:52.594+0000] {processor.py:186} INFO - Started process (PID=28074) to work on /home/airflow/.local/lib/python3.12/site-packages/airflow/example_dags/example_params_trigger_ui.py
[2026-07-29T19:26:52.595+0000] {processor.py:914} INFO - Processing file /home/airflow/.local/lib/python3.12/site-packages/airflow/example_dags/example_params_trigger_ui.py for tasks to queue
[2026-07-29T19:26:52.596+0000] {logging_mixin.py:190} INFO - [2026-07-29T19:26:52.596+0000] {dagbag.py:587} INFO - Filling up the DagBag from /home/airflow/.local/lib/python3.12/site-packages/airflow/example_dags/example_params_trigger_ui.py
[2026-07-29T19:26:52.601+0000] {processor.py:925} INFO - DAG(s) 'example_params_trigger_ui' retrieved from /home/airflow/.local/lib/python3.12/site-packages/airflow/example_dags/example_params_trigger_ui.py
[2026-07-29T19:26:52.616+0000] {logging_mixin.py:190} INFO - [2026-07-29T19:26:52.616+0000] {dag.py:3211} INFO - Sync 1 DAGs
[2026-07-29T19:26:52.621+0000] {logging_mixin.py:190} INFO - [2026-07-29T19:26:52.621+0000] {dag.py:4138} INFO - Setting next_dagrun for example_params_trigger_ui to None, run_after=None
[2026-07-29T19:26:52.627+0000] {processor.py:208} INFO - Processing /home/airflow/.local/lib/python3.12/site-packages/airflow/example_dags/example_params_trigger_ui.py took 0.035 seconds
[2026-07-29T19:27:22.706+0000] {processor.py:186} INFO - Started process (PID=28140) to work on /home/airflow/.local/lib/python3.12/site-packages/airflow/example_dags/example_params_trigger_ui.py
[2026-07-29T19:27:22.706+0000] {processor.py:914} INFO - Processing file /home/airflow/.local/lib/python3.12/site-packages/airflow/example_dags/example_params_trigger_ui.py for tasks to queue
[2026-07-29T19:27:22.707+0000] {logging_mixin.py:190} INFO - [2026-07-29T19:27:22.707+0000] {dagbag.py:587} INFO - Filling up the DagBag from /home/airflow/.local/lib/python3.12/site-packages/airflow/example_dags/example_params_trigger_ui.py
[2026-07-29T19:27:22.712+0000] {processor.py:925} INFO - DAG(s) 'example_params_trigger_ui' retrieved from /home/airflow/.local/lib/python3.12/site-packages/airflow/example_dags/example_params_trigger_ui.py
[2026-07-29T19:27:22.727+0000] {logging_mixin.py:190} INFO - [2026-07-29T19:27:22.727+0000] {dag.py:3211} INFO - Sync 1 DAGs
[2026-07-29T19:27:22.732+0000] {logging_mixin.py:190} INFO - [2026-07-29T19:27:22.732+0000] {dag.py:4138} INFO - Setting next_dagrun for example_params_trigger_ui to None, run_after=None
[2026-07-29T19:27:22.738+0000] {processor.py:208} INFO - Processing /home/airflow/.local/lib/python3.12/site-packages/airflow/example_dags/example_params_trigger_ui.py took 0.035 seconds
[2026-07-29T19:27:52.954+0000] {processor.py:186} INFO - Started process (PID=28206) to work on /home/airflow/.local/lib/python3.12/site-packages/airflow/example_dags/example_params_trigger_ui.py
[2026-07-29T19:27:52.955+0000] {processor.py:914} INFO - Processing file /home/airflow/.local/lib/python3.12/site-packages/airflow/example_dags/example_params_trigger_ui.py for tasks to queue
[2026-07-29T19:27:52.956+0000] {logging_mixin.py:190} INFO - [2026-07-29T19:27:52.956+0000] {dagbag.py:587} INFO - Filling up the DagBag from /home/airflow/.local/lib/python3.12/site-packages/airflow/example_dags/example_params_trigger_ui.py
[2026-07-29T19:27:52.961+0000] {processor.py:925} INFO - DAG(s) 'example_params_trigger_ui' retrieved from /home/airflow/.local/lib/python3.12/site-packages/airflow/example_dags/example_params_trigger_ui.py
[2026-07-29T19:27:52.978+0000] {logging_mixin.py:190} INFO - [2026-07-29T19:27:52.977+0000] {dag.py:3211} INFO - Sync 1 DAGs
[2026-07-29T19:27:52.984+0000] {logging_mixin.py:190} INFO - [2026-07-29T19:27:52.983+0000] {dag.py:4138} INFO - Setting next_dagrun for example_params_trigger_ui to None, run_after=None
[2026-07-29T19:27:52.990+0000] {processor.py:208} INFO - Processing /home/airflow/.local/lib/python3.12/site-packages/airflow/example_dags/example_params_trigger_ui.py took 0.038 seconds
[2026-07-29T19:28:23.120+0000] {processor.py:186} INFO - Started process (PID=28272) to work on /home/airflow/.local/lib/python3.12/site-packages/airflow/example_dags/example_params_trigger_ui.py
[2026-07-29T19:28:23.121+0000] {processor.py:914} INFO - Processing file /home/airflow/.local/lib/python3.12/site-packages/airflow/example_dags/example_params_trigger_ui.py for tasks to queue
[2026-07-29T19:28:23.122+0000] {logging_mixin.py:190} INFO - [2026-07-29T19:28:23.122+0000] {dagbag.py:587} INFO - Filling up the DagBag from /home/airflow/.local/lib/python3.12/site-packages/airflow/example_dags/example_params_trigger_ui.py
[2026-07-29T19:28:23.127+0000] {processor.py:925} INFO - DAG(s) 'example_params_trigger_ui' retrieved from /home/airflow/.local/lib/python3.12/site-packages/airflow/example_dags/example_params_trigger_ui.py
[2026-07-29T19:28:23.144+0000] {logging_mixin.py:190} INFO - [2026-07-29T19:28:23.144+0000] {dag.py:3211} INFO - Sync 1 DAGs
[2026-07-29T19:28:23.150+0000] {logging_mixin.py:190} INFO - [2026-07-29T19:28:23.150+0000] {dag.py:4138} INFO - Setting next_dagrun for example_params_trigger_ui to None, run_after=None
[2026-07-29T19:28:23.157+0000] {processor.py:208} INFO - Processing /home/airflow/.local/lib/python3.12/site-packages/airflow/example_dags/example_params_trigger_ui.py took 0.040 seconds
[2026-07-29T19:28:53.218+0000] {processor.py:186} INFO - Started process (PID=28338) to work on /home/airflow/.local/lib/python3.12/site-packages/airflow/example_dags/example_params_trigger_ui.py
[2026-07-29T19:28:53.218+0000] {processor.py:914} INFO - Processing file /home/airflow/.local/lib/python3.12/site-packages/airflow/example_dags/example_params_trigger_ui.py for tasks to queue
[2026-07-29T19:28:53.219+0000] {logging_mixin.py:190} INFO - [2026-07-29T19:28:53.219+0000] {dagbag.py:587} INFO - Filling up the DagBag from /home/airflow/.local/lib/python3.12/site-packages/airflow/example_dags/example_params_trigger_ui.py
[2026-07-29T19:28:53.224+0000] {processor.py:925} INFO - DAG(s) 'example_params_trigger_ui' retrieved from /home/airflow/.local/lib/python3.12/site-packages/airflow/example_dags/example_params_trigger_ui.py
[2026-07-29T19:28:53.238+0000] {logging_mixin.py:190} INFO - [2026-07-29T19:28:53.238+0000] {dag.py:3211} INFO - Sync 1 DAGs
[2026-07-29T19:28:53.244+0000] {logging_mixin.py:190} INFO - [2026-07-29T19:28:53.244+0000] {dag.py:4138} INFO - Setting next_dagrun for example_params_trigger_ui to None, run_after=None
[2026-07-29T19:28:53.249+0000] {processor.py:208} INFO - Processing /home/airflow/.local/lib/python3.12/site-packages/airflow/example_dags/example_params_trigger_ui.py took 0.034 seconds
