[2026-07-29T15:21:22.269+0000] {processor.py:186} INFO - Started process (PID=62) to work on /home/airflow/.local/lib/python3.12/site-packages/airflow/example_dags/example_sensors.py
[2026-07-29T15:21:22.270+0000] {processor.py:914} INFO - Processing file /home/airflow/.local/lib/python3.12/site-packages/airflow/example_dags/example_sensors.py for tasks to queue
[2026-07-29T15:21:22.274+0000] {logging_mixin.py:190} INFO - [2026-07-29T15:21:22.274+0000] {dagbag.py:587} INFO - Filling up the DagBag from /home/airflow/.local/lib/python3.12/site-packages/airflow/example_dags/example_sensors.py
[2026-07-29T15:21:22.280+0000] {processor.py:925} INFO - DAG(s) 'example_sensors' retrieved from /home/airflow/.local/lib/python3.12/site-packages/airflow/example_dags/example_sensors.py
[2026-07-29T15:21:22.325+0000] {logging_mixin.py:190} INFO - [2026-07-29T15:21:22.324+0000] {override.py:1858} INFO - Created Permission View: can delete on DAG:example_sensors
[2026-07-29T15:21:22.329+0000] {logging_mixin.py:190} INFO - [2026-07-29T15:21:22.329+0000] {override.py:1858} INFO - Created Permission View: can edit on DAG:example_sensors
[2026-07-29T15:21:22.331+0000] {logging_mixin.py:190} INFO - [2026-07-29T15:21:22.331+0000] {override.py:1858} INFO - Created Permission View: can read on DAG:example_sensors
[2026-07-29T15:21:22.331+0000] {logging_mixin.py:190} INFO - [2026-07-29T15:21:22.331+0000] {dag.py:3211} INFO - Sync 1 DAGs
[2026-07-29T15:21:22.335+0000] {logging_mixin.py:190} INFO - [2026-07-29T15:21:22.335+0000] {dag.py:3234} INFO - Creating ORM DAG for example_sensors
[2026-07-29T15:21:22.336+0000] {logging_mixin.py:190} INFO - [2026-07-29T15:21:22.336+0000] {dag.py:4138} INFO - Setting next_dagrun for example_sensors to None, run_after=None
[2026-07-29T15:21:22.341+0000] {processor.py:208} INFO - Processing /home/airflow/.local/lib/python3.12/site-packages/airflow/example_dags/example_sensors.py took 0.075 seconds
[2026-07-29T15:21:52.372+0000] {processor.py:186} INFO - Started process (PID=128) to work on /home/airflow/.local/lib/python3.12/site-packages/airflow/example_dags/example_sensors.py
[2026-07-29T15:21:52.372+0000] {processor.py:914} INFO - Processing file /home/airflow/.local/lib/python3.12/site-packages/airflow/example_dags/example_sensors.py for tasks to queue
[2026-07-29T15:21:52.373+0000] {logging_mixin.py:190} INFO - [2026-07-29T15:21:52.373+0000] {dagbag.py:587} INFO - Filling up the DagBag from /home/airflow/.local/lib/python3.12/site-packages/airflow/example_dags/example_sensors.py
[2026-07-29T15:21:52.377+0000] {processor.py:925} INFO - DAG(s) 'example_sensors' retrieved from /home/airflow/.local/lib/python3.12/site-packages/airflow/example_dags/example_sensors.py
[2026-07-29T15:21:52.387+0000] {logging_mixin.py:190} INFO - [2026-07-29T15:21:52.387+0000] {dag.py:3211} INFO - Sync 1 DAGs
[2026-07-29T15:21:52.393+0000] {logging_mixin.py:190} INFO - [2026-07-29T15:21:52.392+0000] {dag.py:4138} INFO - Setting next_dagrun for example_sensors to None, run_after=None
[2026-07-29T15:21:52.399+0000] {processor.py:208} INFO - Processing /home/airflow/.local/lib/python3.12/site-packages/airflow/example_dags/example_sensors.py took 0.029 seconds
[2026-07-29T15:22:22.449+0000] {processor.py:186} INFO - Started process (PID=194) to work on /home/airflow/.local/lib/python3.12/site-packages/airflow/example_dags/example_sensors.py
[2026-07-29T15:22:22.449+0000] {processor.py:914} INFO - Processing file /home/airflow/.local/lib/python3.12/site-packages/airflow/example_dags/example_sensors.py for tasks to queue
[2026-07-29T15:22:22.450+0000] {logging_mixin.py:190} INFO - [2026-07-29T15:22:22.450+0000] {dagbag.py:587} INFO - Filling up the DagBag from /home/airflow/.local/lib/python3.12/site-packages/airflow/example_dags/example_sensors.py
[2026-07-29T15:22:22.455+0000] {processor.py:925} INFO - DAG(s) 'example_sensors' retrieved from /home/airflow/.local/lib/python3.12/site-packages/airflow/example_dags/example_sensors.py
[2026-07-29T15:22:22.464+0000] {logging_mixin.py:190} INFO - [2026-07-29T15:22:22.464+0000] {dag.py:3211} INFO - Sync 1 DAGs
[2026-07-29T15:22:22.468+0000] {logging_mixin.py:190} INFO - [2026-07-29T15:22:22.468+0000] {dag.py:4138} INFO - Setting next_dagrun for example_sensors to None, run_after=None
[2026-07-29T15:22:22.474+0000] {processor.py:208} INFO - Processing /home/airflow/.local/lib/python3.12/site-packages/airflow/example_dags/example_sensors.py took 0.027 seconds
[2026-07-29T15:23:04.181+0000] {processor.py:186} INFO - Started process (PID=62) to work on /home/airflow/.local/lib/python3.12/site-packages/airflow/example_dags/example_sensors.py
[2026-07-29T15:23:04.182+0000] {processor.py:914} INFO - Processing file /home/airflow/.local/lib/python3.12/site-packages/airflow/example_dags/example_sensors.py for tasks to queue
[2026-07-29T15:23:04.183+0000] {logging_mixin.py:190} INFO - [2026-07-29T15:23:04.183+0000] {dagbag.py:587} INFO - Filling up the DagBag from /home/airflow/.local/lib/python3.12/site-packages/airflow/example_dags/example_sensors.py
[2026-07-29T15:23:04.191+0000] {processor.py:925} INFO - DAG(s) 'example_sensors' retrieved from /home/airflow/.local/lib/python3.12/site-packages/airflow/example_dags/example_sensors.py
[2026-07-29T15:23:04.206+0000] {logging_mixin.py:190} INFO - [2026-07-29T15:23:04.205+0000] {dag.py:3211} INFO - Sync 1 DAGs
[2026-07-29T15:23:04.212+0000] {logging_mixin.py:190} INFO - [2026-07-29T15:23:04.212+0000] {dag.py:4138} INFO - Setting next_dagrun for example_sensors to None, run_after=None
[2026-07-29T15:23:04.218+0000] {processor.py:208} INFO - Processing /home/airflow/.local/lib/python3.12/site-packages/airflow/example_dags/example_sensors.py took 0.041 seconds
[2026-07-29T15:23:34.388+0000] {processor.py:186} INFO - Started process (PID=128) to work on /home/airflow/.local/lib/python3.12/site-packages/airflow/example_dags/example_sensors.py
[2026-07-29T15:23:34.388+0000] {processor.py:914} INFO - Processing file /home/airflow/.local/lib/python3.12/site-packages/airflow/example_dags/example_sensors.py for tasks to queue
[2026-07-29T15:23:34.389+0000] {logging_mixin.py:190} INFO - [2026-07-29T15:23:34.389+0000] {dagbag.py:587} INFO - Filling up the DagBag from /home/airflow/.local/lib/python3.12/site-packages/airflow/example_dags/example_sensors.py
[2026-07-29T15:23:34.394+0000] {processor.py:925} INFO - DAG(s) 'example_sensors' retrieved from /home/airflow/.local/lib/python3.12/site-packages/airflow/example_dags/example_sensors.py
[2026-07-29T15:23:34.407+0000] {logging_mixin.py:190} INFO - [2026-07-29T15:23:34.407+0000] {dag.py:3211} INFO - Sync 1 DAGs
[2026-07-29T15:23:34.412+0000] {logging_mixin.py:190} INFO - [2026-07-29T15:23:34.412+0000] {dag.py:4138} INFO - Setting next_dagrun for example_sensors to None, run_after=None
[2026-07-29T15:23:34.425+0000] {processor.py:208} INFO - Processing /home/airflow/.local/lib/python3.12/site-packages/airflow/example_dags/example_sensors.py took 0.039 seconds
[2026-07-29T15:24:05.295+0000] {processor.py:186} INFO - Started process (PID=194) to work on /home/airflow/.local/lib/python3.12/site-packages/airflow/example_dags/example_sensors.py
[2026-07-29T15:24:05.296+0000] {processor.py:914} INFO - Processing file /home/airflow/.local/lib/python3.12/site-packages/airflow/example_dags/example_sensors.py for tasks to queue
[2026-07-29T15:24:05.297+0000] {logging_mixin.py:190} INFO - [2026-07-29T15:24:05.296+0000] {dagbag.py:587} INFO - Filling up the DagBag from /home/airflow/.local/lib/python3.12/site-packages/airflow/example_dags/example_sensors.py
[2026-07-29T15:24:05.301+0000] {processor.py:925} INFO - DAG(s) 'example_sensors' retrieved from /home/airflow/.local/lib/python3.12/site-packages/airflow/example_dags/example_sensors.py
[2026-07-29T15:24:05.309+0000] {logging_mixin.py:190} INFO - [2026-07-29T15:24:05.309+0000] {dag.py:3211} INFO - Sync 1 DAGs
[2026-07-29T15:24:05.314+0000] {logging_mixin.py:190} INFO - [2026-07-29T15:24:05.313+0000] {dag.py:4138} INFO - Setting next_dagrun for example_sensors to None, run_after=None
[2026-07-29T15:24:05.319+0000] {processor.py:208} INFO - Processing /home/airflow/.local/lib/python3.12/site-packages/airflow/example_dags/example_sensors.py took 0.026 seconds
[2026-07-29T15:24:36.176+0000] {processor.py:186} INFO - Started process (PID=260) to work on /home/airflow/.local/lib/python3.12/site-packages/airflow/example_dags/example_sensors.py
[2026-07-29T15:24:36.176+0000] {processor.py:914} INFO - Processing file /home/airflow/.local/lib/python3.12/site-packages/airflow/example_dags/example_sensors.py for tasks to queue
[2026-07-29T15:24:36.177+0000] {logging_mixin.py:190} INFO - [2026-07-29T15:24:36.177+0000] {dagbag.py:587} INFO - Filling up the DagBag from /home/airflow/.local/lib/python3.12/site-packages/airflow/example_dags/example_sensors.py
[2026-07-29T15:24:36.182+0000] {processor.py:925} INFO - DAG(s) 'example_sensors' retrieved from /home/airflow/.local/lib/python3.12/site-packages/airflow/example_dags/example_sensors.py
[2026-07-29T15:24:36.196+0000] {logging_mixin.py:190} INFO - [2026-07-29T15:24:36.196+0000] {dag.py:3211} INFO - Sync 1 DAGs
[2026-07-29T15:24:36.203+0000] {logging_mixin.py:190} INFO - [2026-07-29T15:24:36.203+0000] {dag.py:4138} INFO - Setting next_dagrun for example_sensors to None, run_after=None
[2026-07-29T15:24:36.215+0000] {processor.py:208} INFO - Processing /home/airflow/.local/lib/python3.12/site-packages/airflow/example_dags/example_sensors.py took 0.041 seconds
[2026-07-29T15:25:06.258+0000] {processor.py:186} INFO - Started process (PID=326) to work on /home/airflow/.local/lib/python3.12/site-packages/airflow/example_dags/example_sensors.py
[2026-07-29T15:25:06.258+0000] {processor.py:914} INFO - Processing file /home/airflow/.local/lib/python3.12/site-packages/airflow/example_dags/example_sensors.py for tasks to queue
[2026-07-29T15:25:06.260+0000] {logging_mixin.py:190} INFO - [2026-07-29T15:25:06.260+0000] {dagbag.py:587} INFO - Filling up the DagBag from /home/airflow/.local/lib/python3.12/site-packages/airflow/example_dags/example_sensors.py
[2026-07-29T15:25:06.269+0000] {processor.py:925} INFO - DAG(s) 'example_sensors' retrieved from /home/airflow/.local/lib/python3.12/site-packages/airflow/example_dags/example_sensors.py
[2026-07-29T15:25:06.286+0000] {logging_mixin.py:190} INFO - [2026-07-29T15:25:06.286+0000] {dag.py:3211} INFO - Sync 1 DAGs
[2026-07-29T15:25:06.291+0000] {logging_mixin.py:190} INFO - [2026-07-29T15:25:06.290+0000] {dag.py:4138} INFO - Setting next_dagrun for example_sensors to None, run_after=None
[2026-07-29T15:25:06.299+0000] {processor.py:208} INFO - Processing /home/airflow/.local/lib/python3.12/site-packages/airflow/example_dags/example_sensors.py took 0.044 seconds
[2026-07-29T15:25:36.432+0000] {processor.py:186} INFO - Started process (PID=392) to work on /home/airflow/.local/lib/python3.12/site-packages/airflow/example_dags/example_sensors.py
[2026-07-29T15:25:36.432+0000] {processor.py:914} INFO - Processing file /home/airflow/.local/lib/python3.12/site-packages/airflow/example_dags/example_sensors.py for tasks to queue
[2026-07-29T15:25:36.434+0000] {logging_mixin.py:190} INFO - [2026-07-29T15:25:36.433+0000] {dagbag.py:587} INFO - Filling up the DagBag from /home/airflow/.local/lib/python3.12/site-packages/airflow/example_dags/example_sensors.py
[2026-07-29T15:25:36.438+0000] {processor.py:925} INFO - DAG(s) 'example_sensors' retrieved from /home/airflow/.local/lib/python3.12/site-packages/airflow/example_dags/example_sensors.py
[2026-07-29T15:25:36.449+0000] {logging_mixin.py:190} INFO - [2026-07-29T15:25:36.449+0000] {dag.py:3211} INFO - Sync 1 DAGs
[2026-07-29T15:25:36.458+0000] {logging_mixin.py:190} INFO - [2026-07-29T15:25:36.458+0000] {dag.py:4138} INFO - Setting next_dagrun for example_sensors to None, run_after=None
[2026-07-29T15:25:36.465+0000] {processor.py:208} INFO - Processing /home/airflow/.local/lib/python3.12/site-packages/airflow/example_dags/example_sensors.py took 0.036 seconds
[2026-07-29T15:26:06.558+0000] {processor.py:186} INFO - Started process (PID=458) to work on /home/airflow/.local/lib/python3.12/site-packages/airflow/example_dags/example_sensors.py
[2026-07-29T15:26:06.559+0000] {processor.py:914} INFO - Processing file /home/airflow/.local/lib/python3.12/site-packages/airflow/example_dags/example_sensors.py for tasks to queue
[2026-07-29T15:26:06.560+0000] {logging_mixin.py:190} INFO - [2026-07-29T15:26:06.560+0000] {dagbag.py:587} INFO - Filling up the DagBag from /home/airflow/.local/lib/python3.12/site-packages/airflow/example_dags/example_sensors.py
[2026-07-29T15:26:06.565+0000] {processor.py:925} INFO - DAG(s) 'example_sensors' retrieved from /home/airflow/.local/lib/python3.12/site-packages/airflow/example_dags/example_sensors.py
[2026-07-29T15:26:06.580+0000] {logging_mixin.py:190} INFO - [2026-07-29T15:26:06.580+0000] {dag.py:3211} INFO - Sync 1 DAGs
[2026-07-29T15:26:06.588+0000] {logging_mixin.py:190} INFO - [2026-07-29T15:26:06.588+0000] {dag.py:4138} INFO - Setting next_dagrun for example_sensors to None, run_after=None
[2026-07-29T15:26:06.601+0000] {processor.py:208} INFO - Processing /home/airflow/.local/lib/python3.12/site-packages/airflow/example_dags/example_sensors.py took 0.045 seconds
[2026-07-29T15:26:37.586+0000] {processor.py:186} INFO - Started process (PID=530) to work on /home/airflow/.local/lib/python3.12/site-packages/airflow/example_dags/example_sensors.py
[2026-07-29T15:26:37.586+0000] {processor.py:914} INFO - Processing file /home/airflow/.local/lib/python3.12/site-packages/airflow/example_dags/example_sensors.py for tasks to queue
[2026-07-29T15:26:37.588+0000] {logging_mixin.py:190} INFO - [2026-07-29T15:26:37.588+0000] {dagbag.py:587} INFO - Filling up the DagBag from /home/airflow/.local/lib/python3.12/site-packages/airflow/example_dags/example_sensors.py
[2026-07-29T15:26:37.592+0000] {processor.py:925} INFO - DAG(s) 'example_sensors' retrieved from /home/airflow/.local/lib/python3.12/site-packages/airflow/example_dags/example_sensors.py
[2026-07-29T15:26:37.602+0000] {logging_mixin.py:190} INFO - [2026-07-29T15:26:37.602+0000] {dag.py:3211} INFO - Sync 1 DAGs
[2026-07-29T15:26:37.608+0000] {logging_mixin.py:190} INFO - [2026-07-29T15:26:37.608+0000] {dag.py:4138} INFO - Setting next_dagrun for example_sensors to None, run_after=None
[2026-07-29T15:26:37.621+0000] {processor.py:208} INFO - Processing /home/airflow/.local/lib/python3.12/site-packages/airflow/example_dags/example_sensors.py took 0.039 seconds
[2026-07-29T15:27:07.667+0000] {processor.py:186} INFO - Started process (PID=596) to work on /home/airflow/.local/lib/python3.12/site-packages/airflow/example_dags/example_sensors.py
[2026-07-29T15:27:07.668+0000] {processor.py:914} INFO - Processing file /home/airflow/.local/lib/python3.12/site-packages/airflow/example_dags/example_sensors.py for tasks to queue
[2026-07-29T15:27:07.670+0000] {logging_mixin.py:190} INFO - [2026-07-29T15:27:07.670+0000] {dagbag.py:587} INFO - Filling up the DagBag from /home/airflow/.local/lib/python3.12/site-packages/airflow/example_dags/example_sensors.py
[2026-07-29T15:27:07.675+0000] {processor.py:925} INFO - DAG(s) 'example_sensors' retrieved from /home/airflow/.local/lib/python3.12/site-packages/airflow/example_dags/example_sensors.py
[2026-07-29T15:27:07.691+0000] {logging_mixin.py:190} INFO - [2026-07-29T15:27:07.691+0000] {dag.py:3211} INFO - Sync 1 DAGs
[2026-07-29T15:27:07.696+0000] {logging_mixin.py:190} INFO - [2026-07-29T15:27:07.696+0000] {dag.py:4138} INFO - Setting next_dagrun for example_sensors to None, run_after=None
[2026-07-29T15:27:07.707+0000] {processor.py:208} INFO - Processing /home/airflow/.local/lib/python3.12/site-packages/airflow/example_dags/example_sensors.py took 0.042 seconds
[2026-07-29T15:27:37.780+0000] {processor.py:186} INFO - Started process (PID=662) to work on /home/airflow/.local/lib/python3.12/site-packages/airflow/example_dags/example_sensors.py
[2026-07-29T15:27:37.781+0000] {processor.py:914} INFO - Processing file /home/airflow/.local/lib/python3.12/site-packages/airflow/example_dags/example_sensors.py for tasks to queue
[2026-07-29T15:27:37.783+0000] {logging_mixin.py:190} INFO - [2026-07-29T15:27:37.783+0000] {dagbag.py:587} INFO - Filling up the DagBag from /home/airflow/.local/lib/python3.12/site-packages/airflow/example_dags/example_sensors.py
[2026-07-29T15:27:37.788+0000] {processor.py:925} INFO - DAG(s) 'example_sensors' retrieved from /home/airflow/.local/lib/python3.12/site-packages/airflow/example_dags/example_sensors.py
[2026-07-29T15:27:37.801+0000] {logging_mixin.py:190} INFO - [2026-07-29T15:27:37.801+0000] {dag.py:3211} INFO - Sync 1 DAGs
[2026-07-29T15:27:37.807+0000] {logging_mixin.py:190} INFO - [2026-07-29T15:27:37.807+0000] {dag.py:4138} INFO - Setting next_dagrun for example_sensors to None, run_after=None
[2026-07-29T15:27:37.815+0000] {processor.py:208} INFO - Processing /home/airflow/.local/lib/python3.12/site-packages/airflow/example_dags/example_sensors.py took 0.037 seconds
[2026-07-29T15:28:24.039+0000] {processor.py:186} INFO - Started process (PID=62) to work on /home/airflow/.local/lib/python3.12/site-packages/airflow/example_dags/example_sensors.py
[2026-07-29T15:28:24.040+0000] {processor.py:914} INFO - Processing file /home/airflow/.local/lib/python3.12/site-packages/airflow/example_dags/example_sensors.py for tasks to queue
[2026-07-29T15:28:24.042+0000] {logging_mixin.py:190} INFO - [2026-07-29T15:28:24.041+0000] {dagbag.py:587} INFO - Filling up the DagBag from /home/airflow/.local/lib/python3.12/site-packages/airflow/example_dags/example_sensors.py
[2026-07-29T15:28:24.049+0000] {processor.py:925} INFO - DAG(s) 'example_sensors' retrieved from /home/airflow/.local/lib/python3.12/site-packages/airflow/example_dags/example_sensors.py
[2026-07-29T15:28:24.073+0000] {logging_mixin.py:190} INFO - [2026-07-29T15:28:24.073+0000] {dag.py:3211} INFO - Sync 1 DAGs
[2026-07-29T15:28:24.080+0000] {logging_mixin.py:190} INFO - [2026-07-29T15:28:24.080+0000] {dag.py:4138} INFO - Setting next_dagrun for example_sensors to None, run_after=None
[2026-07-29T15:28:24.089+0000] {processor.py:208} INFO - Processing /home/airflow/.local/lib/python3.12/site-packages/airflow/example_dags/example_sensors.py took 0.053 seconds
[2026-07-29T15:28:54.339+0000] {processor.py:186} INFO - Started process (PID=128) to work on /home/airflow/.local/lib/python3.12/site-packages/airflow/example_dags/example_sensors.py
[2026-07-29T15:28:54.340+0000] {processor.py:914} INFO - Processing file /home/airflow/.local/lib/python3.12/site-packages/airflow/example_dags/example_sensors.py for tasks to queue
[2026-07-29T15:28:54.342+0000] {logging_mixin.py:190} INFO - [2026-07-29T15:28:54.341+0000] {dagbag.py:587} INFO - Filling up the DagBag from /home/airflow/.local/lib/python3.12/site-packages/airflow/example_dags/example_sensors.py
[2026-07-29T15:28:54.347+0000] {processor.py:925} INFO - DAG(s) 'example_sensors' retrieved from /home/airflow/.local/lib/python3.12/site-packages/airflow/example_dags/example_sensors.py
[2026-07-29T15:28:54.360+0000] {logging_mixin.py:190} INFO - [2026-07-29T15:28:54.360+0000] {dag.py:3211} INFO - Sync 1 DAGs
[2026-07-29T15:28:54.366+0000] {logging_mixin.py:190} INFO - [2026-07-29T15:28:54.366+0000] {dag.py:4138} INFO - Setting next_dagrun for example_sensors to None, run_after=None
[2026-07-29T15:28:54.375+0000] {processor.py:208} INFO - Processing /home/airflow/.local/lib/python3.12/site-packages/airflow/example_dags/example_sensors.py took 0.038 seconds
[2026-07-29T15:29:25.230+0000] {processor.py:186} INFO - Started process (PID=194) to work on /home/airflow/.local/lib/python3.12/site-packages/airflow/example_dags/example_sensors.py
[2026-07-29T15:29:25.230+0000] {processor.py:914} INFO - Processing file /home/airflow/.local/lib/python3.12/site-packages/airflow/example_dags/example_sensors.py for tasks to queue
[2026-07-29T15:29:25.231+0000] {logging_mixin.py:190} INFO - [2026-07-29T15:29:25.231+0000] {dagbag.py:587} INFO - Filling up the DagBag from /home/airflow/.local/lib/python3.12/site-packages/airflow/example_dags/example_sensors.py
[2026-07-29T15:29:25.236+0000] {processor.py:925} INFO - DAG(s) 'example_sensors' retrieved from /home/airflow/.local/lib/python3.12/site-packages/airflow/example_dags/example_sensors.py
[2026-07-29T15:29:25.246+0000] {logging_mixin.py:190} INFO - [2026-07-29T15:29:25.246+0000] {dag.py:3211} INFO - Sync 1 DAGs
[2026-07-29T15:29:25.251+0000] {logging_mixin.py:190} INFO - [2026-07-29T15:29:25.251+0000] {dag.py:4138} INFO - Setting next_dagrun for example_sensors to None, run_after=None
[2026-07-29T15:29:25.258+0000] {processor.py:208} INFO - Processing /home/airflow/.local/lib/python3.12/site-packages/airflow/example_dags/example_sensors.py took 0.032 seconds
[2026-07-29T15:29:56.211+0000] {processor.py:186} INFO - Started process (PID=260) to work on /home/airflow/.local/lib/python3.12/site-packages/airflow/example_dags/example_sensors.py
[2026-07-29T15:29:56.211+0000] {processor.py:914} INFO - Processing file /home/airflow/.local/lib/python3.12/site-packages/airflow/example_dags/example_sensors.py for tasks to queue
[2026-07-29T15:29:56.212+0000] {logging_mixin.py:190} INFO - [2026-07-29T15:29:56.212+0000] {dagbag.py:587} INFO - Filling up the DagBag from /home/airflow/.local/lib/python3.12/site-packages/airflow/example_dags/example_sensors.py
[2026-07-29T15:29:56.220+0000] {processor.py:925} INFO - DAG(s) 'example_sensors' retrieved from /home/airflow/.local/lib/python3.12/site-packages/airflow/example_dags/example_sensors.py
[2026-07-29T15:29:56.233+0000] {logging_mixin.py:190} INFO - [2026-07-29T15:29:56.233+0000] {dag.py:3211} INFO - Sync 1 DAGs
[2026-07-29T15:29:56.240+0000] {logging_mixin.py:190} INFO - [2026-07-29T15:29:56.240+0000] {dag.py:4138} INFO - Setting next_dagrun for example_sensors to None, run_after=None
[2026-07-29T15:29:56.251+0000] {processor.py:208} INFO - Processing /home/airflow/.local/lib/python3.12/site-packages/airflow/example_dags/example_sensors.py took 0.043 seconds
[2026-07-29T15:30:27.207+0000] {processor.py:186} INFO - Started process (PID=326) to work on /home/airflow/.local/lib/python3.12/site-packages/airflow/example_dags/example_sensors.py
[2026-07-29T15:30:27.207+0000] {processor.py:914} INFO - Processing file /home/airflow/.local/lib/python3.12/site-packages/airflow/example_dags/example_sensors.py for tasks to queue
[2026-07-29T15:30:27.209+0000] {logging_mixin.py:190} INFO - [2026-07-29T15:30:27.209+0000] {dagbag.py:587} INFO - Filling up the DagBag from /home/airflow/.local/lib/python3.12/site-packages/airflow/example_dags/example_sensors.py
[2026-07-29T15:30:27.216+0000] {processor.py:925} INFO - DAG(s) 'example_sensors' retrieved from /home/airflow/.local/lib/python3.12/site-packages/airflow/example_dags/example_sensors.py
[2026-07-29T15:30:27.226+0000] {logging_mixin.py:190} INFO - [2026-07-29T15:30:27.226+0000] {dag.py:3211} INFO - Sync 1 DAGs
[2026-07-29T15:30:27.232+0000] {logging_mixin.py:190} INFO - [2026-07-29T15:30:27.232+0000] {dag.py:4138} INFO - Setting next_dagrun for example_sensors to None, run_after=None
[2026-07-29T15:30:27.241+0000] {processor.py:208} INFO - Processing /home/airflow/.local/lib/python3.12/site-packages/airflow/example_dags/example_sensors.py took 0.037 seconds
[2026-07-29T15:30:57.954+0000] {processor.py:186} INFO - Started process (PID=392) to work on /home/airflow/.local/lib/python3.12/site-packages/airflow/example_dags/example_sensors.py
[2026-07-29T15:30:57.955+0000] {processor.py:914} INFO - Processing file /home/airflow/.local/lib/python3.12/site-packages/airflow/example_dags/example_sensors.py for tasks to queue
[2026-07-29T15:30:57.956+0000] {logging_mixin.py:190} INFO - [2026-07-29T15:30:57.955+0000] {dagbag.py:587} INFO - Filling up the DagBag from /home/airflow/.local/lib/python3.12/site-packages/airflow/example_dags/example_sensors.py
[2026-07-29T15:30:57.961+0000] {processor.py:925} INFO - DAG(s) 'example_sensors' retrieved from /home/airflow/.local/lib/python3.12/site-packages/airflow/example_dags/example_sensors.py
[2026-07-29T15:30:57.971+0000] {logging_mixin.py:190} INFO - [2026-07-29T15:30:57.971+0000] {dag.py:3211} INFO - Sync 1 DAGs
[2026-07-29T15:30:57.977+0000] {logging_mixin.py:190} INFO - [2026-07-29T15:30:57.977+0000] {dag.py:4138} INFO - Setting next_dagrun for example_sensors to None, run_after=None
[2026-07-29T15:30:57.984+0000] {processor.py:208} INFO - Processing /home/airflow/.local/lib/python3.12/site-packages/airflow/example_dags/example_sensors.py took 0.032 seconds
[2026-07-29T15:31:28.521+0000] {processor.py:186} INFO - Started process (PID=458) to work on /home/airflow/.local/lib/python3.12/site-packages/airflow/example_dags/example_sensors.py
[2026-07-29T15:31:28.522+0000] {processor.py:914} INFO - Processing file /home/airflow/.local/lib/python3.12/site-packages/airflow/example_dags/example_sensors.py for tasks to queue
[2026-07-29T15:31:28.523+0000] {logging_mixin.py:190} INFO - [2026-07-29T15:31:28.523+0000] {dagbag.py:587} INFO - Filling up the DagBag from /home/airflow/.local/lib/python3.12/site-packages/airflow/example_dags/example_sensors.py
[2026-07-29T15:31:28.527+0000] {processor.py:925} INFO - DAG(s) 'example_sensors' retrieved from /home/airflow/.local/lib/python3.12/site-packages/airflow/example_dags/example_sensors.py
[2026-07-29T15:31:28.538+0000] {logging_mixin.py:190} INFO - [2026-07-29T15:31:28.538+0000] {dag.py:3211} INFO - Sync 1 DAGs
[2026-07-29T15:31:28.544+0000] {logging_mixin.py:190} INFO - [2026-07-29T15:31:28.544+0000] {dag.py:4138} INFO - Setting next_dagrun for example_sensors to None, run_after=None
[2026-07-29T15:31:28.551+0000] {processor.py:208} INFO - Processing /home/airflow/.local/lib/python3.12/site-packages/airflow/example_dags/example_sensors.py took 0.032 seconds
[2026-07-29T15:31:59.174+0000] {processor.py:186} INFO - Started process (PID=524) to work on /home/airflow/.local/lib/python3.12/site-packages/airflow/example_dags/example_sensors.py
[2026-07-29T15:31:59.174+0000] {processor.py:914} INFO - Processing file /home/airflow/.local/lib/python3.12/site-packages/airflow/example_dags/example_sensors.py for tasks to queue
[2026-07-29T15:31:59.175+0000] {logging_mixin.py:190} INFO - [2026-07-29T15:31:59.175+0000] {dagbag.py:587} INFO - Filling up the DagBag from /home/airflow/.local/lib/python3.12/site-packages/airflow/example_dags/example_sensors.py
[2026-07-29T15:31:59.181+0000] {processor.py:925} INFO - DAG(s) 'example_sensors' retrieved from /home/airflow/.local/lib/python3.12/site-packages/airflow/example_dags/example_sensors.py
[2026-07-29T15:31:59.192+0000] {logging_mixin.py:190} INFO - [2026-07-29T15:31:59.192+0000] {dag.py:3211} INFO - Sync 1 DAGs
[2026-07-29T15:31:59.198+0000] {logging_mixin.py:190} INFO - [2026-07-29T15:31:59.198+0000] {dag.py:4138} INFO - Setting next_dagrun for example_sensors to None, run_after=None
[2026-07-29T15:31:59.204+0000] {processor.py:208} INFO - Processing /home/airflow/.local/lib/python3.12/site-packages/airflow/example_dags/example_sensors.py took 0.033 seconds
[2026-07-29T15:32:29.934+0000] {processor.py:186} INFO - Started process (PID=590) to work on /home/airflow/.local/lib/python3.12/site-packages/airflow/example_dags/example_sensors.py
[2026-07-29T15:32:29.937+0000] {processor.py:914} INFO - Processing file /home/airflow/.local/lib/python3.12/site-packages/airflow/example_dags/example_sensors.py for tasks to queue
[2026-07-29T15:32:29.939+0000] {logging_mixin.py:190} INFO - [2026-07-29T15:32:29.939+0000] {dagbag.py:587} INFO - Filling up the DagBag from /home/airflow/.local/lib/python3.12/site-packages/airflow/example_dags/example_sensors.py
[2026-07-29T15:32:29.947+0000] {processor.py:925} INFO - DAG(s) 'example_sensors' retrieved from /home/airflow/.local/lib/python3.12/site-packages/airflow/example_dags/example_sensors.py
[2026-07-29T15:32:29.957+0000] {logging_mixin.py:190} INFO - [2026-07-29T15:32:29.957+0000] {dag.py:3211} INFO - Sync 1 DAGs
[2026-07-29T15:32:29.963+0000] {logging_mixin.py:190} INFO - [2026-07-29T15:32:29.963+0000] {dag.py:4138} INFO - Setting next_dagrun for example_sensors to None, run_after=None
[2026-07-29T15:32:29.975+0000] {processor.py:208} INFO - Processing /home/airflow/.local/lib/python3.12/site-packages/airflow/example_dags/example_sensors.py took 0.044 seconds
[2026-07-29T15:33:00.954+0000] {processor.py:186} INFO - Started process (PID=656) to work on /home/airflow/.local/lib/python3.12/site-packages/airflow/example_dags/example_sensors.py
[2026-07-29T15:33:00.955+0000] {processor.py:914} INFO - Processing file /home/airflow/.local/lib/python3.12/site-packages/airflow/example_dags/example_sensors.py for tasks to queue
[2026-07-29T15:33:00.958+0000] {logging_mixin.py:190} INFO - [2026-07-29T15:33:00.957+0000] {dagbag.py:587} INFO - Filling up the DagBag from /home/airflow/.local/lib/python3.12/site-packages/airflow/example_dags/example_sensors.py
[2026-07-29T15:33:00.962+0000] {processor.py:925} INFO - DAG(s) 'example_sensors' retrieved from /home/airflow/.local/lib/python3.12/site-packages/airflow/example_dags/example_sensors.py
[2026-07-29T15:33:00.974+0000] {logging_mixin.py:190} INFO - [2026-07-29T15:33:00.974+0000] {dag.py:3211} INFO - Sync 1 DAGs
[2026-07-29T15:33:00.980+0000] {logging_mixin.py:190} INFO - [2026-07-29T15:33:00.980+0000] {dag.py:4138} INFO - Setting next_dagrun for example_sensors to None, run_after=None
[2026-07-29T15:33:00.995+0000] {processor.py:208} INFO - Processing /home/airflow/.local/lib/python3.12/site-packages/airflow/example_dags/example_sensors.py took 0.044 seconds
[2026-07-29T15:33:31.524+0000] {processor.py:186} INFO - Started process (PID=722) to work on /home/airflow/.local/lib/python3.12/site-packages/airflow/example_dags/example_sensors.py
[2026-07-29T15:33:31.525+0000] {processor.py:914} INFO - Processing file /home/airflow/.local/lib/python3.12/site-packages/airflow/example_dags/example_sensors.py for tasks to queue
[2026-07-29T15:33:31.526+0000] {logging_mixin.py:190} INFO - [2026-07-29T15:33:31.526+0000] {dagbag.py:587} INFO - Filling up the DagBag from /home/airflow/.local/lib/python3.12/site-packages/airflow/example_dags/example_sensors.py
[2026-07-29T15:33:31.532+0000] {processor.py:925} INFO - DAG(s) 'example_sensors' retrieved from /home/airflow/.local/lib/python3.12/site-packages/airflow/example_dags/example_sensors.py
[2026-07-29T15:33:31.543+0000] {logging_mixin.py:190} INFO - [2026-07-29T15:33:31.543+0000] {dag.py:3211} INFO - Sync 1 DAGs
[2026-07-29T15:33:31.549+0000] {logging_mixin.py:190} INFO - [2026-07-29T15:33:31.549+0000] {dag.py:4138} INFO - Setting next_dagrun for example_sensors to None, run_after=None
[2026-07-29T15:33:31.562+0000] {processor.py:208} INFO - Processing /home/airflow/.local/lib/python3.12/site-packages/airflow/example_dags/example_sensors.py took 0.041 seconds
[2026-07-29T15:34:01.845+0000] {processor.py:186} INFO - Started process (PID=788) to work on /home/airflow/.local/lib/python3.12/site-packages/airflow/example_dags/example_sensors.py
[2026-07-29T15:34:01.847+0000] {processor.py:914} INFO - Processing file /home/airflow/.local/lib/python3.12/site-packages/airflow/example_dags/example_sensors.py for tasks to queue
[2026-07-29T15:34:01.848+0000] {logging_mixin.py:190} INFO - [2026-07-29T15:34:01.848+0000] {dagbag.py:587} INFO - Filling up the DagBag from /home/airflow/.local/lib/python3.12/site-packages/airflow/example_dags/example_sensors.py
[2026-07-29T15:34:01.853+0000] {processor.py:925} INFO - DAG(s) 'example_sensors' retrieved from /home/airflow/.local/lib/python3.12/site-packages/airflow/example_dags/example_sensors.py
[2026-07-29T15:34:01.866+0000] {logging_mixin.py:190} INFO - [2026-07-29T15:34:01.866+0000] {dag.py:3211} INFO - Sync 1 DAGs
[2026-07-29T15:34:01.873+0000] {logging_mixin.py:190} INFO - [2026-07-29T15:34:01.873+0000] {dag.py:4138} INFO - Setting next_dagrun for example_sensors to None, run_after=None
[2026-07-29T15:34:01.882+0000] {processor.py:208} INFO - Processing /home/airflow/.local/lib/python3.12/site-packages/airflow/example_dags/example_sensors.py took 0.040 seconds
[2026-07-29T15:34:32.259+0000] {processor.py:186} INFO - Started process (PID=854) to work on /home/airflow/.local/lib/python3.12/site-packages/airflow/example_dags/example_sensors.py
[2026-07-29T15:34:32.260+0000] {processor.py:914} INFO - Processing file /home/airflow/.local/lib/python3.12/site-packages/airflow/example_dags/example_sensors.py for tasks to queue
[2026-07-29T15:34:32.261+0000] {logging_mixin.py:190} INFO - [2026-07-29T15:34:32.261+0000] {dagbag.py:587} INFO - Filling up the DagBag from /home/airflow/.local/lib/python3.12/site-packages/airflow/example_dags/example_sensors.py
[2026-07-29T15:34:32.266+0000] {processor.py:925} INFO - DAG(s) 'example_sensors' retrieved from /home/airflow/.local/lib/python3.12/site-packages/airflow/example_dags/example_sensors.py
[2026-07-29T15:34:32.279+0000] {logging_mixin.py:190} INFO - [2026-07-29T15:34:32.279+0000] {dag.py:3211} INFO - Sync 1 DAGs
[2026-07-29T15:34:32.287+0000] {logging_mixin.py:190} INFO - [2026-07-29T15:34:32.287+0000] {dag.py:4138} INFO - Setting next_dagrun for example_sensors to None, run_after=None
[2026-07-29T15:34:32.300+0000] {processor.py:208} INFO - Processing /home/airflow/.local/lib/python3.12/site-packages/airflow/example_dags/example_sensors.py took 0.044 seconds
[2026-07-29T15:35:02.570+0000] {processor.py:186} INFO - Started process (PID=920) to work on /home/airflow/.local/lib/python3.12/site-packages/airflow/example_dags/example_sensors.py
[2026-07-29T15:35:02.573+0000] {processor.py:914} INFO - Processing file /home/airflow/.local/lib/python3.12/site-packages/airflow/example_dags/example_sensors.py for tasks to queue
[2026-07-29T15:35:02.574+0000] {logging_mixin.py:190} INFO - [2026-07-29T15:35:02.573+0000] {dagbag.py:587} INFO - Filling up the DagBag from /home/airflow/.local/lib/python3.12/site-packages/airflow/example_dags/example_sensors.py
[2026-07-29T15:35:02.579+0000] {processor.py:925} INFO - DAG(s) 'example_sensors' retrieved from /home/airflow/.local/lib/python3.12/site-packages/airflow/example_dags/example_sensors.py
[2026-07-29T15:35:02.591+0000] {logging_mixin.py:190} INFO - [2026-07-29T15:35:02.591+0000] {dag.py:3211} INFO - Sync 1 DAGs
[2026-07-29T15:35:02.597+0000] {logging_mixin.py:190} INFO - [2026-07-29T15:35:02.596+0000] {dag.py:4138} INFO - Setting next_dagrun for example_sensors to None, run_after=None
[2026-07-29T15:35:02.606+0000] {processor.py:208} INFO - Processing /home/airflow/.local/lib/python3.12/site-packages/airflow/example_dags/example_sensors.py took 0.039 seconds
[2026-07-29T15:35:32.751+0000] {processor.py:186} INFO - Started process (PID=986) to work on /home/airflow/.local/lib/python3.12/site-packages/airflow/example_dags/example_sensors.py
[2026-07-29T15:35:32.751+0000] {processor.py:914} INFO - Processing file /home/airflow/.local/lib/python3.12/site-packages/airflow/example_dags/example_sensors.py for tasks to queue
[2026-07-29T15:35:32.752+0000] {logging_mixin.py:190} INFO - [2026-07-29T15:35:32.752+0000] {dagbag.py:587} INFO - Filling up the DagBag from /home/airflow/.local/lib/python3.12/site-packages/airflow/example_dags/example_sensors.py
[2026-07-29T15:35:32.757+0000] {processor.py:925} INFO - DAG(s) 'example_sensors' retrieved from /home/airflow/.local/lib/python3.12/site-packages/airflow/example_dags/example_sensors.py
[2026-07-29T15:35:32.771+0000] {logging_mixin.py:190} INFO - [2026-07-29T15:35:32.771+0000] {dag.py:3211} INFO - Sync 1 DAGs
[2026-07-29T15:35:32.776+0000] {logging_mixin.py:190} INFO - [2026-07-29T15:35:32.776+0000] {dag.py:4138} INFO - Setting next_dagrun for example_sensors to None, run_after=None
[2026-07-29T15:35:32.786+0000] {processor.py:208} INFO - Processing /home/airflow/.local/lib/python3.12/site-packages/airflow/example_dags/example_sensors.py took 0.038 seconds
[2026-07-29T15:36:03.104+0000] {processor.py:186} INFO - Started process (PID=1052) to work on /home/airflow/.local/lib/python3.12/site-packages/airflow/example_dags/example_sensors.py
[2026-07-29T15:36:03.105+0000] {processor.py:914} INFO - Processing file /home/airflow/.local/lib/python3.12/site-packages/airflow/example_dags/example_sensors.py for tasks to queue
[2026-07-29T15:36:03.106+0000] {logging_mixin.py:190} INFO - [2026-07-29T15:36:03.106+0000] {dagbag.py:587} INFO - Filling up the DagBag from /home/airflow/.local/lib/python3.12/site-packages/airflow/example_dags/example_sensors.py
[2026-07-29T15:36:03.111+0000] {processor.py:925} INFO - DAG(s) 'example_sensors' retrieved from /home/airflow/.local/lib/python3.12/site-packages/airflow/example_dags/example_sensors.py
[2026-07-29T15:36:03.126+0000] {logging_mixin.py:190} INFO - [2026-07-29T15:36:03.126+0000] {dag.py:3211} INFO - Sync 1 DAGs
[2026-07-29T15:36:03.135+0000] {logging_mixin.py:190} INFO - [2026-07-29T15:36:03.135+0000] {dag.py:4138} INFO - Setting next_dagrun for example_sensors to None, run_after=None
[2026-07-29T15:36:03.145+0000] {processor.py:208} INFO - Processing /home/airflow/.local/lib/python3.12/site-packages/airflow/example_dags/example_sensors.py took 0.044 seconds
[2026-07-29T15:36:33.507+0000] {processor.py:186} INFO - Started process (PID=1118) to work on /home/airflow/.local/lib/python3.12/site-packages/airflow/example_dags/example_sensors.py
[2026-07-29T15:36:33.508+0000] {processor.py:914} INFO - Processing file /home/airflow/.local/lib/python3.12/site-packages/airflow/example_dags/example_sensors.py for tasks to queue
[2026-07-29T15:36:33.510+0000] {logging_mixin.py:190} INFO - [2026-07-29T15:36:33.510+0000] {dagbag.py:587} INFO - Filling up the DagBag from /home/airflow/.local/lib/python3.12/site-packages/airflow/example_dags/example_sensors.py
[2026-07-29T15:36:33.515+0000] {processor.py:925} INFO - DAG(s) 'example_sensors' retrieved from /home/airflow/.local/lib/python3.12/site-packages/airflow/example_dags/example_sensors.py
[2026-07-29T15:36:33.526+0000] {logging_mixin.py:190} INFO - [2026-07-29T15:36:33.525+0000] {dag.py:3211} INFO - Sync 1 DAGs
[2026-07-29T15:36:33.531+0000] {logging_mixin.py:190} INFO - [2026-07-29T15:36:33.531+0000] {dag.py:4138} INFO - Setting next_dagrun for example_sensors to None, run_after=None
[2026-07-29T15:36:33.542+0000] {processor.py:208} INFO - Processing /home/airflow/.local/lib/python3.12/site-packages/airflow/example_dags/example_sensors.py took 0.038 seconds
[2026-07-29T15:37:03.645+0000] {processor.py:186} INFO - Started process (PID=1184) to work on /home/airflow/.local/lib/python3.12/site-packages/airflow/example_dags/example_sensors.py
[2026-07-29T15:37:03.646+0000] {processor.py:914} INFO - Processing file /home/airflow/.local/lib/python3.12/site-packages/airflow/example_dags/example_sensors.py for tasks to queue
[2026-07-29T15:37:03.647+0000] {logging_mixin.py:190} INFO - [2026-07-29T15:37:03.647+0000] {dagbag.py:587} INFO - Filling up the DagBag from /home/airflow/.local/lib/python3.12/site-packages/airflow/example_dags/example_sensors.py
[2026-07-29T15:37:03.652+0000] {processor.py:925} INFO - DAG(s) 'example_sensors' retrieved from /home/airflow/.local/lib/python3.12/site-packages/airflow/example_dags/example_sensors.py
[2026-07-29T15:37:03.663+0000] {logging_mixin.py:190} INFO - [2026-07-29T15:37:03.663+0000] {dag.py:3211} INFO - Sync 1 DAGs
[2026-07-29T15:37:03.668+0000] {logging_mixin.py:190} INFO - [2026-07-29T15:37:03.668+0000] {dag.py:4138} INFO - Setting next_dagrun for example_sensors to None, run_after=None
[2026-07-29T15:37:03.675+0000] {processor.py:208} INFO - Processing /home/airflow/.local/lib/python3.12/site-packages/airflow/example_dags/example_sensors.py took 0.033 seconds
[2026-07-29T15:37:34.004+0000] {processor.py:186} INFO - Started process (PID=1250) to work on /home/airflow/.local/lib/python3.12/site-packages/airflow/example_dags/example_sensors.py
[2026-07-29T15:37:34.005+0000] {processor.py:914} INFO - Processing file /home/airflow/.local/lib/python3.12/site-packages/airflow/example_dags/example_sensors.py for tasks to queue
[2026-07-29T15:37:34.007+0000] {logging_mixin.py:190} INFO - [2026-07-29T15:37:34.007+0000] {dagbag.py:587} INFO - Filling up the DagBag from /home/airflow/.local/lib/python3.12/site-packages/airflow/example_dags/example_sensors.py
[2026-07-29T15:37:34.012+0000] {processor.py:925} INFO - DAG(s) 'example_sensors' retrieved from /home/airflow/.local/lib/python3.12/site-packages/airflow/example_dags/example_sensors.py
[2026-07-29T15:37:34.027+0000] {logging_mixin.py:190} INFO - [2026-07-29T15:37:34.027+0000] {dag.py:3211} INFO - Sync 1 DAGs
[2026-07-29T15:37:34.035+0000] {logging_mixin.py:190} INFO - [2026-07-29T15:37:34.035+0000] {dag.py:4138} INFO - Setting next_dagrun for example_sensors to None, run_after=None
[2026-07-29T15:37:34.046+0000] {processor.py:208} INFO - Processing /home/airflow/.local/lib/python3.12/site-packages/airflow/example_dags/example_sensors.py took 0.045 seconds
[2026-07-29T15:38:04.103+0000] {processor.py:186} INFO - Started process (PID=1316) to work on /home/airflow/.local/lib/python3.12/site-packages/airflow/example_dags/example_sensors.py
[2026-07-29T15:38:04.103+0000] {processor.py:914} INFO - Processing file /home/airflow/.local/lib/python3.12/site-packages/airflow/example_dags/example_sensors.py for tasks to queue
[2026-07-29T15:38:04.104+0000] {logging_mixin.py:190} INFO - [2026-07-29T15:38:04.104+0000] {dagbag.py:587} INFO - Filling up the DagBag from /home/airflow/.local/lib/python3.12/site-packages/airflow/example_dags/example_sensors.py
[2026-07-29T15:38:04.109+0000] {processor.py:925} INFO - DAG(s) 'example_sensors' retrieved from /home/airflow/.local/lib/python3.12/site-packages/airflow/example_dags/example_sensors.py
[2026-07-29T15:38:04.119+0000] {logging_mixin.py:190} INFO - [2026-07-29T15:38:04.119+0000] {dag.py:3211} INFO - Sync 1 DAGs
[2026-07-29T15:38:04.125+0000] {logging_mixin.py:190} INFO - [2026-07-29T15:38:04.125+0000] {dag.py:4138} INFO - Setting next_dagrun for example_sensors to None, run_after=None
[2026-07-29T15:38:04.131+0000] {processor.py:208} INFO - Processing /home/airflow/.local/lib/python3.12/site-packages/airflow/example_dags/example_sensors.py took 0.031 seconds
[2026-07-29T15:38:34.810+0000] {processor.py:186} INFO - Started process (PID=1382) to work on /home/airflow/.local/lib/python3.12/site-packages/airflow/example_dags/example_sensors.py
[2026-07-29T15:38:34.812+0000] {processor.py:914} INFO - Processing file /home/airflow/.local/lib/python3.12/site-packages/airflow/example_dags/example_sensors.py for tasks to queue
[2026-07-29T15:38:34.814+0000] {logging_mixin.py:190} INFO - [2026-07-29T15:38:34.814+0000] {dagbag.py:587} INFO - Filling up the DagBag from /home/airflow/.local/lib/python3.12/site-packages/airflow/example_dags/example_sensors.py
[2026-07-29T15:38:34.819+0000] {processor.py:925} INFO - DAG(s) 'example_sensors' retrieved from /home/airflow/.local/lib/python3.12/site-packages/airflow/example_dags/example_sensors.py
[2026-07-29T15:38:34.831+0000] {logging_mixin.py:190} INFO - [2026-07-29T15:38:34.831+0000] {dag.py:3211} INFO - Sync 1 DAGs
[2026-07-29T15:38:34.837+0000] {logging_mixin.py:190} INFO - [2026-07-29T15:38:34.837+0000] {dag.py:4138} INFO - Setting next_dagrun for example_sensors to None, run_after=None
[2026-07-29T15:38:34.850+0000] {processor.py:208} INFO - Processing /home/airflow/.local/lib/python3.12/site-packages/airflow/example_dags/example_sensors.py took 0.042 seconds
[2026-07-29T15:39:05.716+0000] {processor.py:186} INFO - Started process (PID=1448) to work on /home/airflow/.local/lib/python3.12/site-packages/airflow/example_dags/example_sensors.py
[2026-07-29T15:39:05.717+0000] {processor.py:914} INFO - Processing file /home/airflow/.local/lib/python3.12/site-packages/airflow/example_dags/example_sensors.py for tasks to queue
[2026-07-29T15:39:05.718+0000] {logging_mixin.py:190} INFO - [2026-07-29T15:39:05.718+0000] {dagbag.py:587} INFO - Filling up the DagBag from /home/airflow/.local/lib/python3.12/site-packages/airflow/example_dags/example_sensors.py
[2026-07-29T15:39:05.723+0000] {processor.py:925} INFO - DAG(s) 'example_sensors' retrieved from /home/airflow/.local/lib/python3.12/site-packages/airflow/example_dags/example_sensors.py
[2026-07-29T15:39:05.735+0000] {logging_mixin.py:190} INFO - [2026-07-29T15:39:05.734+0000] {dag.py:3211} INFO - Sync 1 DAGs
[2026-07-29T15:39:05.740+0000] {logging_mixin.py:190} INFO - [2026-07-29T15:39:05.740+0000] {dag.py:4138} INFO - Setting next_dagrun for example_sensors to None, run_after=None
[2026-07-29T15:39:05.752+0000] {processor.py:208} INFO - Processing /home/airflow/.local/lib/python3.12/site-packages/airflow/example_dags/example_sensors.py took 0.040 seconds
[2026-07-29T15:39:36.646+0000] {processor.py:186} INFO - Started process (PID=1514) to work on /home/airflow/.local/lib/python3.12/site-packages/airflow/example_dags/example_sensors.py
[2026-07-29T15:39:36.648+0000] {processor.py:914} INFO - Processing file /home/airflow/.local/lib/python3.12/site-packages/airflow/example_dags/example_sensors.py for tasks to queue
[2026-07-29T15:39:36.649+0000] {logging_mixin.py:190} INFO - [2026-07-29T15:39:36.649+0000] {dagbag.py:587} INFO - Filling up the DagBag from /home/airflow/.local/lib/python3.12/site-packages/airflow/example_dags/example_sensors.py
[2026-07-29T15:39:36.654+0000] {processor.py:925} INFO - DAG(s) 'example_sensors' retrieved from /home/airflow/.local/lib/python3.12/site-packages/airflow/example_dags/example_sensors.py
[2026-07-29T15:39:36.665+0000] {logging_mixin.py:190} INFO - [2026-07-29T15:39:36.665+0000] {dag.py:3211} INFO - Sync 1 DAGs
[2026-07-29T15:39:36.671+0000] {logging_mixin.py:190} INFO - [2026-07-29T15:39:36.671+0000] {dag.py:4138} INFO - Setting next_dagrun for example_sensors to None, run_after=None
[2026-07-29T15:39:36.681+0000] {processor.py:208} INFO - Processing /home/airflow/.local/lib/python3.12/site-packages/airflow/example_dags/example_sensors.py took 0.037 seconds
[2026-07-29T15:40:07.676+0000] {processor.py:186} INFO - Started process (PID=1580) to work on /home/airflow/.local/lib/python3.12/site-packages/airflow/example_dags/example_sensors.py
[2026-07-29T15:40:07.677+0000] {processor.py:914} INFO - Processing file /home/airflow/.local/lib/python3.12/site-packages/airflow/example_dags/example_sensors.py for tasks to queue
[2026-07-29T15:40:07.678+0000] {logging_mixin.py:190} INFO - [2026-07-29T15:40:07.678+0000] {dagbag.py:587} INFO - Filling up the DagBag from /home/airflow/.local/lib/python3.12/site-packages/airflow/example_dags/example_sensors.py
[2026-07-29T15:40:07.685+0000] {processor.py:925} INFO - DAG(s) 'example_sensors' retrieved from /home/airflow/.local/lib/python3.12/site-packages/airflow/example_dags/example_sensors.py
[2026-07-29T15:40:07.697+0000] {logging_mixin.py:190} INFO - [2026-07-29T15:40:07.697+0000] {dag.py:3211} INFO - Sync 1 DAGs
[2026-07-29T15:40:07.703+0000] {logging_mixin.py:190} INFO - [2026-07-29T15:40:07.703+0000] {dag.py:4138} INFO - Setting next_dagrun for example_sensors to None, run_after=None
[2026-07-29T15:40:07.712+0000] {processor.py:208} INFO - Processing /home/airflow/.local/lib/python3.12/site-packages/airflow/example_dags/example_sensors.py took 0.039 seconds
[2026-07-29T15:40:38.723+0000] {processor.py:186} INFO - Started process (PID=1646) to work on /home/airflow/.local/lib/python3.12/site-packages/airflow/example_dags/example_sensors.py
[2026-07-29T15:40:38.723+0000] {processor.py:914} INFO - Processing file /home/airflow/.local/lib/python3.12/site-packages/airflow/example_dags/example_sensors.py for tasks to queue
[2026-07-29T15:40:38.725+0000] {logging_mixin.py:190} INFO - [2026-07-29T15:40:38.724+0000] {dagbag.py:587} INFO - Filling up the DagBag from /home/airflow/.local/lib/python3.12/site-packages/airflow/example_dags/example_sensors.py
[2026-07-29T15:40:38.732+0000] {processor.py:925} INFO - DAG(s) 'example_sensors' retrieved from /home/airflow/.local/lib/python3.12/site-packages/airflow/example_dags/example_sensors.py
[2026-07-29T15:40:38.742+0000] {logging_mixin.py:190} INFO - [2026-07-29T15:40:38.742+0000] {dag.py:3211} INFO - Sync 1 DAGs
[2026-07-29T15:40:38.748+0000] {logging_mixin.py:190} INFO - [2026-07-29T15:40:38.748+0000] {dag.py:4138} INFO - Setting next_dagrun for example_sensors to None, run_after=None
[2026-07-29T15:40:38.758+0000] {processor.py:208} INFO - Processing /home/airflow/.local/lib/python3.12/site-packages/airflow/example_dags/example_sensors.py took 0.038 seconds
[2026-07-29T15:41:09.657+0000] {processor.py:186} INFO - Started process (PID=1712) to work on /home/airflow/.local/lib/python3.12/site-packages/airflow/example_dags/example_sensors.py
[2026-07-29T15:41:09.658+0000] {processor.py:914} INFO - Processing file /home/airflow/.local/lib/python3.12/site-packages/airflow/example_dags/example_sensors.py for tasks to queue
[2026-07-29T15:41:09.659+0000] {logging_mixin.py:190} INFO - [2026-07-29T15:41:09.659+0000] {dagbag.py:587} INFO - Filling up the DagBag from /home/airflow/.local/lib/python3.12/site-packages/airflow/example_dags/example_sensors.py
[2026-07-29T15:41:09.664+0000] {processor.py:925} INFO - DAG(s) 'example_sensors' retrieved from /home/airflow/.local/lib/python3.12/site-packages/airflow/example_dags/example_sensors.py
[2026-07-29T15:41:09.679+0000] {logging_mixin.py:190} INFO - [2026-07-29T15:41:09.679+0000] {dag.py:3211} INFO - Sync 1 DAGs
[2026-07-29T15:41:09.684+0000] {logging_mixin.py:190} INFO - [2026-07-29T15:41:09.684+0000] {dag.py:4138} INFO - Setting next_dagrun for example_sensors to None, run_after=None
[2026-07-29T15:41:09.694+0000] {processor.py:208} INFO - Processing /home/airflow/.local/lib/python3.12/site-packages/airflow/example_dags/example_sensors.py took 0.040 seconds
[2026-07-29T15:41:40.641+0000] {processor.py:186} INFO - Started process (PID=1778) to work on /home/airflow/.local/lib/python3.12/site-packages/airflow/example_dags/example_sensors.py
[2026-07-29T15:41:40.642+0000] {processor.py:914} INFO - Processing file /home/airflow/.local/lib/python3.12/site-packages/airflow/example_dags/example_sensors.py for tasks to queue
[2026-07-29T15:41:40.643+0000] {logging_mixin.py:190} INFO - [2026-07-29T15:41:40.643+0000] {dagbag.py:587} INFO - Filling up the DagBag from /home/airflow/.local/lib/python3.12/site-packages/airflow/example_dags/example_sensors.py
[2026-07-29T15:41:40.649+0000] {processor.py:925} INFO - DAG(s) 'example_sensors' retrieved from /home/airflow/.local/lib/python3.12/site-packages/airflow/example_dags/example_sensors.py
[2026-07-29T15:41:40.662+0000] {logging_mixin.py:190} INFO - [2026-07-29T15:41:40.662+0000] {dag.py:3211} INFO - Sync 1 DAGs
[2026-07-29T15:41:40.668+0000] {logging_mixin.py:190} INFO - [2026-07-29T15:41:40.668+0000] {dag.py:4138} INFO - Setting next_dagrun for example_sensors to None, run_after=None
[2026-07-29T15:41:40.674+0000] {processor.py:208} INFO - Processing /home/airflow/.local/lib/python3.12/site-packages/airflow/example_dags/example_sensors.py took 0.036 seconds
[2026-07-29T15:42:11.606+0000] {processor.py:186} INFO - Started process (PID=1844) to work on /home/airflow/.local/lib/python3.12/site-packages/airflow/example_dags/example_sensors.py
[2026-07-29T15:42:11.608+0000] {processor.py:914} INFO - Processing file /home/airflow/.local/lib/python3.12/site-packages/airflow/example_dags/example_sensors.py for tasks to queue
[2026-07-29T15:42:11.609+0000] {logging_mixin.py:190} INFO - [2026-07-29T15:42:11.609+0000] {dagbag.py:587} INFO - Filling up the DagBag from /home/airflow/.local/lib/python3.12/site-packages/airflow/example_dags/example_sensors.py
[2026-07-29T15:42:11.614+0000] {processor.py:925} INFO - DAG(s) 'example_sensors' retrieved from /home/airflow/.local/lib/python3.12/site-packages/airflow/example_dags/example_sensors.py
[2026-07-29T15:42:11.626+0000] {logging_mixin.py:190} INFO - [2026-07-29T15:42:11.626+0000] {dag.py:3211} INFO - Sync 1 DAGs
[2026-07-29T15:42:11.632+0000] {logging_mixin.py:190} INFO - [2026-07-29T15:42:11.632+0000] {dag.py:4138} INFO - Setting next_dagrun for example_sensors to None, run_after=None
[2026-07-29T15:42:11.639+0000] {processor.py:208} INFO - Processing /home/airflow/.local/lib/python3.12/site-packages/airflow/example_dags/example_sensors.py took 0.036 seconds
[2026-07-29T15:42:42.562+0000] {processor.py:186} INFO - Started process (PID=1910) to work on /home/airflow/.local/lib/python3.12/site-packages/airflow/example_dags/example_sensors.py
[2026-07-29T15:42:42.562+0000] {processor.py:914} INFO - Processing file /home/airflow/.local/lib/python3.12/site-packages/airflow/example_dags/example_sensors.py for tasks to queue
[2026-07-29T15:42:42.565+0000] {logging_mixin.py:190} INFO - [2026-07-29T15:42:42.565+0000] {dagbag.py:587} INFO - Filling up the DagBag from /home/airflow/.local/lib/python3.12/site-packages/airflow/example_dags/example_sensors.py
[2026-07-29T15:42:42.570+0000] {processor.py:925} INFO - DAG(s) 'example_sensors' retrieved from /home/airflow/.local/lib/python3.12/site-packages/airflow/example_dags/example_sensors.py
[2026-07-29T15:42:42.585+0000] {logging_mixin.py:190} INFO - [2026-07-29T15:42:42.585+0000] {dag.py:3211} INFO - Sync 1 DAGs
[2026-07-29T15:42:42.592+0000] {logging_mixin.py:190} INFO - [2026-07-29T15:42:42.592+0000] {dag.py:4138} INFO - Setting next_dagrun for example_sensors to None, run_after=None
[2026-07-29T15:42:42.600+0000] {processor.py:208} INFO - Processing /home/airflow/.local/lib/python3.12/site-packages/airflow/example_dags/example_sensors.py took 0.041 seconds
[2026-07-29T15:43:13.584+0000] {processor.py:186} INFO - Started process (PID=1976) to work on /home/airflow/.local/lib/python3.12/site-packages/airflow/example_dags/example_sensors.py
[2026-07-29T15:43:13.585+0000] {processor.py:914} INFO - Processing file /home/airflow/.local/lib/python3.12/site-packages/airflow/example_dags/example_sensors.py for tasks to queue
[2026-07-29T15:43:13.586+0000] {logging_mixin.py:190} INFO - [2026-07-29T15:43:13.586+0000] {dagbag.py:587} INFO - Filling up the DagBag from /home/airflow/.local/lib/python3.12/site-packages/airflow/example_dags/example_sensors.py
[2026-07-29T15:43:13.593+0000] {processor.py:925} INFO - DAG(s) 'example_sensors' retrieved from /home/airflow/.local/lib/python3.12/site-packages/airflow/example_dags/example_sensors.py
[2026-07-29T15:43:13.605+0000] {logging_mixin.py:190} INFO - [2026-07-29T15:43:13.605+0000] {dag.py:3211} INFO - Sync 1 DAGs
[2026-07-29T15:43:13.611+0000] {logging_mixin.py:190} INFO - [2026-07-29T15:43:13.611+0000] {dag.py:4138} INFO - Setting next_dagrun for example_sensors to None, run_after=None
[2026-07-29T15:43:13.619+0000] {processor.py:208} INFO - Processing /home/airflow/.local/lib/python3.12/site-packages/airflow/example_dags/example_sensors.py took 0.037 seconds
[2026-07-29T15:43:43.994+0000] {processor.py:186} INFO - Started process (PID=2042) to work on /home/airflow/.local/lib/python3.12/site-packages/airflow/example_dags/example_sensors.py
[2026-07-29T15:43:43.994+0000] {processor.py:914} INFO - Processing file /home/airflow/.local/lib/python3.12/site-packages/airflow/example_dags/example_sensors.py for tasks to queue
[2026-07-29T15:43:43.995+0000] {logging_mixin.py:190} INFO - [2026-07-29T15:43:43.995+0000] {dagbag.py:587} INFO - Filling up the DagBag from /home/airflow/.local/lib/python3.12/site-packages/airflow/example_dags/example_sensors.py
[2026-07-29T15:43:44.000+0000] {processor.py:925} INFO - DAG(s) 'example_sensors' retrieved from /home/airflow/.local/lib/python3.12/site-packages/airflow/example_dags/example_sensors.py
[2026-07-29T15:43:44.010+0000] {logging_mixin.py:190} INFO - [2026-07-29T15:43:44.010+0000] {dag.py:3211} INFO - Sync 1 DAGs
[2026-07-29T15:43:44.015+0000] {logging_mixin.py:190} INFO - [2026-07-29T15:43:44.015+0000] {dag.py:4138} INFO - Setting next_dagrun for example_sensors to None, run_after=None
[2026-07-29T15:43:44.021+0000] {processor.py:208} INFO - Processing /home/airflow/.local/lib/python3.12/site-packages/airflow/example_dags/example_sensors.py took 0.031 seconds
[2026-07-29T15:58:52.355+0000] {processor.py:186} INFO - Started process (PID=2102) to work on /home/airflow/.local/lib/python3.12/site-packages/airflow/example_dags/example_sensors.py
[2026-07-29T15:58:52.356+0000] {processor.py:914} INFO - Processing file /home/airflow/.local/lib/python3.12/site-packages/airflow/example_dags/example_sensors.py for tasks to queue
[2026-07-29T15:58:52.357+0000] {logging_mixin.py:190} INFO - [2026-07-29T15:58:52.357+0000] {dagbag.py:587} INFO - Filling up the DagBag from /home/airflow/.local/lib/python3.12/site-packages/airflow/example_dags/example_sensors.py
[2026-07-29T15:58:52.364+0000] {processor.py:925} INFO - DAG(s) 'example_sensors' retrieved from /home/airflow/.local/lib/python3.12/site-packages/airflow/example_dags/example_sensors.py
[2026-07-29T15:58:52.377+0000] {logging_mixin.py:190} INFO - [2026-07-29T15:58:52.377+0000] {dag.py:3211} INFO - Sync 1 DAGs
[2026-07-29T15:58:52.383+0000] {logging_mixin.py:190} INFO - [2026-07-29T15:58:52.382+0000] {dag.py:4138} INFO - Setting next_dagrun for example_sensors to None, run_after=None
[2026-07-29T15:58:52.391+0000] {processor.py:208} INFO - Processing /home/airflow/.local/lib/python3.12/site-packages/airflow/example_dags/example_sensors.py took 0.039 seconds
[2026-07-29T15:59:22.494+0000] {processor.py:186} INFO - Started process (PID=2168) to work on /home/airflow/.local/lib/python3.12/site-packages/airflow/example_dags/example_sensors.py
[2026-07-29T15:59:22.494+0000] {processor.py:914} INFO - Processing file /home/airflow/.local/lib/python3.12/site-packages/airflow/example_dags/example_sensors.py for tasks to queue
[2026-07-29T15:59:22.495+0000] {logging_mixin.py:190} INFO - [2026-07-29T15:59:22.495+0000] {dagbag.py:587} INFO - Filling up the DagBag from /home/airflow/.local/lib/python3.12/site-packages/airflow/example_dags/example_sensors.py
[2026-07-29T15:59:22.499+0000] {processor.py:925} INFO - DAG(s) 'example_sensors' retrieved from /home/airflow/.local/lib/python3.12/site-packages/airflow/example_dags/example_sensors.py
[2026-07-29T15:59:22.509+0000] {logging_mixin.py:190} INFO - [2026-07-29T15:59:22.509+0000] {dag.py:3211} INFO - Sync 1 DAGs
[2026-07-29T15:59:22.514+0000] {logging_mixin.py:190} INFO - [2026-07-29T15:59:22.513+0000] {dag.py:4138} INFO - Setting next_dagrun for example_sensors to None, run_after=None
[2026-07-29T15:59:22.520+0000] {processor.py:208} INFO - Processing /home/airflow/.local/lib/python3.12/site-packages/airflow/example_dags/example_sensors.py took 0.028 seconds
[2026-07-29T15:59:53.530+0000] {processor.py:186} INFO - Started process (PID=2234) to work on /home/airflow/.local/lib/python3.12/site-packages/airflow/example_dags/example_sensors.py
[2026-07-29T15:59:53.530+0000] {processor.py:914} INFO - Processing file /home/airflow/.local/lib/python3.12/site-packages/airflow/example_dags/example_sensors.py for tasks to queue
[2026-07-29T15:59:53.531+0000] {logging_mixin.py:190} INFO - [2026-07-29T15:59:53.531+0000] {dagbag.py:587} INFO - Filling up the DagBag from /home/airflow/.local/lib/python3.12/site-packages/airflow/example_dags/example_sensors.py
[2026-07-29T15:59:53.536+0000] {processor.py:925} INFO - DAG(s) 'example_sensors' retrieved from /home/airflow/.local/lib/python3.12/site-packages/airflow/example_dags/example_sensors.py
[2026-07-29T15:59:53.550+0000] {logging_mixin.py:190} INFO - [2026-07-29T15:59:53.550+0000] {dag.py:3211} INFO - Sync 1 DAGs
[2026-07-29T15:59:53.556+0000] {logging_mixin.py:190} INFO - [2026-07-29T15:59:53.556+0000] {dag.py:4138} INFO - Setting next_dagrun for example_sensors to None, run_after=None
[2026-07-29T15:59:53.567+0000] {processor.py:208} INFO - Processing /home/airflow/.local/lib/python3.12/site-packages/airflow/example_dags/example_sensors.py took 0.039 seconds
[2026-07-29T16:00:24.489+0000] {processor.py:186} INFO - Started process (PID=2300) to work on /home/airflow/.local/lib/python3.12/site-packages/airflow/example_dags/example_sensors.py
[2026-07-29T16:00:24.489+0000] {processor.py:914} INFO - Processing file /home/airflow/.local/lib/python3.12/site-packages/airflow/example_dags/example_sensors.py for tasks to queue
[2026-07-29T16:00:24.491+0000] {logging_mixin.py:190} INFO - [2026-07-29T16:00:24.490+0000] {dagbag.py:587} INFO - Filling up the DagBag from /home/airflow/.local/lib/python3.12/site-packages/airflow/example_dags/example_sensors.py
[2026-07-29T16:00:24.496+0000] {processor.py:925} INFO - DAG(s) 'example_sensors' retrieved from /home/airflow/.local/lib/python3.12/site-packages/airflow/example_dags/example_sensors.py
[2026-07-29T16:00:24.507+0000] {logging_mixin.py:190} INFO - [2026-07-29T16:00:24.507+0000] {dag.py:3211} INFO - Sync 1 DAGs
[2026-07-29T16:00:24.514+0000] {logging_mixin.py:190} INFO - [2026-07-29T16:00:24.513+0000] {dag.py:4138} INFO - Setting next_dagrun for example_sensors to None, run_after=None
[2026-07-29T16:00:24.526+0000] {processor.py:208} INFO - Processing /home/airflow/.local/lib/python3.12/site-packages/airflow/example_dags/example_sensors.py took 0.040 seconds
[2026-07-29T16:00:54.583+0000] {processor.py:186} INFO - Started process (PID=2366) to work on /home/airflow/.local/lib/python3.12/site-packages/airflow/example_dags/example_sensors.py
[2026-07-29T16:00:54.583+0000] {processor.py:914} INFO - Processing file /home/airflow/.local/lib/python3.12/site-packages/airflow/example_dags/example_sensors.py for tasks to queue
[2026-07-29T16:00:54.584+0000] {logging_mixin.py:190} INFO - [2026-07-29T16:00:54.584+0000] {dagbag.py:587} INFO - Filling up the DagBag from /home/airflow/.local/lib/python3.12/site-packages/airflow/example_dags/example_sensors.py
[2026-07-29T16:00:54.589+0000] {processor.py:925} INFO - DAG(s) 'example_sensors' retrieved from /home/airflow/.local/lib/python3.12/site-packages/airflow/example_dags/example_sensors.py
[2026-07-29T16:00:54.600+0000] {logging_mixin.py:190} INFO - [2026-07-29T16:00:54.600+0000] {dag.py:3211} INFO - Sync 1 DAGs
[2026-07-29T16:00:54.605+0000] {logging_mixin.py:190} INFO - [2026-07-29T16:00:54.605+0000] {dag.py:4138} INFO - Setting next_dagrun for example_sensors to None, run_after=None
[2026-07-29T16:00:54.614+0000] {processor.py:208} INFO - Processing /home/airflow/.local/lib/python3.12/site-packages/airflow/example_dags/example_sensors.py took 0.034 seconds
[2026-07-29T16:01:25.516+0000] {processor.py:186} INFO - Started process (PID=2432) to work on /home/airflow/.local/lib/python3.12/site-packages/airflow/example_dags/example_sensors.py
[2026-07-29T16:01:25.517+0000] {processor.py:914} INFO - Processing file /home/airflow/.local/lib/python3.12/site-packages/airflow/example_dags/example_sensors.py for tasks to queue
[2026-07-29T16:01:25.519+0000] {logging_mixin.py:190} INFO - [2026-07-29T16:01:25.519+0000] {dagbag.py:587} INFO - Filling up the DagBag from /home/airflow/.local/lib/python3.12/site-packages/airflow/example_dags/example_sensors.py
[2026-07-29T16:01:25.523+0000] {processor.py:925} INFO - DAG(s) 'example_sensors' retrieved from /home/airflow/.local/lib/python3.12/site-packages/airflow/example_dags/example_sensors.py
[2026-07-29T16:01:25.537+0000] {logging_mixin.py:190} INFO - [2026-07-29T16:01:25.536+0000] {dag.py:3211} INFO - Sync 1 DAGs
[2026-07-29T16:01:25.544+0000] {logging_mixin.py:190} INFO - [2026-07-29T16:01:25.544+0000] {dag.py:4138} INFO - Setting next_dagrun for example_sensors to None, run_after=None
[2026-07-29T16:01:25.556+0000] {processor.py:208} INFO - Processing /home/airflow/.local/lib/python3.12/site-packages/airflow/example_dags/example_sensors.py took 0.042 seconds
[2026-07-29T16:01:56.463+0000] {processor.py:186} INFO - Started process (PID=2498) to work on /home/airflow/.local/lib/python3.12/site-packages/airflow/example_dags/example_sensors.py
[2026-07-29T16:01:56.464+0000] {processor.py:914} INFO - Processing file /home/airflow/.local/lib/python3.12/site-packages/airflow/example_dags/example_sensors.py for tasks to queue
[2026-07-29T16:01:56.466+0000] {logging_mixin.py:190} INFO - [2026-07-29T16:01:56.466+0000] {dagbag.py:587} INFO - Filling up the DagBag from /home/airflow/.local/lib/python3.12/site-packages/airflow/example_dags/example_sensors.py
[2026-07-29T16:01:56.470+0000] {processor.py:925} INFO - DAG(s) 'example_sensors' retrieved from /home/airflow/.local/lib/python3.12/site-packages/airflow/example_dags/example_sensors.py
[2026-07-29T16:01:56.486+0000] {logging_mixin.py:190} INFO - [2026-07-29T16:01:56.486+0000] {dag.py:3211} INFO - Sync 1 DAGs
[2026-07-29T16:01:56.494+0000] {logging_mixin.py:190} INFO - [2026-07-29T16:01:56.494+0000] {dag.py:4138} INFO - Setting next_dagrun for example_sensors to None, run_after=None
[2026-07-29T16:01:56.500+0000] {processor.py:208} INFO - Processing /home/airflow/.local/lib/python3.12/site-packages/airflow/example_dags/example_sensors.py took 0.041 seconds
[2026-07-29T16:02:27.458+0000] {processor.py:186} INFO - Started process (PID=2564) to work on /home/airflow/.local/lib/python3.12/site-packages/airflow/example_dags/example_sensors.py
[2026-07-29T16:02:27.458+0000] {processor.py:914} INFO - Processing file /home/airflow/.local/lib/python3.12/site-packages/airflow/example_dags/example_sensors.py for tasks to queue
[2026-07-29T16:02:27.459+0000] {logging_mixin.py:190} INFO - [2026-07-29T16:02:27.459+0000] {dagbag.py:587} INFO - Filling up the DagBag from /home/airflow/.local/lib/python3.12/site-packages/airflow/example_dags/example_sensors.py
[2026-07-29T16:02:27.465+0000] {processor.py:925} INFO - DAG(s) 'example_sensors' retrieved from /home/airflow/.local/lib/python3.12/site-packages/airflow/example_dags/example_sensors.py
[2026-07-29T16:02:27.476+0000] {logging_mixin.py:190} INFO - [2026-07-29T16:02:27.476+0000] {dag.py:3211} INFO - Sync 1 DAGs
[2026-07-29T16:02:27.482+0000] {logging_mixin.py:190} INFO - [2026-07-29T16:02:27.482+0000] {dag.py:4138} INFO - Setting next_dagrun for example_sensors to None, run_after=None
[2026-07-29T16:02:27.493+0000] {processor.py:208} INFO - Processing /home/airflow/.local/lib/python3.12/site-packages/airflow/example_dags/example_sensors.py took 0.038 seconds
[2026-07-29T16:02:58.425+0000] {processor.py:186} INFO - Started process (PID=2630) to work on /home/airflow/.local/lib/python3.12/site-packages/airflow/example_dags/example_sensors.py
[2026-07-29T16:02:58.426+0000] {processor.py:914} INFO - Processing file /home/airflow/.local/lib/python3.12/site-packages/airflow/example_dags/example_sensors.py for tasks to queue
[2026-07-29T16:02:58.427+0000] {logging_mixin.py:190} INFO - [2026-07-29T16:02:58.426+0000] {dagbag.py:587} INFO - Filling up the DagBag from /home/airflow/.local/lib/python3.12/site-packages/airflow/example_dags/example_sensors.py
[2026-07-29T16:02:58.433+0000] {processor.py:925} INFO - DAG(s) 'example_sensors' retrieved from /home/airflow/.local/lib/python3.12/site-packages/airflow/example_dags/example_sensors.py
[2026-07-29T16:02:58.447+0000] {logging_mixin.py:190} INFO - [2026-07-29T16:02:58.447+0000] {dag.py:3211} INFO - Sync 1 DAGs
[2026-07-29T16:02:58.453+0000] {logging_mixin.py:190} INFO - [2026-07-29T16:02:58.453+0000] {dag.py:4138} INFO - Setting next_dagrun for example_sensors to None, run_after=None
[2026-07-29T16:02:58.469+0000] {processor.py:208} INFO - Processing /home/airflow/.local/lib/python3.12/site-packages/airflow/example_dags/example_sensors.py took 0.046 seconds
[2026-07-29T16:03:29.384+0000] {processor.py:186} INFO - Started process (PID=2696) to work on /home/airflow/.local/lib/python3.12/site-packages/airflow/example_dags/example_sensors.py
[2026-07-29T16:03:29.385+0000] {processor.py:914} INFO - Processing file /home/airflow/.local/lib/python3.12/site-packages/airflow/example_dags/example_sensors.py for tasks to queue
[2026-07-29T16:03:29.386+0000] {logging_mixin.py:190} INFO - [2026-07-29T16:03:29.386+0000] {dagbag.py:587} INFO - Filling up the DagBag from /home/airflow/.local/lib/python3.12/site-packages/airflow/example_dags/example_sensors.py
[2026-07-29T16:03:29.393+0000] {processor.py:925} INFO - DAG(s) 'example_sensors' retrieved from /home/airflow/.local/lib/python3.12/site-packages/airflow/example_dags/example_sensors.py
[2026-07-29T16:03:29.408+0000] {logging_mixin.py:190} INFO - [2026-07-29T16:03:29.408+0000] {dag.py:3211} INFO - Sync 1 DAGs
[2026-07-29T16:03:29.415+0000] {logging_mixin.py:190} INFO - [2026-07-29T16:03:29.414+0000] {dag.py:4138} INFO - Setting next_dagrun for example_sensors to None, run_after=None
[2026-07-29T16:03:29.425+0000] {processor.py:208} INFO - Processing /home/airflow/.local/lib/python3.12/site-packages/airflow/example_dags/example_sensors.py took 0.044 seconds
[2026-07-29T16:03:59.926+0000] {processor.py:186} INFO - Started process (PID=2762) to work on /home/airflow/.local/lib/python3.12/site-packages/airflow/example_dags/example_sensors.py
[2026-07-29T16:03:59.926+0000] {processor.py:914} INFO - Processing file /home/airflow/.local/lib/python3.12/site-packages/airflow/example_dags/example_sensors.py for tasks to queue
[2026-07-29T16:03:59.928+0000] {logging_mixin.py:190} INFO - [2026-07-29T16:03:59.928+0000] {dagbag.py:587} INFO - Filling up the DagBag from /home/airflow/.local/lib/python3.12/site-packages/airflow/example_dags/example_sensors.py
[2026-07-29T16:03:59.933+0000] {processor.py:925} INFO - DAG(s) 'example_sensors' retrieved from /home/airflow/.local/lib/python3.12/site-packages/airflow/example_dags/example_sensors.py
[2026-07-29T16:03:59.945+0000] {logging_mixin.py:190} INFO - [2026-07-29T16:03:59.945+0000] {dag.py:3211} INFO - Sync 1 DAGs
[2026-07-29T16:03:59.956+0000] {logging_mixin.py:190} INFO - [2026-07-29T16:03:59.955+0000] {dag.py:4138} INFO - Setting next_dagrun for example_sensors to None, run_after=None
[2026-07-29T16:03:59.968+0000] {processor.py:208} INFO - Processing /home/airflow/.local/lib/python3.12/site-packages/airflow/example_dags/example_sensors.py took 0.045 seconds
[2026-07-29T16:04:46.378+0000] {processor.py:186} INFO - Started process (PID=2822) to work on /home/airflow/.local/lib/python3.12/site-packages/airflow/example_dags/example_sensors.py
[2026-07-29T16:04:46.380+0000] {processor.py:914} INFO - Processing file /home/airflow/.local/lib/python3.12/site-packages/airflow/example_dags/example_sensors.py for tasks to queue
[2026-07-29T16:04:46.381+0000] {logging_mixin.py:190} INFO - [2026-07-29T16:04:46.381+0000] {dagbag.py:587} INFO - Filling up the DagBag from /home/airflow/.local/lib/python3.12/site-packages/airflow/example_dags/example_sensors.py
[2026-07-29T16:04:46.386+0000] {processor.py:925} INFO - DAG(s) 'example_sensors' retrieved from /home/airflow/.local/lib/python3.12/site-packages/airflow/example_dags/example_sensors.py
[2026-07-29T16:04:46.396+0000] {logging_mixin.py:190} INFO - [2026-07-29T16:04:46.396+0000] {dag.py:3211} INFO - Sync 1 DAGs
[2026-07-29T16:04:46.402+0000] {logging_mixin.py:190} INFO - [2026-07-29T16:04:46.402+0000] {dag.py:4138} INFO - Setting next_dagrun for example_sensors to None, run_after=None
[2026-07-29T16:04:46.415+0000] {processor.py:208} INFO - Processing /home/airflow/.local/lib/python3.12/site-packages/airflow/example_dags/example_sensors.py took 0.039 seconds
[2026-07-29T16:05:17.385+0000] {processor.py:186} INFO - Started process (PID=2888) to work on /home/airflow/.local/lib/python3.12/site-packages/airflow/example_dags/example_sensors.py
[2026-07-29T16:05:17.386+0000] {processor.py:914} INFO - Processing file /home/airflow/.local/lib/python3.12/site-packages/airflow/example_dags/example_sensors.py for tasks to queue
[2026-07-29T16:05:17.387+0000] {logging_mixin.py:190} INFO - [2026-07-29T16:05:17.387+0000] {dagbag.py:587} INFO - Filling up the DagBag from /home/airflow/.local/lib/python3.12/site-packages/airflow/example_dags/example_sensors.py
[2026-07-29T16:05:17.392+0000] {processor.py:925} INFO - DAG(s) 'example_sensors' retrieved from /home/airflow/.local/lib/python3.12/site-packages/airflow/example_dags/example_sensors.py
[2026-07-29T16:05:17.405+0000] {logging_mixin.py:190} INFO - [2026-07-29T16:05:17.405+0000] {dag.py:3211} INFO - Sync 1 DAGs
[2026-07-29T16:05:17.412+0000] {logging_mixin.py:190} INFO - [2026-07-29T16:05:17.411+0000] {dag.py:4138} INFO - Setting next_dagrun for example_sensors to None, run_after=None
[2026-07-29T16:05:17.425+0000] {processor.py:208} INFO - Processing /home/airflow/.local/lib/python3.12/site-packages/airflow/example_dags/example_sensors.py took 0.042 seconds
[2026-07-29T16:06:01.138+0000] {processor.py:186} INFO - Started process (PID=2954) to work on /home/airflow/.local/lib/python3.12/site-packages/airflow/example_dags/example_sensors.py
[2026-07-29T16:06:01.140+0000] {processor.py:914} INFO - Processing file /home/airflow/.local/lib/python3.12/site-packages/airflow/example_dags/example_sensors.py for tasks to queue
[2026-07-29T16:06:01.141+0000] {logging_mixin.py:190} INFO - [2026-07-29T16:06:01.141+0000] {dagbag.py:587} INFO - Filling up the DagBag from /home/airflow/.local/lib/python3.12/site-packages/airflow/example_dags/example_sensors.py
[2026-07-29T16:06:01.146+0000] {processor.py:925} INFO - DAG(s) 'example_sensors' retrieved from /home/airflow/.local/lib/python3.12/site-packages/airflow/example_dags/example_sensors.py
[2026-07-29T16:06:01.158+0000] {logging_mixin.py:190} INFO - [2026-07-29T16:06:01.158+0000] {dag.py:3211} INFO - Sync 1 DAGs
[2026-07-29T16:06:01.163+0000] {logging_mixin.py:190} INFO - [2026-07-29T16:06:01.163+0000] {dag.py:4138} INFO - Setting next_dagrun for example_sensors to None, run_after=None
[2026-07-29T16:06:01.172+0000] {processor.py:208} INFO - Processing /home/airflow/.local/lib/python3.12/site-packages/airflow/example_dags/example_sensors.py took 0.036 seconds
[2026-07-29T16:06:32.081+0000] {processor.py:186} INFO - Started process (PID=3020) to work on /home/airflow/.local/lib/python3.12/site-packages/airflow/example_dags/example_sensors.py
[2026-07-29T16:06:32.082+0000] {processor.py:914} INFO - Processing file /home/airflow/.local/lib/python3.12/site-packages/airflow/example_dags/example_sensors.py for tasks to queue
[2026-07-29T16:06:32.084+0000] {logging_mixin.py:190} INFO - [2026-07-29T16:06:32.083+0000] {dagbag.py:587} INFO - Filling up the DagBag from /home/airflow/.local/lib/python3.12/site-packages/airflow/example_dags/example_sensors.py
[2026-07-29T16:06:32.089+0000] {processor.py:925} INFO - DAG(s) 'example_sensors' retrieved from /home/airflow/.local/lib/python3.12/site-packages/airflow/example_dags/example_sensors.py
[2026-07-29T16:06:32.103+0000] {logging_mixin.py:190} INFO - [2026-07-29T16:06:32.103+0000] {dag.py:3211} INFO - Sync 1 DAGs
[2026-07-29T16:06:32.109+0000] {logging_mixin.py:190} INFO - [2026-07-29T16:06:32.109+0000] {dag.py:4138} INFO - Setting next_dagrun for example_sensors to None, run_after=None
[2026-07-29T16:06:32.119+0000] {processor.py:208} INFO - Processing /home/airflow/.local/lib/python3.12/site-packages/airflow/example_dags/example_sensors.py took 0.039 seconds
[2026-07-29T16:13:47.772+0000] {processor.py:186} INFO - Started process (PID=3092) to work on /home/airflow/.local/lib/python3.12/site-packages/airflow/example_dags/example_sensors.py
[2026-07-29T16:13:47.773+0000] {processor.py:914} INFO - Processing file /home/airflow/.local/lib/python3.12/site-packages/airflow/example_dags/example_sensors.py for tasks to queue
[2026-07-29T16:13:47.775+0000] {logging_mixin.py:190} INFO - [2026-07-29T16:13:47.774+0000] {dagbag.py:587} INFO - Filling up the DagBag from /home/airflow/.local/lib/python3.12/site-packages/airflow/example_dags/example_sensors.py
[2026-07-29T16:13:47.780+0000] {processor.py:925} INFO - DAG(s) 'example_sensors' retrieved from /home/airflow/.local/lib/python3.12/site-packages/airflow/example_dags/example_sensors.py
[2026-07-29T16:13:47.792+0000] {logging_mixin.py:190} INFO - [2026-07-29T16:13:47.791+0000] {dag.py:3211} INFO - Sync 1 DAGs
[2026-07-29T16:13:47.798+0000] {logging_mixin.py:190} INFO - [2026-07-29T16:13:47.798+0000] {dag.py:4138} INFO - Setting next_dagrun for example_sensors to None, run_after=None
[2026-07-29T16:13:47.809+0000] {processor.py:208} INFO - Processing /home/airflow/.local/lib/python3.12/site-packages/airflow/example_dags/example_sensors.py took 0.040 seconds
[2026-07-29T16:14:18.662+0000] {processor.py:186} INFO - Started process (PID=3158) to work on /home/airflow/.local/lib/python3.12/site-packages/airflow/example_dags/example_sensors.py
[2026-07-29T16:14:18.663+0000] {processor.py:914} INFO - Processing file /home/airflow/.local/lib/python3.12/site-packages/airflow/example_dags/example_sensors.py for tasks to queue
[2026-07-29T16:14:18.664+0000] {logging_mixin.py:190} INFO - [2026-07-29T16:14:18.664+0000] {dagbag.py:587} INFO - Filling up the DagBag from /home/airflow/.local/lib/python3.12/site-packages/airflow/example_dags/example_sensors.py
[2026-07-29T16:14:18.670+0000] {processor.py:925} INFO - DAG(s) 'example_sensors' retrieved from /home/airflow/.local/lib/python3.12/site-packages/airflow/example_dags/example_sensors.py
[2026-07-29T16:14:18.685+0000] {logging_mixin.py:190} INFO - [2026-07-29T16:14:18.685+0000] {dag.py:3211} INFO - Sync 1 DAGs
[2026-07-29T16:14:18.693+0000] {logging_mixin.py:190} INFO - [2026-07-29T16:14:18.693+0000] {dag.py:4138} INFO - Setting next_dagrun for example_sensors to None, run_after=None
[2026-07-29T16:14:18.704+0000] {processor.py:208} INFO - Processing /home/airflow/.local/lib/python3.12/site-packages/airflow/example_dags/example_sensors.py took 0.044 seconds
[2026-07-29T16:14:49.585+0000] {processor.py:186} INFO - Started process (PID=3224) to work on /home/airflow/.local/lib/python3.12/site-packages/airflow/example_dags/example_sensors.py
[2026-07-29T16:14:49.586+0000] {processor.py:914} INFO - Processing file /home/airflow/.local/lib/python3.12/site-packages/airflow/example_dags/example_sensors.py for tasks to queue
[2026-07-29T16:14:49.587+0000] {logging_mixin.py:190} INFO - [2026-07-29T16:14:49.587+0000] {dagbag.py:587} INFO - Filling up the DagBag from /home/airflow/.local/lib/python3.12/site-packages/airflow/example_dags/example_sensors.py
[2026-07-29T16:14:49.594+0000] {processor.py:925} INFO - DAG(s) 'example_sensors' retrieved from /home/airflow/.local/lib/python3.12/site-packages/airflow/example_dags/example_sensors.py
[2026-07-29T16:14:49.609+0000] {logging_mixin.py:190} INFO - [2026-07-29T16:14:49.609+0000] {dag.py:3211} INFO - Sync 1 DAGs
[2026-07-29T16:14:49.615+0000] {logging_mixin.py:190} INFO - [2026-07-29T16:14:49.615+0000] {dag.py:4138} INFO - Setting next_dagrun for example_sensors to None, run_after=None
[2026-07-29T16:14:49.624+0000] {processor.py:208} INFO - Processing /home/airflow/.local/lib/python3.12/site-packages/airflow/example_dags/example_sensors.py took 0.043 seconds
[2026-07-29T16:15:20.672+0000] {processor.py:186} INFO - Started process (PID=3290) to work on /home/airflow/.local/lib/python3.12/site-packages/airflow/example_dags/example_sensors.py
[2026-07-29T16:15:20.672+0000] {processor.py:914} INFO - Processing file /home/airflow/.local/lib/python3.12/site-packages/airflow/example_dags/example_sensors.py for tasks to queue
[2026-07-29T16:15:20.676+0000] {logging_mixin.py:190} INFO - [2026-07-29T16:15:20.676+0000] {dagbag.py:587} INFO - Filling up the DagBag from /home/airflow/.local/lib/python3.12/site-packages/airflow/example_dags/example_sensors.py
[2026-07-29T16:15:20.680+0000] {processor.py:925} INFO - DAG(s) 'example_sensors' retrieved from /home/airflow/.local/lib/python3.12/site-packages/airflow/example_dags/example_sensors.py
[2026-07-29T16:15:20.693+0000] {logging_mixin.py:190} INFO - [2026-07-29T16:15:20.693+0000] {dag.py:3211} INFO - Sync 1 DAGs
[2026-07-29T16:15:20.700+0000] {logging_mixin.py:190} INFO - [2026-07-29T16:15:20.700+0000] {dag.py:4138} INFO - Setting next_dagrun for example_sensors to None, run_after=None
[2026-07-29T16:15:20.709+0000] {processor.py:208} INFO - Processing /home/airflow/.local/lib/python3.12/site-packages/airflow/example_dags/example_sensors.py took 0.040 seconds
[2026-07-29T16:15:50.977+0000] {processor.py:186} INFO - Started process (PID=3356) to work on /home/airflow/.local/lib/python3.12/site-packages/airflow/example_dags/example_sensors.py
[2026-07-29T16:15:50.978+0000] {processor.py:914} INFO - Processing file /home/airflow/.local/lib/python3.12/site-packages/airflow/example_dags/example_sensors.py for tasks to queue
[2026-07-29T16:15:50.979+0000] {logging_mixin.py:190} INFO - [2026-07-29T16:15:50.979+0000] {dagbag.py:587} INFO - Filling up the DagBag from /home/airflow/.local/lib/python3.12/site-packages/airflow/example_dags/example_sensors.py
[2026-07-29T16:15:50.984+0000] {processor.py:925} INFO - DAG(s) 'example_sensors' retrieved from /home/airflow/.local/lib/python3.12/site-packages/airflow/example_dags/example_sensors.py
[2026-07-29T16:15:50.996+0000] {logging_mixin.py:190} INFO - [2026-07-29T16:15:50.996+0000] {dag.py:3211} INFO - Sync 1 DAGs
[2026-07-29T16:15:51.002+0000] {logging_mixin.py:190} INFO - [2026-07-29T16:15:51.002+0000] {dag.py:4138} INFO - Setting next_dagrun for example_sensors to None, run_after=None
[2026-07-29T16:15:51.011+0000] {processor.py:208} INFO - Processing /home/airflow/.local/lib/python3.12/site-packages/airflow/example_dags/example_sensors.py took 0.036 seconds
[2026-07-29T16:16:21.093+0000] {processor.py:186} INFO - Started process (PID=3422) to work on /home/airflow/.local/lib/python3.12/site-packages/airflow/example_dags/example_sensors.py
[2026-07-29T16:16:21.094+0000] {processor.py:914} INFO - Processing file /home/airflow/.local/lib/python3.12/site-packages/airflow/example_dags/example_sensors.py for tasks to queue
[2026-07-29T16:16:21.096+0000] {logging_mixin.py:190} INFO - [2026-07-29T16:16:21.096+0000] {dagbag.py:587} INFO - Filling up the DagBag from /home/airflow/.local/lib/python3.12/site-packages/airflow/example_dags/example_sensors.py
[2026-07-29T16:16:21.101+0000] {processor.py:925} INFO - DAG(s) 'example_sensors' retrieved from /home/airflow/.local/lib/python3.12/site-packages/airflow/example_dags/example_sensors.py
[2026-07-29T16:16:21.113+0000] {logging_mixin.py:190} INFO - [2026-07-29T16:16:21.113+0000] {dag.py:3211} INFO - Sync 1 DAGs
[2026-07-29T16:16:21.119+0000] {logging_mixin.py:190} INFO - [2026-07-29T16:16:21.119+0000] {dag.py:4138} INFO - Setting next_dagrun for example_sensors to None, run_after=None
[2026-07-29T16:16:21.129+0000] {processor.py:208} INFO - Processing /home/airflow/.local/lib/python3.12/site-packages/airflow/example_dags/example_sensors.py took 0.039 seconds
[2026-07-29T16:16:51.293+0000] {processor.py:186} INFO - Started process (PID=3488) to work on /home/airflow/.local/lib/python3.12/site-packages/airflow/example_dags/example_sensors.py
[2026-07-29T16:16:51.293+0000] {processor.py:914} INFO - Processing file /home/airflow/.local/lib/python3.12/site-packages/airflow/example_dags/example_sensors.py for tasks to queue
[2026-07-29T16:16:51.295+0000] {logging_mixin.py:190} INFO - [2026-07-29T16:16:51.294+0000] {dagbag.py:587} INFO - Filling up the DagBag from /home/airflow/.local/lib/python3.12/site-packages/airflow/example_dags/example_sensors.py
[2026-07-29T16:16:51.300+0000] {processor.py:925} INFO - DAG(s) 'example_sensors' retrieved from /home/airflow/.local/lib/python3.12/site-packages/airflow/example_dags/example_sensors.py
[2026-07-29T16:16:51.314+0000] {logging_mixin.py:190} INFO - [2026-07-29T16:16:51.313+0000] {dag.py:3211} INFO - Sync 1 DAGs
[2026-07-29T16:16:51.319+0000] {logging_mixin.py:190} INFO - [2026-07-29T16:16:51.319+0000] {dag.py:4138} INFO - Setting next_dagrun for example_sensors to None, run_after=None
[2026-07-29T16:16:51.326+0000] {processor.py:208} INFO - Processing /home/airflow/.local/lib/python3.12/site-packages/airflow/example_dags/example_sensors.py took 0.036 seconds
[2026-07-29T16:17:21.343+0000] {processor.py:186} INFO - Started process (PID=3554) to work on /home/airflow/.local/lib/python3.12/site-packages/airflow/example_dags/example_sensors.py
[2026-07-29T16:17:21.343+0000] {processor.py:914} INFO - Processing file /home/airflow/.local/lib/python3.12/site-packages/airflow/example_dags/example_sensors.py for tasks to queue
[2026-07-29T16:17:21.346+0000] {logging_mixin.py:190} INFO - [2026-07-29T16:17:21.346+0000] {dagbag.py:587} INFO - Filling up the DagBag from /home/airflow/.local/lib/python3.12/site-packages/airflow/example_dags/example_sensors.py
[2026-07-29T16:17:21.353+0000] {processor.py:925} INFO - DAG(s) 'example_sensors' retrieved from /home/airflow/.local/lib/python3.12/site-packages/airflow/example_dags/example_sensors.py
[2026-07-29T16:17:21.371+0000] {logging_mixin.py:190} INFO - [2026-07-29T16:17:21.371+0000] {dag.py:3211} INFO - Sync 1 DAGs
[2026-07-29T16:17:21.376+0000] {logging_mixin.py:190} INFO - [2026-07-29T16:17:21.376+0000] {dag.py:4138} INFO - Setting next_dagrun for example_sensors to None, run_after=None
[2026-07-29T16:17:21.382+0000] {processor.py:208} INFO - Processing /home/airflow/.local/lib/python3.12/site-packages/airflow/example_dags/example_sensors.py took 0.042 seconds
[2026-07-29T16:17:51.528+0000] {processor.py:186} INFO - Started process (PID=3620) to work on /home/airflow/.local/lib/python3.12/site-packages/airflow/example_dags/example_sensors.py
[2026-07-29T16:17:51.529+0000] {processor.py:914} INFO - Processing file /home/airflow/.local/lib/python3.12/site-packages/airflow/example_dags/example_sensors.py for tasks to queue
[2026-07-29T16:17:51.530+0000] {logging_mixin.py:190} INFO - [2026-07-29T16:17:51.530+0000] {dagbag.py:587} INFO - Filling up the DagBag from /home/airflow/.local/lib/python3.12/site-packages/airflow/example_dags/example_sensors.py
[2026-07-29T16:17:51.535+0000] {processor.py:925} INFO - DAG(s) 'example_sensors' retrieved from /home/airflow/.local/lib/python3.12/site-packages/airflow/example_dags/example_sensors.py
[2026-07-29T16:17:51.545+0000] {logging_mixin.py:190} INFO - [2026-07-29T16:17:51.545+0000] {dag.py:3211} INFO - Sync 1 DAGs
[2026-07-29T16:17:51.550+0000] {logging_mixin.py:190} INFO - [2026-07-29T16:17:51.550+0000] {dag.py:4138} INFO - Setting next_dagrun for example_sensors to None, run_after=None
[2026-07-29T16:17:51.556+0000] {processor.py:208} INFO - Processing /home/airflow/.local/lib/python3.12/site-packages/airflow/example_dags/example_sensors.py took 0.032 seconds
[2026-07-29T16:18:22.655+0000] {processor.py:186} INFO - Started process (PID=3686) to work on /home/airflow/.local/lib/python3.12/site-packages/airflow/example_dags/example_sensors.py
[2026-07-29T16:18:22.656+0000] {processor.py:914} INFO - Processing file /home/airflow/.local/lib/python3.12/site-packages/airflow/example_dags/example_sensors.py for tasks to queue
[2026-07-29T16:18:22.658+0000] {logging_mixin.py:190} INFO - [2026-07-29T16:18:22.657+0000] {dagbag.py:587} INFO - Filling up the DagBag from /home/airflow/.local/lib/python3.12/site-packages/airflow/example_dags/example_sensors.py
[2026-07-29T16:18:22.664+0000] {processor.py:925} INFO - DAG(s) 'example_sensors' retrieved from /home/airflow/.local/lib/python3.12/site-packages/airflow/example_dags/example_sensors.py
[2026-07-29T16:18:22.676+0000] {logging_mixin.py:190} INFO - [2026-07-29T16:18:22.676+0000] {dag.py:3211} INFO - Sync 1 DAGs
[2026-07-29T16:18:22.684+0000] {logging_mixin.py:190} INFO - [2026-07-29T16:18:22.684+0000] {dag.py:4138} INFO - Setting next_dagrun for example_sensors to None, run_after=None
[2026-07-29T16:18:22.696+0000] {processor.py:208} INFO - Processing /home/airflow/.local/lib/python3.12/site-packages/airflow/example_dags/example_sensors.py took 0.043 seconds
[2026-07-29T16:18:53.142+0000] {processor.py:186} INFO - Started process (PID=3752) to work on /home/airflow/.local/lib/python3.12/site-packages/airflow/example_dags/example_sensors.py
[2026-07-29T16:18:53.142+0000] {processor.py:914} INFO - Processing file /home/airflow/.local/lib/python3.12/site-packages/airflow/example_dags/example_sensors.py for tasks to queue
[2026-07-29T16:18:53.143+0000] {logging_mixin.py:190} INFO - [2026-07-29T16:18:53.143+0000] {dagbag.py:587} INFO - Filling up the DagBag from /home/airflow/.local/lib/python3.12/site-packages/airflow/example_dags/example_sensors.py
[2026-07-29T16:18:53.148+0000] {processor.py:925} INFO - DAG(s) 'example_sensors' retrieved from /home/airflow/.local/lib/python3.12/site-packages/airflow/example_dags/example_sensors.py
[2026-07-29T16:18:53.165+0000] {logging_mixin.py:190} INFO - [2026-07-29T16:18:53.165+0000] {dag.py:3211} INFO - Sync 1 DAGs
[2026-07-29T16:18:53.171+0000] {logging_mixin.py:190} INFO - [2026-07-29T16:18:53.171+0000] {dag.py:4138} INFO - Setting next_dagrun for example_sensors to None, run_after=None
[2026-07-29T16:18:53.178+0000] {processor.py:208} INFO - Processing /home/airflow/.local/lib/python3.12/site-packages/airflow/example_dags/example_sensors.py took 0.039 seconds
[2026-07-29T16:19:23.479+0000] {processor.py:186} INFO - Started process (PID=3818) to work on /home/airflow/.local/lib/python3.12/site-packages/airflow/example_dags/example_sensors.py
[2026-07-29T16:19:23.479+0000] {processor.py:914} INFO - Processing file /home/airflow/.local/lib/python3.12/site-packages/airflow/example_dags/example_sensors.py for tasks to queue
[2026-07-29T16:19:23.481+0000] {logging_mixin.py:190} INFO - [2026-07-29T16:19:23.480+0000] {dagbag.py:587} INFO - Filling up the DagBag from /home/airflow/.local/lib/python3.12/site-packages/airflow/example_dags/example_sensors.py
[2026-07-29T16:19:23.488+0000] {processor.py:925} INFO - DAG(s) 'example_sensors' retrieved from /home/airflow/.local/lib/python3.12/site-packages/airflow/example_dags/example_sensors.py
[2026-07-29T16:19:23.498+0000] {logging_mixin.py:190} INFO - [2026-07-29T16:19:23.498+0000] {dag.py:3211} INFO - Sync 1 DAGs
[2026-07-29T16:19:23.502+0000] {logging_mixin.py:190} INFO - [2026-07-29T16:19:23.502+0000] {dag.py:4138} INFO - Setting next_dagrun for example_sensors to None, run_after=None
[2026-07-29T16:19:23.511+0000] {processor.py:208} INFO - Processing /home/airflow/.local/lib/python3.12/site-packages/airflow/example_dags/example_sensors.py took 0.035 seconds
[2026-07-29T16:19:53.743+0000] {processor.py:186} INFO - Started process (PID=3884) to work on /home/airflow/.local/lib/python3.12/site-packages/airflow/example_dags/example_sensors.py
[2026-07-29T16:19:53.745+0000] {processor.py:914} INFO - Processing file /home/airflow/.local/lib/python3.12/site-packages/airflow/example_dags/example_sensors.py for tasks to queue
[2026-07-29T16:19:53.747+0000] {logging_mixin.py:190} INFO - [2026-07-29T16:19:53.746+0000] {dagbag.py:587} INFO - Filling up the DagBag from /home/airflow/.local/lib/python3.12/site-packages/airflow/example_dags/example_sensors.py
[2026-07-29T16:19:53.752+0000] {processor.py:925} INFO - DAG(s) 'example_sensors' retrieved from /home/airflow/.local/lib/python3.12/site-packages/airflow/example_dags/example_sensors.py
[2026-07-29T16:19:53.765+0000] {logging_mixin.py:190} INFO - [2026-07-29T16:19:53.765+0000] {dag.py:3211} INFO - Sync 1 DAGs
[2026-07-29T16:19:53.771+0000] {logging_mixin.py:190} INFO - [2026-07-29T16:19:53.771+0000] {dag.py:4138} INFO - Setting next_dagrun for example_sensors to None, run_after=None
[2026-07-29T16:19:53.787+0000] {processor.py:208} INFO - Processing /home/airflow/.local/lib/python3.12/site-packages/airflow/example_dags/example_sensors.py took 0.049 seconds
[2026-07-29T16:20:24.511+0000] {processor.py:186} INFO - Started process (PID=3950) to work on /home/airflow/.local/lib/python3.12/site-packages/airflow/example_dags/example_sensors.py
[2026-07-29T16:20:24.512+0000] {processor.py:914} INFO - Processing file /home/airflow/.local/lib/python3.12/site-packages/airflow/example_dags/example_sensors.py for tasks to queue
[2026-07-29T16:20:24.513+0000] {logging_mixin.py:190} INFO - [2026-07-29T16:20:24.513+0000] {dagbag.py:587} INFO - Filling up the DagBag from /home/airflow/.local/lib/python3.12/site-packages/airflow/example_dags/example_sensors.py
[2026-07-29T16:20:24.518+0000] {processor.py:925} INFO - DAG(s) 'example_sensors' retrieved from /home/airflow/.local/lib/python3.12/site-packages/airflow/example_dags/example_sensors.py
[2026-07-29T16:20:24.527+0000] {logging_mixin.py:190} INFO - [2026-07-29T16:20:24.527+0000] {dag.py:3211} INFO - Sync 1 DAGs
[2026-07-29T16:20:24.532+0000] {logging_mixin.py:190} INFO - [2026-07-29T16:20:24.532+0000] {dag.py:4138} INFO - Setting next_dagrun for example_sensors to None, run_after=None
[2026-07-29T16:20:24.537+0000] {processor.py:208} INFO - Processing /home/airflow/.local/lib/python3.12/site-packages/airflow/example_dags/example_sensors.py took 0.029 seconds
[2026-07-29T16:20:55.031+0000] {processor.py:186} INFO - Started process (PID=4016) to work on /home/airflow/.local/lib/python3.12/site-packages/airflow/example_dags/example_sensors.py
[2026-07-29T16:20:55.032+0000] {processor.py:914} INFO - Processing file /home/airflow/.local/lib/python3.12/site-packages/airflow/example_dags/example_sensors.py for tasks to queue
[2026-07-29T16:20:55.034+0000] {logging_mixin.py:190} INFO - [2026-07-29T16:20:55.033+0000] {dagbag.py:587} INFO - Filling up the DagBag from /home/airflow/.local/lib/python3.12/site-packages/airflow/example_dags/example_sensors.py
[2026-07-29T16:20:55.039+0000] {processor.py:925} INFO - DAG(s) 'example_sensors' retrieved from /home/airflow/.local/lib/python3.12/site-packages/airflow/example_dags/example_sensors.py
[2026-07-29T16:20:55.054+0000] {logging_mixin.py:190} INFO - [2026-07-29T16:20:55.053+0000] {dag.py:3211} INFO - Sync 1 DAGs
[2026-07-29T16:20:55.059+0000] {logging_mixin.py:190} INFO - [2026-07-29T16:20:55.059+0000] {dag.py:4138} INFO - Setting next_dagrun for example_sensors to None, run_after=None
[2026-07-29T16:20:55.065+0000] {processor.py:208} INFO - Processing /home/airflow/.local/lib/python3.12/site-packages/airflow/example_dags/example_sensors.py took 0.037 seconds
[2026-07-29T16:21:25.671+0000] {processor.py:186} INFO - Started process (PID=4082) to work on /home/airflow/.local/lib/python3.12/site-packages/airflow/example_dags/example_sensors.py
[2026-07-29T16:21:25.672+0000] {processor.py:914} INFO - Processing file /home/airflow/.local/lib/python3.12/site-packages/airflow/example_dags/example_sensors.py for tasks to queue
[2026-07-29T16:21:25.673+0000] {logging_mixin.py:190} INFO - [2026-07-29T16:21:25.672+0000] {dagbag.py:587} INFO - Filling up the DagBag from /home/airflow/.local/lib/python3.12/site-packages/airflow/example_dags/example_sensors.py
[2026-07-29T16:21:25.677+0000] {processor.py:925} INFO - DAG(s) 'example_sensors' retrieved from /home/airflow/.local/lib/python3.12/site-packages/airflow/example_dags/example_sensors.py
[2026-07-29T16:21:25.688+0000] {logging_mixin.py:190} INFO - [2026-07-29T16:21:25.688+0000] {dag.py:3211} INFO - Sync 1 DAGs
[2026-07-29T16:21:25.792+0000] {logging_mixin.py:190} INFO - [2026-07-29T16:21:25.792+0000] {dag.py:4138} INFO - Setting next_dagrun for example_sensors to None, run_after=None
[2026-07-29T16:21:25.800+0000] {processor.py:208} INFO - Processing /home/airflow/.local/lib/python3.12/site-packages/airflow/example_dags/example_sensors.py took 0.132 seconds
[2026-07-29T16:21:56.315+0000] {processor.py:186} INFO - Started process (PID=4148) to work on /home/airflow/.local/lib/python3.12/site-packages/airflow/example_dags/example_sensors.py
[2026-07-29T16:21:56.316+0000] {processor.py:914} INFO - Processing file /home/airflow/.local/lib/python3.12/site-packages/airflow/example_dags/example_sensors.py for tasks to queue
[2026-07-29T16:21:56.317+0000] {logging_mixin.py:190} INFO - [2026-07-29T16:21:56.316+0000] {dagbag.py:587} INFO - Filling up the DagBag from /home/airflow/.local/lib/python3.12/site-packages/airflow/example_dags/example_sensors.py
[2026-07-29T16:21:56.322+0000] {processor.py:925} INFO - DAG(s) 'example_sensors' retrieved from /home/airflow/.local/lib/python3.12/site-packages/airflow/example_dags/example_sensors.py
[2026-07-29T16:21:56.331+0000] {logging_mixin.py:190} INFO - [2026-07-29T16:21:56.331+0000] {dag.py:3211} INFO - Sync 1 DAGs
[2026-07-29T16:21:56.428+0000] {logging_mixin.py:190} INFO - [2026-07-29T16:21:56.428+0000] {dag.py:4138} INFO - Setting next_dagrun for example_sensors to None, run_after=None
[2026-07-29T16:21:56.440+0000] {processor.py:208} INFO - Processing /home/airflow/.local/lib/python3.12/site-packages/airflow/example_dags/example_sensors.py took 0.128 seconds
[2026-07-29T16:22:26.997+0000] {processor.py:186} INFO - Started process (PID=4214) to work on /home/airflow/.local/lib/python3.12/site-packages/airflow/example_dags/example_sensors.py
[2026-07-29T16:22:26.998+0000] {processor.py:914} INFO - Processing file /home/airflow/.local/lib/python3.12/site-packages/airflow/example_dags/example_sensors.py for tasks to queue
[2026-07-29T16:22:26.999+0000] {logging_mixin.py:190} INFO - [2026-07-29T16:22:26.999+0000] {dagbag.py:587} INFO - Filling up the DagBag from /home/airflow/.local/lib/python3.12/site-packages/airflow/example_dags/example_sensors.py
[2026-07-29T16:22:27.005+0000] {processor.py:925} INFO - DAG(s) 'example_sensors' retrieved from /home/airflow/.local/lib/python3.12/site-packages/airflow/example_dags/example_sensors.py
[2026-07-29T16:22:27.021+0000] {logging_mixin.py:190} INFO - [2026-07-29T16:22:27.021+0000] {dag.py:3211} INFO - Sync 1 DAGs
[2026-07-29T16:22:27.028+0000] {logging_mixin.py:190} INFO - [2026-07-29T16:22:27.028+0000] {dag.py:4138} INFO - Setting next_dagrun for example_sensors to None, run_after=None
[2026-07-29T16:22:27.038+0000] {processor.py:208} INFO - Processing /home/airflow/.local/lib/python3.12/site-packages/airflow/example_dags/example_sensors.py took 0.044 seconds
[2026-07-29T16:22:57.600+0000] {processor.py:186} INFO - Started process (PID=4280) to work on /home/airflow/.local/lib/python3.12/site-packages/airflow/example_dags/example_sensors.py
[2026-07-29T16:22:57.601+0000] {processor.py:914} INFO - Processing file /home/airflow/.local/lib/python3.12/site-packages/airflow/example_dags/example_sensors.py for tasks to queue
[2026-07-29T16:22:57.602+0000] {logging_mixin.py:190} INFO - [2026-07-29T16:22:57.602+0000] {dagbag.py:587} INFO - Filling up the DagBag from /home/airflow/.local/lib/python3.12/site-packages/airflow/example_dags/example_sensors.py
[2026-07-29T16:22:57.607+0000] {processor.py:925} INFO - DAG(s) 'example_sensors' retrieved from /home/airflow/.local/lib/python3.12/site-packages/airflow/example_dags/example_sensors.py
[2026-07-29T16:22:57.619+0000] {logging_mixin.py:190} INFO - [2026-07-29T16:22:57.618+0000] {dag.py:3211} INFO - Sync 1 DAGs
[2026-07-29T16:22:57.624+0000] {logging_mixin.py:190} INFO - [2026-07-29T16:22:57.624+0000] {dag.py:4138} INFO - Setting next_dagrun for example_sensors to None, run_after=None
[2026-07-29T16:22:57.634+0000] {processor.py:208} INFO - Processing /home/airflow/.local/lib/python3.12/site-packages/airflow/example_dags/example_sensors.py took 0.036 seconds
[2026-07-29T16:23:28.351+0000] {processor.py:186} INFO - Started process (PID=4346) to work on /home/airflow/.local/lib/python3.12/site-packages/airflow/example_dags/example_sensors.py
[2026-07-29T16:23:28.352+0000] {processor.py:914} INFO - Processing file /home/airflow/.local/lib/python3.12/site-packages/airflow/example_dags/example_sensors.py for tasks to queue
[2026-07-29T16:23:28.353+0000] {logging_mixin.py:190} INFO - [2026-07-29T16:23:28.353+0000] {dagbag.py:587} INFO - Filling up the DagBag from /home/airflow/.local/lib/python3.12/site-packages/airflow/example_dags/example_sensors.py
[2026-07-29T16:23:28.458+0000] {processor.py:925} INFO - DAG(s) 'example_sensors' retrieved from /home/airflow/.local/lib/python3.12/site-packages/airflow/example_dags/example_sensors.py
[2026-07-29T16:23:28.473+0000] {logging_mixin.py:190} INFO - [2026-07-29T16:23:28.473+0000] {dag.py:3211} INFO - Sync 1 DAGs
[2026-07-29T16:23:28.481+0000] {logging_mixin.py:190} INFO - [2026-07-29T16:23:28.481+0000] {dag.py:4138} INFO - Setting next_dagrun for example_sensors to None, run_after=None
[2026-07-29T16:23:28.491+0000] {processor.py:208} INFO - Processing /home/airflow/.local/lib/python3.12/site-packages/airflow/example_dags/example_sensors.py took 0.142 seconds
[2026-07-29T16:23:59.545+0000] {processor.py:186} INFO - Started process (PID=4412) to work on /home/airflow/.local/lib/python3.12/site-packages/airflow/example_dags/example_sensors.py
[2026-07-29T16:23:59.546+0000] {processor.py:914} INFO - Processing file /home/airflow/.local/lib/python3.12/site-packages/airflow/example_dags/example_sensors.py for tasks to queue
[2026-07-29T16:23:59.548+0000] {logging_mixin.py:190} INFO - [2026-07-29T16:23:59.548+0000] {dagbag.py:587} INFO - Filling up the DagBag from /home/airflow/.local/lib/python3.12/site-packages/airflow/example_dags/example_sensors.py
[2026-07-29T16:23:59.558+0000] {processor.py:925} INFO - DAG(s) 'example_sensors' retrieved from /home/airflow/.local/lib/python3.12/site-packages/airflow/example_dags/example_sensors.py
[2026-07-29T16:23:59.579+0000] {logging_mixin.py:190} INFO - [2026-07-29T16:23:59.578+0000] {dag.py:3211} INFO - Sync 1 DAGs
[2026-07-29T16:23:59.587+0000] {logging_mixin.py:190} INFO - [2026-07-29T16:23:59.587+0000] {dag.py:4138} INFO - Setting next_dagrun for example_sensors to None, run_after=None
[2026-07-29T16:23:59.598+0000] {processor.py:208} INFO - Processing /home/airflow/.local/lib/python3.12/site-packages/airflow/example_dags/example_sensors.py took 0.059 seconds
[2026-07-29T16:24:30.602+0000] {processor.py:186} INFO - Started process (PID=4478) to work on /home/airflow/.local/lib/python3.12/site-packages/airflow/example_dags/example_sensors.py
[2026-07-29T16:24:30.605+0000] {processor.py:914} INFO - Processing file /home/airflow/.local/lib/python3.12/site-packages/airflow/example_dags/example_sensors.py for tasks to queue
[2026-07-29T16:24:30.607+0000] {logging_mixin.py:190} INFO - [2026-07-29T16:24:30.607+0000] {dagbag.py:587} INFO - Filling up the DagBag from /home/airflow/.local/lib/python3.12/site-packages/airflow/example_dags/example_sensors.py
[2026-07-29T16:24:30.621+0000] {processor.py:925} INFO - DAG(s) 'example_sensors' retrieved from /home/airflow/.local/lib/python3.12/site-packages/airflow/example_dags/example_sensors.py
[2026-07-29T16:24:30.640+0000] {logging_mixin.py:190} INFO - [2026-07-29T16:24:30.640+0000] {dag.py:3211} INFO - Sync 1 DAGs
[2026-07-29T16:24:30.646+0000] {logging_mixin.py:190} INFO - [2026-07-29T16:24:30.646+0000] {dag.py:4138} INFO - Setting next_dagrun for example_sensors to None, run_after=None
[2026-07-29T16:24:30.656+0000] {processor.py:208} INFO - Processing /home/airflow/.local/lib/python3.12/site-packages/airflow/example_dags/example_sensors.py took 0.059 seconds
[2026-07-29T16:25:01.636+0000] {processor.py:186} INFO - Started process (PID=4544) to work on /home/airflow/.local/lib/python3.12/site-packages/airflow/example_dags/example_sensors.py
[2026-07-29T16:25:01.637+0000] {processor.py:914} INFO - Processing file /home/airflow/.local/lib/python3.12/site-packages/airflow/example_dags/example_sensors.py for tasks to queue
[2026-07-29T16:25:01.639+0000] {logging_mixin.py:190} INFO - [2026-07-29T16:25:01.639+0000] {dagbag.py:587} INFO - Filling up the DagBag from /home/airflow/.local/lib/python3.12/site-packages/airflow/example_dags/example_sensors.py
[2026-07-29T16:25:01.649+0000] {processor.py:925} INFO - DAG(s) 'example_sensors' retrieved from /home/airflow/.local/lib/python3.12/site-packages/airflow/example_dags/example_sensors.py
[2026-07-29T16:25:01.670+0000] {logging_mixin.py:190} INFO - [2026-07-29T16:25:01.667+0000] {dag.py:3211} INFO - Sync 1 DAGs
[2026-07-29T16:25:01.682+0000] {logging_mixin.py:190} INFO - [2026-07-29T16:25:01.682+0000] {dag.py:4138} INFO - Setting next_dagrun for example_sensors to None, run_after=None
[2026-07-29T16:25:01.694+0000] {processor.py:208} INFO - Processing /home/airflow/.local/lib/python3.12/site-packages/airflow/example_dags/example_sensors.py took 0.062 seconds
[2026-07-29T16:25:31.876+0000] {processor.py:186} INFO - Started process (PID=4610) to work on /home/airflow/.local/lib/python3.12/site-packages/airflow/example_dags/example_sensors.py
[2026-07-29T16:25:31.877+0000] {processor.py:914} INFO - Processing file /home/airflow/.local/lib/python3.12/site-packages/airflow/example_dags/example_sensors.py for tasks to queue
[2026-07-29T16:25:31.879+0000] {logging_mixin.py:190} INFO - [2026-07-29T16:25:31.879+0000] {dagbag.py:587} INFO - Filling up the DagBag from /home/airflow/.local/lib/python3.12/site-packages/airflow/example_dags/example_sensors.py
[2026-07-29T16:25:31.886+0000] {processor.py:925} INFO - DAG(s) 'example_sensors' retrieved from /home/airflow/.local/lib/python3.12/site-packages/airflow/example_dags/example_sensors.py
[2026-07-29T16:25:31.904+0000] {logging_mixin.py:190} INFO - [2026-07-29T16:25:31.904+0000] {dag.py:3211} INFO - Sync 1 DAGs
[2026-07-29T16:25:31.913+0000] {logging_mixin.py:190} INFO - [2026-07-29T16:25:31.913+0000] {dag.py:4138} INFO - Setting next_dagrun for example_sensors to None, run_after=None
[2026-07-29T16:25:31.924+0000] {processor.py:208} INFO - Processing /home/airflow/.local/lib/python3.12/site-packages/airflow/example_dags/example_sensors.py took 0.055 seconds
[2026-07-29T16:26:02.877+0000] {processor.py:186} INFO - Started process (PID=4676) to work on /home/airflow/.local/lib/python3.12/site-packages/airflow/example_dags/example_sensors.py
[2026-07-29T16:26:02.877+0000] {processor.py:914} INFO - Processing file /home/airflow/.local/lib/python3.12/site-packages/airflow/example_dags/example_sensors.py for tasks to queue
[2026-07-29T16:26:02.878+0000] {logging_mixin.py:190} INFO - [2026-07-29T16:26:02.878+0000] {dagbag.py:587} INFO - Filling up the DagBag from /home/airflow/.local/lib/python3.12/site-packages/airflow/example_dags/example_sensors.py
[2026-07-29T16:26:02.886+0000] {processor.py:925} INFO - DAG(s) 'example_sensors' retrieved from /home/airflow/.local/lib/python3.12/site-packages/airflow/example_dags/example_sensors.py
[2026-07-29T16:26:02.903+0000] {logging_mixin.py:190} INFO - [2026-07-29T16:26:02.903+0000] {dag.py:3211} INFO - Sync 1 DAGs
[2026-07-29T16:26:02.910+0000] {logging_mixin.py:190} INFO - [2026-07-29T16:26:02.910+0000] {dag.py:4138} INFO - Setting next_dagrun for example_sensors to None, run_after=None
[2026-07-29T16:26:02.920+0000] {processor.py:208} INFO - Processing /home/airflow/.local/lib/python3.12/site-packages/airflow/example_dags/example_sensors.py took 0.047 seconds
[2026-07-29T16:26:33.039+0000] {processor.py:186} INFO - Started process (PID=4742) to work on /home/airflow/.local/lib/python3.12/site-packages/airflow/example_dags/example_sensors.py
[2026-07-29T16:26:33.041+0000] {processor.py:914} INFO - Processing file /home/airflow/.local/lib/python3.12/site-packages/airflow/example_dags/example_sensors.py for tasks to queue
[2026-07-29T16:26:33.042+0000] {logging_mixin.py:190} INFO - [2026-07-29T16:26:33.042+0000] {dagbag.py:587} INFO - Filling up the DagBag from /home/airflow/.local/lib/python3.12/site-packages/airflow/example_dags/example_sensors.py
[2026-07-29T16:26:33.052+0000] {processor.py:925} INFO - DAG(s) 'example_sensors' retrieved from /home/airflow/.local/lib/python3.12/site-packages/airflow/example_dags/example_sensors.py
[2026-07-29T16:26:33.071+0000] {logging_mixin.py:190} INFO - [2026-07-29T16:26:33.071+0000] {dag.py:3211} INFO - Sync 1 DAGs
[2026-07-29T16:26:33.078+0000] {logging_mixin.py:190} INFO - [2026-07-29T16:26:33.078+0000] {dag.py:4138} INFO - Setting next_dagrun for example_sensors to None, run_after=None
[2026-07-29T16:26:33.085+0000] {processor.py:208} INFO - Processing /home/airflow/.local/lib/python3.12/site-packages/airflow/example_dags/example_sensors.py took 0.048 seconds
[2026-07-29T16:27:03.169+0000] {processor.py:186} INFO - Started process (PID=4808) to work on /home/airflow/.local/lib/python3.12/site-packages/airflow/example_dags/example_sensors.py
[2026-07-29T16:27:03.169+0000] {processor.py:914} INFO - Processing file /home/airflow/.local/lib/python3.12/site-packages/airflow/example_dags/example_sensors.py for tasks to queue
[2026-07-29T16:27:03.170+0000] {logging_mixin.py:190} INFO - [2026-07-29T16:27:03.170+0000] {dagbag.py:587} INFO - Filling up the DagBag from /home/airflow/.local/lib/python3.12/site-packages/airflow/example_dags/example_sensors.py
[2026-07-29T16:27:03.176+0000] {processor.py:925} INFO - DAG(s) 'example_sensors' retrieved from /home/airflow/.local/lib/python3.12/site-packages/airflow/example_dags/example_sensors.py
[2026-07-29T16:27:03.190+0000] {logging_mixin.py:190} INFO - [2026-07-29T16:27:03.190+0000] {dag.py:3211} INFO - Sync 1 DAGs
[2026-07-29T16:27:03.202+0000] {logging_mixin.py:190} INFO - [2026-07-29T16:27:03.201+0000] {dag.py:4138} INFO - Setting next_dagrun for example_sensors to None, run_after=None
[2026-07-29T16:27:03.211+0000] {processor.py:208} INFO - Processing /home/airflow/.local/lib/python3.12/site-packages/airflow/example_dags/example_sensors.py took 0.045 seconds
[2026-07-29T16:27:33.298+0000] {processor.py:186} INFO - Started process (PID=4874) to work on /home/airflow/.local/lib/python3.12/site-packages/airflow/example_dags/example_sensors.py
[2026-07-29T16:27:33.299+0000] {processor.py:914} INFO - Processing file /home/airflow/.local/lib/python3.12/site-packages/airflow/example_dags/example_sensors.py for tasks to queue
[2026-07-29T16:27:33.300+0000] {logging_mixin.py:190} INFO - [2026-07-29T16:27:33.299+0000] {dagbag.py:587} INFO - Filling up the DagBag from /home/airflow/.local/lib/python3.12/site-packages/airflow/example_dags/example_sensors.py
[2026-07-29T16:27:33.305+0000] {processor.py:925} INFO - DAG(s) 'example_sensors' retrieved from /home/airflow/.local/lib/python3.12/site-packages/airflow/example_dags/example_sensors.py
[2026-07-29T16:27:33.319+0000] {logging_mixin.py:190} INFO - [2026-07-29T16:27:33.319+0000] {dag.py:3211} INFO - Sync 1 DAGs
[2026-07-29T16:27:33.324+0000] {logging_mixin.py:190} INFO - [2026-07-29T16:27:33.324+0000] {dag.py:4138} INFO - Setting next_dagrun for example_sensors to None, run_after=None
[2026-07-29T16:27:33.333+0000] {processor.py:208} INFO - Processing /home/airflow/.local/lib/python3.12/site-packages/airflow/example_dags/example_sensors.py took 0.038 seconds
[2026-07-29T16:28:04.348+0000] {processor.py:186} INFO - Started process (PID=4940) to work on /home/airflow/.local/lib/python3.12/site-packages/airflow/example_dags/example_sensors.py
[2026-07-29T16:28:04.348+0000] {processor.py:914} INFO - Processing file /home/airflow/.local/lib/python3.12/site-packages/airflow/example_dags/example_sensors.py for tasks to queue
[2026-07-29T16:28:04.350+0000] {logging_mixin.py:190} INFO - [2026-07-29T16:28:04.350+0000] {dagbag.py:587} INFO - Filling up the DagBag from /home/airflow/.local/lib/python3.12/site-packages/airflow/example_dags/example_sensors.py
[2026-07-29T16:28:04.356+0000] {processor.py:925} INFO - DAG(s) 'example_sensors' retrieved from /home/airflow/.local/lib/python3.12/site-packages/airflow/example_dags/example_sensors.py
[2026-07-29T16:28:04.369+0000] {logging_mixin.py:190} INFO - [2026-07-29T16:28:04.369+0000] {dag.py:3211} INFO - Sync 1 DAGs
[2026-07-29T16:28:04.375+0000] {logging_mixin.py:190} INFO - [2026-07-29T16:28:04.375+0000] {dag.py:4138} INFO - Setting next_dagrun for example_sensors to None, run_after=None
[2026-07-29T16:28:04.385+0000] {processor.py:208} INFO - Processing /home/airflow/.local/lib/python3.12/site-packages/airflow/example_dags/example_sensors.py took 0.041 seconds
[2026-07-29T16:28:35.283+0000] {processor.py:186} INFO - Started process (PID=5006) to work on /home/airflow/.local/lib/python3.12/site-packages/airflow/example_dags/example_sensors.py
[2026-07-29T16:28:35.284+0000] {processor.py:914} INFO - Processing file /home/airflow/.local/lib/python3.12/site-packages/airflow/example_dags/example_sensors.py for tasks to queue
[2026-07-29T16:28:35.286+0000] {logging_mixin.py:190} INFO - [2026-07-29T16:28:35.285+0000] {dagbag.py:587} INFO - Filling up the DagBag from /home/airflow/.local/lib/python3.12/site-packages/airflow/example_dags/example_sensors.py
[2026-07-29T16:28:35.291+0000] {processor.py:925} INFO - DAG(s) 'example_sensors' retrieved from /home/airflow/.local/lib/python3.12/site-packages/airflow/example_dags/example_sensors.py
[2026-07-29T16:28:35.306+0000] {logging_mixin.py:190} INFO - [2026-07-29T16:28:35.306+0000] {dag.py:3211} INFO - Sync 1 DAGs
[2026-07-29T16:28:35.311+0000] {logging_mixin.py:190} INFO - [2026-07-29T16:28:35.311+0000] {dag.py:4138} INFO - Setting next_dagrun for example_sensors to None, run_after=None
[2026-07-29T16:28:35.321+0000] {processor.py:208} INFO - Processing /home/airflow/.local/lib/python3.12/site-packages/airflow/example_dags/example_sensors.py took 0.041 seconds
[2026-07-29T16:29:05.812+0000] {processor.py:186} INFO - Started process (PID=5072) to work on /home/airflow/.local/lib/python3.12/site-packages/airflow/example_dags/example_sensors.py
[2026-07-29T16:29:05.812+0000] {processor.py:914} INFO - Processing file /home/airflow/.local/lib/python3.12/site-packages/airflow/example_dags/example_sensors.py for tasks to queue
[2026-07-29T16:29:05.814+0000] {logging_mixin.py:190} INFO - [2026-07-29T16:29:05.814+0000] {dagbag.py:587} INFO - Filling up the DagBag from /home/airflow/.local/lib/python3.12/site-packages/airflow/example_dags/example_sensors.py
[2026-07-29T16:29:05.819+0000] {processor.py:925} INFO - DAG(s) 'example_sensors' retrieved from /home/airflow/.local/lib/python3.12/site-packages/airflow/example_dags/example_sensors.py
[2026-07-29T16:29:05.833+0000] {logging_mixin.py:190} INFO - [2026-07-29T16:29:05.833+0000] {dag.py:3211} INFO - Sync 1 DAGs
[2026-07-29T16:29:05.838+0000] {logging_mixin.py:190} INFO - [2026-07-29T16:29:05.838+0000] {dag.py:4138} INFO - Setting next_dagrun for example_sensors to None, run_after=None
[2026-07-29T16:29:05.844+0000] {processor.py:208} INFO - Processing /home/airflow/.local/lib/python3.12/site-packages/airflow/example_dags/example_sensors.py took 0.035 seconds
[2026-07-29T16:29:36.754+0000] {processor.py:186} INFO - Started process (PID=5138) to work on /home/airflow/.local/lib/python3.12/site-packages/airflow/example_dags/example_sensors.py
[2026-07-29T16:29:36.755+0000] {processor.py:914} INFO - Processing file /home/airflow/.local/lib/python3.12/site-packages/airflow/example_dags/example_sensors.py for tasks to queue
[2026-07-29T16:29:36.757+0000] {logging_mixin.py:190} INFO - [2026-07-29T16:29:36.757+0000] {dagbag.py:587} INFO - Filling up the DagBag from /home/airflow/.local/lib/python3.12/site-packages/airflow/example_dags/example_sensors.py
[2026-07-29T16:29:36.763+0000] {processor.py:925} INFO - DAG(s) 'example_sensors' retrieved from /home/airflow/.local/lib/python3.12/site-packages/airflow/example_dags/example_sensors.py
[2026-07-29T16:29:36.774+0000] {logging_mixin.py:190} INFO - [2026-07-29T16:29:36.774+0000] {dag.py:3211} INFO - Sync 1 DAGs
[2026-07-29T16:29:36.779+0000] {logging_mixin.py:190} INFO - [2026-07-29T16:29:36.779+0000] {dag.py:4138} INFO - Setting next_dagrun for example_sensors to None, run_after=None
[2026-07-29T16:29:36.789+0000] {processor.py:208} INFO - Processing /home/airflow/.local/lib/python3.12/site-packages/airflow/example_dags/example_sensors.py took 0.038 seconds
[2026-07-29T16:30:07.658+0000] {processor.py:186} INFO - Started process (PID=5204) to work on /home/airflow/.local/lib/python3.12/site-packages/airflow/example_dags/example_sensors.py
[2026-07-29T16:30:07.658+0000] {processor.py:914} INFO - Processing file /home/airflow/.local/lib/python3.12/site-packages/airflow/example_dags/example_sensors.py for tasks to queue
[2026-07-29T16:30:07.660+0000] {logging_mixin.py:190} INFO - [2026-07-29T16:30:07.659+0000] {dagbag.py:587} INFO - Filling up the DagBag from /home/airflow/.local/lib/python3.12/site-packages/airflow/example_dags/example_sensors.py
[2026-07-29T16:30:07.664+0000] {processor.py:925} INFO - DAG(s) 'example_sensors' retrieved from /home/airflow/.local/lib/python3.12/site-packages/airflow/example_dags/example_sensors.py
[2026-07-29T16:30:07.674+0000] {logging_mixin.py:190} INFO - [2026-07-29T16:30:07.674+0000] {dag.py:3211} INFO - Sync 1 DAGs
[2026-07-29T16:30:07.680+0000] {logging_mixin.py:190} INFO - [2026-07-29T16:30:07.680+0000] {dag.py:4138} INFO - Setting next_dagrun for example_sensors to None, run_after=None
[2026-07-29T16:30:07.687+0000] {processor.py:208} INFO - Processing /home/airflow/.local/lib/python3.12/site-packages/airflow/example_dags/example_sensors.py took 0.032 seconds
[2026-07-29T16:30:38.710+0000] {processor.py:186} INFO - Started process (PID=5270) to work on /home/airflow/.local/lib/python3.12/site-packages/airflow/example_dags/example_sensors.py
[2026-07-29T16:30:38.711+0000] {processor.py:914} INFO - Processing file /home/airflow/.local/lib/python3.12/site-packages/airflow/example_dags/example_sensors.py for tasks to queue
[2026-07-29T16:30:38.712+0000] {logging_mixin.py:190} INFO - [2026-07-29T16:30:38.712+0000] {dagbag.py:587} INFO - Filling up the DagBag from /home/airflow/.local/lib/python3.12/site-packages/airflow/example_dags/example_sensors.py
[2026-07-29T16:30:38.719+0000] {processor.py:925} INFO - DAG(s) 'example_sensors' retrieved from /home/airflow/.local/lib/python3.12/site-packages/airflow/example_dags/example_sensors.py
[2026-07-29T16:30:38.732+0000] {logging_mixin.py:190} INFO - [2026-07-29T16:30:38.732+0000] {dag.py:3211} INFO - Sync 1 DAGs
[2026-07-29T16:30:38.739+0000] {logging_mixin.py:190} INFO - [2026-07-29T16:30:38.738+0000] {dag.py:4138} INFO - Setting next_dagrun for example_sensors to None, run_after=None
[2026-07-29T16:30:38.751+0000] {processor.py:208} INFO - Processing /home/airflow/.local/lib/python3.12/site-packages/airflow/example_dags/example_sensors.py took 0.044 seconds
[2026-07-29T16:31:08.893+0000] {processor.py:186} INFO - Started process (PID=5336) to work on /home/airflow/.local/lib/python3.12/site-packages/airflow/example_dags/example_sensors.py
[2026-07-29T16:31:08.893+0000] {processor.py:914} INFO - Processing file /home/airflow/.local/lib/python3.12/site-packages/airflow/example_dags/example_sensors.py for tasks to queue
[2026-07-29T16:31:08.895+0000] {logging_mixin.py:190} INFO - [2026-07-29T16:31:08.895+0000] {dagbag.py:587} INFO - Filling up the DagBag from /home/airflow/.local/lib/python3.12/site-packages/airflow/example_dags/example_sensors.py
[2026-07-29T16:31:08.900+0000] {processor.py:925} INFO - DAG(s) 'example_sensors' retrieved from /home/airflow/.local/lib/python3.12/site-packages/airflow/example_dags/example_sensors.py
[2026-07-29T16:31:08.916+0000] {logging_mixin.py:190} INFO - [2026-07-29T16:31:08.915+0000] {dag.py:3211} INFO - Sync 1 DAGs
[2026-07-29T16:31:08.921+0000] {logging_mixin.py:190} INFO - [2026-07-29T16:31:08.921+0000] {dag.py:4138} INFO - Setting next_dagrun for example_sensors to None, run_after=None
[2026-07-29T16:31:08.932+0000] {processor.py:208} INFO - Processing /home/airflow/.local/lib/python3.12/site-packages/airflow/example_dags/example_sensors.py took 0.043 seconds
[2026-07-29T16:31:39.060+0000] {processor.py:186} INFO - Started process (PID=5402) to work on /home/airflow/.local/lib/python3.12/site-packages/airflow/example_dags/example_sensors.py
[2026-07-29T16:31:39.060+0000] {processor.py:914} INFO - Processing file /home/airflow/.local/lib/python3.12/site-packages/airflow/example_dags/example_sensors.py for tasks to queue
[2026-07-29T16:31:39.061+0000] {logging_mixin.py:190} INFO - [2026-07-29T16:31:39.061+0000] {dagbag.py:587} INFO - Filling up the DagBag from /home/airflow/.local/lib/python3.12/site-packages/airflow/example_dags/example_sensors.py
[2026-07-29T16:31:39.067+0000] {processor.py:925} INFO - DAG(s) 'example_sensors' retrieved from /home/airflow/.local/lib/python3.12/site-packages/airflow/example_dags/example_sensors.py
[2026-07-29T16:31:39.085+0000] {logging_mixin.py:190} INFO - [2026-07-29T16:31:39.085+0000] {dag.py:3211} INFO - Sync 1 DAGs
[2026-07-29T16:31:39.095+0000] {logging_mixin.py:190} INFO - [2026-07-29T16:31:39.095+0000] {dag.py:4138} INFO - Setting next_dagrun for example_sensors to None, run_after=None
[2026-07-29T16:31:39.107+0000] {processor.py:208} INFO - Processing /home/airflow/.local/lib/python3.12/site-packages/airflow/example_dags/example_sensors.py took 0.050 seconds
[2026-07-29T16:32:09.392+0000] {processor.py:186} INFO - Started process (PID=5468) to work on /home/airflow/.local/lib/python3.12/site-packages/airflow/example_dags/example_sensors.py
[2026-07-29T16:32:09.393+0000] {processor.py:914} INFO - Processing file /home/airflow/.local/lib/python3.12/site-packages/airflow/example_dags/example_sensors.py for tasks to queue
[2026-07-29T16:32:09.396+0000] {logging_mixin.py:190} INFO - [2026-07-29T16:32:09.395+0000] {dagbag.py:587} INFO - Filling up the DagBag from /home/airflow/.local/lib/python3.12/site-packages/airflow/example_dags/example_sensors.py
[2026-07-29T16:32:09.401+0000] {processor.py:925} INFO - DAG(s) 'example_sensors' retrieved from /home/airflow/.local/lib/python3.12/site-packages/airflow/example_dags/example_sensors.py
[2026-07-29T16:32:09.414+0000] {logging_mixin.py:190} INFO - [2026-07-29T16:32:09.414+0000] {dag.py:3211} INFO - Sync 1 DAGs
[2026-07-29T16:32:09.420+0000] {logging_mixin.py:190} INFO - [2026-07-29T16:32:09.420+0000] {dag.py:4138} INFO - Setting next_dagrun for example_sensors to None, run_after=None
[2026-07-29T16:32:09.432+0000] {processor.py:208} INFO - Processing /home/airflow/.local/lib/python3.12/site-packages/airflow/example_dags/example_sensors.py took 0.043 seconds
[2026-07-29T16:32:39.524+0000] {processor.py:186} INFO - Started process (PID=5534) to work on /home/airflow/.local/lib/python3.12/site-packages/airflow/example_dags/example_sensors.py
[2026-07-29T16:32:39.524+0000] {processor.py:914} INFO - Processing file /home/airflow/.local/lib/python3.12/site-packages/airflow/example_dags/example_sensors.py for tasks to queue
[2026-07-29T16:32:39.525+0000] {logging_mixin.py:190} INFO - [2026-07-29T16:32:39.525+0000] {dagbag.py:587} INFO - Filling up the DagBag from /home/airflow/.local/lib/python3.12/site-packages/airflow/example_dags/example_sensors.py
[2026-07-29T16:32:39.530+0000] {processor.py:925} INFO - DAG(s) 'example_sensors' retrieved from /home/airflow/.local/lib/python3.12/site-packages/airflow/example_dags/example_sensors.py
[2026-07-29T16:32:39.539+0000] {logging_mixin.py:190} INFO - [2026-07-29T16:32:39.539+0000] {dag.py:3211} INFO - Sync 1 DAGs
[2026-07-29T16:32:39.544+0000] {logging_mixin.py:190} INFO - [2026-07-29T16:32:39.544+0000] {dag.py:4138} INFO - Setting next_dagrun for example_sensors to None, run_after=None
[2026-07-29T16:32:39.550+0000] {processor.py:208} INFO - Processing /home/airflow/.local/lib/python3.12/site-packages/airflow/example_dags/example_sensors.py took 0.028 seconds
[2026-07-29T16:33:09.632+0000] {processor.py:186} INFO - Started process (PID=5600) to work on /home/airflow/.local/lib/python3.12/site-packages/airflow/example_dags/example_sensors.py
[2026-07-29T16:33:09.632+0000] {processor.py:914} INFO - Processing file /home/airflow/.local/lib/python3.12/site-packages/airflow/example_dags/example_sensors.py for tasks to queue
[2026-07-29T16:33:09.633+0000] {logging_mixin.py:190} INFO - [2026-07-29T16:33:09.633+0000] {dagbag.py:587} INFO - Filling up the DagBag from /home/airflow/.local/lib/python3.12/site-packages/airflow/example_dags/example_sensors.py
[2026-07-29T16:33:09.638+0000] {processor.py:925} INFO - DAG(s) 'example_sensors' retrieved from /home/airflow/.local/lib/python3.12/site-packages/airflow/example_dags/example_sensors.py
[2026-07-29T16:33:09.647+0000] {logging_mixin.py:190} INFO - [2026-07-29T16:33:09.647+0000] {dag.py:3211} INFO - Sync 1 DAGs
[2026-07-29T16:33:09.651+0000] {logging_mixin.py:190} INFO - [2026-07-29T16:33:09.651+0000] {dag.py:4138} INFO - Setting next_dagrun for example_sensors to None, run_after=None
[2026-07-29T16:33:09.657+0000] {processor.py:208} INFO - Processing /home/airflow/.local/lib/python3.12/site-packages/airflow/example_dags/example_sensors.py took 0.027 seconds
[2026-07-29T16:33:40.649+0000] {processor.py:186} INFO - Started process (PID=5666) to work on /home/airflow/.local/lib/python3.12/site-packages/airflow/example_dags/example_sensors.py
[2026-07-29T16:33:40.649+0000] {processor.py:914} INFO - Processing file /home/airflow/.local/lib/python3.12/site-packages/airflow/example_dags/example_sensors.py for tasks to queue
[2026-07-29T16:33:40.651+0000] {logging_mixin.py:190} INFO - [2026-07-29T16:33:40.651+0000] {dagbag.py:587} INFO - Filling up the DagBag from /home/airflow/.local/lib/python3.12/site-packages/airflow/example_dags/example_sensors.py
[2026-07-29T16:33:40.657+0000] {processor.py:925} INFO - DAG(s) 'example_sensors' retrieved from /home/airflow/.local/lib/python3.12/site-packages/airflow/example_dags/example_sensors.py
[2026-07-29T16:33:40.668+0000] {logging_mixin.py:190} INFO - [2026-07-29T16:33:40.668+0000] {dag.py:3211} INFO - Sync 1 DAGs
[2026-07-29T16:33:40.674+0000] {logging_mixin.py:190} INFO - [2026-07-29T16:33:40.674+0000] {dag.py:4138} INFO - Setting next_dagrun for example_sensors to None, run_after=None
[2026-07-29T16:33:40.683+0000] {processor.py:208} INFO - Processing /home/airflow/.local/lib/python3.12/site-packages/airflow/example_dags/example_sensors.py took 0.037 seconds
[2026-07-29T16:34:10.993+0000] {processor.py:186} INFO - Started process (PID=5732) to work on /home/airflow/.local/lib/python3.12/site-packages/airflow/example_dags/example_sensors.py
[2026-07-29T16:34:10.993+0000] {processor.py:914} INFO - Processing file /home/airflow/.local/lib/python3.12/site-packages/airflow/example_dags/example_sensors.py for tasks to queue
[2026-07-29T16:34:10.994+0000] {logging_mixin.py:190} INFO - [2026-07-29T16:34:10.994+0000] {dagbag.py:587} INFO - Filling up the DagBag from /home/airflow/.local/lib/python3.12/site-packages/airflow/example_dags/example_sensors.py
[2026-07-29T16:34:11.002+0000] {processor.py:925} INFO - DAG(s) 'example_sensors' retrieved from /home/airflow/.local/lib/python3.12/site-packages/airflow/example_dags/example_sensors.py
[2026-07-29T16:34:11.012+0000] {logging_mixin.py:190} INFO - [2026-07-29T16:34:11.012+0000] {dag.py:3211} INFO - Sync 1 DAGs
[2026-07-29T16:34:11.022+0000] {logging_mixin.py:190} INFO - [2026-07-29T16:34:11.022+0000] {dag.py:4138} INFO - Setting next_dagrun for example_sensors to None, run_after=None
[2026-07-29T16:34:11.034+0000] {processor.py:208} INFO - Processing /home/airflow/.local/lib/python3.12/site-packages/airflow/example_dags/example_sensors.py took 0.044 seconds
[2026-07-29T16:34:41.971+0000] {processor.py:186} INFO - Started process (PID=5798) to work on /home/airflow/.local/lib/python3.12/site-packages/airflow/example_dags/example_sensors.py
[2026-07-29T16:34:41.971+0000] {processor.py:914} INFO - Processing file /home/airflow/.local/lib/python3.12/site-packages/airflow/example_dags/example_sensors.py for tasks to queue
[2026-07-29T16:34:41.972+0000] {logging_mixin.py:190} INFO - [2026-07-29T16:34:41.972+0000] {dagbag.py:587} INFO - Filling up the DagBag from /home/airflow/.local/lib/python3.12/site-packages/airflow/example_dags/example_sensors.py
[2026-07-29T16:34:41.977+0000] {processor.py:925} INFO - DAG(s) 'example_sensors' retrieved from /home/airflow/.local/lib/python3.12/site-packages/airflow/example_dags/example_sensors.py
[2026-07-29T16:34:41.987+0000] {logging_mixin.py:190} INFO - [2026-07-29T16:34:41.986+0000] {dag.py:3211} INFO - Sync 1 DAGs
[2026-07-29T16:34:41.994+0000] {logging_mixin.py:190} INFO - [2026-07-29T16:34:41.994+0000] {dag.py:4138} INFO - Setting next_dagrun for example_sensors to None, run_after=None
[2026-07-29T16:34:42.006+0000] {processor.py:208} INFO - Processing /home/airflow/.local/lib/python3.12/site-packages/airflow/example_dags/example_sensors.py took 0.038 seconds
[2026-07-29T16:35:12.963+0000] {processor.py:186} INFO - Started process (PID=5864) to work on /home/airflow/.local/lib/python3.12/site-packages/airflow/example_dags/example_sensors.py
[2026-07-29T16:35:12.964+0000] {processor.py:914} INFO - Processing file /home/airflow/.local/lib/python3.12/site-packages/airflow/example_dags/example_sensors.py for tasks to queue
[2026-07-29T16:35:12.964+0000] {logging_mixin.py:190} INFO - [2026-07-29T16:35:12.964+0000] {dagbag.py:587} INFO - Filling up the DagBag from /home/airflow/.local/lib/python3.12/site-packages/airflow/example_dags/example_sensors.py
[2026-07-29T16:35:12.969+0000] {processor.py:925} INFO - DAG(s) 'example_sensors' retrieved from /home/airflow/.local/lib/python3.12/site-packages/airflow/example_dags/example_sensors.py
[2026-07-29T16:35:12.978+0000] {logging_mixin.py:190} INFO - [2026-07-29T16:35:12.978+0000] {dag.py:3211} INFO - Sync 1 DAGs
[2026-07-29T16:35:12.983+0000] {logging_mixin.py:190} INFO - [2026-07-29T16:35:12.983+0000] {dag.py:4138} INFO - Setting next_dagrun for example_sensors to None, run_after=None
[2026-07-29T16:35:12.988+0000] {processor.py:208} INFO - Processing /home/airflow/.local/lib/python3.12/site-packages/airflow/example_dags/example_sensors.py took 0.027 seconds
[2026-07-29T16:35:44.021+0000] {processor.py:186} INFO - Started process (PID=5930) to work on /home/airflow/.local/lib/python3.12/site-packages/airflow/example_dags/example_sensors.py
[2026-07-29T16:35:44.021+0000] {processor.py:914} INFO - Processing file /home/airflow/.local/lib/python3.12/site-packages/airflow/example_dags/example_sensors.py for tasks to queue
[2026-07-29T16:35:44.023+0000] {logging_mixin.py:190} INFO - [2026-07-29T16:35:44.022+0000] {dagbag.py:587} INFO - Filling up the DagBag from /home/airflow/.local/lib/python3.12/site-packages/airflow/example_dags/example_sensors.py
[2026-07-29T16:35:44.028+0000] {processor.py:925} INFO - DAG(s) 'example_sensors' retrieved from /home/airflow/.local/lib/python3.12/site-packages/airflow/example_dags/example_sensors.py
[2026-07-29T16:35:44.039+0000] {logging_mixin.py:190} INFO - [2026-07-29T16:35:44.039+0000] {dag.py:3211} INFO - Sync 1 DAGs
[2026-07-29T16:35:44.044+0000] {logging_mixin.py:190} INFO - [2026-07-29T16:35:44.044+0000] {dag.py:4138} INFO - Setting next_dagrun for example_sensors to None, run_after=None
[2026-07-29T16:35:44.056+0000] {processor.py:208} INFO - Processing /home/airflow/.local/lib/python3.12/site-packages/airflow/example_dags/example_sensors.py took 0.038 seconds
[2026-07-29T16:36:15.044+0000] {processor.py:186} INFO - Started process (PID=5996) to work on /home/airflow/.local/lib/python3.12/site-packages/airflow/example_dags/example_sensors.py
[2026-07-29T16:36:15.045+0000] {processor.py:914} INFO - Processing file /home/airflow/.local/lib/python3.12/site-packages/airflow/example_dags/example_sensors.py for tasks to queue
[2026-07-29T16:36:15.046+0000] {logging_mixin.py:190} INFO - [2026-07-29T16:36:15.046+0000] {dagbag.py:587} INFO - Filling up the DagBag from /home/airflow/.local/lib/python3.12/site-packages/airflow/example_dags/example_sensors.py
[2026-07-29T16:36:15.050+0000] {processor.py:925} INFO - DAG(s) 'example_sensors' retrieved from /home/airflow/.local/lib/python3.12/site-packages/airflow/example_dags/example_sensors.py
[2026-07-29T16:36:15.065+0000] {logging_mixin.py:190} INFO - [2026-07-29T16:36:15.064+0000] {dag.py:3211} INFO - Sync 1 DAGs
[2026-07-29T16:36:15.074+0000] {logging_mixin.py:190} INFO - [2026-07-29T16:36:15.074+0000] {dag.py:4138} INFO - Setting next_dagrun for example_sensors to None, run_after=None
[2026-07-29T16:36:15.083+0000] {processor.py:208} INFO - Processing /home/airflow/.local/lib/python3.12/site-packages/airflow/example_dags/example_sensors.py took 0.041 seconds
[2026-07-29T16:36:46.070+0000] {processor.py:186} INFO - Started process (PID=6062) to work on /home/airflow/.local/lib/python3.12/site-packages/airflow/example_dags/example_sensors.py
[2026-07-29T16:36:46.070+0000] {processor.py:914} INFO - Processing file /home/airflow/.local/lib/python3.12/site-packages/airflow/example_dags/example_sensors.py for tasks to queue
[2026-07-29T16:36:46.071+0000] {logging_mixin.py:190} INFO - [2026-07-29T16:36:46.071+0000] {dagbag.py:587} INFO - Filling up the DagBag from /home/airflow/.local/lib/python3.12/site-packages/airflow/example_dags/example_sensors.py
[2026-07-29T16:36:46.076+0000] {processor.py:925} INFO - DAG(s) 'example_sensors' retrieved from /home/airflow/.local/lib/python3.12/site-packages/airflow/example_dags/example_sensors.py
[2026-07-29T16:36:46.087+0000] {logging_mixin.py:190} INFO - [2026-07-29T16:36:46.087+0000] {dag.py:3211} INFO - Sync 1 DAGs
[2026-07-29T16:36:46.094+0000] {logging_mixin.py:190} INFO - [2026-07-29T16:36:46.094+0000] {dag.py:4138} INFO - Setting next_dagrun for example_sensors to None, run_after=None
[2026-07-29T16:36:46.106+0000] {processor.py:208} INFO - Processing /home/airflow/.local/lib/python3.12/site-packages/airflow/example_dags/example_sensors.py took 0.039 seconds
[2026-07-29T16:37:17.024+0000] {processor.py:186} INFO - Started process (PID=6128) to work on /home/airflow/.local/lib/python3.12/site-packages/airflow/example_dags/example_sensors.py
[2026-07-29T16:37:17.025+0000] {processor.py:914} INFO - Processing file /home/airflow/.local/lib/python3.12/site-packages/airflow/example_dags/example_sensors.py for tasks to queue
[2026-07-29T16:37:17.026+0000] {logging_mixin.py:190} INFO - [2026-07-29T16:37:17.026+0000] {dagbag.py:587} INFO - Filling up the DagBag from /home/airflow/.local/lib/python3.12/site-packages/airflow/example_dags/example_sensors.py
[2026-07-29T16:37:17.032+0000] {processor.py:925} INFO - DAG(s) 'example_sensors' retrieved from /home/airflow/.local/lib/python3.12/site-packages/airflow/example_dags/example_sensors.py
[2026-07-29T16:37:17.048+0000] {logging_mixin.py:190} INFO - [2026-07-29T16:37:17.048+0000] {dag.py:3211} INFO - Sync 1 DAGs
[2026-07-29T16:37:17.055+0000] {logging_mixin.py:190} INFO - [2026-07-29T16:37:17.054+0000] {dag.py:4138} INFO - Setting next_dagrun for example_sensors to None, run_after=None
[2026-07-29T16:37:17.064+0000] {processor.py:208} INFO - Processing /home/airflow/.local/lib/python3.12/site-packages/airflow/example_dags/example_sensors.py took 0.042 seconds
[2026-07-29T16:37:48.056+0000] {processor.py:186} INFO - Started process (PID=6194) to work on /home/airflow/.local/lib/python3.12/site-packages/airflow/example_dags/example_sensors.py
[2026-07-29T16:37:48.056+0000] {processor.py:914} INFO - Processing file /home/airflow/.local/lib/python3.12/site-packages/airflow/example_dags/example_sensors.py for tasks to queue
[2026-07-29T16:37:48.057+0000] {logging_mixin.py:190} INFO - [2026-07-29T16:37:48.057+0000] {dagbag.py:587} INFO - Filling up the DagBag from /home/airflow/.local/lib/python3.12/site-packages/airflow/example_dags/example_sensors.py
[2026-07-29T16:37:48.065+0000] {processor.py:925} INFO - DAG(s) 'example_sensors' retrieved from /home/airflow/.local/lib/python3.12/site-packages/airflow/example_dags/example_sensors.py
[2026-07-29T16:37:48.082+0000] {logging_mixin.py:190} INFO - [2026-07-29T16:37:48.082+0000] {dag.py:3211} INFO - Sync 1 DAGs
[2026-07-29T16:37:48.088+0000] {logging_mixin.py:190} INFO - [2026-07-29T16:37:48.088+0000] {dag.py:4138} INFO - Setting next_dagrun for example_sensors to None, run_after=None
[2026-07-29T16:37:48.097+0000] {processor.py:208} INFO - Processing /home/airflow/.local/lib/python3.12/site-packages/airflow/example_dags/example_sensors.py took 0.044 seconds
[2026-07-29T16:38:19.121+0000] {processor.py:186} INFO - Started process (PID=6266) to work on /home/airflow/.local/lib/python3.12/site-packages/airflow/example_dags/example_sensors.py
[2026-07-29T16:38:19.123+0000] {processor.py:914} INFO - Processing file /home/airflow/.local/lib/python3.12/site-packages/airflow/example_dags/example_sensors.py for tasks to queue
[2026-07-29T16:38:19.124+0000] {logging_mixin.py:190} INFO - [2026-07-29T16:38:19.124+0000] {dagbag.py:587} INFO - Filling up the DagBag from /home/airflow/.local/lib/python3.12/site-packages/airflow/example_dags/example_sensors.py
[2026-07-29T16:38:19.128+0000] {processor.py:925} INFO - DAG(s) 'example_sensors' retrieved from /home/airflow/.local/lib/python3.12/site-packages/airflow/example_dags/example_sensors.py
[2026-07-29T16:38:19.140+0000] {logging_mixin.py:190} INFO - [2026-07-29T16:38:19.140+0000] {dag.py:3211} INFO - Sync 1 DAGs
[2026-07-29T16:38:19.147+0000] {logging_mixin.py:190} INFO - [2026-07-29T16:38:19.146+0000] {dag.py:4138} INFO - Setting next_dagrun for example_sensors to None, run_after=None
[2026-07-29T16:38:19.158+0000] {processor.py:208} INFO - Processing /home/airflow/.local/lib/python3.12/site-packages/airflow/example_dags/example_sensors.py took 0.040 seconds
[2026-07-29T16:38:51.187+0000] {processor.py:186} INFO - Started process (PID=6332) to work on /home/airflow/.local/lib/python3.12/site-packages/airflow/example_dags/example_sensors.py
[2026-07-29T16:38:51.189+0000] {processor.py:914} INFO - Processing file /home/airflow/.local/lib/python3.12/site-packages/airflow/example_dags/example_sensors.py for tasks to queue
[2026-07-29T16:38:51.191+0000] {logging_mixin.py:190} INFO - [2026-07-29T16:38:51.191+0000] {dagbag.py:587} INFO - Filling up the DagBag from /home/airflow/.local/lib/python3.12/site-packages/airflow/example_dags/example_sensors.py
[2026-07-29T16:38:51.196+0000] {processor.py:925} INFO - DAG(s) 'example_sensors' retrieved from /home/airflow/.local/lib/python3.12/site-packages/airflow/example_dags/example_sensors.py
[2026-07-29T16:38:51.209+0000] {logging_mixin.py:190} INFO - [2026-07-29T16:38:51.209+0000] {dag.py:3211} INFO - Sync 1 DAGs
[2026-07-29T16:38:51.215+0000] {logging_mixin.py:190} INFO - [2026-07-29T16:38:51.215+0000] {dag.py:4138} INFO - Setting next_dagrun for example_sensors to None, run_after=None
[2026-07-29T16:38:51.226+0000] {processor.py:208} INFO - Processing /home/airflow/.local/lib/python3.12/site-packages/airflow/example_dags/example_sensors.py took 0.041 seconds
[2026-07-29T16:39:22.223+0000] {processor.py:186} INFO - Started process (PID=6398) to work on /home/airflow/.local/lib/python3.12/site-packages/airflow/example_dags/example_sensors.py
[2026-07-29T16:39:22.224+0000] {processor.py:914} INFO - Processing file /home/airflow/.local/lib/python3.12/site-packages/airflow/example_dags/example_sensors.py for tasks to queue
[2026-07-29T16:39:22.225+0000] {logging_mixin.py:190} INFO - [2026-07-29T16:39:22.225+0000] {dagbag.py:587} INFO - Filling up the DagBag from /home/airflow/.local/lib/python3.12/site-packages/airflow/example_dags/example_sensors.py
[2026-07-29T16:39:22.233+0000] {processor.py:925} INFO - DAG(s) 'example_sensors' retrieved from /home/airflow/.local/lib/python3.12/site-packages/airflow/example_dags/example_sensors.py
[2026-07-29T16:39:22.245+0000] {logging_mixin.py:190} INFO - [2026-07-29T16:39:22.245+0000] {dag.py:3211} INFO - Sync 1 DAGs
[2026-07-29T16:39:22.255+0000] {logging_mixin.py:190} INFO - [2026-07-29T16:39:22.255+0000] {dag.py:4138} INFO - Setting next_dagrun for example_sensors to None, run_after=None
[2026-07-29T16:39:22.264+0000] {processor.py:208} INFO - Processing /home/airflow/.local/lib/python3.12/site-packages/airflow/example_dags/example_sensors.py took 0.044 seconds
[2026-07-29T16:39:53.236+0000] {processor.py:186} INFO - Started process (PID=6464) to work on /home/airflow/.local/lib/python3.12/site-packages/airflow/example_dags/example_sensors.py
[2026-07-29T16:39:53.236+0000] {processor.py:914} INFO - Processing file /home/airflow/.local/lib/python3.12/site-packages/airflow/example_dags/example_sensors.py for tasks to queue
[2026-07-29T16:39:53.237+0000] {logging_mixin.py:190} INFO - [2026-07-29T16:39:53.237+0000] {dagbag.py:587} INFO - Filling up the DagBag from /home/airflow/.local/lib/python3.12/site-packages/airflow/example_dags/example_sensors.py
[2026-07-29T16:39:53.242+0000] {processor.py:925} INFO - DAG(s) 'example_sensors' retrieved from /home/airflow/.local/lib/python3.12/site-packages/airflow/example_dags/example_sensors.py
[2026-07-29T16:39:53.251+0000] {logging_mixin.py:190} INFO - [2026-07-29T16:39:53.251+0000] {dag.py:3211} INFO - Sync 1 DAGs
[2026-07-29T16:39:53.255+0000] {logging_mixin.py:190} INFO - [2026-07-29T16:39:53.255+0000] {dag.py:4138} INFO - Setting next_dagrun for example_sensors to None, run_after=None
[2026-07-29T16:39:53.260+0000] {processor.py:208} INFO - Processing /home/airflow/.local/lib/python3.12/site-packages/airflow/example_dags/example_sensors.py took 0.027 seconds
[2026-07-29T16:40:23.382+0000] {processor.py:186} INFO - Started process (PID=6530) to work on /home/airflow/.local/lib/python3.12/site-packages/airflow/example_dags/example_sensors.py
[2026-07-29T16:40:23.383+0000] {processor.py:914} INFO - Processing file /home/airflow/.local/lib/python3.12/site-packages/airflow/example_dags/example_sensors.py for tasks to queue
[2026-07-29T16:40:23.384+0000] {logging_mixin.py:190} INFO - [2026-07-29T16:40:23.384+0000] {dagbag.py:587} INFO - Filling up the DagBag from /home/airflow/.local/lib/python3.12/site-packages/airflow/example_dags/example_sensors.py
[2026-07-29T16:40:23.390+0000] {processor.py:925} INFO - DAG(s) 'example_sensors' retrieved from /home/airflow/.local/lib/python3.12/site-packages/airflow/example_dags/example_sensors.py
[2026-07-29T16:40:23.406+0000] {logging_mixin.py:190} INFO - [2026-07-29T16:40:23.406+0000] {dag.py:3211} INFO - Sync 1 DAGs
[2026-07-29T16:40:23.412+0000] {logging_mixin.py:190} INFO - [2026-07-29T16:40:23.412+0000] {dag.py:4138} INFO - Setting next_dagrun for example_sensors to None, run_after=None
[2026-07-29T16:40:23.420+0000] {processor.py:208} INFO - Processing /home/airflow/.local/lib/python3.12/site-packages/airflow/example_dags/example_sensors.py took 0.042 seconds
[2026-07-29T16:40:53.578+0000] {processor.py:186} INFO - Started process (PID=6596) to work on /home/airflow/.local/lib/python3.12/site-packages/airflow/example_dags/example_sensors.py
[2026-07-29T16:40:53.579+0000] {processor.py:914} INFO - Processing file /home/airflow/.local/lib/python3.12/site-packages/airflow/example_dags/example_sensors.py for tasks to queue
[2026-07-29T16:40:53.580+0000] {logging_mixin.py:190} INFO - [2026-07-29T16:40:53.579+0000] {dagbag.py:587} INFO - Filling up the DagBag from /home/airflow/.local/lib/python3.12/site-packages/airflow/example_dags/example_sensors.py
[2026-07-29T16:40:53.584+0000] {processor.py:925} INFO - DAG(s) 'example_sensors' retrieved from /home/airflow/.local/lib/python3.12/site-packages/airflow/example_dags/example_sensors.py
[2026-07-29T16:40:53.593+0000] {logging_mixin.py:190} INFO - [2026-07-29T16:40:53.593+0000] {dag.py:3211} INFO - Sync 1 DAGs
[2026-07-29T16:40:53.598+0000] {logging_mixin.py:190} INFO - [2026-07-29T16:40:53.598+0000] {dag.py:4138} INFO - Setting next_dagrun for example_sensors to None, run_after=None
[2026-07-29T16:40:53.604+0000] {processor.py:208} INFO - Processing /home/airflow/.local/lib/python3.12/site-packages/airflow/example_dags/example_sensors.py took 0.028 seconds
[2026-07-29T16:41:24.608+0000] {processor.py:186} INFO - Started process (PID=6662) to work on /home/airflow/.local/lib/python3.12/site-packages/airflow/example_dags/example_sensors.py
[2026-07-29T16:41:24.608+0000] {processor.py:914} INFO - Processing file /home/airflow/.local/lib/python3.12/site-packages/airflow/example_dags/example_sensors.py for tasks to queue
[2026-07-29T16:41:24.610+0000] {logging_mixin.py:190} INFO - [2026-07-29T16:41:24.610+0000] {dagbag.py:587} INFO - Filling up the DagBag from /home/airflow/.local/lib/python3.12/site-packages/airflow/example_dags/example_sensors.py
[2026-07-29T16:41:24.615+0000] {processor.py:925} INFO - DAG(s) 'example_sensors' retrieved from /home/airflow/.local/lib/python3.12/site-packages/airflow/example_dags/example_sensors.py
[2026-07-29T16:41:24.626+0000] {logging_mixin.py:190} INFO - [2026-07-29T16:41:24.626+0000] {dag.py:3211} INFO - Sync 1 DAGs
[2026-07-29T16:41:24.635+0000] {logging_mixin.py:190} INFO - [2026-07-29T16:41:24.635+0000] {dag.py:4138} INFO - Setting next_dagrun for example_sensors to None, run_after=None
[2026-07-29T16:41:24.647+0000] {processor.py:208} INFO - Processing /home/airflow/.local/lib/python3.12/site-packages/airflow/example_dags/example_sensors.py took 0.042 seconds
[2026-07-29T16:41:54.707+0000] {processor.py:186} INFO - Started process (PID=6728) to work on /home/airflow/.local/lib/python3.12/site-packages/airflow/example_dags/example_sensors.py
[2026-07-29T16:41:54.707+0000] {processor.py:914} INFO - Processing file /home/airflow/.local/lib/python3.12/site-packages/airflow/example_dags/example_sensors.py for tasks to queue
[2026-07-29T16:41:54.709+0000] {logging_mixin.py:190} INFO - [2026-07-29T16:41:54.709+0000] {dagbag.py:587} INFO - Filling up the DagBag from /home/airflow/.local/lib/python3.12/site-packages/airflow/example_dags/example_sensors.py
[2026-07-29T16:41:54.715+0000] {processor.py:925} INFO - DAG(s) 'example_sensors' retrieved from /home/airflow/.local/lib/python3.12/site-packages/airflow/example_dags/example_sensors.py
[2026-07-29T16:41:54.729+0000] {logging_mixin.py:190} INFO - [2026-07-29T16:41:54.729+0000] {dag.py:3211} INFO - Sync 1 DAGs
[2026-07-29T16:41:54.735+0000] {logging_mixin.py:190} INFO - [2026-07-29T16:41:54.735+0000] {dag.py:4138} INFO - Setting next_dagrun for example_sensors to None, run_after=None
[2026-07-29T16:41:54.746+0000] {processor.py:208} INFO - Processing /home/airflow/.local/lib/python3.12/site-packages/airflow/example_dags/example_sensors.py took 0.042 seconds
[2026-07-29T16:42:25.032+0000] {processor.py:186} INFO - Started process (PID=6794) to work on /home/airflow/.local/lib/python3.12/site-packages/airflow/example_dags/example_sensors.py
[2026-07-29T16:42:25.034+0000] {processor.py:914} INFO - Processing file /home/airflow/.local/lib/python3.12/site-packages/airflow/example_dags/example_sensors.py for tasks to queue
[2026-07-29T16:42:25.035+0000] {logging_mixin.py:190} INFO - [2026-07-29T16:42:25.035+0000] {dagbag.py:587} INFO - Filling up the DagBag from /home/airflow/.local/lib/python3.12/site-packages/airflow/example_dags/example_sensors.py
[2026-07-29T16:42:25.043+0000] {processor.py:925} INFO - DAG(s) 'example_sensors' retrieved from /home/airflow/.local/lib/python3.12/site-packages/airflow/example_dags/example_sensors.py
[2026-07-29T16:42:25.058+0000] {logging_mixin.py:190} INFO - [2026-07-29T16:42:25.058+0000] {dag.py:3211} INFO - Sync 1 DAGs
[2026-07-29T16:42:25.065+0000] {logging_mixin.py:190} INFO - [2026-07-29T16:42:25.065+0000] {dag.py:4138} INFO - Setting next_dagrun for example_sensors to None, run_after=None
[2026-07-29T16:42:25.074+0000] {processor.py:208} INFO - Processing /home/airflow/.local/lib/python3.12/site-packages/airflow/example_dags/example_sensors.py took 0.045 seconds
[2026-07-29T16:42:55.219+0000] {processor.py:186} INFO - Started process (PID=6860) to work on /home/airflow/.local/lib/python3.12/site-packages/airflow/example_dags/example_sensors.py
[2026-07-29T16:42:55.221+0000] {processor.py:914} INFO - Processing file /home/airflow/.local/lib/python3.12/site-packages/airflow/example_dags/example_sensors.py for tasks to queue
[2026-07-29T16:42:55.222+0000] {logging_mixin.py:190} INFO - [2026-07-29T16:42:55.222+0000] {dagbag.py:587} INFO - Filling up the DagBag from /home/airflow/.local/lib/python3.12/site-packages/airflow/example_dags/example_sensors.py
[2026-07-29T16:42:55.229+0000] {processor.py:925} INFO - DAG(s) 'example_sensors' retrieved from /home/airflow/.local/lib/python3.12/site-packages/airflow/example_dags/example_sensors.py
[2026-07-29T16:42:55.243+0000] {logging_mixin.py:190} INFO - [2026-07-29T16:42:55.243+0000] {dag.py:3211} INFO - Sync 1 DAGs
[2026-07-29T16:42:55.250+0000] {logging_mixin.py:190} INFO - [2026-07-29T16:42:55.250+0000] {dag.py:4138} INFO - Setting next_dagrun for example_sensors to None, run_after=None
[2026-07-29T16:42:55.257+0000] {processor.py:208} INFO - Processing /home/airflow/.local/lib/python3.12/site-packages/airflow/example_dags/example_sensors.py took 0.042 seconds
[2026-07-29T16:43:25.289+0000] {processor.py:186} INFO - Started process (PID=6925) to work on /home/airflow/.local/lib/python3.12/site-packages/airflow/example_dags/example_sensors.py
[2026-07-29T16:43:25.290+0000] {processor.py:914} INFO - Processing file /home/airflow/.local/lib/python3.12/site-packages/airflow/example_dags/example_sensors.py for tasks to queue
[2026-07-29T16:43:25.292+0000] {logging_mixin.py:190} INFO - [2026-07-29T16:43:25.292+0000] {dagbag.py:587} INFO - Filling up the DagBag from /home/airflow/.local/lib/python3.12/site-packages/airflow/example_dags/example_sensors.py
[2026-07-29T16:43:25.297+0000] {processor.py:925} INFO - DAG(s) 'example_sensors' retrieved from /home/airflow/.local/lib/python3.12/site-packages/airflow/example_dags/example_sensors.py
[2026-07-29T16:43:25.305+0000] {logging_mixin.py:190} INFO - [2026-07-29T16:43:25.305+0000] {dag.py:3211} INFO - Sync 1 DAGs
[2026-07-29T16:43:25.310+0000] {logging_mixin.py:190} INFO - [2026-07-29T16:43:25.310+0000] {dag.py:4138} INFO - Setting next_dagrun for example_sensors to None, run_after=None
[2026-07-29T16:43:25.316+0000] {processor.py:208} INFO - Processing /home/airflow/.local/lib/python3.12/site-packages/airflow/example_dags/example_sensors.py took 0.029 seconds
[2026-07-29T16:43:55.431+0000] {processor.py:186} INFO - Started process (PID=6991) to work on /home/airflow/.local/lib/python3.12/site-packages/airflow/example_dags/example_sensors.py
[2026-07-29T16:43:55.433+0000] {processor.py:914} INFO - Processing file /home/airflow/.local/lib/python3.12/site-packages/airflow/example_dags/example_sensors.py for tasks to queue
[2026-07-29T16:43:55.438+0000] {logging_mixin.py:190} INFO - [2026-07-29T16:43:55.437+0000] {dagbag.py:587} INFO - Filling up the DagBag from /home/airflow/.local/lib/python3.12/site-packages/airflow/example_dags/example_sensors.py
[2026-07-29T16:43:55.445+0000] {processor.py:925} INFO - DAG(s) 'example_sensors' retrieved from /home/airflow/.local/lib/python3.12/site-packages/airflow/example_dags/example_sensors.py
[2026-07-29T16:43:55.457+0000] {logging_mixin.py:190} INFO - [2026-07-29T16:43:55.457+0000] {dag.py:3211} INFO - Sync 1 DAGs
[2026-07-29T16:43:55.463+0000] {logging_mixin.py:190} INFO - [2026-07-29T16:43:55.463+0000] {dag.py:4138} INFO - Setting next_dagrun for example_sensors to None, run_after=None
[2026-07-29T16:43:55.469+0000] {processor.py:208} INFO - Processing /home/airflow/.local/lib/python3.12/site-packages/airflow/example_dags/example_sensors.py took 0.041 seconds
[2026-07-29T16:44:25.817+0000] {processor.py:186} INFO - Started process (PID=7057) to work on /home/airflow/.local/lib/python3.12/site-packages/airflow/example_dags/example_sensors.py
[2026-07-29T16:44:25.817+0000] {processor.py:914} INFO - Processing file /home/airflow/.local/lib/python3.12/site-packages/airflow/example_dags/example_sensors.py for tasks to queue
[2026-07-29T16:44:25.819+0000] {logging_mixin.py:190} INFO - [2026-07-29T16:44:25.818+0000] {dagbag.py:587} INFO - Filling up the DagBag from /home/airflow/.local/lib/python3.12/site-packages/airflow/example_dags/example_sensors.py
[2026-07-29T16:44:25.823+0000] {processor.py:925} INFO - DAG(s) 'example_sensors' retrieved from /home/airflow/.local/lib/python3.12/site-packages/airflow/example_dags/example_sensors.py
[2026-07-29T16:44:25.831+0000] {logging_mixin.py:190} INFO - [2026-07-29T16:44:25.831+0000] {dag.py:3211} INFO - Sync 1 DAGs
[2026-07-29T16:44:25.836+0000] {logging_mixin.py:190} INFO - [2026-07-29T16:44:25.836+0000] {dag.py:4138} INFO - Setting next_dagrun for example_sensors to None, run_after=None
[2026-07-29T16:44:25.842+0000] {processor.py:208} INFO - Processing /home/airflow/.local/lib/python3.12/site-packages/airflow/example_dags/example_sensors.py took 0.027 seconds
[2026-07-29T16:44:56.668+0000] {processor.py:186} INFO - Started process (PID=7124) to work on /home/airflow/.local/lib/python3.12/site-packages/airflow/example_dags/example_sensors.py
[2026-07-29T16:44:56.668+0000] {processor.py:914} INFO - Processing file /home/airflow/.local/lib/python3.12/site-packages/airflow/example_dags/example_sensors.py for tasks to queue
[2026-07-29T16:44:56.669+0000] {logging_mixin.py:190} INFO - [2026-07-29T16:44:56.669+0000] {dagbag.py:587} INFO - Filling up the DagBag from /home/airflow/.local/lib/python3.12/site-packages/airflow/example_dags/example_sensors.py
[2026-07-29T16:44:56.676+0000] {processor.py:925} INFO - DAG(s) 'example_sensors' retrieved from /home/airflow/.local/lib/python3.12/site-packages/airflow/example_dags/example_sensors.py
[2026-07-29T16:44:56.688+0000] {logging_mixin.py:190} INFO - [2026-07-29T16:44:56.688+0000] {dag.py:3211} INFO - Sync 1 DAGs
[2026-07-29T16:44:56.693+0000] {logging_mixin.py:190} INFO - [2026-07-29T16:44:56.693+0000] {dag.py:4138} INFO - Setting next_dagrun for example_sensors to None, run_after=None
[2026-07-29T16:44:56.707+0000] {processor.py:208} INFO - Processing /home/airflow/.local/lib/python3.12/site-packages/airflow/example_dags/example_sensors.py took 0.043 seconds
[2026-07-29T16:45:27.297+0000] {processor.py:186} INFO - Started process (PID=7190) to work on /home/airflow/.local/lib/python3.12/site-packages/airflow/example_dags/example_sensors.py
[2026-07-29T16:45:27.298+0000] {processor.py:914} INFO - Processing file /home/airflow/.local/lib/python3.12/site-packages/airflow/example_dags/example_sensors.py for tasks to queue
[2026-07-29T16:45:27.299+0000] {logging_mixin.py:190} INFO - [2026-07-29T16:45:27.298+0000] {dagbag.py:587} INFO - Filling up the DagBag from /home/airflow/.local/lib/python3.12/site-packages/airflow/example_dags/example_sensors.py
[2026-07-29T16:45:27.304+0000] {processor.py:925} INFO - DAG(s) 'example_sensors' retrieved from /home/airflow/.local/lib/python3.12/site-packages/airflow/example_dags/example_sensors.py
[2026-07-29T16:45:27.407+0000] {logging_mixin.py:190} INFO - [2026-07-29T16:45:27.407+0000] {dag.py:3211} INFO - Sync 1 DAGs
[2026-07-29T16:45:27.414+0000] {logging_mixin.py:190} INFO - [2026-07-29T16:45:27.414+0000] {dag.py:4138} INFO - Setting next_dagrun for example_sensors to None, run_after=None
[2026-07-29T16:45:27.423+0000] {processor.py:208} INFO - Processing /home/airflow/.local/lib/python3.12/site-packages/airflow/example_dags/example_sensors.py took 0.128 seconds
[2026-07-29T16:45:57.970+0000] {processor.py:186} INFO - Started process (PID=7256) to work on /home/airflow/.local/lib/python3.12/site-packages/airflow/example_dags/example_sensors.py
[2026-07-29T16:45:57.971+0000] {processor.py:914} INFO - Processing file /home/airflow/.local/lib/python3.12/site-packages/airflow/example_dags/example_sensors.py for tasks to queue
[2026-07-29T16:45:57.972+0000] {logging_mixin.py:190} INFO - [2026-07-29T16:45:57.971+0000] {dagbag.py:587} INFO - Filling up the DagBag from /home/airflow/.local/lib/python3.12/site-packages/airflow/example_dags/example_sensors.py
[2026-07-29T16:45:57.977+0000] {processor.py:925} INFO - DAG(s) 'example_sensors' retrieved from /home/airflow/.local/lib/python3.12/site-packages/airflow/example_dags/example_sensors.py
[2026-07-29T16:45:57.987+0000] {logging_mixin.py:190} INFO - [2026-07-29T16:45:57.987+0000] {dag.py:3211} INFO - Sync 1 DAGs
[2026-07-29T16:45:58.090+0000] {logging_mixin.py:190} INFO - [2026-07-29T16:45:58.090+0000] {dag.py:4138} INFO - Setting next_dagrun for example_sensors to None, run_after=None
[2026-07-29T16:45:58.105+0000] {processor.py:208} INFO - Processing /home/airflow/.local/lib/python3.12/site-packages/airflow/example_dags/example_sensors.py took 0.138 seconds
[2026-07-29T16:46:28.629+0000] {processor.py:186} INFO - Started process (PID=7322) to work on /home/airflow/.local/lib/python3.12/site-packages/airflow/example_dags/example_sensors.py
[2026-07-29T16:46:28.629+0000] {processor.py:914} INFO - Processing file /home/airflow/.local/lib/python3.12/site-packages/airflow/example_dags/example_sensors.py for tasks to queue
[2026-07-29T16:46:28.630+0000] {logging_mixin.py:190} INFO - [2026-07-29T16:46:28.630+0000] {dagbag.py:587} INFO - Filling up the DagBag from /home/airflow/.local/lib/python3.12/site-packages/airflow/example_dags/example_sensors.py
[2026-07-29T16:46:28.635+0000] {processor.py:925} INFO - DAG(s) 'example_sensors' retrieved from /home/airflow/.local/lib/python3.12/site-packages/airflow/example_dags/example_sensors.py
[2026-07-29T16:46:28.646+0000] {logging_mixin.py:190} INFO - [2026-07-29T16:46:28.646+0000] {dag.py:3211} INFO - Sync 1 DAGs
[2026-07-29T16:46:28.652+0000] {logging_mixin.py:190} INFO - [2026-07-29T16:46:28.652+0000] {dag.py:4138} INFO - Setting next_dagrun for example_sensors to None, run_after=None
[2026-07-29T16:46:28.754+0000] {processor.py:208} INFO - Processing /home/airflow/.local/lib/python3.12/site-packages/airflow/example_dags/example_sensors.py took 0.129 seconds
[2026-07-29T16:46:58.842+0000] {processor.py:186} INFO - Started process (PID=7388) to work on /home/airflow/.local/lib/python3.12/site-packages/airflow/example_dags/example_sensors.py
[2026-07-29T16:46:58.842+0000] {processor.py:914} INFO - Processing file /home/airflow/.local/lib/python3.12/site-packages/airflow/example_dags/example_sensors.py for tasks to queue
[2026-07-29T16:46:58.843+0000] {logging_mixin.py:190} INFO - [2026-07-29T16:46:58.843+0000] {dagbag.py:587} INFO - Filling up the DagBag from /home/airflow/.local/lib/python3.12/site-packages/airflow/example_dags/example_sensors.py
[2026-07-29T16:46:58.848+0000] {processor.py:925} INFO - DAG(s) 'example_sensors' retrieved from /home/airflow/.local/lib/python3.12/site-packages/airflow/example_dags/example_sensors.py
[2026-07-29T16:46:58.857+0000] {logging_mixin.py:190} INFO - [2026-07-29T16:46:58.857+0000] {dag.py:3211} INFO - Sync 1 DAGs
[2026-07-29T16:46:58.861+0000] {logging_mixin.py:190} INFO - [2026-07-29T16:46:58.861+0000] {dag.py:4138} INFO - Setting next_dagrun for example_sensors to None, run_after=None
[2026-07-29T16:46:58.867+0000] {processor.py:208} INFO - Processing /home/airflow/.local/lib/python3.12/site-packages/airflow/example_dags/example_sensors.py took 0.027 seconds
[2026-07-29T16:47:29.829+0000] {processor.py:186} INFO - Started process (PID=7454) to work on /home/airflow/.local/lib/python3.12/site-packages/airflow/example_dags/example_sensors.py
[2026-07-29T16:47:29.830+0000] {processor.py:914} INFO - Processing file /home/airflow/.local/lib/python3.12/site-packages/airflow/example_dags/example_sensors.py for tasks to queue
[2026-07-29T16:47:29.831+0000] {logging_mixin.py:190} INFO - [2026-07-29T16:47:29.831+0000] {dagbag.py:587} INFO - Filling up the DagBag from /home/airflow/.local/lib/python3.12/site-packages/airflow/example_dags/example_sensors.py
[2026-07-29T16:47:29.837+0000] {processor.py:925} INFO - DAG(s) 'example_sensors' retrieved from /home/airflow/.local/lib/python3.12/site-packages/airflow/example_dags/example_sensors.py
[2026-07-29T16:47:29.859+0000] {logging_mixin.py:190} INFO - [2026-07-29T16:47:29.859+0000] {dag.py:3211} INFO - Sync 1 DAGs
[2026-07-29T16:47:29.867+0000] {logging_mixin.py:190} INFO - [2026-07-29T16:47:29.867+0000] {dag.py:4138} INFO - Setting next_dagrun for example_sensors to None, run_after=None
[2026-07-29T16:47:29.874+0000] {processor.py:208} INFO - Processing /home/airflow/.local/lib/python3.12/site-packages/airflow/example_dags/example_sensors.py took 0.047 seconds
[2026-07-29T16:48:00.922+0000] {processor.py:186} INFO - Started process (PID=7520) to work on /home/airflow/.local/lib/python3.12/site-packages/airflow/example_dags/example_sensors.py
[2026-07-29T16:48:00.923+0000] {processor.py:914} INFO - Processing file /home/airflow/.local/lib/python3.12/site-packages/airflow/example_dags/example_sensors.py for tasks to queue
[2026-07-29T16:48:00.924+0000] {logging_mixin.py:190} INFO - [2026-07-29T16:48:00.924+0000] {dagbag.py:587} INFO - Filling up the DagBag from /home/airflow/.local/lib/python3.12/site-packages/airflow/example_dags/example_sensors.py
[2026-07-29T16:48:00.929+0000] {processor.py:925} INFO - DAG(s) 'example_sensors' retrieved from /home/airflow/.local/lib/python3.12/site-packages/airflow/example_dags/example_sensors.py
[2026-07-29T16:48:00.942+0000] {logging_mixin.py:190} INFO - [2026-07-29T16:48:00.942+0000] {dag.py:3211} INFO - Sync 1 DAGs
[2026-07-29T16:48:00.949+0000] {logging_mixin.py:190} INFO - [2026-07-29T16:48:00.949+0000] {dag.py:4138} INFO - Setting next_dagrun for example_sensors to None, run_after=None
[2026-07-29T16:48:00.961+0000] {processor.py:208} INFO - Processing /home/airflow/.local/lib/python3.12/site-packages/airflow/example_dags/example_sensors.py took 0.042 seconds
[2026-07-29T16:48:31.963+0000] {processor.py:186} INFO - Started process (PID=7586) to work on /home/airflow/.local/lib/python3.12/site-packages/airflow/example_dags/example_sensors.py
[2026-07-29T16:48:31.963+0000] {processor.py:914} INFO - Processing file /home/airflow/.local/lib/python3.12/site-packages/airflow/example_dags/example_sensors.py for tasks to queue
[2026-07-29T16:48:31.965+0000] {logging_mixin.py:190} INFO - [2026-07-29T16:48:31.964+0000] {dagbag.py:587} INFO - Filling up the DagBag from /home/airflow/.local/lib/python3.12/site-packages/airflow/example_dags/example_sensors.py
[2026-07-29T16:48:31.970+0000] {processor.py:925} INFO - DAG(s) 'example_sensors' retrieved from /home/airflow/.local/lib/python3.12/site-packages/airflow/example_dags/example_sensors.py
[2026-07-29T16:48:31.983+0000] {logging_mixin.py:190} INFO - [2026-07-29T16:48:31.982+0000] {dag.py:3211} INFO - Sync 1 DAGs
[2026-07-29T16:48:31.990+0000] {logging_mixin.py:190} INFO - [2026-07-29T16:48:31.990+0000] {dag.py:4138} INFO - Setting next_dagrun for example_sensors to None, run_after=None
[2026-07-29T16:48:32.002+0000] {processor.py:208} INFO - Processing /home/airflow/.local/lib/python3.12/site-packages/airflow/example_dags/example_sensors.py took 0.042 seconds
[2026-07-29T16:49:02.963+0000] {processor.py:186} INFO - Started process (PID=7652) to work on /home/airflow/.local/lib/python3.12/site-packages/airflow/example_dags/example_sensors.py
[2026-07-29T16:49:02.963+0000] {processor.py:914} INFO - Processing file /home/airflow/.local/lib/python3.12/site-packages/airflow/example_dags/example_sensors.py for tasks to queue
[2026-07-29T16:49:02.964+0000] {logging_mixin.py:190} INFO - [2026-07-29T16:49:02.964+0000] {dagbag.py:587} INFO - Filling up the DagBag from /home/airflow/.local/lib/python3.12/site-packages/airflow/example_dags/example_sensors.py
[2026-07-29T16:49:02.969+0000] {processor.py:925} INFO - DAG(s) 'example_sensors' retrieved from /home/airflow/.local/lib/python3.12/site-packages/airflow/example_dags/example_sensors.py
[2026-07-29T16:49:02.988+0000] {logging_mixin.py:190} INFO - [2026-07-29T16:49:02.988+0000] {dag.py:3211} INFO - Sync 1 DAGs
[2026-07-29T16:49:02.992+0000] {logging_mixin.py:190} INFO - [2026-07-29T16:49:02.992+0000] {dag.py:4138} INFO - Setting next_dagrun for example_sensors to None, run_after=None
[2026-07-29T16:49:03.002+0000] {processor.py:208} INFO - Processing /home/airflow/.local/lib/python3.12/site-packages/airflow/example_dags/example_sensors.py took 0.041 seconds
[2026-07-29T16:49:33.996+0000] {processor.py:186} INFO - Started process (PID=7718) to work on /home/airflow/.local/lib/python3.12/site-packages/airflow/example_dags/example_sensors.py
[2026-07-29T16:49:33.996+0000] {processor.py:914} INFO - Processing file /home/airflow/.local/lib/python3.12/site-packages/airflow/example_dags/example_sensors.py for tasks to queue
[2026-07-29T16:49:33.997+0000] {logging_mixin.py:190} INFO - [2026-07-29T16:49:33.997+0000] {dagbag.py:587} INFO - Filling up the DagBag from /home/airflow/.local/lib/python3.12/site-packages/airflow/example_dags/example_sensors.py
[2026-07-29T16:49:34.005+0000] {processor.py:925} INFO - DAG(s) 'example_sensors' retrieved from /home/airflow/.local/lib/python3.12/site-packages/airflow/example_dags/example_sensors.py
[2026-07-29T16:49:34.016+0000] {logging_mixin.py:190} INFO - [2026-07-29T16:49:34.016+0000] {dag.py:3211} INFO - Sync 1 DAGs
[2026-07-29T16:49:34.021+0000] {logging_mixin.py:190} INFO - [2026-07-29T16:49:34.021+0000] {dag.py:4138} INFO - Setting next_dagrun for example_sensors to None, run_after=None
[2026-07-29T16:49:34.030+0000] {processor.py:208} INFO - Processing /home/airflow/.local/lib/python3.12/site-packages/airflow/example_dags/example_sensors.py took 0.038 seconds
[2026-07-29T16:50:04.982+0000] {processor.py:186} INFO - Started process (PID=7784) to work on /home/airflow/.local/lib/python3.12/site-packages/airflow/example_dags/example_sensors.py
[2026-07-29T16:50:04.984+0000] {processor.py:914} INFO - Processing file /home/airflow/.local/lib/python3.12/site-packages/airflow/example_dags/example_sensors.py for tasks to queue
[2026-07-29T16:50:04.986+0000] {logging_mixin.py:190} INFO - [2026-07-29T16:50:04.986+0000] {dagbag.py:587} INFO - Filling up the DagBag from /home/airflow/.local/lib/python3.12/site-packages/airflow/example_dags/example_sensors.py
[2026-07-29T16:50:04.993+0000] {processor.py:925} INFO - DAG(s) 'example_sensors' retrieved from /home/airflow/.local/lib/python3.12/site-packages/airflow/example_dags/example_sensors.py
[2026-07-29T16:50:05.012+0000] {logging_mixin.py:190} INFO - [2026-07-29T16:50:05.012+0000] {dag.py:3211} INFO - Sync 1 DAGs
[2026-07-29T16:50:05.019+0000] {logging_mixin.py:190} INFO - [2026-07-29T16:50:05.018+0000] {dag.py:4138} INFO - Setting next_dagrun for example_sensors to None, run_after=None
[2026-07-29T16:50:05.032+0000] {processor.py:208} INFO - Processing /home/airflow/.local/lib/python3.12/site-packages/airflow/example_dags/example_sensors.py took 0.052 seconds
[2026-07-29T16:50:35.082+0000] {processor.py:186} INFO - Started process (PID=7850) to work on /home/airflow/.local/lib/python3.12/site-packages/airflow/example_dags/example_sensors.py
[2026-07-29T16:50:35.084+0000] {processor.py:914} INFO - Processing file /home/airflow/.local/lib/python3.12/site-packages/airflow/example_dags/example_sensors.py for tasks to queue
[2026-07-29T16:50:35.086+0000] {logging_mixin.py:190} INFO - [2026-07-29T16:50:35.086+0000] {dagbag.py:587} INFO - Filling up the DagBag from /home/airflow/.local/lib/python3.12/site-packages/airflow/example_dags/example_sensors.py
[2026-07-29T16:50:35.091+0000] {processor.py:925} INFO - DAG(s) 'example_sensors' retrieved from /home/airflow/.local/lib/python3.12/site-packages/airflow/example_dags/example_sensors.py
[2026-07-29T16:50:35.106+0000] {logging_mixin.py:190} INFO - [2026-07-29T16:50:35.106+0000] {dag.py:3211} INFO - Sync 1 DAGs
[2026-07-29T16:50:35.113+0000] {logging_mixin.py:190} INFO - [2026-07-29T16:50:35.113+0000] {dag.py:4138} INFO - Setting next_dagrun for example_sensors to None, run_after=None
[2026-07-29T16:50:35.122+0000] {processor.py:208} INFO - Processing /home/airflow/.local/lib/python3.12/site-packages/airflow/example_dags/example_sensors.py took 0.043 seconds
[2026-07-29T16:51:05.413+0000] {processor.py:186} INFO - Started process (PID=7916) to work on /home/airflow/.local/lib/python3.12/site-packages/airflow/example_dags/example_sensors.py
[2026-07-29T16:51:05.413+0000] {processor.py:914} INFO - Processing file /home/airflow/.local/lib/python3.12/site-packages/airflow/example_dags/example_sensors.py for tasks to queue
[2026-07-29T16:51:05.414+0000] {logging_mixin.py:190} INFO - [2026-07-29T16:51:05.414+0000] {dagbag.py:587} INFO - Filling up the DagBag from /home/airflow/.local/lib/python3.12/site-packages/airflow/example_dags/example_sensors.py
[2026-07-29T16:51:05.419+0000] {processor.py:925} INFO - DAG(s) 'example_sensors' retrieved from /home/airflow/.local/lib/python3.12/site-packages/airflow/example_dags/example_sensors.py
[2026-07-29T16:51:05.431+0000] {logging_mixin.py:190} INFO - [2026-07-29T16:51:05.431+0000] {dag.py:3211} INFO - Sync 1 DAGs
[2026-07-29T16:51:05.438+0000] {logging_mixin.py:190} INFO - [2026-07-29T16:51:05.438+0000] {dag.py:4138} INFO - Setting next_dagrun for example_sensors to None, run_after=None
[2026-07-29T16:51:05.449+0000] {processor.py:208} INFO - Processing /home/airflow/.local/lib/python3.12/site-packages/airflow/example_dags/example_sensors.py took 0.039 seconds
[2026-07-29T16:51:35.517+0000] {processor.py:186} INFO - Started process (PID=7982) to work on /home/airflow/.local/lib/python3.12/site-packages/airflow/example_dags/example_sensors.py
[2026-07-29T16:51:35.518+0000] {processor.py:914} INFO - Processing file /home/airflow/.local/lib/python3.12/site-packages/airflow/example_dags/example_sensors.py for tasks to queue
[2026-07-29T16:51:35.520+0000] {logging_mixin.py:190} INFO - [2026-07-29T16:51:35.519+0000] {dagbag.py:587} INFO - Filling up the DagBag from /home/airflow/.local/lib/python3.12/site-packages/airflow/example_dags/example_sensors.py
[2026-07-29T16:51:35.525+0000] {processor.py:925} INFO - DAG(s) 'example_sensors' retrieved from /home/airflow/.local/lib/python3.12/site-packages/airflow/example_dags/example_sensors.py
[2026-07-29T16:51:35.535+0000] {logging_mixin.py:190} INFO - [2026-07-29T16:51:35.535+0000] {dag.py:3211} INFO - Sync 1 DAGs
[2026-07-29T16:51:35.541+0000] {logging_mixin.py:190} INFO - [2026-07-29T16:51:35.541+0000] {dag.py:4138} INFO - Setting next_dagrun for example_sensors to None, run_after=None
[2026-07-29T16:51:35.552+0000] {processor.py:208} INFO - Processing /home/airflow/.local/lib/python3.12/site-packages/airflow/example_dags/example_sensors.py took 0.039 seconds
[2026-07-29T16:52:05.811+0000] {processor.py:186} INFO - Started process (PID=8048) to work on /home/airflow/.local/lib/python3.12/site-packages/airflow/example_dags/example_sensors.py
[2026-07-29T16:52:05.812+0000] {processor.py:914} INFO - Processing file /home/airflow/.local/lib/python3.12/site-packages/airflow/example_dags/example_sensors.py for tasks to queue
[2026-07-29T16:52:05.813+0000] {logging_mixin.py:190} INFO - [2026-07-29T16:52:05.812+0000] {dagbag.py:587} INFO - Filling up the DagBag from /home/airflow/.local/lib/python3.12/site-packages/airflow/example_dags/example_sensors.py
[2026-07-29T16:52:05.818+0000] {processor.py:925} INFO - DAG(s) 'example_sensors' retrieved from /home/airflow/.local/lib/python3.12/site-packages/airflow/example_dags/example_sensors.py
[2026-07-29T16:52:05.836+0000] {logging_mixin.py:190} INFO - [2026-07-29T16:52:05.836+0000] {dag.py:3211} INFO - Sync 1 DAGs
[2026-07-29T16:52:05.843+0000] {logging_mixin.py:190} INFO - [2026-07-29T16:52:05.843+0000] {dag.py:4138} INFO - Setting next_dagrun for example_sensors to None, run_after=None
[2026-07-29T16:52:05.851+0000] {processor.py:208} INFO - Processing /home/airflow/.local/lib/python3.12/site-packages/airflow/example_dags/example_sensors.py took 0.043 seconds
[2026-07-29T16:52:36.886+0000] {processor.py:186} INFO - Started process (PID=8114) to work on /home/airflow/.local/lib/python3.12/site-packages/airflow/example_dags/example_sensors.py
[2026-07-29T16:52:36.888+0000] {processor.py:914} INFO - Processing file /home/airflow/.local/lib/python3.12/site-packages/airflow/example_dags/example_sensors.py for tasks to queue
[2026-07-29T16:52:36.889+0000] {logging_mixin.py:190} INFO - [2026-07-29T16:52:36.889+0000] {dagbag.py:587} INFO - Filling up the DagBag from /home/airflow/.local/lib/python3.12/site-packages/airflow/example_dags/example_sensors.py
[2026-07-29T16:52:36.894+0000] {processor.py:925} INFO - DAG(s) 'example_sensors' retrieved from /home/airflow/.local/lib/python3.12/site-packages/airflow/example_dags/example_sensors.py
[2026-07-29T16:52:36.907+0000] {logging_mixin.py:190} INFO - [2026-07-29T16:52:36.907+0000] {dag.py:3211} INFO - Sync 1 DAGs
[2026-07-29T16:52:36.913+0000] {logging_mixin.py:190} INFO - [2026-07-29T16:52:36.912+0000] {dag.py:4138} INFO - Setting next_dagrun for example_sensors to None, run_after=None
[2026-07-29T16:52:36.925+0000] {processor.py:208} INFO - Processing /home/airflow/.local/lib/python3.12/site-packages/airflow/example_dags/example_sensors.py took 0.042 seconds
[2026-07-29T16:53:07.946+0000] {processor.py:186} INFO - Started process (PID=8180) to work on /home/airflow/.local/lib/python3.12/site-packages/airflow/example_dags/example_sensors.py
[2026-07-29T16:53:07.946+0000] {processor.py:914} INFO - Processing file /home/airflow/.local/lib/python3.12/site-packages/airflow/example_dags/example_sensors.py for tasks to queue
[2026-07-29T16:53:07.947+0000] {logging_mixin.py:190} INFO - [2026-07-29T16:53:07.947+0000] {dagbag.py:587} INFO - Filling up the DagBag from /home/airflow/.local/lib/python3.12/site-packages/airflow/example_dags/example_sensors.py
[2026-07-29T16:53:07.952+0000] {processor.py:925} INFO - DAG(s) 'example_sensors' retrieved from /home/airflow/.local/lib/python3.12/site-packages/airflow/example_dags/example_sensors.py
[2026-07-29T16:53:07.970+0000] {logging_mixin.py:190} INFO - [2026-07-29T16:53:07.969+0000] {dag.py:3211} INFO - Sync 1 DAGs
[2026-07-29T16:53:07.977+0000] {logging_mixin.py:190} INFO - [2026-07-29T16:53:07.977+0000] {dag.py:4138} INFO - Setting next_dagrun for example_sensors to None, run_after=None
[2026-07-29T16:53:07.985+0000] {processor.py:208} INFO - Processing /home/airflow/.local/lib/python3.12/site-packages/airflow/example_dags/example_sensors.py took 0.042 seconds
[2026-07-29T16:53:39.069+0000] {processor.py:186} INFO - Started process (PID=8246) to work on /home/airflow/.local/lib/python3.12/site-packages/airflow/example_dags/example_sensors.py
[2026-07-29T16:53:39.069+0000] {processor.py:914} INFO - Processing file /home/airflow/.local/lib/python3.12/site-packages/airflow/example_dags/example_sensors.py for tasks to queue
[2026-07-29T16:53:39.070+0000] {logging_mixin.py:190} INFO - [2026-07-29T16:53:39.070+0000] {dagbag.py:587} INFO - Filling up the DagBag from /home/airflow/.local/lib/python3.12/site-packages/airflow/example_dags/example_sensors.py
[2026-07-29T16:53:39.075+0000] {processor.py:925} INFO - DAG(s) 'example_sensors' retrieved from /home/airflow/.local/lib/python3.12/site-packages/airflow/example_dags/example_sensors.py
[2026-07-29T16:53:39.092+0000] {logging_mixin.py:190} INFO - [2026-07-29T16:53:39.092+0000] {dag.py:3211} INFO - Sync 1 DAGs
[2026-07-29T16:53:39.098+0000] {logging_mixin.py:190} INFO - [2026-07-29T16:53:39.098+0000] {dag.py:4138} INFO - Setting next_dagrun for example_sensors to None, run_after=None
[2026-07-29T16:53:39.107+0000] {processor.py:208} INFO - Processing /home/airflow/.local/lib/python3.12/site-packages/airflow/example_dags/example_sensors.py took 0.041 seconds
[2026-07-29T16:54:09.226+0000] {processor.py:186} INFO - Started process (PID=8312) to work on /home/airflow/.local/lib/python3.12/site-packages/airflow/example_dags/example_sensors.py
[2026-07-29T16:54:09.227+0000] {processor.py:914} INFO - Processing file /home/airflow/.local/lib/python3.12/site-packages/airflow/example_dags/example_sensors.py for tasks to queue
[2026-07-29T16:54:09.228+0000] {logging_mixin.py:190} INFO - [2026-07-29T16:54:09.228+0000] {dagbag.py:587} INFO - Filling up the DagBag from /home/airflow/.local/lib/python3.12/site-packages/airflow/example_dags/example_sensors.py
[2026-07-29T16:54:09.233+0000] {processor.py:925} INFO - DAG(s) 'example_sensors' retrieved from /home/airflow/.local/lib/python3.12/site-packages/airflow/example_dags/example_sensors.py
[2026-07-29T16:54:09.245+0000] {logging_mixin.py:190} INFO - [2026-07-29T16:54:09.245+0000] {dag.py:3211} INFO - Sync 1 DAGs
[2026-07-29T16:54:09.253+0000] {logging_mixin.py:190} INFO - [2026-07-29T16:54:09.252+0000] {dag.py:4138} INFO - Setting next_dagrun for example_sensors to None, run_after=None
[2026-07-29T16:54:09.264+0000] {processor.py:208} INFO - Processing /home/airflow/.local/lib/python3.12/site-packages/airflow/example_dags/example_sensors.py took 0.040 seconds
[2026-07-29T16:54:39.536+0000] {processor.py:186} INFO - Started process (PID=8378) to work on /home/airflow/.local/lib/python3.12/site-packages/airflow/example_dags/example_sensors.py
[2026-07-29T16:54:39.536+0000] {processor.py:914} INFO - Processing file /home/airflow/.local/lib/python3.12/site-packages/airflow/example_dags/example_sensors.py for tasks to queue
[2026-07-29T16:54:39.537+0000] {logging_mixin.py:190} INFO - [2026-07-29T16:54:39.537+0000] {dagbag.py:587} INFO - Filling up the DagBag from /home/airflow/.local/lib/python3.12/site-packages/airflow/example_dags/example_sensors.py
[2026-07-29T16:54:39.542+0000] {processor.py:925} INFO - DAG(s) 'example_sensors' retrieved from /home/airflow/.local/lib/python3.12/site-packages/airflow/example_dags/example_sensors.py
[2026-07-29T16:54:39.560+0000] {logging_mixin.py:190} INFO - [2026-07-29T16:54:39.559+0000] {dag.py:3211} INFO - Sync 1 DAGs
[2026-07-29T16:54:39.567+0000] {logging_mixin.py:190} INFO - [2026-07-29T16:54:39.567+0000] {dag.py:4138} INFO - Setting next_dagrun for example_sensors to None, run_after=None
[2026-07-29T16:54:39.579+0000] {processor.py:208} INFO - Processing /home/airflow/.local/lib/python3.12/site-packages/airflow/example_dags/example_sensors.py took 0.046 seconds
[2026-07-29T16:55:09.878+0000] {processor.py:186} INFO - Started process (PID=8444) to work on /home/airflow/.local/lib/python3.12/site-packages/airflow/example_dags/example_sensors.py
[2026-07-29T16:55:09.879+0000] {processor.py:914} INFO - Processing file /home/airflow/.local/lib/python3.12/site-packages/airflow/example_dags/example_sensors.py for tasks to queue
[2026-07-29T16:55:09.881+0000] {logging_mixin.py:190} INFO - [2026-07-29T16:55:09.881+0000] {dagbag.py:587} INFO - Filling up the DagBag from /home/airflow/.local/lib/python3.12/site-packages/airflow/example_dags/example_sensors.py
[2026-07-29T16:55:09.889+0000] {processor.py:925} INFO - DAG(s) 'example_sensors' retrieved from /home/airflow/.local/lib/python3.12/site-packages/airflow/example_dags/example_sensors.py
[2026-07-29T16:55:09.903+0000] {logging_mixin.py:190} INFO - [2026-07-29T16:55:09.903+0000] {dag.py:3211} INFO - Sync 1 DAGs
[2026-07-29T16:55:09.910+0000] {logging_mixin.py:190} INFO - [2026-07-29T16:55:09.910+0000] {dag.py:4138} INFO - Setting next_dagrun for example_sensors to None, run_after=None
[2026-07-29T16:55:09.919+0000] {processor.py:208} INFO - Processing /home/airflow/.local/lib/python3.12/site-packages/airflow/example_dags/example_sensors.py took 0.044 seconds
[2026-07-29T16:55:40.019+0000] {processor.py:186} INFO - Started process (PID=8509) to work on /home/airflow/.local/lib/python3.12/site-packages/airflow/example_dags/example_sensors.py
[2026-07-29T16:55:40.020+0000] {processor.py:914} INFO - Processing file /home/airflow/.local/lib/python3.12/site-packages/airflow/example_dags/example_sensors.py for tasks to queue
[2026-07-29T16:55:40.024+0000] {logging_mixin.py:190} INFO - [2026-07-29T16:55:40.023+0000] {dagbag.py:587} INFO - Filling up the DagBag from /home/airflow/.local/lib/python3.12/site-packages/airflow/example_dags/example_sensors.py
[2026-07-29T16:55:40.030+0000] {processor.py:925} INFO - DAG(s) 'example_sensors' retrieved from /home/airflow/.local/lib/python3.12/site-packages/airflow/example_dags/example_sensors.py
[2026-07-29T16:55:40.044+0000] {logging_mixin.py:190} INFO - [2026-07-29T16:55:40.044+0000] {dag.py:3211} INFO - Sync 1 DAGs
[2026-07-29T16:55:40.053+0000] {logging_mixin.py:190} INFO - [2026-07-29T16:55:40.053+0000] {dag.py:4138} INFO - Setting next_dagrun for example_sensors to None, run_after=None
[2026-07-29T16:55:40.059+0000] {processor.py:208} INFO - Processing /home/airflow/.local/lib/python3.12/site-packages/airflow/example_dags/example_sensors.py took 0.044 seconds
[2026-07-29T16:56:10.186+0000] {processor.py:186} INFO - Started process (PID=8575) to work on /home/airflow/.local/lib/python3.12/site-packages/airflow/example_dags/example_sensors.py
[2026-07-29T16:56:10.187+0000] {processor.py:914} INFO - Processing file /home/airflow/.local/lib/python3.12/site-packages/airflow/example_dags/example_sensors.py for tasks to queue
[2026-07-29T16:56:10.188+0000] {logging_mixin.py:190} INFO - [2026-07-29T16:56:10.188+0000] {dagbag.py:587} INFO - Filling up the DagBag from /home/airflow/.local/lib/python3.12/site-packages/airflow/example_dags/example_sensors.py
[2026-07-29T16:56:10.194+0000] {processor.py:925} INFO - DAG(s) 'example_sensors' retrieved from /home/airflow/.local/lib/python3.12/site-packages/airflow/example_dags/example_sensors.py
[2026-07-29T16:56:10.205+0000] {logging_mixin.py:190} INFO - [2026-07-29T16:56:10.205+0000] {dag.py:3211} INFO - Sync 1 DAGs
[2026-07-29T16:56:10.214+0000] {logging_mixin.py:190} INFO - [2026-07-29T16:56:10.214+0000] {dag.py:4138} INFO - Setting next_dagrun for example_sensors to None, run_after=None
[2026-07-29T16:56:10.221+0000] {processor.py:208} INFO - Processing /home/airflow/.local/lib/python3.12/site-packages/airflow/example_dags/example_sensors.py took 0.038 seconds
[2026-07-29T16:56:40.317+0000] {processor.py:186} INFO - Started process (PID=8641) to work on /home/airflow/.local/lib/python3.12/site-packages/airflow/example_dags/example_sensors.py
[2026-07-29T16:56:40.317+0000] {processor.py:914} INFO - Processing file /home/airflow/.local/lib/python3.12/site-packages/airflow/example_dags/example_sensors.py for tasks to queue
[2026-07-29T16:56:40.318+0000] {logging_mixin.py:190} INFO - [2026-07-29T16:56:40.318+0000] {dagbag.py:587} INFO - Filling up the DagBag from /home/airflow/.local/lib/python3.12/site-packages/airflow/example_dags/example_sensors.py
[2026-07-29T16:56:40.323+0000] {processor.py:925} INFO - DAG(s) 'example_sensors' retrieved from /home/airflow/.local/lib/python3.12/site-packages/airflow/example_dags/example_sensors.py
[2026-07-29T16:56:40.332+0000] {logging_mixin.py:190} INFO - [2026-07-29T16:56:40.332+0000] {dag.py:3211} INFO - Sync 1 DAGs
[2026-07-29T16:56:40.337+0000] {logging_mixin.py:190} INFO - [2026-07-29T16:56:40.337+0000] {dag.py:4138} INFO - Setting next_dagrun for example_sensors to None, run_after=None
[2026-07-29T16:56:40.343+0000] {processor.py:208} INFO - Processing /home/airflow/.local/lib/python3.12/site-packages/airflow/example_dags/example_sensors.py took 0.029 seconds
[2026-07-29T16:57:10.420+0000] {processor.py:186} INFO - Started process (PID=8706) to work on /home/airflow/.local/lib/python3.12/site-packages/airflow/example_dags/example_sensors.py
[2026-07-29T16:57:10.421+0000] {processor.py:914} INFO - Processing file /home/airflow/.local/lib/python3.12/site-packages/airflow/example_dags/example_sensors.py for tasks to queue
[2026-07-29T16:57:10.422+0000] {logging_mixin.py:190} INFO - [2026-07-29T16:57:10.421+0000] {dagbag.py:587} INFO - Filling up the DagBag from /home/airflow/.local/lib/python3.12/site-packages/airflow/example_dags/example_sensors.py
[2026-07-29T16:57:10.426+0000] {processor.py:925} INFO - DAG(s) 'example_sensors' retrieved from /home/airflow/.local/lib/python3.12/site-packages/airflow/example_dags/example_sensors.py
[2026-07-29T16:57:10.435+0000] {logging_mixin.py:190} INFO - [2026-07-29T16:57:10.435+0000] {dag.py:3211} INFO - Sync 1 DAGs
[2026-07-29T16:57:10.440+0000] {logging_mixin.py:190} INFO - [2026-07-29T16:57:10.440+0000] {dag.py:4138} INFO - Setting next_dagrun for example_sensors to None, run_after=None
[2026-07-29T16:57:10.445+0000] {processor.py:208} INFO - Processing /home/airflow/.local/lib/python3.12/site-packages/airflow/example_dags/example_sensors.py took 0.028 seconds
[2026-07-29T16:57:40.739+0000] {processor.py:186} INFO - Started process (PID=8772) to work on /home/airflow/.local/lib/python3.12/site-packages/airflow/example_dags/example_sensors.py
[2026-07-29T16:57:40.739+0000] {processor.py:914} INFO - Processing file /home/airflow/.local/lib/python3.12/site-packages/airflow/example_dags/example_sensors.py for tasks to queue
[2026-07-29T16:57:40.741+0000] {logging_mixin.py:190} INFO - [2026-07-29T16:57:40.741+0000] {dagbag.py:587} INFO - Filling up the DagBag from /home/airflow/.local/lib/python3.12/site-packages/airflow/example_dags/example_sensors.py
[2026-07-29T16:57:40.746+0000] {processor.py:925} INFO - DAG(s) 'example_sensors' retrieved from /home/airflow/.local/lib/python3.12/site-packages/airflow/example_dags/example_sensors.py
[2026-07-29T16:57:40.756+0000] {logging_mixin.py:190} INFO - [2026-07-29T16:57:40.756+0000] {dag.py:3211} INFO - Sync 1 DAGs
[2026-07-29T16:57:40.761+0000] {logging_mixin.py:190} INFO - [2026-07-29T16:57:40.761+0000] {dag.py:4138} INFO - Setting next_dagrun for example_sensors to None, run_after=None
[2026-07-29T16:57:40.772+0000] {processor.py:208} INFO - Processing /home/airflow/.local/lib/python3.12/site-packages/airflow/example_dags/example_sensors.py took 0.036 seconds
[2026-07-29T16:58:10.935+0000] {processor.py:186} INFO - Started process (PID=8838) to work on /home/airflow/.local/lib/python3.12/site-packages/airflow/example_dags/example_sensors.py
[2026-07-29T16:58:10.936+0000] {processor.py:914} INFO - Processing file /home/airflow/.local/lib/python3.12/site-packages/airflow/example_dags/example_sensors.py for tasks to queue
[2026-07-29T16:58:10.937+0000] {logging_mixin.py:190} INFO - [2026-07-29T16:58:10.937+0000] {dagbag.py:587} INFO - Filling up the DagBag from /home/airflow/.local/lib/python3.12/site-packages/airflow/example_dags/example_sensors.py
[2026-07-29T16:58:10.942+0000] {processor.py:925} INFO - DAG(s) 'example_sensors' retrieved from /home/airflow/.local/lib/python3.12/site-packages/airflow/example_dags/example_sensors.py
[2026-07-29T16:58:10.954+0000] {logging_mixin.py:190} INFO - [2026-07-29T16:58:10.954+0000] {dag.py:3211} INFO - Sync 1 DAGs
[2026-07-29T16:58:10.960+0000] {logging_mixin.py:190} INFO - [2026-07-29T16:58:10.960+0000] {dag.py:4138} INFO - Setting next_dagrun for example_sensors to None, run_after=None
[2026-07-29T16:58:10.970+0000] {processor.py:208} INFO - Processing /home/airflow/.local/lib/python3.12/site-packages/airflow/example_dags/example_sensors.py took 0.037 seconds
[2026-07-29T16:58:41.055+0000] {processor.py:186} INFO - Started process (PID=8904) to work on /home/airflow/.local/lib/python3.12/site-packages/airflow/example_dags/example_sensors.py
[2026-07-29T16:58:41.056+0000] {processor.py:914} INFO - Processing file /home/airflow/.local/lib/python3.12/site-packages/airflow/example_dags/example_sensors.py for tasks to queue
[2026-07-29T16:58:41.058+0000] {logging_mixin.py:190} INFO - [2026-07-29T16:58:41.058+0000] {dagbag.py:587} INFO - Filling up the DagBag from /home/airflow/.local/lib/python3.12/site-packages/airflow/example_dags/example_sensors.py
[2026-07-29T16:58:41.063+0000] {processor.py:925} INFO - DAG(s) 'example_sensors' retrieved from /home/airflow/.local/lib/python3.12/site-packages/airflow/example_dags/example_sensors.py
[2026-07-29T16:58:41.079+0000] {logging_mixin.py:190} INFO - [2026-07-29T16:58:41.079+0000] {dag.py:3211} INFO - Sync 1 DAGs
[2026-07-29T16:58:41.085+0000] {logging_mixin.py:190} INFO - [2026-07-29T16:58:41.085+0000] {dag.py:4138} INFO - Setting next_dagrun for example_sensors to None, run_after=None
[2026-07-29T16:58:41.094+0000] {processor.py:208} INFO - Processing /home/airflow/.local/lib/python3.12/site-packages/airflow/example_dags/example_sensors.py took 0.042 seconds
[2026-07-29T16:59:12.031+0000] {processor.py:186} INFO - Started process (PID=8970) to work on /home/airflow/.local/lib/python3.12/site-packages/airflow/example_dags/example_sensors.py
[2026-07-29T16:59:12.031+0000] {processor.py:914} INFO - Processing file /home/airflow/.local/lib/python3.12/site-packages/airflow/example_dags/example_sensors.py for tasks to queue
[2026-07-29T16:59:12.032+0000] {logging_mixin.py:190} INFO - [2026-07-29T16:59:12.032+0000] {dagbag.py:587} INFO - Filling up the DagBag from /home/airflow/.local/lib/python3.12/site-packages/airflow/example_dags/example_sensors.py
[2026-07-29T16:59:12.037+0000] {processor.py:925} INFO - DAG(s) 'example_sensors' retrieved from /home/airflow/.local/lib/python3.12/site-packages/airflow/example_dags/example_sensors.py
[2026-07-29T16:59:12.047+0000] {logging_mixin.py:190} INFO - [2026-07-29T16:59:12.047+0000] {dag.py:3211} INFO - Sync 1 DAGs
[2026-07-29T16:59:12.055+0000] {logging_mixin.py:190} INFO - [2026-07-29T16:59:12.055+0000] {dag.py:4138} INFO - Setting next_dagrun for example_sensors to None, run_after=None
[2026-07-29T16:59:12.064+0000] {processor.py:208} INFO - Processing /home/airflow/.local/lib/python3.12/site-packages/airflow/example_dags/example_sensors.py took 0.036 seconds
[2026-07-29T16:59:42.933+0000] {processor.py:186} INFO - Started process (PID=9036) to work on /home/airflow/.local/lib/python3.12/site-packages/airflow/example_dags/example_sensors.py
[2026-07-29T16:59:42.934+0000] {processor.py:914} INFO - Processing file /home/airflow/.local/lib/python3.12/site-packages/airflow/example_dags/example_sensors.py for tasks to queue
[2026-07-29T16:59:42.935+0000] {logging_mixin.py:190} INFO - [2026-07-29T16:59:42.935+0000] {dagbag.py:587} INFO - Filling up the DagBag from /home/airflow/.local/lib/python3.12/site-packages/airflow/example_dags/example_sensors.py
[2026-07-29T16:59:42.939+0000] {processor.py:925} INFO - DAG(s) 'example_sensors' retrieved from /home/airflow/.local/lib/python3.12/site-packages/airflow/example_dags/example_sensors.py
[2026-07-29T16:59:42.948+0000] {logging_mixin.py:190} INFO - [2026-07-29T16:59:42.948+0000] {dag.py:3211} INFO - Sync 1 DAGs
[2026-07-29T16:59:42.953+0000] {logging_mixin.py:190} INFO - [2026-07-29T16:59:42.953+0000] {dag.py:4138} INFO - Setting next_dagrun for example_sensors to None, run_after=None
[2026-07-29T16:59:42.958+0000] {processor.py:208} INFO - Processing /home/airflow/.local/lib/python3.12/site-packages/airflow/example_dags/example_sensors.py took 0.027 seconds
[2026-07-29T17:00:13.970+0000] {processor.py:186} INFO - Started process (PID=9102) to work on /home/airflow/.local/lib/python3.12/site-packages/airflow/example_dags/example_sensors.py
[2026-07-29T17:00:13.971+0000] {processor.py:914} INFO - Processing file /home/airflow/.local/lib/python3.12/site-packages/airflow/example_dags/example_sensors.py for tasks to queue
[2026-07-29T17:00:13.974+0000] {logging_mixin.py:190} INFO - [2026-07-29T17:00:13.974+0000] {dagbag.py:587} INFO - Filling up the DagBag from /home/airflow/.local/lib/python3.12/site-packages/airflow/example_dags/example_sensors.py
[2026-07-29T17:00:13.980+0000] {processor.py:925} INFO - DAG(s) 'example_sensors' retrieved from /home/airflow/.local/lib/python3.12/site-packages/airflow/example_dags/example_sensors.py
[2026-07-29T17:00:14.000+0000] {logging_mixin.py:190} INFO - [2026-07-29T17:00:14.000+0000] {dag.py:3211} INFO - Sync 1 DAGs
[2026-07-29T17:00:14.007+0000] {logging_mixin.py:190} INFO - [2026-07-29T17:00:14.006+0000] {dag.py:4138} INFO - Setting next_dagrun for example_sensors to None, run_after=None
[2026-07-29T17:00:14.014+0000] {processor.py:208} INFO - Processing /home/airflow/.local/lib/python3.12/site-packages/airflow/example_dags/example_sensors.py took 0.046 seconds
[2026-07-29T17:00:44.087+0000] {processor.py:186} INFO - Started process (PID=9168) to work on /home/airflow/.local/lib/python3.12/site-packages/airflow/example_dags/example_sensors.py
[2026-07-29T17:00:44.088+0000] {processor.py:914} INFO - Processing file /home/airflow/.local/lib/python3.12/site-packages/airflow/example_dags/example_sensors.py for tasks to queue
[2026-07-29T17:00:44.090+0000] {logging_mixin.py:190} INFO - [2026-07-29T17:00:44.089+0000] {dagbag.py:587} INFO - Filling up the DagBag from /home/airflow/.local/lib/python3.12/site-packages/airflow/example_dags/example_sensors.py
[2026-07-29T17:00:44.095+0000] {processor.py:925} INFO - DAG(s) 'example_sensors' retrieved from /home/airflow/.local/lib/python3.12/site-packages/airflow/example_dags/example_sensors.py
[2026-07-29T17:00:44.106+0000] {logging_mixin.py:190} INFO - [2026-07-29T17:00:44.106+0000] {dag.py:3211} INFO - Sync 1 DAGs
[2026-07-29T17:00:44.111+0000] {logging_mixin.py:190} INFO - [2026-07-29T17:00:44.111+0000] {dag.py:4138} INFO - Setting next_dagrun for example_sensors to None, run_after=None
[2026-07-29T17:00:44.120+0000] {processor.py:208} INFO - Processing /home/airflow/.local/lib/python3.12/site-packages/airflow/example_dags/example_sensors.py took 0.036 seconds
[2026-07-29T17:01:14.187+0000] {processor.py:186} INFO - Started process (PID=9234) to work on /home/airflow/.local/lib/python3.12/site-packages/airflow/example_dags/example_sensors.py
[2026-07-29T17:01:14.187+0000] {processor.py:914} INFO - Processing file /home/airflow/.local/lib/python3.12/site-packages/airflow/example_dags/example_sensors.py for tasks to queue
[2026-07-29T17:01:14.189+0000] {logging_mixin.py:190} INFO - [2026-07-29T17:01:14.189+0000] {dagbag.py:587} INFO - Filling up the DagBag from /home/airflow/.local/lib/python3.12/site-packages/airflow/example_dags/example_sensors.py
[2026-07-29T17:01:14.194+0000] {processor.py:925} INFO - DAG(s) 'example_sensors' retrieved from /home/airflow/.local/lib/python3.12/site-packages/airflow/example_dags/example_sensors.py
[2026-07-29T17:01:14.206+0000] {logging_mixin.py:190} INFO - [2026-07-29T17:01:14.205+0000] {dag.py:3211} INFO - Sync 1 DAGs
[2026-07-29T17:01:14.212+0000] {logging_mixin.py:190} INFO - [2026-07-29T17:01:14.212+0000] {dag.py:4138} INFO - Setting next_dagrun for example_sensors to None, run_after=None
[2026-07-29T17:01:14.223+0000] {processor.py:208} INFO - Processing /home/airflow/.local/lib/python3.12/site-packages/airflow/example_dags/example_sensors.py took 0.040 seconds
[2026-07-29T17:01:44.354+0000] {processor.py:186} INFO - Started process (PID=9300) to work on /home/airflow/.local/lib/python3.12/site-packages/airflow/example_dags/example_sensors.py
[2026-07-29T17:01:44.354+0000] {processor.py:914} INFO - Processing file /home/airflow/.local/lib/python3.12/site-packages/airflow/example_dags/example_sensors.py for tasks to queue
[2026-07-29T17:01:44.356+0000] {logging_mixin.py:190} INFO - [2026-07-29T17:01:44.356+0000] {dagbag.py:587} INFO - Filling up the DagBag from /home/airflow/.local/lib/python3.12/site-packages/airflow/example_dags/example_sensors.py
[2026-07-29T17:01:44.361+0000] {processor.py:925} INFO - DAG(s) 'example_sensors' retrieved from /home/airflow/.local/lib/python3.12/site-packages/airflow/example_dags/example_sensors.py
[2026-07-29T17:01:44.371+0000] {logging_mixin.py:190} INFO - [2026-07-29T17:01:44.370+0000] {dag.py:3211} INFO - Sync 1 DAGs
[2026-07-29T17:01:44.378+0000] {logging_mixin.py:190} INFO - [2026-07-29T17:01:44.378+0000] {dag.py:4138} INFO - Setting next_dagrun for example_sensors to None, run_after=None
[2026-07-29T17:01:44.390+0000] {processor.py:208} INFO - Processing /home/airflow/.local/lib/python3.12/site-packages/airflow/example_dags/example_sensors.py took 0.039 seconds
[2026-07-29T17:02:15.375+0000] {processor.py:186} INFO - Started process (PID=9366) to work on /home/airflow/.local/lib/python3.12/site-packages/airflow/example_dags/example_sensors.py
[2026-07-29T17:02:15.376+0000] {processor.py:914} INFO - Processing file /home/airflow/.local/lib/python3.12/site-packages/airflow/example_dags/example_sensors.py for tasks to queue
[2026-07-29T17:02:15.377+0000] {logging_mixin.py:190} INFO - [2026-07-29T17:02:15.377+0000] {dagbag.py:587} INFO - Filling up the DagBag from /home/airflow/.local/lib/python3.12/site-packages/airflow/example_dags/example_sensors.py
[2026-07-29T17:02:15.383+0000] {processor.py:925} INFO - DAG(s) 'example_sensors' retrieved from /home/airflow/.local/lib/python3.12/site-packages/airflow/example_dags/example_sensors.py
[2026-07-29T17:02:15.397+0000] {logging_mixin.py:190} INFO - [2026-07-29T17:02:15.397+0000] {dag.py:3211} INFO - Sync 1 DAGs
[2026-07-29T17:02:15.404+0000] {logging_mixin.py:190} INFO - [2026-07-29T17:02:15.404+0000] {dag.py:4138} INFO - Setting next_dagrun for example_sensors to None, run_after=None
[2026-07-29T17:02:15.411+0000] {processor.py:208} INFO - Processing /home/airflow/.local/lib/python3.12/site-packages/airflow/example_dags/example_sensors.py took 0.039 seconds
[2026-07-29T17:02:46.425+0000] {processor.py:186} INFO - Started process (PID=9432) to work on /home/airflow/.local/lib/python3.12/site-packages/airflow/example_dags/example_sensors.py
[2026-07-29T17:02:46.426+0000] {processor.py:914} INFO - Processing file /home/airflow/.local/lib/python3.12/site-packages/airflow/example_dags/example_sensors.py for tasks to queue
[2026-07-29T17:02:46.427+0000] {logging_mixin.py:190} INFO - [2026-07-29T17:02:46.426+0000] {dagbag.py:587} INFO - Filling up the DagBag from /home/airflow/.local/lib/python3.12/site-packages/airflow/example_dags/example_sensors.py
[2026-07-29T17:02:46.431+0000] {processor.py:925} INFO - DAG(s) 'example_sensors' retrieved from /home/airflow/.local/lib/python3.12/site-packages/airflow/example_dags/example_sensors.py
[2026-07-29T17:02:46.444+0000] {logging_mixin.py:190} INFO - [2026-07-29T17:02:46.444+0000] {dag.py:3211} INFO - Sync 1 DAGs
[2026-07-29T17:02:46.450+0000] {logging_mixin.py:190} INFO - [2026-07-29T17:02:46.450+0000] {dag.py:4138} INFO - Setting next_dagrun for example_sensors to None, run_after=None
[2026-07-29T17:02:46.462+0000] {processor.py:208} INFO - Processing /home/airflow/.local/lib/python3.12/site-packages/airflow/example_dags/example_sensors.py took 0.040 seconds
[2026-07-29T17:03:17.394+0000] {processor.py:186} INFO - Started process (PID=9498) to work on /home/airflow/.local/lib/python3.12/site-packages/airflow/example_dags/example_sensors.py
[2026-07-29T17:03:17.394+0000] {processor.py:914} INFO - Processing file /home/airflow/.local/lib/python3.12/site-packages/airflow/example_dags/example_sensors.py for tasks to queue
[2026-07-29T17:03:17.395+0000] {logging_mixin.py:190} INFO - [2026-07-29T17:03:17.395+0000] {dagbag.py:587} INFO - Filling up the DagBag from /home/airflow/.local/lib/python3.12/site-packages/airflow/example_dags/example_sensors.py
[2026-07-29T17:03:17.400+0000] {processor.py:925} INFO - DAG(s) 'example_sensors' retrieved from /home/airflow/.local/lib/python3.12/site-packages/airflow/example_dags/example_sensors.py
[2026-07-29T17:03:17.420+0000] {logging_mixin.py:190} INFO - [2026-07-29T17:03:17.420+0000] {dag.py:3211} INFO - Sync 1 DAGs
[2026-07-29T17:03:17.426+0000] {logging_mixin.py:190} INFO - [2026-07-29T17:03:17.426+0000] {dag.py:4138} INFO - Setting next_dagrun for example_sensors to None, run_after=None
[2026-07-29T17:03:17.434+0000] {processor.py:208} INFO - Processing /home/airflow/.local/lib/python3.12/site-packages/airflow/example_dags/example_sensors.py took 0.044 seconds
[2026-07-29T17:03:53.896+0000] {processor.py:186} INFO - Started process (PID=9570) to work on /home/airflow/.local/lib/python3.12/site-packages/airflow/example_dags/example_sensors.py
[2026-07-29T17:03:53.897+0000] {processor.py:914} INFO - Processing file /home/airflow/.local/lib/python3.12/site-packages/airflow/example_dags/example_sensors.py for tasks to queue
[2026-07-29T17:03:53.898+0000] {logging_mixin.py:190} INFO - [2026-07-29T17:03:53.898+0000] {dagbag.py:587} INFO - Filling up the DagBag from /home/airflow/.local/lib/python3.12/site-packages/airflow/example_dags/example_sensors.py
[2026-07-29T17:03:53.903+0000] {processor.py:925} INFO - DAG(s) 'example_sensors' retrieved from /home/airflow/.local/lib/python3.12/site-packages/airflow/example_dags/example_sensors.py
[2026-07-29T17:03:53.921+0000] {logging_mixin.py:190} INFO - [2026-07-29T17:03:53.921+0000] {dag.py:3211} INFO - Sync 1 DAGs
[2026-07-29T17:03:53.929+0000] {logging_mixin.py:190} INFO - [2026-07-29T17:03:53.928+0000] {dag.py:4138} INFO - Setting next_dagrun for example_sensors to None, run_after=None
[2026-07-29T17:03:53.935+0000] {processor.py:208} INFO - Processing /home/airflow/.local/lib/python3.12/site-packages/airflow/example_dags/example_sensors.py took 0.041 seconds
[2026-07-29T17:04:24.076+0000] {processor.py:186} INFO - Started process (PID=9636) to work on /home/airflow/.local/lib/python3.12/site-packages/airflow/example_dags/example_sensors.py
[2026-07-29T17:04:24.077+0000] {processor.py:914} INFO - Processing file /home/airflow/.local/lib/python3.12/site-packages/airflow/example_dags/example_sensors.py for tasks to queue
[2026-07-29T17:04:24.078+0000] {logging_mixin.py:190} INFO - [2026-07-29T17:04:24.078+0000] {dagbag.py:587} INFO - Filling up the DagBag from /home/airflow/.local/lib/python3.12/site-packages/airflow/example_dags/example_sensors.py
[2026-07-29T17:04:24.084+0000] {processor.py:925} INFO - DAG(s) 'example_sensors' retrieved from /home/airflow/.local/lib/python3.12/site-packages/airflow/example_dags/example_sensors.py
[2026-07-29T17:04:24.101+0000] {logging_mixin.py:190} INFO - [2026-07-29T17:04:24.101+0000] {dag.py:3211} INFO - Sync 1 DAGs
[2026-07-29T17:04:24.108+0000] {logging_mixin.py:190} INFO - [2026-07-29T17:04:24.108+0000] {dag.py:4138} INFO - Setting next_dagrun for example_sensors to None, run_after=None
[2026-07-29T17:04:24.117+0000] {processor.py:208} INFO - Processing /home/airflow/.local/lib/python3.12/site-packages/airflow/example_dags/example_sensors.py took 0.044 seconds
[2026-07-29T17:04:54.248+0000] {processor.py:186} INFO - Started process (PID=9702) to work on /home/airflow/.local/lib/python3.12/site-packages/airflow/example_dags/example_sensors.py
[2026-07-29T17:04:54.249+0000] {processor.py:914} INFO - Processing file /home/airflow/.local/lib/python3.12/site-packages/airflow/example_dags/example_sensors.py for tasks to queue
[2026-07-29T17:04:54.250+0000] {logging_mixin.py:190} INFO - [2026-07-29T17:04:54.249+0000] {dagbag.py:587} INFO - Filling up the DagBag from /home/airflow/.local/lib/python3.12/site-packages/airflow/example_dags/example_sensors.py
[2026-07-29T17:04:54.254+0000] {processor.py:925} INFO - DAG(s) 'example_sensors' retrieved from /home/airflow/.local/lib/python3.12/site-packages/airflow/example_dags/example_sensors.py
[2026-07-29T17:04:54.267+0000] {logging_mixin.py:190} INFO - [2026-07-29T17:04:54.267+0000] {dag.py:3211} INFO - Sync 1 DAGs
[2026-07-29T17:04:54.272+0000] {logging_mixin.py:190} INFO - [2026-07-29T17:04:54.272+0000] {dag.py:4138} INFO - Setting next_dagrun for example_sensors to None, run_after=None
[2026-07-29T17:04:54.283+0000] {processor.py:208} INFO - Processing /home/airflow/.local/lib/python3.12/site-packages/airflow/example_dags/example_sensors.py took 0.037 seconds
[2026-07-29T17:05:25.298+0000] {processor.py:186} INFO - Started process (PID=9768) to work on /home/airflow/.local/lib/python3.12/site-packages/airflow/example_dags/example_sensors.py
[2026-07-29T17:05:25.299+0000] {processor.py:914} INFO - Processing file /home/airflow/.local/lib/python3.12/site-packages/airflow/example_dags/example_sensors.py for tasks to queue
[2026-07-29T17:05:25.300+0000] {logging_mixin.py:190} INFO - [2026-07-29T17:05:25.300+0000] {dagbag.py:587} INFO - Filling up the DagBag from /home/airflow/.local/lib/python3.12/site-packages/airflow/example_dags/example_sensors.py
[2026-07-29T17:05:25.304+0000] {processor.py:925} INFO - DAG(s) 'example_sensors' retrieved from /home/airflow/.local/lib/python3.12/site-packages/airflow/example_dags/example_sensors.py
[2026-07-29T17:05:25.314+0000] {logging_mixin.py:190} INFO - [2026-07-29T17:05:25.314+0000] {dag.py:3211} INFO - Sync 1 DAGs
[2026-07-29T17:05:25.319+0000] {logging_mixin.py:190} INFO - [2026-07-29T17:05:25.319+0000] {dag.py:4138} INFO - Setting next_dagrun for example_sensors to None, run_after=None
[2026-07-29T17:05:25.325+0000] {processor.py:208} INFO - Processing /home/airflow/.local/lib/python3.12/site-packages/airflow/example_dags/example_sensors.py took 0.030 seconds
[2026-07-29T17:05:56.298+0000] {processor.py:186} INFO - Started process (PID=9834) to work on /home/airflow/.local/lib/python3.12/site-packages/airflow/example_dags/example_sensors.py
[2026-07-29T17:05:56.299+0000] {processor.py:914} INFO - Processing file /home/airflow/.local/lib/python3.12/site-packages/airflow/example_dags/example_sensors.py for tasks to queue
[2026-07-29T17:05:56.300+0000] {logging_mixin.py:190} INFO - [2026-07-29T17:05:56.300+0000] {dagbag.py:587} INFO - Filling up the DagBag from /home/airflow/.local/lib/python3.12/site-packages/airflow/example_dags/example_sensors.py
[2026-07-29T17:05:56.305+0000] {processor.py:925} INFO - DAG(s) 'example_sensors' retrieved from /home/airflow/.local/lib/python3.12/site-packages/airflow/example_dags/example_sensors.py
[2026-07-29T17:05:56.316+0000] {logging_mixin.py:190} INFO - [2026-07-29T17:05:56.316+0000] {dag.py:3211} INFO - Sync 1 DAGs
[2026-07-29T17:05:56.322+0000] {logging_mixin.py:190} INFO - [2026-07-29T17:05:56.322+0000] {dag.py:4138} INFO - Setting next_dagrun for example_sensors to None, run_after=None
[2026-07-29T17:05:56.328+0000] {processor.py:208} INFO - Processing /home/airflow/.local/lib/python3.12/site-packages/airflow/example_dags/example_sensors.py took 0.032 seconds
[2026-07-29T17:06:27.150+0000] {processor.py:186} INFO - Started process (PID=9900) to work on /home/airflow/.local/lib/python3.12/site-packages/airflow/example_dags/example_sensors.py
[2026-07-29T17:06:27.152+0000] {processor.py:914} INFO - Processing file /home/airflow/.local/lib/python3.12/site-packages/airflow/example_dags/example_sensors.py for tasks to queue
[2026-07-29T17:06:27.153+0000] {logging_mixin.py:190} INFO - [2026-07-29T17:06:27.153+0000] {dagbag.py:587} INFO - Filling up the DagBag from /home/airflow/.local/lib/python3.12/site-packages/airflow/example_dags/example_sensors.py
[2026-07-29T17:06:27.157+0000] {processor.py:925} INFO - DAG(s) 'example_sensors' retrieved from /home/airflow/.local/lib/python3.12/site-packages/airflow/example_dags/example_sensors.py
[2026-07-29T17:06:27.174+0000] {logging_mixin.py:190} INFO - [2026-07-29T17:06:27.174+0000] {dag.py:3211} INFO - Sync 1 DAGs
[2026-07-29T17:06:27.182+0000] {logging_mixin.py:190} INFO - [2026-07-29T17:06:27.182+0000] {dag.py:4138} INFO - Setting next_dagrun for example_sensors to None, run_after=None
[2026-07-29T17:06:27.191+0000] {processor.py:208} INFO - Processing /home/airflow/.local/lib/python3.12/site-packages/airflow/example_dags/example_sensors.py took 0.044 seconds
[2026-07-29T17:06:57.439+0000] {processor.py:186} INFO - Started process (PID=9966) to work on /home/airflow/.local/lib/python3.12/site-packages/airflow/example_dags/example_sensors.py
[2026-07-29T17:06:57.440+0000] {processor.py:914} INFO - Processing file /home/airflow/.local/lib/python3.12/site-packages/airflow/example_dags/example_sensors.py for tasks to queue
[2026-07-29T17:06:57.441+0000] {logging_mixin.py:190} INFO - [2026-07-29T17:06:57.441+0000] {dagbag.py:587} INFO - Filling up the DagBag from /home/airflow/.local/lib/python3.12/site-packages/airflow/example_dags/example_sensors.py
[2026-07-29T17:06:57.448+0000] {processor.py:925} INFO - DAG(s) 'example_sensors' retrieved from /home/airflow/.local/lib/python3.12/site-packages/airflow/example_dags/example_sensors.py
[2026-07-29T17:06:57.458+0000] {logging_mixin.py:190} INFO - [2026-07-29T17:06:57.458+0000] {dag.py:3211} INFO - Sync 1 DAGs
[2026-07-29T17:06:57.465+0000] {logging_mixin.py:190} INFO - [2026-07-29T17:06:57.465+0000] {dag.py:4138} INFO - Setting next_dagrun for example_sensors to None, run_after=None
[2026-07-29T17:06:57.474+0000] {processor.py:208} INFO - Processing /home/airflow/.local/lib/python3.12/site-packages/airflow/example_dags/example_sensors.py took 0.038 seconds
[2026-07-29T17:07:27.708+0000] {processor.py:186} INFO - Started process (PID=10032) to work on /home/airflow/.local/lib/python3.12/site-packages/airflow/example_dags/example_sensors.py
[2026-07-29T17:07:27.709+0000] {processor.py:914} INFO - Processing file /home/airflow/.local/lib/python3.12/site-packages/airflow/example_dags/example_sensors.py for tasks to queue
[2026-07-29T17:07:27.710+0000] {logging_mixin.py:190} INFO - [2026-07-29T17:07:27.710+0000] {dagbag.py:587} INFO - Filling up the DagBag from /home/airflow/.local/lib/python3.12/site-packages/airflow/example_dags/example_sensors.py
[2026-07-29T17:07:27.715+0000] {processor.py:925} INFO - DAG(s) 'example_sensors' retrieved from /home/airflow/.local/lib/python3.12/site-packages/airflow/example_dags/example_sensors.py
[2026-07-29T17:07:27.726+0000] {logging_mixin.py:190} INFO - [2026-07-29T17:07:27.725+0000] {dag.py:3211} INFO - Sync 1 DAGs
[2026-07-29T17:07:27.731+0000] {logging_mixin.py:190} INFO - [2026-07-29T17:07:27.730+0000] {dag.py:4138} INFO - Setting next_dagrun for example_sensors to None, run_after=None
[2026-07-29T17:07:27.741+0000] {processor.py:208} INFO - Processing /home/airflow/.local/lib/python3.12/site-packages/airflow/example_dags/example_sensors.py took 0.036 seconds
[2026-07-29T17:07:57.881+0000] {processor.py:186} INFO - Started process (PID=10098) to work on /home/airflow/.local/lib/python3.12/site-packages/airflow/example_dags/example_sensors.py
[2026-07-29T17:07:57.881+0000] {processor.py:914} INFO - Processing file /home/airflow/.local/lib/python3.12/site-packages/airflow/example_dags/example_sensors.py for tasks to queue
[2026-07-29T17:07:57.883+0000] {logging_mixin.py:190} INFO - [2026-07-29T17:07:57.883+0000] {dagbag.py:587} INFO - Filling up the DagBag from /home/airflow/.local/lib/python3.12/site-packages/airflow/example_dags/example_sensors.py
[2026-07-29T17:07:57.889+0000] {processor.py:925} INFO - DAG(s) 'example_sensors' retrieved from /home/airflow/.local/lib/python3.12/site-packages/airflow/example_dags/example_sensors.py
[2026-07-29T17:07:57.901+0000] {logging_mixin.py:190} INFO - [2026-07-29T17:07:57.901+0000] {dag.py:3211} INFO - Sync 1 DAGs
[2026-07-29T17:07:57.909+0000] {logging_mixin.py:190} INFO - [2026-07-29T17:07:57.909+0000] {dag.py:4138} INFO - Setting next_dagrun for example_sensors to None, run_after=None
[2026-07-29T17:07:57.921+0000] {processor.py:208} INFO - Processing /home/airflow/.local/lib/python3.12/site-packages/airflow/example_dags/example_sensors.py took 0.043 seconds
[2026-07-29T17:08:28.396+0000] {processor.py:186} INFO - Started process (PID=10164) to work on /home/airflow/.local/lib/python3.12/site-packages/airflow/example_dags/example_sensors.py
[2026-07-29T17:08:28.397+0000] {processor.py:914} INFO - Processing file /home/airflow/.local/lib/python3.12/site-packages/airflow/example_dags/example_sensors.py for tasks to queue
[2026-07-29T17:08:28.398+0000] {logging_mixin.py:190} INFO - [2026-07-29T17:08:28.398+0000] {dagbag.py:587} INFO - Filling up the DagBag from /home/airflow/.local/lib/python3.12/site-packages/airflow/example_dags/example_sensors.py
[2026-07-29T17:08:28.405+0000] {processor.py:925} INFO - DAG(s) 'example_sensors' retrieved from /home/airflow/.local/lib/python3.12/site-packages/airflow/example_dags/example_sensors.py
[2026-07-29T17:08:28.419+0000] {logging_mixin.py:190} INFO - [2026-07-29T17:08:28.419+0000] {dag.py:3211} INFO - Sync 1 DAGs
[2026-07-29T17:08:28.427+0000] {logging_mixin.py:190} INFO - [2026-07-29T17:08:28.427+0000] {dag.py:4138} INFO - Setting next_dagrun for example_sensors to None, run_after=None
[2026-07-29T17:08:28.433+0000] {processor.py:208} INFO - Processing /home/airflow/.local/lib/python3.12/site-packages/airflow/example_dags/example_sensors.py took 0.041 seconds
[2026-07-29T17:08:59.371+0000] {processor.py:186} INFO - Started process (PID=10230) to work on /home/airflow/.local/lib/python3.12/site-packages/airflow/example_dags/example_sensors.py
[2026-07-29T17:08:59.371+0000] {processor.py:914} INFO - Processing file /home/airflow/.local/lib/python3.12/site-packages/airflow/example_dags/example_sensors.py for tasks to queue
[2026-07-29T17:08:59.372+0000] {logging_mixin.py:190} INFO - [2026-07-29T17:08:59.372+0000] {dagbag.py:587} INFO - Filling up the DagBag from /home/airflow/.local/lib/python3.12/site-packages/airflow/example_dags/example_sensors.py
[2026-07-29T17:08:59.378+0000] {processor.py:925} INFO - DAG(s) 'example_sensors' retrieved from /home/airflow/.local/lib/python3.12/site-packages/airflow/example_dags/example_sensors.py
[2026-07-29T17:08:59.396+0000] {logging_mixin.py:190} INFO - [2026-07-29T17:08:59.396+0000] {dag.py:3211} INFO - Sync 1 DAGs
[2026-07-29T17:08:59.403+0000] {logging_mixin.py:190} INFO - [2026-07-29T17:08:59.403+0000] {dag.py:4138} INFO - Setting next_dagrun for example_sensors to None, run_after=None
[2026-07-29T17:08:59.413+0000] {processor.py:208} INFO - Processing /home/airflow/.local/lib/python3.12/site-packages/airflow/example_dags/example_sensors.py took 0.050 seconds
[2026-07-29T17:09:30.094+0000] {processor.py:186} INFO - Started process (PID=10296) to work on /home/airflow/.local/lib/python3.12/site-packages/airflow/example_dags/example_sensors.py
[2026-07-29T17:09:30.095+0000] {processor.py:914} INFO - Processing file /home/airflow/.local/lib/python3.12/site-packages/airflow/example_dags/example_sensors.py for tasks to queue
[2026-07-29T17:09:30.096+0000] {logging_mixin.py:190} INFO - [2026-07-29T17:09:30.096+0000] {dagbag.py:587} INFO - Filling up the DagBag from /home/airflow/.local/lib/python3.12/site-packages/airflow/example_dags/example_sensors.py
[2026-07-29T17:09:30.100+0000] {processor.py:925} INFO - DAG(s) 'example_sensors' retrieved from /home/airflow/.local/lib/python3.12/site-packages/airflow/example_dags/example_sensors.py
[2026-07-29T17:09:30.111+0000] {logging_mixin.py:190} INFO - [2026-07-29T17:09:30.111+0000] {dag.py:3211} INFO - Sync 1 DAGs
[2026-07-29T17:09:30.116+0000] {logging_mixin.py:190} INFO - [2026-07-29T17:09:30.116+0000] {dag.py:4138} INFO - Setting next_dagrun for example_sensors to None, run_after=None
[2026-07-29T17:09:30.122+0000] {processor.py:208} INFO - Processing /home/airflow/.local/lib/python3.12/site-packages/airflow/example_dags/example_sensors.py took 0.031 seconds
[2026-07-29T17:10:00.643+0000] {processor.py:186} INFO - Started process (PID=10362) to work on /home/airflow/.local/lib/python3.12/site-packages/airflow/example_dags/example_sensors.py
[2026-07-29T17:10:00.643+0000] {processor.py:914} INFO - Processing file /home/airflow/.local/lib/python3.12/site-packages/airflow/example_dags/example_sensors.py for tasks to queue
[2026-07-29T17:10:00.645+0000] {logging_mixin.py:190} INFO - [2026-07-29T17:10:00.645+0000] {dagbag.py:587} INFO - Filling up the DagBag from /home/airflow/.local/lib/python3.12/site-packages/airflow/example_dags/example_sensors.py
[2026-07-29T17:10:00.650+0000] {processor.py:925} INFO - DAG(s) 'example_sensors' retrieved from /home/airflow/.local/lib/python3.12/site-packages/airflow/example_dags/example_sensors.py
[2026-07-29T17:10:00.661+0000] {logging_mixin.py:190} INFO - [2026-07-29T17:10:00.661+0000] {dag.py:3211} INFO - Sync 1 DAGs
[2026-07-29T17:10:00.764+0000] {logging_mixin.py:190} INFO - [2026-07-29T17:10:00.764+0000] {dag.py:4138} INFO - Setting next_dagrun for example_sensors to None, run_after=None
[2026-07-29T17:10:00.775+0000] {processor.py:208} INFO - Processing /home/airflow/.local/lib/python3.12/site-packages/airflow/example_dags/example_sensors.py took 0.135 seconds
[2026-07-29T17:10:31.622+0000] {processor.py:186} INFO - Started process (PID=10428) to work on /home/airflow/.local/lib/python3.12/site-packages/airflow/example_dags/example_sensors.py
[2026-07-29T17:10:31.622+0000] {processor.py:914} INFO - Processing file /home/airflow/.local/lib/python3.12/site-packages/airflow/example_dags/example_sensors.py for tasks to queue
[2026-07-29T17:10:31.624+0000] {logging_mixin.py:190} INFO - [2026-07-29T17:10:31.624+0000] {dagbag.py:587} INFO - Filling up the DagBag from /home/airflow/.local/lib/python3.12/site-packages/airflow/example_dags/example_sensors.py
[2026-07-29T17:10:31.629+0000] {processor.py:925} INFO - DAG(s) 'example_sensors' retrieved from /home/airflow/.local/lib/python3.12/site-packages/airflow/example_dags/example_sensors.py
[2026-07-29T17:10:31.640+0000] {logging_mixin.py:190} INFO - [2026-07-29T17:10:31.640+0000] {dag.py:3211} INFO - Sync 1 DAGs
[2026-07-29T17:10:31.744+0000] {logging_mixin.py:190} INFO - [2026-07-29T17:10:31.744+0000] {dag.py:4138} INFO - Setting next_dagrun for example_sensors to None, run_after=None
[2026-07-29T17:10:31.755+0000] {processor.py:208} INFO - Processing /home/airflow/.local/lib/python3.12/site-packages/airflow/example_dags/example_sensors.py took 0.136 seconds
[2026-07-29T17:11:01.976+0000] {processor.py:186} INFO - Started process (PID=10494) to work on /home/airflow/.local/lib/python3.12/site-packages/airflow/example_dags/example_sensors.py
[2026-07-29T17:11:01.976+0000] {processor.py:914} INFO - Processing file /home/airflow/.local/lib/python3.12/site-packages/airflow/example_dags/example_sensors.py for tasks to queue
[2026-07-29T17:11:01.977+0000] {logging_mixin.py:190} INFO - [2026-07-29T17:11:01.977+0000] {dagbag.py:587} INFO - Filling up the DagBag from /home/airflow/.local/lib/python3.12/site-packages/airflow/example_dags/example_sensors.py
[2026-07-29T17:11:01.982+0000] {processor.py:925} INFO - DAG(s) 'example_sensors' retrieved from /home/airflow/.local/lib/python3.12/site-packages/airflow/example_dags/example_sensors.py
[2026-07-29T17:11:01.996+0000] {logging_mixin.py:190} INFO - [2026-07-29T17:11:01.996+0000] {dag.py:3211} INFO - Sync 1 DAGs
[2026-07-29T17:11:02.001+0000] {logging_mixin.py:190} INFO - [2026-07-29T17:11:02.001+0000] {dag.py:4138} INFO - Setting next_dagrun for example_sensors to None, run_after=None
[2026-07-29T17:11:02.010+0000] {processor.py:208} INFO - Processing /home/airflow/.local/lib/python3.12/site-packages/airflow/example_dags/example_sensors.py took 0.037 seconds
[2026-07-29T17:11:32.753+0000] {processor.py:186} INFO - Started process (PID=10560) to work on /home/airflow/.local/lib/python3.12/site-packages/airflow/example_dags/example_sensors.py
[2026-07-29T17:11:32.753+0000] {processor.py:914} INFO - Processing file /home/airflow/.local/lib/python3.12/site-packages/airflow/example_dags/example_sensors.py for tasks to queue
[2026-07-29T17:11:32.754+0000] {logging_mixin.py:190} INFO - [2026-07-29T17:11:32.754+0000] {dagbag.py:587} INFO - Filling up the DagBag from /home/airflow/.local/lib/python3.12/site-packages/airflow/example_dags/example_sensors.py
[2026-07-29T17:11:32.860+0000] {processor.py:925} INFO - DAG(s) 'example_sensors' retrieved from /home/airflow/.local/lib/python3.12/site-packages/airflow/example_dags/example_sensors.py
[2026-07-29T17:11:32.868+0000] {logging_mixin.py:190} INFO - [2026-07-29T17:11:32.868+0000] {dag.py:3211} INFO - Sync 1 DAGs
[2026-07-29T17:11:32.872+0000] {logging_mixin.py:190} INFO - [2026-07-29T17:11:32.872+0000] {dag.py:4138} INFO - Setting next_dagrun for example_sensors to None, run_after=None
[2026-07-29T17:11:32.878+0000] {processor.py:208} INFO - Processing /home/airflow/.local/lib/python3.12/site-packages/airflow/example_dags/example_sensors.py took 0.128 seconds
[2026-07-29T17:12:03.859+0000] {processor.py:186} INFO - Started process (PID=10626) to work on /home/airflow/.local/lib/python3.12/site-packages/airflow/example_dags/example_sensors.py
[2026-07-29T17:12:03.860+0000] {processor.py:914} INFO - Processing file /home/airflow/.local/lib/python3.12/site-packages/airflow/example_dags/example_sensors.py for tasks to queue
[2026-07-29T17:12:03.861+0000] {logging_mixin.py:190} INFO - [2026-07-29T17:12:03.861+0000] {dagbag.py:587} INFO - Filling up the DagBag from /home/airflow/.local/lib/python3.12/site-packages/airflow/example_dags/example_sensors.py
[2026-07-29T17:12:03.867+0000] {processor.py:925} INFO - DAG(s) 'example_sensors' retrieved from /home/airflow/.local/lib/python3.12/site-packages/airflow/example_dags/example_sensors.py
[2026-07-29T17:12:03.886+0000] {logging_mixin.py:190} INFO - [2026-07-29T17:12:03.885+0000] {dag.py:3211} INFO - Sync 1 DAGs
[2026-07-29T17:12:03.894+0000] {logging_mixin.py:190} INFO - [2026-07-29T17:12:03.894+0000] {dag.py:4138} INFO - Setting next_dagrun for example_sensors to None, run_after=None
[2026-07-29T17:12:03.904+0000] {processor.py:208} INFO - Processing /home/airflow/.local/lib/python3.12/site-packages/airflow/example_dags/example_sensors.py took 0.051 seconds
[2026-07-29T17:12:33.935+0000] {processor.py:186} INFO - Started process (PID=10692) to work on /home/airflow/.local/lib/python3.12/site-packages/airflow/example_dags/example_sensors.py
[2026-07-29T17:12:33.938+0000] {processor.py:914} INFO - Processing file /home/airflow/.local/lib/python3.12/site-packages/airflow/example_dags/example_sensors.py for tasks to queue
[2026-07-29T17:12:33.939+0000] {logging_mixin.py:190} INFO - [2026-07-29T17:12:33.939+0000] {dagbag.py:587} INFO - Filling up the DagBag from /home/airflow/.local/lib/python3.12/site-packages/airflow/example_dags/example_sensors.py
[2026-07-29T17:12:33.947+0000] {processor.py:925} INFO - DAG(s) 'example_sensors' retrieved from /home/airflow/.local/lib/python3.12/site-packages/airflow/example_dags/example_sensors.py
[2026-07-29T17:12:33.965+0000] {logging_mixin.py:190} INFO - [2026-07-29T17:12:33.965+0000] {dag.py:3211} INFO - Sync 1 DAGs
[2026-07-29T17:12:33.970+0000] {logging_mixin.py:190} INFO - [2026-07-29T17:12:33.970+0000] {dag.py:4138} INFO - Setting next_dagrun for example_sensors to None, run_after=None
[2026-07-29T17:12:33.981+0000] {processor.py:208} INFO - Processing /home/airflow/.local/lib/python3.12/site-packages/airflow/example_dags/example_sensors.py took 0.050 seconds
[2026-07-29T17:13:04.907+0000] {processor.py:186} INFO - Started process (PID=10758) to work on /home/airflow/.local/lib/python3.12/site-packages/airflow/example_dags/example_sensors.py
[2026-07-29T17:13:04.907+0000] {processor.py:914} INFO - Processing file /home/airflow/.local/lib/python3.12/site-packages/airflow/example_dags/example_sensors.py for tasks to queue
[2026-07-29T17:13:04.909+0000] {logging_mixin.py:190} INFO - [2026-07-29T17:13:04.908+0000] {dagbag.py:587} INFO - Filling up the DagBag from /home/airflow/.local/lib/python3.12/site-packages/airflow/example_dags/example_sensors.py
[2026-07-29T17:13:04.917+0000] {processor.py:925} INFO - DAG(s) 'example_sensors' retrieved from /home/airflow/.local/lib/python3.12/site-packages/airflow/example_dags/example_sensors.py
[2026-07-29T17:13:04.931+0000] {logging_mixin.py:190} INFO - [2026-07-29T17:13:04.931+0000] {dag.py:3211} INFO - Sync 1 DAGs
[2026-07-29T17:13:04.939+0000] {logging_mixin.py:190} INFO - [2026-07-29T17:13:04.939+0000] {dag.py:4138} INFO - Setting next_dagrun for example_sensors to None, run_after=None
[2026-07-29T17:13:04.949+0000] {processor.py:208} INFO - Processing /home/airflow/.local/lib/python3.12/site-packages/airflow/example_dags/example_sensors.py took 0.045 seconds
[2026-07-29T17:13:34.997+0000] {processor.py:186} INFO - Started process (PID=10824) to work on /home/airflow/.local/lib/python3.12/site-packages/airflow/example_dags/example_sensors.py
[2026-07-29T17:13:34.998+0000] {processor.py:914} INFO - Processing file /home/airflow/.local/lib/python3.12/site-packages/airflow/example_dags/example_sensors.py for tasks to queue
[2026-07-29T17:13:34.999+0000] {logging_mixin.py:190} INFO - [2026-07-29T17:13:34.999+0000] {dagbag.py:587} INFO - Filling up the DagBag from /home/airflow/.local/lib/python3.12/site-packages/airflow/example_dags/example_sensors.py
[2026-07-29T17:13:35.003+0000] {processor.py:925} INFO - DAG(s) 'example_sensors' retrieved from /home/airflow/.local/lib/python3.12/site-packages/airflow/example_dags/example_sensors.py
[2026-07-29T17:13:35.020+0000] {logging_mixin.py:190} INFO - [2026-07-29T17:13:35.017+0000] {dag.py:3211} INFO - Sync 1 DAGs
[2026-07-29T17:13:35.025+0000] {logging_mixin.py:190} INFO - [2026-07-29T17:13:35.025+0000] {dag.py:4138} INFO - Setting next_dagrun for example_sensors to None, run_after=None
[2026-07-29T17:13:35.035+0000] {processor.py:208} INFO - Processing /home/airflow/.local/lib/python3.12/site-packages/airflow/example_dags/example_sensors.py took 0.040 seconds
[2026-07-29T17:14:05.417+0000] {processor.py:186} INFO - Started process (PID=10890) to work on /home/airflow/.local/lib/python3.12/site-packages/airflow/example_dags/example_sensors.py
[2026-07-29T17:14:05.419+0000] {processor.py:914} INFO - Processing file /home/airflow/.local/lib/python3.12/site-packages/airflow/example_dags/example_sensors.py for tasks to queue
[2026-07-29T17:14:05.421+0000] {logging_mixin.py:190} INFO - [2026-07-29T17:14:05.420+0000] {dagbag.py:587} INFO - Filling up the DagBag from /home/airflow/.local/lib/python3.12/site-packages/airflow/example_dags/example_sensors.py
[2026-07-29T17:14:05.426+0000] {processor.py:925} INFO - DAG(s) 'example_sensors' retrieved from /home/airflow/.local/lib/python3.12/site-packages/airflow/example_dags/example_sensors.py
[2026-07-29T17:14:05.436+0000] {logging_mixin.py:190} INFO - [2026-07-29T17:14:05.436+0000] {dag.py:3211} INFO - Sync 1 DAGs
[2026-07-29T17:14:05.443+0000] {logging_mixin.py:190} INFO - [2026-07-29T17:14:05.443+0000] {dag.py:4138} INFO - Setting next_dagrun for example_sensors to None, run_after=None
[2026-07-29T17:14:05.455+0000] {processor.py:208} INFO - Processing /home/airflow/.local/lib/python3.12/site-packages/airflow/example_dags/example_sensors.py took 0.041 seconds
[2026-07-29T17:14:36.361+0000] {processor.py:186} INFO - Started process (PID=10956) to work on /home/airflow/.local/lib/python3.12/site-packages/airflow/example_dags/example_sensors.py
[2026-07-29T17:14:36.361+0000] {processor.py:914} INFO - Processing file /home/airflow/.local/lib/python3.12/site-packages/airflow/example_dags/example_sensors.py for tasks to queue
[2026-07-29T17:14:36.363+0000] {logging_mixin.py:190} INFO - [2026-07-29T17:14:36.363+0000] {dagbag.py:587} INFO - Filling up the DagBag from /home/airflow/.local/lib/python3.12/site-packages/airflow/example_dags/example_sensors.py
[2026-07-29T17:14:36.368+0000] {processor.py:925} INFO - DAG(s) 'example_sensors' retrieved from /home/airflow/.local/lib/python3.12/site-packages/airflow/example_dags/example_sensors.py
[2026-07-29T17:14:36.384+0000] {logging_mixin.py:190} INFO - [2026-07-29T17:14:36.384+0000] {dag.py:3211} INFO - Sync 1 DAGs
[2026-07-29T17:14:36.392+0000] {logging_mixin.py:190} INFO - [2026-07-29T17:14:36.392+0000] {dag.py:4138} INFO - Setting next_dagrun for example_sensors to None, run_after=None
[2026-07-29T17:14:36.400+0000] {processor.py:208} INFO - Processing /home/airflow/.local/lib/python3.12/site-packages/airflow/example_dags/example_sensors.py took 0.042 seconds
[2026-07-29T17:15:07.425+0000] {processor.py:186} INFO - Started process (PID=11022) to work on /home/airflow/.local/lib/python3.12/site-packages/airflow/example_dags/example_sensors.py
[2026-07-29T17:15:07.426+0000] {processor.py:914} INFO - Processing file /home/airflow/.local/lib/python3.12/site-packages/airflow/example_dags/example_sensors.py for tasks to queue
[2026-07-29T17:15:07.427+0000] {logging_mixin.py:190} INFO - [2026-07-29T17:15:07.426+0000] {dagbag.py:587} INFO - Filling up the DagBag from /home/airflow/.local/lib/python3.12/site-packages/airflow/example_dags/example_sensors.py
[2026-07-29T17:15:07.431+0000] {processor.py:925} INFO - DAG(s) 'example_sensors' retrieved from /home/airflow/.local/lib/python3.12/site-packages/airflow/example_dags/example_sensors.py
[2026-07-29T17:15:07.444+0000] {logging_mixin.py:190} INFO - [2026-07-29T17:15:07.444+0000] {dag.py:3211} INFO - Sync 1 DAGs
[2026-07-29T17:15:07.450+0000] {logging_mixin.py:190} INFO - [2026-07-29T17:15:07.450+0000] {dag.py:4138} INFO - Setting next_dagrun for example_sensors to None, run_after=None
[2026-07-29T17:15:07.461+0000] {processor.py:208} INFO - Processing /home/airflow/.local/lib/python3.12/site-packages/airflow/example_dags/example_sensors.py took 0.039 seconds
[2026-07-29T17:15:37.702+0000] {processor.py:186} INFO - Started process (PID=11088) to work on /home/airflow/.local/lib/python3.12/site-packages/airflow/example_dags/example_sensors.py
[2026-07-29T17:15:37.703+0000] {processor.py:914} INFO - Processing file /home/airflow/.local/lib/python3.12/site-packages/airflow/example_dags/example_sensors.py for tasks to queue
[2026-07-29T17:15:37.704+0000] {logging_mixin.py:190} INFO - [2026-07-29T17:15:37.704+0000] {dagbag.py:587} INFO - Filling up the DagBag from /home/airflow/.local/lib/python3.12/site-packages/airflow/example_dags/example_sensors.py
[2026-07-29T17:15:37.709+0000] {processor.py:925} INFO - DAG(s) 'example_sensors' retrieved from /home/airflow/.local/lib/python3.12/site-packages/airflow/example_dags/example_sensors.py
[2026-07-29T17:15:37.721+0000] {logging_mixin.py:190} INFO - [2026-07-29T17:15:37.721+0000] {dag.py:3211} INFO - Sync 1 DAGs
[2026-07-29T17:15:37.727+0000] {logging_mixin.py:190} INFO - [2026-07-29T17:15:37.726+0000] {dag.py:4138} INFO - Setting next_dagrun for example_sensors to None, run_after=None
[2026-07-29T17:15:37.739+0000] {processor.py:208} INFO - Processing /home/airflow/.local/lib/python3.12/site-packages/airflow/example_dags/example_sensors.py took 0.039 seconds
[2026-07-29T17:16:08.761+0000] {processor.py:186} INFO - Started process (PID=11154) to work on /home/airflow/.local/lib/python3.12/site-packages/airflow/example_dags/example_sensors.py
[2026-07-29T17:16:08.762+0000] {processor.py:914} INFO - Processing file /home/airflow/.local/lib/python3.12/site-packages/airflow/example_dags/example_sensors.py for tasks to queue
[2026-07-29T17:16:08.764+0000] {logging_mixin.py:190} INFO - [2026-07-29T17:16:08.763+0000] {dagbag.py:587} INFO - Filling up the DagBag from /home/airflow/.local/lib/python3.12/site-packages/airflow/example_dags/example_sensors.py
[2026-07-29T17:16:08.769+0000] {processor.py:925} INFO - DAG(s) 'example_sensors' retrieved from /home/airflow/.local/lib/python3.12/site-packages/airflow/example_dags/example_sensors.py
[2026-07-29T17:16:08.786+0000] {logging_mixin.py:190} INFO - [2026-07-29T17:16:08.786+0000] {dag.py:3211} INFO - Sync 1 DAGs
[2026-07-29T17:16:08.792+0000] {logging_mixin.py:190} INFO - [2026-07-29T17:16:08.792+0000] {dag.py:4138} INFO - Setting next_dagrun for example_sensors to None, run_after=None
[2026-07-29T17:16:08.802+0000] {processor.py:208} INFO - Processing /home/airflow/.local/lib/python3.12/site-packages/airflow/example_dags/example_sensors.py took 0.044 seconds
[2026-07-29T17:16:38.911+0000] {processor.py:186} INFO - Started process (PID=11220) to work on /home/airflow/.local/lib/python3.12/site-packages/airflow/example_dags/example_sensors.py
[2026-07-29T17:16:38.912+0000] {processor.py:914} INFO - Processing file /home/airflow/.local/lib/python3.12/site-packages/airflow/example_dags/example_sensors.py for tasks to queue
[2026-07-29T17:16:38.914+0000] {logging_mixin.py:190} INFO - [2026-07-29T17:16:38.914+0000] {dagbag.py:587} INFO - Filling up the DagBag from /home/airflow/.local/lib/python3.12/site-packages/airflow/example_dags/example_sensors.py
[2026-07-29T17:16:38.920+0000] {processor.py:925} INFO - DAG(s) 'example_sensors' retrieved from /home/airflow/.local/lib/python3.12/site-packages/airflow/example_dags/example_sensors.py
[2026-07-29T17:16:38.933+0000] {logging_mixin.py:190} INFO - [2026-07-29T17:16:38.932+0000] {dag.py:3211} INFO - Sync 1 DAGs
[2026-07-29T17:16:38.938+0000] {logging_mixin.py:190} INFO - [2026-07-29T17:16:38.938+0000] {dag.py:4138} INFO - Setting next_dagrun for example_sensors to None, run_after=None
[2026-07-29T17:16:38.950+0000] {processor.py:208} INFO - Processing /home/airflow/.local/lib/python3.12/site-packages/airflow/example_dags/example_sensors.py took 0.042 seconds
[2026-07-29T17:17:09.925+0000] {processor.py:186} INFO - Started process (PID=11286) to work on /home/airflow/.local/lib/python3.12/site-packages/airflow/example_dags/example_sensors.py
[2026-07-29T17:17:09.926+0000] {processor.py:914} INFO - Processing file /home/airflow/.local/lib/python3.12/site-packages/airflow/example_dags/example_sensors.py for tasks to queue
[2026-07-29T17:17:09.927+0000] {logging_mixin.py:190} INFO - [2026-07-29T17:17:09.927+0000] {dagbag.py:587} INFO - Filling up the DagBag from /home/airflow/.local/lib/python3.12/site-packages/airflow/example_dags/example_sensors.py
[2026-07-29T17:17:09.932+0000] {processor.py:925} INFO - DAG(s) 'example_sensors' retrieved from /home/airflow/.local/lib/python3.12/site-packages/airflow/example_dags/example_sensors.py
[2026-07-29T17:17:09.950+0000] {logging_mixin.py:190} INFO - [2026-07-29T17:17:09.950+0000] {dag.py:3211} INFO - Sync 1 DAGs
[2026-07-29T17:17:09.958+0000] {logging_mixin.py:190} INFO - [2026-07-29T17:17:09.958+0000] {dag.py:4138} INFO - Setting next_dagrun for example_sensors to None, run_after=None
[2026-07-29T17:17:09.971+0000] {processor.py:208} INFO - Processing /home/airflow/.local/lib/python3.12/site-packages/airflow/example_dags/example_sensors.py took 0.049 seconds
[2026-07-29T17:17:40.065+0000] {processor.py:186} INFO - Started process (PID=11352) to work on /home/airflow/.local/lib/python3.12/site-packages/airflow/example_dags/example_sensors.py
[2026-07-29T17:17:40.065+0000] {processor.py:914} INFO - Processing file /home/airflow/.local/lib/python3.12/site-packages/airflow/example_dags/example_sensors.py for tasks to queue
[2026-07-29T17:17:40.067+0000] {logging_mixin.py:190} INFO - [2026-07-29T17:17:40.067+0000] {dagbag.py:587} INFO - Filling up the DagBag from /home/airflow/.local/lib/python3.12/site-packages/airflow/example_dags/example_sensors.py
[2026-07-29T17:17:40.072+0000] {processor.py:925} INFO - DAG(s) 'example_sensors' retrieved from /home/airflow/.local/lib/python3.12/site-packages/airflow/example_dags/example_sensors.py
[2026-07-29T17:17:40.084+0000] {logging_mixin.py:190} INFO - [2026-07-29T17:17:40.083+0000] {dag.py:3211} INFO - Sync 1 DAGs
[2026-07-29T17:17:40.091+0000] {logging_mixin.py:190} INFO - [2026-07-29T17:17:40.091+0000] {dag.py:4138} INFO - Setting next_dagrun for example_sensors to None, run_after=None
[2026-07-29T17:17:40.105+0000] {processor.py:208} INFO - Processing /home/airflow/.local/lib/python3.12/site-packages/airflow/example_dags/example_sensors.py took 0.043 seconds
[2026-07-29T17:18:10.167+0000] {processor.py:186} INFO - Started process (PID=11418) to work on /home/airflow/.local/lib/python3.12/site-packages/airflow/example_dags/example_sensors.py
[2026-07-29T17:18:10.168+0000] {processor.py:914} INFO - Processing file /home/airflow/.local/lib/python3.12/site-packages/airflow/example_dags/example_sensors.py for tasks to queue
[2026-07-29T17:18:10.169+0000] {logging_mixin.py:190} INFO - [2026-07-29T17:18:10.169+0000] {dagbag.py:587} INFO - Filling up the DagBag from /home/airflow/.local/lib/python3.12/site-packages/airflow/example_dags/example_sensors.py
[2026-07-29T17:18:10.177+0000] {processor.py:925} INFO - DAG(s) 'example_sensors' retrieved from /home/airflow/.local/lib/python3.12/site-packages/airflow/example_dags/example_sensors.py
[2026-07-29T17:18:10.188+0000] {logging_mixin.py:190} INFO - [2026-07-29T17:18:10.188+0000] {dag.py:3211} INFO - Sync 1 DAGs
[2026-07-29T17:18:10.195+0000] {logging_mixin.py:190} INFO - [2026-07-29T17:18:10.195+0000] {dag.py:4138} INFO - Setting next_dagrun for example_sensors to None, run_after=None
[2026-07-29T17:18:10.216+0000] {processor.py:208} INFO - Processing /home/airflow/.local/lib/python3.12/site-packages/airflow/example_dags/example_sensors.py took 0.052 seconds
[2026-07-29T17:18:40.308+0000] {processor.py:186} INFO - Started process (PID=11484) to work on /home/airflow/.local/lib/python3.12/site-packages/airflow/example_dags/example_sensors.py
[2026-07-29T17:18:40.310+0000] {processor.py:914} INFO - Processing file /home/airflow/.local/lib/python3.12/site-packages/airflow/example_dags/example_sensors.py for tasks to queue
[2026-07-29T17:18:40.312+0000] {logging_mixin.py:190} INFO - [2026-07-29T17:18:40.312+0000] {dagbag.py:587} INFO - Filling up the DagBag from /home/airflow/.local/lib/python3.12/site-packages/airflow/example_dags/example_sensors.py
[2026-07-29T17:18:40.331+0000] {processor.py:925} INFO - DAG(s) 'example_sensors' retrieved from /home/airflow/.local/lib/python3.12/site-packages/airflow/example_dags/example_sensors.py
[2026-07-29T17:18:40.359+0000] {logging_mixin.py:190} INFO - [2026-07-29T17:18:40.359+0000] {dag.py:3211} INFO - Sync 1 DAGs
[2026-07-29T17:18:40.375+0000] {logging_mixin.py:190} INFO - [2026-07-29T17:18:40.375+0000] {dag.py:4138} INFO - Setting next_dagrun for example_sensors to None, run_after=None
[2026-07-29T17:18:40.398+0000] {processor.py:208} INFO - Processing /home/airflow/.local/lib/python3.12/site-packages/airflow/example_dags/example_sensors.py took 0.094 seconds
[2026-07-29T17:19:11.098+0000] {processor.py:186} INFO - Started process (PID=11540) to work on /home/airflow/.local/lib/python3.12/site-packages/airflow/example_dags/example_sensors.py
[2026-07-29T17:19:11.099+0000] {processor.py:914} INFO - Processing file /home/airflow/.local/lib/python3.12/site-packages/airflow/example_dags/example_sensors.py for tasks to queue
[2026-07-29T17:19:11.100+0000] {logging_mixin.py:190} INFO - [2026-07-29T17:19:11.100+0000] {dagbag.py:587} INFO - Filling up the DagBag from /home/airflow/.local/lib/python3.12/site-packages/airflow/example_dags/example_sensors.py
[2026-07-29T17:19:11.106+0000] {processor.py:925} INFO - DAG(s) 'example_sensors' retrieved from /home/airflow/.local/lib/python3.12/site-packages/airflow/example_dags/example_sensors.py
[2026-07-29T17:19:11.121+0000] {logging_mixin.py:190} INFO - [2026-07-29T17:19:11.120+0000] {dag.py:3211} INFO - Sync 1 DAGs
[2026-07-29T17:19:11.128+0000] {logging_mixin.py:190} INFO - [2026-07-29T17:19:11.127+0000] {dag.py:4138} INFO - Setting next_dagrun for example_sensors to None, run_after=None
[2026-07-29T17:19:11.136+0000] {processor.py:208} INFO - Processing /home/airflow/.local/lib/python3.12/site-packages/airflow/example_dags/example_sensors.py took 0.040 seconds
[2026-07-29T17:19:41.191+0000] {processor.py:186} INFO - Started process (PID=11606) to work on /home/airflow/.local/lib/python3.12/site-packages/airflow/example_dags/example_sensors.py
[2026-07-29T17:19:41.192+0000] {processor.py:914} INFO - Processing file /home/airflow/.local/lib/python3.12/site-packages/airflow/example_dags/example_sensors.py for tasks to queue
[2026-07-29T17:19:41.193+0000] {logging_mixin.py:190} INFO - [2026-07-29T17:19:41.193+0000] {dagbag.py:587} INFO - Filling up the DagBag from /home/airflow/.local/lib/python3.12/site-packages/airflow/example_dags/example_sensors.py
[2026-07-29T17:19:41.198+0000] {processor.py:925} INFO - DAG(s) 'example_sensors' retrieved from /home/airflow/.local/lib/python3.12/site-packages/airflow/example_dags/example_sensors.py
[2026-07-29T17:19:41.213+0000] {logging_mixin.py:190} INFO - [2026-07-29T17:19:41.213+0000] {dag.py:3211} INFO - Sync 1 DAGs
[2026-07-29T17:19:41.219+0000] {logging_mixin.py:190} INFO - [2026-07-29T17:19:41.219+0000] {dag.py:4138} INFO - Setting next_dagrun for example_sensors to None, run_after=None
[2026-07-29T17:19:41.228+0000] {processor.py:208} INFO - Processing /home/airflow/.local/lib/python3.12/site-packages/airflow/example_dags/example_sensors.py took 0.039 seconds
[2026-07-29T17:20:12.264+0000] {processor.py:186} INFO - Started process (PID=11672) to work on /home/airflow/.local/lib/python3.12/site-packages/airflow/example_dags/example_sensors.py
[2026-07-29T17:20:12.264+0000] {processor.py:914} INFO - Processing file /home/airflow/.local/lib/python3.12/site-packages/airflow/example_dags/example_sensors.py for tasks to queue
[2026-07-29T17:20:12.267+0000] {logging_mixin.py:190} INFO - [2026-07-29T17:20:12.266+0000] {dagbag.py:587} INFO - Filling up the DagBag from /home/airflow/.local/lib/python3.12/site-packages/airflow/example_dags/example_sensors.py
[2026-07-29T17:20:12.272+0000] {processor.py:925} INFO - DAG(s) 'example_sensors' retrieved from /home/airflow/.local/lib/python3.12/site-packages/airflow/example_dags/example_sensors.py
[2026-07-29T17:20:12.285+0000] {logging_mixin.py:190} INFO - [2026-07-29T17:20:12.285+0000] {dag.py:3211} INFO - Sync 1 DAGs
[2026-07-29T17:20:12.290+0000] {logging_mixin.py:190} INFO - [2026-07-29T17:20:12.290+0000] {dag.py:4138} INFO - Setting next_dagrun for example_sensors to None, run_after=None
[2026-07-29T17:20:12.301+0000] {processor.py:208} INFO - Processing /home/airflow/.local/lib/python3.12/site-packages/airflow/example_dags/example_sensors.py took 0.040 seconds
[2026-07-29T17:20:43.331+0000] {processor.py:186} INFO - Started process (PID=11738) to work on /home/airflow/.local/lib/python3.12/site-packages/airflow/example_dags/example_sensors.py
[2026-07-29T17:20:43.332+0000] {processor.py:914} INFO - Processing file /home/airflow/.local/lib/python3.12/site-packages/airflow/example_dags/example_sensors.py for tasks to queue
[2026-07-29T17:20:43.335+0000] {logging_mixin.py:190} INFO - [2026-07-29T17:20:43.334+0000] {dagbag.py:587} INFO - Filling up the DagBag from /home/airflow/.local/lib/python3.12/site-packages/airflow/example_dags/example_sensors.py
[2026-07-29T17:20:43.343+0000] {processor.py:925} INFO - DAG(s) 'example_sensors' retrieved from /home/airflow/.local/lib/python3.12/site-packages/airflow/example_dags/example_sensors.py
[2026-07-29T17:20:43.365+0000] {logging_mixin.py:190} INFO - [2026-07-29T17:20:43.365+0000] {dag.py:3211} INFO - Sync 1 DAGs
[2026-07-29T17:20:43.377+0000] {logging_mixin.py:190} INFO - [2026-07-29T17:20:43.377+0000] {dag.py:4138} INFO - Setting next_dagrun for example_sensors to None, run_after=None
[2026-07-29T17:20:43.386+0000] {processor.py:208} INFO - Processing /home/airflow/.local/lib/python3.12/site-packages/airflow/example_dags/example_sensors.py took 0.057 seconds
[2026-07-29T17:21:13.585+0000] {processor.py:186} INFO - Started process (PID=11804) to work on /home/airflow/.local/lib/python3.12/site-packages/airflow/example_dags/example_sensors.py
[2026-07-29T17:21:13.586+0000] {processor.py:914} INFO - Processing file /home/airflow/.local/lib/python3.12/site-packages/airflow/example_dags/example_sensors.py for tasks to queue
[2026-07-29T17:21:13.590+0000] {logging_mixin.py:190} INFO - [2026-07-29T17:21:13.588+0000] {dagbag.py:587} INFO - Filling up the DagBag from /home/airflow/.local/lib/python3.12/site-packages/airflow/example_dags/example_sensors.py
[2026-07-29T17:21:13.598+0000] {processor.py:925} INFO - DAG(s) 'example_sensors' retrieved from /home/airflow/.local/lib/python3.12/site-packages/airflow/example_dags/example_sensors.py
[2026-07-29T17:21:13.615+0000] {logging_mixin.py:190} INFO - [2026-07-29T17:21:13.615+0000] {dag.py:3211} INFO - Sync 1 DAGs
[2026-07-29T17:21:13.622+0000] {logging_mixin.py:190} INFO - [2026-07-29T17:21:13.622+0000] {dag.py:4138} INFO - Setting next_dagrun for example_sensors to None, run_after=None
[2026-07-29T17:21:13.631+0000] {processor.py:208} INFO - Processing /home/airflow/.local/lib/python3.12/site-packages/airflow/example_dags/example_sensors.py took 0.049 seconds
[2026-07-29T17:21:43.961+0000] {processor.py:186} INFO - Started process (PID=11870) to work on /home/airflow/.local/lib/python3.12/site-packages/airflow/example_dags/example_sensors.py
[2026-07-29T17:21:43.962+0000] {processor.py:914} INFO - Processing file /home/airflow/.local/lib/python3.12/site-packages/airflow/example_dags/example_sensors.py for tasks to queue
[2026-07-29T17:21:43.963+0000] {logging_mixin.py:190} INFO - [2026-07-29T17:21:43.962+0000] {dagbag.py:587} INFO - Filling up the DagBag from /home/airflow/.local/lib/python3.12/site-packages/airflow/example_dags/example_sensors.py
[2026-07-29T17:21:43.968+0000] {processor.py:925} INFO - DAG(s) 'example_sensors' retrieved from /home/airflow/.local/lib/python3.12/site-packages/airflow/example_dags/example_sensors.py
[2026-07-29T17:21:43.979+0000] {logging_mixin.py:190} INFO - [2026-07-29T17:21:43.979+0000] {dag.py:3211} INFO - Sync 1 DAGs
[2026-07-29T17:21:43.985+0000] {logging_mixin.py:190} INFO - [2026-07-29T17:21:43.984+0000] {dag.py:4138} INFO - Setting next_dagrun for example_sensors to None, run_after=None
[2026-07-29T17:21:43.991+0000] {processor.py:208} INFO - Processing /home/airflow/.local/lib/python3.12/site-packages/airflow/example_dags/example_sensors.py took 0.032 seconds
[2026-07-29T17:22:15.006+0000] {processor.py:186} INFO - Started process (PID=11936) to work on /home/airflow/.local/lib/python3.12/site-packages/airflow/example_dags/example_sensors.py
[2026-07-29T17:22:15.007+0000] {processor.py:914} INFO - Processing file /home/airflow/.local/lib/python3.12/site-packages/airflow/example_dags/example_sensors.py for tasks to queue
[2026-07-29T17:22:15.008+0000] {logging_mixin.py:190} INFO - [2026-07-29T17:22:15.008+0000] {dagbag.py:587} INFO - Filling up the DagBag from /home/airflow/.local/lib/python3.12/site-packages/airflow/example_dags/example_sensors.py
[2026-07-29T17:22:15.013+0000] {processor.py:925} INFO - DAG(s) 'example_sensors' retrieved from /home/airflow/.local/lib/python3.12/site-packages/airflow/example_dags/example_sensors.py
[2026-07-29T17:22:15.028+0000] {logging_mixin.py:190} INFO - [2026-07-29T17:22:15.028+0000] {dag.py:3211} INFO - Sync 1 DAGs
[2026-07-29T17:22:15.036+0000] {logging_mixin.py:190} INFO - [2026-07-29T17:22:15.036+0000] {dag.py:4138} INFO - Setting next_dagrun for example_sensors to None, run_after=None
[2026-07-29T17:22:15.050+0000] {processor.py:208} INFO - Processing /home/airflow/.local/lib/python3.12/site-packages/airflow/example_dags/example_sensors.py took 0.047 seconds
[2026-07-29T17:22:45.107+0000] {processor.py:186} INFO - Started process (PID=12001) to work on /home/airflow/.local/lib/python3.12/site-packages/airflow/example_dags/example_sensors.py
[2026-07-29T17:22:45.111+0000] {processor.py:914} INFO - Processing file /home/airflow/.local/lib/python3.12/site-packages/airflow/example_dags/example_sensors.py for tasks to queue
[2026-07-29T17:22:45.112+0000] {logging_mixin.py:190} INFO - [2026-07-29T17:22:45.112+0000] {dagbag.py:587} INFO - Filling up the DagBag from /home/airflow/.local/lib/python3.12/site-packages/airflow/example_dags/example_sensors.py
[2026-07-29T17:22:45.118+0000] {processor.py:925} INFO - DAG(s) 'example_sensors' retrieved from /home/airflow/.local/lib/python3.12/site-packages/airflow/example_dags/example_sensors.py
[2026-07-29T17:22:45.143+0000] {logging_mixin.py:190} INFO - [2026-07-29T17:22:45.143+0000] {dag.py:3211} INFO - Sync 1 DAGs
[2026-07-29T17:22:45.153+0000] {logging_mixin.py:190} INFO - [2026-07-29T17:22:45.153+0000] {dag.py:4138} INFO - Setting next_dagrun for example_sensors to None, run_after=None
[2026-07-29T17:22:45.164+0000] {processor.py:208} INFO - Processing /home/airflow/.local/lib/python3.12/site-packages/airflow/example_dags/example_sensors.py took 0.061 seconds
[2026-07-29T17:23:16.174+0000] {processor.py:186} INFO - Started process (PID=12068) to work on /home/airflow/.local/lib/python3.12/site-packages/airflow/example_dags/example_sensors.py
[2026-07-29T17:23:16.174+0000] {processor.py:914} INFO - Processing file /home/airflow/.local/lib/python3.12/site-packages/airflow/example_dags/example_sensors.py for tasks to queue
[2026-07-29T17:23:16.175+0000] {logging_mixin.py:190} INFO - [2026-07-29T17:23:16.175+0000] {dagbag.py:587} INFO - Filling up the DagBag from /home/airflow/.local/lib/python3.12/site-packages/airflow/example_dags/example_sensors.py
[2026-07-29T17:23:16.180+0000] {processor.py:925} INFO - DAG(s) 'example_sensors' retrieved from /home/airflow/.local/lib/python3.12/site-packages/airflow/example_dags/example_sensors.py
[2026-07-29T17:23:16.191+0000] {logging_mixin.py:190} INFO - [2026-07-29T17:23:16.191+0000] {dag.py:3211} INFO - Sync 1 DAGs
[2026-07-29T17:23:16.197+0000] {logging_mixin.py:190} INFO - [2026-07-29T17:23:16.197+0000] {dag.py:4138} INFO - Setting next_dagrun for example_sensors to None, run_after=None
[2026-07-29T17:23:16.208+0000] {processor.py:208} INFO - Processing /home/airflow/.local/lib/python3.12/site-packages/airflow/example_dags/example_sensors.py took 0.037 seconds
[2026-07-29T17:23:47.162+0000] {processor.py:186} INFO - Started process (PID=12134) to work on /home/airflow/.local/lib/python3.12/site-packages/airflow/example_dags/example_sensors.py
[2026-07-29T17:23:47.162+0000] {processor.py:914} INFO - Processing file /home/airflow/.local/lib/python3.12/site-packages/airflow/example_dags/example_sensors.py for tasks to queue
[2026-07-29T17:23:47.163+0000] {logging_mixin.py:190} INFO - [2026-07-29T17:23:47.163+0000] {dagbag.py:587} INFO - Filling up the DagBag from /home/airflow/.local/lib/python3.12/site-packages/airflow/example_dags/example_sensors.py
[2026-07-29T17:23:47.168+0000] {processor.py:925} INFO - DAG(s) 'example_sensors' retrieved from /home/airflow/.local/lib/python3.12/site-packages/airflow/example_dags/example_sensors.py
[2026-07-29T17:23:47.179+0000] {logging_mixin.py:190} INFO - [2026-07-29T17:23:47.178+0000] {dag.py:3211} INFO - Sync 1 DAGs
[2026-07-29T17:23:47.185+0000] {logging_mixin.py:190} INFO - [2026-07-29T17:23:47.185+0000] {dag.py:4138} INFO - Setting next_dagrun for example_sensors to None, run_after=None
[2026-07-29T17:23:47.196+0000] {processor.py:208} INFO - Processing /home/airflow/.local/lib/python3.12/site-packages/airflow/example_dags/example_sensors.py took 0.037 seconds
[2026-07-29T17:24:17.223+0000] {processor.py:186} INFO - Started process (PID=12199) to work on /home/airflow/.local/lib/python3.12/site-packages/airflow/example_dags/example_sensors.py
[2026-07-29T17:24:17.224+0000] {processor.py:914} INFO - Processing file /home/airflow/.local/lib/python3.12/site-packages/airflow/example_dags/example_sensors.py for tasks to queue
[2026-07-29T17:24:17.225+0000] {logging_mixin.py:190} INFO - [2026-07-29T17:24:17.225+0000] {dagbag.py:587} INFO - Filling up the DagBag from /home/airflow/.local/lib/python3.12/site-packages/airflow/example_dags/example_sensors.py
[2026-07-29T17:24:17.230+0000] {processor.py:925} INFO - DAG(s) 'example_sensors' retrieved from /home/airflow/.local/lib/python3.12/site-packages/airflow/example_dags/example_sensors.py
[2026-07-29T17:24:17.246+0000] {logging_mixin.py:190} INFO - [2026-07-29T17:24:17.246+0000] {dag.py:3211} INFO - Sync 1 DAGs
[2026-07-29T17:24:17.252+0000] {logging_mixin.py:190} INFO - [2026-07-29T17:24:17.252+0000] {dag.py:4138} INFO - Setting next_dagrun for example_sensors to None, run_after=None
[2026-07-29T17:24:17.264+0000] {processor.py:208} INFO - Processing /home/airflow/.local/lib/python3.12/site-packages/airflow/example_dags/example_sensors.py took 0.045 seconds
[2026-07-29T17:24:47.311+0000] {processor.py:186} INFO - Started process (PID=12265) to work on /home/airflow/.local/lib/python3.12/site-packages/airflow/example_dags/example_sensors.py
[2026-07-29T17:24:47.311+0000] {processor.py:914} INFO - Processing file /home/airflow/.local/lib/python3.12/site-packages/airflow/example_dags/example_sensors.py for tasks to queue
[2026-07-29T17:24:47.313+0000] {logging_mixin.py:190} INFO - [2026-07-29T17:24:47.313+0000] {dagbag.py:587} INFO - Filling up the DagBag from /home/airflow/.local/lib/python3.12/site-packages/airflow/example_dags/example_sensors.py
[2026-07-29T17:24:47.318+0000] {processor.py:925} INFO - DAG(s) 'example_sensors' retrieved from /home/airflow/.local/lib/python3.12/site-packages/airflow/example_dags/example_sensors.py
[2026-07-29T17:24:47.328+0000] {logging_mixin.py:190} INFO - [2026-07-29T17:24:47.328+0000] {dag.py:3211} INFO - Sync 1 DAGs
[2026-07-29T17:24:47.335+0000] {logging_mixin.py:190} INFO - [2026-07-29T17:24:47.335+0000] {dag.py:4138} INFO - Setting next_dagrun for example_sensors to None, run_after=None
[2026-07-29T17:24:47.346+0000] {processor.py:208} INFO - Processing /home/airflow/.local/lib/python3.12/site-packages/airflow/example_dags/example_sensors.py took 0.038 seconds
[2026-07-29T17:25:18.324+0000] {processor.py:186} INFO - Started process (PID=12332) to work on /home/airflow/.local/lib/python3.12/site-packages/airflow/example_dags/example_sensors.py
[2026-07-29T17:25:18.325+0000] {processor.py:914} INFO - Processing file /home/airflow/.local/lib/python3.12/site-packages/airflow/example_dags/example_sensors.py for tasks to queue
[2026-07-29T17:25:18.326+0000] {logging_mixin.py:190} INFO - [2026-07-29T17:25:18.326+0000] {dagbag.py:587} INFO - Filling up the DagBag from /home/airflow/.local/lib/python3.12/site-packages/airflow/example_dags/example_sensors.py
[2026-07-29T17:25:18.332+0000] {processor.py:925} INFO - DAG(s) 'example_sensors' retrieved from /home/airflow/.local/lib/python3.12/site-packages/airflow/example_dags/example_sensors.py
[2026-07-29T17:25:18.345+0000] {logging_mixin.py:190} INFO - [2026-07-29T17:25:18.345+0000] {dag.py:3211} INFO - Sync 1 DAGs
[2026-07-29T17:25:18.351+0000] {logging_mixin.py:190} INFO - [2026-07-29T17:25:18.351+0000] {dag.py:4138} INFO - Setting next_dagrun for example_sensors to None, run_after=None
[2026-07-29T17:25:18.360+0000] {processor.py:208} INFO - Processing /home/airflow/.local/lib/python3.12/site-packages/airflow/example_dags/example_sensors.py took 0.039 seconds
[2026-07-29T17:25:49.376+0000] {processor.py:186} INFO - Started process (PID=12398) to work on /home/airflow/.local/lib/python3.12/site-packages/airflow/example_dags/example_sensors.py
[2026-07-29T17:25:49.376+0000] {processor.py:914} INFO - Processing file /home/airflow/.local/lib/python3.12/site-packages/airflow/example_dags/example_sensors.py for tasks to queue
[2026-07-29T17:25:49.378+0000] {logging_mixin.py:190} INFO - [2026-07-29T17:25:49.377+0000] {dagbag.py:587} INFO - Filling up the DagBag from /home/airflow/.local/lib/python3.12/site-packages/airflow/example_dags/example_sensors.py
[2026-07-29T17:25:49.382+0000] {processor.py:925} INFO - DAG(s) 'example_sensors' retrieved from /home/airflow/.local/lib/python3.12/site-packages/airflow/example_dags/example_sensors.py
[2026-07-29T17:25:49.393+0000] {logging_mixin.py:190} INFO - [2026-07-29T17:25:49.393+0000] {dag.py:3211} INFO - Sync 1 DAGs
[2026-07-29T17:25:49.399+0000] {logging_mixin.py:190} INFO - [2026-07-29T17:25:49.399+0000] {dag.py:4138} INFO - Setting next_dagrun for example_sensors to None, run_after=None
[2026-07-29T17:25:49.412+0000] {processor.py:208} INFO - Processing /home/airflow/.local/lib/python3.12/site-packages/airflow/example_dags/example_sensors.py took 0.039 seconds
[2026-07-29T17:26:20.384+0000] {processor.py:186} INFO - Started process (PID=12464) to work on /home/airflow/.local/lib/python3.12/site-packages/airflow/example_dags/example_sensors.py
[2026-07-29T17:26:20.386+0000] {processor.py:914} INFO - Processing file /home/airflow/.local/lib/python3.12/site-packages/airflow/example_dags/example_sensors.py for tasks to queue
[2026-07-29T17:26:20.388+0000] {logging_mixin.py:190} INFO - [2026-07-29T17:26:20.388+0000] {dagbag.py:587} INFO - Filling up the DagBag from /home/airflow/.local/lib/python3.12/site-packages/airflow/example_dags/example_sensors.py
[2026-07-29T17:26:20.393+0000] {processor.py:925} INFO - DAG(s) 'example_sensors' retrieved from /home/airflow/.local/lib/python3.12/site-packages/airflow/example_dags/example_sensors.py
[2026-07-29T17:26:20.410+0000] {logging_mixin.py:190} INFO - [2026-07-29T17:26:20.410+0000] {dag.py:3211} INFO - Sync 1 DAGs
[2026-07-29T17:26:20.415+0000] {logging_mixin.py:190} INFO - [2026-07-29T17:26:20.415+0000] {dag.py:4138} INFO - Setting next_dagrun for example_sensors to None, run_after=None
[2026-07-29T17:26:20.426+0000] {processor.py:208} INFO - Processing /home/airflow/.local/lib/python3.12/site-packages/airflow/example_dags/example_sensors.py took 0.044 seconds
[2026-07-29T17:26:51.459+0000] {processor.py:186} INFO - Started process (PID=12530) to work on /home/airflow/.local/lib/python3.12/site-packages/airflow/example_dags/example_sensors.py
[2026-07-29T17:26:51.459+0000] {processor.py:914} INFO - Processing file /home/airflow/.local/lib/python3.12/site-packages/airflow/example_dags/example_sensors.py for tasks to queue
[2026-07-29T17:26:51.460+0000] {logging_mixin.py:190} INFO - [2026-07-29T17:26:51.460+0000] {dagbag.py:587} INFO - Filling up the DagBag from /home/airflow/.local/lib/python3.12/site-packages/airflow/example_dags/example_sensors.py
[2026-07-29T17:26:51.466+0000] {processor.py:925} INFO - DAG(s) 'example_sensors' retrieved from /home/airflow/.local/lib/python3.12/site-packages/airflow/example_dags/example_sensors.py
[2026-07-29T17:26:51.480+0000] {logging_mixin.py:190} INFO - [2026-07-29T17:26:51.480+0000] {dag.py:3211} INFO - Sync 1 DAGs
[2026-07-29T17:26:51.485+0000] {logging_mixin.py:190} INFO - [2026-07-29T17:26:51.485+0000] {dag.py:4138} INFO - Setting next_dagrun for example_sensors to None, run_after=None
[2026-07-29T17:26:51.496+0000] {processor.py:208} INFO - Processing /home/airflow/.local/lib/python3.12/site-packages/airflow/example_dags/example_sensors.py took 0.040 seconds
[2026-07-29T17:27:22.494+0000] {processor.py:186} INFO - Started process (PID=12596) to work on /home/airflow/.local/lib/python3.12/site-packages/airflow/example_dags/example_sensors.py
[2026-07-29T17:27:22.495+0000] {processor.py:914} INFO - Processing file /home/airflow/.local/lib/python3.12/site-packages/airflow/example_dags/example_sensors.py for tasks to queue
[2026-07-29T17:27:22.496+0000] {logging_mixin.py:190} INFO - [2026-07-29T17:27:22.496+0000] {dagbag.py:587} INFO - Filling up the DagBag from /home/airflow/.local/lib/python3.12/site-packages/airflow/example_dags/example_sensors.py
[2026-07-29T17:27:22.501+0000] {processor.py:925} INFO - DAG(s) 'example_sensors' retrieved from /home/airflow/.local/lib/python3.12/site-packages/airflow/example_dags/example_sensors.py
[2026-07-29T17:27:22.512+0000] {logging_mixin.py:190} INFO - [2026-07-29T17:27:22.512+0000] {dag.py:3211} INFO - Sync 1 DAGs
[2026-07-29T17:27:22.519+0000] {logging_mixin.py:190} INFO - [2026-07-29T17:27:22.519+0000] {dag.py:4138} INFO - Setting next_dagrun for example_sensors to None, run_after=None
[2026-07-29T17:27:22.529+0000] {processor.py:208} INFO - Processing /home/airflow/.local/lib/python3.12/site-packages/airflow/example_dags/example_sensors.py took 0.037 seconds
[2026-07-29T17:27:52.566+0000] {processor.py:186} INFO - Started process (PID=12662) to work on /home/airflow/.local/lib/python3.12/site-packages/airflow/example_dags/example_sensors.py
[2026-07-29T17:27:52.566+0000] {processor.py:914} INFO - Processing file /home/airflow/.local/lib/python3.12/site-packages/airflow/example_dags/example_sensors.py for tasks to queue
[2026-07-29T17:27:52.568+0000] {logging_mixin.py:190} INFO - [2026-07-29T17:27:52.568+0000] {dagbag.py:587} INFO - Filling up the DagBag from /home/airflow/.local/lib/python3.12/site-packages/airflow/example_dags/example_sensors.py
[2026-07-29T17:27:52.573+0000] {processor.py:925} INFO - DAG(s) 'example_sensors' retrieved from /home/airflow/.local/lib/python3.12/site-packages/airflow/example_dags/example_sensors.py
[2026-07-29T17:27:52.591+0000] {logging_mixin.py:190} INFO - [2026-07-29T17:27:52.591+0000] {dag.py:3211} INFO - Sync 1 DAGs
[2026-07-29T17:27:52.599+0000] {logging_mixin.py:190} INFO - [2026-07-29T17:27:52.599+0000] {dag.py:4138} INFO - Setting next_dagrun for example_sensors to None, run_after=None
[2026-07-29T17:27:52.610+0000] {processor.py:208} INFO - Processing /home/airflow/.local/lib/python3.12/site-packages/airflow/example_dags/example_sensors.py took 0.047 seconds
[2026-07-29T17:28:23.554+0000] {processor.py:186} INFO - Started process (PID=12728) to work on /home/airflow/.local/lib/python3.12/site-packages/airflow/example_dags/example_sensors.py
[2026-07-29T17:28:23.554+0000] {processor.py:914} INFO - Processing file /home/airflow/.local/lib/python3.12/site-packages/airflow/example_dags/example_sensors.py for tasks to queue
[2026-07-29T17:28:23.556+0000] {logging_mixin.py:190} INFO - [2026-07-29T17:28:23.556+0000] {dagbag.py:587} INFO - Filling up the DagBag from /home/airflow/.local/lib/python3.12/site-packages/airflow/example_dags/example_sensors.py
[2026-07-29T17:28:23.561+0000] {processor.py:925} INFO - DAG(s) 'example_sensors' retrieved from /home/airflow/.local/lib/python3.12/site-packages/airflow/example_dags/example_sensors.py
[2026-07-29T17:28:23.573+0000] {logging_mixin.py:190} INFO - [2026-07-29T17:28:23.573+0000] {dag.py:3211} INFO - Sync 1 DAGs
[2026-07-29T17:28:23.579+0000] {logging_mixin.py:190} INFO - [2026-07-29T17:28:23.578+0000] {dag.py:4138} INFO - Setting next_dagrun for example_sensors to None, run_after=None
[2026-07-29T17:28:23.593+0000] {processor.py:208} INFO - Processing /home/airflow/.local/lib/python3.12/site-packages/airflow/example_dags/example_sensors.py took 0.042 seconds
[2026-07-29T17:28:54.612+0000] {processor.py:186} INFO - Started process (PID=12800) to work on /home/airflow/.local/lib/python3.12/site-packages/airflow/example_dags/example_sensors.py
[2026-07-29T17:28:54.612+0000] {processor.py:914} INFO - Processing file /home/airflow/.local/lib/python3.12/site-packages/airflow/example_dags/example_sensors.py for tasks to queue
[2026-07-29T17:28:54.613+0000] {logging_mixin.py:190} INFO - [2026-07-29T17:28:54.613+0000] {dagbag.py:587} INFO - Filling up the DagBag from /home/airflow/.local/lib/python3.12/site-packages/airflow/example_dags/example_sensors.py
[2026-07-29T17:28:54.618+0000] {processor.py:925} INFO - DAG(s) 'example_sensors' retrieved from /home/airflow/.local/lib/python3.12/site-packages/airflow/example_dags/example_sensors.py
[2026-07-29T17:28:54.633+0000] {logging_mixin.py:190} INFO - [2026-07-29T17:28:54.633+0000] {dag.py:3211} INFO - Sync 1 DAGs
[2026-07-29T17:28:54.638+0000] {logging_mixin.py:190} INFO - [2026-07-29T17:28:54.637+0000] {dag.py:4138} INFO - Setting next_dagrun for example_sensors to None, run_after=None
[2026-07-29T17:28:54.649+0000] {processor.py:208} INFO - Processing /home/airflow/.local/lib/python3.12/site-packages/airflow/example_dags/example_sensors.py took 0.040 seconds
[2026-07-29T17:29:24.766+0000] {processor.py:186} INFO - Started process (PID=12866) to work on /home/airflow/.local/lib/python3.12/site-packages/airflow/example_dags/example_sensors.py
[2026-07-29T17:29:24.766+0000] {processor.py:914} INFO - Processing file /home/airflow/.local/lib/python3.12/site-packages/airflow/example_dags/example_sensors.py for tasks to queue
[2026-07-29T17:29:24.767+0000] {logging_mixin.py:190} INFO - [2026-07-29T17:29:24.767+0000] {dagbag.py:587} INFO - Filling up the DagBag from /home/airflow/.local/lib/python3.12/site-packages/airflow/example_dags/example_sensors.py
[2026-07-29T17:29:24.772+0000] {processor.py:925} INFO - DAG(s) 'example_sensors' retrieved from /home/airflow/.local/lib/python3.12/site-packages/airflow/example_dags/example_sensors.py
[2026-07-29T17:29:24.785+0000] {logging_mixin.py:190} INFO - [2026-07-29T17:29:24.785+0000] {dag.py:3211} INFO - Sync 1 DAGs
[2026-07-29T17:29:24.790+0000] {logging_mixin.py:190} INFO - [2026-07-29T17:29:24.790+0000] {dag.py:4138} INFO - Setting next_dagrun for example_sensors to None, run_after=None
[2026-07-29T17:29:24.803+0000] {processor.py:208} INFO - Processing /home/airflow/.local/lib/python3.12/site-packages/airflow/example_dags/example_sensors.py took 0.039 seconds
[2026-07-29T17:29:55.061+0000] {processor.py:186} INFO - Started process (PID=12932) to work on /home/airflow/.local/lib/python3.12/site-packages/airflow/example_dags/example_sensors.py
[2026-07-29T17:29:55.062+0000] {processor.py:914} INFO - Processing file /home/airflow/.local/lib/python3.12/site-packages/airflow/example_dags/example_sensors.py for tasks to queue
[2026-07-29T17:29:55.063+0000] {logging_mixin.py:190} INFO - [2026-07-29T17:29:55.063+0000] {dagbag.py:587} INFO - Filling up the DagBag from /home/airflow/.local/lib/python3.12/site-packages/airflow/example_dags/example_sensors.py
[2026-07-29T17:29:55.067+0000] {processor.py:925} INFO - DAG(s) 'example_sensors' retrieved from /home/airflow/.local/lib/python3.12/site-packages/airflow/example_dags/example_sensors.py
[2026-07-29T17:29:55.076+0000] {logging_mixin.py:190} INFO - [2026-07-29T17:29:55.076+0000] {dag.py:3211} INFO - Sync 1 DAGs
[2026-07-29T17:29:55.081+0000] {logging_mixin.py:190} INFO - [2026-07-29T17:29:55.081+0000] {dag.py:4138} INFO - Setting next_dagrun for example_sensors to None, run_after=None
[2026-07-29T17:29:55.087+0000] {processor.py:208} INFO - Processing /home/airflow/.local/lib/python3.12/site-packages/airflow/example_dags/example_sensors.py took 0.028 seconds
[2026-07-29T17:30:26.255+0000] {processor.py:186} INFO - Started process (PID=12998) to work on /home/airflow/.local/lib/python3.12/site-packages/airflow/example_dags/example_sensors.py
[2026-07-29T17:30:26.255+0000] {processor.py:914} INFO - Processing file /home/airflow/.local/lib/python3.12/site-packages/airflow/example_dags/example_sensors.py for tasks to queue
[2026-07-29T17:30:26.256+0000] {logging_mixin.py:190} INFO - [2026-07-29T17:30:26.256+0000] {dagbag.py:587} INFO - Filling up the DagBag from /home/airflow/.local/lib/python3.12/site-packages/airflow/example_dags/example_sensors.py
[2026-07-29T17:30:26.261+0000] {processor.py:925} INFO - DAG(s) 'example_sensors' retrieved from /home/airflow/.local/lib/python3.12/site-packages/airflow/example_dags/example_sensors.py
[2026-07-29T17:30:26.271+0000] {logging_mixin.py:190} INFO - [2026-07-29T17:30:26.271+0000] {dag.py:3211} INFO - Sync 1 DAGs
[2026-07-29T17:30:26.279+0000] {logging_mixin.py:190} INFO - [2026-07-29T17:30:26.279+0000] {dag.py:4138} INFO - Setting next_dagrun for example_sensors to None, run_after=None
[2026-07-29T17:30:26.286+0000] {processor.py:208} INFO - Processing /home/airflow/.local/lib/python3.12/site-packages/airflow/example_dags/example_sensors.py took 0.035 seconds
[2026-07-29T17:30:56.638+0000] {processor.py:186} INFO - Started process (PID=13064) to work on /home/airflow/.local/lib/python3.12/site-packages/airflow/example_dags/example_sensors.py
[2026-07-29T17:30:56.640+0000] {processor.py:914} INFO - Processing file /home/airflow/.local/lib/python3.12/site-packages/airflow/example_dags/example_sensors.py for tasks to queue
[2026-07-29T17:30:56.641+0000] {logging_mixin.py:190} INFO - [2026-07-29T17:30:56.641+0000] {dagbag.py:587} INFO - Filling up the DagBag from /home/airflow/.local/lib/python3.12/site-packages/airflow/example_dags/example_sensors.py
[2026-07-29T17:30:56.646+0000] {processor.py:925} INFO - DAG(s) 'example_sensors' retrieved from /home/airflow/.local/lib/python3.12/site-packages/airflow/example_dags/example_sensors.py
[2026-07-29T17:30:56.661+0000] {logging_mixin.py:190} INFO - [2026-07-29T17:30:56.661+0000] {dag.py:3211} INFO - Sync 1 DAGs
[2026-07-29T17:30:56.666+0000] {logging_mixin.py:190} INFO - [2026-07-29T17:30:56.666+0000] {dag.py:4138} INFO - Setting next_dagrun for example_sensors to None, run_after=None
[2026-07-29T17:30:56.676+0000] {processor.py:208} INFO - Processing /home/airflow/.local/lib/python3.12/site-packages/airflow/example_dags/example_sensors.py took 0.040 seconds
[2026-07-29T17:31:26.764+0000] {processor.py:186} INFO - Started process (PID=13130) to work on /home/airflow/.local/lib/python3.12/site-packages/airflow/example_dags/example_sensors.py
[2026-07-29T17:31:26.765+0000] {processor.py:914} INFO - Processing file /home/airflow/.local/lib/python3.12/site-packages/airflow/example_dags/example_sensors.py for tasks to queue
[2026-07-29T17:31:26.766+0000] {logging_mixin.py:190} INFO - [2026-07-29T17:31:26.766+0000] {dagbag.py:587} INFO - Filling up the DagBag from /home/airflow/.local/lib/python3.12/site-packages/airflow/example_dags/example_sensors.py
[2026-07-29T17:31:26.771+0000] {processor.py:925} INFO - DAG(s) 'example_sensors' retrieved from /home/airflow/.local/lib/python3.12/site-packages/airflow/example_dags/example_sensors.py
[2026-07-29T17:31:26.781+0000] {logging_mixin.py:190} INFO - [2026-07-29T17:31:26.781+0000] {dag.py:3211} INFO - Sync 1 DAGs
[2026-07-29T17:31:26.786+0000] {logging_mixin.py:190} INFO - [2026-07-29T17:31:26.786+0000] {dag.py:4138} INFO - Setting next_dagrun for example_sensors to None, run_after=None
[2026-07-29T17:31:26.795+0000] {processor.py:208} INFO - Processing /home/airflow/.local/lib/python3.12/site-packages/airflow/example_dags/example_sensors.py took 0.033 seconds
[2026-07-29T17:31:56.995+0000] {processor.py:186} INFO - Started process (PID=13196) to work on /home/airflow/.local/lib/python3.12/site-packages/airflow/example_dags/example_sensors.py
[2026-07-29T17:31:56.995+0000] {processor.py:914} INFO - Processing file /home/airflow/.local/lib/python3.12/site-packages/airflow/example_dags/example_sensors.py for tasks to queue
[2026-07-29T17:31:56.996+0000] {logging_mixin.py:190} INFO - [2026-07-29T17:31:56.996+0000] {dagbag.py:587} INFO - Filling up the DagBag from /home/airflow/.local/lib/python3.12/site-packages/airflow/example_dags/example_sensors.py
[2026-07-29T17:31:57.002+0000] {processor.py:925} INFO - DAG(s) 'example_sensors' retrieved from /home/airflow/.local/lib/python3.12/site-packages/airflow/example_dags/example_sensors.py
[2026-07-29T17:31:57.014+0000] {logging_mixin.py:190} INFO - [2026-07-29T17:31:57.013+0000] {dag.py:3211} INFO - Sync 1 DAGs
[2026-07-29T17:31:57.019+0000] {logging_mixin.py:190} INFO - [2026-07-29T17:31:57.019+0000] {dag.py:4138} INFO - Setting next_dagrun for example_sensors to None, run_after=None
[2026-07-29T17:31:57.026+0000] {processor.py:208} INFO - Processing /home/airflow/.local/lib/python3.12/site-packages/airflow/example_dags/example_sensors.py took 0.034 seconds
[2026-07-29T17:32:27.241+0000] {processor.py:186} INFO - Started process (PID=13262) to work on /home/airflow/.local/lib/python3.12/site-packages/airflow/example_dags/example_sensors.py
[2026-07-29T17:32:27.242+0000] {processor.py:914} INFO - Processing file /home/airflow/.local/lib/python3.12/site-packages/airflow/example_dags/example_sensors.py for tasks to queue
[2026-07-29T17:32:27.243+0000] {logging_mixin.py:190} INFO - [2026-07-29T17:32:27.242+0000] {dagbag.py:587} INFO - Filling up the DagBag from /home/airflow/.local/lib/python3.12/site-packages/airflow/example_dags/example_sensors.py
[2026-07-29T17:32:27.248+0000] {processor.py:925} INFO - DAG(s) 'example_sensors' retrieved from /home/airflow/.local/lib/python3.12/site-packages/airflow/example_dags/example_sensors.py
[2026-07-29T17:32:27.258+0000] {logging_mixin.py:190} INFO - [2026-07-29T17:32:27.258+0000] {dag.py:3211} INFO - Sync 1 DAGs
[2026-07-29T17:32:27.264+0000] {logging_mixin.py:190} INFO - [2026-07-29T17:32:27.264+0000] {dag.py:4138} INFO - Setting next_dagrun for example_sensors to None, run_after=None
[2026-07-29T17:32:27.270+0000] {processor.py:208} INFO - Processing /home/airflow/.local/lib/python3.12/site-packages/airflow/example_dags/example_sensors.py took 0.031 seconds
[2026-07-29T17:32:57.608+0000] {processor.py:186} INFO - Started process (PID=13328) to work on /home/airflow/.local/lib/python3.12/site-packages/airflow/example_dags/example_sensors.py
[2026-07-29T17:32:57.610+0000] {processor.py:914} INFO - Processing file /home/airflow/.local/lib/python3.12/site-packages/airflow/example_dags/example_sensors.py for tasks to queue
[2026-07-29T17:32:57.611+0000] {logging_mixin.py:190} INFO - [2026-07-29T17:32:57.611+0000] {dagbag.py:587} INFO - Filling up the DagBag from /home/airflow/.local/lib/python3.12/site-packages/airflow/example_dags/example_sensors.py
[2026-07-29T17:32:57.617+0000] {processor.py:925} INFO - DAG(s) 'example_sensors' retrieved from /home/airflow/.local/lib/python3.12/site-packages/airflow/example_dags/example_sensors.py
[2026-07-29T17:32:57.630+0000] {logging_mixin.py:190} INFO - [2026-07-29T17:32:57.630+0000] {dag.py:3211} INFO - Sync 1 DAGs
[2026-07-29T17:32:57.637+0000] {logging_mixin.py:190} INFO - [2026-07-29T17:32:57.637+0000] {dag.py:4138} INFO - Setting next_dagrun for example_sensors to None, run_after=None
[2026-07-29T17:32:57.646+0000] {processor.py:208} INFO - Processing /home/airflow/.local/lib/python3.12/site-packages/airflow/example_dags/example_sensors.py took 0.041 seconds
[2026-07-29T17:33:27.777+0000] {processor.py:186} INFO - Started process (PID=13394) to work on /home/airflow/.local/lib/python3.12/site-packages/airflow/example_dags/example_sensors.py
[2026-07-29T17:33:27.777+0000] {processor.py:914} INFO - Processing file /home/airflow/.local/lib/python3.12/site-packages/airflow/example_dags/example_sensors.py for tasks to queue
[2026-07-29T17:33:27.778+0000] {logging_mixin.py:190} INFO - [2026-07-29T17:33:27.778+0000] {dagbag.py:587} INFO - Filling up the DagBag from /home/airflow/.local/lib/python3.12/site-packages/airflow/example_dags/example_sensors.py
[2026-07-29T17:33:27.783+0000] {processor.py:925} INFO - DAG(s) 'example_sensors' retrieved from /home/airflow/.local/lib/python3.12/site-packages/airflow/example_dags/example_sensors.py
[2026-07-29T17:33:27.797+0000] {logging_mixin.py:190} INFO - [2026-07-29T17:33:27.797+0000] {dag.py:3211} INFO - Sync 1 DAGs
[2026-07-29T17:33:27.804+0000] {logging_mixin.py:190} INFO - [2026-07-29T17:33:27.804+0000] {dag.py:4138} INFO - Setting next_dagrun for example_sensors to None, run_after=None
[2026-07-29T17:33:27.816+0000] {processor.py:208} INFO - Processing /home/airflow/.local/lib/python3.12/site-packages/airflow/example_dags/example_sensors.py took 0.042 seconds
[2026-07-29T17:33:58.349+0000] {processor.py:186} INFO - Started process (PID=13460) to work on /home/airflow/.local/lib/python3.12/site-packages/airflow/example_dags/example_sensors.py
[2026-07-29T17:33:58.349+0000] {processor.py:914} INFO - Processing file /home/airflow/.local/lib/python3.12/site-packages/airflow/example_dags/example_sensors.py for tasks to queue
[2026-07-29T17:33:58.351+0000] {logging_mixin.py:190} INFO - [2026-07-29T17:33:58.350+0000] {dagbag.py:587} INFO - Filling up the DagBag from /home/airflow/.local/lib/python3.12/site-packages/airflow/example_dags/example_sensors.py
[2026-07-29T17:33:58.356+0000] {processor.py:925} INFO - DAG(s) 'example_sensors' retrieved from /home/airflow/.local/lib/python3.12/site-packages/airflow/example_dags/example_sensors.py
[2026-07-29T17:33:58.372+0000] {logging_mixin.py:190} INFO - [2026-07-29T17:33:58.371+0000] {dag.py:3211} INFO - Sync 1 DAGs
[2026-07-29T17:33:58.378+0000] {logging_mixin.py:190} INFO - [2026-07-29T17:33:58.378+0000] {dag.py:4138} INFO - Setting next_dagrun for example_sensors to None, run_after=None
[2026-07-29T17:33:58.393+0000] {processor.py:208} INFO - Processing /home/airflow/.local/lib/python3.12/site-packages/airflow/example_dags/example_sensors.py took 0.047 seconds
[2026-07-29T17:34:29.376+0000] {processor.py:186} INFO - Started process (PID=13526) to work on /home/airflow/.local/lib/python3.12/site-packages/airflow/example_dags/example_sensors.py
[2026-07-29T17:34:29.376+0000] {processor.py:914} INFO - Processing file /home/airflow/.local/lib/python3.12/site-packages/airflow/example_dags/example_sensors.py for tasks to queue
[2026-07-29T17:34:29.378+0000] {logging_mixin.py:190} INFO - [2026-07-29T17:34:29.378+0000] {dagbag.py:587} INFO - Filling up the DagBag from /home/airflow/.local/lib/python3.12/site-packages/airflow/example_dags/example_sensors.py
[2026-07-29T17:34:29.387+0000] {processor.py:925} INFO - DAG(s) 'example_sensors' retrieved from /home/airflow/.local/lib/python3.12/site-packages/airflow/example_dags/example_sensors.py
[2026-07-29T17:34:29.406+0000] {logging_mixin.py:190} INFO - [2026-07-29T17:34:29.406+0000] {dag.py:3211} INFO - Sync 1 DAGs
[2026-07-29T17:34:29.413+0000] {logging_mixin.py:190} INFO - [2026-07-29T17:34:29.413+0000] {dag.py:4138} INFO - Setting next_dagrun for example_sensors to None, run_after=None
[2026-07-29T17:34:29.420+0000] {processor.py:208} INFO - Processing /home/airflow/.local/lib/python3.12/site-packages/airflow/example_dags/example_sensors.py took 0.047 seconds
[2026-07-29T17:35:00.359+0000] {processor.py:186} INFO - Started process (PID=13592) to work on /home/airflow/.local/lib/python3.12/site-packages/airflow/example_dags/example_sensors.py
[2026-07-29T17:35:00.360+0000] {processor.py:914} INFO - Processing file /home/airflow/.local/lib/python3.12/site-packages/airflow/example_dags/example_sensors.py for tasks to queue
[2026-07-29T17:35:00.361+0000] {logging_mixin.py:190} INFO - [2026-07-29T17:35:00.361+0000] {dagbag.py:587} INFO - Filling up the DagBag from /home/airflow/.local/lib/python3.12/site-packages/airflow/example_dags/example_sensors.py
[2026-07-29T17:35:00.366+0000] {processor.py:925} INFO - DAG(s) 'example_sensors' retrieved from /home/airflow/.local/lib/python3.12/site-packages/airflow/example_dags/example_sensors.py
[2026-07-29T17:35:00.387+0000] {logging_mixin.py:190} INFO - [2026-07-29T17:35:00.387+0000] {dag.py:3211} INFO - Sync 1 DAGs
[2026-07-29T17:35:00.393+0000] {logging_mixin.py:190} INFO - [2026-07-29T17:35:00.393+0000] {dag.py:4138} INFO - Setting next_dagrun for example_sensors to None, run_after=None
[2026-07-29T17:35:00.403+0000] {processor.py:208} INFO - Processing /home/airflow/.local/lib/python3.12/site-packages/airflow/example_dags/example_sensors.py took 0.046 seconds
[2026-07-29T17:35:30.504+0000] {processor.py:186} INFO - Started process (PID=13658) to work on /home/airflow/.local/lib/python3.12/site-packages/airflow/example_dags/example_sensors.py
[2026-07-29T17:35:30.505+0000] {processor.py:914} INFO - Processing file /home/airflow/.local/lib/python3.12/site-packages/airflow/example_dags/example_sensors.py for tasks to queue
[2026-07-29T17:35:30.506+0000] {logging_mixin.py:190} INFO - [2026-07-29T17:35:30.506+0000] {dagbag.py:587} INFO - Filling up the DagBag from /home/airflow/.local/lib/python3.12/site-packages/airflow/example_dags/example_sensors.py
[2026-07-29T17:35:30.511+0000] {processor.py:925} INFO - DAG(s) 'example_sensors' retrieved from /home/airflow/.local/lib/python3.12/site-packages/airflow/example_dags/example_sensors.py
[2026-07-29T17:35:30.530+0000] {logging_mixin.py:190} INFO - [2026-07-29T17:35:30.530+0000] {dag.py:3211} INFO - Sync 1 DAGs
[2026-07-29T17:35:30.539+0000] {logging_mixin.py:190} INFO - [2026-07-29T17:35:30.539+0000] {dag.py:4138} INFO - Setting next_dagrun for example_sensors to None, run_after=None
[2026-07-29T17:35:30.551+0000] {processor.py:208} INFO - Processing /home/airflow/.local/lib/python3.12/site-packages/airflow/example_dags/example_sensors.py took 0.050 seconds
[2026-07-29T17:36:00.601+0000] {processor.py:186} INFO - Started process (PID=13724) to work on /home/airflow/.local/lib/python3.12/site-packages/airflow/example_dags/example_sensors.py
[2026-07-29T17:36:00.601+0000] {processor.py:914} INFO - Processing file /home/airflow/.local/lib/python3.12/site-packages/airflow/example_dags/example_sensors.py for tasks to queue
[2026-07-29T17:36:00.602+0000] {logging_mixin.py:190} INFO - [2026-07-29T17:36:00.602+0000] {dagbag.py:587} INFO - Filling up the DagBag from /home/airflow/.local/lib/python3.12/site-packages/airflow/example_dags/example_sensors.py
[2026-07-29T17:36:00.608+0000] {processor.py:925} INFO - DAG(s) 'example_sensors' retrieved from /home/airflow/.local/lib/python3.12/site-packages/airflow/example_dags/example_sensors.py
[2026-07-29T17:36:00.624+0000] {logging_mixin.py:190} INFO - [2026-07-29T17:36:00.624+0000] {dag.py:3211} INFO - Sync 1 DAGs
[2026-07-29T17:36:00.630+0000] {logging_mixin.py:190} INFO - [2026-07-29T17:36:00.630+0000] {dag.py:4138} INFO - Setting next_dagrun for example_sensors to None, run_after=None
[2026-07-29T17:36:00.637+0000] {processor.py:208} INFO - Processing /home/airflow/.local/lib/python3.12/site-packages/airflow/example_dags/example_sensors.py took 0.039 seconds
[2026-07-29T17:36:30.828+0000] {processor.py:186} INFO - Started process (PID=13790) to work on /home/airflow/.local/lib/python3.12/site-packages/airflow/example_dags/example_sensors.py
[2026-07-29T17:36:30.828+0000] {processor.py:914} INFO - Processing file /home/airflow/.local/lib/python3.12/site-packages/airflow/example_dags/example_sensors.py for tasks to queue
[2026-07-29T17:36:30.829+0000] {logging_mixin.py:190} INFO - [2026-07-29T17:36:30.829+0000] {dagbag.py:587} INFO - Filling up the DagBag from /home/airflow/.local/lib/python3.12/site-packages/airflow/example_dags/example_sensors.py
[2026-07-29T17:36:30.834+0000] {processor.py:925} INFO - DAG(s) 'example_sensors' retrieved from /home/airflow/.local/lib/python3.12/site-packages/airflow/example_dags/example_sensors.py
[2026-07-29T17:36:30.849+0000] {logging_mixin.py:190} INFO - [2026-07-29T17:36:30.849+0000] {dag.py:3211} INFO - Sync 1 DAGs
[2026-07-29T17:36:30.857+0000] {logging_mixin.py:190} INFO - [2026-07-29T17:36:30.857+0000] {dag.py:4138} INFO - Setting next_dagrun for example_sensors to None, run_after=None
[2026-07-29T17:36:30.866+0000] {processor.py:208} INFO - Processing /home/airflow/.local/lib/python3.12/site-packages/airflow/example_dags/example_sensors.py took 0.040 seconds
[2026-07-29T17:37:01.864+0000] {processor.py:186} INFO - Started process (PID=13856) to work on /home/airflow/.local/lib/python3.12/site-packages/airflow/example_dags/example_sensors.py
[2026-07-29T17:37:01.864+0000] {processor.py:914} INFO - Processing file /home/airflow/.local/lib/python3.12/site-packages/airflow/example_dags/example_sensors.py for tasks to queue
[2026-07-29T17:37:01.865+0000] {logging_mixin.py:190} INFO - [2026-07-29T17:37:01.865+0000] {dagbag.py:587} INFO - Filling up the DagBag from /home/airflow/.local/lib/python3.12/site-packages/airflow/example_dags/example_sensors.py
[2026-07-29T17:37:01.870+0000] {processor.py:925} INFO - DAG(s) 'example_sensors' retrieved from /home/airflow/.local/lib/python3.12/site-packages/airflow/example_dags/example_sensors.py
[2026-07-29T17:37:01.881+0000] {logging_mixin.py:190} INFO - [2026-07-29T17:37:01.881+0000] {dag.py:3211} INFO - Sync 1 DAGs
[2026-07-29T17:37:01.888+0000] {logging_mixin.py:190} INFO - [2026-07-29T17:37:01.888+0000] {dag.py:4138} INFO - Setting next_dagrun for example_sensors to None, run_after=None
[2026-07-29T17:37:01.900+0000] {processor.py:208} INFO - Processing /home/airflow/.local/lib/python3.12/site-packages/airflow/example_dags/example_sensors.py took 0.039 seconds
[2026-07-29T17:37:31.961+0000] {processor.py:186} INFO - Started process (PID=13922) to work on /home/airflow/.local/lib/python3.12/site-packages/airflow/example_dags/example_sensors.py
[2026-07-29T17:37:31.962+0000] {processor.py:914} INFO - Processing file /home/airflow/.local/lib/python3.12/site-packages/airflow/example_dags/example_sensors.py for tasks to queue
[2026-07-29T17:37:31.963+0000] {logging_mixin.py:190} INFO - [2026-07-29T17:37:31.963+0000] {dagbag.py:587} INFO - Filling up the DagBag from /home/airflow/.local/lib/python3.12/site-packages/airflow/example_dags/example_sensors.py
[2026-07-29T17:37:31.969+0000] {processor.py:925} INFO - DAG(s) 'example_sensors' retrieved from /home/airflow/.local/lib/python3.12/site-packages/airflow/example_dags/example_sensors.py
[2026-07-29T17:37:31.985+0000] {logging_mixin.py:190} INFO - [2026-07-29T17:37:31.984+0000] {dag.py:3211} INFO - Sync 1 DAGs
[2026-07-29T17:37:31.991+0000] {logging_mixin.py:190} INFO - [2026-07-29T17:37:31.991+0000] {dag.py:4138} INFO - Setting next_dagrun for example_sensors to None, run_after=None
[2026-07-29T17:37:31.997+0000] {processor.py:208} INFO - Processing /home/airflow/.local/lib/python3.12/site-packages/airflow/example_dags/example_sensors.py took 0.039 seconds
[2026-07-29T17:38:02.988+0000] {processor.py:186} INFO - Started process (PID=13988) to work on /home/airflow/.local/lib/python3.12/site-packages/airflow/example_dags/example_sensors.py
[2026-07-29T17:38:02.988+0000] {processor.py:914} INFO - Processing file /home/airflow/.local/lib/python3.12/site-packages/airflow/example_dags/example_sensors.py for tasks to queue
[2026-07-29T17:38:02.989+0000] {logging_mixin.py:190} INFO - [2026-07-29T17:38:02.989+0000] {dagbag.py:587} INFO - Filling up the DagBag from /home/airflow/.local/lib/python3.12/site-packages/airflow/example_dags/example_sensors.py
[2026-07-29T17:38:02.994+0000] {processor.py:925} INFO - DAG(s) 'example_sensors' retrieved from /home/airflow/.local/lib/python3.12/site-packages/airflow/example_dags/example_sensors.py
[2026-07-29T17:38:03.005+0000] {logging_mixin.py:190} INFO - [2026-07-29T17:38:03.004+0000] {dag.py:3211} INFO - Sync 1 DAGs
[2026-07-29T17:38:03.009+0000] {logging_mixin.py:190} INFO - [2026-07-29T17:38:03.009+0000] {dag.py:4138} INFO - Setting next_dagrun for example_sensors to None, run_after=None
[2026-07-29T17:38:03.021+0000] {processor.py:208} INFO - Processing /home/airflow/.local/lib/python3.12/site-packages/airflow/example_dags/example_sensors.py took 0.036 seconds
[2026-07-29T17:38:33.949+0000] {processor.py:186} INFO - Started process (PID=14054) to work on /home/airflow/.local/lib/python3.12/site-packages/airflow/example_dags/example_sensors.py
[2026-07-29T17:38:33.950+0000] {processor.py:914} INFO - Processing file /home/airflow/.local/lib/python3.12/site-packages/airflow/example_dags/example_sensors.py for tasks to queue
[2026-07-29T17:38:33.951+0000] {logging_mixin.py:190} INFO - [2026-07-29T17:38:33.951+0000] {dagbag.py:587} INFO - Filling up the DagBag from /home/airflow/.local/lib/python3.12/site-packages/airflow/example_dags/example_sensors.py
[2026-07-29T17:38:33.957+0000] {processor.py:925} INFO - DAG(s) 'example_sensors' retrieved from /home/airflow/.local/lib/python3.12/site-packages/airflow/example_dags/example_sensors.py
[2026-07-29T17:38:33.971+0000] {logging_mixin.py:190} INFO - [2026-07-29T17:38:33.970+0000] {dag.py:3211} INFO - Sync 1 DAGs
[2026-07-29T17:38:33.980+0000] {logging_mixin.py:190} INFO - [2026-07-29T17:38:33.980+0000] {dag.py:4138} INFO - Setting next_dagrun for example_sensors to None, run_after=None
[2026-07-29T17:38:33.992+0000] {processor.py:208} INFO - Processing /home/airflow/.local/lib/python3.12/site-packages/airflow/example_dags/example_sensors.py took 0.046 seconds
[2026-07-29T17:39:04.523+0000] {processor.py:186} INFO - Started process (PID=14120) to work on /home/airflow/.local/lib/python3.12/site-packages/airflow/example_dags/example_sensors.py
[2026-07-29T17:39:04.524+0000] {processor.py:914} INFO - Processing file /home/airflow/.local/lib/python3.12/site-packages/airflow/example_dags/example_sensors.py for tasks to queue
[2026-07-29T17:39:04.526+0000] {logging_mixin.py:190} INFO - [2026-07-29T17:39:04.525+0000] {dagbag.py:587} INFO - Filling up the DagBag from /home/airflow/.local/lib/python3.12/site-packages/airflow/example_dags/example_sensors.py
[2026-07-29T17:39:04.531+0000] {processor.py:925} INFO - DAG(s) 'example_sensors' retrieved from /home/airflow/.local/lib/python3.12/site-packages/airflow/example_dags/example_sensors.py
[2026-07-29T17:39:04.550+0000] {logging_mixin.py:190} INFO - [2026-07-29T17:39:04.550+0000] {dag.py:3211} INFO - Sync 1 DAGs
[2026-07-29T17:39:04.555+0000] {logging_mixin.py:190} INFO - [2026-07-29T17:39:04.555+0000] {dag.py:4138} INFO - Setting next_dagrun for example_sensors to None, run_after=None
[2026-07-29T17:39:04.563+0000] {processor.py:208} INFO - Processing /home/airflow/.local/lib/python3.12/site-packages/airflow/example_dags/example_sensors.py took 0.043 seconds
[2026-07-29T17:39:35.600+0000] {processor.py:186} INFO - Started process (PID=14186) to work on /home/airflow/.local/lib/python3.12/site-packages/airflow/example_dags/example_sensors.py
[2026-07-29T17:39:35.600+0000] {processor.py:914} INFO - Processing file /home/airflow/.local/lib/python3.12/site-packages/airflow/example_dags/example_sensors.py for tasks to queue
[2026-07-29T17:39:35.602+0000] {logging_mixin.py:190} INFO - [2026-07-29T17:39:35.602+0000] {dagbag.py:587} INFO - Filling up the DagBag from /home/airflow/.local/lib/python3.12/site-packages/airflow/example_dags/example_sensors.py
[2026-07-29T17:39:35.608+0000] {processor.py:925} INFO - DAG(s) 'example_sensors' retrieved from /home/airflow/.local/lib/python3.12/site-packages/airflow/example_dags/example_sensors.py
[2026-07-29T17:39:35.619+0000] {logging_mixin.py:190} INFO - [2026-07-29T17:39:35.619+0000] {dag.py:3211} INFO - Sync 1 DAGs
[2026-07-29T17:39:35.625+0000] {logging_mixin.py:190} INFO - [2026-07-29T17:39:35.624+0000] {dag.py:4138} INFO - Setting next_dagrun for example_sensors to None, run_after=None
[2026-07-29T17:39:35.636+0000] {processor.py:208} INFO - Processing /home/airflow/.local/lib/python3.12/site-packages/airflow/example_dags/example_sensors.py took 0.039 seconds
[2026-07-29T17:40:06.587+0000] {processor.py:186} INFO - Started process (PID=14252) to work on /home/airflow/.local/lib/python3.12/site-packages/airflow/example_dags/example_sensors.py
[2026-07-29T17:40:06.588+0000] {processor.py:914} INFO - Processing file /home/airflow/.local/lib/python3.12/site-packages/airflow/example_dags/example_sensors.py for tasks to queue
[2026-07-29T17:40:06.590+0000] {logging_mixin.py:190} INFO - [2026-07-29T17:40:06.590+0000] {dagbag.py:587} INFO - Filling up the DagBag from /home/airflow/.local/lib/python3.12/site-packages/airflow/example_dags/example_sensors.py
[2026-07-29T17:40:06.595+0000] {processor.py:925} INFO - DAG(s) 'example_sensors' retrieved from /home/airflow/.local/lib/python3.12/site-packages/airflow/example_dags/example_sensors.py
[2026-07-29T17:40:06.610+0000] {logging_mixin.py:190} INFO - [2026-07-29T17:40:06.610+0000] {dag.py:3211} INFO - Sync 1 DAGs
[2026-07-29T17:40:06.618+0000] {logging_mixin.py:190} INFO - [2026-07-29T17:40:06.618+0000] {dag.py:4138} INFO - Setting next_dagrun for example_sensors to None, run_after=None
[2026-07-29T17:40:06.626+0000] {processor.py:208} INFO - Processing /home/airflow/.local/lib/python3.12/site-packages/airflow/example_dags/example_sensors.py took 0.042 seconds
[2026-07-29T17:40:37.586+0000] {processor.py:186} INFO - Started process (PID=14318) to work on /home/airflow/.local/lib/python3.12/site-packages/airflow/example_dags/example_sensors.py
[2026-07-29T17:40:37.587+0000] {processor.py:914} INFO - Processing file /home/airflow/.local/lib/python3.12/site-packages/airflow/example_dags/example_sensors.py for tasks to queue
[2026-07-29T17:40:37.589+0000] {logging_mixin.py:190} INFO - [2026-07-29T17:40:37.589+0000] {dagbag.py:587} INFO - Filling up the DagBag from /home/airflow/.local/lib/python3.12/site-packages/airflow/example_dags/example_sensors.py
[2026-07-29T17:40:37.595+0000] {processor.py:925} INFO - DAG(s) 'example_sensors' retrieved from /home/airflow/.local/lib/python3.12/site-packages/airflow/example_dags/example_sensors.py
[2026-07-29T17:40:37.609+0000] {logging_mixin.py:190} INFO - [2026-07-29T17:40:37.608+0000] {dag.py:3211} INFO - Sync 1 DAGs
[2026-07-29T17:40:37.616+0000] {logging_mixin.py:190} INFO - [2026-07-29T17:40:37.616+0000] {dag.py:4138} INFO - Setting next_dagrun for example_sensors to None, run_after=None
[2026-07-29T17:40:37.623+0000] {processor.py:208} INFO - Processing /home/airflow/.local/lib/python3.12/site-packages/airflow/example_dags/example_sensors.py took 0.039 seconds
[2026-07-29T17:41:08.544+0000] {processor.py:186} INFO - Started process (PID=14384) to work on /home/airflow/.local/lib/python3.12/site-packages/airflow/example_dags/example_sensors.py
[2026-07-29T17:41:08.546+0000] {processor.py:914} INFO - Processing file /home/airflow/.local/lib/python3.12/site-packages/airflow/example_dags/example_sensors.py for tasks to queue
[2026-07-29T17:41:08.548+0000] {logging_mixin.py:190} INFO - [2026-07-29T17:41:08.548+0000] {dagbag.py:587} INFO - Filling up the DagBag from /home/airflow/.local/lib/python3.12/site-packages/airflow/example_dags/example_sensors.py
[2026-07-29T17:41:08.553+0000] {processor.py:925} INFO - DAG(s) 'example_sensors' retrieved from /home/airflow/.local/lib/python3.12/site-packages/airflow/example_dags/example_sensors.py
[2026-07-29T17:41:08.568+0000] {logging_mixin.py:190} INFO - [2026-07-29T17:41:08.568+0000] {dag.py:3211} INFO - Sync 1 DAGs
[2026-07-29T17:41:08.573+0000] {logging_mixin.py:190} INFO - [2026-07-29T17:41:08.573+0000] {dag.py:4138} INFO - Setting next_dagrun for example_sensors to None, run_after=None
[2026-07-29T17:41:08.580+0000] {processor.py:208} INFO - Processing /home/airflow/.local/lib/python3.12/site-packages/airflow/example_dags/example_sensors.py took 0.039 seconds
[2026-07-29T17:41:39.585+0000] {processor.py:186} INFO - Started process (PID=14450) to work on /home/airflow/.local/lib/python3.12/site-packages/airflow/example_dags/example_sensors.py
[2026-07-29T17:41:39.586+0000] {processor.py:914} INFO - Processing file /home/airflow/.local/lib/python3.12/site-packages/airflow/example_dags/example_sensors.py for tasks to queue
[2026-07-29T17:41:39.587+0000] {logging_mixin.py:190} INFO - [2026-07-29T17:41:39.587+0000] {dagbag.py:587} INFO - Filling up the DagBag from /home/airflow/.local/lib/python3.12/site-packages/airflow/example_dags/example_sensors.py
[2026-07-29T17:41:39.592+0000] {processor.py:925} INFO - DAG(s) 'example_sensors' retrieved from /home/airflow/.local/lib/python3.12/site-packages/airflow/example_dags/example_sensors.py
[2026-07-29T17:41:39.605+0000] {logging_mixin.py:190} INFO - [2026-07-29T17:41:39.605+0000] {dag.py:3211} INFO - Sync 1 DAGs
[2026-07-29T17:41:39.609+0000] {logging_mixin.py:190} INFO - [2026-07-29T17:41:39.609+0000] {dag.py:4138} INFO - Setting next_dagrun for example_sensors to None, run_after=None
[2026-07-29T17:41:39.618+0000] {processor.py:208} INFO - Processing /home/airflow/.local/lib/python3.12/site-packages/airflow/example_dags/example_sensors.py took 0.036 seconds
[2026-07-29T17:42:10.584+0000] {processor.py:186} INFO - Started process (PID=14516) to work on /home/airflow/.local/lib/python3.12/site-packages/airflow/example_dags/example_sensors.py
[2026-07-29T17:42:10.584+0000] {processor.py:914} INFO - Processing file /home/airflow/.local/lib/python3.12/site-packages/airflow/example_dags/example_sensors.py for tasks to queue
[2026-07-29T17:42:10.586+0000] {logging_mixin.py:190} INFO - [2026-07-29T17:42:10.586+0000] {dagbag.py:587} INFO - Filling up the DagBag from /home/airflow/.local/lib/python3.12/site-packages/airflow/example_dags/example_sensors.py
[2026-07-29T17:42:10.592+0000] {processor.py:925} INFO - DAG(s) 'example_sensors' retrieved from /home/airflow/.local/lib/python3.12/site-packages/airflow/example_dags/example_sensors.py
[2026-07-29T17:42:10.605+0000] {logging_mixin.py:190} INFO - [2026-07-29T17:42:10.605+0000] {dag.py:3211} INFO - Sync 1 DAGs
[2026-07-29T17:42:10.611+0000] {logging_mixin.py:190} INFO - [2026-07-29T17:42:10.611+0000] {dag.py:4138} INFO - Setting next_dagrun for example_sensors to None, run_after=None
[2026-07-29T17:42:10.621+0000] {processor.py:208} INFO - Processing /home/airflow/.local/lib/python3.12/site-packages/airflow/example_dags/example_sensors.py took 0.040 seconds
[2026-07-29T17:42:41.539+0000] {processor.py:186} INFO - Started process (PID=14582) to work on /home/airflow/.local/lib/python3.12/site-packages/airflow/example_dags/example_sensors.py
[2026-07-29T17:42:41.541+0000] {processor.py:914} INFO - Processing file /home/airflow/.local/lib/python3.12/site-packages/airflow/example_dags/example_sensors.py for tasks to queue
[2026-07-29T17:42:41.542+0000] {logging_mixin.py:190} INFO - [2026-07-29T17:42:41.542+0000] {dagbag.py:587} INFO - Filling up the DagBag from /home/airflow/.local/lib/python3.12/site-packages/airflow/example_dags/example_sensors.py
[2026-07-29T17:42:41.549+0000] {processor.py:925} INFO - DAG(s) 'example_sensors' retrieved from /home/airflow/.local/lib/python3.12/site-packages/airflow/example_dags/example_sensors.py
[2026-07-29T17:42:41.561+0000] {logging_mixin.py:190} INFO - [2026-07-29T17:42:41.561+0000] {dag.py:3211} INFO - Sync 1 DAGs
[2026-07-29T17:42:41.567+0000] {logging_mixin.py:190} INFO - [2026-07-29T17:42:41.567+0000] {dag.py:4138} INFO - Setting next_dagrun for example_sensors to None, run_after=None
[2026-07-29T17:42:41.576+0000] {processor.py:208} INFO - Processing /home/airflow/.local/lib/python3.12/site-packages/airflow/example_dags/example_sensors.py took 0.039 seconds
[2026-07-29T17:43:12.493+0000] {processor.py:186} INFO - Started process (PID=14648) to work on /home/airflow/.local/lib/python3.12/site-packages/airflow/example_dags/example_sensors.py
[2026-07-29T17:43:12.494+0000] {processor.py:914} INFO - Processing file /home/airflow/.local/lib/python3.12/site-packages/airflow/example_dags/example_sensors.py for tasks to queue
[2026-07-29T17:43:12.495+0000] {logging_mixin.py:190} INFO - [2026-07-29T17:43:12.495+0000] {dagbag.py:587} INFO - Filling up the DagBag from /home/airflow/.local/lib/python3.12/site-packages/airflow/example_dags/example_sensors.py
[2026-07-29T17:43:12.500+0000] {processor.py:925} INFO - DAG(s) 'example_sensors' retrieved from /home/airflow/.local/lib/python3.12/site-packages/airflow/example_dags/example_sensors.py
[2026-07-29T17:43:12.513+0000] {logging_mixin.py:190} INFO - [2026-07-29T17:43:12.513+0000] {dag.py:3211} INFO - Sync 1 DAGs
[2026-07-29T17:43:12.518+0000] {logging_mixin.py:190} INFO - [2026-07-29T17:43:12.518+0000] {dag.py:4138} INFO - Setting next_dagrun for example_sensors to None, run_after=None
[2026-07-29T17:43:12.527+0000] {processor.py:208} INFO - Processing /home/airflow/.local/lib/python3.12/site-packages/airflow/example_dags/example_sensors.py took 0.037 seconds
[2026-07-29T17:43:43.414+0000] {processor.py:186} INFO - Started process (PID=14714) to work on /home/airflow/.local/lib/python3.12/site-packages/airflow/example_dags/example_sensors.py
[2026-07-29T17:43:43.415+0000] {processor.py:914} INFO - Processing file /home/airflow/.local/lib/python3.12/site-packages/airflow/example_dags/example_sensors.py for tasks to queue
[2026-07-29T17:43:43.417+0000] {logging_mixin.py:190} INFO - [2026-07-29T17:43:43.417+0000] {dagbag.py:587} INFO - Filling up the DagBag from /home/airflow/.local/lib/python3.12/site-packages/airflow/example_dags/example_sensors.py
[2026-07-29T17:43:43.422+0000] {processor.py:925} INFO - DAG(s) 'example_sensors' retrieved from /home/airflow/.local/lib/python3.12/site-packages/airflow/example_dags/example_sensors.py
[2026-07-29T17:43:43.437+0000] {logging_mixin.py:190} INFO - [2026-07-29T17:43:43.437+0000] {dag.py:3211} INFO - Sync 1 DAGs
[2026-07-29T17:43:43.442+0000] {logging_mixin.py:190} INFO - [2026-07-29T17:43:43.442+0000] {dag.py:4138} INFO - Setting next_dagrun for example_sensors to None, run_after=None
[2026-07-29T17:43:43.455+0000] {processor.py:208} INFO - Processing /home/airflow/.local/lib/python3.12/site-packages/airflow/example_dags/example_sensors.py took 0.043 seconds
[2026-07-29T17:44:13.910+0000] {processor.py:186} INFO - Started process (PID=14780) to work on /home/airflow/.local/lib/python3.12/site-packages/airflow/example_dags/example_sensors.py
[2026-07-29T17:44:13.911+0000] {processor.py:914} INFO - Processing file /home/airflow/.local/lib/python3.12/site-packages/airflow/example_dags/example_sensors.py for tasks to queue
[2026-07-29T17:44:13.913+0000] {logging_mixin.py:190} INFO - [2026-07-29T17:44:13.913+0000] {dagbag.py:587} INFO - Filling up the DagBag from /home/airflow/.local/lib/python3.12/site-packages/airflow/example_dags/example_sensors.py
[2026-07-29T17:44:13.919+0000] {processor.py:925} INFO - DAG(s) 'example_sensors' retrieved from /home/airflow/.local/lib/python3.12/site-packages/airflow/example_dags/example_sensors.py
[2026-07-29T17:44:13.932+0000] {logging_mixin.py:190} INFO - [2026-07-29T17:44:13.931+0000] {dag.py:3211} INFO - Sync 1 DAGs
[2026-07-29T17:44:13.938+0000] {logging_mixin.py:190} INFO - [2026-07-29T17:44:13.938+0000] {dag.py:4138} INFO - Setting next_dagrun for example_sensors to None, run_after=None
[2026-07-29T17:44:13.949+0000] {processor.py:208} INFO - Processing /home/airflow/.local/lib/python3.12/site-packages/airflow/example_dags/example_sensors.py took 0.042 seconds
[2026-07-29T17:44:44.040+0000] {processor.py:186} INFO - Started process (PID=14846) to work on /home/airflow/.local/lib/python3.12/site-packages/airflow/example_dags/example_sensors.py
[2026-07-29T17:44:44.041+0000] {processor.py:914} INFO - Processing file /home/airflow/.local/lib/python3.12/site-packages/airflow/example_dags/example_sensors.py for tasks to queue
[2026-07-29T17:44:44.042+0000] {logging_mixin.py:190} INFO - [2026-07-29T17:44:44.042+0000] {dagbag.py:587} INFO - Filling up the DagBag from /home/airflow/.local/lib/python3.12/site-packages/airflow/example_dags/example_sensors.py
[2026-07-29T17:44:44.047+0000] {processor.py:925} INFO - DAG(s) 'example_sensors' retrieved from /home/airflow/.local/lib/python3.12/site-packages/airflow/example_dags/example_sensors.py
[2026-07-29T17:44:44.061+0000] {logging_mixin.py:190} INFO - [2026-07-29T17:44:44.061+0000] {dag.py:3211} INFO - Sync 1 DAGs
[2026-07-29T17:44:44.067+0000] {logging_mixin.py:190} INFO - [2026-07-29T17:44:44.067+0000] {dag.py:4138} INFO - Setting next_dagrun for example_sensors to None, run_after=None
[2026-07-29T17:44:44.076+0000] {processor.py:208} INFO - Processing /home/airflow/.local/lib/python3.12/site-packages/airflow/example_dags/example_sensors.py took 0.038 seconds
[2026-07-29T17:45:15.032+0000] {processor.py:186} INFO - Started process (PID=14912) to work on /home/airflow/.local/lib/python3.12/site-packages/airflow/example_dags/example_sensors.py
[2026-07-29T17:45:15.033+0000] {processor.py:914} INFO - Processing file /home/airflow/.local/lib/python3.12/site-packages/airflow/example_dags/example_sensors.py for tasks to queue
[2026-07-29T17:45:15.036+0000] {logging_mixin.py:190} INFO - [2026-07-29T17:45:15.036+0000] {dagbag.py:587} INFO - Filling up the DagBag from /home/airflow/.local/lib/python3.12/site-packages/airflow/example_dags/example_sensors.py
[2026-07-29T17:45:15.044+0000] {processor.py:925} INFO - DAG(s) 'example_sensors' retrieved from /home/airflow/.local/lib/python3.12/site-packages/airflow/example_dags/example_sensors.py
[2026-07-29T17:45:15.057+0000] {logging_mixin.py:190} INFO - [2026-07-29T17:45:15.056+0000] {dag.py:3211} INFO - Sync 1 DAGs
[2026-07-29T17:45:15.062+0000] {logging_mixin.py:190} INFO - [2026-07-29T17:45:15.062+0000] {dag.py:4138} INFO - Setting next_dagrun for example_sensors to None, run_after=None
[2026-07-29T17:45:15.072+0000] {processor.py:208} INFO - Processing /home/airflow/.local/lib/python3.12/site-packages/airflow/example_dags/example_sensors.py took 0.042 seconds
[2026-07-29T17:45:45.999+0000] {processor.py:186} INFO - Started process (PID=14978) to work on /home/airflow/.local/lib/python3.12/site-packages/airflow/example_dags/example_sensors.py
[2026-07-29T17:45:46.001+0000] {processor.py:914} INFO - Processing file /home/airflow/.local/lib/python3.12/site-packages/airflow/example_dags/example_sensors.py for tasks to queue
[2026-07-29T17:45:46.003+0000] {logging_mixin.py:190} INFO - [2026-07-29T17:45:46.003+0000] {dagbag.py:587} INFO - Filling up the DagBag from /home/airflow/.local/lib/python3.12/site-packages/airflow/example_dags/example_sensors.py
[2026-07-29T17:45:46.012+0000] {processor.py:925} INFO - DAG(s) 'example_sensors' retrieved from /home/airflow/.local/lib/python3.12/site-packages/airflow/example_dags/example_sensors.py
[2026-07-29T17:45:46.028+0000] {logging_mixin.py:190} INFO - [2026-07-29T17:45:46.028+0000] {dag.py:3211} INFO - Sync 1 DAGs
[2026-07-29T17:45:46.034+0000] {logging_mixin.py:190} INFO - [2026-07-29T17:45:46.034+0000] {dag.py:4138} INFO - Setting next_dagrun for example_sensors to None, run_after=None
[2026-07-29T17:45:46.042+0000] {processor.py:208} INFO - Processing /home/airflow/.local/lib/python3.12/site-packages/airflow/example_dags/example_sensors.py took 0.045 seconds
[2026-07-29T17:46:16.919+0000] {processor.py:186} INFO - Started process (PID=15044) to work on /home/airflow/.local/lib/python3.12/site-packages/airflow/example_dags/example_sensors.py
[2026-07-29T17:46:16.919+0000] {processor.py:914} INFO - Processing file /home/airflow/.local/lib/python3.12/site-packages/airflow/example_dags/example_sensors.py for tasks to queue
[2026-07-29T17:46:16.920+0000] {logging_mixin.py:190} INFO - [2026-07-29T17:46:16.920+0000] {dagbag.py:587} INFO - Filling up the DagBag from /home/airflow/.local/lib/python3.12/site-packages/airflow/example_dags/example_sensors.py
[2026-07-29T17:46:16.925+0000] {processor.py:925} INFO - DAG(s) 'example_sensors' retrieved from /home/airflow/.local/lib/python3.12/site-packages/airflow/example_dags/example_sensors.py
[2026-07-29T17:46:16.939+0000] {logging_mixin.py:190} INFO - [2026-07-29T17:46:16.939+0000] {dag.py:3211} INFO - Sync 1 DAGs
[2026-07-29T17:46:16.944+0000] {logging_mixin.py:190} INFO - [2026-07-29T17:46:16.944+0000] {dag.py:4138} INFO - Setting next_dagrun for example_sensors to None, run_after=None
[2026-07-29T17:46:16.951+0000] {processor.py:208} INFO - Processing /home/airflow/.local/lib/python3.12/site-packages/airflow/example_dags/example_sensors.py took 0.035 seconds
[2026-07-29T17:46:47.914+0000] {processor.py:186} INFO - Started process (PID=15110) to work on /home/airflow/.local/lib/python3.12/site-packages/airflow/example_dags/example_sensors.py
[2026-07-29T17:46:47.914+0000] {processor.py:914} INFO - Processing file /home/airflow/.local/lib/python3.12/site-packages/airflow/example_dags/example_sensors.py for tasks to queue
[2026-07-29T17:46:47.916+0000] {logging_mixin.py:190} INFO - [2026-07-29T17:46:47.916+0000] {dagbag.py:587} INFO - Filling up the DagBag from /home/airflow/.local/lib/python3.12/site-packages/airflow/example_dags/example_sensors.py
[2026-07-29T17:46:47.921+0000] {processor.py:925} INFO - DAG(s) 'example_sensors' retrieved from /home/airflow/.local/lib/python3.12/site-packages/airflow/example_dags/example_sensors.py
[2026-07-29T17:46:47.932+0000] {logging_mixin.py:190} INFO - [2026-07-29T17:46:47.932+0000] {dag.py:3211} INFO - Sync 1 DAGs
[2026-07-29T17:46:47.939+0000] {logging_mixin.py:190} INFO - [2026-07-29T17:46:47.938+0000] {dag.py:4138} INFO - Setting next_dagrun for example_sensors to None, run_after=None
[2026-07-29T17:46:47.952+0000] {processor.py:208} INFO - Processing /home/airflow/.local/lib/python3.12/site-packages/airflow/example_dags/example_sensors.py took 0.041 seconds
[2026-07-29T17:47:18.895+0000] {processor.py:186} INFO - Started process (PID=15176) to work on /home/airflow/.local/lib/python3.12/site-packages/airflow/example_dags/example_sensors.py
[2026-07-29T17:47:18.897+0000] {processor.py:914} INFO - Processing file /home/airflow/.local/lib/python3.12/site-packages/airflow/example_dags/example_sensors.py for tasks to queue
[2026-07-29T17:47:18.898+0000] {logging_mixin.py:190} INFO - [2026-07-29T17:47:18.898+0000] {dagbag.py:587} INFO - Filling up the DagBag from /home/airflow/.local/lib/python3.12/site-packages/airflow/example_dags/example_sensors.py
[2026-07-29T17:47:18.905+0000] {processor.py:925} INFO - DAG(s) 'example_sensors' retrieved from /home/airflow/.local/lib/python3.12/site-packages/airflow/example_dags/example_sensors.py
[2026-07-29T17:47:18.921+0000] {logging_mixin.py:190} INFO - [2026-07-29T17:47:18.921+0000] {dag.py:3211} INFO - Sync 1 DAGs
[2026-07-29T17:47:18.926+0000] {logging_mixin.py:190} INFO - [2026-07-29T17:47:18.926+0000] {dag.py:4138} INFO - Setting next_dagrun for example_sensors to None, run_after=None
[2026-07-29T17:47:18.937+0000] {processor.py:208} INFO - Processing /home/airflow/.local/lib/python3.12/site-packages/airflow/example_dags/example_sensors.py took 0.046 seconds
[2026-07-29T17:47:49.970+0000] {processor.py:186} INFO - Started process (PID=15242) to work on /home/airflow/.local/lib/python3.12/site-packages/airflow/example_dags/example_sensors.py
[2026-07-29T17:47:49.971+0000] {processor.py:914} INFO - Processing file /home/airflow/.local/lib/python3.12/site-packages/airflow/example_dags/example_sensors.py for tasks to queue
[2026-07-29T17:47:49.973+0000] {logging_mixin.py:190} INFO - [2026-07-29T17:47:49.973+0000] {dagbag.py:587} INFO - Filling up the DagBag from /home/airflow/.local/lib/python3.12/site-packages/airflow/example_dags/example_sensors.py
[2026-07-29T17:47:49.978+0000] {processor.py:925} INFO - DAG(s) 'example_sensors' retrieved from /home/airflow/.local/lib/python3.12/site-packages/airflow/example_dags/example_sensors.py
[2026-07-29T17:47:49.990+0000] {logging_mixin.py:190} INFO - [2026-07-29T17:47:49.990+0000] {dag.py:3211} INFO - Sync 1 DAGs
[2026-07-29T17:47:49.995+0000] {logging_mixin.py:190} INFO - [2026-07-29T17:47:49.995+0000] {dag.py:4138} INFO - Setting next_dagrun for example_sensors to None, run_after=None
[2026-07-29T17:47:50.007+0000] {processor.py:208} INFO - Processing /home/airflow/.local/lib/python3.12/site-packages/airflow/example_dags/example_sensors.py took 0.040 seconds
[2026-07-29T17:48:20.907+0000] {processor.py:186} INFO - Started process (PID=15308) to work on /home/airflow/.local/lib/python3.12/site-packages/airflow/example_dags/example_sensors.py
[2026-07-29T17:48:20.907+0000] {processor.py:914} INFO - Processing file /home/airflow/.local/lib/python3.12/site-packages/airflow/example_dags/example_sensors.py for tasks to queue
[2026-07-29T17:48:20.908+0000] {logging_mixin.py:190} INFO - [2026-07-29T17:48:20.908+0000] {dagbag.py:587} INFO - Filling up the DagBag from /home/airflow/.local/lib/python3.12/site-packages/airflow/example_dags/example_sensors.py
[2026-07-29T17:48:20.913+0000] {processor.py:925} INFO - DAG(s) 'example_sensors' retrieved from /home/airflow/.local/lib/python3.12/site-packages/airflow/example_dags/example_sensors.py
[2026-07-29T17:48:20.928+0000] {logging_mixin.py:190} INFO - [2026-07-29T17:48:20.928+0000] {dag.py:3211} INFO - Sync 1 DAGs
[2026-07-29T17:48:20.937+0000] {logging_mixin.py:190} INFO - [2026-07-29T17:48:20.937+0000] {dag.py:4138} INFO - Setting next_dagrun for example_sensors to None, run_after=None
[2026-07-29T17:48:20.949+0000] {processor.py:208} INFO - Processing /home/airflow/.local/lib/python3.12/site-packages/airflow/example_dags/example_sensors.py took 0.045 seconds
[2026-07-29T17:48:57.416+0000] {processor.py:186} INFO - Started process (PID=15380) to work on /home/airflow/.local/lib/python3.12/site-packages/airflow/example_dags/example_sensors.py
[2026-07-29T17:48:57.417+0000] {processor.py:914} INFO - Processing file /home/airflow/.local/lib/python3.12/site-packages/airflow/example_dags/example_sensors.py for tasks to queue
[2026-07-29T17:48:57.418+0000] {logging_mixin.py:190} INFO - [2026-07-29T17:48:57.418+0000] {dagbag.py:587} INFO - Filling up the DagBag from /home/airflow/.local/lib/python3.12/site-packages/airflow/example_dags/example_sensors.py
[2026-07-29T17:48:57.423+0000] {processor.py:925} INFO - DAG(s) 'example_sensors' retrieved from /home/airflow/.local/lib/python3.12/site-packages/airflow/example_dags/example_sensors.py
[2026-07-29T17:48:57.434+0000] {logging_mixin.py:190} INFO - [2026-07-29T17:48:57.433+0000] {dag.py:3211} INFO - Sync 1 DAGs
[2026-07-29T17:48:57.440+0000] {logging_mixin.py:190} INFO - [2026-07-29T17:48:57.440+0000] {dag.py:4138} INFO - Setting next_dagrun for example_sensors to None, run_after=None
[2026-07-29T17:48:57.450+0000] {processor.py:208} INFO - Processing /home/airflow/.local/lib/python3.12/site-packages/airflow/example_dags/example_sensors.py took 0.036 seconds
[2026-07-29T17:49:28.441+0000] {processor.py:186} INFO - Started process (PID=15446) to work on /home/airflow/.local/lib/python3.12/site-packages/airflow/example_dags/example_sensors.py
[2026-07-29T17:49:28.441+0000] {processor.py:914} INFO - Processing file /home/airflow/.local/lib/python3.12/site-packages/airflow/example_dags/example_sensors.py for tasks to queue
[2026-07-29T17:49:28.443+0000] {logging_mixin.py:190} INFO - [2026-07-29T17:49:28.442+0000] {dagbag.py:587} INFO - Filling up the DagBag from /home/airflow/.local/lib/python3.12/site-packages/airflow/example_dags/example_sensors.py
[2026-07-29T17:49:28.448+0000] {processor.py:925} INFO - DAG(s) 'example_sensors' retrieved from /home/airflow/.local/lib/python3.12/site-packages/airflow/example_dags/example_sensors.py
[2026-07-29T17:49:28.458+0000] {logging_mixin.py:190} INFO - [2026-07-29T17:49:28.458+0000] {dag.py:3211} INFO - Sync 1 DAGs
[2026-07-29T17:49:28.464+0000] {logging_mixin.py:190} INFO - [2026-07-29T17:49:28.464+0000] {dag.py:4138} INFO - Setting next_dagrun for example_sensors to None, run_after=None
[2026-07-29T17:49:28.476+0000] {processor.py:208} INFO - Processing /home/airflow/.local/lib/python3.12/site-packages/airflow/example_dags/example_sensors.py took 0.037 seconds
[2026-07-29T17:49:59.410+0000] {processor.py:186} INFO - Started process (PID=15512) to work on /home/airflow/.local/lib/python3.12/site-packages/airflow/example_dags/example_sensors.py
[2026-07-29T17:49:59.411+0000] {processor.py:914} INFO - Processing file /home/airflow/.local/lib/python3.12/site-packages/airflow/example_dags/example_sensors.py for tasks to queue
[2026-07-29T17:49:59.411+0000] {logging_mixin.py:190} INFO - [2026-07-29T17:49:59.411+0000] {dagbag.py:587} INFO - Filling up the DagBag from /home/airflow/.local/lib/python3.12/site-packages/airflow/example_dags/example_sensors.py
[2026-07-29T17:49:59.416+0000] {processor.py:925} INFO - DAG(s) 'example_sensors' retrieved from /home/airflow/.local/lib/python3.12/site-packages/airflow/example_dags/example_sensors.py
[2026-07-29T17:49:59.427+0000] {logging_mixin.py:190} INFO - [2026-07-29T17:49:59.427+0000] {dag.py:3211} INFO - Sync 1 DAGs
[2026-07-29T17:49:59.433+0000] {logging_mixin.py:190} INFO - [2026-07-29T17:49:59.433+0000] {dag.py:4138} INFO - Setting next_dagrun for example_sensors to None, run_after=None
[2026-07-29T17:49:59.445+0000] {processor.py:208} INFO - Processing /home/airflow/.local/lib/python3.12/site-packages/airflow/example_dags/example_sensors.py took 0.037 seconds
[2026-07-29T17:50:30.437+0000] {processor.py:186} INFO - Started process (PID=15578) to work on /home/airflow/.local/lib/python3.12/site-packages/airflow/example_dags/example_sensors.py
[2026-07-29T17:50:30.438+0000] {processor.py:914} INFO - Processing file /home/airflow/.local/lib/python3.12/site-packages/airflow/example_dags/example_sensors.py for tasks to queue
[2026-07-29T17:50:30.440+0000] {logging_mixin.py:190} INFO - [2026-07-29T17:50:30.440+0000] {dagbag.py:587} INFO - Filling up the DagBag from /home/airflow/.local/lib/python3.12/site-packages/airflow/example_dags/example_sensors.py
[2026-07-29T17:50:30.446+0000] {processor.py:925} INFO - DAG(s) 'example_sensors' retrieved from /home/airflow/.local/lib/python3.12/site-packages/airflow/example_dags/example_sensors.py
[2026-07-29T17:50:30.460+0000] {logging_mixin.py:190} INFO - [2026-07-29T17:50:30.460+0000] {dag.py:3211} INFO - Sync 1 DAGs
[2026-07-29T17:50:30.467+0000] {logging_mixin.py:190} INFO - [2026-07-29T17:50:30.467+0000] {dag.py:4138} INFO - Setting next_dagrun for example_sensors to None, run_after=None
[2026-07-29T17:50:30.480+0000] {processor.py:208} INFO - Processing /home/airflow/.local/lib/python3.12/site-packages/airflow/example_dags/example_sensors.py took 0.048 seconds
[2026-07-29T17:51:00.516+0000] {processor.py:186} INFO - Started process (PID=15643) to work on /home/airflow/.local/lib/python3.12/site-packages/airflow/example_dags/example_sensors.py
[2026-07-29T17:51:00.518+0000] {processor.py:914} INFO - Processing file /home/airflow/.local/lib/python3.12/site-packages/airflow/example_dags/example_sensors.py for tasks to queue
[2026-07-29T17:51:00.519+0000] {logging_mixin.py:190} INFO - [2026-07-29T17:51:00.519+0000] {dagbag.py:587} INFO - Filling up the DagBag from /home/airflow/.local/lib/python3.12/site-packages/airflow/example_dags/example_sensors.py
[2026-07-29T17:51:00.528+0000] {processor.py:925} INFO - DAG(s) 'example_sensors' retrieved from /home/airflow/.local/lib/python3.12/site-packages/airflow/example_dags/example_sensors.py
[2026-07-29T17:51:00.549+0000] {logging_mixin.py:190} INFO - [2026-07-29T17:51:00.549+0000] {dag.py:3211} INFO - Sync 1 DAGs
[2026-07-29T17:51:00.558+0000] {logging_mixin.py:190} INFO - [2026-07-29T17:51:00.558+0000] {dag.py:4138} INFO - Setting next_dagrun for example_sensors to None, run_after=None
[2026-07-29T17:51:00.568+0000] {processor.py:208} INFO - Processing /home/airflow/.local/lib/python3.12/site-packages/airflow/example_dags/example_sensors.py took 0.056 seconds
[2026-07-29T17:51:30.643+0000] {processor.py:186} INFO - Started process (PID=15709) to work on /home/airflow/.local/lib/python3.12/site-packages/airflow/example_dags/example_sensors.py
[2026-07-29T17:51:30.646+0000] {processor.py:914} INFO - Processing file /home/airflow/.local/lib/python3.12/site-packages/airflow/example_dags/example_sensors.py for tasks to queue
[2026-07-29T17:51:30.647+0000] {logging_mixin.py:190} INFO - [2026-07-29T17:51:30.647+0000] {dagbag.py:587} INFO - Filling up the DagBag from /home/airflow/.local/lib/python3.12/site-packages/airflow/example_dags/example_sensors.py
[2026-07-29T17:51:30.657+0000] {processor.py:925} INFO - DAG(s) 'example_sensors' retrieved from /home/airflow/.local/lib/python3.12/site-packages/airflow/example_dags/example_sensors.py
[2026-07-29T17:51:30.678+0000] {logging_mixin.py:190} INFO - [2026-07-29T17:51:30.678+0000] {dag.py:3211} INFO - Sync 1 DAGs
[2026-07-29T17:51:30.684+0000] {logging_mixin.py:190} INFO - [2026-07-29T17:51:30.684+0000] {dag.py:4138} INFO - Setting next_dagrun for example_sensors to None, run_after=None
[2026-07-29T17:51:30.694+0000] {processor.py:208} INFO - Processing /home/airflow/.local/lib/python3.12/site-packages/airflow/example_dags/example_sensors.py took 0.054 seconds
[2026-07-29T17:52:01.738+0000] {processor.py:186} INFO - Started process (PID=15776) to work on /home/airflow/.local/lib/python3.12/site-packages/airflow/example_dags/example_sensors.py
[2026-07-29T17:52:01.739+0000] {processor.py:914} INFO - Processing file /home/airflow/.local/lib/python3.12/site-packages/airflow/example_dags/example_sensors.py for tasks to queue
[2026-07-29T17:52:01.740+0000] {logging_mixin.py:190} INFO - [2026-07-29T17:52:01.740+0000] {dagbag.py:587} INFO - Filling up the DagBag from /home/airflow/.local/lib/python3.12/site-packages/airflow/example_dags/example_sensors.py
[2026-07-29T17:52:01.745+0000] {processor.py:925} INFO - DAG(s) 'example_sensors' retrieved from /home/airflow/.local/lib/python3.12/site-packages/airflow/example_dags/example_sensors.py
[2026-07-29T17:52:01.756+0000] {logging_mixin.py:190} INFO - [2026-07-29T17:52:01.756+0000] {dag.py:3211} INFO - Sync 1 DAGs
[2026-07-29T17:52:01.764+0000] {logging_mixin.py:190} INFO - [2026-07-29T17:52:01.764+0000] {dag.py:4138} INFO - Setting next_dagrun for example_sensors to None, run_after=None
[2026-07-29T17:52:01.777+0000] {processor.py:208} INFO - Processing /home/airflow/.local/lib/python3.12/site-packages/airflow/example_dags/example_sensors.py took 0.042 seconds
[2026-07-29T17:52:32.693+0000] {processor.py:186} INFO - Started process (PID=15842) to work on /home/airflow/.local/lib/python3.12/site-packages/airflow/example_dags/example_sensors.py
[2026-07-29T17:52:32.694+0000] {processor.py:914} INFO - Processing file /home/airflow/.local/lib/python3.12/site-packages/airflow/example_dags/example_sensors.py for tasks to queue
[2026-07-29T17:52:32.695+0000] {logging_mixin.py:190} INFO - [2026-07-29T17:52:32.695+0000] {dagbag.py:587} INFO - Filling up the DagBag from /home/airflow/.local/lib/python3.12/site-packages/airflow/example_dags/example_sensors.py
[2026-07-29T17:52:32.701+0000] {processor.py:925} INFO - DAG(s) 'example_sensors' retrieved from /home/airflow/.local/lib/python3.12/site-packages/airflow/example_dags/example_sensors.py
[2026-07-29T17:52:32.712+0000] {logging_mixin.py:190} INFO - [2026-07-29T17:52:32.712+0000] {dag.py:3211} INFO - Sync 1 DAGs
[2026-07-29T17:52:32.721+0000] {logging_mixin.py:190} INFO - [2026-07-29T17:52:32.721+0000] {dag.py:4138} INFO - Setting next_dagrun for example_sensors to None, run_after=None
[2026-07-29T17:52:32.728+0000] {processor.py:208} INFO - Processing /home/airflow/.local/lib/python3.12/site-packages/airflow/example_dags/example_sensors.py took 0.038 seconds
[2026-07-29T17:53:03.658+0000] {processor.py:186} INFO - Started process (PID=15908) to work on /home/airflow/.local/lib/python3.12/site-packages/airflow/example_dags/example_sensors.py
[2026-07-29T17:53:03.659+0000] {processor.py:914} INFO - Processing file /home/airflow/.local/lib/python3.12/site-packages/airflow/example_dags/example_sensors.py for tasks to queue
[2026-07-29T17:53:03.660+0000] {logging_mixin.py:190} INFO - [2026-07-29T17:53:03.660+0000] {dagbag.py:587} INFO - Filling up the DagBag from /home/airflow/.local/lib/python3.12/site-packages/airflow/example_dags/example_sensors.py
[2026-07-29T17:53:03.665+0000] {processor.py:925} INFO - DAG(s) 'example_sensors' retrieved from /home/airflow/.local/lib/python3.12/site-packages/airflow/example_dags/example_sensors.py
[2026-07-29T17:53:03.675+0000] {logging_mixin.py:190} INFO - [2026-07-29T17:53:03.675+0000] {dag.py:3211} INFO - Sync 1 DAGs
[2026-07-29T17:53:03.681+0000] {logging_mixin.py:190} INFO - [2026-07-29T17:53:03.680+0000] {dag.py:4138} INFO - Setting next_dagrun for example_sensors to None, run_after=None
[2026-07-29T17:53:03.693+0000] {processor.py:208} INFO - Processing /home/airflow/.local/lib/python3.12/site-packages/airflow/example_dags/example_sensors.py took 0.037 seconds
[2026-07-29T17:53:34.619+0000] {processor.py:186} INFO - Started process (PID=15974) to work on /home/airflow/.local/lib/python3.12/site-packages/airflow/example_dags/example_sensors.py
[2026-07-29T17:53:34.619+0000] {processor.py:914} INFO - Processing file /home/airflow/.local/lib/python3.12/site-packages/airflow/example_dags/example_sensors.py for tasks to queue
[2026-07-29T17:53:34.620+0000] {logging_mixin.py:190} INFO - [2026-07-29T17:53:34.620+0000] {dagbag.py:587} INFO - Filling up the DagBag from /home/airflow/.local/lib/python3.12/site-packages/airflow/example_dags/example_sensors.py
[2026-07-29T17:53:34.625+0000] {processor.py:925} INFO - DAG(s) 'example_sensors' retrieved from /home/airflow/.local/lib/python3.12/site-packages/airflow/example_dags/example_sensors.py
[2026-07-29T17:53:34.636+0000] {logging_mixin.py:190} INFO - [2026-07-29T17:53:34.636+0000] {dag.py:3211} INFO - Sync 1 DAGs
[2026-07-29T17:53:34.643+0000] {logging_mixin.py:190} INFO - [2026-07-29T17:53:34.643+0000] {dag.py:4138} INFO - Setting next_dagrun for example_sensors to None, run_after=None
[2026-07-29T17:53:34.654+0000] {processor.py:208} INFO - Processing /home/airflow/.local/lib/python3.12/site-packages/airflow/example_dags/example_sensors.py took 0.037 seconds
[2026-07-29T17:54:05.323+0000] {processor.py:186} INFO - Started process (PID=16040) to work on /home/airflow/.local/lib/python3.12/site-packages/airflow/example_dags/example_sensors.py
[2026-07-29T17:54:05.323+0000] {processor.py:914} INFO - Processing file /home/airflow/.local/lib/python3.12/site-packages/airflow/example_dags/example_sensors.py for tasks to queue
[2026-07-29T17:54:05.325+0000] {logging_mixin.py:190} INFO - [2026-07-29T17:54:05.324+0000] {dagbag.py:587} INFO - Filling up the DagBag from /home/airflow/.local/lib/python3.12/site-packages/airflow/example_dags/example_sensors.py
[2026-07-29T17:54:05.330+0000] {processor.py:925} INFO - DAG(s) 'example_sensors' retrieved from /home/airflow/.local/lib/python3.12/site-packages/airflow/example_dags/example_sensors.py
[2026-07-29T17:54:05.342+0000] {logging_mixin.py:190} INFO - [2026-07-29T17:54:05.342+0000] {dag.py:3211} INFO - Sync 1 DAGs
[2026-07-29T17:54:05.348+0000] {logging_mixin.py:190} INFO - [2026-07-29T17:54:05.348+0000] {dag.py:4138} INFO - Setting next_dagrun for example_sensors to None, run_after=None
[2026-07-29T17:54:05.363+0000] {processor.py:208} INFO - Processing /home/airflow/.local/lib/python3.12/site-packages/airflow/example_dags/example_sensors.py took 0.043 seconds
[2026-07-29T17:54:36.361+0000] {processor.py:186} INFO - Started process (PID=16106) to work on /home/airflow/.local/lib/python3.12/site-packages/airflow/example_dags/example_sensors.py
[2026-07-29T17:54:36.361+0000] {processor.py:914} INFO - Processing file /home/airflow/.local/lib/python3.12/site-packages/airflow/example_dags/example_sensors.py for tasks to queue
[2026-07-29T17:54:36.363+0000] {logging_mixin.py:190} INFO - [2026-07-29T17:54:36.362+0000] {dagbag.py:587} INFO - Filling up the DagBag from /home/airflow/.local/lib/python3.12/site-packages/airflow/example_dags/example_sensors.py
[2026-07-29T17:54:36.368+0000] {processor.py:925} INFO - DAG(s) 'example_sensors' retrieved from /home/airflow/.local/lib/python3.12/site-packages/airflow/example_dags/example_sensors.py
[2026-07-29T17:54:36.379+0000] {logging_mixin.py:190} INFO - [2026-07-29T17:54:36.379+0000] {dag.py:3211} INFO - Sync 1 DAGs
[2026-07-29T17:54:36.387+0000] {logging_mixin.py:190} INFO - [2026-07-29T17:54:36.386+0000] {dag.py:4138} INFO - Setting next_dagrun for example_sensors to None, run_after=None
[2026-07-29T17:54:36.398+0000] {processor.py:208} INFO - Processing /home/airflow/.local/lib/python3.12/site-packages/airflow/example_dags/example_sensors.py took 0.040 seconds
[2026-07-29T17:55:07.359+0000] {processor.py:186} INFO - Started process (PID=16172) to work on /home/airflow/.local/lib/python3.12/site-packages/airflow/example_dags/example_sensors.py
[2026-07-29T17:55:07.359+0000] {processor.py:914} INFO - Processing file /home/airflow/.local/lib/python3.12/site-packages/airflow/example_dags/example_sensors.py for tasks to queue
[2026-07-29T17:55:07.360+0000] {logging_mixin.py:190} INFO - [2026-07-29T17:55:07.360+0000] {dagbag.py:587} INFO - Filling up the DagBag from /home/airflow/.local/lib/python3.12/site-packages/airflow/example_dags/example_sensors.py
[2026-07-29T17:55:07.366+0000] {processor.py:925} INFO - DAG(s) 'example_sensors' retrieved from /home/airflow/.local/lib/python3.12/site-packages/airflow/example_dags/example_sensors.py
[2026-07-29T17:55:07.378+0000] {logging_mixin.py:190} INFO - [2026-07-29T17:55:07.378+0000] {dag.py:3211} INFO - Sync 1 DAGs
[2026-07-29T17:55:07.385+0000] {logging_mixin.py:190} INFO - [2026-07-29T17:55:07.385+0000] {dag.py:4138} INFO - Setting next_dagrun for example_sensors to None, run_after=None
[2026-07-29T17:55:07.395+0000] {processor.py:208} INFO - Processing /home/airflow/.local/lib/python3.12/site-packages/airflow/example_dags/example_sensors.py took 0.039 seconds
[2026-07-29T17:55:37.426+0000] {processor.py:186} INFO - Started process (PID=16238) to work on /home/airflow/.local/lib/python3.12/site-packages/airflow/example_dags/example_sensors.py
[2026-07-29T17:55:37.428+0000] {processor.py:914} INFO - Processing file /home/airflow/.local/lib/python3.12/site-packages/airflow/example_dags/example_sensors.py for tasks to queue
[2026-07-29T17:55:37.430+0000] {logging_mixin.py:190} INFO - [2026-07-29T17:55:37.430+0000] {dagbag.py:587} INFO - Filling up the DagBag from /home/airflow/.local/lib/python3.12/site-packages/airflow/example_dags/example_sensors.py
[2026-07-29T17:55:37.437+0000] {processor.py:925} INFO - DAG(s) 'example_sensors' retrieved from /home/airflow/.local/lib/python3.12/site-packages/airflow/example_dags/example_sensors.py
[2026-07-29T17:55:37.448+0000] {logging_mixin.py:190} INFO - [2026-07-29T17:55:37.447+0000] {dag.py:3211} INFO - Sync 1 DAGs
[2026-07-29T17:55:37.454+0000] {logging_mixin.py:190} INFO - [2026-07-29T17:55:37.454+0000] {dag.py:4138} INFO - Setting next_dagrun for example_sensors to None, run_after=None
[2026-07-29T17:55:37.461+0000] {processor.py:208} INFO - Processing /home/airflow/.local/lib/python3.12/site-packages/airflow/example_dags/example_sensors.py took 0.038 seconds
[2026-07-29T17:56:07.647+0000] {processor.py:186} INFO - Started process (PID=16304) to work on /home/airflow/.local/lib/python3.12/site-packages/airflow/example_dags/example_sensors.py
[2026-07-29T17:56:07.648+0000] {processor.py:914} INFO - Processing file /home/airflow/.local/lib/python3.12/site-packages/airflow/example_dags/example_sensors.py for tasks to queue
[2026-07-29T17:56:07.649+0000] {logging_mixin.py:190} INFO - [2026-07-29T17:56:07.649+0000] {dagbag.py:587} INFO - Filling up the DagBag from /home/airflow/.local/lib/python3.12/site-packages/airflow/example_dags/example_sensors.py
[2026-07-29T17:56:07.654+0000] {processor.py:925} INFO - DAG(s) 'example_sensors' retrieved from /home/airflow/.local/lib/python3.12/site-packages/airflow/example_dags/example_sensors.py
[2026-07-29T17:56:07.667+0000] {logging_mixin.py:190} INFO - [2026-07-29T17:56:07.667+0000] {dag.py:3211} INFO - Sync 1 DAGs
[2026-07-29T17:56:07.678+0000] {logging_mixin.py:190} INFO - [2026-07-29T17:56:07.678+0000] {dag.py:4138} INFO - Setting next_dagrun for example_sensors to None, run_after=None
[2026-07-29T17:56:07.689+0000] {processor.py:208} INFO - Processing /home/airflow/.local/lib/python3.12/site-packages/airflow/example_dags/example_sensors.py took 0.045 seconds
[2026-07-29T17:56:38.659+0000] {processor.py:186} INFO - Started process (PID=16370) to work on /home/airflow/.local/lib/python3.12/site-packages/airflow/example_dags/example_sensors.py
[2026-07-29T17:56:38.660+0000] {processor.py:914} INFO - Processing file /home/airflow/.local/lib/python3.12/site-packages/airflow/example_dags/example_sensors.py for tasks to queue
[2026-07-29T17:56:38.661+0000] {logging_mixin.py:190} INFO - [2026-07-29T17:56:38.661+0000] {dagbag.py:587} INFO - Filling up the DagBag from /home/airflow/.local/lib/python3.12/site-packages/airflow/example_dags/example_sensors.py
[2026-07-29T17:56:38.666+0000] {processor.py:925} INFO - DAG(s) 'example_sensors' retrieved from /home/airflow/.local/lib/python3.12/site-packages/airflow/example_dags/example_sensors.py
[2026-07-29T17:56:38.677+0000] {logging_mixin.py:190} INFO - [2026-07-29T17:56:38.677+0000] {dag.py:3211} INFO - Sync 1 DAGs
[2026-07-29T17:56:38.685+0000] {logging_mixin.py:190} INFO - [2026-07-29T17:56:38.685+0000] {dag.py:4138} INFO - Setting next_dagrun for example_sensors to None, run_after=None
[2026-07-29T17:56:38.700+0000] {processor.py:208} INFO - Processing /home/airflow/.local/lib/python3.12/site-packages/airflow/example_dags/example_sensors.py took 0.043 seconds
[2026-07-29T17:57:09.642+0000] {processor.py:186} INFO - Started process (PID=16436) to work on /home/airflow/.local/lib/python3.12/site-packages/airflow/example_dags/example_sensors.py
[2026-07-29T17:57:09.642+0000] {processor.py:914} INFO - Processing file /home/airflow/.local/lib/python3.12/site-packages/airflow/example_dags/example_sensors.py for tasks to queue
[2026-07-29T17:57:09.643+0000] {logging_mixin.py:190} INFO - [2026-07-29T17:57:09.643+0000] {dagbag.py:587} INFO - Filling up the DagBag from /home/airflow/.local/lib/python3.12/site-packages/airflow/example_dags/example_sensors.py
[2026-07-29T17:57:09.648+0000] {processor.py:925} INFO - DAG(s) 'example_sensors' retrieved from /home/airflow/.local/lib/python3.12/site-packages/airflow/example_dags/example_sensors.py
[2026-07-29T17:57:09.658+0000] {logging_mixin.py:190} INFO - [2026-07-29T17:57:09.658+0000] {dag.py:3211} INFO - Sync 1 DAGs
[2026-07-29T17:57:09.664+0000] {logging_mixin.py:190} INFO - [2026-07-29T17:57:09.664+0000] {dag.py:4138} INFO - Setting next_dagrun for example_sensors to None, run_after=None
[2026-07-29T17:57:09.675+0000] {processor.py:208} INFO - Processing /home/airflow/.local/lib/python3.12/site-packages/airflow/example_dags/example_sensors.py took 0.036 seconds
[2026-07-29T17:57:40.706+0000] {processor.py:186} INFO - Started process (PID=16502) to work on /home/airflow/.local/lib/python3.12/site-packages/airflow/example_dags/example_sensors.py
[2026-07-29T17:57:40.706+0000] {processor.py:914} INFO - Processing file /home/airflow/.local/lib/python3.12/site-packages/airflow/example_dags/example_sensors.py for tasks to queue
[2026-07-29T17:57:40.708+0000] {logging_mixin.py:190} INFO - [2026-07-29T17:57:40.707+0000] {dagbag.py:587} INFO - Filling up the DagBag from /home/airflow/.local/lib/python3.12/site-packages/airflow/example_dags/example_sensors.py
[2026-07-29T17:57:40.712+0000] {processor.py:925} INFO - DAG(s) 'example_sensors' retrieved from /home/airflow/.local/lib/python3.12/site-packages/airflow/example_dags/example_sensors.py
[2026-07-29T17:57:40.724+0000] {logging_mixin.py:190} INFO - [2026-07-29T17:57:40.724+0000] {dag.py:3211} INFO - Sync 1 DAGs
[2026-07-29T17:57:40.731+0000] {logging_mixin.py:190} INFO - [2026-07-29T17:57:40.731+0000] {dag.py:4138} INFO - Setting next_dagrun for example_sensors to None, run_after=None
[2026-07-29T17:57:40.742+0000] {processor.py:208} INFO - Processing /home/airflow/.local/lib/python3.12/site-packages/airflow/example_dags/example_sensors.py took 0.039 seconds
[2026-07-29T17:58:10.777+0000] {processor.py:186} INFO - Started process (PID=16567) to work on /home/airflow/.local/lib/python3.12/site-packages/airflow/example_dags/example_sensors.py
[2026-07-29T17:58:10.779+0000] {processor.py:914} INFO - Processing file /home/airflow/.local/lib/python3.12/site-packages/airflow/example_dags/example_sensors.py for tasks to queue
[2026-07-29T17:58:10.780+0000] {logging_mixin.py:190} INFO - [2026-07-29T17:58:10.780+0000] {dagbag.py:587} INFO - Filling up the DagBag from /home/airflow/.local/lib/python3.12/site-packages/airflow/example_dags/example_sensors.py
[2026-07-29T17:58:10.789+0000] {processor.py:925} INFO - DAG(s) 'example_sensors' retrieved from /home/airflow/.local/lib/python3.12/site-packages/airflow/example_dags/example_sensors.py
[2026-07-29T17:58:10.806+0000] {logging_mixin.py:190} INFO - [2026-07-29T17:58:10.806+0000] {dag.py:3211} INFO - Sync 1 DAGs
[2026-07-29T17:58:10.812+0000] {logging_mixin.py:190} INFO - [2026-07-29T17:58:10.812+0000] {dag.py:4138} INFO - Setting next_dagrun for example_sensors to None, run_after=None
[2026-07-29T17:58:10.823+0000] {processor.py:208} INFO - Processing /home/airflow/.local/lib/python3.12/site-packages/airflow/example_dags/example_sensors.py took 0.051 seconds
[2026-07-29T17:58:40.950+0000] {processor.py:186} INFO - Started process (PID=16633) to work on /home/airflow/.local/lib/python3.12/site-packages/airflow/example_dags/example_sensors.py
[2026-07-29T17:58:40.953+0000] {processor.py:914} INFO - Processing file /home/airflow/.local/lib/python3.12/site-packages/airflow/example_dags/example_sensors.py for tasks to queue
[2026-07-29T17:58:40.955+0000] {logging_mixin.py:190} INFO - [2026-07-29T17:58:40.954+0000] {dagbag.py:587} INFO - Filling up the DagBag from /home/airflow/.local/lib/python3.12/site-packages/airflow/example_dags/example_sensors.py
[2026-07-29T17:58:40.965+0000] {processor.py:925} INFO - DAG(s) 'example_sensors' retrieved from /home/airflow/.local/lib/python3.12/site-packages/airflow/example_dags/example_sensors.py
[2026-07-29T17:58:40.984+0000] {logging_mixin.py:190} INFO - [2026-07-29T17:58:40.983+0000] {dag.py:3211} INFO - Sync 1 DAGs
[2026-07-29T17:58:40.992+0000] {logging_mixin.py:190} INFO - [2026-07-29T17:58:40.992+0000] {dag.py:4138} INFO - Setting next_dagrun for example_sensors to None, run_after=None
[2026-07-29T17:58:41.002+0000] {processor.py:208} INFO - Processing /home/airflow/.local/lib/python3.12/site-packages/airflow/example_dags/example_sensors.py took 0.056 seconds
[2026-07-29T17:59:11.365+0000] {processor.py:186} INFO - Started process (PID=16700) to work on /home/airflow/.local/lib/python3.12/site-packages/airflow/example_dags/example_sensors.py
[2026-07-29T17:59:11.366+0000] {processor.py:914} INFO - Processing file /home/airflow/.local/lib/python3.12/site-packages/airflow/example_dags/example_sensors.py for tasks to queue
[2026-07-29T17:59:11.367+0000] {logging_mixin.py:190} INFO - [2026-07-29T17:59:11.367+0000] {dagbag.py:587} INFO - Filling up the DagBag from /home/airflow/.local/lib/python3.12/site-packages/airflow/example_dags/example_sensors.py
[2026-07-29T17:59:11.372+0000] {processor.py:925} INFO - DAG(s) 'example_sensors' retrieved from /home/airflow/.local/lib/python3.12/site-packages/airflow/example_dags/example_sensors.py
[2026-07-29T17:59:11.383+0000] {logging_mixin.py:190} INFO - [2026-07-29T17:59:11.383+0000] {dag.py:3211} INFO - Sync 1 DAGs
[2026-07-29T17:59:11.389+0000] {logging_mixin.py:190} INFO - [2026-07-29T17:59:11.389+0000] {dag.py:4138} INFO - Setting next_dagrun for example_sensors to None, run_after=None
[2026-07-29T17:59:11.397+0000] {processor.py:208} INFO - Processing /home/airflow/.local/lib/python3.12/site-packages/airflow/example_dags/example_sensors.py took 0.034 seconds
[2026-07-29T17:59:41.463+0000] {processor.py:186} INFO - Started process (PID=16765) to work on /home/airflow/.local/lib/python3.12/site-packages/airflow/example_dags/example_sensors.py
[2026-07-29T17:59:41.466+0000] {processor.py:914} INFO - Processing file /home/airflow/.local/lib/python3.12/site-packages/airflow/example_dags/example_sensors.py for tasks to queue
[2026-07-29T17:59:41.468+0000] {logging_mixin.py:190} INFO - [2026-07-29T17:59:41.467+0000] {dagbag.py:587} INFO - Filling up the DagBag from /home/airflow/.local/lib/python3.12/site-packages/airflow/example_dags/example_sensors.py
[2026-07-29T17:59:41.475+0000] {processor.py:925} INFO - DAG(s) 'example_sensors' retrieved from /home/airflow/.local/lib/python3.12/site-packages/airflow/example_dags/example_sensors.py
[2026-07-29T17:59:41.491+0000] {logging_mixin.py:190} INFO - [2026-07-29T17:59:41.491+0000] {dag.py:3211} INFO - Sync 1 DAGs
[2026-07-29T17:59:41.501+0000] {logging_mixin.py:190} INFO - [2026-07-29T17:59:41.501+0000] {dag.py:4138} INFO - Setting next_dagrun for example_sensors to None, run_after=None
[2026-07-29T17:59:41.513+0000] {processor.py:208} INFO - Processing /home/airflow/.local/lib/python3.12/site-packages/airflow/example_dags/example_sensors.py took 0.054 seconds
[2026-07-29T18:00:11.657+0000] {processor.py:186} INFO - Started process (PID=16831) to work on /home/airflow/.local/lib/python3.12/site-packages/airflow/example_dags/example_sensors.py
[2026-07-29T18:00:11.660+0000] {processor.py:914} INFO - Processing file /home/airflow/.local/lib/python3.12/site-packages/airflow/example_dags/example_sensors.py for tasks to queue
[2026-07-29T18:00:11.666+0000] {logging_mixin.py:190} INFO - [2026-07-29T18:00:11.666+0000] {dagbag.py:587} INFO - Filling up the DagBag from /home/airflow/.local/lib/python3.12/site-packages/airflow/example_dags/example_sensors.py
[2026-07-29T18:00:11.692+0000] {processor.py:925} INFO - DAG(s) 'example_sensors' retrieved from /home/airflow/.local/lib/python3.12/site-packages/airflow/example_dags/example_sensors.py
[2026-07-29T18:00:11.724+0000] {logging_mixin.py:190} INFO - [2026-07-29T18:00:11.724+0000] {dag.py:3211} INFO - Sync 1 DAGs
[2026-07-29T18:00:11.741+0000] {logging_mixin.py:190} INFO - [2026-07-29T18:00:11.740+0000] {dag.py:4138} INFO - Setting next_dagrun for example_sensors to None, run_after=None
[2026-07-29T18:00:11.765+0000] {processor.py:208} INFO - Processing /home/airflow/.local/lib/python3.12/site-packages/airflow/example_dags/example_sensors.py took 0.135 seconds
[2026-07-29T18:00:41.936+0000] {processor.py:186} INFO - Started process (PID=16896) to work on /home/airflow/.local/lib/python3.12/site-packages/airflow/example_dags/example_sensors.py
[2026-07-29T18:00:41.937+0000] {processor.py:914} INFO - Processing file /home/airflow/.local/lib/python3.12/site-packages/airflow/example_dags/example_sensors.py for tasks to queue
[2026-07-29T18:00:41.940+0000] {logging_mixin.py:190} INFO - [2026-07-29T18:00:41.940+0000] {dagbag.py:587} INFO - Filling up the DagBag from /home/airflow/.local/lib/python3.12/site-packages/airflow/example_dags/example_sensors.py
[2026-07-29T18:00:41.948+0000] {processor.py:925} INFO - DAG(s) 'example_sensors' retrieved from /home/airflow/.local/lib/python3.12/site-packages/airflow/example_dags/example_sensors.py
[2026-07-29T18:00:41.967+0000] {logging_mixin.py:190} INFO - [2026-07-29T18:00:41.967+0000] {dag.py:3211} INFO - Sync 1 DAGs
[2026-07-29T18:00:41.975+0000] {logging_mixin.py:190} INFO - [2026-07-29T18:00:41.975+0000] {dag.py:4138} INFO - Setting next_dagrun for example_sensors to None, run_after=None
[2026-07-29T18:00:41.987+0000] {processor.py:208} INFO - Processing /home/airflow/.local/lib/python3.12/site-packages/airflow/example_dags/example_sensors.py took 0.054 seconds
[2026-07-29T18:01:12.518+0000] {processor.py:186} INFO - Started process (PID=16963) to work on /home/airflow/.local/lib/python3.12/site-packages/airflow/example_dags/example_sensors.py
[2026-07-29T18:01:12.518+0000] {processor.py:914} INFO - Processing file /home/airflow/.local/lib/python3.12/site-packages/airflow/example_dags/example_sensors.py for tasks to queue
[2026-07-29T18:01:12.519+0000] {logging_mixin.py:190} INFO - [2026-07-29T18:01:12.519+0000] {dagbag.py:587} INFO - Filling up the DagBag from /home/airflow/.local/lib/python3.12/site-packages/airflow/example_dags/example_sensors.py
[2026-07-29T18:01:12.524+0000] {processor.py:925} INFO - DAG(s) 'example_sensors' retrieved from /home/airflow/.local/lib/python3.12/site-packages/airflow/example_dags/example_sensors.py
[2026-07-29T18:01:12.536+0000] {logging_mixin.py:190} INFO - [2026-07-29T18:01:12.536+0000] {dag.py:3211} INFO - Sync 1 DAGs
[2026-07-29T18:01:12.541+0000] {logging_mixin.py:190} INFO - [2026-07-29T18:01:12.541+0000] {dag.py:4138} INFO - Setting next_dagrun for example_sensors to None, run_after=None
[2026-07-29T18:01:12.548+0000] {processor.py:208} INFO - Processing /home/airflow/.local/lib/python3.12/site-packages/airflow/example_dags/example_sensors.py took 0.034 seconds
[2026-07-29T18:01:42.863+0000] {processor.py:186} INFO - Started process (PID=17029) to work on /home/airflow/.local/lib/python3.12/site-packages/airflow/example_dags/example_sensors.py
[2026-07-29T18:01:42.863+0000] {processor.py:914} INFO - Processing file /home/airflow/.local/lib/python3.12/site-packages/airflow/example_dags/example_sensors.py for tasks to queue
[2026-07-29T18:01:42.865+0000] {logging_mixin.py:190} INFO - [2026-07-29T18:01:42.865+0000] {dagbag.py:587} INFO - Filling up the DagBag from /home/airflow/.local/lib/python3.12/site-packages/airflow/example_dags/example_sensors.py
[2026-07-29T18:01:42.870+0000] {processor.py:925} INFO - DAG(s) 'example_sensors' retrieved from /home/airflow/.local/lib/python3.12/site-packages/airflow/example_dags/example_sensors.py
[2026-07-29T18:01:42.881+0000] {logging_mixin.py:190} INFO - [2026-07-29T18:01:42.881+0000] {dag.py:3211} INFO - Sync 1 DAGs
[2026-07-29T18:01:42.887+0000] {logging_mixin.py:190} INFO - [2026-07-29T18:01:42.887+0000] {dag.py:4138} INFO - Setting next_dagrun for example_sensors to None, run_after=None
[2026-07-29T18:01:42.894+0000] {processor.py:208} INFO - Processing /home/airflow/.local/lib/python3.12/site-packages/airflow/example_dags/example_sensors.py took 0.034 seconds
[2026-07-29T18:02:13.014+0000] {processor.py:186} INFO - Started process (PID=17094) to work on /home/airflow/.local/lib/python3.12/site-packages/airflow/example_dags/example_sensors.py
[2026-07-29T18:02:13.017+0000] {processor.py:914} INFO - Processing file /home/airflow/.local/lib/python3.12/site-packages/airflow/example_dags/example_sensors.py for tasks to queue
[2026-07-29T18:02:13.018+0000] {logging_mixin.py:190} INFO - [2026-07-29T18:02:13.018+0000] {dagbag.py:587} INFO - Filling up the DagBag from /home/airflow/.local/lib/python3.12/site-packages/airflow/example_dags/example_sensors.py
[2026-07-29T18:02:13.024+0000] {processor.py:925} INFO - DAG(s) 'example_sensors' retrieved from /home/airflow/.local/lib/python3.12/site-packages/airflow/example_dags/example_sensors.py
[2026-07-29T18:02:13.041+0000] {logging_mixin.py:190} INFO - [2026-07-29T18:02:13.041+0000] {dag.py:3211} INFO - Sync 1 DAGs
[2026-07-29T18:02:13.051+0000] {logging_mixin.py:190} INFO - [2026-07-29T18:02:13.050+0000] {dag.py:4138} INFO - Setting next_dagrun for example_sensors to None, run_after=None
[2026-07-29T18:02:13.063+0000] {processor.py:208} INFO - Processing /home/airflow/.local/lib/python3.12/site-packages/airflow/example_dags/example_sensors.py took 0.053 seconds
[2026-07-29T18:02:43.970+0000] {processor.py:186} INFO - Started process (PID=17161) to work on /home/airflow/.local/lib/python3.12/site-packages/airflow/example_dags/example_sensors.py
[2026-07-29T18:02:43.971+0000] {processor.py:914} INFO - Processing file /home/airflow/.local/lib/python3.12/site-packages/airflow/example_dags/example_sensors.py for tasks to queue
[2026-07-29T18:02:43.972+0000] {logging_mixin.py:190} INFO - [2026-07-29T18:02:43.972+0000] {dagbag.py:587} INFO - Filling up the DagBag from /home/airflow/.local/lib/python3.12/site-packages/airflow/example_dags/example_sensors.py
[2026-07-29T18:02:43.977+0000] {processor.py:925} INFO - DAG(s) 'example_sensors' retrieved from /home/airflow/.local/lib/python3.12/site-packages/airflow/example_dags/example_sensors.py
[2026-07-29T18:02:43.989+0000] {logging_mixin.py:190} INFO - [2026-07-29T18:02:43.988+0000] {dag.py:3211} INFO - Sync 1 DAGs
[2026-07-29T18:02:43.994+0000] {logging_mixin.py:190} INFO - [2026-07-29T18:02:43.994+0000] {dag.py:4138} INFO - Setting next_dagrun for example_sensors to None, run_after=None
[2026-07-29T18:02:44.000+0000] {processor.py:208} INFO - Processing /home/airflow/.local/lib/python3.12/site-packages/airflow/example_dags/example_sensors.py took 0.033 seconds
[2026-07-29T18:03:14.533+0000] {processor.py:186} INFO - Started process (PID=17227) to work on /home/airflow/.local/lib/python3.12/site-packages/airflow/example_dags/example_sensors.py
[2026-07-29T18:03:14.533+0000] {processor.py:914} INFO - Processing file /home/airflow/.local/lib/python3.12/site-packages/airflow/example_dags/example_sensors.py for tasks to queue
[2026-07-29T18:03:14.534+0000] {logging_mixin.py:190} INFO - [2026-07-29T18:03:14.534+0000] {dagbag.py:587} INFO - Filling up the DagBag from /home/airflow/.local/lib/python3.12/site-packages/airflow/example_dags/example_sensors.py
[2026-07-29T18:03:14.539+0000] {processor.py:925} INFO - DAG(s) 'example_sensors' retrieved from /home/airflow/.local/lib/python3.12/site-packages/airflow/example_dags/example_sensors.py
[2026-07-29T18:03:14.551+0000] {logging_mixin.py:190} INFO - [2026-07-29T18:03:14.551+0000] {dag.py:3211} INFO - Sync 1 DAGs
[2026-07-29T18:03:14.557+0000] {logging_mixin.py:190} INFO - [2026-07-29T18:03:14.557+0000] {dag.py:4138} INFO - Setting next_dagrun for example_sensors to None, run_after=None
[2026-07-29T18:03:14.564+0000] {processor.py:208} INFO - Processing /home/airflow/.local/lib/python3.12/site-packages/airflow/example_dags/example_sensors.py took 0.034 seconds
[2026-07-29T18:03:45.181+0000] {processor.py:186} INFO - Started process (PID=17292) to work on /home/airflow/.local/lib/python3.12/site-packages/airflow/example_dags/example_sensors.py
[2026-07-29T18:03:45.182+0000] {processor.py:914} INFO - Processing file /home/airflow/.local/lib/python3.12/site-packages/airflow/example_dags/example_sensors.py for tasks to queue
[2026-07-29T18:03:45.183+0000] {logging_mixin.py:190} INFO - [2026-07-29T18:03:45.183+0000] {dagbag.py:587} INFO - Filling up the DagBag from /home/airflow/.local/lib/python3.12/site-packages/airflow/example_dags/example_sensors.py
[2026-07-29T18:03:45.188+0000] {processor.py:925} INFO - DAG(s) 'example_sensors' retrieved from /home/airflow/.local/lib/python3.12/site-packages/airflow/example_dags/example_sensors.py
[2026-07-29T18:03:45.199+0000] {logging_mixin.py:190} INFO - [2026-07-29T18:03:45.199+0000] {dag.py:3211} INFO - Sync 1 DAGs
[2026-07-29T18:03:45.314+0000] {logging_mixin.py:190} INFO - [2026-07-29T18:03:45.314+0000] {dag.py:4138} INFO - Setting next_dagrun for example_sensors to None, run_after=None
[2026-07-29T18:03:45.329+0000] {processor.py:208} INFO - Processing /home/airflow/.local/lib/python3.12/site-packages/airflow/example_dags/example_sensors.py took 0.150 seconds
[2026-07-29T18:04:16.133+0000] {processor.py:186} INFO - Started process (PID=17358) to work on /home/airflow/.local/lib/python3.12/site-packages/airflow/example_dags/example_sensors.py
[2026-07-29T18:04:16.133+0000] {processor.py:914} INFO - Processing file /home/airflow/.local/lib/python3.12/site-packages/airflow/example_dags/example_sensors.py for tasks to queue
[2026-07-29T18:04:16.134+0000] {logging_mixin.py:190} INFO - [2026-07-29T18:04:16.134+0000] {dagbag.py:587} INFO - Filling up the DagBag from /home/airflow/.local/lib/python3.12/site-packages/airflow/example_dags/example_sensors.py
[2026-07-29T18:04:16.139+0000] {processor.py:925} INFO - DAG(s) 'example_sensors' retrieved from /home/airflow/.local/lib/python3.12/site-packages/airflow/example_dags/example_sensors.py
[2026-07-29T18:04:16.151+0000] {logging_mixin.py:190} INFO - [2026-07-29T18:04:16.151+0000] {dag.py:3211} INFO - Sync 1 DAGs
[2026-07-29T18:04:16.156+0000] {logging_mixin.py:190} INFO - [2026-07-29T18:04:16.156+0000] {dag.py:4138} INFO - Setting next_dagrun for example_sensors to None, run_after=None
[2026-07-29T18:04:16.171+0000] {processor.py:208} INFO - Processing /home/airflow/.local/lib/python3.12/site-packages/airflow/example_dags/example_sensors.py took 0.041 seconds
[2026-07-29T18:04:46.196+0000] {processor.py:186} INFO - Started process (PID=17423) to work on /home/airflow/.local/lib/python3.12/site-packages/airflow/example_dags/example_sensors.py
[2026-07-29T18:04:46.196+0000] {processor.py:914} INFO - Processing file /home/airflow/.local/lib/python3.12/site-packages/airflow/example_dags/example_sensors.py for tasks to queue
[2026-07-29T18:04:46.197+0000] {logging_mixin.py:190} INFO - [2026-07-29T18:04:46.197+0000] {dagbag.py:587} INFO - Filling up the DagBag from /home/airflow/.local/lib/python3.12/site-packages/airflow/example_dags/example_sensors.py
[2026-07-29T18:04:46.203+0000] {processor.py:925} INFO - DAG(s) 'example_sensors' retrieved from /home/airflow/.local/lib/python3.12/site-packages/airflow/example_dags/example_sensors.py
[2026-07-29T18:04:46.214+0000] {logging_mixin.py:190} INFO - [2026-07-29T18:04:46.213+0000] {dag.py:3211} INFO - Sync 1 DAGs
[2026-07-29T18:04:46.219+0000] {logging_mixin.py:190} INFO - [2026-07-29T18:04:46.219+0000] {dag.py:4138} INFO - Setting next_dagrun for example_sensors to None, run_after=None
[2026-07-29T18:04:46.226+0000] {processor.py:208} INFO - Processing /home/airflow/.local/lib/python3.12/site-packages/airflow/example_dags/example_sensors.py took 0.033 seconds
[2026-07-29T18:05:16.266+0000] {processor.py:186} INFO - Started process (PID=17489) to work on /home/airflow/.local/lib/python3.12/site-packages/airflow/example_dags/example_sensors.py
[2026-07-29T18:05:16.266+0000] {processor.py:914} INFO - Processing file /home/airflow/.local/lib/python3.12/site-packages/airflow/example_dags/example_sensors.py for tasks to queue
[2026-07-29T18:05:16.268+0000] {logging_mixin.py:190} INFO - [2026-07-29T18:05:16.268+0000] {dagbag.py:587} INFO - Filling up the DagBag from /home/airflow/.local/lib/python3.12/site-packages/airflow/example_dags/example_sensors.py
[2026-07-29T18:05:16.274+0000] {processor.py:925} INFO - DAG(s) 'example_sensors' retrieved from /home/airflow/.local/lib/python3.12/site-packages/airflow/example_dags/example_sensors.py
[2026-07-29T18:05:16.287+0000] {logging_mixin.py:190} INFO - [2026-07-29T18:05:16.287+0000] {dag.py:3211} INFO - Sync 1 DAGs
[2026-07-29T18:05:16.294+0000] {logging_mixin.py:190} INFO - [2026-07-29T18:05:16.294+0000] {dag.py:4138} INFO - Setting next_dagrun for example_sensors to None, run_after=None
[2026-07-29T18:05:16.303+0000] {processor.py:208} INFO - Processing /home/airflow/.local/lib/python3.12/site-packages/airflow/example_dags/example_sensors.py took 0.041 seconds
[2026-07-29T18:05:46.417+0000] {processor.py:186} INFO - Started process (PID=17555) to work on /home/airflow/.local/lib/python3.12/site-packages/airflow/example_dags/example_sensors.py
[2026-07-29T18:05:46.419+0000] {processor.py:914} INFO - Processing file /home/airflow/.local/lib/python3.12/site-packages/airflow/example_dags/example_sensors.py for tasks to queue
[2026-07-29T18:05:46.421+0000] {logging_mixin.py:190} INFO - [2026-07-29T18:05:46.420+0000] {dagbag.py:587} INFO - Filling up the DagBag from /home/airflow/.local/lib/python3.12/site-packages/airflow/example_dags/example_sensors.py
[2026-07-29T18:05:46.428+0000] {processor.py:925} INFO - DAG(s) 'example_sensors' retrieved from /home/airflow/.local/lib/python3.12/site-packages/airflow/example_dags/example_sensors.py
[2026-07-29T18:05:46.443+0000] {logging_mixin.py:190} INFO - [2026-07-29T18:05:46.443+0000] {dag.py:3211} INFO - Sync 1 DAGs
[2026-07-29T18:05:46.452+0000] {logging_mixin.py:190} INFO - [2026-07-29T18:05:46.452+0000] {dag.py:4138} INFO - Setting next_dagrun for example_sensors to None, run_after=None
[2026-07-29T18:05:46.464+0000] {processor.py:208} INFO - Processing /home/airflow/.local/lib/python3.12/site-packages/airflow/example_dags/example_sensors.py took 0.052 seconds
[2026-07-29T18:06:16.526+0000] {processor.py:186} INFO - Started process (PID=17621) to work on /home/airflow/.local/lib/python3.12/site-packages/airflow/example_dags/example_sensors.py
[2026-07-29T18:06:16.526+0000] {processor.py:914} INFO - Processing file /home/airflow/.local/lib/python3.12/site-packages/airflow/example_dags/example_sensors.py for tasks to queue
[2026-07-29T18:06:16.528+0000] {logging_mixin.py:190} INFO - [2026-07-29T18:06:16.528+0000] {dagbag.py:587} INFO - Filling up the DagBag from /home/airflow/.local/lib/python3.12/site-packages/airflow/example_dags/example_sensors.py
[2026-07-29T18:06:16.537+0000] {processor.py:925} INFO - DAG(s) 'example_sensors' retrieved from /home/airflow/.local/lib/python3.12/site-packages/airflow/example_dags/example_sensors.py
[2026-07-29T18:06:16.558+0000] {logging_mixin.py:190} INFO - [2026-07-29T18:06:16.558+0000] {dag.py:3211} INFO - Sync 1 DAGs
[2026-07-29T18:06:16.564+0000] {logging_mixin.py:190} INFO - [2026-07-29T18:06:16.564+0000] {dag.py:4138} INFO - Setting next_dagrun for example_sensors to None, run_after=None
[2026-07-29T18:06:16.576+0000] {processor.py:208} INFO - Processing /home/airflow/.local/lib/python3.12/site-packages/airflow/example_dags/example_sensors.py took 0.057 seconds
[2026-07-29T18:06:46.741+0000] {processor.py:186} INFO - Started process (PID=17687) to work on /home/airflow/.local/lib/python3.12/site-packages/airflow/example_dags/example_sensors.py
[2026-07-29T18:06:46.743+0000] {processor.py:914} INFO - Processing file /home/airflow/.local/lib/python3.12/site-packages/airflow/example_dags/example_sensors.py for tasks to queue
[2026-07-29T18:06:46.746+0000] {logging_mixin.py:190} INFO - [2026-07-29T18:06:46.746+0000] {dagbag.py:587} INFO - Filling up the DagBag from /home/airflow/.local/lib/python3.12/site-packages/airflow/example_dags/example_sensors.py
[2026-07-29T18:06:46.756+0000] {processor.py:925} INFO - DAG(s) 'example_sensors' retrieved from /home/airflow/.local/lib/python3.12/site-packages/airflow/example_dags/example_sensors.py
[2026-07-29T18:06:46.773+0000] {logging_mixin.py:190} INFO - [2026-07-29T18:06:46.772+0000] {dag.py:3211} INFO - Sync 1 DAGs
[2026-07-29T18:06:46.782+0000] {logging_mixin.py:190} INFO - [2026-07-29T18:06:46.782+0000] {dag.py:4138} INFO - Setting next_dagrun for example_sensors to None, run_after=None
[2026-07-29T18:06:46.795+0000] {processor.py:208} INFO - Processing /home/airflow/.local/lib/python3.12/site-packages/airflow/example_dags/example_sensors.py took 0.060 seconds
[2026-07-29T18:07:16.826+0000] {processor.py:186} INFO - Started process (PID=17753) to work on /home/airflow/.local/lib/python3.12/site-packages/airflow/example_dags/example_sensors.py
[2026-07-29T18:07:16.827+0000] {processor.py:914} INFO - Processing file /home/airflow/.local/lib/python3.12/site-packages/airflow/example_dags/example_sensors.py for tasks to queue
[2026-07-29T18:07:16.830+0000] {logging_mixin.py:190} INFO - [2026-07-29T18:07:16.830+0000] {dagbag.py:587} INFO - Filling up the DagBag from /home/airflow/.local/lib/python3.12/site-packages/airflow/example_dags/example_sensors.py
[2026-07-29T18:07:16.840+0000] {processor.py:925} INFO - DAG(s) 'example_sensors' retrieved from /home/airflow/.local/lib/python3.12/site-packages/airflow/example_dags/example_sensors.py
[2026-07-29T18:07:16.862+0000] {logging_mixin.py:190} INFO - [2026-07-29T18:07:16.862+0000] {dag.py:3211} INFO - Sync 1 DAGs
[2026-07-29T18:07:16.872+0000] {logging_mixin.py:190} INFO - [2026-07-29T18:07:16.872+0000] {dag.py:4138} INFO - Setting next_dagrun for example_sensors to None, run_after=None
[2026-07-29T18:07:16.883+0000] {processor.py:208} INFO - Processing /home/airflow/.local/lib/python3.12/site-packages/airflow/example_dags/example_sensors.py took 0.061 seconds
[2026-07-29T18:07:46.995+0000] {processor.py:186} INFO - Started process (PID=17819) to work on /home/airflow/.local/lib/python3.12/site-packages/airflow/example_dags/example_sensors.py
[2026-07-29T18:07:46.998+0000] {processor.py:914} INFO - Processing file /home/airflow/.local/lib/python3.12/site-packages/airflow/example_dags/example_sensors.py for tasks to queue
[2026-07-29T18:07:47.000+0000] {logging_mixin.py:190} INFO - [2026-07-29T18:07:47.000+0000] {dagbag.py:587} INFO - Filling up the DagBag from /home/airflow/.local/lib/python3.12/site-packages/airflow/example_dags/example_sensors.py
[2026-07-29T18:07:47.008+0000] {processor.py:925} INFO - DAG(s) 'example_sensors' retrieved from /home/airflow/.local/lib/python3.12/site-packages/airflow/example_dags/example_sensors.py
[2026-07-29T18:07:47.026+0000] {logging_mixin.py:190} INFO - [2026-07-29T18:07:47.025+0000] {dag.py:3211} INFO - Sync 1 DAGs
[2026-07-29T18:07:47.032+0000] {logging_mixin.py:190} INFO - [2026-07-29T18:07:47.032+0000] {dag.py:4138} INFO - Setting next_dagrun for example_sensors to None, run_after=None
[2026-07-29T18:07:47.042+0000] {processor.py:208} INFO - Processing /home/airflow/.local/lib/python3.12/site-packages/airflow/example_dags/example_sensors.py took 0.051 seconds
[2026-07-29T18:08:18.077+0000] {processor.py:186} INFO - Started process (PID=17886) to work on /home/airflow/.local/lib/python3.12/site-packages/airflow/example_dags/example_sensors.py
[2026-07-29T18:08:18.078+0000] {processor.py:914} INFO - Processing file /home/airflow/.local/lib/python3.12/site-packages/airflow/example_dags/example_sensors.py for tasks to queue
[2026-07-29T18:08:18.079+0000] {logging_mixin.py:190} INFO - [2026-07-29T18:08:18.079+0000] {dagbag.py:587} INFO - Filling up the DagBag from /home/airflow/.local/lib/python3.12/site-packages/airflow/example_dags/example_sensors.py
[2026-07-29T18:08:18.084+0000] {processor.py:925} INFO - DAG(s) 'example_sensors' retrieved from /home/airflow/.local/lib/python3.12/site-packages/airflow/example_dags/example_sensors.py
[2026-07-29T18:08:18.095+0000] {logging_mixin.py:190} INFO - [2026-07-29T18:08:18.095+0000] {dag.py:3211} INFO - Sync 1 DAGs
[2026-07-29T18:08:18.102+0000] {logging_mixin.py:190} INFO - [2026-07-29T18:08:18.102+0000] {dag.py:4138} INFO - Setting next_dagrun for example_sensors to None, run_after=None
[2026-07-29T18:08:18.112+0000] {processor.py:208} INFO - Processing /home/airflow/.local/lib/python3.12/site-packages/airflow/example_dags/example_sensors.py took 0.037 seconds
[2026-07-29T18:08:49.090+0000] {processor.py:186} INFO - Started process (PID=17952) to work on /home/airflow/.local/lib/python3.12/site-packages/airflow/example_dags/example_sensors.py
[2026-07-29T18:08:49.090+0000] {processor.py:914} INFO - Processing file /home/airflow/.local/lib/python3.12/site-packages/airflow/example_dags/example_sensors.py for tasks to queue
[2026-07-29T18:08:49.091+0000] {logging_mixin.py:190} INFO - [2026-07-29T18:08:49.091+0000] {dagbag.py:587} INFO - Filling up the DagBag from /home/airflow/.local/lib/python3.12/site-packages/airflow/example_dags/example_sensors.py
[2026-07-29T18:08:49.096+0000] {processor.py:925} INFO - DAG(s) 'example_sensors' retrieved from /home/airflow/.local/lib/python3.12/site-packages/airflow/example_dags/example_sensors.py
[2026-07-29T18:08:49.107+0000] {logging_mixin.py:190} INFO - [2026-07-29T18:08:49.107+0000] {dag.py:3211} INFO - Sync 1 DAGs
[2026-07-29T18:08:49.114+0000] {logging_mixin.py:190} INFO - [2026-07-29T18:08:49.114+0000] {dag.py:4138} INFO - Setting next_dagrun for example_sensors to None, run_after=None
[2026-07-29T18:08:49.128+0000] {processor.py:208} INFO - Processing /home/airflow/.local/lib/python3.12/site-packages/airflow/example_dags/example_sensors.py took 0.041 seconds
[2026-07-29T18:09:19.833+0000] {processor.py:186} INFO - Started process (PID=18017) to work on /home/airflow/.local/lib/python3.12/site-packages/airflow/example_dags/example_sensors.py
[2026-07-29T18:09:19.834+0000] {processor.py:914} INFO - Processing file /home/airflow/.local/lib/python3.12/site-packages/airflow/example_dags/example_sensors.py for tasks to queue
[2026-07-29T18:09:19.835+0000] {logging_mixin.py:190} INFO - [2026-07-29T18:09:19.835+0000] {dagbag.py:587} INFO - Filling up the DagBag from /home/airflow/.local/lib/python3.12/site-packages/airflow/example_dags/example_sensors.py
[2026-07-29T18:09:19.840+0000] {processor.py:925} INFO - DAG(s) 'example_sensors' retrieved from /home/airflow/.local/lib/python3.12/site-packages/airflow/example_dags/example_sensors.py
[2026-07-29T18:09:19.851+0000] {logging_mixin.py:190} INFO - [2026-07-29T18:09:19.851+0000] {dag.py:3211} INFO - Sync 1 DAGs
[2026-07-29T18:09:19.857+0000] {logging_mixin.py:190} INFO - [2026-07-29T18:09:19.857+0000] {dag.py:4138} INFO - Setting next_dagrun for example_sensors to None, run_after=None
[2026-07-29T18:09:19.872+0000] {processor.py:208} INFO - Processing /home/airflow/.local/lib/python3.12/site-packages/airflow/example_dags/example_sensors.py took 0.041 seconds
[2026-07-29T18:09:50.835+0000] {processor.py:186} INFO - Started process (PID=18083) to work on /home/airflow/.local/lib/python3.12/site-packages/airflow/example_dags/example_sensors.py
[2026-07-29T18:09:50.835+0000] {processor.py:914} INFO - Processing file /home/airflow/.local/lib/python3.12/site-packages/airflow/example_dags/example_sensors.py for tasks to queue
[2026-07-29T18:09:50.836+0000] {logging_mixin.py:190} INFO - [2026-07-29T18:09:50.836+0000] {dagbag.py:587} INFO - Filling up the DagBag from /home/airflow/.local/lib/python3.12/site-packages/airflow/example_dags/example_sensors.py
[2026-07-29T18:09:50.841+0000] {processor.py:925} INFO - DAG(s) 'example_sensors' retrieved from /home/airflow/.local/lib/python3.12/site-packages/airflow/example_dags/example_sensors.py
[2026-07-29T18:09:50.853+0000] {logging_mixin.py:190} INFO - [2026-07-29T18:09:50.853+0000] {dag.py:3211} INFO - Sync 1 DAGs
[2026-07-29T18:09:50.860+0000] {logging_mixin.py:190} INFO - [2026-07-29T18:09:50.859+0000] {dag.py:4138} INFO - Setting next_dagrun for example_sensors to None, run_after=None
[2026-07-29T18:09:50.871+0000] {processor.py:208} INFO - Processing /home/airflow/.local/lib/python3.12/site-packages/airflow/example_dags/example_sensors.py took 0.040 seconds
[2026-07-29T18:10:21.773+0000] {processor.py:186} INFO - Started process (PID=18149) to work on /home/airflow/.local/lib/python3.12/site-packages/airflow/example_dags/example_sensors.py
[2026-07-29T18:10:21.773+0000] {processor.py:914} INFO - Processing file /home/airflow/.local/lib/python3.12/site-packages/airflow/example_dags/example_sensors.py for tasks to queue
[2026-07-29T18:10:21.775+0000] {logging_mixin.py:190} INFO - [2026-07-29T18:10:21.774+0000] {dagbag.py:587} INFO - Filling up the DagBag from /home/airflow/.local/lib/python3.12/site-packages/airflow/example_dags/example_sensors.py
[2026-07-29T18:10:21.779+0000] {processor.py:925} INFO - DAG(s) 'example_sensors' retrieved from /home/airflow/.local/lib/python3.12/site-packages/airflow/example_dags/example_sensors.py
[2026-07-29T18:10:21.791+0000] {logging_mixin.py:190} INFO - [2026-07-29T18:10:21.791+0000] {dag.py:3211} INFO - Sync 1 DAGs
[2026-07-29T18:10:21.798+0000] {logging_mixin.py:190} INFO - [2026-07-29T18:10:21.798+0000] {dag.py:4138} INFO - Setting next_dagrun for example_sensors to None, run_after=None
[2026-07-29T18:10:21.813+0000] {processor.py:208} INFO - Processing /home/airflow/.local/lib/python3.12/site-packages/airflow/example_dags/example_sensors.py took 0.043 seconds
[2026-07-29T18:10:52.773+0000] {processor.py:186} INFO - Started process (PID=18215) to work on /home/airflow/.local/lib/python3.12/site-packages/airflow/example_dags/example_sensors.py
[2026-07-29T18:10:52.773+0000] {processor.py:914} INFO - Processing file /home/airflow/.local/lib/python3.12/site-packages/airflow/example_dags/example_sensors.py for tasks to queue
[2026-07-29T18:10:52.774+0000] {logging_mixin.py:190} INFO - [2026-07-29T18:10:52.774+0000] {dagbag.py:587} INFO - Filling up the DagBag from /home/airflow/.local/lib/python3.12/site-packages/airflow/example_dags/example_sensors.py
[2026-07-29T18:10:52.779+0000] {processor.py:925} INFO - DAG(s) 'example_sensors' retrieved from /home/airflow/.local/lib/python3.12/site-packages/airflow/example_dags/example_sensors.py
[2026-07-29T18:10:52.789+0000] {logging_mixin.py:190} INFO - [2026-07-29T18:10:52.789+0000] {dag.py:3211} INFO - Sync 1 DAGs
[2026-07-29T18:10:52.795+0000] {logging_mixin.py:190} INFO - [2026-07-29T18:10:52.795+0000] {dag.py:4138} INFO - Setting next_dagrun for example_sensors to None, run_after=None
[2026-07-29T18:10:52.806+0000] {processor.py:208} INFO - Processing /home/airflow/.local/lib/python3.12/site-packages/airflow/example_dags/example_sensors.py took 0.036 seconds
[2026-07-29T18:11:23.756+0000] {processor.py:186} INFO - Started process (PID=18281) to work on /home/airflow/.local/lib/python3.12/site-packages/airflow/example_dags/example_sensors.py
[2026-07-29T18:11:23.756+0000] {processor.py:914} INFO - Processing file /home/airflow/.local/lib/python3.12/site-packages/airflow/example_dags/example_sensors.py for tasks to queue
[2026-07-29T18:11:23.757+0000] {logging_mixin.py:190} INFO - [2026-07-29T18:11:23.757+0000] {dagbag.py:587} INFO - Filling up the DagBag from /home/airflow/.local/lib/python3.12/site-packages/airflow/example_dags/example_sensors.py
[2026-07-29T18:11:23.762+0000] {processor.py:925} INFO - DAG(s) 'example_sensors' retrieved from /home/airflow/.local/lib/python3.12/site-packages/airflow/example_dags/example_sensors.py
[2026-07-29T18:11:23.774+0000] {logging_mixin.py:190} INFO - [2026-07-29T18:11:23.774+0000] {dag.py:3211} INFO - Sync 1 DAGs
[2026-07-29T18:11:23.780+0000] {logging_mixin.py:190} INFO - [2026-07-29T18:11:23.780+0000] {dag.py:4138} INFO - Setting next_dagrun for example_sensors to None, run_after=None
[2026-07-29T18:11:23.794+0000] {processor.py:208} INFO - Processing /home/airflow/.local/lib/python3.12/site-packages/airflow/example_dags/example_sensors.py took 0.042 seconds
[2026-07-29T18:11:54.765+0000] {processor.py:186} INFO - Started process (PID=18346) to work on /home/airflow/.local/lib/python3.12/site-packages/airflow/example_dags/example_sensors.py
[2026-07-29T18:11:54.766+0000] {processor.py:914} INFO - Processing file /home/airflow/.local/lib/python3.12/site-packages/airflow/example_dags/example_sensors.py for tasks to queue
[2026-07-29T18:11:54.767+0000] {logging_mixin.py:190} INFO - [2026-07-29T18:11:54.767+0000] {dagbag.py:587} INFO - Filling up the DagBag from /home/airflow/.local/lib/python3.12/site-packages/airflow/example_dags/example_sensors.py
[2026-07-29T18:11:54.772+0000] {processor.py:925} INFO - DAG(s) 'example_sensors' retrieved from /home/airflow/.local/lib/python3.12/site-packages/airflow/example_dags/example_sensors.py
[2026-07-29T18:11:54.787+0000] {logging_mixin.py:190} INFO - [2026-07-29T18:11:54.787+0000] {dag.py:3211} INFO - Sync 1 DAGs
[2026-07-29T18:11:54.795+0000] {logging_mixin.py:190} INFO - [2026-07-29T18:11:54.795+0000] {dag.py:4138} INFO - Setting next_dagrun for example_sensors to None, run_after=None
[2026-07-29T18:11:54.806+0000] {processor.py:208} INFO - Processing /home/airflow/.local/lib/python3.12/site-packages/airflow/example_dags/example_sensors.py took 0.045 seconds
[2026-07-29T18:12:25.760+0000] {processor.py:186} INFO - Started process (PID=18412) to work on /home/airflow/.local/lib/python3.12/site-packages/airflow/example_dags/example_sensors.py
[2026-07-29T18:12:25.761+0000] {processor.py:914} INFO - Processing file /home/airflow/.local/lib/python3.12/site-packages/airflow/example_dags/example_sensors.py for tasks to queue
[2026-07-29T18:12:25.762+0000] {logging_mixin.py:190} INFO - [2026-07-29T18:12:25.761+0000] {dagbag.py:587} INFO - Filling up the DagBag from /home/airflow/.local/lib/python3.12/site-packages/airflow/example_dags/example_sensors.py
[2026-07-29T18:12:25.766+0000] {processor.py:925} INFO - DAG(s) 'example_sensors' retrieved from /home/airflow/.local/lib/python3.12/site-packages/airflow/example_dags/example_sensors.py
[2026-07-29T18:12:25.778+0000] {logging_mixin.py:190} INFO - [2026-07-29T18:12:25.778+0000] {dag.py:3211} INFO - Sync 1 DAGs
[2026-07-29T18:12:25.789+0000] {logging_mixin.py:190} INFO - [2026-07-29T18:12:25.789+0000] {dag.py:4138} INFO - Setting next_dagrun for example_sensors to None, run_after=None
[2026-07-29T18:12:25.798+0000] {processor.py:208} INFO - Processing /home/airflow/.local/lib/python3.12/site-packages/airflow/example_dags/example_sensors.py took 0.041 seconds
[2026-07-29T18:12:56.758+0000] {processor.py:186} INFO - Started process (PID=18478) to work on /home/airflow/.local/lib/python3.12/site-packages/airflow/example_dags/example_sensors.py
[2026-07-29T18:12:56.758+0000] {processor.py:914} INFO - Processing file /home/airflow/.local/lib/python3.12/site-packages/airflow/example_dags/example_sensors.py for tasks to queue
[2026-07-29T18:12:56.759+0000] {logging_mixin.py:190} INFO - [2026-07-29T18:12:56.759+0000] {dagbag.py:587} INFO - Filling up the DagBag from /home/airflow/.local/lib/python3.12/site-packages/airflow/example_dags/example_sensors.py
[2026-07-29T18:12:56.764+0000] {processor.py:925} INFO - DAG(s) 'example_sensors' retrieved from /home/airflow/.local/lib/python3.12/site-packages/airflow/example_dags/example_sensors.py
[2026-07-29T18:12:56.775+0000] {logging_mixin.py:190} INFO - [2026-07-29T18:12:56.775+0000] {dag.py:3211} INFO - Sync 1 DAGs
[2026-07-29T18:12:56.780+0000] {logging_mixin.py:190} INFO - [2026-07-29T18:12:56.780+0000] {dag.py:4138} INFO - Setting next_dagrun for example_sensors to None, run_after=None
[2026-07-29T18:12:56.790+0000] {processor.py:208} INFO - Processing /home/airflow/.local/lib/python3.12/site-packages/airflow/example_dags/example_sensors.py took 0.035 seconds
[2026-07-29T18:13:26.827+0000] {processor.py:186} INFO - Started process (PID=18543) to work on /home/airflow/.local/lib/python3.12/site-packages/airflow/example_dags/example_sensors.py
[2026-07-29T18:13:26.827+0000] {processor.py:914} INFO - Processing file /home/airflow/.local/lib/python3.12/site-packages/airflow/example_dags/example_sensors.py for tasks to queue
[2026-07-29T18:13:26.828+0000] {logging_mixin.py:190} INFO - [2026-07-29T18:13:26.828+0000] {dagbag.py:587} INFO - Filling up the DagBag from /home/airflow/.local/lib/python3.12/site-packages/airflow/example_dags/example_sensors.py
[2026-07-29T18:13:26.833+0000] {processor.py:925} INFO - DAG(s) 'example_sensors' retrieved from /home/airflow/.local/lib/python3.12/site-packages/airflow/example_dags/example_sensors.py
[2026-07-29T18:13:26.845+0000] {logging_mixin.py:190} INFO - [2026-07-29T18:13:26.844+0000] {dag.py:3211} INFO - Sync 1 DAGs
[2026-07-29T18:13:26.850+0000] {logging_mixin.py:190} INFO - [2026-07-29T18:13:26.850+0000] {dag.py:4138} INFO - Setting next_dagrun for example_sensors to None, run_after=None
[2026-07-29T18:13:26.856+0000] {processor.py:208} INFO - Processing /home/airflow/.local/lib/python3.12/site-packages/airflow/example_dags/example_sensors.py took 0.032 seconds
[2026-07-29T18:13:58.753+0000] {processor.py:186} INFO - Started process (PID=18616) to work on /home/airflow/.local/lib/python3.12/site-packages/airflow/example_dags/example_sensors.py
[2026-07-29T18:13:58.754+0000] {processor.py:914} INFO - Processing file /home/airflow/.local/lib/python3.12/site-packages/airflow/example_dags/example_sensors.py for tasks to queue
[2026-07-29T18:13:58.755+0000] {logging_mixin.py:190} INFO - [2026-07-29T18:13:58.755+0000] {dagbag.py:587} INFO - Filling up the DagBag from /home/airflow/.local/lib/python3.12/site-packages/airflow/example_dags/example_sensors.py
[2026-07-29T18:13:58.761+0000] {processor.py:925} INFO - DAG(s) 'example_sensors' retrieved from /home/airflow/.local/lib/python3.12/site-packages/airflow/example_dags/example_sensors.py
[2026-07-29T18:13:58.777+0000] {logging_mixin.py:190} INFO - [2026-07-29T18:13:58.777+0000] {dag.py:3211} INFO - Sync 1 DAGs
[2026-07-29T18:13:58.784+0000] {logging_mixin.py:190} INFO - [2026-07-29T18:13:58.784+0000] {dag.py:4138} INFO - Setting next_dagrun for example_sensors to None, run_after=None
[2026-07-29T18:13:58.797+0000] {processor.py:208} INFO - Processing /home/airflow/.local/lib/python3.12/site-packages/airflow/example_dags/example_sensors.py took 0.047 seconds
[2026-07-29T18:14:29.799+0000] {processor.py:186} INFO - Started process (PID=18682) to work on /home/airflow/.local/lib/python3.12/site-packages/airflow/example_dags/example_sensors.py
[2026-07-29T18:14:29.800+0000] {processor.py:914} INFO - Processing file /home/airflow/.local/lib/python3.12/site-packages/airflow/example_dags/example_sensors.py for tasks to queue
[2026-07-29T18:14:29.801+0000] {logging_mixin.py:190} INFO - [2026-07-29T18:14:29.801+0000] {dagbag.py:587} INFO - Filling up the DagBag from /home/airflow/.local/lib/python3.12/site-packages/airflow/example_dags/example_sensors.py
[2026-07-29T18:14:29.806+0000] {processor.py:925} INFO - DAG(s) 'example_sensors' retrieved from /home/airflow/.local/lib/python3.12/site-packages/airflow/example_dags/example_sensors.py
[2026-07-29T18:14:29.818+0000] {logging_mixin.py:190} INFO - [2026-07-29T18:14:29.817+0000] {dag.py:3211} INFO - Sync 1 DAGs
[2026-07-29T18:14:29.827+0000] {logging_mixin.py:190} INFO - [2026-07-29T18:14:29.827+0000] {dag.py:4138} INFO - Setting next_dagrun for example_sensors to None, run_after=None
[2026-07-29T18:14:29.841+0000] {processor.py:208} INFO - Processing /home/airflow/.local/lib/python3.12/site-packages/airflow/example_dags/example_sensors.py took 0.045 seconds
[2026-07-29T18:15:00.775+0000] {processor.py:186} INFO - Started process (PID=18748) to work on /home/airflow/.local/lib/python3.12/site-packages/airflow/example_dags/example_sensors.py
[2026-07-29T18:15:00.775+0000] {processor.py:914} INFO - Processing file /home/airflow/.local/lib/python3.12/site-packages/airflow/example_dags/example_sensors.py for tasks to queue
[2026-07-29T18:15:00.777+0000] {logging_mixin.py:190} INFO - [2026-07-29T18:15:00.777+0000] {dagbag.py:587} INFO - Filling up the DagBag from /home/airflow/.local/lib/python3.12/site-packages/airflow/example_dags/example_sensors.py
[2026-07-29T18:15:00.781+0000] {processor.py:925} INFO - DAG(s) 'example_sensors' retrieved from /home/airflow/.local/lib/python3.12/site-packages/airflow/example_dags/example_sensors.py
[2026-07-29T18:15:00.793+0000] {logging_mixin.py:190} INFO - [2026-07-29T18:15:00.793+0000] {dag.py:3211} INFO - Sync 1 DAGs
[2026-07-29T18:15:00.799+0000] {logging_mixin.py:190} INFO - [2026-07-29T18:15:00.799+0000] {dag.py:4138} INFO - Setting next_dagrun for example_sensors to None, run_after=None
[2026-07-29T18:15:00.813+0000] {processor.py:208} INFO - Processing /home/airflow/.local/lib/python3.12/site-packages/airflow/example_dags/example_sensors.py took 0.041 seconds
[2026-07-29T18:15:31.788+0000] {processor.py:186} INFO - Started process (PID=18814) to work on /home/airflow/.local/lib/python3.12/site-packages/airflow/example_dags/example_sensors.py
[2026-07-29T18:15:31.789+0000] {processor.py:914} INFO - Processing file /home/airflow/.local/lib/python3.12/site-packages/airflow/example_dags/example_sensors.py for tasks to queue
[2026-07-29T18:15:31.790+0000] {logging_mixin.py:190} INFO - [2026-07-29T18:15:31.790+0000] {dagbag.py:587} INFO - Filling up the DagBag from /home/airflow/.local/lib/python3.12/site-packages/airflow/example_dags/example_sensors.py
[2026-07-29T18:15:31.795+0000] {processor.py:925} INFO - DAG(s) 'example_sensors' retrieved from /home/airflow/.local/lib/python3.12/site-packages/airflow/example_dags/example_sensors.py
[2026-07-29T18:15:31.805+0000] {logging_mixin.py:190} INFO - [2026-07-29T18:15:31.805+0000] {dag.py:3211} INFO - Sync 1 DAGs
[2026-07-29T18:15:31.813+0000] {logging_mixin.py:190} INFO - [2026-07-29T18:15:31.813+0000] {dag.py:4138} INFO - Setting next_dagrun for example_sensors to None, run_after=None
[2026-07-29T18:15:31.828+0000] {processor.py:208} INFO - Processing /home/airflow/.local/lib/python3.12/site-packages/airflow/example_dags/example_sensors.py took 0.043 seconds
[2026-07-29T18:16:02.739+0000] {processor.py:186} INFO - Started process (PID=18880) to work on /home/airflow/.local/lib/python3.12/site-packages/airflow/example_dags/example_sensors.py
[2026-07-29T18:16:02.740+0000] {processor.py:914} INFO - Processing file /home/airflow/.local/lib/python3.12/site-packages/airflow/example_dags/example_sensors.py for tasks to queue
[2026-07-29T18:16:02.741+0000] {logging_mixin.py:190} INFO - [2026-07-29T18:16:02.741+0000] {dagbag.py:587} INFO - Filling up the DagBag from /home/airflow/.local/lib/python3.12/site-packages/airflow/example_dags/example_sensors.py
[2026-07-29T18:16:02.746+0000] {processor.py:925} INFO - DAG(s) 'example_sensors' retrieved from /home/airflow/.local/lib/python3.12/site-packages/airflow/example_dags/example_sensors.py
[2026-07-29T18:16:02.756+0000] {logging_mixin.py:190} INFO - [2026-07-29T18:16:02.756+0000] {dag.py:3211} INFO - Sync 1 DAGs
[2026-07-29T18:16:02.763+0000] {logging_mixin.py:190} INFO - [2026-07-29T18:16:02.763+0000] {dag.py:4138} INFO - Setting next_dagrun for example_sensors to None, run_after=None
[2026-07-29T18:16:02.774+0000] {processor.py:208} INFO - Processing /home/airflow/.local/lib/python3.12/site-packages/airflow/example_dags/example_sensors.py took 0.037 seconds
[2026-07-29T18:16:33.769+0000] {processor.py:186} INFO - Started process (PID=18946) to work on /home/airflow/.local/lib/python3.12/site-packages/airflow/example_dags/example_sensors.py
[2026-07-29T18:16:33.770+0000] {processor.py:914} INFO - Processing file /home/airflow/.local/lib/python3.12/site-packages/airflow/example_dags/example_sensors.py for tasks to queue
[2026-07-29T18:16:33.771+0000] {logging_mixin.py:190} INFO - [2026-07-29T18:16:33.770+0000] {dagbag.py:587} INFO - Filling up the DagBag from /home/airflow/.local/lib/python3.12/site-packages/airflow/example_dags/example_sensors.py
[2026-07-29T18:16:33.776+0000] {processor.py:925} INFO - DAG(s) 'example_sensors' retrieved from /home/airflow/.local/lib/python3.12/site-packages/airflow/example_dags/example_sensors.py
[2026-07-29T18:16:33.787+0000] {logging_mixin.py:190} INFO - [2026-07-29T18:16:33.787+0000] {dag.py:3211} INFO - Sync 1 DAGs
[2026-07-29T18:16:33.794+0000] {logging_mixin.py:190} INFO - [2026-07-29T18:16:33.794+0000] {dag.py:4138} INFO - Setting next_dagrun for example_sensors to None, run_after=None
[2026-07-29T18:16:33.805+0000] {processor.py:208} INFO - Processing /home/airflow/.local/lib/python3.12/site-packages/airflow/example_dags/example_sensors.py took 0.038 seconds
[2026-07-29T18:17:04.741+0000] {processor.py:186} INFO - Started process (PID=19012) to work on /home/airflow/.local/lib/python3.12/site-packages/airflow/example_dags/example_sensors.py
[2026-07-29T18:17:04.742+0000] {processor.py:914} INFO - Processing file /home/airflow/.local/lib/python3.12/site-packages/airflow/example_dags/example_sensors.py for tasks to queue
[2026-07-29T18:17:04.744+0000] {logging_mixin.py:190} INFO - [2026-07-29T18:17:04.743+0000] {dagbag.py:587} INFO - Filling up the DagBag from /home/airflow/.local/lib/python3.12/site-packages/airflow/example_dags/example_sensors.py
[2026-07-29T18:17:04.749+0000] {processor.py:925} INFO - DAG(s) 'example_sensors' retrieved from /home/airflow/.local/lib/python3.12/site-packages/airflow/example_dags/example_sensors.py
[2026-07-29T18:17:04.761+0000] {logging_mixin.py:190} INFO - [2026-07-29T18:17:04.761+0000] {dag.py:3211} INFO - Sync 1 DAGs
[2026-07-29T18:17:04.768+0000] {logging_mixin.py:190} INFO - [2026-07-29T18:17:04.768+0000] {dag.py:4138} INFO - Setting next_dagrun for example_sensors to None, run_after=None
[2026-07-29T18:17:04.781+0000] {processor.py:208} INFO - Processing /home/airflow/.local/lib/python3.12/site-packages/airflow/example_dags/example_sensors.py took 0.044 seconds
[2026-07-29T18:17:35.737+0000] {processor.py:186} INFO - Started process (PID=19078) to work on /home/airflow/.local/lib/python3.12/site-packages/airflow/example_dags/example_sensors.py
[2026-07-29T18:17:35.737+0000] {processor.py:914} INFO - Processing file /home/airflow/.local/lib/python3.12/site-packages/airflow/example_dags/example_sensors.py for tasks to queue
[2026-07-29T18:17:35.738+0000] {logging_mixin.py:190} INFO - [2026-07-29T18:17:35.738+0000] {dagbag.py:587} INFO - Filling up the DagBag from /home/airflow/.local/lib/python3.12/site-packages/airflow/example_dags/example_sensors.py
[2026-07-29T18:17:35.743+0000] {processor.py:925} INFO - DAG(s) 'example_sensors' retrieved from /home/airflow/.local/lib/python3.12/site-packages/airflow/example_dags/example_sensors.py
[2026-07-29T18:17:35.754+0000] {logging_mixin.py:190} INFO - [2026-07-29T18:17:35.754+0000] {dag.py:3211} INFO - Sync 1 DAGs
[2026-07-29T18:17:35.762+0000] {logging_mixin.py:190} INFO - [2026-07-29T18:17:35.762+0000] {dag.py:4138} INFO - Setting next_dagrun for example_sensors to None, run_after=None
[2026-07-29T18:17:35.777+0000] {processor.py:208} INFO - Processing /home/airflow/.local/lib/python3.12/site-packages/airflow/example_dags/example_sensors.py took 0.044 seconds
[2026-07-29T18:18:06.665+0000] {processor.py:186} INFO - Started process (PID=19144) to work on /home/airflow/.local/lib/python3.12/site-packages/airflow/example_dags/example_sensors.py
[2026-07-29T18:18:06.666+0000] {processor.py:914} INFO - Processing file /home/airflow/.local/lib/python3.12/site-packages/airflow/example_dags/example_sensors.py for tasks to queue
[2026-07-29T18:18:06.667+0000] {logging_mixin.py:190} INFO - [2026-07-29T18:18:06.667+0000] {dagbag.py:587} INFO - Filling up the DagBag from /home/airflow/.local/lib/python3.12/site-packages/airflow/example_dags/example_sensors.py
[2026-07-29T18:18:06.672+0000] {processor.py:925} INFO - DAG(s) 'example_sensors' retrieved from /home/airflow/.local/lib/python3.12/site-packages/airflow/example_dags/example_sensors.py
[2026-07-29T18:18:06.683+0000] {logging_mixin.py:190} INFO - [2026-07-29T18:18:06.683+0000] {dag.py:3211} INFO - Sync 1 DAGs
[2026-07-29T18:18:06.688+0000] {logging_mixin.py:190} INFO - [2026-07-29T18:18:06.688+0000] {dag.py:4138} INFO - Setting next_dagrun for example_sensors to None, run_after=None
[2026-07-29T18:18:06.705+0000] {processor.py:208} INFO - Processing /home/airflow/.local/lib/python3.12/site-packages/airflow/example_dags/example_sensors.py took 0.043 seconds
[2026-07-29T18:18:37.553+0000] {processor.py:186} INFO - Started process (PID=19210) to work on /home/airflow/.local/lib/python3.12/site-packages/airflow/example_dags/example_sensors.py
[2026-07-29T18:18:37.553+0000] {processor.py:914} INFO - Processing file /home/airflow/.local/lib/python3.12/site-packages/airflow/example_dags/example_sensors.py for tasks to queue
[2026-07-29T18:18:37.554+0000] {logging_mixin.py:190} INFO - [2026-07-29T18:18:37.554+0000] {dagbag.py:587} INFO - Filling up the DagBag from /home/airflow/.local/lib/python3.12/site-packages/airflow/example_dags/example_sensors.py
[2026-07-29T18:18:37.559+0000] {processor.py:925} INFO - DAG(s) 'example_sensors' retrieved from /home/airflow/.local/lib/python3.12/site-packages/airflow/example_dags/example_sensors.py
[2026-07-29T18:18:37.570+0000] {logging_mixin.py:190} INFO - [2026-07-29T18:18:37.569+0000] {dag.py:3211} INFO - Sync 1 DAGs
[2026-07-29T18:18:37.575+0000] {logging_mixin.py:190} INFO - [2026-07-29T18:18:37.575+0000] {dag.py:4138} INFO - Setting next_dagrun for example_sensors to None, run_after=None
[2026-07-29T18:18:37.586+0000] {processor.py:208} INFO - Processing /home/airflow/.local/lib/python3.12/site-packages/airflow/example_dags/example_sensors.py took 0.036 seconds
[2026-07-29T18:19:07.963+0000] {processor.py:186} INFO - Started process (PID=19276) to work on /home/airflow/.local/lib/python3.12/site-packages/airflow/example_dags/example_sensors.py
[2026-07-29T18:19:07.963+0000] {processor.py:914} INFO - Processing file /home/airflow/.local/lib/python3.12/site-packages/airflow/example_dags/example_sensors.py for tasks to queue
[2026-07-29T18:19:07.965+0000] {logging_mixin.py:190} INFO - [2026-07-29T18:19:07.964+0000] {dagbag.py:587} INFO - Filling up the DagBag from /home/airflow/.local/lib/python3.12/site-packages/airflow/example_dags/example_sensors.py
[2026-07-29T18:19:07.969+0000] {processor.py:925} INFO - DAG(s) 'example_sensors' retrieved from /home/airflow/.local/lib/python3.12/site-packages/airflow/example_dags/example_sensors.py
[2026-07-29T18:19:07.979+0000] {logging_mixin.py:190} INFO - [2026-07-29T18:19:07.979+0000] {dag.py:3211} INFO - Sync 1 DAGs
[2026-07-29T18:19:07.985+0000] {logging_mixin.py:190} INFO - [2026-07-29T18:19:07.985+0000] {dag.py:4138} INFO - Setting next_dagrun for example_sensors to None, run_after=None
[2026-07-29T18:19:07.995+0000] {processor.py:208} INFO - Processing /home/airflow/.local/lib/python3.12/site-packages/airflow/example_dags/example_sensors.py took 0.034 seconds
[2026-07-29T18:19:38.893+0000] {processor.py:186} INFO - Started process (PID=19342) to work on /home/airflow/.local/lib/python3.12/site-packages/airflow/example_dags/example_sensors.py
[2026-07-29T18:19:38.894+0000] {processor.py:914} INFO - Processing file /home/airflow/.local/lib/python3.12/site-packages/airflow/example_dags/example_sensors.py for tasks to queue
[2026-07-29T18:19:38.895+0000] {logging_mixin.py:190} INFO - [2026-07-29T18:19:38.895+0000] {dagbag.py:587} INFO - Filling up the DagBag from /home/airflow/.local/lib/python3.12/site-packages/airflow/example_dags/example_sensors.py
[2026-07-29T18:19:38.899+0000] {processor.py:925} INFO - DAG(s) 'example_sensors' retrieved from /home/airflow/.local/lib/python3.12/site-packages/airflow/example_dags/example_sensors.py
[2026-07-29T18:19:38.910+0000] {logging_mixin.py:190} INFO - [2026-07-29T18:19:38.910+0000] {dag.py:3211} INFO - Sync 1 DAGs
[2026-07-29T18:19:38.915+0000] {logging_mixin.py:190} INFO - [2026-07-29T18:19:38.915+0000] {dag.py:4138} INFO - Setting next_dagrun for example_sensors to None, run_after=None
[2026-07-29T18:19:38.926+0000] {processor.py:208} INFO - Processing /home/airflow/.local/lib/python3.12/site-packages/airflow/example_dags/example_sensors.py took 0.035 seconds
[2026-07-29T18:20:09.809+0000] {processor.py:186} INFO - Started process (PID=19408) to work on /home/airflow/.local/lib/python3.12/site-packages/airflow/example_dags/example_sensors.py
[2026-07-29T18:20:09.810+0000] {processor.py:914} INFO - Processing file /home/airflow/.local/lib/python3.12/site-packages/airflow/example_dags/example_sensors.py for tasks to queue
[2026-07-29T18:20:09.811+0000] {logging_mixin.py:190} INFO - [2026-07-29T18:20:09.811+0000] {dagbag.py:587} INFO - Filling up the DagBag from /home/airflow/.local/lib/python3.12/site-packages/airflow/example_dags/example_sensors.py
[2026-07-29T18:20:09.816+0000] {processor.py:925} INFO - DAG(s) 'example_sensors' retrieved from /home/airflow/.local/lib/python3.12/site-packages/airflow/example_dags/example_sensors.py
[2026-07-29T18:20:09.826+0000] {logging_mixin.py:190} INFO - [2026-07-29T18:20:09.826+0000] {dag.py:3211} INFO - Sync 1 DAGs
[2026-07-29T18:20:09.833+0000] {logging_mixin.py:190} INFO - [2026-07-29T18:20:09.833+0000] {dag.py:4138} INFO - Setting next_dagrun for example_sensors to None, run_after=None
[2026-07-29T18:20:09.847+0000] {processor.py:208} INFO - Processing /home/airflow/.local/lib/python3.12/site-packages/airflow/example_dags/example_sensors.py took 0.040 seconds
[2026-07-29T18:20:40.705+0000] {processor.py:186} INFO - Started process (PID=19474) to work on /home/airflow/.local/lib/python3.12/site-packages/airflow/example_dags/example_sensors.py
[2026-07-29T18:20:40.705+0000] {processor.py:914} INFO - Processing file /home/airflow/.local/lib/python3.12/site-packages/airflow/example_dags/example_sensors.py for tasks to queue
[2026-07-29T18:20:40.706+0000] {logging_mixin.py:190} INFO - [2026-07-29T18:20:40.706+0000] {dagbag.py:587} INFO - Filling up the DagBag from /home/airflow/.local/lib/python3.12/site-packages/airflow/example_dags/example_sensors.py
[2026-07-29T18:20:40.711+0000] {processor.py:925} INFO - DAG(s) 'example_sensors' retrieved from /home/airflow/.local/lib/python3.12/site-packages/airflow/example_dags/example_sensors.py
[2026-07-29T18:20:40.721+0000] {logging_mixin.py:190} INFO - [2026-07-29T18:20:40.721+0000] {dag.py:3211} INFO - Sync 1 DAGs
[2026-07-29T18:20:40.726+0000] {logging_mixin.py:190} INFO - [2026-07-29T18:20:40.726+0000] {dag.py:4138} INFO - Setting next_dagrun for example_sensors to None, run_after=None
[2026-07-29T18:20:40.736+0000] {processor.py:208} INFO - Processing /home/airflow/.local/lib/python3.12/site-packages/airflow/example_dags/example_sensors.py took 0.033 seconds
[2026-07-29T18:21:11.632+0000] {processor.py:186} INFO - Started process (PID=19540) to work on /home/airflow/.local/lib/python3.12/site-packages/airflow/example_dags/example_sensors.py
[2026-07-29T18:21:11.633+0000] {processor.py:914} INFO - Processing file /home/airflow/.local/lib/python3.12/site-packages/airflow/example_dags/example_sensors.py for tasks to queue
[2026-07-29T18:21:11.634+0000] {logging_mixin.py:190} INFO - [2026-07-29T18:21:11.634+0000] {dagbag.py:587} INFO - Filling up the DagBag from /home/airflow/.local/lib/python3.12/site-packages/airflow/example_dags/example_sensors.py
[2026-07-29T18:21:11.638+0000] {processor.py:925} INFO - DAG(s) 'example_sensors' retrieved from /home/airflow/.local/lib/python3.12/site-packages/airflow/example_dags/example_sensors.py
[2026-07-29T18:21:11.648+0000] {logging_mixin.py:190} INFO - [2026-07-29T18:21:11.648+0000] {dag.py:3211} INFO - Sync 1 DAGs
[2026-07-29T18:21:11.653+0000] {logging_mixin.py:190} INFO - [2026-07-29T18:21:11.653+0000] {dag.py:4138} INFO - Setting next_dagrun for example_sensors to None, run_after=None
[2026-07-29T18:21:11.663+0000] {processor.py:208} INFO - Processing /home/airflow/.local/lib/python3.12/site-packages/airflow/example_dags/example_sensors.py took 0.033 seconds
[2026-07-29T18:21:42.465+0000] {processor.py:186} INFO - Started process (PID=19606) to work on /home/airflow/.local/lib/python3.12/site-packages/airflow/example_dags/example_sensors.py
[2026-07-29T18:21:42.466+0000] {processor.py:914} INFO - Processing file /home/airflow/.local/lib/python3.12/site-packages/airflow/example_dags/example_sensors.py for tasks to queue
[2026-07-29T18:21:42.467+0000] {logging_mixin.py:190} INFO - [2026-07-29T18:21:42.467+0000] {dagbag.py:587} INFO - Filling up the DagBag from /home/airflow/.local/lib/python3.12/site-packages/airflow/example_dags/example_sensors.py
[2026-07-29T18:21:42.471+0000] {processor.py:925} INFO - DAG(s) 'example_sensors' retrieved from /home/airflow/.local/lib/python3.12/site-packages/airflow/example_dags/example_sensors.py
[2026-07-29T18:21:42.482+0000] {logging_mixin.py:190} INFO - [2026-07-29T18:21:42.482+0000] {dag.py:3211} INFO - Sync 1 DAGs
[2026-07-29T18:21:42.488+0000] {logging_mixin.py:190} INFO - [2026-07-29T18:21:42.487+0000] {dag.py:4138} INFO - Setting next_dagrun for example_sensors to None, run_after=None
[2026-07-29T18:21:42.498+0000] {processor.py:208} INFO - Processing /home/airflow/.local/lib/python3.12/site-packages/airflow/example_dags/example_sensors.py took 0.035 seconds
[2026-07-29T18:22:13.550+0000] {processor.py:186} INFO - Started process (PID=19672) to work on /home/airflow/.local/lib/python3.12/site-packages/airflow/example_dags/example_sensors.py
[2026-07-29T18:22:13.551+0000] {processor.py:914} INFO - Processing file /home/airflow/.local/lib/python3.12/site-packages/airflow/example_dags/example_sensors.py for tasks to queue
[2026-07-29T18:22:13.552+0000] {logging_mixin.py:190} INFO - [2026-07-29T18:22:13.552+0000] {dagbag.py:587} INFO - Filling up the DagBag from /home/airflow/.local/lib/python3.12/site-packages/airflow/example_dags/example_sensors.py
[2026-07-29T18:22:13.558+0000] {processor.py:925} INFO - DAG(s) 'example_sensors' retrieved from /home/airflow/.local/lib/python3.12/site-packages/airflow/example_dags/example_sensors.py
[2026-07-29T18:22:13.572+0000] {logging_mixin.py:190} INFO - [2026-07-29T18:22:13.572+0000] {dag.py:3211} INFO - Sync 1 DAGs
[2026-07-29T18:22:13.581+0000] {logging_mixin.py:190} INFO - [2026-07-29T18:22:13.581+0000] {dag.py:4138} INFO - Setting next_dagrun for example_sensors to None, run_after=None
[2026-07-29T18:22:13.596+0000] {processor.py:208} INFO - Processing /home/airflow/.local/lib/python3.12/site-packages/airflow/example_dags/example_sensors.py took 0.050 seconds
[2026-07-29T18:22:43.646+0000] {processor.py:186} INFO - Started process (PID=19738) to work on /home/airflow/.local/lib/python3.12/site-packages/airflow/example_dags/example_sensors.py
[2026-07-29T18:22:43.648+0000] {processor.py:914} INFO - Processing file /home/airflow/.local/lib/python3.12/site-packages/airflow/example_dags/example_sensors.py for tasks to queue
[2026-07-29T18:22:43.649+0000] {logging_mixin.py:190} INFO - [2026-07-29T18:22:43.649+0000] {dagbag.py:587} INFO - Filling up the DagBag from /home/airflow/.local/lib/python3.12/site-packages/airflow/example_dags/example_sensors.py
[2026-07-29T18:22:43.653+0000] {processor.py:925} INFO - DAG(s) 'example_sensors' retrieved from /home/airflow/.local/lib/python3.12/site-packages/airflow/example_dags/example_sensors.py
[2026-07-29T18:22:43.663+0000] {logging_mixin.py:190} INFO - [2026-07-29T18:22:43.663+0000] {dag.py:3211} INFO - Sync 1 DAGs
[2026-07-29T18:22:43.668+0000] {logging_mixin.py:190} INFO - [2026-07-29T18:22:43.668+0000] {dag.py:4138} INFO - Setting next_dagrun for example_sensors to None, run_after=None
[2026-07-29T18:22:43.674+0000] {processor.py:208} INFO - Processing /home/airflow/.local/lib/python3.12/site-packages/airflow/example_dags/example_sensors.py took 0.031 seconds
[2026-07-29T18:23:13.823+0000] {processor.py:186} INFO - Started process (PID=19804) to work on /home/airflow/.local/lib/python3.12/site-packages/airflow/example_dags/example_sensors.py
[2026-07-29T18:23:13.824+0000] {processor.py:914} INFO - Processing file /home/airflow/.local/lib/python3.12/site-packages/airflow/example_dags/example_sensors.py for tasks to queue
[2026-07-29T18:23:13.825+0000] {logging_mixin.py:190} INFO - [2026-07-29T18:23:13.824+0000] {dagbag.py:587} INFO - Filling up the DagBag from /home/airflow/.local/lib/python3.12/site-packages/airflow/example_dags/example_sensors.py
[2026-07-29T18:23:13.829+0000] {processor.py:925} INFO - DAG(s) 'example_sensors' retrieved from /home/airflow/.local/lib/python3.12/site-packages/airflow/example_dags/example_sensors.py
[2026-07-29T18:23:13.840+0000] {logging_mixin.py:190} INFO - [2026-07-29T18:23:13.840+0000] {dag.py:3211} INFO - Sync 1 DAGs
[2026-07-29T18:23:13.846+0000] {logging_mixin.py:190} INFO - [2026-07-29T18:23:13.846+0000] {dag.py:4138} INFO - Setting next_dagrun for example_sensors to None, run_after=None
[2026-07-29T18:23:13.860+0000] {processor.py:208} INFO - Processing /home/airflow/.local/lib/python3.12/site-packages/airflow/example_dags/example_sensors.py took 0.040 seconds
[2026-07-29T18:23:43.910+0000] {processor.py:186} INFO - Started process (PID=19870) to work on /home/airflow/.local/lib/python3.12/site-packages/airflow/example_dags/example_sensors.py
[2026-07-29T18:23:43.911+0000] {processor.py:914} INFO - Processing file /home/airflow/.local/lib/python3.12/site-packages/airflow/example_dags/example_sensors.py for tasks to queue
[2026-07-29T18:23:43.912+0000] {logging_mixin.py:190} INFO - [2026-07-29T18:23:43.912+0000] {dagbag.py:587} INFO - Filling up the DagBag from /home/airflow/.local/lib/python3.12/site-packages/airflow/example_dags/example_sensors.py
[2026-07-29T18:23:43.917+0000] {processor.py:925} INFO - DAG(s) 'example_sensors' retrieved from /home/airflow/.local/lib/python3.12/site-packages/airflow/example_dags/example_sensors.py
[2026-07-29T18:23:43.927+0000] {logging_mixin.py:190} INFO - [2026-07-29T18:23:43.927+0000] {dag.py:3211} INFO - Sync 1 DAGs
[2026-07-29T18:23:43.932+0000] {logging_mixin.py:190} INFO - [2026-07-29T18:23:43.932+0000] {dag.py:4138} INFO - Setting next_dagrun for example_sensors to None, run_after=None
[2026-07-29T18:23:43.939+0000] {processor.py:208} INFO - Processing /home/airflow/.local/lib/python3.12/site-packages/airflow/example_dags/example_sensors.py took 0.031 seconds
[2026-07-29T18:24:14.591+0000] {processor.py:186} INFO - Started process (PID=19936) to work on /home/airflow/.local/lib/python3.12/site-packages/airflow/example_dags/example_sensors.py
[2026-07-29T18:24:14.592+0000] {processor.py:914} INFO - Processing file /home/airflow/.local/lib/python3.12/site-packages/airflow/example_dags/example_sensors.py for tasks to queue
[2026-07-29T18:24:14.593+0000] {logging_mixin.py:190} INFO - [2026-07-29T18:24:14.593+0000] {dagbag.py:587} INFO - Filling up the DagBag from /home/airflow/.local/lib/python3.12/site-packages/airflow/example_dags/example_sensors.py
[2026-07-29T18:24:14.598+0000] {processor.py:925} INFO - DAG(s) 'example_sensors' retrieved from /home/airflow/.local/lib/python3.12/site-packages/airflow/example_dags/example_sensors.py
[2026-07-29T18:24:14.610+0000] {logging_mixin.py:190} INFO - [2026-07-29T18:24:14.610+0000] {dag.py:3211} INFO - Sync 1 DAGs
[2026-07-29T18:24:14.617+0000] {logging_mixin.py:190} INFO - [2026-07-29T18:24:14.617+0000] {dag.py:4138} INFO - Setting next_dagrun for example_sensors to None, run_after=None
[2026-07-29T18:24:14.633+0000] {processor.py:208} INFO - Processing /home/airflow/.local/lib/python3.12/site-packages/airflow/example_dags/example_sensors.py took 0.045 seconds
[2026-07-29T18:24:44.720+0000] {processor.py:186} INFO - Started process (PID=20000) to work on /home/airflow/.local/lib/python3.12/site-packages/airflow/example_dags/example_sensors.py
[2026-07-29T18:24:44.721+0000] {processor.py:914} INFO - Processing file /home/airflow/.local/lib/python3.12/site-packages/airflow/example_dags/example_sensors.py for tasks to queue
[2026-07-29T18:24:44.724+0000] {logging_mixin.py:190} INFO - [2026-07-29T18:24:44.724+0000] {dagbag.py:587} INFO - Filling up the DagBag from /home/airflow/.local/lib/python3.12/site-packages/airflow/example_dags/example_sensors.py
[2026-07-29T18:24:44.731+0000] {processor.py:925} INFO - DAG(s) 'example_sensors' retrieved from /home/airflow/.local/lib/python3.12/site-packages/airflow/example_dags/example_sensors.py
[2026-07-29T18:24:44.748+0000] {logging_mixin.py:190} INFO - [2026-07-29T18:24:44.748+0000] {dag.py:3211} INFO - Sync 1 DAGs
[2026-07-29T18:24:44.753+0000] {logging_mixin.py:190} INFO - [2026-07-29T18:24:44.753+0000] {dag.py:4138} INFO - Setting next_dagrun for example_sensors to None, run_after=None
[2026-07-29T18:24:44.763+0000] {processor.py:208} INFO - Processing /home/airflow/.local/lib/python3.12/site-packages/airflow/example_dags/example_sensors.py took 0.048 seconds
[2026-07-29T18:25:14.965+0000] {processor.py:186} INFO - Started process (PID=20066) to work on /home/airflow/.local/lib/python3.12/site-packages/airflow/example_dags/example_sensors.py
[2026-07-29T18:25:14.966+0000] {processor.py:914} INFO - Processing file /home/airflow/.local/lib/python3.12/site-packages/airflow/example_dags/example_sensors.py for tasks to queue
[2026-07-29T18:25:14.967+0000] {logging_mixin.py:190} INFO - [2026-07-29T18:25:14.967+0000] {dagbag.py:587} INFO - Filling up the DagBag from /home/airflow/.local/lib/python3.12/site-packages/airflow/example_dags/example_sensors.py
[2026-07-29T18:25:14.974+0000] {processor.py:925} INFO - DAG(s) 'example_sensors' retrieved from /home/airflow/.local/lib/python3.12/site-packages/airflow/example_dags/example_sensors.py
[2026-07-29T18:25:14.993+0000] {logging_mixin.py:190} INFO - [2026-07-29T18:25:14.993+0000] {dag.py:3211} INFO - Sync 1 DAGs
[2026-07-29T18:25:14.999+0000] {logging_mixin.py:190} INFO - [2026-07-29T18:25:14.999+0000] {dag.py:4138} INFO - Setting next_dagrun for example_sensors to None, run_after=None
[2026-07-29T18:25:15.009+0000] {processor.py:208} INFO - Processing /home/airflow/.local/lib/python3.12/site-packages/airflow/example_dags/example_sensors.py took 0.048 seconds
[2026-07-29T18:25:45.459+0000] {processor.py:186} INFO - Started process (PID=20133) to work on /home/airflow/.local/lib/python3.12/site-packages/airflow/example_dags/example_sensors.py
[2026-07-29T18:25:45.460+0000] {processor.py:914} INFO - Processing file /home/airflow/.local/lib/python3.12/site-packages/airflow/example_dags/example_sensors.py for tasks to queue
[2026-07-29T18:25:45.462+0000] {logging_mixin.py:190} INFO - [2026-07-29T18:25:45.461+0000] {dagbag.py:587} INFO - Filling up the DagBag from /home/airflow/.local/lib/python3.12/site-packages/airflow/example_dags/example_sensors.py
[2026-07-29T18:25:45.467+0000] {processor.py:925} INFO - DAG(s) 'example_sensors' retrieved from /home/airflow/.local/lib/python3.12/site-packages/airflow/example_dags/example_sensors.py
[2026-07-29T18:25:45.482+0000] {logging_mixin.py:190} INFO - [2026-07-29T18:25:45.482+0000] {dag.py:3211} INFO - Sync 1 DAGs
[2026-07-29T18:25:45.490+0000] {logging_mixin.py:190} INFO - [2026-07-29T18:25:45.490+0000] {dag.py:4138} INFO - Setting next_dagrun for example_sensors to None, run_after=None
[2026-07-29T18:25:45.498+0000] {processor.py:208} INFO - Processing /home/airflow/.local/lib/python3.12/site-packages/airflow/example_dags/example_sensors.py took 0.042 seconds
[2026-07-29T18:26:15.643+0000] {processor.py:186} INFO - Started process (PID=20198) to work on /home/airflow/.local/lib/python3.12/site-packages/airflow/example_dags/example_sensors.py
[2026-07-29T18:26:15.644+0000] {processor.py:914} INFO - Processing file /home/airflow/.local/lib/python3.12/site-packages/airflow/example_dags/example_sensors.py for tasks to queue
[2026-07-29T18:26:15.646+0000] {logging_mixin.py:190} INFO - [2026-07-29T18:26:15.646+0000] {dagbag.py:587} INFO - Filling up the DagBag from /home/airflow/.local/lib/python3.12/site-packages/airflow/example_dags/example_sensors.py
[2026-07-29T18:26:15.652+0000] {processor.py:925} INFO - DAG(s) 'example_sensors' retrieved from /home/airflow/.local/lib/python3.12/site-packages/airflow/example_dags/example_sensors.py
[2026-07-29T18:26:15.667+0000] {logging_mixin.py:190} INFO - [2026-07-29T18:26:15.667+0000] {dag.py:3211} INFO - Sync 1 DAGs
[2026-07-29T18:26:15.674+0000] {logging_mixin.py:190} INFO - [2026-07-29T18:26:15.674+0000] {dag.py:4138} INFO - Setting next_dagrun for example_sensors to None, run_after=None
[2026-07-29T18:26:15.684+0000] {processor.py:208} INFO - Processing /home/airflow/.local/lib/python3.12/site-packages/airflow/example_dags/example_sensors.py took 0.047 seconds
[2026-07-29T18:26:45.944+0000] {processor.py:186} INFO - Started process (PID=20264) to work on /home/airflow/.local/lib/python3.12/site-packages/airflow/example_dags/example_sensors.py
[2026-07-29T18:26:45.947+0000] {processor.py:914} INFO - Processing file /home/airflow/.local/lib/python3.12/site-packages/airflow/example_dags/example_sensors.py for tasks to queue
[2026-07-29T18:26:45.949+0000] {logging_mixin.py:190} INFO - [2026-07-29T18:26:45.949+0000] {dagbag.py:587} INFO - Filling up the DagBag from /home/airflow/.local/lib/python3.12/site-packages/airflow/example_dags/example_sensors.py
[2026-07-29T18:26:45.957+0000] {processor.py:925} INFO - DAG(s) 'example_sensors' retrieved from /home/airflow/.local/lib/python3.12/site-packages/airflow/example_dags/example_sensors.py
[2026-07-29T18:26:45.975+0000] {logging_mixin.py:190} INFO - [2026-07-29T18:26:45.974+0000] {dag.py:3211} INFO - Sync 1 DAGs
[2026-07-29T18:26:45.981+0000] {logging_mixin.py:190} INFO - [2026-07-29T18:26:45.981+0000] {dag.py:4138} INFO - Setting next_dagrun for example_sensors to None, run_after=None
[2026-07-29T18:26:45.993+0000] {processor.py:208} INFO - Processing /home/airflow/.local/lib/python3.12/site-packages/airflow/example_dags/example_sensors.py took 0.053 seconds
[2026-07-29T18:27:16.237+0000] {processor.py:186} INFO - Started process (PID=20330) to work on /home/airflow/.local/lib/python3.12/site-packages/airflow/example_dags/example_sensors.py
[2026-07-29T18:27:16.240+0000] {processor.py:914} INFO - Processing file /home/airflow/.local/lib/python3.12/site-packages/airflow/example_dags/example_sensors.py for tasks to queue
[2026-07-29T18:27:16.241+0000] {logging_mixin.py:190} INFO - [2026-07-29T18:27:16.241+0000] {dagbag.py:587} INFO - Filling up the DagBag from /home/airflow/.local/lib/python3.12/site-packages/airflow/example_dags/example_sensors.py
[2026-07-29T18:27:16.246+0000] {processor.py:925} INFO - DAG(s) 'example_sensors' retrieved from /home/airflow/.local/lib/python3.12/site-packages/airflow/example_dags/example_sensors.py
[2026-07-29T18:27:16.261+0000] {logging_mixin.py:190} INFO - [2026-07-29T18:27:16.261+0000] {dag.py:3211} INFO - Sync 1 DAGs
[2026-07-29T18:27:16.267+0000] {logging_mixin.py:190} INFO - [2026-07-29T18:27:16.267+0000] {dag.py:4138} INFO - Setting next_dagrun for example_sensors to None, run_after=None
[2026-07-29T18:27:16.280+0000] {processor.py:208} INFO - Processing /home/airflow/.local/lib/python3.12/site-packages/airflow/example_dags/example_sensors.py took 0.047 seconds
[2026-07-29T18:27:46.478+0000] {processor.py:186} INFO - Started process (PID=20396) to work on /home/airflow/.local/lib/python3.12/site-packages/airflow/example_dags/example_sensors.py
[2026-07-29T18:27:46.479+0000] {processor.py:914} INFO - Processing file /home/airflow/.local/lib/python3.12/site-packages/airflow/example_dags/example_sensors.py for tasks to queue
[2026-07-29T18:27:46.483+0000] {logging_mixin.py:190} INFO - [2026-07-29T18:27:46.483+0000] {dagbag.py:587} INFO - Filling up the DagBag from /home/airflow/.local/lib/python3.12/site-packages/airflow/example_dags/example_sensors.py
[2026-07-29T18:27:46.493+0000] {processor.py:925} INFO - DAG(s) 'example_sensors' retrieved from /home/airflow/.local/lib/python3.12/site-packages/airflow/example_dags/example_sensors.py
[2026-07-29T18:27:46.512+0000] {logging_mixin.py:190} INFO - [2026-07-29T18:27:46.512+0000] {dag.py:3211} INFO - Sync 1 DAGs
[2026-07-29T18:27:46.521+0000] {logging_mixin.py:190} INFO - [2026-07-29T18:27:46.521+0000] {dag.py:4138} INFO - Setting next_dagrun for example_sensors to None, run_after=None
[2026-07-29T18:27:46.534+0000] {processor.py:208} INFO - Processing /home/airflow/.local/lib/python3.12/site-packages/airflow/example_dags/example_sensors.py took 0.061 seconds
[2026-07-29T18:28:16.784+0000] {processor.py:186} INFO - Started process (PID=20462) to work on /home/airflow/.local/lib/python3.12/site-packages/airflow/example_dags/example_sensors.py
[2026-07-29T18:28:16.786+0000] {processor.py:914} INFO - Processing file /home/airflow/.local/lib/python3.12/site-packages/airflow/example_dags/example_sensors.py for tasks to queue
[2026-07-29T18:28:16.788+0000] {logging_mixin.py:190} INFO - [2026-07-29T18:28:16.787+0000] {dagbag.py:587} INFO - Filling up the DagBag from /home/airflow/.local/lib/python3.12/site-packages/airflow/example_dags/example_sensors.py
[2026-07-29T18:28:16.795+0000] {processor.py:925} INFO - DAG(s) 'example_sensors' retrieved from /home/airflow/.local/lib/python3.12/site-packages/airflow/example_dags/example_sensors.py
[2026-07-29T18:28:16.812+0000] {logging_mixin.py:190} INFO - [2026-07-29T18:28:16.812+0000] {dag.py:3211} INFO - Sync 1 DAGs
[2026-07-29T18:28:16.820+0000] {logging_mixin.py:190} INFO - [2026-07-29T18:28:16.820+0000] {dag.py:4138} INFO - Setting next_dagrun for example_sensors to None, run_after=None
[2026-07-29T18:28:16.834+0000] {processor.py:208} INFO - Processing /home/airflow/.local/lib/python3.12/site-packages/airflow/example_dags/example_sensors.py took 0.054 seconds
[2026-07-29T18:28:47.195+0000] {processor.py:186} INFO - Started process (PID=20528) to work on /home/airflow/.local/lib/python3.12/site-packages/airflow/example_dags/example_sensors.py
[2026-07-29T18:28:47.199+0000] {processor.py:914} INFO - Processing file /home/airflow/.local/lib/python3.12/site-packages/airflow/example_dags/example_sensors.py for tasks to queue
[2026-07-29T18:28:47.200+0000] {logging_mixin.py:190} INFO - [2026-07-29T18:28:47.200+0000] {dagbag.py:587} INFO - Filling up the DagBag from /home/airflow/.local/lib/python3.12/site-packages/airflow/example_dags/example_sensors.py
[2026-07-29T18:28:47.207+0000] {processor.py:925} INFO - DAG(s) 'example_sensors' retrieved from /home/airflow/.local/lib/python3.12/site-packages/airflow/example_dags/example_sensors.py
[2026-07-29T18:28:47.224+0000] {logging_mixin.py:190} INFO - [2026-07-29T18:28:47.224+0000] {dag.py:3211} INFO - Sync 1 DAGs
[2026-07-29T18:28:47.232+0000] {logging_mixin.py:190} INFO - [2026-07-29T18:28:47.232+0000] {dag.py:4138} INFO - Setting next_dagrun for example_sensors to None, run_after=None
[2026-07-29T18:28:47.241+0000] {processor.py:208} INFO - Processing /home/airflow/.local/lib/python3.12/site-packages/airflow/example_dags/example_sensors.py took 0.050 seconds
[2026-07-29T18:29:18.015+0000] {processor.py:186} INFO - Started process (PID=20595) to work on /home/airflow/.local/lib/python3.12/site-packages/airflow/example_dags/example_sensors.py
[2026-07-29T18:29:18.015+0000] {processor.py:914} INFO - Processing file /home/airflow/.local/lib/python3.12/site-packages/airflow/example_dags/example_sensors.py for tasks to queue
[2026-07-29T18:29:18.016+0000] {logging_mixin.py:190} INFO - [2026-07-29T18:29:18.016+0000] {dagbag.py:587} INFO - Filling up the DagBag from /home/airflow/.local/lib/python3.12/site-packages/airflow/example_dags/example_sensors.py
[2026-07-29T18:29:18.022+0000] {processor.py:925} INFO - DAG(s) 'example_sensors' retrieved from /home/airflow/.local/lib/python3.12/site-packages/airflow/example_dags/example_sensors.py
[2026-07-29T18:29:18.040+0000] {logging_mixin.py:190} INFO - [2026-07-29T18:29:18.040+0000] {dag.py:3211} INFO - Sync 1 DAGs
[2026-07-29T18:29:18.049+0000] {logging_mixin.py:190} INFO - [2026-07-29T18:29:18.049+0000] {dag.py:4138} INFO - Setting next_dagrun for example_sensors to None, run_after=None
[2026-07-29T18:29:18.059+0000] {processor.py:208} INFO - Processing /home/airflow/.local/lib/python3.12/site-packages/airflow/example_dags/example_sensors.py took 0.048 seconds
[2026-07-29T18:29:49.038+0000] {processor.py:186} INFO - Started process (PID=20661) to work on /home/airflow/.local/lib/python3.12/site-packages/airflow/example_dags/example_sensors.py
[2026-07-29T18:29:49.039+0000] {processor.py:914} INFO - Processing file /home/airflow/.local/lib/python3.12/site-packages/airflow/example_dags/example_sensors.py for tasks to queue
[2026-07-29T18:29:49.040+0000] {logging_mixin.py:190} INFO - [2026-07-29T18:29:49.040+0000] {dagbag.py:587} INFO - Filling up the DagBag from /home/airflow/.local/lib/python3.12/site-packages/airflow/example_dags/example_sensors.py
[2026-07-29T18:29:49.044+0000] {processor.py:925} INFO - DAG(s) 'example_sensors' retrieved from /home/airflow/.local/lib/python3.12/site-packages/airflow/example_dags/example_sensors.py
[2026-07-29T18:29:49.055+0000] {logging_mixin.py:190} INFO - [2026-07-29T18:29:49.055+0000] {dag.py:3211} INFO - Sync 1 DAGs
[2026-07-29T18:29:49.060+0000] {logging_mixin.py:190} INFO - [2026-07-29T18:29:49.060+0000] {dag.py:4138} INFO - Setting next_dagrun for example_sensors to None, run_after=None
[2026-07-29T18:29:49.071+0000] {processor.py:208} INFO - Processing /home/airflow/.local/lib/python3.12/site-packages/airflow/example_dags/example_sensors.py took 0.036 seconds
[2026-07-29T18:30:20.025+0000] {processor.py:186} INFO - Started process (PID=20727) to work on /home/airflow/.local/lib/python3.12/site-packages/airflow/example_dags/example_sensors.py
[2026-07-29T18:30:20.025+0000] {processor.py:914} INFO - Processing file /home/airflow/.local/lib/python3.12/site-packages/airflow/example_dags/example_sensors.py for tasks to queue
[2026-07-29T18:30:20.026+0000] {logging_mixin.py:190} INFO - [2026-07-29T18:30:20.026+0000] {dagbag.py:587} INFO - Filling up the DagBag from /home/airflow/.local/lib/python3.12/site-packages/airflow/example_dags/example_sensors.py
[2026-07-29T18:30:20.031+0000] {processor.py:925} INFO - DAG(s) 'example_sensors' retrieved from /home/airflow/.local/lib/python3.12/site-packages/airflow/example_dags/example_sensors.py
[2026-07-29T18:30:20.042+0000] {logging_mixin.py:190} INFO - [2026-07-29T18:30:20.042+0000] {dag.py:3211} INFO - Sync 1 DAGs
[2026-07-29T18:30:20.047+0000] {logging_mixin.py:190} INFO - [2026-07-29T18:30:20.047+0000] {dag.py:4138} INFO - Setting next_dagrun for example_sensors to None, run_after=None
[2026-07-29T18:30:20.055+0000] {processor.py:208} INFO - Processing /home/airflow/.local/lib/python3.12/site-packages/airflow/example_dags/example_sensors.py took 0.033 seconds
[2026-07-29T18:30:50.927+0000] {processor.py:186} INFO - Started process (PID=20793) to work on /home/airflow/.local/lib/python3.12/site-packages/airflow/example_dags/example_sensors.py
[2026-07-29T18:30:50.927+0000] {processor.py:914} INFO - Processing file /home/airflow/.local/lib/python3.12/site-packages/airflow/example_dags/example_sensors.py for tasks to queue
[2026-07-29T18:30:50.928+0000] {logging_mixin.py:190} INFO - [2026-07-29T18:30:50.928+0000] {dagbag.py:587} INFO - Filling up the DagBag from /home/airflow/.local/lib/python3.12/site-packages/airflow/example_dags/example_sensors.py
[2026-07-29T18:30:50.934+0000] {processor.py:925} INFO - DAG(s) 'example_sensors' retrieved from /home/airflow/.local/lib/python3.12/site-packages/airflow/example_dags/example_sensors.py
[2026-07-29T18:30:50.944+0000] {logging_mixin.py:190} INFO - [2026-07-29T18:30:50.944+0000] {dag.py:3211} INFO - Sync 1 DAGs
[2026-07-29T18:30:50.950+0000] {logging_mixin.py:190} INFO - [2026-07-29T18:30:50.950+0000] {dag.py:4138} INFO - Setting next_dagrun for example_sensors to None, run_after=None
[2026-07-29T18:30:50.960+0000] {processor.py:208} INFO - Processing /home/airflow/.local/lib/python3.12/site-packages/airflow/example_dags/example_sensors.py took 0.036 seconds
[2026-07-29T18:31:21.859+0000] {processor.py:186} INFO - Started process (PID=20859) to work on /home/airflow/.local/lib/python3.12/site-packages/airflow/example_dags/example_sensors.py
[2026-07-29T18:31:21.859+0000] {processor.py:914} INFO - Processing file /home/airflow/.local/lib/python3.12/site-packages/airflow/example_dags/example_sensors.py for tasks to queue
[2026-07-29T18:31:21.860+0000] {logging_mixin.py:190} INFO - [2026-07-29T18:31:21.860+0000] {dagbag.py:587} INFO - Filling up the DagBag from /home/airflow/.local/lib/python3.12/site-packages/airflow/example_dags/example_sensors.py
[2026-07-29T18:31:21.865+0000] {processor.py:925} INFO - DAG(s) 'example_sensors' retrieved from /home/airflow/.local/lib/python3.12/site-packages/airflow/example_dags/example_sensors.py
[2026-07-29T18:31:21.875+0000] {logging_mixin.py:190} INFO - [2026-07-29T18:31:21.875+0000] {dag.py:3211} INFO - Sync 1 DAGs
[2026-07-29T18:31:21.880+0000] {logging_mixin.py:190} INFO - [2026-07-29T18:31:21.880+0000] {dag.py:4138} INFO - Setting next_dagrun for example_sensors to None, run_after=None
[2026-07-29T18:31:21.890+0000] {processor.py:208} INFO - Processing /home/airflow/.local/lib/python3.12/site-packages/airflow/example_dags/example_sensors.py took 0.034 seconds
[2026-07-29T18:31:51.946+0000] {processor.py:186} INFO - Started process (PID=20925) to work on /home/airflow/.local/lib/python3.12/site-packages/airflow/example_dags/example_sensors.py
[2026-07-29T18:31:51.947+0000] {processor.py:914} INFO - Processing file /home/airflow/.local/lib/python3.12/site-packages/airflow/example_dags/example_sensors.py for tasks to queue
[2026-07-29T18:31:51.949+0000] {logging_mixin.py:190} INFO - [2026-07-29T18:31:51.948+0000] {dagbag.py:587} INFO - Filling up the DagBag from /home/airflow/.local/lib/python3.12/site-packages/airflow/example_dags/example_sensors.py
[2026-07-29T18:31:51.953+0000] {processor.py:925} INFO - DAG(s) 'example_sensors' retrieved from /home/airflow/.local/lib/python3.12/site-packages/airflow/example_dags/example_sensors.py
[2026-07-29T18:31:51.964+0000] {logging_mixin.py:190} INFO - [2026-07-29T18:31:51.964+0000] {dag.py:3211} INFO - Sync 1 DAGs
[2026-07-29T18:31:51.969+0000] {logging_mixin.py:190} INFO - [2026-07-29T18:31:51.969+0000] {dag.py:4138} INFO - Setting next_dagrun for example_sensors to None, run_after=None
[2026-07-29T18:31:51.975+0000] {processor.py:208} INFO - Processing /home/airflow/.local/lib/python3.12/site-packages/airflow/example_dags/example_sensors.py took 0.031 seconds
[2026-07-29T18:32:22.983+0000] {processor.py:186} INFO - Started process (PID=20991) to work on /home/airflow/.local/lib/python3.12/site-packages/airflow/example_dags/example_sensors.py
[2026-07-29T18:32:22.984+0000] {processor.py:914} INFO - Processing file /home/airflow/.local/lib/python3.12/site-packages/airflow/example_dags/example_sensors.py for tasks to queue
[2026-07-29T18:32:22.985+0000] {logging_mixin.py:190} INFO - [2026-07-29T18:32:22.985+0000] {dagbag.py:587} INFO - Filling up the DagBag from /home/airflow/.local/lib/python3.12/site-packages/airflow/example_dags/example_sensors.py
[2026-07-29T18:32:22.990+0000] {processor.py:925} INFO - DAG(s) 'example_sensors' retrieved from /home/airflow/.local/lib/python3.12/site-packages/airflow/example_dags/example_sensors.py
[2026-07-29T18:32:23.003+0000] {logging_mixin.py:190} INFO - [2026-07-29T18:32:23.003+0000] {dag.py:3211} INFO - Sync 1 DAGs
[2026-07-29T18:32:23.009+0000] {logging_mixin.py:190} INFO - [2026-07-29T18:32:23.009+0000] {dag.py:4138} INFO - Setting next_dagrun for example_sensors to None, run_after=None
[2026-07-29T18:32:23.022+0000] {processor.py:208} INFO - Processing /home/airflow/.local/lib/python3.12/site-packages/airflow/example_dags/example_sensors.py took 0.041 seconds
[2026-07-29T18:32:53.909+0000] {processor.py:186} INFO - Started process (PID=21057) to work on /home/airflow/.local/lib/python3.12/site-packages/airflow/example_dags/example_sensors.py
[2026-07-29T18:32:53.909+0000] {processor.py:914} INFO - Processing file /home/airflow/.local/lib/python3.12/site-packages/airflow/example_dags/example_sensors.py for tasks to queue
[2026-07-29T18:32:53.910+0000] {logging_mixin.py:190} INFO - [2026-07-29T18:32:53.910+0000] {dagbag.py:587} INFO - Filling up the DagBag from /home/airflow/.local/lib/python3.12/site-packages/airflow/example_dags/example_sensors.py
[2026-07-29T18:32:53.916+0000] {processor.py:925} INFO - DAG(s) 'example_sensors' retrieved from /home/airflow/.local/lib/python3.12/site-packages/airflow/example_dags/example_sensors.py
[2026-07-29T18:32:53.926+0000] {logging_mixin.py:190} INFO - [2026-07-29T18:32:53.926+0000] {dag.py:3211} INFO - Sync 1 DAGs
[2026-07-29T18:32:53.933+0000] {logging_mixin.py:190} INFO - [2026-07-29T18:32:53.933+0000] {dag.py:4138} INFO - Setting next_dagrun for example_sensors to None, run_after=None
[2026-07-29T18:32:53.946+0000] {processor.py:208} INFO - Processing /home/airflow/.local/lib/python3.12/site-packages/airflow/example_dags/example_sensors.py took 0.039 seconds
[2026-07-29T18:33:24.980+0000] {processor.py:186} INFO - Started process (PID=21123) to work on /home/airflow/.local/lib/python3.12/site-packages/airflow/example_dags/example_sensors.py
[2026-07-29T18:33:24.981+0000] {processor.py:914} INFO - Processing file /home/airflow/.local/lib/python3.12/site-packages/airflow/example_dags/example_sensors.py for tasks to queue
[2026-07-29T18:33:24.982+0000] {logging_mixin.py:190} INFO - [2026-07-29T18:33:24.981+0000] {dagbag.py:587} INFO - Filling up the DagBag from /home/airflow/.local/lib/python3.12/site-packages/airflow/example_dags/example_sensors.py
[2026-07-29T18:33:24.986+0000] {processor.py:925} INFO - DAG(s) 'example_sensors' retrieved from /home/airflow/.local/lib/python3.12/site-packages/airflow/example_dags/example_sensors.py
[2026-07-29T18:33:24.997+0000] {logging_mixin.py:190} INFO - [2026-07-29T18:33:24.997+0000] {dag.py:3211} INFO - Sync 1 DAGs
[2026-07-29T18:33:25.003+0000] {logging_mixin.py:190} INFO - [2026-07-29T18:33:25.003+0000] {dag.py:4138} INFO - Setting next_dagrun for example_sensors to None, run_after=None
[2026-07-29T18:33:25.013+0000] {processor.py:208} INFO - Processing /home/airflow/.local/lib/python3.12/site-packages/airflow/example_dags/example_sensors.py took 0.036 seconds
[2026-07-29T18:34:01.449+0000] {processor.py:186} INFO - Started process (PID=21195) to work on /home/airflow/.local/lib/python3.12/site-packages/airflow/example_dags/example_sensors.py
[2026-07-29T18:34:01.450+0000] {processor.py:914} INFO - Processing file /home/airflow/.local/lib/python3.12/site-packages/airflow/example_dags/example_sensors.py for tasks to queue
[2026-07-29T18:34:01.451+0000] {logging_mixin.py:190} INFO - [2026-07-29T18:34:01.451+0000] {dagbag.py:587} INFO - Filling up the DagBag from /home/airflow/.local/lib/python3.12/site-packages/airflow/example_dags/example_sensors.py
[2026-07-29T18:34:01.456+0000] {processor.py:925} INFO - DAG(s) 'example_sensors' retrieved from /home/airflow/.local/lib/python3.12/site-packages/airflow/example_dags/example_sensors.py
[2026-07-29T18:34:01.466+0000] {logging_mixin.py:190} INFO - [2026-07-29T18:34:01.466+0000] {dag.py:3211} INFO - Sync 1 DAGs
[2026-07-29T18:34:01.471+0000] {logging_mixin.py:190} INFO - [2026-07-29T18:34:01.471+0000] {dag.py:4138} INFO - Setting next_dagrun for example_sensors to None, run_after=None
[2026-07-29T18:34:01.481+0000] {processor.py:208} INFO - Processing /home/airflow/.local/lib/python3.12/site-packages/airflow/example_dags/example_sensors.py took 0.035 seconds
[2026-07-29T18:34:32.424+0000] {processor.py:186} INFO - Started process (PID=21261) to work on /home/airflow/.local/lib/python3.12/site-packages/airflow/example_dags/example_sensors.py
[2026-07-29T18:34:32.424+0000] {processor.py:914} INFO - Processing file /home/airflow/.local/lib/python3.12/site-packages/airflow/example_dags/example_sensors.py for tasks to queue
[2026-07-29T18:34:32.426+0000] {logging_mixin.py:190} INFO - [2026-07-29T18:34:32.425+0000] {dagbag.py:587} INFO - Filling up the DagBag from /home/airflow/.local/lib/python3.12/site-packages/airflow/example_dags/example_sensors.py
[2026-07-29T18:34:32.431+0000] {processor.py:925} INFO - DAG(s) 'example_sensors' retrieved from /home/airflow/.local/lib/python3.12/site-packages/airflow/example_dags/example_sensors.py
[2026-07-29T18:34:32.441+0000] {logging_mixin.py:190} INFO - [2026-07-29T18:34:32.441+0000] {dag.py:3211} INFO - Sync 1 DAGs
[2026-07-29T18:34:32.447+0000] {logging_mixin.py:190} INFO - [2026-07-29T18:34:32.447+0000] {dag.py:4138} INFO - Setting next_dagrun for example_sensors to None, run_after=None
[2026-07-29T18:34:32.460+0000] {processor.py:208} INFO - Processing /home/airflow/.local/lib/python3.12/site-packages/airflow/example_dags/example_sensors.py took 0.039 seconds
[2026-07-29T18:35:03.327+0000] {processor.py:186} INFO - Started process (PID=21327) to work on /home/airflow/.local/lib/python3.12/site-packages/airflow/example_dags/example_sensors.py
[2026-07-29T18:35:03.328+0000] {processor.py:914} INFO - Processing file /home/airflow/.local/lib/python3.12/site-packages/airflow/example_dags/example_sensors.py for tasks to queue
[2026-07-29T18:35:03.328+0000] {logging_mixin.py:190} INFO - [2026-07-29T18:35:03.328+0000] {dagbag.py:587} INFO - Filling up the DagBag from /home/airflow/.local/lib/python3.12/site-packages/airflow/example_dags/example_sensors.py
[2026-07-29T18:35:03.333+0000] {processor.py:925} INFO - DAG(s) 'example_sensors' retrieved from /home/airflow/.local/lib/python3.12/site-packages/airflow/example_dags/example_sensors.py
[2026-07-29T18:35:03.344+0000] {logging_mixin.py:190} INFO - [2026-07-29T18:35:03.344+0000] {dag.py:3211} INFO - Sync 1 DAGs
[2026-07-29T18:35:03.351+0000] {logging_mixin.py:190} INFO - [2026-07-29T18:35:03.351+0000] {dag.py:4138} INFO - Setting next_dagrun for example_sensors to None, run_after=None
[2026-07-29T18:35:03.361+0000] {processor.py:208} INFO - Processing /home/airflow/.local/lib/python3.12/site-packages/airflow/example_dags/example_sensors.py took 0.036 seconds
[2026-07-29T18:35:34.353+0000] {processor.py:186} INFO - Started process (PID=21393) to work on /home/airflow/.local/lib/python3.12/site-packages/airflow/example_dags/example_sensors.py
[2026-07-29T18:35:34.354+0000] {processor.py:914} INFO - Processing file /home/airflow/.local/lib/python3.12/site-packages/airflow/example_dags/example_sensors.py for tasks to queue
[2026-07-29T18:35:34.355+0000] {logging_mixin.py:190} INFO - [2026-07-29T18:35:34.355+0000] {dagbag.py:587} INFO - Filling up the DagBag from /home/airflow/.local/lib/python3.12/site-packages/airflow/example_dags/example_sensors.py
[2026-07-29T18:35:34.360+0000] {processor.py:925} INFO - DAG(s) 'example_sensors' retrieved from /home/airflow/.local/lib/python3.12/site-packages/airflow/example_dags/example_sensors.py
[2026-07-29T18:35:34.370+0000] {logging_mixin.py:190} INFO - [2026-07-29T18:35:34.370+0000] {dag.py:3211} INFO - Sync 1 DAGs
[2026-07-29T18:35:34.375+0000] {logging_mixin.py:190} INFO - [2026-07-29T18:35:34.375+0000] {dag.py:4138} INFO - Setting next_dagrun for example_sensors to None, run_after=None
[2026-07-29T18:35:34.385+0000] {processor.py:208} INFO - Processing /home/airflow/.local/lib/python3.12/site-packages/airflow/example_dags/example_sensors.py took 0.035 seconds
[2026-07-29T18:36:05.376+0000] {processor.py:186} INFO - Started process (PID=21459) to work on /home/airflow/.local/lib/python3.12/site-packages/airflow/example_dags/example_sensors.py
[2026-07-29T18:36:05.376+0000] {processor.py:914} INFO - Processing file /home/airflow/.local/lib/python3.12/site-packages/airflow/example_dags/example_sensors.py for tasks to queue
[2026-07-29T18:36:05.377+0000] {logging_mixin.py:190} INFO - [2026-07-29T18:36:05.377+0000] {dagbag.py:587} INFO - Filling up the DagBag from /home/airflow/.local/lib/python3.12/site-packages/airflow/example_dags/example_sensors.py
[2026-07-29T18:36:05.382+0000] {processor.py:925} INFO - DAG(s) 'example_sensors' retrieved from /home/airflow/.local/lib/python3.12/site-packages/airflow/example_dags/example_sensors.py
[2026-07-29T18:36:05.393+0000] {logging_mixin.py:190} INFO - [2026-07-29T18:36:05.393+0000] {dag.py:3211} INFO - Sync 1 DAGs
[2026-07-29T18:36:05.399+0000] {logging_mixin.py:190} INFO - [2026-07-29T18:36:05.399+0000] {dag.py:4138} INFO - Setting next_dagrun for example_sensors to None, run_after=None
[2026-07-29T18:36:05.413+0000] {processor.py:208} INFO - Processing /home/airflow/.local/lib/python3.12/site-packages/airflow/example_dags/example_sensors.py took 0.040 seconds
[2026-07-29T18:36:36.377+0000] {processor.py:186} INFO - Started process (PID=21525) to work on /home/airflow/.local/lib/python3.12/site-packages/airflow/example_dags/example_sensors.py
[2026-07-29T18:36:36.378+0000] {processor.py:914} INFO - Processing file /home/airflow/.local/lib/python3.12/site-packages/airflow/example_dags/example_sensors.py for tasks to queue
[2026-07-29T18:36:36.379+0000] {logging_mixin.py:190} INFO - [2026-07-29T18:36:36.379+0000] {dagbag.py:587} INFO - Filling up the DagBag from /home/airflow/.local/lib/python3.12/site-packages/airflow/example_dags/example_sensors.py
[2026-07-29T18:36:36.384+0000] {processor.py:925} INFO - DAG(s) 'example_sensors' retrieved from /home/airflow/.local/lib/python3.12/site-packages/airflow/example_dags/example_sensors.py
[2026-07-29T18:36:36.396+0000] {logging_mixin.py:190} INFO - [2026-07-29T18:36:36.396+0000] {dag.py:3211} INFO - Sync 1 DAGs
[2026-07-29T18:36:36.402+0000] {logging_mixin.py:190} INFO - [2026-07-29T18:36:36.402+0000] {dag.py:4138} INFO - Setting next_dagrun for example_sensors to None, run_after=None
[2026-07-29T18:36:36.411+0000] {processor.py:208} INFO - Processing /home/airflow/.local/lib/python3.12/site-packages/airflow/example_dags/example_sensors.py took 0.037 seconds
[2026-07-29T18:37:07.363+0000] {processor.py:186} INFO - Started process (PID=21591) to work on /home/airflow/.local/lib/python3.12/site-packages/airflow/example_dags/example_sensors.py
[2026-07-29T18:37:07.364+0000] {processor.py:914} INFO - Processing file /home/airflow/.local/lib/python3.12/site-packages/airflow/example_dags/example_sensors.py for tasks to queue
[2026-07-29T18:37:07.365+0000] {logging_mixin.py:190} INFO - [2026-07-29T18:37:07.365+0000] {dagbag.py:587} INFO - Filling up the DagBag from /home/airflow/.local/lib/python3.12/site-packages/airflow/example_dags/example_sensors.py
[2026-07-29T18:37:07.370+0000] {processor.py:925} INFO - DAG(s) 'example_sensors' retrieved from /home/airflow/.local/lib/python3.12/site-packages/airflow/example_dags/example_sensors.py
[2026-07-29T18:37:07.381+0000] {logging_mixin.py:190} INFO - [2026-07-29T18:37:07.381+0000] {dag.py:3211} INFO - Sync 1 DAGs
[2026-07-29T18:37:07.387+0000] {logging_mixin.py:190} INFO - [2026-07-29T18:37:07.386+0000] {dag.py:4138} INFO - Setting next_dagrun for example_sensors to None, run_after=None
[2026-07-29T18:37:07.398+0000] {processor.py:208} INFO - Processing /home/airflow/.local/lib/python3.12/site-packages/airflow/example_dags/example_sensors.py took 0.037 seconds
[2026-07-29T18:37:37.430+0000] {processor.py:186} INFO - Started process (PID=21656) to work on /home/airflow/.local/lib/python3.12/site-packages/airflow/example_dags/example_sensors.py
[2026-07-29T18:37:37.431+0000] {processor.py:914} INFO - Processing file /home/airflow/.local/lib/python3.12/site-packages/airflow/example_dags/example_sensors.py for tasks to queue
[2026-07-29T18:37:37.432+0000] {logging_mixin.py:190} INFO - [2026-07-29T18:37:37.432+0000] {dagbag.py:587} INFO - Filling up the DagBag from /home/airflow/.local/lib/python3.12/site-packages/airflow/example_dags/example_sensors.py
[2026-07-29T18:37:37.437+0000] {processor.py:925} INFO - DAG(s) 'example_sensors' retrieved from /home/airflow/.local/lib/python3.12/site-packages/airflow/example_dags/example_sensors.py
[2026-07-29T18:37:37.447+0000] {logging_mixin.py:190} INFO - [2026-07-29T18:37:37.447+0000] {dag.py:3211} INFO - Sync 1 DAGs
[2026-07-29T18:37:37.452+0000] {logging_mixin.py:190} INFO - [2026-07-29T18:37:37.452+0000] {dag.py:4138} INFO - Setting next_dagrun for example_sensors to None, run_after=None
[2026-07-29T18:37:37.457+0000] {processor.py:208} INFO - Processing /home/airflow/.local/lib/python3.12/site-packages/airflow/example_dags/example_sensors.py took 0.030 seconds
[2026-07-29T18:38:07.492+0000] {processor.py:186} INFO - Started process (PID=21722) to work on /home/airflow/.local/lib/python3.12/site-packages/airflow/example_dags/example_sensors.py
[2026-07-29T18:38:07.495+0000] {processor.py:914} INFO - Processing file /home/airflow/.local/lib/python3.12/site-packages/airflow/example_dags/example_sensors.py for tasks to queue
[2026-07-29T18:38:07.496+0000] {logging_mixin.py:190} INFO - [2026-07-29T18:38:07.496+0000] {dagbag.py:587} INFO - Filling up the DagBag from /home/airflow/.local/lib/python3.12/site-packages/airflow/example_dags/example_sensors.py
[2026-07-29T18:38:07.504+0000] {processor.py:925} INFO - DAG(s) 'example_sensors' retrieved from /home/airflow/.local/lib/python3.12/site-packages/airflow/example_dags/example_sensors.py
[2026-07-29T18:38:07.523+0000] {logging_mixin.py:190} INFO - [2026-07-29T18:38:07.523+0000] {dag.py:3211} INFO - Sync 1 DAGs
[2026-07-29T18:38:07.532+0000] {logging_mixin.py:190} INFO - [2026-07-29T18:38:07.532+0000] {dag.py:4138} INFO - Setting next_dagrun for example_sensors to None, run_after=None
[2026-07-29T18:38:07.541+0000] {processor.py:208} INFO - Processing /home/airflow/.local/lib/python3.12/site-packages/airflow/example_dags/example_sensors.py took 0.052 seconds
[2026-07-29T18:38:38.602+0000] {processor.py:186} INFO - Started process (PID=21789) to work on /home/airflow/.local/lib/python3.12/site-packages/airflow/example_dags/example_sensors.py
[2026-07-29T18:38:38.603+0000] {processor.py:914} INFO - Processing file /home/airflow/.local/lib/python3.12/site-packages/airflow/example_dags/example_sensors.py for tasks to queue
[2026-07-29T18:38:38.604+0000] {logging_mixin.py:190} INFO - [2026-07-29T18:38:38.604+0000] {dagbag.py:587} INFO - Filling up the DagBag from /home/airflow/.local/lib/python3.12/site-packages/airflow/example_dags/example_sensors.py
[2026-07-29T18:38:38.610+0000] {processor.py:925} INFO - DAG(s) 'example_sensors' retrieved from /home/airflow/.local/lib/python3.12/site-packages/airflow/example_dags/example_sensors.py
[2026-07-29T18:38:38.621+0000] {logging_mixin.py:190} INFO - [2026-07-29T18:38:38.621+0000] {dag.py:3211} INFO - Sync 1 DAGs
[2026-07-29T18:38:38.628+0000] {logging_mixin.py:190} INFO - [2026-07-29T18:38:38.627+0000] {dag.py:4138} INFO - Setting next_dagrun for example_sensors to None, run_after=None
[2026-07-29T18:38:38.640+0000] {processor.py:208} INFO - Processing /home/airflow/.local/lib/python3.12/site-packages/airflow/example_dags/example_sensors.py took 0.041 seconds
[2026-07-29T18:39:09.527+0000] {processor.py:186} INFO - Started process (PID=21855) to work on /home/airflow/.local/lib/python3.12/site-packages/airflow/example_dags/example_sensors.py
[2026-07-29T18:39:09.527+0000] {processor.py:914} INFO - Processing file /home/airflow/.local/lib/python3.12/site-packages/airflow/example_dags/example_sensors.py for tasks to queue
[2026-07-29T18:39:09.528+0000] {logging_mixin.py:190} INFO - [2026-07-29T18:39:09.528+0000] {dagbag.py:587} INFO - Filling up the DagBag from /home/airflow/.local/lib/python3.12/site-packages/airflow/example_dags/example_sensors.py
[2026-07-29T18:39:09.533+0000] {processor.py:925} INFO - DAG(s) 'example_sensors' retrieved from /home/airflow/.local/lib/python3.12/site-packages/airflow/example_dags/example_sensors.py
[2026-07-29T18:39:09.544+0000] {logging_mixin.py:190} INFO - [2026-07-29T18:39:09.544+0000] {dag.py:3211} INFO - Sync 1 DAGs
[2026-07-29T18:39:09.550+0000] {logging_mixin.py:190} INFO - [2026-07-29T18:39:09.550+0000] {dag.py:4138} INFO - Setting next_dagrun for example_sensors to None, run_after=None
[2026-07-29T18:39:09.563+0000] {processor.py:208} INFO - Processing /home/airflow/.local/lib/python3.12/site-packages/airflow/example_dags/example_sensors.py took 0.039 seconds
[2026-07-29T18:39:40.620+0000] {processor.py:186} INFO - Started process (PID=21921) to work on /home/airflow/.local/lib/python3.12/site-packages/airflow/example_dags/example_sensors.py
[2026-07-29T18:39:40.622+0000] {processor.py:914} INFO - Processing file /home/airflow/.local/lib/python3.12/site-packages/airflow/example_dags/example_sensors.py for tasks to queue
[2026-07-29T18:39:40.624+0000] {logging_mixin.py:190} INFO - [2026-07-29T18:39:40.624+0000] {dagbag.py:587} INFO - Filling up the DagBag from /home/airflow/.local/lib/python3.12/site-packages/airflow/example_dags/example_sensors.py
[2026-07-29T18:39:40.629+0000] {processor.py:925} INFO - DAG(s) 'example_sensors' retrieved from /home/airflow/.local/lib/python3.12/site-packages/airflow/example_dags/example_sensors.py
[2026-07-29T18:39:40.644+0000] {logging_mixin.py:190} INFO - [2026-07-29T18:39:40.644+0000] {dag.py:3211} INFO - Sync 1 DAGs
[2026-07-29T18:39:40.654+0000] {logging_mixin.py:190} INFO - [2026-07-29T18:39:40.654+0000] {dag.py:4138} INFO - Setting next_dagrun for example_sensors to None, run_after=None
[2026-07-29T18:39:40.666+0000] {processor.py:208} INFO - Processing /home/airflow/.local/lib/python3.12/site-packages/airflow/example_dags/example_sensors.py took 0.049 seconds
[2026-07-29T18:40:10.736+0000] {processor.py:186} INFO - Started process (PID=21987) to work on /home/airflow/.local/lib/python3.12/site-packages/airflow/example_dags/example_sensors.py
[2026-07-29T18:40:10.738+0000] {processor.py:914} INFO - Processing file /home/airflow/.local/lib/python3.12/site-packages/airflow/example_dags/example_sensors.py for tasks to queue
[2026-07-29T18:40:10.742+0000] {logging_mixin.py:190} INFO - [2026-07-29T18:40:10.742+0000] {dagbag.py:587} INFO - Filling up the DagBag from /home/airflow/.local/lib/python3.12/site-packages/airflow/example_dags/example_sensors.py
[2026-07-29T18:40:10.749+0000] {processor.py:925} INFO - DAG(s) 'example_sensors' retrieved from /home/airflow/.local/lib/python3.12/site-packages/airflow/example_dags/example_sensors.py
[2026-07-29T18:40:10.768+0000] {logging_mixin.py:190} INFO - [2026-07-29T18:40:10.768+0000] {dag.py:3211} INFO - Sync 1 DAGs
[2026-07-29T18:40:10.775+0000] {logging_mixin.py:190} INFO - [2026-07-29T18:40:10.775+0000] {dag.py:4138} INFO - Setting next_dagrun for example_sensors to None, run_after=None
[2026-07-29T18:40:10.790+0000] {processor.py:208} INFO - Processing /home/airflow/.local/lib/python3.12/site-packages/airflow/example_dags/example_sensors.py took 0.057 seconds
[2026-07-29T18:40:40.841+0000] {processor.py:186} INFO - Started process (PID=22052) to work on /home/airflow/.local/lib/python3.12/site-packages/airflow/example_dags/example_sensors.py
[2026-07-29T18:40:40.841+0000] {processor.py:914} INFO - Processing file /home/airflow/.local/lib/python3.12/site-packages/airflow/example_dags/example_sensors.py for tasks to queue
[2026-07-29T18:40:40.842+0000] {logging_mixin.py:190} INFO - [2026-07-29T18:40:40.842+0000] {dagbag.py:587} INFO - Filling up the DagBag from /home/airflow/.local/lib/python3.12/site-packages/airflow/example_dags/example_sensors.py
[2026-07-29T18:40:40.847+0000] {processor.py:925} INFO - DAG(s) 'example_sensors' retrieved from /home/airflow/.local/lib/python3.12/site-packages/airflow/example_dags/example_sensors.py
[2026-07-29T18:40:40.857+0000] {logging_mixin.py:190} INFO - [2026-07-29T18:40:40.857+0000] {dag.py:3211} INFO - Sync 1 DAGs
[2026-07-29T18:40:40.862+0000] {logging_mixin.py:190} INFO - [2026-07-29T18:40:40.862+0000] {dag.py:4138} INFO - Setting next_dagrun for example_sensors to None, run_after=None
[2026-07-29T18:40:40.867+0000] {processor.py:208} INFO - Processing /home/airflow/.local/lib/python3.12/site-packages/airflow/example_dags/example_sensors.py took 0.029 seconds
[2026-07-29T18:41:10.913+0000] {processor.py:186} INFO - Started process (PID=22118) to work on /home/airflow/.local/lib/python3.12/site-packages/airflow/example_dags/example_sensors.py
[2026-07-29T18:41:10.917+0000] {processor.py:914} INFO - Processing file /home/airflow/.local/lib/python3.12/site-packages/airflow/example_dags/example_sensors.py for tasks to queue
[2026-07-29T18:41:10.919+0000] {logging_mixin.py:190} INFO - [2026-07-29T18:41:10.919+0000] {dagbag.py:587} INFO - Filling up the DagBag from /home/airflow/.local/lib/python3.12/site-packages/airflow/example_dags/example_sensors.py
[2026-07-29T18:41:10.934+0000] {processor.py:925} INFO - DAG(s) 'example_sensors' retrieved from /home/airflow/.local/lib/python3.12/site-packages/airflow/example_dags/example_sensors.py
[2026-07-29T18:41:10.960+0000] {logging_mixin.py:190} INFO - [2026-07-29T18:41:10.959+0000] {dag.py:3211} INFO - Sync 1 DAGs
[2026-07-29T18:41:10.973+0000] {logging_mixin.py:190} INFO - [2026-07-29T18:41:10.973+0000] {dag.py:4138} INFO - Setting next_dagrun for example_sensors to None, run_after=None
[2026-07-29T18:41:10.991+0000] {processor.py:208} INFO - Processing /home/airflow/.local/lib/python3.12/site-packages/airflow/example_dags/example_sensors.py took 0.084 seconds
[2026-07-29T18:41:41.477+0000] {processor.py:186} INFO - Started process (PID=22185) to work on /home/airflow/.local/lib/python3.12/site-packages/airflow/example_dags/example_sensors.py
[2026-07-29T18:41:41.478+0000] {processor.py:914} INFO - Processing file /home/airflow/.local/lib/python3.12/site-packages/airflow/example_dags/example_sensors.py for tasks to queue
[2026-07-29T18:41:41.479+0000] {logging_mixin.py:190} INFO - [2026-07-29T18:41:41.479+0000] {dagbag.py:587} INFO - Filling up the DagBag from /home/airflow/.local/lib/python3.12/site-packages/airflow/example_dags/example_sensors.py
[2026-07-29T18:41:41.484+0000] {processor.py:925} INFO - DAG(s) 'example_sensors' retrieved from /home/airflow/.local/lib/python3.12/site-packages/airflow/example_dags/example_sensors.py
[2026-07-29T18:41:41.498+0000] {logging_mixin.py:190} INFO - [2026-07-29T18:41:41.497+0000] {dag.py:3211} INFO - Sync 1 DAGs
[2026-07-29T18:41:41.506+0000] {logging_mixin.py:190} INFO - [2026-07-29T18:41:41.506+0000] {dag.py:4138} INFO - Setting next_dagrun for example_sensors to None, run_after=None
[2026-07-29T18:41:41.519+0000] {processor.py:208} INFO - Processing /home/airflow/.local/lib/python3.12/site-packages/airflow/example_dags/example_sensors.py took 0.046 seconds
[2026-07-29T18:42:11.865+0000] {processor.py:186} INFO - Started process (PID=22251) to work on /home/airflow/.local/lib/python3.12/site-packages/airflow/example_dags/example_sensors.py
[2026-07-29T18:42:11.866+0000] {processor.py:914} INFO - Processing file /home/airflow/.local/lib/python3.12/site-packages/airflow/example_dags/example_sensors.py for tasks to queue
[2026-07-29T18:42:11.868+0000] {logging_mixin.py:190} INFO - [2026-07-29T18:42:11.867+0000] {dagbag.py:587} INFO - Filling up the DagBag from /home/airflow/.local/lib/python3.12/site-packages/airflow/example_dags/example_sensors.py
[2026-07-29T18:42:11.872+0000] {processor.py:925} INFO - DAG(s) 'example_sensors' retrieved from /home/airflow/.local/lib/python3.12/site-packages/airflow/example_dags/example_sensors.py
[2026-07-29T18:42:11.889+0000] {logging_mixin.py:190} INFO - [2026-07-29T18:42:11.889+0000] {dag.py:3211} INFO - Sync 1 DAGs
[2026-07-29T18:42:11.896+0000] {logging_mixin.py:190} INFO - [2026-07-29T18:42:11.896+0000] {dag.py:4138} INFO - Setting next_dagrun for example_sensors to None, run_after=None
[2026-07-29T18:42:11.909+0000] {processor.py:208} INFO - Processing /home/airflow/.local/lib/python3.12/site-packages/airflow/example_dags/example_sensors.py took 0.047 seconds
[2026-07-29T18:42:41.964+0000] {processor.py:186} INFO - Started process (PID=22317) to work on /home/airflow/.local/lib/python3.12/site-packages/airflow/example_dags/example_sensors.py
[2026-07-29T18:42:41.964+0000] {processor.py:914} INFO - Processing file /home/airflow/.local/lib/python3.12/site-packages/airflow/example_dags/example_sensors.py for tasks to queue
[2026-07-29T18:42:41.966+0000] {logging_mixin.py:190} INFO - [2026-07-29T18:42:41.965+0000] {dagbag.py:587} INFO - Filling up the DagBag from /home/airflow/.local/lib/python3.12/site-packages/airflow/example_dags/example_sensors.py
[2026-07-29T18:42:41.971+0000] {processor.py:925} INFO - DAG(s) 'example_sensors' retrieved from /home/airflow/.local/lib/python3.12/site-packages/airflow/example_dags/example_sensors.py
[2026-07-29T18:42:41.983+0000] {logging_mixin.py:190} INFO - [2026-07-29T18:42:41.983+0000] {dag.py:3211} INFO - Sync 1 DAGs
[2026-07-29T18:42:41.990+0000] {logging_mixin.py:190} INFO - [2026-07-29T18:42:41.990+0000] {dag.py:4138} INFO - Setting next_dagrun for example_sensors to None, run_after=None
[2026-07-29T18:42:42.000+0000] {processor.py:208} INFO - Processing /home/airflow/.local/lib/python3.12/site-packages/airflow/example_dags/example_sensors.py took 0.039 seconds
[2026-07-29T18:43:12.035+0000] {processor.py:186} INFO - Started process (PID=22382) to work on /home/airflow/.local/lib/python3.12/site-packages/airflow/example_dags/example_sensors.py
[2026-07-29T18:43:12.035+0000] {processor.py:914} INFO - Processing file /home/airflow/.local/lib/python3.12/site-packages/airflow/example_dags/example_sensors.py for tasks to queue
[2026-07-29T18:43:12.040+0000] {logging_mixin.py:190} INFO - [2026-07-29T18:43:12.040+0000] {dagbag.py:587} INFO - Filling up the DagBag from /home/airflow/.local/lib/python3.12/site-packages/airflow/example_dags/example_sensors.py
[2026-07-29T18:43:12.048+0000] {processor.py:925} INFO - DAG(s) 'example_sensors' retrieved from /home/airflow/.local/lib/python3.12/site-packages/airflow/example_dags/example_sensors.py
[2026-07-29T18:43:12.067+0000] {logging_mixin.py:190} INFO - [2026-07-29T18:43:12.067+0000] {dag.py:3211} INFO - Sync 1 DAGs
[2026-07-29T18:43:12.073+0000] {logging_mixin.py:190} INFO - [2026-07-29T18:43:12.073+0000] {dag.py:4138} INFO - Setting next_dagrun for example_sensors to None, run_after=None
[2026-07-29T18:43:12.083+0000] {processor.py:208} INFO - Processing /home/airflow/.local/lib/python3.12/site-packages/airflow/example_dags/example_sensors.py took 0.051 seconds
[2026-07-29T18:43:42.356+0000] {processor.py:186} INFO - Started process (PID=22449) to work on /home/airflow/.local/lib/python3.12/site-packages/airflow/example_dags/example_sensors.py
[2026-07-29T18:43:42.357+0000] {processor.py:914} INFO - Processing file /home/airflow/.local/lib/python3.12/site-packages/airflow/example_dags/example_sensors.py for tasks to queue
[2026-07-29T18:43:42.359+0000] {logging_mixin.py:190} INFO - [2026-07-29T18:43:42.359+0000] {dagbag.py:587} INFO - Filling up the DagBag from /home/airflow/.local/lib/python3.12/site-packages/airflow/example_dags/example_sensors.py
[2026-07-29T18:43:42.364+0000] {processor.py:925} INFO - DAG(s) 'example_sensors' retrieved from /home/airflow/.local/lib/python3.12/site-packages/airflow/example_dags/example_sensors.py
[2026-07-29T18:43:42.377+0000] {logging_mixin.py:190} INFO - [2026-07-29T18:43:42.377+0000] {dag.py:3211} INFO - Sync 1 DAGs
[2026-07-29T18:43:42.384+0000] {logging_mixin.py:190} INFO - [2026-07-29T18:43:42.384+0000] {dag.py:4138} INFO - Setting next_dagrun for example_sensors to None, run_after=None
[2026-07-29T18:43:42.399+0000] {processor.py:208} INFO - Processing /home/airflow/.local/lib/python3.12/site-packages/airflow/example_dags/example_sensors.py took 0.046 seconds
[2026-07-29T18:44:12.853+0000] {processor.py:186} INFO - Started process (PID=22515) to work on /home/airflow/.local/lib/python3.12/site-packages/airflow/example_dags/example_sensors.py
[2026-07-29T18:44:12.853+0000] {processor.py:914} INFO - Processing file /home/airflow/.local/lib/python3.12/site-packages/airflow/example_dags/example_sensors.py for tasks to queue
[2026-07-29T18:44:12.854+0000] {logging_mixin.py:190} INFO - [2026-07-29T18:44:12.854+0000] {dagbag.py:587} INFO - Filling up the DagBag from /home/airflow/.local/lib/python3.12/site-packages/airflow/example_dags/example_sensors.py
[2026-07-29T18:44:12.860+0000] {processor.py:925} INFO - DAG(s) 'example_sensors' retrieved from /home/airflow/.local/lib/python3.12/site-packages/airflow/example_dags/example_sensors.py
[2026-07-29T18:44:12.871+0000] {logging_mixin.py:190} INFO - [2026-07-29T18:44:12.871+0000] {dag.py:3211} INFO - Sync 1 DAGs
[2026-07-29T18:44:12.878+0000] {logging_mixin.py:190} INFO - [2026-07-29T18:44:12.878+0000] {dag.py:4138} INFO - Setting next_dagrun for example_sensors to None, run_after=None
[2026-07-29T18:44:12.890+0000] {processor.py:208} INFO - Processing /home/airflow/.local/lib/python3.12/site-packages/airflow/example_dags/example_sensors.py took 0.041 seconds
[2026-07-29T18:44:43.119+0000] {processor.py:186} INFO - Started process (PID=22581) to work on /home/airflow/.local/lib/python3.12/site-packages/airflow/example_dags/example_sensors.py
[2026-07-29T18:44:43.120+0000] {processor.py:914} INFO - Processing file /home/airflow/.local/lib/python3.12/site-packages/airflow/example_dags/example_sensors.py for tasks to queue
[2026-07-29T18:44:43.121+0000] {logging_mixin.py:190} INFO - [2026-07-29T18:44:43.121+0000] {dagbag.py:587} INFO - Filling up the DagBag from /home/airflow/.local/lib/python3.12/site-packages/airflow/example_dags/example_sensors.py
[2026-07-29T18:44:43.127+0000] {processor.py:925} INFO - DAG(s) 'example_sensors' retrieved from /home/airflow/.local/lib/python3.12/site-packages/airflow/example_dags/example_sensors.py
[2026-07-29T18:44:43.139+0000] {logging_mixin.py:190} INFO - [2026-07-29T18:44:43.139+0000] {dag.py:3211} INFO - Sync 1 DAGs
[2026-07-29T18:44:43.146+0000] {logging_mixin.py:190} INFO - [2026-07-29T18:44:43.145+0000] {dag.py:4138} INFO - Setting next_dagrun for example_sensors to None, run_after=None
[2026-07-29T18:44:43.163+0000] {processor.py:208} INFO - Processing /home/airflow/.local/lib/python3.12/site-packages/airflow/example_dags/example_sensors.py took 0.048 seconds
[2026-07-29T18:45:13.366+0000] {processor.py:186} INFO - Started process (PID=22647) to work on /home/airflow/.local/lib/python3.12/site-packages/airflow/example_dags/example_sensors.py
[2026-07-29T18:45:13.367+0000] {processor.py:914} INFO - Processing file /home/airflow/.local/lib/python3.12/site-packages/airflow/example_dags/example_sensors.py for tasks to queue
[2026-07-29T18:45:13.368+0000] {logging_mixin.py:190} INFO - [2026-07-29T18:45:13.368+0000] {dagbag.py:587} INFO - Filling up the DagBag from /home/airflow/.local/lib/python3.12/site-packages/airflow/example_dags/example_sensors.py
[2026-07-29T18:45:13.373+0000] {processor.py:925} INFO - DAG(s) 'example_sensors' retrieved from /home/airflow/.local/lib/python3.12/site-packages/airflow/example_dags/example_sensors.py
[2026-07-29T18:45:13.384+0000] {logging_mixin.py:190} INFO - [2026-07-29T18:45:13.384+0000] {dag.py:3211} INFO - Sync 1 DAGs
[2026-07-29T18:45:13.390+0000] {logging_mixin.py:190} INFO - [2026-07-29T18:45:13.390+0000] {dag.py:4138} INFO - Setting next_dagrun for example_sensors to None, run_after=None
[2026-07-29T18:45:13.400+0000] {processor.py:208} INFO - Processing /home/airflow/.local/lib/python3.12/site-packages/airflow/example_dags/example_sensors.py took 0.037 seconds
[2026-07-29T18:45:44.436+0000] {processor.py:186} INFO - Started process (PID=22713) to work on /home/airflow/.local/lib/python3.12/site-packages/airflow/example_dags/example_sensors.py
[2026-07-29T18:45:44.436+0000] {processor.py:914} INFO - Processing file /home/airflow/.local/lib/python3.12/site-packages/airflow/example_dags/example_sensors.py for tasks to queue
[2026-07-29T18:45:44.437+0000] {logging_mixin.py:190} INFO - [2026-07-29T18:45:44.437+0000] {dagbag.py:587} INFO - Filling up the DagBag from /home/airflow/.local/lib/python3.12/site-packages/airflow/example_dags/example_sensors.py
[2026-07-29T18:45:44.442+0000] {processor.py:925} INFO - DAG(s) 'example_sensors' retrieved from /home/airflow/.local/lib/python3.12/site-packages/airflow/example_dags/example_sensors.py
[2026-07-29T18:45:44.453+0000] {logging_mixin.py:190} INFO - [2026-07-29T18:45:44.453+0000] {dag.py:3211} INFO - Sync 1 DAGs
[2026-07-29T18:45:44.459+0000] {logging_mixin.py:190} INFO - [2026-07-29T18:45:44.459+0000] {dag.py:4138} INFO - Setting next_dagrun for example_sensors to None, run_after=None
[2026-07-29T18:45:44.473+0000] {processor.py:208} INFO - Processing /home/airflow/.local/lib/python3.12/site-packages/airflow/example_dags/example_sensors.py took 0.040 seconds
[2026-07-29T18:46:15.465+0000] {processor.py:186} INFO - Started process (PID=22779) to work on /home/airflow/.local/lib/python3.12/site-packages/airflow/example_dags/example_sensors.py
[2026-07-29T18:46:15.465+0000] {processor.py:914} INFO - Processing file /home/airflow/.local/lib/python3.12/site-packages/airflow/example_dags/example_sensors.py for tasks to queue
[2026-07-29T18:46:15.466+0000] {logging_mixin.py:190} INFO - [2026-07-29T18:46:15.466+0000] {dagbag.py:587} INFO - Filling up the DagBag from /home/airflow/.local/lib/python3.12/site-packages/airflow/example_dags/example_sensors.py
[2026-07-29T18:46:15.471+0000] {processor.py:925} INFO - DAG(s) 'example_sensors' retrieved from /home/airflow/.local/lib/python3.12/site-packages/airflow/example_dags/example_sensors.py
[2026-07-29T18:46:15.482+0000] {logging_mixin.py:190} INFO - [2026-07-29T18:46:15.482+0000] {dag.py:3211} INFO - Sync 1 DAGs
[2026-07-29T18:46:15.487+0000] {logging_mixin.py:190} INFO - [2026-07-29T18:46:15.487+0000] {dag.py:4138} INFO - Setting next_dagrun for example_sensors to None, run_after=None
[2026-07-29T18:46:15.502+0000] {processor.py:208} INFO - Processing /home/airflow/.local/lib/python3.12/site-packages/airflow/example_dags/example_sensors.py took 0.040 seconds
[2026-07-29T18:46:45.538+0000] {processor.py:186} INFO - Started process (PID=22845) to work on /home/airflow/.local/lib/python3.12/site-packages/airflow/example_dags/example_sensors.py
[2026-07-29T18:46:45.539+0000] {processor.py:914} INFO - Processing file /home/airflow/.local/lib/python3.12/site-packages/airflow/example_dags/example_sensors.py for tasks to queue
[2026-07-29T18:46:45.540+0000] {logging_mixin.py:190} INFO - [2026-07-29T18:46:45.540+0000] {dagbag.py:587} INFO - Filling up the DagBag from /home/airflow/.local/lib/python3.12/site-packages/airflow/example_dags/example_sensors.py
[2026-07-29T18:46:45.545+0000] {processor.py:925} INFO - DAG(s) 'example_sensors' retrieved from /home/airflow/.local/lib/python3.12/site-packages/airflow/example_dags/example_sensors.py
[2026-07-29T18:46:45.555+0000] {logging_mixin.py:190} INFO - [2026-07-29T18:46:45.555+0000] {dag.py:3211} INFO - Sync 1 DAGs
[2026-07-29T18:46:45.560+0000] {logging_mixin.py:190} INFO - [2026-07-29T18:46:45.560+0000] {dag.py:4138} INFO - Setting next_dagrun for example_sensors to None, run_after=None
[2026-07-29T18:46:45.567+0000] {processor.py:208} INFO - Processing /home/airflow/.local/lib/python3.12/site-packages/airflow/example_dags/example_sensors.py took 0.032 seconds
[2026-07-29T18:47:16.553+0000] {processor.py:186} INFO - Started process (PID=22911) to work on /home/airflow/.local/lib/python3.12/site-packages/airflow/example_dags/example_sensors.py
[2026-07-29T18:47:16.553+0000] {processor.py:914} INFO - Processing file /home/airflow/.local/lib/python3.12/site-packages/airflow/example_dags/example_sensors.py for tasks to queue
[2026-07-29T18:47:16.555+0000] {logging_mixin.py:190} INFO - [2026-07-29T18:47:16.555+0000] {dagbag.py:587} INFO - Filling up the DagBag from /home/airflow/.local/lib/python3.12/site-packages/airflow/example_dags/example_sensors.py
[2026-07-29T18:47:16.559+0000] {processor.py:925} INFO - DAG(s) 'example_sensors' retrieved from /home/airflow/.local/lib/python3.12/site-packages/airflow/example_dags/example_sensors.py
[2026-07-29T18:47:16.570+0000] {logging_mixin.py:190} INFO - [2026-07-29T18:47:16.570+0000] {dag.py:3211} INFO - Sync 1 DAGs
[2026-07-29T18:47:16.576+0000] {logging_mixin.py:190} INFO - [2026-07-29T18:47:16.576+0000] {dag.py:4138} INFO - Setting next_dagrun for example_sensors to None, run_after=None
[2026-07-29T18:47:16.589+0000] {processor.py:208} INFO - Processing /home/airflow/.local/lib/python3.12/site-packages/airflow/example_dags/example_sensors.py took 0.039 seconds
[2026-07-29T18:47:47.541+0000] {processor.py:186} INFO - Started process (PID=22977) to work on /home/airflow/.local/lib/python3.12/site-packages/airflow/example_dags/example_sensors.py
[2026-07-29T18:47:47.542+0000] {processor.py:914} INFO - Processing file /home/airflow/.local/lib/python3.12/site-packages/airflow/example_dags/example_sensors.py for tasks to queue
[2026-07-29T18:47:47.543+0000] {logging_mixin.py:190} INFO - [2026-07-29T18:47:47.543+0000] {dagbag.py:587} INFO - Filling up the DagBag from /home/airflow/.local/lib/python3.12/site-packages/airflow/example_dags/example_sensors.py
[2026-07-29T18:47:47.548+0000] {processor.py:925} INFO - DAG(s) 'example_sensors' retrieved from /home/airflow/.local/lib/python3.12/site-packages/airflow/example_dags/example_sensors.py
[2026-07-29T18:47:47.559+0000] {logging_mixin.py:190} INFO - [2026-07-29T18:47:47.559+0000] {dag.py:3211} INFO - Sync 1 DAGs
[2026-07-29T18:47:47.566+0000] {logging_mixin.py:190} INFO - [2026-07-29T18:47:47.566+0000] {dag.py:4138} INFO - Setting next_dagrun for example_sensors to None, run_after=None
[2026-07-29T18:47:47.578+0000] {processor.py:208} INFO - Processing /home/airflow/.local/lib/python3.12/site-packages/airflow/example_dags/example_sensors.py took 0.040 seconds
[2026-07-29T18:48:18.502+0000] {processor.py:186} INFO - Started process (PID=23043) to work on /home/airflow/.local/lib/python3.12/site-packages/airflow/example_dags/example_sensors.py
[2026-07-29T18:48:18.502+0000] {processor.py:914} INFO - Processing file /home/airflow/.local/lib/python3.12/site-packages/airflow/example_dags/example_sensors.py for tasks to queue
[2026-07-29T18:48:18.503+0000] {logging_mixin.py:190} INFO - [2026-07-29T18:48:18.503+0000] {dagbag.py:587} INFO - Filling up the DagBag from /home/airflow/.local/lib/python3.12/site-packages/airflow/example_dags/example_sensors.py
[2026-07-29T18:48:18.508+0000] {processor.py:925} INFO - DAG(s) 'example_sensors' retrieved from /home/airflow/.local/lib/python3.12/site-packages/airflow/example_dags/example_sensors.py
[2026-07-29T18:48:18.518+0000] {logging_mixin.py:190} INFO - [2026-07-29T18:48:18.517+0000] {dag.py:3211} INFO - Sync 1 DAGs
[2026-07-29T18:48:18.524+0000] {logging_mixin.py:190} INFO - [2026-07-29T18:48:18.524+0000] {dag.py:4138} INFO - Setting next_dagrun for example_sensors to None, run_after=None
[2026-07-29T18:48:18.538+0000] {processor.py:208} INFO - Processing /home/airflow/.local/lib/python3.12/site-packages/airflow/example_dags/example_sensors.py took 0.039 seconds
[2026-07-29T18:48:49.585+0000] {processor.py:186} INFO - Started process (PID=23109) to work on /home/airflow/.local/lib/python3.12/site-packages/airflow/example_dags/example_sensors.py
[2026-07-29T18:48:49.585+0000] {processor.py:914} INFO - Processing file /home/airflow/.local/lib/python3.12/site-packages/airflow/example_dags/example_sensors.py for tasks to queue
[2026-07-29T18:48:49.586+0000] {logging_mixin.py:190} INFO - [2026-07-29T18:48:49.586+0000] {dagbag.py:587} INFO - Filling up the DagBag from /home/airflow/.local/lib/python3.12/site-packages/airflow/example_dags/example_sensors.py
[2026-07-29T18:48:49.591+0000] {processor.py:925} INFO - DAG(s) 'example_sensors' retrieved from /home/airflow/.local/lib/python3.12/site-packages/airflow/example_dags/example_sensors.py
[2026-07-29T18:48:49.600+0000] {logging_mixin.py:190} INFO - [2026-07-29T18:48:49.600+0000] {dag.py:3211} INFO - Sync 1 DAGs
[2026-07-29T18:48:49.605+0000] {logging_mixin.py:190} INFO - [2026-07-29T18:48:49.605+0000] {dag.py:4138} INFO - Setting next_dagrun for example_sensors to None, run_after=None
[2026-07-29T18:48:49.616+0000] {processor.py:208} INFO - Processing /home/airflow/.local/lib/python3.12/site-packages/airflow/example_dags/example_sensors.py took 0.034 seconds
[2026-07-29T18:49:19.806+0000] {processor.py:186} INFO - Started process (PID=23175) to work on /home/airflow/.local/lib/python3.12/site-packages/airflow/example_dags/example_sensors.py
[2026-07-29T18:49:19.806+0000] {processor.py:914} INFO - Processing file /home/airflow/.local/lib/python3.12/site-packages/airflow/example_dags/example_sensors.py for tasks to queue
[2026-07-29T18:49:19.808+0000] {logging_mixin.py:190} INFO - [2026-07-29T18:49:19.807+0000] {dagbag.py:587} INFO - Filling up the DagBag from /home/airflow/.local/lib/python3.12/site-packages/airflow/example_dags/example_sensors.py
[2026-07-29T18:49:19.812+0000] {processor.py:925} INFO - DAG(s) 'example_sensors' retrieved from /home/airflow/.local/lib/python3.12/site-packages/airflow/example_dags/example_sensors.py
[2026-07-29T18:49:19.825+0000] {logging_mixin.py:190} INFO - [2026-07-29T18:49:19.825+0000] {dag.py:3211} INFO - Sync 1 DAGs
[2026-07-29T18:49:19.833+0000] {logging_mixin.py:190} INFO - [2026-07-29T18:49:19.833+0000] {dag.py:4138} INFO - Setting next_dagrun for example_sensors to None, run_after=None
[2026-07-29T18:49:19.849+0000] {processor.py:208} INFO - Processing /home/airflow/.local/lib/python3.12/site-packages/airflow/example_dags/example_sensors.py took 0.046 seconds
[2026-07-29T18:49:49.880+0000] {processor.py:186} INFO - Started process (PID=23240) to work on /home/airflow/.local/lib/python3.12/site-packages/airflow/example_dags/example_sensors.py
[2026-07-29T18:49:49.881+0000] {processor.py:914} INFO - Processing file /home/airflow/.local/lib/python3.12/site-packages/airflow/example_dags/example_sensors.py for tasks to queue
[2026-07-29T18:49:49.882+0000] {logging_mixin.py:190} INFO - [2026-07-29T18:49:49.882+0000] {dagbag.py:587} INFO - Filling up the DagBag from /home/airflow/.local/lib/python3.12/site-packages/airflow/example_dags/example_sensors.py
[2026-07-29T18:49:49.886+0000] {processor.py:925} INFO - DAG(s) 'example_sensors' retrieved from /home/airflow/.local/lib/python3.12/site-packages/airflow/example_dags/example_sensors.py
[2026-07-29T18:49:49.897+0000] {logging_mixin.py:190} INFO - [2026-07-29T18:49:49.896+0000] {dag.py:3211} INFO - Sync 1 DAGs
[2026-07-29T18:49:49.902+0000] {logging_mixin.py:190} INFO - [2026-07-29T18:49:49.902+0000] {dag.py:4138} INFO - Setting next_dagrun for example_sensors to None, run_after=None
[2026-07-29T18:49:49.908+0000] {processor.py:208} INFO - Processing /home/airflow/.local/lib/python3.12/site-packages/airflow/example_dags/example_sensors.py took 0.030 seconds
[2026-07-29T18:50:20.145+0000] {processor.py:186} INFO - Started process (PID=23306) to work on /home/airflow/.local/lib/python3.12/site-packages/airflow/example_dags/example_sensors.py
[2026-07-29T18:50:20.146+0000] {processor.py:914} INFO - Processing file /home/airflow/.local/lib/python3.12/site-packages/airflow/example_dags/example_sensors.py for tasks to queue
[2026-07-29T18:50:20.150+0000] {logging_mixin.py:190} INFO - [2026-07-29T18:50:20.149+0000] {dagbag.py:587} INFO - Filling up the DagBag from /home/airflow/.local/lib/python3.12/site-packages/airflow/example_dags/example_sensors.py
[2026-07-29T18:50:20.156+0000] {processor.py:925} INFO - DAG(s) 'example_sensors' retrieved from /home/airflow/.local/lib/python3.12/site-packages/airflow/example_dags/example_sensors.py
[2026-07-29T18:50:20.177+0000] {logging_mixin.py:190} INFO - [2026-07-29T18:50:20.177+0000] {dag.py:3211} INFO - Sync 1 DAGs
[2026-07-29T18:50:20.187+0000] {logging_mixin.py:190} INFO - [2026-07-29T18:50:20.187+0000] {dag.py:4138} INFO - Setting next_dagrun for example_sensors to None, run_after=None
[2026-07-29T18:50:20.195+0000] {processor.py:208} INFO - Processing /home/airflow/.local/lib/python3.12/site-packages/airflow/example_dags/example_sensors.py took 0.055 seconds
[2026-07-29T18:50:50.386+0000] {processor.py:186} INFO - Started process (PID=23372) to work on /home/airflow/.local/lib/python3.12/site-packages/airflow/example_dags/example_sensors.py
[2026-07-29T18:50:50.388+0000] {processor.py:914} INFO - Processing file /home/airflow/.local/lib/python3.12/site-packages/airflow/example_dags/example_sensors.py for tasks to queue
[2026-07-29T18:50:50.389+0000] {logging_mixin.py:190} INFO - [2026-07-29T18:50:50.389+0000] {dagbag.py:587} INFO - Filling up the DagBag from /home/airflow/.local/lib/python3.12/site-packages/airflow/example_dags/example_sensors.py
[2026-07-29T18:50:50.396+0000] {processor.py:925} INFO - DAG(s) 'example_sensors' retrieved from /home/airflow/.local/lib/python3.12/site-packages/airflow/example_dags/example_sensors.py
[2026-07-29T18:50:50.412+0000] {logging_mixin.py:190} INFO - [2026-07-29T18:50:50.412+0000] {dag.py:3211} INFO - Sync 1 DAGs
[2026-07-29T18:50:50.420+0000] {logging_mixin.py:190} INFO - [2026-07-29T18:50:50.419+0000] {dag.py:4138} INFO - Setting next_dagrun for example_sensors to None, run_after=None
[2026-07-29T18:50:50.428+0000] {processor.py:208} INFO - Processing /home/airflow/.local/lib/python3.12/site-packages/airflow/example_dags/example_sensors.py took 0.045 seconds
[2026-07-29T18:51:20.611+0000] {processor.py:186} INFO - Started process (PID=23438) to work on /home/airflow/.local/lib/python3.12/site-packages/airflow/example_dags/example_sensors.py
[2026-07-29T18:51:20.613+0000] {processor.py:914} INFO - Processing file /home/airflow/.local/lib/python3.12/site-packages/airflow/example_dags/example_sensors.py for tasks to queue
[2026-07-29T18:51:20.614+0000] {logging_mixin.py:190} INFO - [2026-07-29T18:51:20.613+0000] {dagbag.py:587} INFO - Filling up the DagBag from /home/airflow/.local/lib/python3.12/site-packages/airflow/example_dags/example_sensors.py
[2026-07-29T18:51:20.621+0000] {processor.py:925} INFO - DAG(s) 'example_sensors' retrieved from /home/airflow/.local/lib/python3.12/site-packages/airflow/example_dags/example_sensors.py
[2026-07-29T18:51:20.639+0000] {logging_mixin.py:190} INFO - [2026-07-29T18:51:20.639+0000] {dag.py:3211} INFO - Sync 1 DAGs
[2026-07-29T18:51:20.646+0000] {logging_mixin.py:190} INFO - [2026-07-29T18:51:20.646+0000] {dag.py:4138} INFO - Setting next_dagrun for example_sensors to None, run_after=None
[2026-07-29T18:51:20.656+0000] {processor.py:208} INFO - Processing /home/airflow/.local/lib/python3.12/site-packages/airflow/example_dags/example_sensors.py took 0.049 seconds
[2026-07-29T18:51:51.030+0000] {processor.py:186} INFO - Started process (PID=23504) to work on /home/airflow/.local/lib/python3.12/site-packages/airflow/example_dags/example_sensors.py
[2026-07-29T18:51:51.032+0000] {processor.py:914} INFO - Processing file /home/airflow/.local/lib/python3.12/site-packages/airflow/example_dags/example_sensors.py for tasks to queue
[2026-07-29T18:51:51.035+0000] {logging_mixin.py:190} INFO - [2026-07-29T18:51:51.035+0000] {dagbag.py:587} INFO - Filling up the DagBag from /home/airflow/.local/lib/python3.12/site-packages/airflow/example_dags/example_sensors.py
[2026-07-29T18:51:51.045+0000] {processor.py:925} INFO - DAG(s) 'example_sensors' retrieved from /home/airflow/.local/lib/python3.12/site-packages/airflow/example_dags/example_sensors.py
[2026-07-29T18:51:51.069+0000] {logging_mixin.py:190} INFO - [2026-07-29T18:51:51.069+0000] {dag.py:3211} INFO - Sync 1 DAGs
[2026-07-29T18:51:51.075+0000] {logging_mixin.py:190} INFO - [2026-07-29T18:51:51.075+0000] {dag.py:4138} INFO - Setting next_dagrun for example_sensors to None, run_after=None
[2026-07-29T18:51:51.087+0000] {processor.py:208} INFO - Processing /home/airflow/.local/lib/python3.12/site-packages/airflow/example_dags/example_sensors.py took 0.063 seconds
[2026-07-29T18:52:21.201+0000] {processor.py:186} INFO - Started process (PID=23570) to work on /home/airflow/.local/lib/python3.12/site-packages/airflow/example_dags/example_sensors.py
[2026-07-29T18:52:21.204+0000] {processor.py:914} INFO - Processing file /home/airflow/.local/lib/python3.12/site-packages/airflow/example_dags/example_sensors.py for tasks to queue
[2026-07-29T18:52:21.205+0000] {logging_mixin.py:190} INFO - [2026-07-29T18:52:21.205+0000] {dagbag.py:587} INFO - Filling up the DagBag from /home/airflow/.local/lib/python3.12/site-packages/airflow/example_dags/example_sensors.py
[2026-07-29T18:52:21.212+0000] {processor.py:925} INFO - DAG(s) 'example_sensors' retrieved from /home/airflow/.local/lib/python3.12/site-packages/airflow/example_dags/example_sensors.py
[2026-07-29T18:52:21.226+0000] {logging_mixin.py:190} INFO - [2026-07-29T18:52:21.226+0000] {dag.py:3211} INFO - Sync 1 DAGs
[2026-07-29T18:52:21.232+0000] {logging_mixin.py:190} INFO - [2026-07-29T18:52:21.232+0000] {dag.py:4138} INFO - Setting next_dagrun for example_sensors to None, run_after=None
[2026-07-29T18:52:21.242+0000] {processor.py:208} INFO - Processing /home/airflow/.local/lib/python3.12/site-packages/airflow/example_dags/example_sensors.py took 0.044 seconds
[2026-07-29T18:52:51.298+0000] {processor.py:186} INFO - Started process (PID=23636) to work on /home/airflow/.local/lib/python3.12/site-packages/airflow/example_dags/example_sensors.py
[2026-07-29T18:52:51.300+0000] {processor.py:914} INFO - Processing file /home/airflow/.local/lib/python3.12/site-packages/airflow/example_dags/example_sensors.py for tasks to queue
[2026-07-29T18:52:51.301+0000] {logging_mixin.py:190} INFO - [2026-07-29T18:52:51.301+0000] {dagbag.py:587} INFO - Filling up the DagBag from /home/airflow/.local/lib/python3.12/site-packages/airflow/example_dags/example_sensors.py
[2026-07-29T18:52:51.310+0000] {processor.py:925} INFO - DAG(s) 'example_sensors' retrieved from /home/airflow/.local/lib/python3.12/site-packages/airflow/example_dags/example_sensors.py
[2026-07-29T18:52:51.323+0000] {logging_mixin.py:190} INFO - [2026-07-29T18:52:51.322+0000] {dag.py:3211} INFO - Sync 1 DAGs
[2026-07-29T18:52:51.330+0000] {logging_mixin.py:190} INFO - [2026-07-29T18:52:51.330+0000] {dag.py:4138} INFO - Setting next_dagrun for example_sensors to None, run_after=None
[2026-07-29T18:52:51.342+0000] {processor.py:208} INFO - Processing /home/airflow/.local/lib/python3.12/site-packages/airflow/example_dags/example_sensors.py took 0.048 seconds
[2026-07-29T18:53:21.437+0000] {processor.py:186} INFO - Started process (PID=23702) to work on /home/airflow/.local/lib/python3.12/site-packages/airflow/example_dags/example_sensors.py
[2026-07-29T18:53:21.438+0000] {processor.py:914} INFO - Processing file /home/airflow/.local/lib/python3.12/site-packages/airflow/example_dags/example_sensors.py for tasks to queue
[2026-07-29T18:53:21.439+0000] {logging_mixin.py:190} INFO - [2026-07-29T18:53:21.439+0000] {dagbag.py:587} INFO - Filling up the DagBag from /home/airflow/.local/lib/python3.12/site-packages/airflow/example_dags/example_sensors.py
[2026-07-29T18:53:21.445+0000] {processor.py:925} INFO - DAG(s) 'example_sensors' retrieved from /home/airflow/.local/lib/python3.12/site-packages/airflow/example_dags/example_sensors.py
[2026-07-29T18:53:21.460+0000] {logging_mixin.py:190} INFO - [2026-07-29T18:53:21.460+0000] {dag.py:3211} INFO - Sync 1 DAGs
[2026-07-29T18:53:21.468+0000] {logging_mixin.py:190} INFO - [2026-07-29T18:53:21.467+0000] {dag.py:4138} INFO - Setting next_dagrun for example_sensors to None, run_after=None
[2026-07-29T18:53:21.480+0000] {processor.py:208} INFO - Processing /home/airflow/.local/lib/python3.12/site-packages/airflow/example_dags/example_sensors.py took 0.045 seconds
[2026-07-29T18:53:51.774+0000] {processor.py:186} INFO - Started process (PID=23768) to work on /home/airflow/.local/lib/python3.12/site-packages/airflow/example_dags/example_sensors.py
[2026-07-29T18:53:51.776+0000] {processor.py:914} INFO - Processing file /home/airflow/.local/lib/python3.12/site-packages/airflow/example_dags/example_sensors.py for tasks to queue
[2026-07-29T18:53:51.777+0000] {logging_mixin.py:190} INFO - [2026-07-29T18:53:51.777+0000] {dagbag.py:587} INFO - Filling up the DagBag from /home/airflow/.local/lib/python3.12/site-packages/airflow/example_dags/example_sensors.py
[2026-07-29T18:53:51.783+0000] {processor.py:925} INFO - DAG(s) 'example_sensors' retrieved from /home/airflow/.local/lib/python3.12/site-packages/airflow/example_dags/example_sensors.py
[2026-07-29T18:53:51.801+0000] {logging_mixin.py:190} INFO - [2026-07-29T18:53:51.801+0000] {dag.py:3211} INFO - Sync 1 DAGs
[2026-07-29T18:53:51.807+0000] {logging_mixin.py:190} INFO - [2026-07-29T18:53:51.806+0000] {dag.py:4138} INFO - Setting next_dagrun for example_sensors to None, run_after=None
[2026-07-29T18:53:51.817+0000] {processor.py:208} INFO - Processing /home/airflow/.local/lib/python3.12/site-packages/airflow/example_dags/example_sensors.py took 0.046 seconds
[2026-07-29T18:54:21.854+0000] {processor.py:186} INFO - Started process (PID=23834) to work on /home/airflow/.local/lib/python3.12/site-packages/airflow/example_dags/example_sensors.py
[2026-07-29T18:54:21.854+0000] {processor.py:914} INFO - Processing file /home/airflow/.local/lib/python3.12/site-packages/airflow/example_dags/example_sensors.py for tasks to queue
[2026-07-29T18:54:21.856+0000] {logging_mixin.py:190} INFO - [2026-07-29T18:54:21.855+0000] {dagbag.py:587} INFO - Filling up the DagBag from /home/airflow/.local/lib/python3.12/site-packages/airflow/example_dags/example_sensors.py
[2026-07-29T18:54:21.861+0000] {processor.py:925} INFO - DAG(s) 'example_sensors' retrieved from /home/airflow/.local/lib/python3.12/site-packages/airflow/example_dags/example_sensors.py
[2026-07-29T18:54:21.876+0000] {logging_mixin.py:190} INFO - [2026-07-29T18:54:21.875+0000] {dag.py:3211} INFO - Sync 1 DAGs
[2026-07-29T18:54:21.881+0000] {logging_mixin.py:190} INFO - [2026-07-29T18:54:21.881+0000] {dag.py:4138} INFO - Setting next_dagrun for example_sensors to None, run_after=None
[2026-07-29T18:54:21.891+0000] {processor.py:208} INFO - Processing /home/airflow/.local/lib/python3.12/site-packages/airflow/example_dags/example_sensors.py took 0.041 seconds
[2026-07-29T18:54:52.471+0000] {processor.py:186} INFO - Started process (PID=23891) to work on /home/airflow/.local/lib/python3.12/site-packages/airflow/example_dags/example_sensors.py
[2026-07-29T18:54:52.473+0000] {processor.py:914} INFO - Processing file /home/airflow/.local/lib/python3.12/site-packages/airflow/example_dags/example_sensors.py for tasks to queue
[2026-07-29T18:54:52.475+0000] {logging_mixin.py:190} INFO - [2026-07-29T18:54:52.474+0000] {dagbag.py:587} INFO - Filling up the DagBag from /home/airflow/.local/lib/python3.12/site-packages/airflow/example_dags/example_sensors.py
[2026-07-29T18:54:52.481+0000] {processor.py:925} INFO - DAG(s) 'example_sensors' retrieved from /home/airflow/.local/lib/python3.12/site-packages/airflow/example_dags/example_sensors.py
[2026-07-29T18:54:52.498+0000] {logging_mixin.py:190} INFO - [2026-07-29T18:54:52.498+0000] {dag.py:3211} INFO - Sync 1 DAGs
[2026-07-29T18:54:52.507+0000] {logging_mixin.py:190} INFO - [2026-07-29T18:54:52.507+0000] {dag.py:4138} INFO - Setting next_dagrun for example_sensors to None, run_after=None
[2026-07-29T18:54:52.516+0000] {processor.py:208} INFO - Processing /home/airflow/.local/lib/python3.12/site-packages/airflow/example_dags/example_sensors.py took 0.053 seconds
[2026-07-29T18:55:22.592+0000] {processor.py:186} INFO - Started process (PID=23957) to work on /home/airflow/.local/lib/python3.12/site-packages/airflow/example_dags/example_sensors.py
[2026-07-29T18:55:22.594+0000] {processor.py:914} INFO - Processing file /home/airflow/.local/lib/python3.12/site-packages/airflow/example_dags/example_sensors.py for tasks to queue
[2026-07-29T18:55:22.595+0000] {logging_mixin.py:190} INFO - [2026-07-29T18:55:22.595+0000] {dagbag.py:587} INFO - Filling up the DagBag from /home/airflow/.local/lib/python3.12/site-packages/airflow/example_dags/example_sensors.py
[2026-07-29T18:55:22.602+0000] {processor.py:925} INFO - DAG(s) 'example_sensors' retrieved from /home/airflow/.local/lib/python3.12/site-packages/airflow/example_dags/example_sensors.py
[2026-07-29T18:55:22.617+0000] {logging_mixin.py:190} INFO - [2026-07-29T18:55:22.617+0000] {dag.py:3211} INFO - Sync 1 DAGs
[2026-07-29T18:55:22.622+0000] {logging_mixin.py:190} INFO - [2026-07-29T18:55:22.622+0000] {dag.py:4138} INFO - Setting next_dagrun for example_sensors to None, run_after=None
[2026-07-29T18:55:22.635+0000] {processor.py:208} INFO - Processing /home/airflow/.local/lib/python3.12/site-packages/airflow/example_dags/example_sensors.py took 0.046 seconds
[2026-07-29T18:55:52.719+0000] {processor.py:186} INFO - Started process (PID=24023) to work on /home/airflow/.local/lib/python3.12/site-packages/airflow/example_dags/example_sensors.py
[2026-07-29T18:55:52.719+0000] {processor.py:914} INFO - Processing file /home/airflow/.local/lib/python3.12/site-packages/airflow/example_dags/example_sensors.py for tasks to queue
[2026-07-29T18:55:52.723+0000] {logging_mixin.py:190} INFO - [2026-07-29T18:55:52.723+0000] {dagbag.py:587} INFO - Filling up the DagBag from /home/airflow/.local/lib/python3.12/site-packages/airflow/example_dags/example_sensors.py
[2026-07-29T18:55:52.731+0000] {processor.py:925} INFO - DAG(s) 'example_sensors' retrieved from /home/airflow/.local/lib/python3.12/site-packages/airflow/example_dags/example_sensors.py
[2026-07-29T18:55:52.755+0000] {logging_mixin.py:190} INFO - [2026-07-29T18:55:52.755+0000] {dag.py:3211} INFO - Sync 1 DAGs
[2026-07-29T18:55:52.762+0000] {logging_mixin.py:190} INFO - [2026-07-29T18:55:52.762+0000] {dag.py:4138} INFO - Setting next_dagrun for example_sensors to None, run_after=None
[2026-07-29T18:55:52.775+0000] {processor.py:208} INFO - Processing /home/airflow/.local/lib/python3.12/site-packages/airflow/example_dags/example_sensors.py took 0.060 seconds
[2026-07-29T18:56:22.818+0000] {processor.py:186} INFO - Started process (PID=24089) to work on /home/airflow/.local/lib/python3.12/site-packages/airflow/example_dags/example_sensors.py
[2026-07-29T18:56:22.822+0000] {processor.py:914} INFO - Processing file /home/airflow/.local/lib/python3.12/site-packages/airflow/example_dags/example_sensors.py for tasks to queue
[2026-07-29T18:56:22.824+0000] {logging_mixin.py:190} INFO - [2026-07-29T18:56:22.823+0000] {dagbag.py:587} INFO - Filling up the DagBag from /home/airflow/.local/lib/python3.12/site-packages/airflow/example_dags/example_sensors.py
[2026-07-29T18:56:22.834+0000] {processor.py:925} INFO - DAG(s) 'example_sensors' retrieved from /home/airflow/.local/lib/python3.12/site-packages/airflow/example_dags/example_sensors.py
[2026-07-29T18:56:22.858+0000] {logging_mixin.py:190} INFO - [2026-07-29T18:56:22.858+0000] {dag.py:3211} INFO - Sync 1 DAGs
[2026-07-29T18:56:22.866+0000] {logging_mixin.py:190} INFO - [2026-07-29T18:56:22.866+0000] {dag.py:4138} INFO - Setting next_dagrun for example_sensors to None, run_after=None
[2026-07-29T18:56:22.882+0000] {processor.py:208} INFO - Processing /home/airflow/.local/lib/python3.12/site-packages/airflow/example_dags/example_sensors.py took 0.069 seconds
[2026-07-29T18:56:53.012+0000] {processor.py:186} INFO - Started process (PID=24155) to work on /home/airflow/.local/lib/python3.12/site-packages/airflow/example_dags/example_sensors.py
[2026-07-29T18:56:53.013+0000] {processor.py:914} INFO - Processing file /home/airflow/.local/lib/python3.12/site-packages/airflow/example_dags/example_sensors.py for tasks to queue
[2026-07-29T18:56:53.015+0000] {logging_mixin.py:190} INFO - [2026-07-29T18:56:53.015+0000] {dagbag.py:587} INFO - Filling up the DagBag from /home/airflow/.local/lib/python3.12/site-packages/airflow/example_dags/example_sensors.py
[2026-07-29T18:56:53.028+0000] {processor.py:925} INFO - DAG(s) 'example_sensors' retrieved from /home/airflow/.local/lib/python3.12/site-packages/airflow/example_dags/example_sensors.py
[2026-07-29T18:56:53.050+0000] {logging_mixin.py:190} INFO - [2026-07-29T18:56:53.050+0000] {dag.py:3211} INFO - Sync 1 DAGs
[2026-07-29T18:56:53.059+0000] {logging_mixin.py:190} INFO - [2026-07-29T18:56:53.059+0000] {dag.py:4138} INFO - Setting next_dagrun for example_sensors to None, run_after=None
[2026-07-29T18:56:53.075+0000] {processor.py:208} INFO - Processing /home/airflow/.local/lib/python3.12/site-packages/airflow/example_dags/example_sensors.py took 0.068 seconds
[2026-07-29T18:57:23.117+0000] {processor.py:186} INFO - Started process (PID=24221) to work on /home/airflow/.local/lib/python3.12/site-packages/airflow/example_dags/example_sensors.py
[2026-07-29T18:57:23.118+0000] {processor.py:914} INFO - Processing file /home/airflow/.local/lib/python3.12/site-packages/airflow/example_dags/example_sensors.py for tasks to queue
[2026-07-29T18:57:23.123+0000] {logging_mixin.py:190} INFO - [2026-07-29T18:57:23.123+0000] {dagbag.py:587} INFO - Filling up the DagBag from /home/airflow/.local/lib/python3.12/site-packages/airflow/example_dags/example_sensors.py
[2026-07-29T18:57:23.130+0000] {processor.py:925} INFO - DAG(s) 'example_sensors' retrieved from /home/airflow/.local/lib/python3.12/site-packages/airflow/example_dags/example_sensors.py
[2026-07-29T18:57:23.150+0000] {logging_mixin.py:190} INFO - [2026-07-29T18:57:23.150+0000] {dag.py:3211} INFO - Sync 1 DAGs
[2026-07-29T18:57:23.158+0000] {logging_mixin.py:190} INFO - [2026-07-29T18:57:23.158+0000] {dag.py:4138} INFO - Setting next_dagrun for example_sensors to None, run_after=None
[2026-07-29T18:57:23.171+0000] {processor.py:208} INFO - Processing /home/airflow/.local/lib/python3.12/site-packages/airflow/example_dags/example_sensors.py took 0.057 seconds
[2026-07-29T18:57:53.270+0000] {processor.py:186} INFO - Started process (PID=24287) to work on /home/airflow/.local/lib/python3.12/site-packages/airflow/example_dags/example_sensors.py
[2026-07-29T18:57:53.272+0000] {processor.py:914} INFO - Processing file /home/airflow/.local/lib/python3.12/site-packages/airflow/example_dags/example_sensors.py for tasks to queue
[2026-07-29T18:57:53.273+0000] {logging_mixin.py:190} INFO - [2026-07-29T18:57:53.273+0000] {dagbag.py:587} INFO - Filling up the DagBag from /home/airflow/.local/lib/python3.12/site-packages/airflow/example_dags/example_sensors.py
[2026-07-29T18:57:53.282+0000] {processor.py:925} INFO - DAG(s) 'example_sensors' retrieved from /home/airflow/.local/lib/python3.12/site-packages/airflow/example_dags/example_sensors.py
[2026-07-29T18:57:53.299+0000] {logging_mixin.py:190} INFO - [2026-07-29T18:57:53.299+0000] {dag.py:3211} INFO - Sync 1 DAGs
[2026-07-29T18:57:53.307+0000] {logging_mixin.py:190} INFO - [2026-07-29T18:57:53.307+0000] {dag.py:4138} INFO - Setting next_dagrun for example_sensors to None, run_after=None
[2026-07-29T18:57:53.317+0000] {processor.py:208} INFO - Processing /home/airflow/.local/lib/python3.12/site-packages/airflow/example_dags/example_sensors.py took 0.051 seconds
[2026-07-29T18:58:24.190+0000] {processor.py:186} INFO - Started process (PID=24353) to work on /home/airflow/.local/lib/python3.12/site-packages/airflow/example_dags/example_sensors.py
[2026-07-29T18:58:24.191+0000] {processor.py:914} INFO - Processing file /home/airflow/.local/lib/python3.12/site-packages/airflow/example_dags/example_sensors.py for tasks to queue
[2026-07-29T18:58:24.195+0000] {logging_mixin.py:190} INFO - [2026-07-29T18:58:24.195+0000] {dagbag.py:587} INFO - Filling up the DagBag from /home/airflow/.local/lib/python3.12/site-packages/airflow/example_dags/example_sensors.py
[2026-07-29T18:58:24.203+0000] {processor.py:925} INFO - DAG(s) 'example_sensors' retrieved from /home/airflow/.local/lib/python3.12/site-packages/airflow/example_dags/example_sensors.py
[2026-07-29T18:58:24.219+0000] {logging_mixin.py:190} INFO - [2026-07-29T18:58:24.219+0000] {dag.py:3211} INFO - Sync 1 DAGs
[2026-07-29T18:58:24.227+0000] {logging_mixin.py:190} INFO - [2026-07-29T18:58:24.227+0000] {dag.py:4138} INFO - Setting next_dagrun for example_sensors to None, run_after=None
[2026-07-29T18:58:24.238+0000] {processor.py:208} INFO - Processing /home/airflow/.local/lib/python3.12/site-packages/airflow/example_dags/example_sensors.py took 0.052 seconds
[2026-07-29T18:58:55.154+0000] {processor.py:186} INFO - Started process (PID=24419) to work on /home/airflow/.local/lib/python3.12/site-packages/airflow/example_dags/example_sensors.py
[2026-07-29T18:58:55.155+0000] {processor.py:914} INFO - Processing file /home/airflow/.local/lib/python3.12/site-packages/airflow/example_dags/example_sensors.py for tasks to queue
[2026-07-29T18:58:55.159+0000] {logging_mixin.py:190} INFO - [2026-07-29T18:58:55.158+0000] {dagbag.py:587} INFO - Filling up the DagBag from /home/airflow/.local/lib/python3.12/site-packages/airflow/example_dags/example_sensors.py
[2026-07-29T18:58:55.173+0000] {processor.py:925} INFO - DAG(s) 'example_sensors' retrieved from /home/airflow/.local/lib/python3.12/site-packages/airflow/example_dags/example_sensors.py
[2026-07-29T18:58:55.195+0000] {logging_mixin.py:190} INFO - [2026-07-29T18:58:55.194+0000] {dag.py:3211} INFO - Sync 1 DAGs
[2026-07-29T18:58:55.203+0000] {logging_mixin.py:190} INFO - [2026-07-29T18:58:55.203+0000] {dag.py:4138} INFO - Setting next_dagrun for example_sensors to None, run_after=None
[2026-07-29T18:58:55.215+0000] {processor.py:208} INFO - Processing /home/airflow/.local/lib/python3.12/site-packages/airflow/example_dags/example_sensors.py took 0.066 seconds
[2026-07-29T18:59:25.260+0000] {processor.py:186} INFO - Started process (PID=24485) to work on /home/airflow/.local/lib/python3.12/site-packages/airflow/example_dags/example_sensors.py
[2026-07-29T18:59:25.262+0000] {processor.py:914} INFO - Processing file /home/airflow/.local/lib/python3.12/site-packages/airflow/example_dags/example_sensors.py for tasks to queue
[2026-07-29T18:59:25.263+0000] {logging_mixin.py:190} INFO - [2026-07-29T18:59:25.263+0000] {dagbag.py:587} INFO - Filling up the DagBag from /home/airflow/.local/lib/python3.12/site-packages/airflow/example_dags/example_sensors.py
[2026-07-29T18:59:25.269+0000] {processor.py:925} INFO - DAG(s) 'example_sensors' retrieved from /home/airflow/.local/lib/python3.12/site-packages/airflow/example_dags/example_sensors.py
[2026-07-29T18:59:25.285+0000] {logging_mixin.py:190} INFO - [2026-07-29T18:59:25.285+0000] {dag.py:3211} INFO - Sync 1 DAGs
[2026-07-29T18:59:25.291+0000] {logging_mixin.py:190} INFO - [2026-07-29T18:59:25.291+0000] {dag.py:4138} INFO - Setting next_dagrun for example_sensors to None, run_after=None
[2026-07-29T18:59:25.304+0000] {processor.py:208} INFO - Processing /home/airflow/.local/lib/python3.12/site-packages/airflow/example_dags/example_sensors.py took 0.048 seconds
[2026-07-29T18:59:56.176+0000] {processor.py:186} INFO - Started process (PID=24551) to work on /home/airflow/.local/lib/python3.12/site-packages/airflow/example_dags/example_sensors.py
[2026-07-29T18:59:56.176+0000] {processor.py:914} INFO - Processing file /home/airflow/.local/lib/python3.12/site-packages/airflow/example_dags/example_sensors.py for tasks to queue
[2026-07-29T18:59:56.178+0000] {logging_mixin.py:190} INFO - [2026-07-29T18:59:56.178+0000] {dagbag.py:587} INFO - Filling up the DagBag from /home/airflow/.local/lib/python3.12/site-packages/airflow/example_dags/example_sensors.py
[2026-07-29T18:59:56.183+0000] {processor.py:925} INFO - DAG(s) 'example_sensors' retrieved from /home/airflow/.local/lib/python3.12/site-packages/airflow/example_dags/example_sensors.py
[2026-07-29T18:59:56.200+0000] {logging_mixin.py:190} INFO - [2026-07-29T18:59:56.200+0000] {dag.py:3211} INFO - Sync 1 DAGs
[2026-07-29T18:59:56.209+0000] {logging_mixin.py:190} INFO - [2026-07-29T18:59:56.209+0000] {dag.py:4138} INFO - Setting next_dagrun for example_sensors to None, run_after=None
[2026-07-29T18:59:56.219+0000] {processor.py:208} INFO - Processing /home/airflow/.local/lib/python3.12/site-packages/airflow/example_dags/example_sensors.py took 0.046 seconds
[2026-07-29T19:00:26.269+0000] {processor.py:186} INFO - Started process (PID=24617) to work on /home/airflow/.local/lib/python3.12/site-packages/airflow/example_dags/example_sensors.py
[2026-07-29T19:00:26.273+0000] {processor.py:914} INFO - Processing file /home/airflow/.local/lib/python3.12/site-packages/airflow/example_dags/example_sensors.py for tasks to queue
[2026-07-29T19:00:26.275+0000] {logging_mixin.py:190} INFO - [2026-07-29T19:00:26.275+0000] {dagbag.py:587} INFO - Filling up the DagBag from /home/airflow/.local/lib/python3.12/site-packages/airflow/example_dags/example_sensors.py
[2026-07-29T19:00:26.284+0000] {processor.py:925} INFO - DAG(s) 'example_sensors' retrieved from /home/airflow/.local/lib/python3.12/site-packages/airflow/example_dags/example_sensors.py
[2026-07-29T19:00:26.305+0000] {logging_mixin.py:190} INFO - [2026-07-29T19:00:26.305+0000] {dag.py:3211} INFO - Sync 1 DAGs
[2026-07-29T19:00:26.314+0000] {logging_mixin.py:190} INFO - [2026-07-29T19:00:26.314+0000] {dag.py:4138} INFO - Setting next_dagrun for example_sensors to None, run_after=None
[2026-07-29T19:00:26.325+0000] {processor.py:208} INFO - Processing /home/airflow/.local/lib/python3.12/site-packages/airflow/example_dags/example_sensors.py took 0.061 seconds
[2026-07-29T19:00:56.378+0000] {processor.py:186} INFO - Started process (PID=24683) to work on /home/airflow/.local/lib/python3.12/site-packages/airflow/example_dags/example_sensors.py
[2026-07-29T19:00:56.380+0000] {processor.py:914} INFO - Processing file /home/airflow/.local/lib/python3.12/site-packages/airflow/example_dags/example_sensors.py for tasks to queue
[2026-07-29T19:00:56.382+0000] {logging_mixin.py:190} INFO - [2026-07-29T19:00:56.382+0000] {dagbag.py:587} INFO - Filling up the DagBag from /home/airflow/.local/lib/python3.12/site-packages/airflow/example_dags/example_sensors.py
[2026-07-29T19:00:56.401+0000] {processor.py:925} INFO - DAG(s) 'example_sensors' retrieved from /home/airflow/.local/lib/python3.12/site-packages/airflow/example_dags/example_sensors.py
[2026-07-29T19:00:56.421+0000] {logging_mixin.py:190} INFO - [2026-07-29T19:00:56.421+0000] {dag.py:3211} INFO - Sync 1 DAGs
[2026-07-29T19:00:56.433+0000] {logging_mixin.py:190} INFO - [2026-07-29T19:00:56.433+0000] {dag.py:4138} INFO - Setting next_dagrun for example_sensors to None, run_after=None
[2026-07-29T19:00:56.445+0000] {processor.py:208} INFO - Processing /home/airflow/.local/lib/python3.12/site-packages/airflow/example_dags/example_sensors.py took 0.073 seconds
[2026-07-29T19:01:26.569+0000] {processor.py:186} INFO - Started process (PID=24749) to work on /home/airflow/.local/lib/python3.12/site-packages/airflow/example_dags/example_sensors.py
[2026-07-29T19:01:26.570+0000] {processor.py:914} INFO - Processing file /home/airflow/.local/lib/python3.12/site-packages/airflow/example_dags/example_sensors.py for tasks to queue
[2026-07-29T19:01:26.574+0000] {logging_mixin.py:190} INFO - [2026-07-29T19:01:26.574+0000] {dagbag.py:587} INFO - Filling up the DagBag from /home/airflow/.local/lib/python3.12/site-packages/airflow/example_dags/example_sensors.py
[2026-07-29T19:01:26.584+0000] {processor.py:925} INFO - DAG(s) 'example_sensors' retrieved from /home/airflow/.local/lib/python3.12/site-packages/airflow/example_dags/example_sensors.py
[2026-07-29T19:01:26.598+0000] {logging_mixin.py:190} INFO - [2026-07-29T19:01:26.598+0000] {dag.py:3211} INFO - Sync 1 DAGs
[2026-07-29T19:01:26.605+0000] {logging_mixin.py:190} INFO - [2026-07-29T19:01:26.604+0000] {dag.py:4138} INFO - Setting next_dagrun for example_sensors to None, run_after=None
[2026-07-29T19:01:26.615+0000] {processor.py:208} INFO - Processing /home/airflow/.local/lib/python3.12/site-packages/airflow/example_dags/example_sensors.py took 0.049 seconds
[2026-07-29T19:01:57.500+0000] {processor.py:186} INFO - Started process (PID=24815) to work on /home/airflow/.local/lib/python3.12/site-packages/airflow/example_dags/example_sensors.py
[2026-07-29T19:01:57.501+0000] {processor.py:914} INFO - Processing file /home/airflow/.local/lib/python3.12/site-packages/airflow/example_dags/example_sensors.py for tasks to queue
[2026-07-29T19:01:57.503+0000] {logging_mixin.py:190} INFO - [2026-07-29T19:01:57.503+0000] {dagbag.py:587} INFO - Filling up the DagBag from /home/airflow/.local/lib/python3.12/site-packages/airflow/example_dags/example_sensors.py
[2026-07-29T19:01:57.511+0000] {processor.py:925} INFO - DAG(s) 'example_sensors' retrieved from /home/airflow/.local/lib/python3.12/site-packages/airflow/example_dags/example_sensors.py
[2026-07-29T19:01:57.532+0000] {logging_mixin.py:190} INFO - [2026-07-29T19:01:57.532+0000] {dag.py:3211} INFO - Sync 1 DAGs
[2026-07-29T19:01:57.543+0000] {logging_mixin.py:190} INFO - [2026-07-29T19:01:57.543+0000] {dag.py:4138} INFO - Setting next_dagrun for example_sensors to None, run_after=None
[2026-07-29T19:01:57.559+0000] {processor.py:208} INFO - Processing /home/airflow/.local/lib/python3.12/site-packages/airflow/example_dags/example_sensors.py took 0.064 seconds
[2026-07-29T19:02:28.499+0000] {processor.py:186} INFO - Started process (PID=24881) to work on /home/airflow/.local/lib/python3.12/site-packages/airflow/example_dags/example_sensors.py
[2026-07-29T19:02:28.502+0000] {processor.py:914} INFO - Processing file /home/airflow/.local/lib/python3.12/site-packages/airflow/example_dags/example_sensors.py for tasks to queue
[2026-07-29T19:02:28.503+0000] {logging_mixin.py:190} INFO - [2026-07-29T19:02:28.503+0000] {dagbag.py:587} INFO - Filling up the DagBag from /home/airflow/.local/lib/python3.12/site-packages/airflow/example_dags/example_sensors.py
[2026-07-29T19:02:28.510+0000] {processor.py:925} INFO - DAG(s) 'example_sensors' retrieved from /home/airflow/.local/lib/python3.12/site-packages/airflow/example_dags/example_sensors.py
[2026-07-29T19:02:28.528+0000] {logging_mixin.py:190} INFO - [2026-07-29T19:02:28.527+0000] {dag.py:3211} INFO - Sync 1 DAGs
[2026-07-29T19:02:28.533+0000] {logging_mixin.py:190} INFO - [2026-07-29T19:02:28.533+0000] {dag.py:4138} INFO - Setting next_dagrun for example_sensors to None, run_after=None
[2026-07-29T19:02:28.546+0000] {processor.py:208} INFO - Processing /home/airflow/.local/lib/python3.12/site-packages/airflow/example_dags/example_sensors.py took 0.050 seconds
[2026-07-29T19:02:59.413+0000] {processor.py:186} INFO - Started process (PID=24948) to work on /home/airflow/.local/lib/python3.12/site-packages/airflow/example_dags/example_sensors.py
[2026-07-29T19:02:59.415+0000] {processor.py:914} INFO - Processing file /home/airflow/.local/lib/python3.12/site-packages/airflow/example_dags/example_sensors.py for tasks to queue
[2026-07-29T19:02:59.417+0000] {logging_mixin.py:190} INFO - [2026-07-29T19:02:59.417+0000] {dagbag.py:587} INFO - Filling up the DagBag from /home/airflow/.local/lib/python3.12/site-packages/airflow/example_dags/example_sensors.py
[2026-07-29T19:02:59.426+0000] {processor.py:925} INFO - DAG(s) 'example_sensors' retrieved from /home/airflow/.local/lib/python3.12/site-packages/airflow/example_dags/example_sensors.py
[2026-07-29T19:02:59.442+0000] {logging_mixin.py:190} INFO - [2026-07-29T19:02:59.442+0000] {dag.py:3211} INFO - Sync 1 DAGs
[2026-07-29T19:02:59.448+0000] {logging_mixin.py:190} INFO - [2026-07-29T19:02:59.448+0000] {dag.py:4138} INFO - Setting next_dagrun for example_sensors to None, run_after=None
[2026-07-29T19:02:59.459+0000] {processor.py:208} INFO - Processing /home/airflow/.local/lib/python3.12/site-packages/airflow/example_dags/example_sensors.py took 0.051 seconds
[2026-07-29T19:03:29.717+0000] {processor.py:186} INFO - Started process (PID=25014) to work on /home/airflow/.local/lib/python3.12/site-packages/airflow/example_dags/example_sensors.py
[2026-07-29T19:03:29.718+0000] {processor.py:914} INFO - Processing file /home/airflow/.local/lib/python3.12/site-packages/airflow/example_dags/example_sensors.py for tasks to queue
[2026-07-29T19:03:29.721+0000] {logging_mixin.py:190} INFO - [2026-07-29T19:03:29.721+0000] {dagbag.py:587} INFO - Filling up the DagBag from /home/airflow/.local/lib/python3.12/site-packages/airflow/example_dags/example_sensors.py
[2026-07-29T19:03:29.730+0000] {processor.py:925} INFO - DAG(s) 'example_sensors' retrieved from /home/airflow/.local/lib/python3.12/site-packages/airflow/example_dags/example_sensors.py
[2026-07-29T19:03:29.750+0000] {logging_mixin.py:190} INFO - [2026-07-29T19:03:29.750+0000] {dag.py:3211} INFO - Sync 1 DAGs
[2026-07-29T19:03:29.760+0000] {logging_mixin.py:190} INFO - [2026-07-29T19:03:29.760+0000] {dag.py:4138} INFO - Setting next_dagrun for example_sensors to None, run_after=None
[2026-07-29T19:03:29.769+0000] {processor.py:208} INFO - Processing /home/airflow/.local/lib/python3.12/site-packages/airflow/example_dags/example_sensors.py took 0.056 seconds
[2026-07-29T19:04:04.501+0000] {processor.py:186} INFO - Started process (PID=25086) to work on /home/airflow/.local/lib/python3.12/site-packages/airflow/example_dags/example_sensors.py
[2026-07-29T19:04:04.502+0000] {processor.py:914} INFO - Processing file /home/airflow/.local/lib/python3.12/site-packages/airflow/example_dags/example_sensors.py for tasks to queue
[2026-07-29T19:04:04.504+0000] {logging_mixin.py:190} INFO - [2026-07-29T19:04:04.504+0000] {dagbag.py:587} INFO - Filling up the DagBag from /home/airflow/.local/lib/python3.12/site-packages/airflow/example_dags/example_sensors.py
[2026-07-29T19:04:04.513+0000] {processor.py:925} INFO - DAG(s) 'example_sensors' retrieved from /home/airflow/.local/lib/python3.12/site-packages/airflow/example_dags/example_sensors.py
[2026-07-29T19:04:04.534+0000] {logging_mixin.py:190} INFO - [2026-07-29T19:04:04.534+0000] {dag.py:3211} INFO - Sync 1 DAGs
[2026-07-29T19:04:04.545+0000] {logging_mixin.py:190} INFO - [2026-07-29T19:04:04.545+0000] {dag.py:4138} INFO - Setting next_dagrun for example_sensors to None, run_after=None
[2026-07-29T19:04:04.560+0000] {processor.py:208} INFO - Processing /home/airflow/.local/lib/python3.12/site-packages/airflow/example_dags/example_sensors.py took 0.063 seconds
[2026-07-29T19:04:34.723+0000] {processor.py:186} INFO - Started process (PID=25152) to work on /home/airflow/.local/lib/python3.12/site-packages/airflow/example_dags/example_sensors.py
[2026-07-29T19:04:34.726+0000] {processor.py:914} INFO - Processing file /home/airflow/.local/lib/python3.12/site-packages/airflow/example_dags/example_sensors.py for tasks to queue
[2026-07-29T19:04:34.729+0000] {logging_mixin.py:190} INFO - [2026-07-29T19:04:34.729+0000] {dagbag.py:587} INFO - Filling up the DagBag from /home/airflow/.local/lib/python3.12/site-packages/airflow/example_dags/example_sensors.py
[2026-07-29T19:04:34.738+0000] {processor.py:925} INFO - DAG(s) 'example_sensors' retrieved from /home/airflow/.local/lib/python3.12/site-packages/airflow/example_dags/example_sensors.py
[2026-07-29T19:04:34.754+0000] {logging_mixin.py:190} INFO - [2026-07-29T19:04:34.754+0000] {dag.py:3211} INFO - Sync 1 DAGs
[2026-07-29T19:04:34.763+0000] {logging_mixin.py:190} INFO - [2026-07-29T19:04:34.763+0000] {dag.py:4138} INFO - Setting next_dagrun for example_sensors to None, run_after=None
[2026-07-29T19:04:34.773+0000] {processor.py:208} INFO - Processing /home/airflow/.local/lib/python3.12/site-packages/airflow/example_dags/example_sensors.py took 0.056 seconds
[2026-07-29T19:05:04.837+0000] {processor.py:186} INFO - Started process (PID=25218) to work on /home/airflow/.local/lib/python3.12/site-packages/airflow/example_dags/example_sensors.py
[2026-07-29T19:05:04.838+0000] {processor.py:914} INFO - Processing file /home/airflow/.local/lib/python3.12/site-packages/airflow/example_dags/example_sensors.py for tasks to queue
[2026-07-29T19:05:04.842+0000] {logging_mixin.py:190} INFO - [2026-07-29T19:05:04.841+0000] {dagbag.py:587} INFO - Filling up the DagBag from /home/airflow/.local/lib/python3.12/site-packages/airflow/example_dags/example_sensors.py
[2026-07-29T19:05:04.854+0000] {processor.py:925} INFO - DAG(s) 'example_sensors' retrieved from /home/airflow/.local/lib/python3.12/site-packages/airflow/example_dags/example_sensors.py
[2026-07-29T19:05:04.874+0000] {logging_mixin.py:190} INFO - [2026-07-29T19:05:04.873+0000] {dag.py:3211} INFO - Sync 1 DAGs
[2026-07-29T19:05:04.885+0000] {logging_mixin.py:190} INFO - [2026-07-29T19:05:04.884+0000] {dag.py:4138} INFO - Setting next_dagrun for example_sensors to None, run_after=None
[2026-07-29T19:05:04.899+0000] {processor.py:208} INFO - Processing /home/airflow/.local/lib/python3.12/site-packages/airflow/example_dags/example_sensors.py took 0.067 seconds
[2026-07-29T19:05:34.966+0000] {processor.py:186} INFO - Started process (PID=25284) to work on /home/airflow/.local/lib/python3.12/site-packages/airflow/example_dags/example_sensors.py
[2026-07-29T19:05:34.970+0000] {processor.py:914} INFO - Processing file /home/airflow/.local/lib/python3.12/site-packages/airflow/example_dags/example_sensors.py for tasks to queue
[2026-07-29T19:05:34.972+0000] {logging_mixin.py:190} INFO - [2026-07-29T19:05:34.972+0000] {dagbag.py:587} INFO - Filling up the DagBag from /home/airflow/.local/lib/python3.12/site-packages/airflow/example_dags/example_sensors.py
[2026-07-29T19:05:34.981+0000] {processor.py:925} INFO - DAG(s) 'example_sensors' retrieved from /home/airflow/.local/lib/python3.12/site-packages/airflow/example_dags/example_sensors.py
[2026-07-29T19:05:35.005+0000] {logging_mixin.py:190} INFO - [2026-07-29T19:05:35.005+0000] {dag.py:3211} INFO - Sync 1 DAGs
[2026-07-29T19:05:35.013+0000] {logging_mixin.py:190} INFO - [2026-07-29T19:05:35.013+0000] {dag.py:4138} INFO - Setting next_dagrun for example_sensors to None, run_after=None
[2026-07-29T19:05:35.023+0000] {processor.py:208} INFO - Processing /home/airflow/.local/lib/python3.12/site-packages/airflow/example_dags/example_sensors.py took 0.064 seconds
[2026-07-29T19:06:05.098+0000] {processor.py:186} INFO - Started process (PID=25350) to work on /home/airflow/.local/lib/python3.12/site-packages/airflow/example_dags/example_sensors.py
[2026-07-29T19:06:05.100+0000] {processor.py:914} INFO - Processing file /home/airflow/.local/lib/python3.12/site-packages/airflow/example_dags/example_sensors.py for tasks to queue
[2026-07-29T19:06:05.106+0000] {logging_mixin.py:190} INFO - [2026-07-29T19:06:05.105+0000] {dagbag.py:587} INFO - Filling up the DagBag from /home/airflow/.local/lib/python3.12/site-packages/airflow/example_dags/example_sensors.py
[2026-07-29T19:06:05.121+0000] {processor.py:925} INFO - DAG(s) 'example_sensors' retrieved from /home/airflow/.local/lib/python3.12/site-packages/airflow/example_dags/example_sensors.py
[2026-07-29T19:06:05.144+0000] {logging_mixin.py:190} INFO - [2026-07-29T19:06:05.144+0000] {dag.py:3211} INFO - Sync 1 DAGs
[2026-07-29T19:06:05.154+0000] {logging_mixin.py:190} INFO - [2026-07-29T19:06:05.154+0000] {dag.py:4138} INFO - Setting next_dagrun for example_sensors to None, run_after=None
[2026-07-29T19:06:05.166+0000] {processor.py:208} INFO - Processing /home/airflow/.local/lib/python3.12/site-packages/airflow/example_dags/example_sensors.py took 0.073 seconds
[2026-07-29T19:06:35.375+0000] {processor.py:186} INFO - Started process (PID=25416) to work on /home/airflow/.local/lib/python3.12/site-packages/airflow/example_dags/example_sensors.py
[2026-07-29T19:06:35.378+0000] {processor.py:914} INFO - Processing file /home/airflow/.local/lib/python3.12/site-packages/airflow/example_dags/example_sensors.py for tasks to queue
[2026-07-29T19:06:35.380+0000] {logging_mixin.py:190} INFO - [2026-07-29T19:06:35.380+0000] {dagbag.py:587} INFO - Filling up the DagBag from /home/airflow/.local/lib/python3.12/site-packages/airflow/example_dags/example_sensors.py
[2026-07-29T19:06:35.389+0000] {processor.py:925} INFO - DAG(s) 'example_sensors' retrieved from /home/airflow/.local/lib/python3.12/site-packages/airflow/example_dags/example_sensors.py
[2026-07-29T19:06:35.407+0000] {logging_mixin.py:190} INFO - [2026-07-29T19:06:35.407+0000] {dag.py:3211} INFO - Sync 1 DAGs
[2026-07-29T19:06:35.416+0000] {logging_mixin.py:190} INFO - [2026-07-29T19:06:35.416+0000] {dag.py:4138} INFO - Setting next_dagrun for example_sensors to None, run_after=None
[2026-07-29T19:06:35.426+0000] {processor.py:208} INFO - Processing /home/airflow/.local/lib/python3.12/site-packages/airflow/example_dags/example_sensors.py took 0.056 seconds
[2026-07-29T19:07:06.295+0000] {processor.py:186} INFO - Started process (PID=25482) to work on /home/airflow/.local/lib/python3.12/site-packages/airflow/example_dags/example_sensors.py
[2026-07-29T19:07:06.296+0000] {processor.py:914} INFO - Processing file /home/airflow/.local/lib/python3.12/site-packages/airflow/example_dags/example_sensors.py for tasks to queue
[2026-07-29T19:07:06.298+0000] {logging_mixin.py:190} INFO - [2026-07-29T19:07:06.298+0000] {dagbag.py:587} INFO - Filling up the DagBag from /home/airflow/.local/lib/python3.12/site-packages/airflow/example_dags/example_sensors.py
[2026-07-29T19:07:06.310+0000] {processor.py:925} INFO - DAG(s) 'example_sensors' retrieved from /home/airflow/.local/lib/python3.12/site-packages/airflow/example_dags/example_sensors.py
[2026-07-29T19:07:06.333+0000] {logging_mixin.py:190} INFO - [2026-07-29T19:07:06.333+0000] {dag.py:3211} INFO - Sync 1 DAGs
[2026-07-29T19:07:06.342+0000] {logging_mixin.py:190} INFO - [2026-07-29T19:07:06.342+0000] {dag.py:4138} INFO - Setting next_dagrun for example_sensors to None, run_after=None
[2026-07-29T19:07:06.356+0000] {processor.py:208} INFO - Processing /home/airflow/.local/lib/python3.12/site-packages/airflow/example_dags/example_sensors.py took 0.066 seconds
[2026-07-29T19:07:36.416+0000] {processor.py:186} INFO - Started process (PID=25548) to work on /home/airflow/.local/lib/python3.12/site-packages/airflow/example_dags/example_sensors.py
[2026-07-29T19:07:36.418+0000] {processor.py:914} INFO - Processing file /home/airflow/.local/lib/python3.12/site-packages/airflow/example_dags/example_sensors.py for tasks to queue
[2026-07-29T19:07:36.419+0000] {logging_mixin.py:190} INFO - [2026-07-29T19:07:36.419+0000] {dagbag.py:587} INFO - Filling up the DagBag from /home/airflow/.local/lib/python3.12/site-packages/airflow/example_dags/example_sensors.py
[2026-07-29T19:07:36.425+0000] {processor.py:925} INFO - DAG(s) 'example_sensors' retrieved from /home/airflow/.local/lib/python3.12/site-packages/airflow/example_dags/example_sensors.py
[2026-07-29T19:07:36.443+0000] {logging_mixin.py:190} INFO - [2026-07-29T19:07:36.443+0000] {dag.py:3211} INFO - Sync 1 DAGs
[2026-07-29T19:07:36.451+0000] {logging_mixin.py:190} INFO - [2026-07-29T19:07:36.451+0000] {dag.py:4138} INFO - Setting next_dagrun for example_sensors to None, run_after=None
[2026-07-29T19:07:36.463+0000] {processor.py:208} INFO - Processing /home/airflow/.local/lib/python3.12/site-packages/airflow/example_dags/example_sensors.py took 0.051 seconds
[2026-07-29T19:08:07.379+0000] {processor.py:186} INFO - Started process (PID=25614) to work on /home/airflow/.local/lib/python3.12/site-packages/airflow/example_dags/example_sensors.py
[2026-07-29T19:08:07.379+0000] {processor.py:914} INFO - Processing file /home/airflow/.local/lib/python3.12/site-packages/airflow/example_dags/example_sensors.py for tasks to queue
[2026-07-29T19:08:07.383+0000] {logging_mixin.py:190} INFO - [2026-07-29T19:08:07.382+0000] {dagbag.py:587} INFO - Filling up the DagBag from /home/airflow/.local/lib/python3.12/site-packages/airflow/example_dags/example_sensors.py
[2026-07-29T19:08:07.390+0000] {processor.py:925} INFO - DAG(s) 'example_sensors' retrieved from /home/airflow/.local/lib/python3.12/site-packages/airflow/example_dags/example_sensors.py
[2026-07-29T19:08:07.411+0000] {logging_mixin.py:190} INFO - [2026-07-29T19:08:07.411+0000] {dag.py:3211} INFO - Sync 1 DAGs
[2026-07-29T19:08:07.421+0000] {logging_mixin.py:190} INFO - [2026-07-29T19:08:07.421+0000] {dag.py:4138} INFO - Setting next_dagrun for example_sensors to None, run_after=None
[2026-07-29T19:08:07.430+0000] {processor.py:208} INFO - Processing /home/airflow/.local/lib/python3.12/site-packages/airflow/example_dags/example_sensors.py took 0.055 seconds
[2026-07-29T19:08:38.347+0000] {processor.py:186} INFO - Started process (PID=25680) to work on /home/airflow/.local/lib/python3.12/site-packages/airflow/example_dags/example_sensors.py
[2026-07-29T19:08:38.352+0000] {processor.py:914} INFO - Processing file /home/airflow/.local/lib/python3.12/site-packages/airflow/example_dags/example_sensors.py for tasks to queue
[2026-07-29T19:08:38.354+0000] {logging_mixin.py:190} INFO - [2026-07-29T19:08:38.354+0000] {dagbag.py:587} INFO - Filling up the DagBag from /home/airflow/.local/lib/python3.12/site-packages/airflow/example_dags/example_sensors.py
[2026-07-29T19:08:38.369+0000] {processor.py:925} INFO - DAG(s) 'example_sensors' retrieved from /home/airflow/.local/lib/python3.12/site-packages/airflow/example_dags/example_sensors.py
[2026-07-29T19:08:38.397+0000] {logging_mixin.py:190} INFO - [2026-07-29T19:08:38.397+0000] {dag.py:3211} INFO - Sync 1 DAGs
[2026-07-29T19:08:38.406+0000] {logging_mixin.py:190} INFO - [2026-07-29T19:08:38.405+0000] {dag.py:4138} INFO - Setting next_dagrun for example_sensors to None, run_after=None
[2026-07-29T19:08:38.421+0000] {processor.py:208} INFO - Processing /home/airflow/.local/lib/python3.12/site-packages/airflow/example_dags/example_sensors.py took 0.083 seconds
[2026-07-29T19:09:09.436+0000] {processor.py:186} INFO - Started process (PID=25746) to work on /home/airflow/.local/lib/python3.12/site-packages/airflow/example_dags/example_sensors.py
[2026-07-29T19:09:09.437+0000] {processor.py:914} INFO - Processing file /home/airflow/.local/lib/python3.12/site-packages/airflow/example_dags/example_sensors.py for tasks to queue
[2026-07-29T19:09:09.439+0000] {logging_mixin.py:190} INFO - [2026-07-29T19:09:09.438+0000] {dagbag.py:587} INFO - Filling up the DagBag from /home/airflow/.local/lib/python3.12/site-packages/airflow/example_dags/example_sensors.py
[2026-07-29T19:09:09.446+0000] {processor.py:925} INFO - DAG(s) 'example_sensors' retrieved from /home/airflow/.local/lib/python3.12/site-packages/airflow/example_dags/example_sensors.py
[2026-07-29T19:09:09.472+0000] {logging_mixin.py:190} INFO - [2026-07-29T19:09:09.472+0000] {dag.py:3211} INFO - Sync 1 DAGs
[2026-07-29T19:09:09.483+0000] {logging_mixin.py:190} INFO - [2026-07-29T19:09:09.483+0000] {dag.py:4138} INFO - Setting next_dagrun for example_sensors to None, run_after=None
[2026-07-29T19:09:09.496+0000] {processor.py:208} INFO - Processing /home/airflow/.local/lib/python3.12/site-packages/airflow/example_dags/example_sensors.py took 0.066 seconds
[2026-07-29T19:09:39.574+0000] {processor.py:186} INFO - Started process (PID=25812) to work on /home/airflow/.local/lib/python3.12/site-packages/airflow/example_dags/example_sensors.py
[2026-07-29T19:09:39.574+0000] {processor.py:914} INFO - Processing file /home/airflow/.local/lib/python3.12/site-packages/airflow/example_dags/example_sensors.py for tasks to queue
[2026-07-29T19:09:39.575+0000] {logging_mixin.py:190} INFO - [2026-07-29T19:09:39.575+0000] {dagbag.py:587} INFO - Filling up the DagBag from /home/airflow/.local/lib/python3.12/site-packages/airflow/example_dags/example_sensors.py
[2026-07-29T19:09:39.581+0000] {processor.py:925} INFO - DAG(s) 'example_sensors' retrieved from /home/airflow/.local/lib/python3.12/site-packages/airflow/example_dags/example_sensors.py
[2026-07-29T19:09:39.592+0000] {logging_mixin.py:190} INFO - [2026-07-29T19:09:39.592+0000] {dag.py:3211} INFO - Sync 1 DAGs
[2026-07-29T19:09:39.598+0000] {logging_mixin.py:190} INFO - [2026-07-29T19:09:39.597+0000] {dag.py:4138} INFO - Setting next_dagrun for example_sensors to None, run_after=None
[2026-07-29T19:09:39.606+0000] {processor.py:208} INFO - Processing /home/airflow/.local/lib/python3.12/site-packages/airflow/example_dags/example_sensors.py took 0.036 seconds
[2026-07-29T19:10:09.664+0000] {processor.py:186} INFO - Started process (PID=25878) to work on /home/airflow/.local/lib/python3.12/site-packages/airflow/example_dags/example_sensors.py
[2026-07-29T19:10:09.666+0000] {processor.py:914} INFO - Processing file /home/airflow/.local/lib/python3.12/site-packages/airflow/example_dags/example_sensors.py for tasks to queue
[2026-07-29T19:10:09.671+0000] {logging_mixin.py:190} INFO - [2026-07-29T19:10:09.671+0000] {dagbag.py:587} INFO - Filling up the DagBag from /home/airflow/.local/lib/python3.12/site-packages/airflow/example_dags/example_sensors.py
[2026-07-29T19:10:09.686+0000] {processor.py:925} INFO - DAG(s) 'example_sensors' retrieved from /home/airflow/.local/lib/python3.12/site-packages/airflow/example_dags/example_sensors.py
[2026-07-29T19:10:09.714+0000] {logging_mixin.py:190} INFO - [2026-07-29T19:10:09.714+0000] {dag.py:3211} INFO - Sync 1 DAGs
[2026-07-29T19:10:09.723+0000] {logging_mixin.py:190} INFO - [2026-07-29T19:10:09.723+0000] {dag.py:4138} INFO - Setting next_dagrun for example_sensors to None, run_after=None
[2026-07-29T19:10:09.741+0000] {processor.py:208} INFO - Processing /home/airflow/.local/lib/python3.12/site-packages/airflow/example_dags/example_sensors.py took 0.084 seconds
[2026-07-29T19:10:39.805+0000] {processor.py:186} INFO - Started process (PID=25944) to work on /home/airflow/.local/lib/python3.12/site-packages/airflow/example_dags/example_sensors.py
[2026-07-29T19:10:39.806+0000] {processor.py:914} INFO - Processing file /home/airflow/.local/lib/python3.12/site-packages/airflow/example_dags/example_sensors.py for tasks to queue
[2026-07-29T19:10:39.808+0000] {logging_mixin.py:190} INFO - [2026-07-29T19:10:39.808+0000] {dagbag.py:587} INFO - Filling up the DagBag from /home/airflow/.local/lib/python3.12/site-packages/airflow/example_dags/example_sensors.py
[2026-07-29T19:10:39.820+0000] {processor.py:925} INFO - DAG(s) 'example_sensors' retrieved from /home/airflow/.local/lib/python3.12/site-packages/airflow/example_dags/example_sensors.py
[2026-07-29T19:10:39.836+0000] {logging_mixin.py:190} INFO - [2026-07-29T19:10:39.835+0000] {dag.py:3211} INFO - Sync 1 DAGs
[2026-07-29T19:10:39.845+0000] {logging_mixin.py:190} INFO - [2026-07-29T19:10:39.845+0000] {dag.py:4138} INFO - Setting next_dagrun for example_sensors to None, run_after=None
[2026-07-29T19:10:39.857+0000] {processor.py:208} INFO - Processing /home/airflow/.local/lib/python3.12/site-packages/airflow/example_dags/example_sensors.py took 0.058 seconds
[2026-07-29T19:11:09.974+0000] {processor.py:186} INFO - Started process (PID=26010) to work on /home/airflow/.local/lib/python3.12/site-packages/airflow/example_dags/example_sensors.py
[2026-07-29T19:11:09.976+0000] {processor.py:914} INFO - Processing file /home/airflow/.local/lib/python3.12/site-packages/airflow/example_dags/example_sensors.py for tasks to queue
[2026-07-29T19:11:09.978+0000] {logging_mixin.py:190} INFO - [2026-07-29T19:11:09.978+0000] {dagbag.py:587} INFO - Filling up the DagBag from /home/airflow/.local/lib/python3.12/site-packages/airflow/example_dags/example_sensors.py
[2026-07-29T19:11:09.990+0000] {processor.py:925} INFO - DAG(s) 'example_sensors' retrieved from /home/airflow/.local/lib/python3.12/site-packages/airflow/example_dags/example_sensors.py
[2026-07-29T19:11:10.011+0000] {logging_mixin.py:190} INFO - [2026-07-29T19:11:10.011+0000] {dag.py:3211} INFO - Sync 1 DAGs
[2026-07-29T19:11:10.019+0000] {logging_mixin.py:190} INFO - [2026-07-29T19:11:10.019+0000] {dag.py:4138} INFO - Setting next_dagrun for example_sensors to None, run_after=None
[2026-07-29T19:11:10.032+0000] {processor.py:208} INFO - Processing /home/airflow/.local/lib/python3.12/site-packages/airflow/example_dags/example_sensors.py took 0.062 seconds
[2026-07-29T19:11:40.895+0000] {processor.py:186} INFO - Started process (PID=26076) to work on /home/airflow/.local/lib/python3.12/site-packages/airflow/example_dags/example_sensors.py
[2026-07-29T19:11:40.898+0000] {processor.py:914} INFO - Processing file /home/airflow/.local/lib/python3.12/site-packages/airflow/example_dags/example_sensors.py for tasks to queue
[2026-07-29T19:11:40.899+0000] {logging_mixin.py:190} INFO - [2026-07-29T19:11:40.899+0000] {dagbag.py:587} INFO - Filling up the DagBag from /home/airflow/.local/lib/python3.12/site-packages/airflow/example_dags/example_sensors.py
[2026-07-29T19:11:40.909+0000] {processor.py:925} INFO - DAG(s) 'example_sensors' retrieved from /home/airflow/.local/lib/python3.12/site-packages/airflow/example_dags/example_sensors.py
[2026-07-29T19:11:40.929+0000] {logging_mixin.py:190} INFO - [2026-07-29T19:11:40.929+0000] {dag.py:3211} INFO - Sync 1 DAGs
[2026-07-29T19:11:40.939+0000] {logging_mixin.py:190} INFO - [2026-07-29T19:11:40.938+0000] {dag.py:4138} INFO - Setting next_dagrun for example_sensors to None, run_after=None
[2026-07-29T19:11:40.953+0000] {processor.py:208} INFO - Processing /home/airflow/.local/lib/python3.12/site-packages/airflow/example_dags/example_sensors.py took 0.062 seconds
[2026-07-29T19:12:11.014+0000] {processor.py:186} INFO - Started process (PID=26142) to work on /home/airflow/.local/lib/python3.12/site-packages/airflow/example_dags/example_sensors.py
[2026-07-29T19:12:11.017+0000] {processor.py:914} INFO - Processing file /home/airflow/.local/lib/python3.12/site-packages/airflow/example_dags/example_sensors.py for tasks to queue
[2026-07-29T19:12:11.021+0000] {logging_mixin.py:190} INFO - [2026-07-29T19:12:11.020+0000] {dagbag.py:587} INFO - Filling up the DagBag from /home/airflow/.local/lib/python3.12/site-packages/airflow/example_dags/example_sensors.py
[2026-07-29T19:12:11.030+0000] {processor.py:925} INFO - DAG(s) 'example_sensors' retrieved from /home/airflow/.local/lib/python3.12/site-packages/airflow/example_dags/example_sensors.py
[2026-07-29T19:12:11.049+0000] {logging_mixin.py:190} INFO - [2026-07-29T19:12:11.049+0000] {dag.py:3211} INFO - Sync 1 DAGs
[2026-07-29T19:12:11.059+0000] {logging_mixin.py:190} INFO - [2026-07-29T19:12:11.058+0000] {dag.py:4138} INFO - Setting next_dagrun for example_sensors to None, run_after=None
[2026-07-29T19:12:11.069+0000] {processor.py:208} INFO - Processing /home/airflow/.local/lib/python3.12/site-packages/airflow/example_dags/example_sensors.py took 0.058 seconds
[2026-07-29T19:12:41.997+0000] {processor.py:186} INFO - Started process (PID=26208) to work on /home/airflow/.local/lib/python3.12/site-packages/airflow/example_dags/example_sensors.py
[2026-07-29T19:12:41.998+0000] {processor.py:914} INFO - Processing file /home/airflow/.local/lib/python3.12/site-packages/airflow/example_dags/example_sensors.py for tasks to queue
[2026-07-29T19:12:42.000+0000] {logging_mixin.py:190} INFO - [2026-07-29T19:12:42.000+0000] {dagbag.py:587} INFO - Filling up the DagBag from /home/airflow/.local/lib/python3.12/site-packages/airflow/example_dags/example_sensors.py
[2026-07-29T19:12:42.007+0000] {processor.py:925} INFO - DAG(s) 'example_sensors' retrieved from /home/airflow/.local/lib/python3.12/site-packages/airflow/example_dags/example_sensors.py
[2026-07-29T19:12:42.024+0000] {logging_mixin.py:190} INFO - [2026-07-29T19:12:42.024+0000] {dag.py:3211} INFO - Sync 1 DAGs
[2026-07-29T19:12:42.030+0000] {logging_mixin.py:190} INFO - [2026-07-29T19:12:42.030+0000] {dag.py:4138} INFO - Setting next_dagrun for example_sensors to None, run_after=None
[2026-07-29T19:12:42.040+0000] {processor.py:208} INFO - Processing /home/airflow/.local/lib/python3.12/site-packages/airflow/example_dags/example_sensors.py took 0.047 seconds
[2026-07-29T19:13:12.893+0000] {processor.py:186} INFO - Started process (PID=26274) to work on /home/airflow/.local/lib/python3.12/site-packages/airflow/example_dags/example_sensors.py
[2026-07-29T19:13:12.895+0000] {processor.py:914} INFO - Processing file /home/airflow/.local/lib/python3.12/site-packages/airflow/example_dags/example_sensors.py for tasks to queue
[2026-07-29T19:13:12.896+0000] {logging_mixin.py:190} INFO - [2026-07-29T19:13:12.896+0000] {dagbag.py:587} INFO - Filling up the DagBag from /home/airflow/.local/lib/python3.12/site-packages/airflow/example_dags/example_sensors.py
[2026-07-29T19:13:12.902+0000] {processor.py:925} INFO - DAG(s) 'example_sensors' retrieved from /home/airflow/.local/lib/python3.12/site-packages/airflow/example_dags/example_sensors.py
[2026-07-29T19:13:12.920+0000] {logging_mixin.py:190} INFO - [2026-07-29T19:13:12.920+0000] {dag.py:3211} INFO - Sync 1 DAGs
[2026-07-29T19:13:12.929+0000] {logging_mixin.py:190} INFO - [2026-07-29T19:13:12.929+0000] {dag.py:4138} INFO - Setting next_dagrun for example_sensors to None, run_after=None
[2026-07-29T19:13:12.939+0000] {processor.py:208} INFO - Processing /home/airflow/.local/lib/python3.12/site-packages/airflow/example_dags/example_sensors.py took 0.050 seconds
[2026-07-29T19:13:43.889+0000] {processor.py:186} INFO - Started process (PID=26339) to work on /home/airflow/.local/lib/python3.12/site-packages/airflow/example_dags/example_sensors.py
[2026-07-29T19:13:43.890+0000] {processor.py:914} INFO - Processing file /home/airflow/.local/lib/python3.12/site-packages/airflow/example_dags/example_sensors.py for tasks to queue
[2026-07-29T19:13:43.894+0000] {logging_mixin.py:190} INFO - [2026-07-29T19:13:43.894+0000] {dagbag.py:587} INFO - Filling up the DagBag from /home/airflow/.local/lib/python3.12/site-packages/airflow/example_dags/example_sensors.py
[2026-07-29T19:13:43.900+0000] {processor.py:925} INFO - DAG(s) 'example_sensors' retrieved from /home/airflow/.local/lib/python3.12/site-packages/airflow/example_dags/example_sensors.py
[2026-07-29T19:13:43.916+0000] {logging_mixin.py:190} INFO - [2026-07-29T19:13:43.916+0000] {dag.py:3211} INFO - Sync 1 DAGs
[2026-07-29T19:13:43.923+0000] {logging_mixin.py:190} INFO - [2026-07-29T19:13:43.923+0000] {dag.py:4138} INFO - Setting next_dagrun for example_sensors to None, run_after=None
[2026-07-29T19:13:43.935+0000] {processor.py:208} INFO - Processing /home/airflow/.local/lib/python3.12/site-packages/airflow/example_dags/example_sensors.py took 0.050 seconds
[2026-07-29T19:14:14.644+0000] {processor.py:186} INFO - Started process (PID=26405) to work on /home/airflow/.local/lib/python3.12/site-packages/airflow/example_dags/example_sensors.py
[2026-07-29T19:14:14.645+0000] {processor.py:914} INFO - Processing file /home/airflow/.local/lib/python3.12/site-packages/airflow/example_dags/example_sensors.py for tasks to queue
[2026-07-29T19:14:14.648+0000] {logging_mixin.py:190} INFO - [2026-07-29T19:14:14.647+0000] {dagbag.py:587} INFO - Filling up the DagBag from /home/airflow/.local/lib/python3.12/site-packages/airflow/example_dags/example_sensors.py
[2026-07-29T19:14:14.657+0000] {processor.py:925} INFO - DAG(s) 'example_sensors' retrieved from /home/airflow/.local/lib/python3.12/site-packages/airflow/example_dags/example_sensors.py
[2026-07-29T19:14:14.675+0000] {logging_mixin.py:190} INFO - [2026-07-29T19:14:14.675+0000] {dag.py:3211} INFO - Sync 1 DAGs
[2026-07-29T19:14:14.685+0000] {logging_mixin.py:190} INFO - [2026-07-29T19:14:14.685+0000] {dag.py:4138} INFO - Setting next_dagrun for example_sensors to None, run_after=None
[2026-07-29T19:14:14.694+0000] {processor.py:208} INFO - Processing /home/airflow/.local/lib/python3.12/site-packages/airflow/example_dags/example_sensors.py took 0.056 seconds
[2026-07-29T19:14:44.728+0000] {processor.py:186} INFO - Started process (PID=26471) to work on /home/airflow/.local/lib/python3.12/site-packages/airflow/example_dags/example_sensors.py
[2026-07-29T19:14:44.729+0000] {processor.py:914} INFO - Processing file /home/airflow/.local/lib/python3.12/site-packages/airflow/example_dags/example_sensors.py for tasks to queue
[2026-07-29T19:14:44.732+0000] {logging_mixin.py:190} INFO - [2026-07-29T19:14:44.732+0000] {dagbag.py:587} INFO - Filling up the DagBag from /home/airflow/.local/lib/python3.12/site-packages/airflow/example_dags/example_sensors.py
[2026-07-29T19:14:44.741+0000] {processor.py:925} INFO - DAG(s) 'example_sensors' retrieved from /home/airflow/.local/lib/python3.12/site-packages/airflow/example_dags/example_sensors.py
[2026-07-29T19:14:44.759+0000] {logging_mixin.py:190} INFO - [2026-07-29T19:14:44.759+0000] {dag.py:3211} INFO - Sync 1 DAGs
[2026-07-29T19:14:44.769+0000] {logging_mixin.py:190} INFO - [2026-07-29T19:14:44.769+0000] {dag.py:4138} INFO - Setting next_dagrun for example_sensors to None, run_after=None
[2026-07-29T19:14:44.779+0000] {processor.py:208} INFO - Processing /home/airflow/.local/lib/python3.12/site-packages/airflow/example_dags/example_sensors.py took 0.055 seconds
[2026-07-29T19:15:15.269+0000] {processor.py:186} INFO - Started process (PID=26537) to work on /home/airflow/.local/lib/python3.12/site-packages/airflow/example_dags/example_sensors.py
[2026-07-29T19:15:15.271+0000] {processor.py:914} INFO - Processing file /home/airflow/.local/lib/python3.12/site-packages/airflow/example_dags/example_sensors.py for tasks to queue
[2026-07-29T19:15:15.273+0000] {logging_mixin.py:190} INFO - [2026-07-29T19:15:15.273+0000] {dagbag.py:587} INFO - Filling up the DagBag from /home/airflow/.local/lib/python3.12/site-packages/airflow/example_dags/example_sensors.py
[2026-07-29T19:15:15.279+0000] {processor.py:925} INFO - DAG(s) 'example_sensors' retrieved from /home/airflow/.local/lib/python3.12/site-packages/airflow/example_dags/example_sensors.py
[2026-07-29T19:15:15.295+0000] {logging_mixin.py:190} INFO - [2026-07-29T19:15:15.295+0000] {dag.py:3211} INFO - Sync 1 DAGs
[2026-07-29T19:15:15.302+0000] {logging_mixin.py:190} INFO - [2026-07-29T19:15:15.301+0000] {dag.py:4138} INFO - Setting next_dagrun for example_sensors to None, run_after=None
[2026-07-29T19:15:15.311+0000] {processor.py:208} INFO - Processing /home/airflow/.local/lib/python3.12/site-packages/airflow/example_dags/example_sensors.py took 0.045 seconds
[2026-07-29T19:15:45.498+0000] {processor.py:186} INFO - Started process (PID=26603) to work on /home/airflow/.local/lib/python3.12/site-packages/airflow/example_dags/example_sensors.py
[2026-07-29T19:15:45.499+0000] {processor.py:914} INFO - Processing file /home/airflow/.local/lib/python3.12/site-packages/airflow/example_dags/example_sensors.py for tasks to queue
[2026-07-29T19:15:45.502+0000] {logging_mixin.py:190} INFO - [2026-07-29T19:15:45.502+0000] {dagbag.py:587} INFO - Filling up the DagBag from /home/airflow/.local/lib/python3.12/site-packages/airflow/example_dags/example_sensors.py
[2026-07-29T19:15:45.511+0000] {processor.py:925} INFO - DAG(s) 'example_sensors' retrieved from /home/airflow/.local/lib/python3.12/site-packages/airflow/example_dags/example_sensors.py
[2026-07-29T19:15:45.529+0000] {logging_mixin.py:190} INFO - [2026-07-29T19:15:45.529+0000] {dag.py:3211} INFO - Sync 1 DAGs
[2026-07-29T19:15:45.538+0000] {logging_mixin.py:190} INFO - [2026-07-29T19:15:45.538+0000] {dag.py:4138} INFO - Setting next_dagrun for example_sensors to None, run_after=None
[2026-07-29T19:15:45.551+0000] {processor.py:208} INFO - Processing /home/airflow/.local/lib/python3.12/site-packages/airflow/example_dags/example_sensors.py took 0.059 seconds
[2026-07-29T19:16:15.701+0000] {processor.py:186} INFO - Started process (PID=26669) to work on /home/airflow/.local/lib/python3.12/site-packages/airflow/example_dags/example_sensors.py
[2026-07-29T19:16:15.702+0000] {processor.py:914} INFO - Processing file /home/airflow/.local/lib/python3.12/site-packages/airflow/example_dags/example_sensors.py for tasks to queue
[2026-07-29T19:16:15.704+0000] {logging_mixin.py:190} INFO - [2026-07-29T19:16:15.704+0000] {dagbag.py:587} INFO - Filling up the DagBag from /home/airflow/.local/lib/python3.12/site-packages/airflow/example_dags/example_sensors.py
[2026-07-29T19:16:15.712+0000] {processor.py:925} INFO - DAG(s) 'example_sensors' retrieved from /home/airflow/.local/lib/python3.12/site-packages/airflow/example_dags/example_sensors.py
[2026-07-29T19:16:15.728+0000] {logging_mixin.py:190} INFO - [2026-07-29T19:16:15.728+0000] {dag.py:3211} INFO - Sync 1 DAGs
[2026-07-29T19:16:15.738+0000] {logging_mixin.py:190} INFO - [2026-07-29T19:16:15.737+0000] {dag.py:4138} INFO - Setting next_dagrun for example_sensors to None, run_after=None
[2026-07-29T19:16:15.748+0000] {processor.py:208} INFO - Processing /home/airflow/.local/lib/python3.12/site-packages/airflow/example_dags/example_sensors.py took 0.051 seconds
[2026-07-29T19:16:45.949+0000] {processor.py:186} INFO - Started process (PID=26735) to work on /home/airflow/.local/lib/python3.12/site-packages/airflow/example_dags/example_sensors.py
[2026-07-29T19:16:45.953+0000] {processor.py:914} INFO - Processing file /home/airflow/.local/lib/python3.12/site-packages/airflow/example_dags/example_sensors.py for tasks to queue
[2026-07-29T19:16:45.955+0000] {logging_mixin.py:190} INFO - [2026-07-29T19:16:45.954+0000] {dagbag.py:587} INFO - Filling up the DagBag from /home/airflow/.local/lib/python3.12/site-packages/airflow/example_dags/example_sensors.py
[2026-07-29T19:16:45.964+0000] {processor.py:925} INFO - DAG(s) 'example_sensors' retrieved from /home/airflow/.local/lib/python3.12/site-packages/airflow/example_dags/example_sensors.py
[2026-07-29T19:16:45.979+0000] {logging_mixin.py:190} INFO - [2026-07-29T19:16:45.978+0000] {dag.py:3211} INFO - Sync 1 DAGs
[2026-07-29T19:16:45.985+0000] {logging_mixin.py:190} INFO - [2026-07-29T19:16:45.985+0000] {dag.py:4138} INFO - Setting next_dagrun for example_sensors to None, run_after=None
[2026-07-29T19:16:45.996+0000] {processor.py:208} INFO - Processing /home/airflow/.local/lib/python3.12/site-packages/airflow/example_dags/example_sensors.py took 0.054 seconds
[2026-07-29T19:17:16.290+0000] {processor.py:186} INFO - Started process (PID=26801) to work on /home/airflow/.local/lib/python3.12/site-packages/airflow/example_dags/example_sensors.py
[2026-07-29T19:17:16.292+0000] {processor.py:914} INFO - Processing file /home/airflow/.local/lib/python3.12/site-packages/airflow/example_dags/example_sensors.py for tasks to queue
[2026-07-29T19:17:16.294+0000] {logging_mixin.py:190} INFO - [2026-07-29T19:17:16.293+0000] {dagbag.py:587} INFO - Filling up the DagBag from /home/airflow/.local/lib/python3.12/site-packages/airflow/example_dags/example_sensors.py
[2026-07-29T19:17:16.301+0000] {processor.py:925} INFO - DAG(s) 'example_sensors' retrieved from /home/airflow/.local/lib/python3.12/site-packages/airflow/example_dags/example_sensors.py
[2026-07-29T19:17:16.321+0000] {logging_mixin.py:190} INFO - [2026-07-29T19:17:16.321+0000] {dag.py:3211} INFO - Sync 1 DAGs
[2026-07-29T19:17:16.329+0000] {logging_mixin.py:190} INFO - [2026-07-29T19:17:16.329+0000] {dag.py:4138} INFO - Setting next_dagrun for example_sensors to None, run_after=None
[2026-07-29T19:17:16.341+0000] {processor.py:208} INFO - Processing /home/airflow/.local/lib/python3.12/site-packages/airflow/example_dags/example_sensors.py took 0.056 seconds
[2026-07-29T19:17:46.518+0000] {processor.py:186} INFO - Started process (PID=26867) to work on /home/airflow/.local/lib/python3.12/site-packages/airflow/example_dags/example_sensors.py
[2026-07-29T19:17:46.520+0000] {processor.py:914} INFO - Processing file /home/airflow/.local/lib/python3.12/site-packages/airflow/example_dags/example_sensors.py for tasks to queue
[2026-07-29T19:17:46.522+0000] {logging_mixin.py:190} INFO - [2026-07-29T19:17:46.522+0000] {dagbag.py:587} INFO - Filling up the DagBag from /home/airflow/.local/lib/python3.12/site-packages/airflow/example_dags/example_sensors.py
[2026-07-29T19:17:46.528+0000] {processor.py:925} INFO - DAG(s) 'example_sensors' retrieved from /home/airflow/.local/lib/python3.12/site-packages/airflow/example_dags/example_sensors.py
[2026-07-29T19:17:46.545+0000] {logging_mixin.py:190} INFO - [2026-07-29T19:17:46.545+0000] {dag.py:3211} INFO - Sync 1 DAGs
[2026-07-29T19:17:46.551+0000] {logging_mixin.py:190} INFO - [2026-07-29T19:17:46.551+0000] {dag.py:4138} INFO - Setting next_dagrun for example_sensors to None, run_after=None
[2026-07-29T19:17:46.561+0000] {processor.py:208} INFO - Processing /home/airflow/.local/lib/python3.12/site-packages/airflow/example_dags/example_sensors.py took 0.046 seconds
[2026-07-29T19:18:16.631+0000] {processor.py:186} INFO - Started process (PID=26933) to work on /home/airflow/.local/lib/python3.12/site-packages/airflow/example_dags/example_sensors.py
[2026-07-29T19:18:16.633+0000] {processor.py:914} INFO - Processing file /home/airflow/.local/lib/python3.12/site-packages/airflow/example_dags/example_sensors.py for tasks to queue
[2026-07-29T19:18:16.634+0000] {logging_mixin.py:190} INFO - [2026-07-29T19:18:16.634+0000] {dagbag.py:587} INFO - Filling up the DagBag from /home/airflow/.local/lib/python3.12/site-packages/airflow/example_dags/example_sensors.py
[2026-07-29T19:18:16.642+0000] {processor.py:925} INFO - DAG(s) 'example_sensors' retrieved from /home/airflow/.local/lib/python3.12/site-packages/airflow/example_dags/example_sensors.py
[2026-07-29T19:18:16.656+0000] {logging_mixin.py:190} INFO - [2026-07-29T19:18:16.656+0000] {dag.py:3211} INFO - Sync 1 DAGs
[2026-07-29T19:18:16.663+0000] {logging_mixin.py:190} INFO - [2026-07-29T19:18:16.663+0000] {dag.py:4138} INFO - Setting next_dagrun for example_sensors to None, run_after=None
[2026-07-29T19:18:16.674+0000] {processor.py:208} INFO - Processing /home/airflow/.local/lib/python3.12/site-packages/airflow/example_dags/example_sensors.py took 0.047 seconds
[2026-07-29T19:18:46.806+0000] {processor.py:186} INFO - Started process (PID=26999) to work on /home/airflow/.local/lib/python3.12/site-packages/airflow/example_dags/example_sensors.py
[2026-07-29T19:18:46.807+0000] {processor.py:914} INFO - Processing file /home/airflow/.local/lib/python3.12/site-packages/airflow/example_dags/example_sensors.py for tasks to queue
[2026-07-29T19:18:46.813+0000] {logging_mixin.py:190} INFO - [2026-07-29T19:18:46.813+0000] {dagbag.py:587} INFO - Filling up the DagBag from /home/airflow/.local/lib/python3.12/site-packages/airflow/example_dags/example_sensors.py
[2026-07-29T19:18:46.823+0000] {processor.py:925} INFO - DAG(s) 'example_sensors' retrieved from /home/airflow/.local/lib/python3.12/site-packages/airflow/example_dags/example_sensors.py
[2026-07-29T19:18:46.844+0000] {logging_mixin.py:190} INFO - [2026-07-29T19:18:46.844+0000] {dag.py:3211} INFO - Sync 1 DAGs
[2026-07-29T19:18:46.853+0000] {logging_mixin.py:190} INFO - [2026-07-29T19:18:46.853+0000] {dag.py:4138} INFO - Setting next_dagrun for example_sensors to None, run_after=None
[2026-07-29T19:18:46.866+0000] {processor.py:208} INFO - Processing /home/airflow/.local/lib/python3.12/site-packages/airflow/example_dags/example_sensors.py took 0.065 seconds
[2026-07-29T19:19:17.024+0000] {processor.py:186} INFO - Started process (PID=27065) to work on /home/airflow/.local/lib/python3.12/site-packages/airflow/example_dags/example_sensors.py
[2026-07-29T19:19:17.027+0000] {processor.py:914} INFO - Processing file /home/airflow/.local/lib/python3.12/site-packages/airflow/example_dags/example_sensors.py for tasks to queue
[2026-07-29T19:19:17.029+0000] {logging_mixin.py:190} INFO - [2026-07-29T19:19:17.028+0000] {dagbag.py:587} INFO - Filling up the DagBag from /home/airflow/.local/lib/python3.12/site-packages/airflow/example_dags/example_sensors.py
[2026-07-29T19:19:17.037+0000] {processor.py:925} INFO - DAG(s) 'example_sensors' retrieved from /home/airflow/.local/lib/python3.12/site-packages/airflow/example_dags/example_sensors.py
[2026-07-29T19:19:17.060+0000] {logging_mixin.py:190} INFO - [2026-07-29T19:19:17.060+0000] {dag.py:3211} INFO - Sync 1 DAGs
[2026-07-29T19:19:17.067+0000] {logging_mixin.py:190} INFO - [2026-07-29T19:19:17.066+0000] {dag.py:4138} INFO - Setting next_dagrun for example_sensors to None, run_after=None
[2026-07-29T19:19:17.081+0000] {processor.py:208} INFO - Processing /home/airflow/.local/lib/python3.12/site-packages/airflow/example_dags/example_sensors.py took 0.061 seconds
[2026-07-29T19:19:47.110+0000] {processor.py:186} INFO - Started process (PID=27131) to work on /home/airflow/.local/lib/python3.12/site-packages/airflow/example_dags/example_sensors.py
[2026-07-29T19:19:47.112+0000] {processor.py:914} INFO - Processing file /home/airflow/.local/lib/python3.12/site-packages/airflow/example_dags/example_sensors.py for tasks to queue
[2026-07-29T19:19:47.113+0000] {logging_mixin.py:190} INFO - [2026-07-29T19:19:47.113+0000] {dagbag.py:587} INFO - Filling up the DagBag from /home/airflow/.local/lib/python3.12/site-packages/airflow/example_dags/example_sensors.py
[2026-07-29T19:19:47.119+0000] {processor.py:925} INFO - DAG(s) 'example_sensors' retrieved from /home/airflow/.local/lib/python3.12/site-packages/airflow/example_dags/example_sensors.py
[2026-07-29T19:19:47.133+0000] {logging_mixin.py:190} INFO - [2026-07-29T19:19:47.133+0000] {dag.py:3211} INFO - Sync 1 DAGs
[2026-07-29T19:19:47.142+0000] {logging_mixin.py:190} INFO - [2026-07-29T19:19:47.142+0000] {dag.py:4138} INFO - Setting next_dagrun for example_sensors to None, run_after=None
[2026-07-29T19:19:47.153+0000] {processor.py:208} INFO - Processing /home/airflow/.local/lib/python3.12/site-packages/airflow/example_dags/example_sensors.py took 0.047 seconds
[2026-07-29T19:20:17.260+0000] {processor.py:186} INFO - Started process (PID=27197) to work on /home/airflow/.local/lib/python3.12/site-packages/airflow/example_dags/example_sensors.py
[2026-07-29T19:20:17.260+0000] {processor.py:914} INFO - Processing file /home/airflow/.local/lib/python3.12/site-packages/airflow/example_dags/example_sensors.py for tasks to queue
[2026-07-29T19:20:17.262+0000] {logging_mixin.py:190} INFO - [2026-07-29T19:20:17.262+0000] {dagbag.py:587} INFO - Filling up the DagBag from /home/airflow/.local/lib/python3.12/site-packages/airflow/example_dags/example_sensors.py
[2026-07-29T19:20:17.270+0000] {processor.py:925} INFO - DAG(s) 'example_sensors' retrieved from /home/airflow/.local/lib/python3.12/site-packages/airflow/example_dags/example_sensors.py
[2026-07-29T19:20:17.287+0000] {logging_mixin.py:190} INFO - [2026-07-29T19:20:17.287+0000] {dag.py:3211} INFO - Sync 1 DAGs
[2026-07-29T19:20:17.295+0000] {logging_mixin.py:190} INFO - [2026-07-29T19:20:17.295+0000] {dag.py:4138} INFO - Setting next_dagrun for example_sensors to None, run_after=None
[2026-07-29T19:20:17.307+0000] {processor.py:208} INFO - Processing /home/airflow/.local/lib/python3.12/site-packages/airflow/example_dags/example_sensors.py took 0.055 seconds
[2026-07-29T19:20:47.366+0000] {processor.py:186} INFO - Started process (PID=27263) to work on /home/airflow/.local/lib/python3.12/site-packages/airflow/example_dags/example_sensors.py
[2026-07-29T19:20:47.368+0000] {processor.py:914} INFO - Processing file /home/airflow/.local/lib/python3.12/site-packages/airflow/example_dags/example_sensors.py for tasks to queue
[2026-07-29T19:20:47.372+0000] {logging_mixin.py:190} INFO - [2026-07-29T19:20:47.371+0000] {dagbag.py:587} INFO - Filling up the DagBag from /home/airflow/.local/lib/python3.12/site-packages/airflow/example_dags/example_sensors.py
[2026-07-29T19:20:47.379+0000] {processor.py:925} INFO - DAG(s) 'example_sensors' retrieved from /home/airflow/.local/lib/python3.12/site-packages/airflow/example_dags/example_sensors.py
[2026-07-29T19:20:47.401+0000] {logging_mixin.py:190} INFO - [2026-07-29T19:20:47.401+0000] {dag.py:3211} INFO - Sync 1 DAGs
[2026-07-29T19:20:47.409+0000] {logging_mixin.py:190} INFO - [2026-07-29T19:20:47.409+0000] {dag.py:4138} INFO - Setting next_dagrun for example_sensors to None, run_after=None
[2026-07-29T19:20:47.420+0000] {processor.py:208} INFO - Processing /home/airflow/.local/lib/python3.12/site-packages/airflow/example_dags/example_sensors.py took 0.058 seconds
[2026-07-29T19:21:17.507+0000] {processor.py:186} INFO - Started process (PID=27329) to work on /home/airflow/.local/lib/python3.12/site-packages/airflow/example_dags/example_sensors.py
[2026-07-29T19:21:17.509+0000] {processor.py:914} INFO - Processing file /home/airflow/.local/lib/python3.12/site-packages/airflow/example_dags/example_sensors.py for tasks to queue
[2026-07-29T19:21:17.511+0000] {logging_mixin.py:190} INFO - [2026-07-29T19:21:17.511+0000] {dagbag.py:587} INFO - Filling up the DagBag from /home/airflow/.local/lib/python3.12/site-packages/airflow/example_dags/example_sensors.py
[2026-07-29T19:21:17.519+0000] {processor.py:925} INFO - DAG(s) 'example_sensors' retrieved from /home/airflow/.local/lib/python3.12/site-packages/airflow/example_dags/example_sensors.py
[2026-07-29T19:21:17.536+0000] {logging_mixin.py:190} INFO - [2026-07-29T19:21:17.536+0000] {dag.py:3211} INFO - Sync 1 DAGs
[2026-07-29T19:21:17.545+0000] {logging_mixin.py:190} INFO - [2026-07-29T19:21:17.545+0000] {dag.py:4138} INFO - Setting next_dagrun for example_sensors to None, run_after=None
[2026-07-29T19:21:17.554+0000] {processor.py:208} INFO - Processing /home/airflow/.local/lib/python3.12/site-packages/airflow/example_dags/example_sensors.py took 0.050 seconds
[2026-07-29T19:21:47.609+0000] {processor.py:186} INFO - Started process (PID=27395) to work on /home/airflow/.local/lib/python3.12/site-packages/airflow/example_dags/example_sensors.py
[2026-07-29T19:21:47.613+0000] {processor.py:914} INFO - Processing file /home/airflow/.local/lib/python3.12/site-packages/airflow/example_dags/example_sensors.py for tasks to queue
[2026-07-29T19:21:47.615+0000] {logging_mixin.py:190} INFO - [2026-07-29T19:21:47.615+0000] {dagbag.py:587} INFO - Filling up the DagBag from /home/airflow/.local/lib/python3.12/site-packages/airflow/example_dags/example_sensors.py
[2026-07-29T19:21:47.625+0000] {processor.py:925} INFO - DAG(s) 'example_sensors' retrieved from /home/airflow/.local/lib/python3.12/site-packages/airflow/example_dags/example_sensors.py
[2026-07-29T19:21:47.649+0000] {logging_mixin.py:190} INFO - [2026-07-29T19:21:47.648+0000] {dag.py:3211} INFO - Sync 1 DAGs
[2026-07-29T19:21:47.657+0000] {logging_mixin.py:190} INFO - [2026-07-29T19:21:47.657+0000] {dag.py:4138} INFO - Setting next_dagrun for example_sensors to None, run_after=None
[2026-07-29T19:21:47.671+0000] {processor.py:208} INFO - Processing /home/airflow/.local/lib/python3.12/site-packages/airflow/example_dags/example_sensors.py took 0.067 seconds
[2026-07-29T19:22:17.754+0000] {processor.py:186} INFO - Started process (PID=27461) to work on /home/airflow/.local/lib/python3.12/site-packages/airflow/example_dags/example_sensors.py
[2026-07-29T19:22:17.755+0000] {processor.py:914} INFO - Processing file /home/airflow/.local/lib/python3.12/site-packages/airflow/example_dags/example_sensors.py for tasks to queue
[2026-07-29T19:22:17.757+0000] {logging_mixin.py:190} INFO - [2026-07-29T19:22:17.757+0000] {dagbag.py:587} INFO - Filling up the DagBag from /home/airflow/.local/lib/python3.12/site-packages/airflow/example_dags/example_sensors.py
[2026-07-29T19:22:17.766+0000] {processor.py:925} INFO - DAG(s) 'example_sensors' retrieved from /home/airflow/.local/lib/python3.12/site-packages/airflow/example_dags/example_sensors.py
[2026-07-29T19:22:17.789+0000] {logging_mixin.py:190} INFO - [2026-07-29T19:22:17.789+0000] {dag.py:3211} INFO - Sync 1 DAGs
[2026-07-29T19:22:17.797+0000] {logging_mixin.py:190} INFO - [2026-07-29T19:22:17.797+0000] {dag.py:4138} INFO - Setting next_dagrun for example_sensors to None, run_after=None
[2026-07-29T19:22:17.809+0000] {processor.py:208} INFO - Processing /home/airflow/.local/lib/python3.12/site-packages/airflow/example_dags/example_sensors.py took 0.059 seconds
[2026-07-29T19:22:47.892+0000] {processor.py:186} INFO - Started process (PID=27527) to work on /home/airflow/.local/lib/python3.12/site-packages/airflow/example_dags/example_sensors.py
[2026-07-29T19:22:47.897+0000] {processor.py:914} INFO - Processing file /home/airflow/.local/lib/python3.12/site-packages/airflow/example_dags/example_sensors.py for tasks to queue
[2026-07-29T19:22:47.898+0000] {logging_mixin.py:190} INFO - [2026-07-29T19:22:47.898+0000] {dagbag.py:587} INFO - Filling up the DagBag from /home/airflow/.local/lib/python3.12/site-packages/airflow/example_dags/example_sensors.py
[2026-07-29T19:22:47.906+0000] {processor.py:925} INFO - DAG(s) 'example_sensors' retrieved from /home/airflow/.local/lib/python3.12/site-packages/airflow/example_dags/example_sensors.py
[2026-07-29T19:22:47.924+0000] {logging_mixin.py:190} INFO - [2026-07-29T19:22:47.923+0000] {dag.py:3211} INFO - Sync 1 DAGs
[2026-07-29T19:22:47.929+0000] {logging_mixin.py:190} INFO - [2026-07-29T19:22:47.929+0000] {dag.py:4138} INFO - Setting next_dagrun for example_sensors to None, run_after=None
[2026-07-29T19:22:47.940+0000] {processor.py:208} INFO - Processing /home/airflow/.local/lib/python3.12/site-packages/airflow/example_dags/example_sensors.py took 0.052 seconds
[2026-07-29T19:23:18.067+0000] {processor.py:186} INFO - Started process (PID=27593) to work on /home/airflow/.local/lib/python3.12/site-packages/airflow/example_dags/example_sensors.py
[2026-07-29T19:23:18.070+0000] {processor.py:914} INFO - Processing file /home/airflow/.local/lib/python3.12/site-packages/airflow/example_dags/example_sensors.py for tasks to queue
[2026-07-29T19:23:18.071+0000] {logging_mixin.py:190} INFO - [2026-07-29T19:23:18.071+0000] {dagbag.py:587} INFO - Filling up the DagBag from /home/airflow/.local/lib/python3.12/site-packages/airflow/example_dags/example_sensors.py
[2026-07-29T19:23:18.079+0000] {processor.py:925} INFO - DAG(s) 'example_sensors' retrieved from /home/airflow/.local/lib/python3.12/site-packages/airflow/example_dags/example_sensors.py
[2026-07-29T19:23:18.096+0000] {logging_mixin.py:190} INFO - [2026-07-29T19:23:18.096+0000] {dag.py:3211} INFO - Sync 1 DAGs
[2026-07-29T19:23:18.103+0000] {logging_mixin.py:190} INFO - [2026-07-29T19:23:18.103+0000] {dag.py:4138} INFO - Setting next_dagrun for example_sensors to None, run_after=None
[2026-07-29T19:23:18.113+0000] {processor.py:208} INFO - Processing /home/airflow/.local/lib/python3.12/site-packages/airflow/example_dags/example_sensors.py took 0.049 seconds
[2026-07-29T19:23:48.246+0000] {processor.py:186} INFO - Started process (PID=27659) to work on /home/airflow/.local/lib/python3.12/site-packages/airflow/example_dags/example_sensors.py
[2026-07-29T19:23:48.249+0000] {processor.py:914} INFO - Processing file /home/airflow/.local/lib/python3.12/site-packages/airflow/example_dags/example_sensors.py for tasks to queue
[2026-07-29T19:23:48.250+0000] {logging_mixin.py:190} INFO - [2026-07-29T19:23:48.250+0000] {dagbag.py:587} INFO - Filling up the DagBag from /home/airflow/.local/lib/python3.12/site-packages/airflow/example_dags/example_sensors.py
[2026-07-29T19:23:48.261+0000] {processor.py:925} INFO - DAG(s) 'example_sensors' retrieved from /home/airflow/.local/lib/python3.12/site-packages/airflow/example_dags/example_sensors.py
[2026-07-29T19:23:48.282+0000] {logging_mixin.py:190} INFO - [2026-07-29T19:23:48.282+0000] {dag.py:3211} INFO - Sync 1 DAGs
[2026-07-29T19:23:48.290+0000] {logging_mixin.py:190} INFO - [2026-07-29T19:23:48.290+0000] {dag.py:4138} INFO - Setting next_dagrun for example_sensors to None, run_after=None
[2026-07-29T19:23:48.303+0000] {processor.py:208} INFO - Processing /home/airflow/.local/lib/python3.12/site-packages/airflow/example_dags/example_sensors.py took 0.061 seconds
[2026-07-29T19:24:18.393+0000] {processor.py:186} INFO - Started process (PID=27725) to work on /home/airflow/.local/lib/python3.12/site-packages/airflow/example_dags/example_sensors.py
[2026-07-29T19:24:18.396+0000] {processor.py:914} INFO - Processing file /home/airflow/.local/lib/python3.12/site-packages/airflow/example_dags/example_sensors.py for tasks to queue
[2026-07-29T19:24:18.397+0000] {logging_mixin.py:190} INFO - [2026-07-29T19:24:18.397+0000] {dagbag.py:587} INFO - Filling up the DagBag from /home/airflow/.local/lib/python3.12/site-packages/airflow/example_dags/example_sensors.py
[2026-07-29T19:24:18.402+0000] {processor.py:925} INFO - DAG(s) 'example_sensors' retrieved from /home/airflow/.local/lib/python3.12/site-packages/airflow/example_dags/example_sensors.py
[2026-07-29T19:24:18.424+0000] {logging_mixin.py:190} INFO - [2026-07-29T19:24:18.424+0000] {dag.py:3211} INFO - Sync 1 DAGs
[2026-07-29T19:24:18.431+0000] {logging_mixin.py:190} INFO - [2026-07-29T19:24:18.431+0000] {dag.py:4138} INFO - Setting next_dagrun for example_sensors to None, run_after=None
[2026-07-29T19:24:18.443+0000] {processor.py:208} INFO - Processing /home/airflow/.local/lib/python3.12/site-packages/airflow/example_dags/example_sensors.py took 0.054 seconds
[2026-07-29T19:24:48.521+0000] {processor.py:186} INFO - Started process (PID=27791) to work on /home/airflow/.local/lib/python3.12/site-packages/airflow/example_dags/example_sensors.py
[2026-07-29T19:24:48.524+0000] {processor.py:914} INFO - Processing file /home/airflow/.local/lib/python3.12/site-packages/airflow/example_dags/example_sensors.py for tasks to queue
[2026-07-29T19:24:48.526+0000] {logging_mixin.py:190} INFO - [2026-07-29T19:24:48.526+0000] {dagbag.py:587} INFO - Filling up the DagBag from /home/airflow/.local/lib/python3.12/site-packages/airflow/example_dags/example_sensors.py
[2026-07-29T19:24:48.532+0000] {processor.py:925} INFO - DAG(s) 'example_sensors' retrieved from /home/airflow/.local/lib/python3.12/site-packages/airflow/example_dags/example_sensors.py
[2026-07-29T19:24:48.553+0000] {logging_mixin.py:190} INFO - [2026-07-29T19:24:48.553+0000] {dag.py:3211} INFO - Sync 1 DAGs
[2026-07-29T19:24:48.561+0000] {logging_mixin.py:190} INFO - [2026-07-29T19:24:48.560+0000] {dag.py:4138} INFO - Setting next_dagrun for example_sensors to None, run_after=None
[2026-07-29T19:24:48.570+0000] {processor.py:208} INFO - Processing /home/airflow/.local/lib/python3.12/site-packages/airflow/example_dags/example_sensors.py took 0.052 seconds
[2026-07-29T19:25:18.652+0000] {processor.py:186} INFO - Started process (PID=27857) to work on /home/airflow/.local/lib/python3.12/site-packages/airflow/example_dags/example_sensors.py
[2026-07-29T19:25:18.653+0000] {processor.py:914} INFO - Processing file /home/airflow/.local/lib/python3.12/site-packages/airflow/example_dags/example_sensors.py for tasks to queue
[2026-07-29T19:25:18.655+0000] {logging_mixin.py:190} INFO - [2026-07-29T19:25:18.655+0000] {dagbag.py:587} INFO - Filling up the DagBag from /home/airflow/.local/lib/python3.12/site-packages/airflow/example_dags/example_sensors.py
[2026-07-29T19:25:18.666+0000] {processor.py:925} INFO - DAG(s) 'example_sensors' retrieved from /home/airflow/.local/lib/python3.12/site-packages/airflow/example_dags/example_sensors.py
[2026-07-29T19:25:18.694+0000] {logging_mixin.py:190} INFO - [2026-07-29T19:25:18.694+0000] {dag.py:3211} INFO - Sync 1 DAGs
[2026-07-29T19:25:18.705+0000] {logging_mixin.py:190} INFO - [2026-07-29T19:25:18.705+0000] {dag.py:4138} INFO - Setting next_dagrun for example_sensors to None, run_after=None
[2026-07-29T19:25:18.719+0000] {processor.py:208} INFO - Processing /home/airflow/.local/lib/python3.12/site-packages/airflow/example_dags/example_sensors.py took 0.075 seconds
[2026-07-29T19:25:48.771+0000] {processor.py:186} INFO - Started process (PID=27923) to work on /home/airflow/.local/lib/python3.12/site-packages/airflow/example_dags/example_sensors.py
[2026-07-29T19:25:48.774+0000] {processor.py:914} INFO - Processing file /home/airflow/.local/lib/python3.12/site-packages/airflow/example_dags/example_sensors.py for tasks to queue
[2026-07-29T19:25:48.775+0000] {logging_mixin.py:190} INFO - [2026-07-29T19:25:48.775+0000] {dagbag.py:587} INFO - Filling up the DagBag from /home/airflow/.local/lib/python3.12/site-packages/airflow/example_dags/example_sensors.py
[2026-07-29T19:25:48.785+0000] {processor.py:925} INFO - DAG(s) 'example_sensors' retrieved from /home/airflow/.local/lib/python3.12/site-packages/airflow/example_dags/example_sensors.py
[2026-07-29T19:25:48.806+0000] {logging_mixin.py:190} INFO - [2026-07-29T19:25:48.805+0000] {dag.py:3211} INFO - Sync 1 DAGs
[2026-07-29T19:25:48.815+0000] {logging_mixin.py:190} INFO - [2026-07-29T19:25:48.815+0000] {dag.py:4138} INFO - Setting next_dagrun for example_sensors to None, run_after=None
[2026-07-29T19:25:48.830+0000] {processor.py:208} INFO - Processing /home/airflow/.local/lib/python3.12/site-packages/airflow/example_dags/example_sensors.py took 0.062 seconds
[2026-07-29T19:26:18.860+0000] {processor.py:186} INFO - Started process (PID=27989) to work on /home/airflow/.local/lib/python3.12/site-packages/airflow/example_dags/example_sensors.py
[2026-07-29T19:26:18.862+0000] {processor.py:914} INFO - Processing file /home/airflow/.local/lib/python3.12/site-packages/airflow/example_dags/example_sensors.py for tasks to queue
[2026-07-29T19:26:18.863+0000] {logging_mixin.py:190} INFO - [2026-07-29T19:26:18.862+0000] {dagbag.py:587} INFO - Filling up the DagBag from /home/airflow/.local/lib/python3.12/site-packages/airflow/example_dags/example_sensors.py
[2026-07-29T19:26:18.871+0000] {processor.py:925} INFO - DAG(s) 'example_sensors' retrieved from /home/airflow/.local/lib/python3.12/site-packages/airflow/example_dags/example_sensors.py
[2026-07-29T19:26:18.891+0000] {logging_mixin.py:190} INFO - [2026-07-29T19:26:18.891+0000] {dag.py:3211} INFO - Sync 1 DAGs
[2026-07-29T19:26:18.900+0000] {logging_mixin.py:190} INFO - [2026-07-29T19:26:18.900+0000] {dag.py:4138} INFO - Setting next_dagrun for example_sensors to None, run_after=None
[2026-07-29T19:26:18.909+0000] {processor.py:208} INFO - Processing /home/airflow/.local/lib/python3.12/site-packages/airflow/example_dags/example_sensors.py took 0.053 seconds
[2026-07-29T19:26:49.013+0000] {processor.py:186} INFO - Started process (PID=28055) to work on /home/airflow/.local/lib/python3.12/site-packages/airflow/example_dags/example_sensors.py
[2026-07-29T19:26:49.014+0000] {processor.py:914} INFO - Processing file /home/airflow/.local/lib/python3.12/site-packages/airflow/example_dags/example_sensors.py for tasks to queue
[2026-07-29T19:26:49.016+0000] {logging_mixin.py:190} INFO - [2026-07-29T19:26:49.016+0000] {dagbag.py:587} INFO - Filling up the DagBag from /home/airflow/.local/lib/python3.12/site-packages/airflow/example_dags/example_sensors.py
[2026-07-29T19:26:49.020+0000] {processor.py:925} INFO - DAG(s) 'example_sensors' retrieved from /home/airflow/.local/lib/python3.12/site-packages/airflow/example_dags/example_sensors.py
[2026-07-29T19:26:49.035+0000] {logging_mixin.py:190} INFO - [2026-07-29T19:26:49.034+0000] {dag.py:3211} INFO - Sync 1 DAGs
[2026-07-29T19:26:49.042+0000] {logging_mixin.py:190} INFO - [2026-07-29T19:26:49.042+0000] {dag.py:4138} INFO - Setting next_dagrun for example_sensors to None, run_after=None
[2026-07-29T19:26:49.054+0000] {processor.py:208} INFO - Processing /home/airflow/.local/lib/python3.12/site-packages/airflow/example_dags/example_sensors.py took 0.043 seconds
[2026-07-29T19:27:19.151+0000] {processor.py:186} INFO - Started process (PID=28121) to work on /home/airflow/.local/lib/python3.12/site-packages/airflow/example_dags/example_sensors.py
[2026-07-29T19:27:19.152+0000] {processor.py:914} INFO - Processing file /home/airflow/.local/lib/python3.12/site-packages/airflow/example_dags/example_sensors.py for tasks to queue
[2026-07-29T19:27:19.154+0000] {logging_mixin.py:190} INFO - [2026-07-29T19:27:19.154+0000] {dagbag.py:587} INFO - Filling up the DagBag from /home/airflow/.local/lib/python3.12/site-packages/airflow/example_dags/example_sensors.py
[2026-07-29T19:27:19.158+0000] {processor.py:925} INFO - DAG(s) 'example_sensors' retrieved from /home/airflow/.local/lib/python3.12/site-packages/airflow/example_dags/example_sensors.py
[2026-07-29T19:27:19.171+0000] {logging_mixin.py:190} INFO - [2026-07-29T19:27:19.170+0000] {dag.py:3211} INFO - Sync 1 DAGs
[2026-07-29T19:27:19.175+0000] {logging_mixin.py:190} INFO - [2026-07-29T19:27:19.175+0000] {dag.py:4138} INFO - Setting next_dagrun for example_sensors to None, run_after=None
[2026-07-29T19:27:19.184+0000] {processor.py:208} INFO - Processing /home/airflow/.local/lib/python3.12/site-packages/airflow/example_dags/example_sensors.py took 0.035 seconds
[2026-07-29T19:27:49.286+0000] {processor.py:186} INFO - Started process (PID=28187) to work on /home/airflow/.local/lib/python3.12/site-packages/airflow/example_dags/example_sensors.py
[2026-07-29T19:27:49.288+0000] {processor.py:914} INFO - Processing file /home/airflow/.local/lib/python3.12/site-packages/airflow/example_dags/example_sensors.py for tasks to queue
[2026-07-29T19:27:49.289+0000] {logging_mixin.py:190} INFO - [2026-07-29T19:27:49.289+0000] {dagbag.py:587} INFO - Filling up the DagBag from /home/airflow/.local/lib/python3.12/site-packages/airflow/example_dags/example_sensors.py
[2026-07-29T19:27:49.294+0000] {processor.py:925} INFO - DAG(s) 'example_sensors' retrieved from /home/airflow/.local/lib/python3.12/site-packages/airflow/example_dags/example_sensors.py
[2026-07-29T19:27:49.311+0000] {logging_mixin.py:190} INFO - [2026-07-29T19:27:49.310+0000] {dag.py:3211} INFO - Sync 1 DAGs
[2026-07-29T19:27:49.317+0000] {logging_mixin.py:190} INFO - [2026-07-29T19:27:49.317+0000] {dag.py:4138} INFO - Setting next_dagrun for example_sensors to None, run_after=None
[2026-07-29T19:27:49.328+0000] {processor.py:208} INFO - Processing /home/airflow/.local/lib/python3.12/site-packages/airflow/example_dags/example_sensors.py took 0.045 seconds
[2026-07-29T19:28:19.415+0000] {processor.py:186} INFO - Started process (PID=28253) to work on /home/airflow/.local/lib/python3.12/site-packages/airflow/example_dags/example_sensors.py
[2026-07-29T19:28:19.417+0000] {processor.py:914} INFO - Processing file /home/airflow/.local/lib/python3.12/site-packages/airflow/example_dags/example_sensors.py for tasks to queue
[2026-07-29T19:28:19.419+0000] {logging_mixin.py:190} INFO - [2026-07-29T19:28:19.419+0000] {dagbag.py:587} INFO - Filling up the DagBag from /home/airflow/.local/lib/python3.12/site-packages/airflow/example_dags/example_sensors.py
[2026-07-29T19:28:19.424+0000] {processor.py:925} INFO - DAG(s) 'example_sensors' retrieved from /home/airflow/.local/lib/python3.12/site-packages/airflow/example_dags/example_sensors.py
[2026-07-29T19:28:19.439+0000] {logging_mixin.py:190} INFO - [2026-07-29T19:28:19.439+0000] {dag.py:3211} INFO - Sync 1 DAGs
[2026-07-29T19:28:19.447+0000] {logging_mixin.py:190} INFO - [2026-07-29T19:28:19.446+0000] {dag.py:4138} INFO - Setting next_dagrun for example_sensors to None, run_after=None
[2026-07-29T19:28:19.458+0000] {processor.py:208} INFO - Processing /home/airflow/.local/lib/python3.12/site-packages/airflow/example_dags/example_sensors.py took 0.045 seconds
[2026-07-29T19:28:49.510+0000] {processor.py:186} INFO - Started process (PID=28318) to work on /home/airflow/.local/lib/python3.12/site-packages/airflow/example_dags/example_sensors.py
[2026-07-29T19:28:49.512+0000] {processor.py:914} INFO - Processing file /home/airflow/.local/lib/python3.12/site-packages/airflow/example_dags/example_sensors.py for tasks to queue
[2026-07-29T19:28:49.513+0000] {logging_mixin.py:190} INFO - [2026-07-29T19:28:49.513+0000] {dagbag.py:587} INFO - Filling up the DagBag from /home/airflow/.local/lib/python3.12/site-packages/airflow/example_dags/example_sensors.py
[2026-07-29T19:28:49.522+0000] {processor.py:925} INFO - DAG(s) 'example_sensors' retrieved from /home/airflow/.local/lib/python3.12/site-packages/airflow/example_dags/example_sensors.py
[2026-07-29T19:28:49.540+0000] {logging_mixin.py:190} INFO - [2026-07-29T19:28:49.540+0000] {dag.py:3211} INFO - Sync 1 DAGs
[2026-07-29T19:28:49.545+0000] {logging_mixin.py:190} INFO - [2026-07-29T19:28:49.545+0000] {dag.py:4138} INFO - Setting next_dagrun for example_sensors to None, run_after=None
[2026-07-29T19:28:49.556+0000] {processor.py:208} INFO - Processing /home/airflow/.local/lib/python3.12/site-packages/airflow/example_dags/example_sensors.py took 0.050 seconds
[2026-07-29T19:29:19.842+0000] {processor.py:186} INFO - Started process (PID=28384) to work on /home/airflow/.local/lib/python3.12/site-packages/airflow/example_dags/example_sensors.py
[2026-07-29T19:29:19.842+0000] {processor.py:914} INFO - Processing file /home/airflow/.local/lib/python3.12/site-packages/airflow/example_dags/example_sensors.py for tasks to queue
[2026-07-29T19:29:19.845+0000] {logging_mixin.py:190} INFO - [2026-07-29T19:29:19.845+0000] {dagbag.py:587} INFO - Filling up the DagBag from /home/airflow/.local/lib/python3.12/site-packages/airflow/example_dags/example_sensors.py
[2026-07-29T19:29:19.850+0000] {processor.py:925} INFO - DAG(s) 'example_sensors' retrieved from /home/airflow/.local/lib/python3.12/site-packages/airflow/example_dags/example_sensors.py
[2026-07-29T19:29:19.865+0000] {logging_mixin.py:190} INFO - [2026-07-29T19:29:19.865+0000] {dag.py:3211} INFO - Sync 1 DAGs
[2026-07-29T19:29:19.873+0000] {logging_mixin.py:190} INFO - [2026-07-29T19:29:19.873+0000] {dag.py:4138} INFO - Setting next_dagrun for example_sensors to None, run_after=None
[2026-07-29T19:29:19.883+0000] {processor.py:208} INFO - Processing /home/airflow/.local/lib/python3.12/site-packages/airflow/example_dags/example_sensors.py took 0.049 seconds
[2026-07-29T19:29:49.961+0000] {processor.py:186} INFO - Started process (PID=28450) to work on /home/airflow/.local/lib/python3.12/site-packages/airflow/example_dags/example_sensors.py
[2026-07-29T19:29:49.964+0000] {processor.py:914} INFO - Processing file /home/airflow/.local/lib/python3.12/site-packages/airflow/example_dags/example_sensors.py for tasks to queue
[2026-07-29T19:29:49.965+0000] {logging_mixin.py:190} INFO - [2026-07-29T19:29:49.965+0000] {dagbag.py:587} INFO - Filling up the DagBag from /home/airflow/.local/lib/python3.12/site-packages/airflow/example_dags/example_sensors.py
[2026-07-29T19:29:49.974+0000] {processor.py:925} INFO - DAG(s) 'example_sensors' retrieved from /home/airflow/.local/lib/python3.12/site-packages/airflow/example_dags/example_sensors.py
[2026-07-29T19:29:49.991+0000] {logging_mixin.py:190} INFO - [2026-07-29T19:29:49.991+0000] {dag.py:3211} INFO - Sync 1 DAGs
[2026-07-29T19:29:49.998+0000] {logging_mixin.py:190} INFO - [2026-07-29T19:29:49.998+0000] {dag.py:4138} INFO - Setting next_dagrun for example_sensors to None, run_after=None
[2026-07-29T19:29:50.011+0000] {processor.py:208} INFO - Processing /home/airflow/.local/lib/python3.12/site-packages/airflow/example_dags/example_sensors.py took 0.056 seconds
[2026-07-29T19:30:20.073+0000] {processor.py:186} INFO - Started process (PID=28517) to work on /home/airflow/.local/lib/python3.12/site-packages/airflow/example_dags/example_sensors.py
[2026-07-29T19:30:20.075+0000] {processor.py:914} INFO - Processing file /home/airflow/.local/lib/python3.12/site-packages/airflow/example_dags/example_sensors.py for tasks to queue
[2026-07-29T19:30:20.077+0000] {logging_mixin.py:190} INFO - [2026-07-29T19:30:20.076+0000] {dagbag.py:587} INFO - Filling up the DagBag from /home/airflow/.local/lib/python3.12/site-packages/airflow/example_dags/example_sensors.py
[2026-07-29T19:30:20.083+0000] {processor.py:925} INFO - DAG(s) 'example_sensors' retrieved from /home/airflow/.local/lib/python3.12/site-packages/airflow/example_dags/example_sensors.py
[2026-07-29T19:30:20.101+0000] {logging_mixin.py:190} INFO - [2026-07-29T19:30:20.100+0000] {dag.py:3211} INFO - Sync 1 DAGs
[2026-07-29T19:30:20.107+0000] {logging_mixin.py:190} INFO - [2026-07-29T19:30:20.107+0000] {dag.py:4138} INFO - Setting next_dagrun for example_sensors to None, run_after=None
[2026-07-29T19:30:20.118+0000] {processor.py:208} INFO - Processing /home/airflow/.local/lib/python3.12/site-packages/airflow/example_dags/example_sensors.py took 0.048 seconds
[2026-07-29T19:30:50.202+0000] {processor.py:186} INFO - Started process (PID=28583) to work on /home/airflow/.local/lib/python3.12/site-packages/airflow/example_dags/example_sensors.py
[2026-07-29T19:30:50.204+0000] {processor.py:914} INFO - Processing file /home/airflow/.local/lib/python3.12/site-packages/airflow/example_dags/example_sensors.py for tasks to queue
[2026-07-29T19:30:50.207+0000] {logging_mixin.py:190} INFO - [2026-07-29T19:30:50.207+0000] {dagbag.py:587} INFO - Filling up the DagBag from /home/airflow/.local/lib/python3.12/site-packages/airflow/example_dags/example_sensors.py
[2026-07-29T19:30:50.216+0000] {processor.py:925} INFO - DAG(s) 'example_sensors' retrieved from /home/airflow/.local/lib/python3.12/site-packages/airflow/example_dags/example_sensors.py
[2026-07-29T19:30:50.233+0000] {logging_mixin.py:190} INFO - [2026-07-29T19:30:50.233+0000] {dag.py:3211} INFO - Sync 1 DAGs
[2026-07-29T19:30:50.243+0000] {logging_mixin.py:190} INFO - [2026-07-29T19:30:50.243+0000] {dag.py:4138} INFO - Setting next_dagrun for example_sensors to None, run_after=None
[2026-07-29T19:30:50.253+0000] {processor.py:208} INFO - Processing /home/airflow/.local/lib/python3.12/site-packages/airflow/example_dags/example_sensors.py took 0.055 seconds
[2026-07-29T19:31:21.226+0000] {processor.py:186} INFO - Started process (PID=28649) to work on /home/airflow/.local/lib/python3.12/site-packages/airflow/example_dags/example_sensors.py
[2026-07-29T19:31:21.228+0000] {processor.py:914} INFO - Processing file /home/airflow/.local/lib/python3.12/site-packages/airflow/example_dags/example_sensors.py for tasks to queue
[2026-07-29T19:31:21.229+0000] {logging_mixin.py:190} INFO - [2026-07-29T19:31:21.229+0000] {dagbag.py:587} INFO - Filling up the DagBag from /home/airflow/.local/lib/python3.12/site-packages/airflow/example_dags/example_sensors.py
[2026-07-29T19:31:21.239+0000] {processor.py:925} INFO - DAG(s) 'example_sensors' retrieved from /home/airflow/.local/lib/python3.12/site-packages/airflow/example_dags/example_sensors.py
[2026-07-29T19:31:21.259+0000] {logging_mixin.py:190} INFO - [2026-07-29T19:31:21.259+0000] {dag.py:3211} INFO - Sync 1 DAGs
[2026-07-29T19:31:21.269+0000] {logging_mixin.py:190} INFO - [2026-07-29T19:31:21.269+0000] {dag.py:4138} INFO - Setting next_dagrun for example_sensors to None, run_after=None
[2026-07-29T19:31:21.281+0000] {processor.py:208} INFO - Processing /home/airflow/.local/lib/python3.12/site-packages/airflow/example_dags/example_sensors.py took 0.060 seconds
[2026-07-29T19:31:52.238+0000] {processor.py:186} INFO - Started process (PID=28715) to work on /home/airflow/.local/lib/python3.12/site-packages/airflow/example_dags/example_sensors.py
[2026-07-29T19:31:52.242+0000] {processor.py:914} INFO - Processing file /home/airflow/.local/lib/python3.12/site-packages/airflow/example_dags/example_sensors.py for tasks to queue
[2026-07-29T19:31:52.244+0000] {logging_mixin.py:190} INFO - [2026-07-29T19:31:52.243+0000] {dagbag.py:587} INFO - Filling up the DagBag from /home/airflow/.local/lib/python3.12/site-packages/airflow/example_dags/example_sensors.py
[2026-07-29T19:31:52.251+0000] {processor.py:925} INFO - DAG(s) 'example_sensors' retrieved from /home/airflow/.local/lib/python3.12/site-packages/airflow/example_dags/example_sensors.py
[2026-07-29T19:31:52.267+0000] {logging_mixin.py:190} INFO - [2026-07-29T19:31:52.267+0000] {dag.py:3211} INFO - Sync 1 DAGs
[2026-07-29T19:31:52.273+0000] {logging_mixin.py:190} INFO - [2026-07-29T19:31:52.273+0000] {dag.py:4138} INFO - Setting next_dagrun for example_sensors to None, run_after=None
[2026-07-29T19:31:52.284+0000] {processor.py:208} INFO - Processing /home/airflow/.local/lib/python3.12/site-packages/airflow/example_dags/example_sensors.py took 0.049 seconds
[2026-07-29T19:32:23.277+0000] {processor.py:186} INFO - Started process (PID=28781) to work on /home/airflow/.local/lib/python3.12/site-packages/airflow/example_dags/example_sensors.py
[2026-07-29T19:32:23.278+0000] {processor.py:914} INFO - Processing file /home/airflow/.local/lib/python3.12/site-packages/airflow/example_dags/example_sensors.py for tasks to queue
[2026-07-29T19:32:23.280+0000] {logging_mixin.py:190} INFO - [2026-07-29T19:32:23.280+0000] {dagbag.py:587} INFO - Filling up the DagBag from /home/airflow/.local/lib/python3.12/site-packages/airflow/example_dags/example_sensors.py
[2026-07-29T19:32:23.294+0000] {processor.py:925} INFO - DAG(s) 'example_sensors' retrieved from /home/airflow/.local/lib/python3.12/site-packages/airflow/example_dags/example_sensors.py
[2026-07-29T19:32:23.311+0000] {logging_mixin.py:190} INFO - [2026-07-29T19:32:23.310+0000] {dag.py:3211} INFO - Sync 1 DAGs
[2026-07-29T19:32:23.318+0000] {logging_mixin.py:190} INFO - [2026-07-29T19:32:23.318+0000] {dag.py:4138} INFO - Setting next_dagrun for example_sensors to None, run_after=None
[2026-07-29T19:32:23.331+0000] {processor.py:208} INFO - Processing /home/airflow/.local/lib/python3.12/site-packages/airflow/example_dags/example_sensors.py took 0.058 seconds
[2026-07-29T19:32:53.389+0000] {processor.py:186} INFO - Started process (PID=28847) to work on /home/airflow/.local/lib/python3.12/site-packages/airflow/example_dags/example_sensors.py
[2026-07-29T19:32:53.392+0000] {processor.py:914} INFO - Processing file /home/airflow/.local/lib/python3.12/site-packages/airflow/example_dags/example_sensors.py for tasks to queue
[2026-07-29T19:32:53.393+0000] {logging_mixin.py:190} INFO - [2026-07-29T19:32:53.393+0000] {dagbag.py:587} INFO - Filling up the DagBag from /home/airflow/.local/lib/python3.12/site-packages/airflow/example_dags/example_sensors.py
[2026-07-29T19:32:53.400+0000] {processor.py:925} INFO - DAG(s) 'example_sensors' retrieved from /home/airflow/.local/lib/python3.12/site-packages/airflow/example_dags/example_sensors.py
[2026-07-29T19:32:53.420+0000] {logging_mixin.py:190} INFO - [2026-07-29T19:32:53.420+0000] {dag.py:3211} INFO - Sync 1 DAGs
[2026-07-29T19:32:53.426+0000] {logging_mixin.py:190} INFO - [2026-07-29T19:32:53.426+0000] {dag.py:4138} INFO - Setting next_dagrun for example_sensors to None, run_after=None
[2026-07-29T19:32:53.439+0000] {processor.py:208} INFO - Processing /home/airflow/.local/lib/python3.12/site-packages/airflow/example_dags/example_sensors.py took 0.054 seconds
[2026-07-29T19:33:23.595+0000] {processor.py:186} INFO - Started process (PID=28913) to work on /home/airflow/.local/lib/python3.12/site-packages/airflow/example_dags/example_sensors.py
[2026-07-29T19:33:23.596+0000] {processor.py:914} INFO - Processing file /home/airflow/.local/lib/python3.12/site-packages/airflow/example_dags/example_sensors.py for tasks to queue
[2026-07-29T19:33:23.599+0000] {logging_mixin.py:190} INFO - [2026-07-29T19:33:23.599+0000] {dagbag.py:587} INFO - Filling up the DagBag from /home/airflow/.local/lib/python3.12/site-packages/airflow/example_dags/example_sensors.py
[2026-07-29T19:33:23.608+0000] {processor.py:925} INFO - DAG(s) 'example_sensors' retrieved from /home/airflow/.local/lib/python3.12/site-packages/airflow/example_dags/example_sensors.py
[2026-07-29T19:33:23.626+0000] {logging_mixin.py:190} INFO - [2026-07-29T19:33:23.626+0000] {dag.py:3211} INFO - Sync 1 DAGs
[2026-07-29T19:33:23.632+0000] {logging_mixin.py:190} INFO - [2026-07-29T19:33:23.632+0000] {dag.py:4138} INFO - Setting next_dagrun for example_sensors to None, run_after=None
[2026-07-29T19:33:23.645+0000] {processor.py:208} INFO - Processing /home/airflow/.local/lib/python3.12/site-packages/airflow/example_dags/example_sensors.py took 0.055 seconds
