[2026-07-29T15:21:23.342+0000] {processor.py:186} INFO - Started process (PID=82) to work on /home/airflow/.local/lib/python3.12/site-packages/airflow/example_dags/example_branch_operator.py
[2026-07-29T15:21:23.343+0000] {processor.py:914} INFO - Processing file /home/airflow/.local/lib/python3.12/site-packages/airflow/example_dags/example_branch_operator.py for tasks to queue
[2026-07-29T15:21:23.345+0000] {logging_mixin.py:190} INFO - [2026-07-29T15:21:23.345+0000] {dagbag.py:587} INFO - Filling up the DagBag from /home/airflow/.local/lib/python3.12/site-packages/airflow/example_dags/example_branch_operator.py
[2026-07-29T15:21:23.357+0000] {processor.py:925} INFO - DAG(s) 'example_branch_operator' retrieved from /home/airflow/.local/lib/python3.12/site-packages/airflow/example_dags/example_branch_operator.py
[2026-07-29T15:21:23.407+0000] {logging_mixin.py:190} INFO - [2026-07-29T15:21:23.407+0000] {override.py:1858} INFO - Created Permission View: can delete on DAG:example_branch_operator
[2026-07-29T15:21:23.412+0000] {logging_mixin.py:190} INFO - [2026-07-29T15:21:23.412+0000] {override.py:1858} INFO - Created Permission View: can edit on DAG:example_branch_operator
[2026-07-29T15:21:23.414+0000] {logging_mixin.py:190} INFO - [2026-07-29T15:21:23.414+0000] {override.py:1858} INFO - Created Permission View: can read on DAG:example_branch_operator
[2026-07-29T15:21:23.415+0000] {logging_mixin.py:190} INFO - [2026-07-29T15:21:23.415+0000] {dag.py:3211} INFO - Sync 1 DAGs
[2026-07-29T15:21:23.420+0000] {logging_mixin.py:190} INFO - [2026-07-29T15:21:23.420+0000] {dag.py:3234} INFO - Creating ORM DAG for example_branch_operator
[2026-07-29T15:21:23.427+0000] {logging_mixin.py:190} INFO - [2026-07-29T15:21:23.427+0000] {dag.py:4138} INFO - Setting next_dagrun for example_branch_operator to 2026-07-28 00:00:00+00:00, run_after=2026-07-29 00:00:00+00:00
[2026-07-29T15:21:23.435+0000] {processor.py:208} INFO - Processing /home/airflow/.local/lib/python3.12/site-packages/airflow/example_dags/example_branch_operator.py took 0.095 seconds
[2026-07-29T15:21:53.927+0000] {processor.py:186} INFO - Started process (PID=148) to work on /home/airflow/.local/lib/python3.12/site-packages/airflow/example_dags/example_branch_operator.py
[2026-07-29T15:21:53.928+0000] {processor.py:914} INFO - Processing file /home/airflow/.local/lib/python3.12/site-packages/airflow/example_dags/example_branch_operator.py for tasks to queue
[2026-07-29T15:21:53.929+0000] {logging_mixin.py:190} INFO - [2026-07-29T15:21:53.929+0000] {dagbag.py:587} INFO - Filling up the DagBag from /home/airflow/.local/lib/python3.12/site-packages/airflow/example_dags/example_branch_operator.py
[2026-07-29T15:21:53.939+0000] {processor.py:925} INFO - DAG(s) 'example_branch_operator' retrieved from /home/airflow/.local/lib/python3.12/site-packages/airflow/example_dags/example_branch_operator.py
[2026-07-29T15:21:53.955+0000] {logging_mixin.py:190} INFO - [2026-07-29T15:21:53.954+0000] {dag.py:3211} INFO - Sync 1 DAGs
[2026-07-29T15:21:53.968+0000] {logging_mixin.py:190} INFO - [2026-07-29T15:21:53.968+0000] {dag.py:4138} INFO - Setting next_dagrun for example_branch_operator to 2026-07-28 00:00:00+00:00, run_after=2026-07-29 00:00:00+00:00
[2026-07-29T15:21:53.980+0000] {processor.py:208} INFO - Processing /home/airflow/.local/lib/python3.12/site-packages/airflow/example_dags/example_branch_operator.py took 0.055 seconds
[2026-07-29T15:22:24.081+0000] {processor.py:186} INFO - Started process (PID=214) to work on /home/airflow/.local/lib/python3.12/site-packages/airflow/example_dags/example_branch_operator.py
[2026-07-29T15:22:24.082+0000] {processor.py:914} INFO - Processing file /home/airflow/.local/lib/python3.12/site-packages/airflow/example_dags/example_branch_operator.py for tasks to queue
[2026-07-29T15:22:24.083+0000] {logging_mixin.py:190} INFO - [2026-07-29T15:22:24.082+0000] {dagbag.py:587} INFO - Filling up the DagBag from /home/airflow/.local/lib/python3.12/site-packages/airflow/example_dags/example_branch_operator.py
[2026-07-29T15:22:24.090+0000] {processor.py:925} INFO - DAG(s) 'example_branch_operator' retrieved from /home/airflow/.local/lib/python3.12/site-packages/airflow/example_dags/example_branch_operator.py
[2026-07-29T15:22:24.104+0000] {logging_mixin.py:190} INFO - [2026-07-29T15:22:24.104+0000] {dag.py:3211} INFO - Sync 1 DAGs
[2026-07-29T15:22:24.113+0000] {logging_mixin.py:190} INFO - [2026-07-29T15:22:24.113+0000] {dag.py:4138} INFO - Setting next_dagrun for example_branch_operator to 2026-07-28 00:00:00+00:00, run_after=2026-07-29 00:00:00+00:00
[2026-07-29T15:22:24.119+0000] {processor.py:208} INFO - Processing /home/airflow/.local/lib/python3.12/site-packages/airflow/example_dags/example_branch_operator.py took 0.040 seconds
[2026-07-29T15:23:04.973+0000] {processor.py:186} INFO - Started process (PID=82) to work on /home/airflow/.local/lib/python3.12/site-packages/airflow/example_dags/example_branch_operator.py
[2026-07-29T15:23:04.973+0000] {processor.py:914} INFO - Processing file /home/airflow/.local/lib/python3.12/site-packages/airflow/example_dags/example_branch_operator.py for tasks to queue
[2026-07-29T15:23:04.974+0000] {logging_mixin.py:190} INFO - [2026-07-29T15:23:04.974+0000] {dagbag.py:587} INFO - Filling up the DagBag from /home/airflow/.local/lib/python3.12/site-packages/airflow/example_dags/example_branch_operator.py
[2026-07-29T15:23:04.986+0000] {processor.py:925} INFO - DAG(s) 'example_branch_operator' retrieved from /home/airflow/.local/lib/python3.12/site-packages/airflow/example_dags/example_branch_operator.py
[2026-07-29T15:23:05.026+0000] {logging_mixin.py:190} INFO - [2026-07-29T15:23:05.026+0000] {dag.py:3211} INFO - Sync 1 DAGs
[2026-07-29T15:23:05.033+0000] {logging_mixin.py:190} INFO - [2026-07-29T15:23:05.033+0000] {dag.py:4138} INFO - Setting next_dagrun for example_branch_operator to 2026-07-28 00:00:00+00:00, run_after=2026-07-29 00:00:00+00:00
[2026-07-29T15:23:05.041+0000] {processor.py:208} INFO - Processing /home/airflow/.local/lib/python3.12/site-packages/airflow/example_dags/example_branch_operator.py took 0.071 seconds
[2026-07-29T15:23:35.956+0000] {processor.py:186} INFO - Started process (PID=148) to work on /home/airflow/.local/lib/python3.12/site-packages/airflow/example_dags/example_branch_operator.py
[2026-07-29T15:23:35.957+0000] {processor.py:914} INFO - Processing file /home/airflow/.local/lib/python3.12/site-packages/airflow/example_dags/example_branch_operator.py for tasks to queue
[2026-07-29T15:23:35.958+0000] {logging_mixin.py:190} INFO - [2026-07-29T15:23:35.958+0000] {dagbag.py:587} INFO - Filling up the DagBag from /home/airflow/.local/lib/python3.12/site-packages/airflow/example_dags/example_branch_operator.py
[2026-07-29T15:23:35.966+0000] {processor.py:925} INFO - DAG(s) 'example_branch_operator' retrieved from /home/airflow/.local/lib/python3.12/site-packages/airflow/example_dags/example_branch_operator.py
[2026-07-29T15:23:35.978+0000] {logging_mixin.py:190} INFO - [2026-07-29T15:23:35.977+0000] {dag.py:3211} INFO - Sync 1 DAGs
[2026-07-29T15:23:35.987+0000] {logging_mixin.py:190} INFO - [2026-07-29T15:23:35.987+0000] {dag.py:4138} INFO - Setting next_dagrun for example_branch_operator to 2026-07-28 00:00:00+00:00, run_after=2026-07-29 00:00:00+00:00
[2026-07-29T15:23:35.993+0000] {processor.py:208} INFO - Processing /home/airflow/.local/lib/python3.12/site-packages/airflow/example_dags/example_branch_operator.py took 0.039 seconds
[2026-07-29T15:24:06.833+0000] {processor.py:186} INFO - Started process (PID=214) to work on /home/airflow/.local/lib/python3.12/site-packages/airflow/example_dags/example_branch_operator.py
[2026-07-29T15:24:06.833+0000] {processor.py:914} INFO - Processing file /home/airflow/.local/lib/python3.12/site-packages/airflow/example_dags/example_branch_operator.py for tasks to queue
[2026-07-29T15:24:06.835+0000] {logging_mixin.py:190} INFO - [2026-07-29T15:24:06.835+0000] {dagbag.py:587} INFO - Filling up the DagBag from /home/airflow/.local/lib/python3.12/site-packages/airflow/example_dags/example_branch_operator.py
[2026-07-29T15:24:06.843+0000] {processor.py:925} INFO - DAG(s) 'example_branch_operator' retrieved from /home/airflow/.local/lib/python3.12/site-packages/airflow/example_dags/example_branch_operator.py
[2026-07-29T15:24:06.855+0000] {logging_mixin.py:190} INFO - [2026-07-29T15:24:06.854+0000] {dag.py:3211} INFO - Sync 1 DAGs
[2026-07-29T15:24:06.864+0000] {logging_mixin.py:190} INFO - [2026-07-29T15:24:06.864+0000] {dag.py:4138} INFO - Setting next_dagrun for example_branch_operator to 2026-07-28 00:00:00+00:00, run_after=2026-07-29 00:00:00+00:00
[2026-07-29T15:24:06.870+0000] {processor.py:208} INFO - Processing /home/airflow/.local/lib/python3.12/site-packages/airflow/example_dags/example_branch_operator.py took 0.040 seconds
[2026-07-29T15:24:37.813+0000] {processor.py:186} INFO - Started process (PID=280) to work on /home/airflow/.local/lib/python3.12/site-packages/airflow/example_dags/example_branch_operator.py
[2026-07-29T15:24:37.814+0000] {processor.py:914} INFO - Processing file /home/airflow/.local/lib/python3.12/site-packages/airflow/example_dags/example_branch_operator.py for tasks to queue
[2026-07-29T15:24:37.815+0000] {logging_mixin.py:190} INFO - [2026-07-29T15:24:37.815+0000] {dagbag.py:587} INFO - Filling up the DagBag from /home/airflow/.local/lib/python3.12/site-packages/airflow/example_dags/example_branch_operator.py
[2026-07-29T15:24:37.823+0000] {processor.py:925} INFO - DAG(s) 'example_branch_operator' retrieved from /home/airflow/.local/lib/python3.12/site-packages/airflow/example_dags/example_branch_operator.py
[2026-07-29T15:24:37.835+0000] {logging_mixin.py:190} INFO - [2026-07-29T15:24:37.835+0000] {dag.py:3211} INFO - Sync 1 DAGs
[2026-07-29T15:24:37.850+0000] {logging_mixin.py:190} INFO - [2026-07-29T15:24:37.850+0000] {dag.py:4138} INFO - Setting next_dagrun for example_branch_operator to 2026-07-28 00:00:00+00:00, run_after=2026-07-29 00:00:00+00:00
[2026-07-29T15:24:37.857+0000] {processor.py:208} INFO - Processing /home/airflow/.local/lib/python3.12/site-packages/airflow/example_dags/example_branch_operator.py took 0.046 seconds
[2026-07-29T15:25:07.895+0000] {processor.py:186} INFO - Started process (PID=346) to work on /home/airflow/.local/lib/python3.12/site-packages/airflow/example_dags/example_branch_operator.py
[2026-07-29T15:25:07.895+0000] {processor.py:914} INFO - Processing file /home/airflow/.local/lib/python3.12/site-packages/airflow/example_dags/example_branch_operator.py for tasks to queue
[2026-07-29T15:25:07.896+0000] {logging_mixin.py:190} INFO - [2026-07-29T15:25:07.896+0000] {dagbag.py:587} INFO - Filling up the DagBag from /home/airflow/.local/lib/python3.12/site-packages/airflow/example_dags/example_branch_operator.py
[2026-07-29T15:25:07.903+0000] {processor.py:925} INFO - DAG(s) 'example_branch_operator' retrieved from /home/airflow/.local/lib/python3.12/site-packages/airflow/example_dags/example_branch_operator.py
[2026-07-29T15:25:07.914+0000] {logging_mixin.py:190} INFO - [2026-07-29T15:25:07.914+0000] {dag.py:3211} INFO - Sync 1 DAGs
[2026-07-29T15:25:07.923+0000] {logging_mixin.py:190} INFO - [2026-07-29T15:25:07.923+0000] {dag.py:4138} INFO - Setting next_dagrun for example_branch_operator to 2026-07-28 00:00:00+00:00, run_after=2026-07-29 00:00:00+00:00
[2026-07-29T15:25:07.930+0000] {processor.py:208} INFO - Processing /home/airflow/.local/lib/python3.12/site-packages/airflow/example_dags/example_branch_operator.py took 0.037 seconds
[2026-07-29T15:25:38.019+0000] {processor.py:186} INFO - Started process (PID=412) to work on /home/airflow/.local/lib/python3.12/site-packages/airflow/example_dags/example_branch_operator.py
[2026-07-29T15:25:38.020+0000] {processor.py:914} INFO - Processing file /home/airflow/.local/lib/python3.12/site-packages/airflow/example_dags/example_branch_operator.py for tasks to queue
[2026-07-29T15:25:38.021+0000] {logging_mixin.py:190} INFO - [2026-07-29T15:25:38.020+0000] {dagbag.py:587} INFO - Filling up the DagBag from /home/airflow/.local/lib/python3.12/site-packages/airflow/example_dags/example_branch_operator.py
[2026-07-29T15:25:38.031+0000] {processor.py:925} INFO - DAG(s) 'example_branch_operator' retrieved from /home/airflow/.local/lib/python3.12/site-packages/airflow/example_dags/example_branch_operator.py
[2026-07-29T15:25:38.047+0000] {logging_mixin.py:190} INFO - [2026-07-29T15:25:38.047+0000] {dag.py:3211} INFO - Sync 1 DAGs
[2026-07-29T15:25:38.056+0000] {logging_mixin.py:190} INFO - [2026-07-29T15:25:38.056+0000] {dag.py:4138} INFO - Setting next_dagrun for example_branch_operator to 2026-07-28 00:00:00+00:00, run_after=2026-07-29 00:00:00+00:00
[2026-07-29T15:25:38.064+0000] {processor.py:208} INFO - Processing /home/airflow/.local/lib/python3.12/site-packages/airflow/example_dags/example_branch_operator.py took 0.047 seconds
[2026-07-29T15:26:08.172+0000] {processor.py:186} INFO - Started process (PID=478) to work on /home/airflow/.local/lib/python3.12/site-packages/airflow/example_dags/example_branch_operator.py
[2026-07-29T15:26:08.173+0000] {processor.py:914} INFO - Processing file /home/airflow/.local/lib/python3.12/site-packages/airflow/example_dags/example_branch_operator.py for tasks to queue
[2026-07-29T15:26:08.174+0000] {logging_mixin.py:190} INFO - [2026-07-29T15:26:08.174+0000] {dagbag.py:587} INFO - Filling up the DagBag from /home/airflow/.local/lib/python3.12/site-packages/airflow/example_dags/example_branch_operator.py
[2026-07-29T15:26:08.182+0000] {processor.py:925} INFO - DAG(s) 'example_branch_operator' retrieved from /home/airflow/.local/lib/python3.12/site-packages/airflow/example_dags/example_branch_operator.py
[2026-07-29T15:26:08.202+0000] {logging_mixin.py:190} INFO - [2026-07-29T15:26:08.202+0000] {dag.py:3211} INFO - Sync 1 DAGs
[2026-07-29T15:26:08.211+0000] {logging_mixin.py:190} INFO - [2026-07-29T15:26:08.211+0000] {dag.py:4138} INFO - Setting next_dagrun for example_branch_operator to 2026-07-28 00:00:00+00:00, run_after=2026-07-29 00:00:00+00:00
[2026-07-29T15:26:08.217+0000] {processor.py:208} INFO - Processing /home/airflow/.local/lib/python3.12/site-packages/airflow/example_dags/example_branch_operator.py took 0.048 seconds
[2026-07-29T15:26:39.206+0000] {processor.py:186} INFO - Started process (PID=550) to work on /home/airflow/.local/lib/python3.12/site-packages/airflow/example_dags/example_branch_operator.py
[2026-07-29T15:26:39.207+0000] {processor.py:914} INFO - Processing file /home/airflow/.local/lib/python3.12/site-packages/airflow/example_dags/example_branch_operator.py for tasks to queue
[2026-07-29T15:26:39.208+0000] {logging_mixin.py:190} INFO - [2026-07-29T15:26:39.208+0000] {dagbag.py:587} INFO - Filling up the DagBag from /home/airflow/.local/lib/python3.12/site-packages/airflow/example_dags/example_branch_operator.py
[2026-07-29T15:26:39.224+0000] {processor.py:925} INFO - DAG(s) 'example_branch_operator' retrieved from /home/airflow/.local/lib/python3.12/site-packages/airflow/example_dags/example_branch_operator.py
[2026-07-29T15:26:39.237+0000] {logging_mixin.py:190} INFO - [2026-07-29T15:26:39.237+0000] {dag.py:3211} INFO - Sync 1 DAGs
[2026-07-29T15:26:39.247+0000] {logging_mixin.py:190} INFO - [2026-07-29T15:26:39.246+0000] {dag.py:4138} INFO - Setting next_dagrun for example_branch_operator to 2026-07-28 00:00:00+00:00, run_after=2026-07-29 00:00:00+00:00
[2026-07-29T15:26:39.253+0000] {processor.py:208} INFO - Processing /home/airflow/.local/lib/python3.12/site-packages/airflow/example_dags/example_branch_operator.py took 0.050 seconds
[2026-07-29T15:27:09.315+0000] {processor.py:186} INFO - Started process (PID=616) to work on /home/airflow/.local/lib/python3.12/site-packages/airflow/example_dags/example_branch_operator.py
[2026-07-29T15:27:09.316+0000] {processor.py:914} INFO - Processing file /home/airflow/.local/lib/python3.12/site-packages/airflow/example_dags/example_branch_operator.py for tasks to queue
[2026-07-29T15:27:09.317+0000] {logging_mixin.py:190} INFO - [2026-07-29T15:27:09.317+0000] {dagbag.py:587} INFO - Filling up the DagBag from /home/airflow/.local/lib/python3.12/site-packages/airflow/example_dags/example_branch_operator.py
[2026-07-29T15:27:09.327+0000] {processor.py:925} INFO - DAG(s) 'example_branch_operator' retrieved from /home/airflow/.local/lib/python3.12/site-packages/airflow/example_dags/example_branch_operator.py
[2026-07-29T15:27:09.346+0000] {logging_mixin.py:190} INFO - [2026-07-29T15:27:09.345+0000] {dag.py:3211} INFO - Sync 1 DAGs
[2026-07-29T15:27:09.357+0000] {logging_mixin.py:190} INFO - [2026-07-29T15:27:09.357+0000] {dag.py:4138} INFO - Setting next_dagrun for example_branch_operator to 2026-07-28 00:00:00+00:00, run_after=2026-07-29 00:00:00+00:00
[2026-07-29T15:27:09.363+0000] {processor.py:208} INFO - Processing /home/airflow/.local/lib/python3.12/site-packages/airflow/example_dags/example_branch_operator.py took 0.051 seconds
[2026-07-29T15:27:40.359+0000] {processor.py:186} INFO - Started process (PID=682) to work on /home/airflow/.local/lib/python3.12/site-packages/airflow/example_dags/example_branch_operator.py
[2026-07-29T15:27:40.360+0000] {processor.py:914} INFO - Processing file /home/airflow/.local/lib/python3.12/site-packages/airflow/example_dags/example_branch_operator.py for tasks to queue
[2026-07-29T15:27:40.361+0000] {logging_mixin.py:190} INFO - [2026-07-29T15:27:40.361+0000] {dagbag.py:587} INFO - Filling up the DagBag from /home/airflow/.local/lib/python3.12/site-packages/airflow/example_dags/example_branch_operator.py
[2026-07-29T15:27:40.372+0000] {processor.py:925} INFO - DAG(s) 'example_branch_operator' retrieved from /home/airflow/.local/lib/python3.12/site-packages/airflow/example_dags/example_branch_operator.py
[2026-07-29T15:27:40.384+0000] {logging_mixin.py:190} INFO - [2026-07-29T15:27:40.384+0000] {dag.py:3211} INFO - Sync 1 DAGs
[2026-07-29T15:27:40.394+0000] {logging_mixin.py:190} INFO - [2026-07-29T15:27:40.394+0000] {dag.py:4138} INFO - Setting next_dagrun for example_branch_operator to 2026-07-28 00:00:00+00:00, run_after=2026-07-29 00:00:00+00:00
[2026-07-29T15:27:40.403+0000] {processor.py:208} INFO - Processing /home/airflow/.local/lib/python3.12/site-packages/airflow/example_dags/example_branch_operator.py took 0.047 seconds
[2026-07-29T15:28:24.835+0000] {processor.py:186} INFO - Started process (PID=82) to work on /home/airflow/.local/lib/python3.12/site-packages/airflow/example_dags/example_branch_operator.py
[2026-07-29T15:28:24.836+0000] {processor.py:914} INFO - Processing file /home/airflow/.local/lib/python3.12/site-packages/airflow/example_dags/example_branch_operator.py for tasks to queue
[2026-07-29T15:28:24.839+0000] {logging_mixin.py:190} INFO - [2026-07-29T15:28:24.839+0000] {dagbag.py:587} INFO - Filling up the DagBag from /home/airflow/.local/lib/python3.12/site-packages/airflow/example_dags/example_branch_operator.py
[2026-07-29T15:28:24.847+0000] {processor.py:925} INFO - DAG(s) 'example_branch_operator' retrieved from /home/airflow/.local/lib/python3.12/site-packages/airflow/example_dags/example_branch_operator.py
[2026-07-29T15:28:24.899+0000] {logging_mixin.py:190} INFO - [2026-07-29T15:28:24.899+0000] {dag.py:3211} INFO - Sync 1 DAGs
[2026-07-29T15:28:24.906+0000] {logging_mixin.py:190} INFO - [2026-07-29T15:28:24.906+0000] {dag.py:4138} INFO - Setting next_dagrun for example_branch_operator to 2026-07-28 00:00:00+00:00, run_after=2026-07-29 00:00:00+00:00
[2026-07-29T15:28:24.913+0000] {processor.py:208} INFO - Processing /home/airflow/.local/lib/python3.12/site-packages/airflow/example_dags/example_branch_operator.py took 0.081 seconds
[2026-07-29T15:28:55.044+0000] {processor.py:186} INFO - Started process (PID=148) to work on /home/airflow/.local/lib/python3.12/site-packages/airflow/example_dags/example_branch_operator.py
[2026-07-29T15:28:55.045+0000] {processor.py:914} INFO - Processing file /home/airflow/.local/lib/python3.12/site-packages/airflow/example_dags/example_branch_operator.py for tasks to queue
[2026-07-29T15:28:55.046+0000] {logging_mixin.py:190} INFO - [2026-07-29T15:28:55.046+0000] {dagbag.py:587} INFO - Filling up the DagBag from /home/airflow/.local/lib/python3.12/site-packages/airflow/example_dags/example_branch_operator.py
[2026-07-29T15:28:55.054+0000] {processor.py:925} INFO - DAG(s) 'example_branch_operator' retrieved from /home/airflow/.local/lib/python3.12/site-packages/airflow/example_dags/example_branch_operator.py
[2026-07-29T15:28:55.068+0000] {logging_mixin.py:190} INFO - [2026-07-29T15:28:55.068+0000] {dag.py:3211} INFO - Sync 1 DAGs
[2026-07-29T15:28:55.078+0000] {logging_mixin.py:190} INFO - [2026-07-29T15:28:55.078+0000] {dag.py:4138} INFO - Setting next_dagrun for example_branch_operator to 2026-07-28 00:00:00+00:00, run_after=2026-07-29 00:00:00+00:00
[2026-07-29T15:28:55.086+0000] {processor.py:208} INFO - Processing /home/airflow/.local/lib/python3.12/site-packages/airflow/example_dags/example_branch_operator.py took 0.045 seconds
[2026-07-29T15:29:25.653+0000] {processor.py:186} INFO - Started process (PID=214) to work on /home/airflow/.local/lib/python3.12/site-packages/airflow/example_dags/example_branch_operator.py
[2026-07-29T15:29:25.654+0000] {processor.py:914} INFO - Processing file /home/airflow/.local/lib/python3.12/site-packages/airflow/example_dags/example_branch_operator.py for tasks to queue
[2026-07-29T15:29:25.655+0000] {logging_mixin.py:190} INFO - [2026-07-29T15:29:25.654+0000] {dagbag.py:587} INFO - Filling up the DagBag from /home/airflow/.local/lib/python3.12/site-packages/airflow/example_dags/example_branch_operator.py
[2026-07-29T15:29:25.662+0000] {processor.py:925} INFO - DAG(s) 'example_branch_operator' retrieved from /home/airflow/.local/lib/python3.12/site-packages/airflow/example_dags/example_branch_operator.py
[2026-07-29T15:29:25.674+0000] {logging_mixin.py:190} INFO - [2026-07-29T15:29:25.673+0000] {dag.py:3211} INFO - Sync 1 DAGs
[2026-07-29T15:29:25.683+0000] {logging_mixin.py:190} INFO - [2026-07-29T15:29:25.683+0000] {dag.py:4138} INFO - Setting next_dagrun for example_branch_operator to 2026-07-28 00:00:00+00:00, run_after=2026-07-29 00:00:00+00:00
[2026-07-29T15:29:25.690+0000] {processor.py:208} INFO - Processing /home/airflow/.local/lib/python3.12/site-packages/airflow/example_dags/example_branch_operator.py took 0.039 seconds
[2026-07-29T15:29:56.801+0000] {processor.py:186} INFO - Started process (PID=280) to work on /home/airflow/.local/lib/python3.12/site-packages/airflow/example_dags/example_branch_operator.py
[2026-07-29T15:29:56.802+0000] {processor.py:914} INFO - Processing file /home/airflow/.local/lib/python3.12/site-packages/airflow/example_dags/example_branch_operator.py for tasks to queue
[2026-07-29T15:29:56.803+0000] {logging_mixin.py:190} INFO - [2026-07-29T15:29:56.803+0000] {dagbag.py:587} INFO - Filling up the DagBag from /home/airflow/.local/lib/python3.12/site-packages/airflow/example_dags/example_branch_operator.py
[2026-07-29T15:29:56.812+0000] {processor.py:925} INFO - DAG(s) 'example_branch_operator' retrieved from /home/airflow/.local/lib/python3.12/site-packages/airflow/example_dags/example_branch_operator.py
[2026-07-29T15:29:56.826+0000] {logging_mixin.py:190} INFO - [2026-07-29T15:29:56.826+0000] {dag.py:3211} INFO - Sync 1 DAGs
[2026-07-29T15:29:56.836+0000] {logging_mixin.py:190} INFO - [2026-07-29T15:29:56.836+0000] {dag.py:4138} INFO - Setting next_dagrun for example_branch_operator to 2026-07-28 00:00:00+00:00, run_after=2026-07-29 00:00:00+00:00
[2026-07-29T15:29:56.848+0000] {processor.py:208} INFO - Processing /home/airflow/.local/lib/python3.12/site-packages/airflow/example_dags/example_branch_operator.py took 0.049 seconds
[2026-07-29T15:30:27.682+0000] {processor.py:186} INFO - Started process (PID=346) to work on /home/airflow/.local/lib/python3.12/site-packages/airflow/example_dags/example_branch_operator.py
[2026-07-29T15:30:27.682+0000] {processor.py:914} INFO - Processing file /home/airflow/.local/lib/python3.12/site-packages/airflow/example_dags/example_branch_operator.py for tasks to queue
[2026-07-29T15:30:27.683+0000] {logging_mixin.py:190} INFO - [2026-07-29T15:30:27.683+0000] {dagbag.py:587} INFO - Filling up the DagBag from /home/airflow/.local/lib/python3.12/site-packages/airflow/example_dags/example_branch_operator.py
[2026-07-29T15:30:27.697+0000] {processor.py:925} INFO - DAG(s) 'example_branch_operator' retrieved from /home/airflow/.local/lib/python3.12/site-packages/airflow/example_dags/example_branch_operator.py
[2026-07-29T15:30:27.712+0000] {logging_mixin.py:190} INFO - [2026-07-29T15:30:27.712+0000] {dag.py:3211} INFO - Sync 1 DAGs
[2026-07-29T15:30:27.725+0000] {logging_mixin.py:190} INFO - [2026-07-29T15:30:27.725+0000] {dag.py:4138} INFO - Setting next_dagrun for example_branch_operator to 2026-07-28 00:00:00+00:00, run_after=2026-07-29 00:00:00+00:00
[2026-07-29T15:30:27.731+0000] {processor.py:208} INFO - Processing /home/airflow/.local/lib/python3.12/site-packages/airflow/example_dags/example_branch_operator.py took 0.051 seconds
[2026-07-29T15:30:58.347+0000] {processor.py:186} INFO - Started process (PID=412) to work on /home/airflow/.local/lib/python3.12/site-packages/airflow/example_dags/example_branch_operator.py
[2026-07-29T15:30:58.347+0000] {processor.py:914} INFO - Processing file /home/airflow/.local/lib/python3.12/site-packages/airflow/example_dags/example_branch_operator.py for tasks to queue
[2026-07-29T15:30:58.348+0000] {logging_mixin.py:190} INFO - [2026-07-29T15:30:58.348+0000] {dagbag.py:587} INFO - Filling up the DagBag from /home/airflow/.local/lib/python3.12/site-packages/airflow/example_dags/example_branch_operator.py
[2026-07-29T15:30:58.355+0000] {processor.py:925} INFO - DAG(s) 'example_branch_operator' retrieved from /home/airflow/.local/lib/python3.12/site-packages/airflow/example_dags/example_branch_operator.py
[2026-07-29T15:30:58.366+0000] {logging_mixin.py:190} INFO - [2026-07-29T15:30:58.366+0000] {dag.py:3211} INFO - Sync 1 DAGs
[2026-07-29T15:30:58.374+0000] {logging_mixin.py:190} INFO - [2026-07-29T15:30:58.374+0000] {dag.py:4138} INFO - Setting next_dagrun for example_branch_operator to 2026-07-28 00:00:00+00:00, run_after=2026-07-29 00:00:00+00:00
[2026-07-29T15:30:58.380+0000] {processor.py:208} INFO - Processing /home/airflow/.local/lib/python3.12/site-packages/airflow/example_dags/example_branch_operator.py took 0.036 seconds
[2026-07-29T15:31:28.937+0000] {processor.py:186} INFO - Started process (PID=478) to work on /home/airflow/.local/lib/python3.12/site-packages/airflow/example_dags/example_branch_operator.py
[2026-07-29T15:31:28.938+0000] {processor.py:914} INFO - Processing file /home/airflow/.local/lib/python3.12/site-packages/airflow/example_dags/example_branch_operator.py for tasks to queue
[2026-07-29T15:31:28.939+0000] {logging_mixin.py:190} INFO - [2026-07-29T15:31:28.939+0000] {dagbag.py:587} INFO - Filling up the DagBag from /home/airflow/.local/lib/python3.12/site-packages/airflow/example_dags/example_branch_operator.py
[2026-07-29T15:31:28.946+0000] {processor.py:925} INFO - DAG(s) 'example_branch_operator' retrieved from /home/airflow/.local/lib/python3.12/site-packages/airflow/example_dags/example_branch_operator.py
[2026-07-29T15:31:28.956+0000] {logging_mixin.py:190} INFO - [2026-07-29T15:31:28.956+0000] {dag.py:3211} INFO - Sync 1 DAGs
[2026-07-29T15:31:28.965+0000] {logging_mixin.py:190} INFO - [2026-07-29T15:31:28.965+0000] {dag.py:4138} INFO - Setting next_dagrun for example_branch_operator to 2026-07-28 00:00:00+00:00, run_after=2026-07-29 00:00:00+00:00
[2026-07-29T15:31:28.971+0000] {processor.py:208} INFO - Processing /home/airflow/.local/lib/python3.12/site-packages/airflow/example_dags/example_branch_operator.py took 0.037 seconds
[2026-07-29T15:31:59.583+0000] {processor.py:186} INFO - Started process (PID=544) to work on /home/airflow/.local/lib/python3.12/site-packages/airflow/example_dags/example_branch_operator.py
[2026-07-29T15:31:59.584+0000] {processor.py:914} INFO - Processing file /home/airflow/.local/lib/python3.12/site-packages/airflow/example_dags/example_branch_operator.py for tasks to queue
[2026-07-29T15:31:59.585+0000] {logging_mixin.py:190} INFO - [2026-07-29T15:31:59.585+0000] {dagbag.py:587} INFO - Filling up the DagBag from /home/airflow/.local/lib/python3.12/site-packages/airflow/example_dags/example_branch_operator.py
[2026-07-29T15:31:59.593+0000] {processor.py:925} INFO - DAG(s) 'example_branch_operator' retrieved from /home/airflow/.local/lib/python3.12/site-packages/airflow/example_dags/example_branch_operator.py
[2026-07-29T15:31:59.605+0000] {logging_mixin.py:190} INFO - [2026-07-29T15:31:59.604+0000] {dag.py:3211} INFO - Sync 1 DAGs
[2026-07-29T15:31:59.613+0000] {logging_mixin.py:190} INFO - [2026-07-29T15:31:59.613+0000] {dag.py:4138} INFO - Setting next_dagrun for example_branch_operator to 2026-07-28 00:00:00+00:00, run_after=2026-07-29 00:00:00+00:00
[2026-07-29T15:31:59.620+0000] {processor.py:208} INFO - Processing /home/airflow/.local/lib/python3.12/site-packages/airflow/example_dags/example_branch_operator.py took 0.039 seconds
[2026-07-29T15:32:30.479+0000] {processor.py:186} INFO - Started process (PID=610) to work on /home/airflow/.local/lib/python3.12/site-packages/airflow/example_dags/example_branch_operator.py
[2026-07-29T15:32:30.483+0000] {processor.py:914} INFO - Processing file /home/airflow/.local/lib/python3.12/site-packages/airflow/example_dags/example_branch_operator.py for tasks to queue
[2026-07-29T15:32:30.484+0000] {logging_mixin.py:190} INFO - [2026-07-29T15:32:30.484+0000] {dagbag.py:587} INFO - Filling up the DagBag from /home/airflow/.local/lib/python3.12/site-packages/airflow/example_dags/example_branch_operator.py
[2026-07-29T15:32:30.491+0000] {processor.py:925} INFO - DAG(s) 'example_branch_operator' retrieved from /home/airflow/.local/lib/python3.12/site-packages/airflow/example_dags/example_branch_operator.py
[2026-07-29T15:32:30.503+0000] {logging_mixin.py:190} INFO - [2026-07-29T15:32:30.503+0000] {dag.py:3211} INFO - Sync 1 DAGs
[2026-07-29T15:32:30.513+0000] {logging_mixin.py:190} INFO - [2026-07-29T15:32:30.513+0000] {dag.py:4138} INFO - Setting next_dagrun for example_branch_operator to 2026-07-28 00:00:00+00:00, run_after=2026-07-29 00:00:00+00:00
[2026-07-29T15:32:30.519+0000] {processor.py:208} INFO - Processing /home/airflow/.local/lib/python3.12/site-packages/airflow/example_dags/example_branch_operator.py took 0.043 seconds
[2026-07-29T15:33:01.578+0000] {processor.py:186} INFO - Started process (PID=676) to work on /home/airflow/.local/lib/python3.12/site-packages/airflow/example_dags/example_branch_operator.py
[2026-07-29T15:33:01.578+0000] {processor.py:914} INFO - Processing file /home/airflow/.local/lib/python3.12/site-packages/airflow/example_dags/example_branch_operator.py for tasks to queue
[2026-07-29T15:33:01.580+0000] {logging_mixin.py:190} INFO - [2026-07-29T15:33:01.580+0000] {dagbag.py:587} INFO - Filling up the DagBag from /home/airflow/.local/lib/python3.12/site-packages/airflow/example_dags/example_branch_operator.py
[2026-07-29T15:33:01.587+0000] {processor.py:925} INFO - DAG(s) 'example_branch_operator' retrieved from /home/airflow/.local/lib/python3.12/site-packages/airflow/example_dags/example_branch_operator.py
[2026-07-29T15:33:01.600+0000] {logging_mixin.py:190} INFO - [2026-07-29T15:33:01.600+0000] {dag.py:3211} INFO - Sync 1 DAGs
[2026-07-29T15:33:01.612+0000] {logging_mixin.py:190} INFO - [2026-07-29T15:33:01.612+0000] {dag.py:4138} INFO - Setting next_dagrun for example_branch_operator to 2026-07-28 00:00:00+00:00, run_after=2026-07-29 00:00:00+00:00
[2026-07-29T15:33:01.627+0000] {processor.py:208} INFO - Processing /home/airflow/.local/lib/python3.12/site-packages/airflow/example_dags/example_branch_operator.py took 0.052 seconds
[2026-07-29T15:33:32.057+0000] {processor.py:186} INFO - Started process (PID=742) to work on /home/airflow/.local/lib/python3.12/site-packages/airflow/example_dags/example_branch_operator.py
[2026-07-29T15:33:32.058+0000] {processor.py:914} INFO - Processing file /home/airflow/.local/lib/python3.12/site-packages/airflow/example_dags/example_branch_operator.py for tasks to queue
[2026-07-29T15:33:32.059+0000] {logging_mixin.py:190} INFO - [2026-07-29T15:33:32.059+0000] {dagbag.py:587} INFO - Filling up the DagBag from /home/airflow/.local/lib/python3.12/site-packages/airflow/example_dags/example_branch_operator.py
[2026-07-29T15:33:32.069+0000] {processor.py:925} INFO - DAG(s) 'example_branch_operator' retrieved from /home/airflow/.local/lib/python3.12/site-packages/airflow/example_dags/example_branch_operator.py
[2026-07-29T15:33:32.081+0000] {logging_mixin.py:190} INFO - [2026-07-29T15:33:32.081+0000] {dag.py:3211} INFO - Sync 1 DAGs
[2026-07-29T15:33:32.092+0000] {logging_mixin.py:190} INFO - [2026-07-29T15:33:32.092+0000] {dag.py:4138} INFO - Setting next_dagrun for example_branch_operator to 2026-07-28 00:00:00+00:00, run_after=2026-07-29 00:00:00+00:00
[2026-07-29T15:33:32.102+0000] {processor.py:208} INFO - Processing /home/airflow/.local/lib/python3.12/site-packages/airflow/example_dags/example_branch_operator.py took 0.048 seconds
[2026-07-29T15:34:02.399+0000] {processor.py:186} INFO - Started process (PID=808) to work on /home/airflow/.local/lib/python3.12/site-packages/airflow/example_dags/example_branch_operator.py
[2026-07-29T15:34:02.400+0000] {processor.py:914} INFO - Processing file /home/airflow/.local/lib/python3.12/site-packages/airflow/example_dags/example_branch_operator.py for tasks to queue
[2026-07-29T15:34:02.401+0000] {logging_mixin.py:190} INFO - [2026-07-29T15:34:02.401+0000] {dagbag.py:587} INFO - Filling up the DagBag from /home/airflow/.local/lib/python3.12/site-packages/airflow/example_dags/example_branch_operator.py
[2026-07-29T15:34:02.418+0000] {processor.py:925} INFO - DAG(s) 'example_branch_operator' retrieved from /home/airflow/.local/lib/python3.12/site-packages/airflow/example_dags/example_branch_operator.py
[2026-07-29T15:34:02.431+0000] {logging_mixin.py:190} INFO - [2026-07-29T15:34:02.431+0000] {dag.py:3211} INFO - Sync 1 DAGs
[2026-07-29T15:34:02.441+0000] {logging_mixin.py:190} INFO - [2026-07-29T15:34:02.441+0000] {dag.py:4138} INFO - Setting next_dagrun for example_branch_operator to 2026-07-28 00:00:00+00:00, run_after=2026-07-29 00:00:00+00:00
[2026-07-29T15:34:02.449+0000] {processor.py:208} INFO - Processing /home/airflow/.local/lib/python3.12/site-packages/airflow/example_dags/example_branch_operator.py took 0.052 seconds
[2026-07-29T15:34:32.787+0000] {processor.py:186} INFO - Started process (PID=874) to work on /home/airflow/.local/lib/python3.12/site-packages/airflow/example_dags/example_branch_operator.py
[2026-07-29T15:34:32.788+0000] {processor.py:914} INFO - Processing file /home/airflow/.local/lib/python3.12/site-packages/airflow/example_dags/example_branch_operator.py for tasks to queue
[2026-07-29T15:34:32.789+0000] {logging_mixin.py:190} INFO - [2026-07-29T15:34:32.789+0000] {dagbag.py:587} INFO - Filling up the DagBag from /home/airflow/.local/lib/python3.12/site-packages/airflow/example_dags/example_branch_operator.py
[2026-07-29T15:34:32.797+0000] {processor.py:925} INFO - DAG(s) 'example_branch_operator' retrieved from /home/airflow/.local/lib/python3.12/site-packages/airflow/example_dags/example_branch_operator.py
[2026-07-29T15:34:32.808+0000] {logging_mixin.py:190} INFO - [2026-07-29T15:34:32.808+0000] {dag.py:3211} INFO - Sync 1 DAGs
[2026-07-29T15:34:32.818+0000] {logging_mixin.py:190} INFO - [2026-07-29T15:34:32.817+0000] {dag.py:4138} INFO - Setting next_dagrun for example_branch_operator to 2026-07-28 00:00:00+00:00, run_after=2026-07-29 00:00:00+00:00
[2026-07-29T15:34:32.824+0000] {processor.py:208} INFO - Processing /home/airflow/.local/lib/python3.12/site-packages/airflow/example_dags/example_branch_operator.py took 0.040 seconds
[2026-07-29T15:35:03.100+0000] {processor.py:186} INFO - Started process (PID=940) to work on /home/airflow/.local/lib/python3.12/site-packages/airflow/example_dags/example_branch_operator.py
[2026-07-29T15:35:03.101+0000] {processor.py:914} INFO - Processing file /home/airflow/.local/lib/python3.12/site-packages/airflow/example_dags/example_branch_operator.py for tasks to queue
[2026-07-29T15:35:03.102+0000] {logging_mixin.py:190} INFO - [2026-07-29T15:35:03.102+0000] {dagbag.py:587} INFO - Filling up the DagBag from /home/airflow/.local/lib/python3.12/site-packages/airflow/example_dags/example_branch_operator.py
[2026-07-29T15:35:03.111+0000] {processor.py:925} INFO - DAG(s) 'example_branch_operator' retrieved from /home/airflow/.local/lib/python3.12/site-packages/airflow/example_dags/example_branch_operator.py
[2026-07-29T15:35:03.122+0000] {logging_mixin.py:190} INFO - [2026-07-29T15:35:03.122+0000] {dag.py:3211} INFO - Sync 1 DAGs
[2026-07-29T15:35:03.133+0000] {logging_mixin.py:190} INFO - [2026-07-29T15:35:03.133+0000] {dag.py:4138} INFO - Setting next_dagrun for example_branch_operator to 2026-07-28 00:00:00+00:00, run_after=2026-07-29 00:00:00+00:00
[2026-07-29T15:35:03.144+0000] {processor.py:208} INFO - Processing /home/airflow/.local/lib/python3.12/site-packages/airflow/example_dags/example_branch_operator.py took 0.046 seconds
[2026-07-29T15:35:33.233+0000] {processor.py:186} INFO - Started process (PID=1006) to work on /home/airflow/.local/lib/python3.12/site-packages/airflow/example_dags/example_branch_operator.py
[2026-07-29T15:35:33.233+0000] {processor.py:914} INFO - Processing file /home/airflow/.local/lib/python3.12/site-packages/airflow/example_dags/example_branch_operator.py for tasks to queue
[2026-07-29T15:35:33.234+0000] {logging_mixin.py:190} INFO - [2026-07-29T15:35:33.234+0000] {dagbag.py:587} INFO - Filling up the DagBag from /home/airflow/.local/lib/python3.12/site-packages/airflow/example_dags/example_branch_operator.py
[2026-07-29T15:35:33.243+0000] {processor.py:925} INFO - DAG(s) 'example_branch_operator' retrieved from /home/airflow/.local/lib/python3.12/site-packages/airflow/example_dags/example_branch_operator.py
[2026-07-29T15:35:33.257+0000] {logging_mixin.py:190} INFO - [2026-07-29T15:35:33.257+0000] {dag.py:3211} INFO - Sync 1 DAGs
[2026-07-29T15:35:33.267+0000] {logging_mixin.py:190} INFO - [2026-07-29T15:35:33.266+0000] {dag.py:4138} INFO - Setting next_dagrun for example_branch_operator to 2026-07-28 00:00:00+00:00, run_after=2026-07-29 00:00:00+00:00
[2026-07-29T15:35:33.273+0000] {processor.py:208} INFO - Processing /home/airflow/.local/lib/python3.12/site-packages/airflow/example_dags/example_branch_operator.py took 0.043 seconds
[2026-07-29T15:36:03.733+0000] {processor.py:186} INFO - Started process (PID=1072) to work on /home/airflow/.local/lib/python3.12/site-packages/airflow/example_dags/example_branch_operator.py
[2026-07-29T15:36:03.734+0000] {processor.py:914} INFO - Processing file /home/airflow/.local/lib/python3.12/site-packages/airflow/example_dags/example_branch_operator.py for tasks to queue
[2026-07-29T15:36:03.735+0000] {logging_mixin.py:190} INFO - [2026-07-29T15:36:03.735+0000] {dagbag.py:587} INFO - Filling up the DagBag from /home/airflow/.local/lib/python3.12/site-packages/airflow/example_dags/example_branch_operator.py
[2026-07-29T15:36:03.743+0000] {processor.py:925} INFO - DAG(s) 'example_branch_operator' retrieved from /home/airflow/.local/lib/python3.12/site-packages/airflow/example_dags/example_branch_operator.py
[2026-07-29T15:36:03.757+0000] {logging_mixin.py:190} INFO - [2026-07-29T15:36:03.757+0000] {dag.py:3211} INFO - Sync 1 DAGs
[2026-07-29T15:36:03.768+0000] {logging_mixin.py:190} INFO - [2026-07-29T15:36:03.768+0000] {dag.py:4138} INFO - Setting next_dagrun for example_branch_operator to 2026-07-28 00:00:00+00:00, run_after=2026-07-29 00:00:00+00:00
[2026-07-29T15:36:03.777+0000] {processor.py:208} INFO - Processing /home/airflow/.local/lib/python3.12/site-packages/airflow/example_dags/example_branch_operator.py took 0.047 seconds
[2026-07-29T15:36:34.072+0000] {processor.py:186} INFO - Started process (PID=1138) to work on /home/airflow/.local/lib/python3.12/site-packages/airflow/example_dags/example_branch_operator.py
[2026-07-29T15:36:34.072+0000] {processor.py:914} INFO - Processing file /home/airflow/.local/lib/python3.12/site-packages/airflow/example_dags/example_branch_operator.py for tasks to queue
[2026-07-29T15:36:34.074+0000] {logging_mixin.py:190} INFO - [2026-07-29T15:36:34.074+0000] {dagbag.py:587} INFO - Filling up the DagBag from /home/airflow/.local/lib/python3.12/site-packages/airflow/example_dags/example_branch_operator.py
[2026-07-29T15:36:34.082+0000] {processor.py:925} INFO - DAG(s) 'example_branch_operator' retrieved from /home/airflow/.local/lib/python3.12/site-packages/airflow/example_dags/example_branch_operator.py
[2026-07-29T15:36:34.100+0000] {logging_mixin.py:190} INFO - [2026-07-29T15:36:34.100+0000] {dag.py:3211} INFO - Sync 1 DAGs
[2026-07-29T15:36:34.108+0000] {logging_mixin.py:190} INFO - [2026-07-29T15:36:34.108+0000] {dag.py:4138} INFO - Setting next_dagrun for example_branch_operator to 2026-07-28 00:00:00+00:00, run_after=2026-07-29 00:00:00+00:00
[2026-07-29T15:36:34.117+0000] {processor.py:208} INFO - Processing /home/airflow/.local/lib/python3.12/site-packages/airflow/example_dags/example_branch_operator.py took 0.048 seconds
[2026-07-29T15:37:04.254+0000] {processor.py:186} INFO - Started process (PID=1205) to work on /home/airflow/.local/lib/python3.12/site-packages/airflow/example_dags/example_branch_operator.py
[2026-07-29T15:37:04.255+0000] {processor.py:914} INFO - Processing file /home/airflow/.local/lib/python3.12/site-packages/airflow/example_dags/example_branch_operator.py for tasks to queue
[2026-07-29T15:37:04.256+0000] {logging_mixin.py:190} INFO - [2026-07-29T15:37:04.255+0000] {dagbag.py:587} INFO - Filling up the DagBag from /home/airflow/.local/lib/python3.12/site-packages/airflow/example_dags/example_branch_operator.py
[2026-07-29T15:37:04.264+0000] {processor.py:925} INFO - DAG(s) 'example_branch_operator' retrieved from /home/airflow/.local/lib/python3.12/site-packages/airflow/example_dags/example_branch_operator.py
[2026-07-29T15:37:04.277+0000] {logging_mixin.py:190} INFO - [2026-07-29T15:37:04.277+0000] {dag.py:3211} INFO - Sync 1 DAGs
[2026-07-29T15:37:04.286+0000] {logging_mixin.py:190} INFO - [2026-07-29T15:37:04.286+0000] {dag.py:4138} INFO - Setting next_dagrun for example_branch_operator to 2026-07-28 00:00:00+00:00, run_after=2026-07-29 00:00:00+00:00
[2026-07-29T15:37:04.295+0000] {processor.py:208} INFO - Processing /home/airflow/.local/lib/python3.12/site-packages/airflow/example_dags/example_branch_operator.py took 0.044 seconds
[2026-07-29T15:37:34.520+0000] {processor.py:186} INFO - Started process (PID=1270) to work on /home/airflow/.local/lib/python3.12/site-packages/airflow/example_dags/example_branch_operator.py
[2026-07-29T15:37:34.521+0000] {processor.py:914} INFO - Processing file /home/airflow/.local/lib/python3.12/site-packages/airflow/example_dags/example_branch_operator.py for tasks to queue
[2026-07-29T15:37:34.522+0000] {logging_mixin.py:190} INFO - [2026-07-29T15:37:34.522+0000] {dagbag.py:587} INFO - Filling up the DagBag from /home/airflow/.local/lib/python3.12/site-packages/airflow/example_dags/example_branch_operator.py
[2026-07-29T15:37:34.532+0000] {processor.py:925} INFO - DAG(s) 'example_branch_operator' retrieved from /home/airflow/.local/lib/python3.12/site-packages/airflow/example_dags/example_branch_operator.py
[2026-07-29T15:37:34.549+0000] {logging_mixin.py:190} INFO - [2026-07-29T15:37:34.549+0000] {dag.py:3211} INFO - Sync 1 DAGs
[2026-07-29T15:37:34.558+0000] {logging_mixin.py:190} INFO - [2026-07-29T15:37:34.558+0000] {dag.py:4138} INFO - Setting next_dagrun for example_branch_operator to 2026-07-28 00:00:00+00:00, run_after=2026-07-29 00:00:00+00:00
[2026-07-29T15:37:34.568+0000] {processor.py:208} INFO - Processing /home/airflow/.local/lib/python3.12/site-packages/airflow/example_dags/example_branch_operator.py took 0.051 seconds
[2026-07-29T15:38:04.650+0000] {processor.py:186} INFO - Started process (PID=1336) to work on /home/airflow/.local/lib/python3.12/site-packages/airflow/example_dags/example_branch_operator.py
[2026-07-29T15:38:04.651+0000] {processor.py:914} INFO - Processing file /home/airflow/.local/lib/python3.12/site-packages/airflow/example_dags/example_branch_operator.py for tasks to queue
[2026-07-29T15:38:04.652+0000] {logging_mixin.py:190} INFO - [2026-07-29T15:38:04.652+0000] {dagbag.py:587} INFO - Filling up the DagBag from /home/airflow/.local/lib/python3.12/site-packages/airflow/example_dags/example_branch_operator.py
[2026-07-29T15:38:04.659+0000] {processor.py:925} INFO - DAG(s) 'example_branch_operator' retrieved from /home/airflow/.local/lib/python3.12/site-packages/airflow/example_dags/example_branch_operator.py
[2026-07-29T15:38:04.670+0000] {logging_mixin.py:190} INFO - [2026-07-29T15:38:04.670+0000] {dag.py:3211} INFO - Sync 1 DAGs
[2026-07-29T15:38:04.682+0000] {logging_mixin.py:190} INFO - [2026-07-29T15:38:04.681+0000] {dag.py:4138} INFO - Setting next_dagrun for example_branch_operator to 2026-07-28 00:00:00+00:00, run_after=2026-07-29 00:00:00+00:00
[2026-07-29T15:38:04.690+0000] {processor.py:208} INFO - Processing /home/airflow/.local/lib/python3.12/site-packages/airflow/example_dags/example_branch_operator.py took 0.043 seconds
[2026-07-29T15:38:35.296+0000] {processor.py:186} INFO - Started process (PID=1402) to work on /home/airflow/.local/lib/python3.12/site-packages/airflow/example_dags/example_branch_operator.py
[2026-07-29T15:38:35.297+0000] {processor.py:914} INFO - Processing file /home/airflow/.local/lib/python3.12/site-packages/airflow/example_dags/example_branch_operator.py for tasks to queue
[2026-07-29T15:38:35.298+0000] {logging_mixin.py:190} INFO - [2026-07-29T15:38:35.298+0000] {dagbag.py:587} INFO - Filling up the DagBag from /home/airflow/.local/lib/python3.12/site-packages/airflow/example_dags/example_branch_operator.py
[2026-07-29T15:38:35.309+0000] {processor.py:925} INFO - DAG(s) 'example_branch_operator' retrieved from /home/airflow/.local/lib/python3.12/site-packages/airflow/example_dags/example_branch_operator.py
[2026-07-29T15:38:35.320+0000] {logging_mixin.py:190} INFO - [2026-07-29T15:38:35.320+0000] {dag.py:3211} INFO - Sync 1 DAGs
[2026-07-29T15:38:35.330+0000] {logging_mixin.py:190} INFO - [2026-07-29T15:38:35.330+0000] {dag.py:4138} INFO - Setting next_dagrun for example_branch_operator to 2026-07-28 00:00:00+00:00, run_after=2026-07-29 00:00:00+00:00
[2026-07-29T15:38:35.338+0000] {processor.py:208} INFO - Processing /home/airflow/.local/lib/python3.12/site-packages/airflow/example_dags/example_branch_operator.py took 0.045 seconds
[2026-07-29T15:39:06.203+0000] {processor.py:186} INFO - Started process (PID=1468) to work on /home/airflow/.local/lib/python3.12/site-packages/airflow/example_dags/example_branch_operator.py
[2026-07-29T15:39:06.203+0000] {processor.py:914} INFO - Processing file /home/airflow/.local/lib/python3.12/site-packages/airflow/example_dags/example_branch_operator.py for tasks to queue
[2026-07-29T15:39:06.204+0000] {logging_mixin.py:190} INFO - [2026-07-29T15:39:06.204+0000] {dagbag.py:587} INFO - Filling up the DagBag from /home/airflow/.local/lib/python3.12/site-packages/airflow/example_dags/example_branch_operator.py
[2026-07-29T15:39:06.212+0000] {processor.py:925} INFO - DAG(s) 'example_branch_operator' retrieved from /home/airflow/.local/lib/python3.12/site-packages/airflow/example_dags/example_branch_operator.py
[2026-07-29T15:39:06.224+0000] {logging_mixin.py:190} INFO - [2026-07-29T15:39:06.224+0000] {dag.py:3211} INFO - Sync 1 DAGs
[2026-07-29T15:39:06.232+0000] {logging_mixin.py:190} INFO - [2026-07-29T15:39:06.232+0000] {dag.py:4138} INFO - Setting next_dagrun for example_branch_operator to 2026-07-28 00:00:00+00:00, run_after=2026-07-29 00:00:00+00:00
[2026-07-29T15:39:06.238+0000] {processor.py:208} INFO - Processing /home/airflow/.local/lib/python3.12/site-packages/airflow/example_dags/example_branch_operator.py took 0.038 seconds
[2026-07-29T15:39:37.180+0000] {processor.py:186} INFO - Started process (PID=1534) to work on /home/airflow/.local/lib/python3.12/site-packages/airflow/example_dags/example_branch_operator.py
[2026-07-29T15:39:37.180+0000] {processor.py:914} INFO - Processing file /home/airflow/.local/lib/python3.12/site-packages/airflow/example_dags/example_branch_operator.py for tasks to queue
[2026-07-29T15:39:37.181+0000] {logging_mixin.py:190} INFO - [2026-07-29T15:39:37.181+0000] {dagbag.py:587} INFO - Filling up the DagBag from /home/airflow/.local/lib/python3.12/site-packages/airflow/example_dags/example_branch_operator.py
[2026-07-29T15:39:37.189+0000] {processor.py:925} INFO - DAG(s) 'example_branch_operator' retrieved from /home/airflow/.local/lib/python3.12/site-packages/airflow/example_dags/example_branch_operator.py
[2026-07-29T15:39:37.199+0000] {logging_mixin.py:190} INFO - [2026-07-29T15:39:37.199+0000] {dag.py:3211} INFO - Sync 1 DAGs
[2026-07-29T15:39:37.207+0000] {logging_mixin.py:190} INFO - [2026-07-29T15:39:37.207+0000] {dag.py:4138} INFO - Setting next_dagrun for example_branch_operator to 2026-07-28 00:00:00+00:00, run_after=2026-07-29 00:00:00+00:00
[2026-07-29T15:39:37.213+0000] {processor.py:208} INFO - Processing /home/airflow/.local/lib/python3.12/site-packages/airflow/example_dags/example_branch_operator.py took 0.035 seconds
[2026-07-29T15:40:08.235+0000] {processor.py:186} INFO - Started process (PID=1600) to work on /home/airflow/.local/lib/python3.12/site-packages/airflow/example_dags/example_branch_operator.py
[2026-07-29T15:40:08.235+0000] {processor.py:914} INFO - Processing file /home/airflow/.local/lib/python3.12/site-packages/airflow/example_dags/example_branch_operator.py for tasks to queue
[2026-07-29T15:40:08.237+0000] {logging_mixin.py:190} INFO - [2026-07-29T15:40:08.236+0000] {dagbag.py:587} INFO - Filling up the DagBag from /home/airflow/.local/lib/python3.12/site-packages/airflow/example_dags/example_branch_operator.py
[2026-07-29T15:40:08.246+0000] {processor.py:925} INFO - DAG(s) 'example_branch_operator' retrieved from /home/airflow/.local/lib/python3.12/site-packages/airflow/example_dags/example_branch_operator.py
[2026-07-29T15:40:08.261+0000] {logging_mixin.py:190} INFO - [2026-07-29T15:40:08.261+0000] {dag.py:3211} INFO - Sync 1 DAGs
[2026-07-29T15:40:08.273+0000] {logging_mixin.py:190} INFO - [2026-07-29T15:40:08.273+0000] {dag.py:4138} INFO - Setting next_dagrun for example_branch_operator to 2026-07-28 00:00:00+00:00, run_after=2026-07-29 00:00:00+00:00
[2026-07-29T15:40:08.279+0000] {processor.py:208} INFO - Processing /home/airflow/.local/lib/python3.12/site-packages/airflow/example_dags/example_branch_operator.py took 0.048 seconds
[2026-07-29T15:40:39.230+0000] {processor.py:186} INFO - Started process (PID=1666) to work on /home/airflow/.local/lib/python3.12/site-packages/airflow/example_dags/example_branch_operator.py
[2026-07-29T15:40:39.232+0000] {processor.py:914} INFO - Processing file /home/airflow/.local/lib/python3.12/site-packages/airflow/example_dags/example_branch_operator.py for tasks to queue
[2026-07-29T15:40:39.233+0000] {logging_mixin.py:190} INFO - [2026-07-29T15:40:39.233+0000] {dagbag.py:587} INFO - Filling up the DagBag from /home/airflow/.local/lib/python3.12/site-packages/airflow/example_dags/example_branch_operator.py
[2026-07-29T15:40:39.242+0000] {processor.py:925} INFO - DAG(s) 'example_branch_operator' retrieved from /home/airflow/.local/lib/python3.12/site-packages/airflow/example_dags/example_branch_operator.py
[2026-07-29T15:40:39.258+0000] {logging_mixin.py:190} INFO - [2026-07-29T15:40:39.258+0000] {dag.py:3211} INFO - Sync 1 DAGs
[2026-07-29T15:40:39.267+0000] {logging_mixin.py:190} INFO - [2026-07-29T15:40:39.267+0000] {dag.py:4138} INFO - Setting next_dagrun for example_branch_operator to 2026-07-28 00:00:00+00:00, run_after=2026-07-29 00:00:00+00:00
[2026-07-29T15:40:39.274+0000] {processor.py:208} INFO - Processing /home/airflow/.local/lib/python3.12/site-packages/airflow/example_dags/example_branch_operator.py took 0.047 seconds
[2026-07-29T15:41:10.194+0000] {processor.py:186} INFO - Started process (PID=1732) to work on /home/airflow/.local/lib/python3.12/site-packages/airflow/example_dags/example_branch_operator.py
[2026-07-29T15:41:10.195+0000] {processor.py:914} INFO - Processing file /home/airflow/.local/lib/python3.12/site-packages/airflow/example_dags/example_branch_operator.py for tasks to queue
[2026-07-29T15:41:10.196+0000] {logging_mixin.py:190} INFO - [2026-07-29T15:41:10.196+0000] {dagbag.py:587} INFO - Filling up the DagBag from /home/airflow/.local/lib/python3.12/site-packages/airflow/example_dags/example_branch_operator.py
[2026-07-29T15:41:10.204+0000] {processor.py:925} INFO - DAG(s) 'example_branch_operator' retrieved from /home/airflow/.local/lib/python3.12/site-packages/airflow/example_dags/example_branch_operator.py
[2026-07-29T15:41:10.218+0000] {logging_mixin.py:190} INFO - [2026-07-29T15:41:10.218+0000] {dag.py:3211} INFO - Sync 1 DAGs
[2026-07-29T15:41:10.229+0000] {logging_mixin.py:190} INFO - [2026-07-29T15:41:10.229+0000] {dag.py:4138} INFO - Setting next_dagrun for example_branch_operator to 2026-07-28 00:00:00+00:00, run_after=2026-07-29 00:00:00+00:00
[2026-07-29T15:41:10.239+0000] {processor.py:208} INFO - Processing /home/airflow/.local/lib/python3.12/site-packages/airflow/example_dags/example_branch_operator.py took 0.048 seconds
[2026-07-29T15:41:41.141+0000] {processor.py:186} INFO - Started process (PID=1798) to work on /home/airflow/.local/lib/python3.12/site-packages/airflow/example_dags/example_branch_operator.py
[2026-07-29T15:41:41.142+0000] {processor.py:914} INFO - Processing file /home/airflow/.local/lib/python3.12/site-packages/airflow/example_dags/example_branch_operator.py for tasks to queue
[2026-07-29T15:41:41.143+0000] {logging_mixin.py:190} INFO - [2026-07-29T15:41:41.143+0000] {dagbag.py:587} INFO - Filling up the DagBag from /home/airflow/.local/lib/python3.12/site-packages/airflow/example_dags/example_branch_operator.py
[2026-07-29T15:41:41.152+0000] {processor.py:925} INFO - DAG(s) 'example_branch_operator' retrieved from /home/airflow/.local/lib/python3.12/site-packages/airflow/example_dags/example_branch_operator.py
[2026-07-29T15:41:41.164+0000] {logging_mixin.py:190} INFO - [2026-07-29T15:41:41.164+0000] {dag.py:3211} INFO - Sync 1 DAGs
[2026-07-29T15:41:41.175+0000] {logging_mixin.py:190} INFO - [2026-07-29T15:41:41.175+0000] {dag.py:4138} INFO - Setting next_dagrun for example_branch_operator to 2026-07-28 00:00:00+00:00, run_after=2026-07-29 00:00:00+00:00
[2026-07-29T15:41:41.181+0000] {processor.py:208} INFO - Processing /home/airflow/.local/lib/python3.12/site-packages/airflow/example_dags/example_branch_operator.py took 0.043 seconds
[2026-07-29T15:42:12.133+0000] {processor.py:186} INFO - Started process (PID=1864) to work on /home/airflow/.local/lib/python3.12/site-packages/airflow/example_dags/example_branch_operator.py
[2026-07-29T15:42:12.133+0000] {processor.py:914} INFO - Processing file /home/airflow/.local/lib/python3.12/site-packages/airflow/example_dags/example_branch_operator.py for tasks to queue
[2026-07-29T15:42:12.135+0000] {logging_mixin.py:190} INFO - [2026-07-29T15:42:12.135+0000] {dagbag.py:587} INFO - Filling up the DagBag from /home/airflow/.local/lib/python3.12/site-packages/airflow/example_dags/example_branch_operator.py
[2026-07-29T15:42:12.146+0000] {processor.py:925} INFO - DAG(s) 'example_branch_operator' retrieved from /home/airflow/.local/lib/python3.12/site-packages/airflow/example_dags/example_branch_operator.py
[2026-07-29T15:42:12.159+0000] {logging_mixin.py:190} INFO - [2026-07-29T15:42:12.159+0000] {dag.py:3211} INFO - Sync 1 DAGs
[2026-07-29T15:42:12.169+0000] {logging_mixin.py:190} INFO - [2026-07-29T15:42:12.169+0000] {dag.py:4138} INFO - Setting next_dagrun for example_branch_operator to 2026-07-28 00:00:00+00:00, run_after=2026-07-29 00:00:00+00:00
[2026-07-29T15:42:12.181+0000] {processor.py:208} INFO - Processing /home/airflow/.local/lib/python3.12/site-packages/airflow/example_dags/example_branch_operator.py took 0.052 seconds
[2026-07-29T15:42:43.124+0000] {processor.py:186} INFO - Started process (PID=1930) to work on /home/airflow/.local/lib/python3.12/site-packages/airflow/example_dags/example_branch_operator.py
[2026-07-29T15:42:43.124+0000] {processor.py:914} INFO - Processing file /home/airflow/.local/lib/python3.12/site-packages/airflow/example_dags/example_branch_operator.py for tasks to queue
[2026-07-29T15:42:43.126+0000] {logging_mixin.py:190} INFO - [2026-07-29T15:42:43.125+0000] {dagbag.py:587} INFO - Filling up the DagBag from /home/airflow/.local/lib/python3.12/site-packages/airflow/example_dags/example_branch_operator.py
[2026-07-29T15:42:43.135+0000] {processor.py:925} INFO - DAG(s) 'example_branch_operator' retrieved from /home/airflow/.local/lib/python3.12/site-packages/airflow/example_dags/example_branch_operator.py
[2026-07-29T15:42:43.149+0000] {logging_mixin.py:190} INFO - [2026-07-29T15:42:43.149+0000] {dag.py:3211} INFO - Sync 1 DAGs
[2026-07-29T15:42:43.157+0000] {logging_mixin.py:190} INFO - [2026-07-29T15:42:43.157+0000] {dag.py:4138} INFO - Setting next_dagrun for example_branch_operator to 2026-07-28 00:00:00+00:00, run_after=2026-07-29 00:00:00+00:00
[2026-07-29T15:42:43.168+0000] {processor.py:208} INFO - Processing /home/airflow/.local/lib/python3.12/site-packages/airflow/example_dags/example_branch_operator.py took 0.047 seconds
[2026-07-29T15:43:14.084+0000] {processor.py:186} INFO - Started process (PID=1996) to work on /home/airflow/.local/lib/python3.12/site-packages/airflow/example_dags/example_branch_operator.py
[2026-07-29T15:43:14.084+0000] {processor.py:914} INFO - Processing file /home/airflow/.local/lib/python3.12/site-packages/airflow/example_dags/example_branch_operator.py for tasks to queue
[2026-07-29T15:43:14.086+0000] {logging_mixin.py:190} INFO - [2026-07-29T15:43:14.086+0000] {dagbag.py:587} INFO - Filling up the DagBag from /home/airflow/.local/lib/python3.12/site-packages/airflow/example_dags/example_branch_operator.py
[2026-07-29T15:43:14.094+0000] {processor.py:925} INFO - DAG(s) 'example_branch_operator' retrieved from /home/airflow/.local/lib/python3.12/site-packages/airflow/example_dags/example_branch_operator.py
[2026-07-29T15:43:14.108+0000] {logging_mixin.py:190} INFO - [2026-07-29T15:43:14.108+0000] {dag.py:3211} INFO - Sync 1 DAGs
[2026-07-29T15:43:14.121+0000] {logging_mixin.py:190} INFO - [2026-07-29T15:43:14.121+0000] {dag.py:4138} INFO - Setting next_dagrun for example_branch_operator to 2026-07-28 00:00:00+00:00, run_after=2026-07-29 00:00:00+00:00
[2026-07-29T15:43:14.129+0000] {processor.py:208} INFO - Processing /home/airflow/.local/lib/python3.12/site-packages/airflow/example_dags/example_branch_operator.py took 0.048 seconds
[2026-07-29T15:43:44.643+0000] {processor.py:186} INFO - Started process (PID=2062) to work on /home/airflow/.local/lib/python3.12/site-packages/airflow/example_dags/example_branch_operator.py
[2026-07-29T15:43:44.643+0000] {processor.py:914} INFO - Processing file /home/airflow/.local/lib/python3.12/site-packages/airflow/example_dags/example_branch_operator.py for tasks to queue
[2026-07-29T15:43:44.644+0000] {logging_mixin.py:190} INFO - [2026-07-29T15:43:44.644+0000] {dagbag.py:587} INFO - Filling up the DagBag from /home/airflow/.local/lib/python3.12/site-packages/airflow/example_dags/example_branch_operator.py
[2026-07-29T15:43:44.652+0000] {processor.py:925} INFO - DAG(s) 'example_branch_operator' retrieved from /home/airflow/.local/lib/python3.12/site-packages/airflow/example_dags/example_branch_operator.py
[2026-07-29T15:43:44.663+0000] {logging_mixin.py:190} INFO - [2026-07-29T15:43:44.663+0000] {dag.py:3211} INFO - Sync 1 DAGs
[2026-07-29T15:43:44.671+0000] {logging_mixin.py:190} INFO - [2026-07-29T15:43:44.671+0000] {dag.py:4138} INFO - Setting next_dagrun for example_branch_operator to 2026-07-28 00:00:00+00:00, run_after=2026-07-29 00:00:00+00:00
[2026-07-29T15:43:44.677+0000] {processor.py:208} INFO - Processing /home/airflow/.local/lib/python3.12/site-packages/airflow/example_dags/example_branch_operator.py took 0.037 seconds
[2026-07-29T15:58:52.937+0000] {processor.py:186} INFO - Started process (PID=2122) to work on /home/airflow/.local/lib/python3.12/site-packages/airflow/example_dags/example_branch_operator.py
[2026-07-29T15:58:52.938+0000] {processor.py:914} INFO - Processing file /home/airflow/.local/lib/python3.12/site-packages/airflow/example_dags/example_branch_operator.py for tasks to queue
[2026-07-29T15:58:52.939+0000] {logging_mixin.py:190} INFO - [2026-07-29T15:58:52.939+0000] {dagbag.py:587} INFO - Filling up the DagBag from /home/airflow/.local/lib/python3.12/site-packages/airflow/example_dags/example_branch_operator.py
[2026-07-29T15:58:52.949+0000] {processor.py:925} INFO - DAG(s) 'example_branch_operator' retrieved from /home/airflow/.local/lib/python3.12/site-packages/airflow/example_dags/example_branch_operator.py
[2026-07-29T15:58:52.961+0000] {logging_mixin.py:190} INFO - [2026-07-29T15:58:52.961+0000] {dag.py:3211} INFO - Sync 1 DAGs
[2026-07-29T15:58:52.972+0000] {logging_mixin.py:190} INFO - [2026-07-29T15:58:52.972+0000] {dag.py:4138} INFO - Setting next_dagrun for example_branch_operator to 2026-07-28 00:00:00+00:00, run_after=2026-07-29 00:00:00+00:00
[2026-07-29T15:58:52.980+0000] {processor.py:208} INFO - Processing /home/airflow/.local/lib/python3.12/site-packages/airflow/example_dags/example_branch_operator.py took 0.046 seconds
[2026-07-29T15:59:23.074+0000] {processor.py:186} INFO - Started process (PID=2188) to work on /home/airflow/.local/lib/python3.12/site-packages/airflow/example_dags/example_branch_operator.py
[2026-07-29T15:59:23.075+0000] {processor.py:914} INFO - Processing file /home/airflow/.local/lib/python3.12/site-packages/airflow/example_dags/example_branch_operator.py for tasks to queue
[2026-07-29T15:59:23.075+0000] {logging_mixin.py:190} INFO - [2026-07-29T15:59:23.075+0000] {dagbag.py:587} INFO - Filling up the DagBag from /home/airflow/.local/lib/python3.12/site-packages/airflow/example_dags/example_branch_operator.py
[2026-07-29T15:59:23.082+0000] {processor.py:925} INFO - DAG(s) 'example_branch_operator' retrieved from /home/airflow/.local/lib/python3.12/site-packages/airflow/example_dags/example_branch_operator.py
[2026-07-29T15:59:23.093+0000] {logging_mixin.py:190} INFO - [2026-07-29T15:59:23.093+0000] {dag.py:3211} INFO - Sync 1 DAGs
[2026-07-29T15:59:23.100+0000] {logging_mixin.py:190} INFO - [2026-07-29T15:59:23.100+0000] {dag.py:4138} INFO - Setting next_dagrun for example_branch_operator to 2026-07-28 00:00:00+00:00, run_after=2026-07-29 00:00:00+00:00
[2026-07-29T15:59:23.105+0000] {processor.py:208} INFO - Processing /home/airflow/.local/lib/python3.12/site-packages/airflow/example_dags/example_branch_operator.py took 0.034 seconds
[2026-07-29T15:59:54.052+0000] {processor.py:186} INFO - Started process (PID=2254) to work on /home/airflow/.local/lib/python3.12/site-packages/airflow/example_dags/example_branch_operator.py
[2026-07-29T15:59:54.053+0000] {processor.py:914} INFO - Processing file /home/airflow/.local/lib/python3.12/site-packages/airflow/example_dags/example_branch_operator.py for tasks to queue
[2026-07-29T15:59:54.054+0000] {logging_mixin.py:190} INFO - [2026-07-29T15:59:54.053+0000] {dagbag.py:587} INFO - Filling up the DagBag from /home/airflow/.local/lib/python3.12/site-packages/airflow/example_dags/example_branch_operator.py
[2026-07-29T15:59:54.061+0000] {processor.py:925} INFO - DAG(s) 'example_branch_operator' retrieved from /home/airflow/.local/lib/python3.12/site-packages/airflow/example_dags/example_branch_operator.py
[2026-07-29T15:59:54.073+0000] {logging_mixin.py:190} INFO - [2026-07-29T15:59:54.073+0000] {dag.py:3211} INFO - Sync 1 DAGs
[2026-07-29T15:59:54.084+0000] {logging_mixin.py:190} INFO - [2026-07-29T15:59:54.084+0000] {dag.py:4138} INFO - Setting next_dagrun for example_branch_operator to 2026-07-28 00:00:00+00:00, run_after=2026-07-29 00:00:00+00:00
[2026-07-29T15:59:54.090+0000] {processor.py:208} INFO - Processing /home/airflow/.local/lib/python3.12/site-packages/airflow/example_dags/example_branch_operator.py took 0.041 seconds
[2026-07-29T16:00:25.006+0000] {processor.py:186} INFO - Started process (PID=2320) to work on /home/airflow/.local/lib/python3.12/site-packages/airflow/example_dags/example_branch_operator.py
[2026-07-29T16:00:25.007+0000] {processor.py:914} INFO - Processing file /home/airflow/.local/lib/python3.12/site-packages/airflow/example_dags/example_branch_operator.py for tasks to queue
[2026-07-29T16:00:25.009+0000] {logging_mixin.py:190} INFO - [2026-07-29T16:00:25.009+0000] {dagbag.py:587} INFO - Filling up the DagBag from /home/airflow/.local/lib/python3.12/site-packages/airflow/example_dags/example_branch_operator.py
[2026-07-29T16:00:25.016+0000] {processor.py:925} INFO - DAG(s) 'example_branch_operator' retrieved from /home/airflow/.local/lib/python3.12/site-packages/airflow/example_dags/example_branch_operator.py
[2026-07-29T16:00:25.032+0000] {logging_mixin.py:190} INFO - [2026-07-29T16:00:25.032+0000] {dag.py:3211} INFO - Sync 1 DAGs
[2026-07-29T16:00:25.041+0000] {logging_mixin.py:190} INFO - [2026-07-29T16:00:25.041+0000] {dag.py:4138} INFO - Setting next_dagrun for example_branch_operator to 2026-07-28 00:00:00+00:00, run_after=2026-07-29 00:00:00+00:00
[2026-07-29T16:00:25.054+0000] {processor.py:208} INFO - Processing /home/airflow/.local/lib/python3.12/site-packages/airflow/example_dags/example_branch_operator.py took 0.051 seconds
[2026-07-29T16:00:55.069+0000] {processor.py:186} INFO - Started process (PID=2386) to work on /home/airflow/.local/lib/python3.12/site-packages/airflow/example_dags/example_branch_operator.py
[2026-07-29T16:00:55.071+0000] {processor.py:914} INFO - Processing file /home/airflow/.local/lib/python3.12/site-packages/airflow/example_dags/example_branch_operator.py for tasks to queue
[2026-07-29T16:00:55.072+0000] {logging_mixin.py:190} INFO - [2026-07-29T16:00:55.072+0000] {dagbag.py:587} INFO - Filling up the DagBag from /home/airflow/.local/lib/python3.12/site-packages/airflow/example_dags/example_branch_operator.py
[2026-07-29T16:00:55.080+0000] {processor.py:925} INFO - DAG(s) 'example_branch_operator' retrieved from /home/airflow/.local/lib/python3.12/site-packages/airflow/example_dags/example_branch_operator.py
[2026-07-29T16:00:55.096+0000] {logging_mixin.py:190} INFO - [2026-07-29T16:00:55.096+0000] {dag.py:3211} INFO - Sync 1 DAGs
[2026-07-29T16:00:55.105+0000] {logging_mixin.py:190} INFO - [2026-07-29T16:00:55.105+0000] {dag.py:4138} INFO - Setting next_dagrun for example_branch_operator to 2026-07-28 00:00:00+00:00, run_after=2026-07-29 00:00:00+00:00
[2026-07-29T16:00:55.111+0000] {processor.py:208} INFO - Processing /home/airflow/.local/lib/python3.12/site-packages/airflow/example_dags/example_branch_operator.py took 0.044 seconds
[2026-07-29T16:01:26.011+0000] {processor.py:186} INFO - Started process (PID=2452) to work on /home/airflow/.local/lib/python3.12/site-packages/airflow/example_dags/example_branch_operator.py
[2026-07-29T16:01:26.011+0000] {processor.py:914} INFO - Processing file /home/airflow/.local/lib/python3.12/site-packages/airflow/example_dags/example_branch_operator.py for tasks to queue
[2026-07-29T16:01:26.013+0000] {logging_mixin.py:190} INFO - [2026-07-29T16:01:26.012+0000] {dagbag.py:587} INFO - Filling up the DagBag from /home/airflow/.local/lib/python3.12/site-packages/airflow/example_dags/example_branch_operator.py
[2026-07-29T16:01:26.020+0000] {processor.py:925} INFO - DAG(s) 'example_branch_operator' retrieved from /home/airflow/.local/lib/python3.12/site-packages/airflow/example_dags/example_branch_operator.py
[2026-07-29T16:01:26.031+0000] {logging_mixin.py:190} INFO - [2026-07-29T16:01:26.031+0000] {dag.py:3211} INFO - Sync 1 DAGs
[2026-07-29T16:01:26.040+0000] {logging_mixin.py:190} INFO - [2026-07-29T16:01:26.040+0000] {dag.py:4138} INFO - Setting next_dagrun for example_branch_operator to 2026-07-28 00:00:00+00:00, run_after=2026-07-29 00:00:00+00:00
[2026-07-29T16:01:26.046+0000] {processor.py:208} INFO - Processing /home/airflow/.local/lib/python3.12/site-packages/airflow/example_dags/example_branch_operator.py took 0.038 seconds
[2026-07-29T16:01:57.019+0000] {processor.py:186} INFO - Started process (PID=2518) to work on /home/airflow/.local/lib/python3.12/site-packages/airflow/example_dags/example_branch_operator.py
[2026-07-29T16:01:57.019+0000] {processor.py:914} INFO - Processing file /home/airflow/.local/lib/python3.12/site-packages/airflow/example_dags/example_branch_operator.py for tasks to queue
[2026-07-29T16:01:57.021+0000] {logging_mixin.py:190} INFO - [2026-07-29T16:01:57.020+0000] {dagbag.py:587} INFO - Filling up the DagBag from /home/airflow/.local/lib/python3.12/site-packages/airflow/example_dags/example_branch_operator.py
[2026-07-29T16:01:57.029+0000] {processor.py:925} INFO - DAG(s) 'example_branch_operator' retrieved from /home/airflow/.local/lib/python3.12/site-packages/airflow/example_dags/example_branch_operator.py
[2026-07-29T16:01:57.043+0000] {logging_mixin.py:190} INFO - [2026-07-29T16:01:57.043+0000] {dag.py:3211} INFO - Sync 1 DAGs
[2026-07-29T16:01:57.055+0000] {logging_mixin.py:190} INFO - [2026-07-29T16:01:57.054+0000] {dag.py:4138} INFO - Setting next_dagrun for example_branch_operator to 2026-07-28 00:00:00+00:00, run_after=2026-07-29 00:00:00+00:00
[2026-07-29T16:01:57.063+0000] {processor.py:208} INFO - Processing /home/airflow/.local/lib/python3.12/site-packages/airflow/example_dags/example_branch_operator.py took 0.047 seconds
[2026-07-29T16:02:27.974+0000] {processor.py:186} INFO - Started process (PID=2584) to work on /home/airflow/.local/lib/python3.12/site-packages/airflow/example_dags/example_branch_operator.py
[2026-07-29T16:02:27.975+0000] {processor.py:914} INFO - Processing file /home/airflow/.local/lib/python3.12/site-packages/airflow/example_dags/example_branch_operator.py for tasks to queue
[2026-07-29T16:02:27.976+0000] {logging_mixin.py:190} INFO - [2026-07-29T16:02:27.976+0000] {dagbag.py:587} INFO - Filling up the DagBag from /home/airflow/.local/lib/python3.12/site-packages/airflow/example_dags/example_branch_operator.py
[2026-07-29T16:02:27.984+0000] {processor.py:925} INFO - DAG(s) 'example_branch_operator' retrieved from /home/airflow/.local/lib/python3.12/site-packages/airflow/example_dags/example_branch_operator.py
[2026-07-29T16:02:27.995+0000] {logging_mixin.py:190} INFO - [2026-07-29T16:02:27.995+0000] {dag.py:3211} INFO - Sync 1 DAGs
[2026-07-29T16:02:28.007+0000] {logging_mixin.py:190} INFO - [2026-07-29T16:02:28.007+0000] {dag.py:4138} INFO - Setting next_dagrun for example_branch_operator to 2026-07-28 00:00:00+00:00, run_after=2026-07-29 00:00:00+00:00
[2026-07-29T16:02:28.017+0000] {processor.py:208} INFO - Processing /home/airflow/.local/lib/python3.12/site-packages/airflow/example_dags/example_branch_operator.py took 0.046 seconds
[2026-07-29T16:02:58.911+0000] {processor.py:186} INFO - Started process (PID=2650) to work on /home/airflow/.local/lib/python3.12/site-packages/airflow/example_dags/example_branch_operator.py
[2026-07-29T16:02:58.912+0000] {processor.py:914} INFO - Processing file /home/airflow/.local/lib/python3.12/site-packages/airflow/example_dags/example_branch_operator.py for tasks to queue
[2026-07-29T16:02:58.913+0000] {logging_mixin.py:190} INFO - [2026-07-29T16:02:58.913+0000] {dagbag.py:587} INFO - Filling up the DagBag from /home/airflow/.local/lib/python3.12/site-packages/airflow/example_dags/example_branch_operator.py
[2026-07-29T16:02:58.924+0000] {processor.py:925} INFO - DAG(s) 'example_branch_operator' retrieved from /home/airflow/.local/lib/python3.12/site-packages/airflow/example_dags/example_branch_operator.py
[2026-07-29T16:02:58.937+0000] {logging_mixin.py:190} INFO - [2026-07-29T16:02:58.937+0000] {dag.py:3211} INFO - Sync 1 DAGs
[2026-07-29T16:02:58.948+0000] {logging_mixin.py:190} INFO - [2026-07-29T16:02:58.948+0000] {dag.py:4138} INFO - Setting next_dagrun for example_branch_operator to 2026-07-28 00:00:00+00:00, run_after=2026-07-29 00:00:00+00:00
[2026-07-29T16:02:58.954+0000] {processor.py:208} INFO - Processing /home/airflow/.local/lib/python3.12/site-packages/airflow/example_dags/example_branch_operator.py took 0.045 seconds
[2026-07-29T16:03:29.935+0000] {processor.py:186} INFO - Started process (PID=2716) to work on /home/airflow/.local/lib/python3.12/site-packages/airflow/example_dags/example_branch_operator.py
[2026-07-29T16:03:29.935+0000] {processor.py:914} INFO - Processing file /home/airflow/.local/lib/python3.12/site-packages/airflow/example_dags/example_branch_operator.py for tasks to queue
[2026-07-29T16:03:29.936+0000] {logging_mixin.py:190} INFO - [2026-07-29T16:03:29.936+0000] {dagbag.py:587} INFO - Filling up the DagBag from /home/airflow/.local/lib/python3.12/site-packages/airflow/example_dags/example_branch_operator.py
[2026-07-29T16:03:29.946+0000] {processor.py:925} INFO - DAG(s) 'example_branch_operator' retrieved from /home/airflow/.local/lib/python3.12/site-packages/airflow/example_dags/example_branch_operator.py
[2026-07-29T16:03:29.961+0000] {logging_mixin.py:190} INFO - [2026-07-29T16:03:29.961+0000] {dag.py:3211} INFO - Sync 1 DAGs
[2026-07-29T16:03:29.971+0000] {logging_mixin.py:190} INFO - [2026-07-29T16:03:29.971+0000] {dag.py:4138} INFO - Setting next_dagrun for example_branch_operator to 2026-07-28 00:00:00+00:00, run_after=2026-07-29 00:00:00+00:00
[2026-07-29T16:03:29.977+0000] {processor.py:208} INFO - Processing /home/airflow/.local/lib/python3.12/site-packages/airflow/example_dags/example_branch_operator.py took 0.046 seconds
[2026-07-29T16:04:00.483+0000] {processor.py:186} INFO - Started process (PID=2782) to work on /home/airflow/.local/lib/python3.12/site-packages/airflow/example_dags/example_branch_operator.py
[2026-07-29T16:04:00.484+0000] {processor.py:914} INFO - Processing file /home/airflow/.local/lib/python3.12/site-packages/airflow/example_dags/example_branch_operator.py for tasks to queue
[2026-07-29T16:04:00.486+0000] {logging_mixin.py:190} INFO - [2026-07-29T16:04:00.486+0000] {dagbag.py:587} INFO - Filling up the DagBag from /home/airflow/.local/lib/python3.12/site-packages/airflow/example_dags/example_branch_operator.py
[2026-07-29T16:04:00.496+0000] {processor.py:925} INFO - DAG(s) 'example_branch_operator' retrieved from /home/airflow/.local/lib/python3.12/site-packages/airflow/example_dags/example_branch_operator.py
[2026-07-29T16:04:00.512+0000] {logging_mixin.py:190} INFO - [2026-07-29T16:04:00.512+0000] {dag.py:3211} INFO - Sync 1 DAGs
[2026-07-29T16:04:00.523+0000] {logging_mixin.py:190} INFO - [2026-07-29T16:04:00.522+0000] {dag.py:4138} INFO - Setting next_dagrun for example_branch_operator to 2026-07-28 00:00:00+00:00, run_after=2026-07-29 00:00:00+00:00
[2026-07-29T16:04:00.530+0000] {processor.py:208} INFO - Processing /home/airflow/.local/lib/python3.12/site-packages/airflow/example_dags/example_branch_operator.py took 0.050 seconds
[2026-07-29T16:04:46.879+0000] {processor.py:186} INFO - Started process (PID=2842) to work on /home/airflow/.local/lib/python3.12/site-packages/airflow/example_dags/example_branch_operator.py
[2026-07-29T16:04:46.879+0000] {processor.py:914} INFO - Processing file /home/airflow/.local/lib/python3.12/site-packages/airflow/example_dags/example_branch_operator.py for tasks to queue
[2026-07-29T16:04:46.880+0000] {logging_mixin.py:190} INFO - [2026-07-29T16:04:46.880+0000] {dagbag.py:587} INFO - Filling up the DagBag from /home/airflow/.local/lib/python3.12/site-packages/airflow/example_dags/example_branch_operator.py
[2026-07-29T16:04:46.891+0000] {processor.py:925} INFO - DAG(s) 'example_branch_operator' retrieved from /home/airflow/.local/lib/python3.12/site-packages/airflow/example_dags/example_branch_operator.py
[2026-07-29T16:04:46.902+0000] {logging_mixin.py:190} INFO - [2026-07-29T16:04:46.902+0000] {dag.py:3211} INFO - Sync 1 DAGs
[2026-07-29T16:04:46.916+0000] {logging_mixin.py:190} INFO - [2026-07-29T16:04:46.916+0000] {dag.py:4138} INFO - Setting next_dagrun for example_branch_operator to 2026-07-28 00:00:00+00:00, run_after=2026-07-29 00:00:00+00:00
[2026-07-29T16:04:46.922+0000] {processor.py:208} INFO - Processing /home/airflow/.local/lib/python3.12/site-packages/airflow/example_dags/example_branch_operator.py took 0.046 seconds
[2026-07-29T16:05:17.921+0000] {processor.py:186} INFO - Started process (PID=2908) to work on /home/airflow/.local/lib/python3.12/site-packages/airflow/example_dags/example_branch_operator.py
[2026-07-29T16:05:17.921+0000] {processor.py:914} INFO - Processing file /home/airflow/.local/lib/python3.12/site-packages/airflow/example_dags/example_branch_operator.py for tasks to queue
[2026-07-29T16:05:17.922+0000] {logging_mixin.py:190} INFO - [2026-07-29T16:05:17.922+0000] {dagbag.py:587} INFO - Filling up the DagBag from /home/airflow/.local/lib/python3.12/site-packages/airflow/example_dags/example_branch_operator.py
[2026-07-29T16:05:17.929+0000] {processor.py:925} INFO - DAG(s) 'example_branch_operator' retrieved from /home/airflow/.local/lib/python3.12/site-packages/airflow/example_dags/example_branch_operator.py
[2026-07-29T16:05:17.940+0000] {logging_mixin.py:190} INFO - [2026-07-29T16:05:17.940+0000] {dag.py:3211} INFO - Sync 1 DAGs
[2026-07-29T16:05:17.950+0000] {logging_mixin.py:190} INFO - [2026-07-29T16:05:17.950+0000] {dag.py:4138} INFO - Setting next_dagrun for example_branch_operator to 2026-07-28 00:00:00+00:00, run_after=2026-07-29 00:00:00+00:00
[2026-07-29T16:05:17.956+0000] {processor.py:208} INFO - Processing /home/airflow/.local/lib/python3.12/site-packages/airflow/example_dags/example_branch_operator.py took 0.038 seconds
[2026-07-29T16:06:01.627+0000] {processor.py:186} INFO - Started process (PID=2974) to work on /home/airflow/.local/lib/python3.12/site-packages/airflow/example_dags/example_branch_operator.py
[2026-07-29T16:06:01.627+0000] {processor.py:914} INFO - Processing file /home/airflow/.local/lib/python3.12/site-packages/airflow/example_dags/example_branch_operator.py for tasks to queue
[2026-07-29T16:06:01.628+0000] {logging_mixin.py:190} INFO - [2026-07-29T16:06:01.628+0000] {dagbag.py:587} INFO - Filling up the DagBag from /home/airflow/.local/lib/python3.12/site-packages/airflow/example_dags/example_branch_operator.py
[2026-07-29T16:06:01.635+0000] {processor.py:925} INFO - DAG(s) 'example_branch_operator' retrieved from /home/airflow/.local/lib/python3.12/site-packages/airflow/example_dags/example_branch_operator.py
[2026-07-29T16:06:01.644+0000] {logging_mixin.py:190} INFO - [2026-07-29T16:06:01.644+0000] {dag.py:3211} INFO - Sync 1 DAGs
[2026-07-29T16:06:01.652+0000] {logging_mixin.py:190} INFO - [2026-07-29T16:06:01.652+0000] {dag.py:4138} INFO - Setting next_dagrun for example_branch_operator to 2026-07-28 00:00:00+00:00, run_after=2026-07-29 00:00:00+00:00
[2026-07-29T16:06:01.658+0000] {processor.py:208} INFO - Processing /home/airflow/.local/lib/python3.12/site-packages/airflow/example_dags/example_branch_operator.py took 0.034 seconds
[2026-07-29T16:06:32.678+0000] {processor.py:186} INFO - Started process (PID=3040) to work on /home/airflow/.local/lib/python3.12/site-packages/airflow/example_dags/example_branch_operator.py
[2026-07-29T16:06:32.678+0000] {processor.py:914} INFO - Processing file /home/airflow/.local/lib/python3.12/site-packages/airflow/example_dags/example_branch_operator.py for tasks to queue
[2026-07-29T16:06:32.679+0000] {logging_mixin.py:190} INFO - [2026-07-29T16:06:32.679+0000] {dagbag.py:587} INFO - Filling up the DagBag from /home/airflow/.local/lib/python3.12/site-packages/airflow/example_dags/example_branch_operator.py
[2026-07-29T16:06:32.686+0000] {processor.py:925} INFO - DAG(s) 'example_branch_operator' retrieved from /home/airflow/.local/lib/python3.12/site-packages/airflow/example_dags/example_branch_operator.py
[2026-07-29T16:06:32.698+0000] {logging_mixin.py:190} INFO - [2026-07-29T16:06:32.697+0000] {dag.py:3211} INFO - Sync 1 DAGs
[2026-07-29T16:06:32.706+0000] {logging_mixin.py:190} INFO - [2026-07-29T16:06:32.706+0000] {dag.py:4138} INFO - Setting next_dagrun for example_branch_operator to 2026-07-28 00:00:00+00:00, run_after=2026-07-29 00:00:00+00:00
[2026-07-29T16:06:32.711+0000] {processor.py:208} INFO - Processing /home/airflow/.local/lib/python3.12/site-packages/airflow/example_dags/example_branch_operator.py took 0.036 seconds
[2026-07-29T16:13:48.305+0000] {processor.py:186} INFO - Started process (PID=3112) to work on /home/airflow/.local/lib/python3.12/site-packages/airflow/example_dags/example_branch_operator.py
[2026-07-29T16:13:48.306+0000] {processor.py:914} INFO - Processing file /home/airflow/.local/lib/python3.12/site-packages/airflow/example_dags/example_branch_operator.py for tasks to queue
[2026-07-29T16:13:48.309+0000] {logging_mixin.py:190} INFO - [2026-07-29T16:13:48.308+0000] {dagbag.py:587} INFO - Filling up the DagBag from /home/airflow/.local/lib/python3.12/site-packages/airflow/example_dags/example_branch_operator.py
[2026-07-29T16:13:48.316+0000] {processor.py:925} INFO - DAG(s) 'example_branch_operator' retrieved from /home/airflow/.local/lib/python3.12/site-packages/airflow/example_dags/example_branch_operator.py
[2026-07-29T16:13:48.328+0000] {logging_mixin.py:190} INFO - [2026-07-29T16:13:48.328+0000] {dag.py:3211} INFO - Sync 1 DAGs
[2026-07-29T16:13:48.338+0000] {logging_mixin.py:190} INFO - [2026-07-29T16:13:48.338+0000] {dag.py:4138} INFO - Setting next_dagrun for example_branch_operator to 2026-07-28 00:00:00+00:00, run_after=2026-07-29 00:00:00+00:00
[2026-07-29T16:13:48.344+0000] {processor.py:208} INFO - Processing /home/airflow/.local/lib/python3.12/site-packages/airflow/example_dags/example_branch_operator.py took 0.041 seconds
[2026-07-29T16:14:19.184+0000] {processor.py:186} INFO - Started process (PID=3178) to work on /home/airflow/.local/lib/python3.12/site-packages/airflow/example_dags/example_branch_operator.py
[2026-07-29T16:14:19.186+0000] {processor.py:914} INFO - Processing file /home/airflow/.local/lib/python3.12/site-packages/airflow/example_dags/example_branch_operator.py for tasks to queue
[2026-07-29T16:14:19.187+0000] {logging_mixin.py:190} INFO - [2026-07-29T16:14:19.187+0000] {dagbag.py:587} INFO - Filling up the DagBag from /home/airflow/.local/lib/python3.12/site-packages/airflow/example_dags/example_branch_operator.py
[2026-07-29T16:14:19.198+0000] {processor.py:925} INFO - DAG(s) 'example_branch_operator' retrieved from /home/airflow/.local/lib/python3.12/site-packages/airflow/example_dags/example_branch_operator.py
[2026-07-29T16:14:19.209+0000] {logging_mixin.py:190} INFO - [2026-07-29T16:14:19.209+0000] {dag.py:3211} INFO - Sync 1 DAGs
[2026-07-29T16:14:19.217+0000] {logging_mixin.py:190} INFO - [2026-07-29T16:14:19.217+0000] {dag.py:4138} INFO - Setting next_dagrun for example_branch_operator to 2026-07-28 00:00:00+00:00, run_after=2026-07-29 00:00:00+00:00
[2026-07-29T16:14:19.223+0000] {processor.py:208} INFO - Processing /home/airflow/.local/lib/python3.12/site-packages/airflow/example_dags/example_branch_operator.py took 0.042 seconds
[2026-07-29T16:14:50.142+0000] {processor.py:186} INFO - Started process (PID=3244) to work on /home/airflow/.local/lib/python3.12/site-packages/airflow/example_dags/example_branch_operator.py
[2026-07-29T16:14:50.143+0000] {processor.py:914} INFO - Processing file /home/airflow/.local/lib/python3.12/site-packages/airflow/example_dags/example_branch_operator.py for tasks to queue
[2026-07-29T16:14:50.144+0000] {logging_mixin.py:190} INFO - [2026-07-29T16:14:50.143+0000] {dagbag.py:587} INFO - Filling up the DagBag from /home/airflow/.local/lib/python3.12/site-packages/airflow/example_dags/example_branch_operator.py
[2026-07-29T16:14:50.151+0000] {processor.py:925} INFO - DAG(s) 'example_branch_operator' retrieved from /home/airflow/.local/lib/python3.12/site-packages/airflow/example_dags/example_branch_operator.py
[2026-07-29T16:14:50.161+0000] {logging_mixin.py:190} INFO - [2026-07-29T16:14:50.161+0000] {dag.py:3211} INFO - Sync 1 DAGs
[2026-07-29T16:14:50.169+0000] {logging_mixin.py:190} INFO - [2026-07-29T16:14:50.169+0000] {dag.py:4138} INFO - Setting next_dagrun for example_branch_operator to 2026-07-28 00:00:00+00:00, run_after=2026-07-29 00:00:00+00:00
[2026-07-29T16:14:50.175+0000] {processor.py:208} INFO - Processing /home/airflow/.local/lib/python3.12/site-packages/airflow/example_dags/example_branch_operator.py took 0.035 seconds
[2026-07-29T16:15:21.277+0000] {processor.py:186} INFO - Started process (PID=3310) to work on /home/airflow/.local/lib/python3.12/site-packages/airflow/example_dags/example_branch_operator.py
[2026-07-29T16:15:21.278+0000] {processor.py:914} INFO - Processing file /home/airflow/.local/lib/python3.12/site-packages/airflow/example_dags/example_branch_operator.py for tasks to queue
[2026-07-29T16:15:21.279+0000] {logging_mixin.py:190} INFO - [2026-07-29T16:15:21.279+0000] {dagbag.py:587} INFO - Filling up the DagBag from /home/airflow/.local/lib/python3.12/site-packages/airflow/example_dags/example_branch_operator.py
[2026-07-29T16:15:21.287+0000] {processor.py:925} INFO - DAG(s) 'example_branch_operator' retrieved from /home/airflow/.local/lib/python3.12/site-packages/airflow/example_dags/example_branch_operator.py
[2026-07-29T16:15:21.299+0000] {logging_mixin.py:190} INFO - [2026-07-29T16:15:21.299+0000] {dag.py:3211} INFO - Sync 1 DAGs
[2026-07-29T16:15:21.310+0000] {logging_mixin.py:190} INFO - [2026-07-29T16:15:21.310+0000] {dag.py:4138} INFO - Setting next_dagrun for example_branch_operator to 2026-07-28 00:00:00+00:00, run_after=2026-07-29 00:00:00+00:00
[2026-07-29T16:15:21.319+0000] {processor.py:208} INFO - Processing /home/airflow/.local/lib/python3.12/site-packages/airflow/example_dags/example_branch_operator.py took 0.045 seconds
[2026-07-29T16:15:51.567+0000] {processor.py:186} INFO - Started process (PID=3376) to work on /home/airflow/.local/lib/python3.12/site-packages/airflow/example_dags/example_branch_operator.py
[2026-07-29T16:15:51.567+0000] {processor.py:914} INFO - Processing file /home/airflow/.local/lib/python3.12/site-packages/airflow/example_dags/example_branch_operator.py for tasks to queue
[2026-07-29T16:15:51.568+0000] {logging_mixin.py:190} INFO - [2026-07-29T16:15:51.568+0000] {dagbag.py:587} INFO - Filling up the DagBag from /home/airflow/.local/lib/python3.12/site-packages/airflow/example_dags/example_branch_operator.py
[2026-07-29T16:15:51.577+0000] {processor.py:925} INFO - DAG(s) 'example_branch_operator' retrieved from /home/airflow/.local/lib/python3.12/site-packages/airflow/example_dags/example_branch_operator.py
[2026-07-29T16:15:51.593+0000] {logging_mixin.py:190} INFO - [2026-07-29T16:15:51.593+0000] {dag.py:3211} INFO - Sync 1 DAGs
[2026-07-29T16:15:51.607+0000] {logging_mixin.py:190} INFO - [2026-07-29T16:15:51.607+0000] {dag.py:4138} INFO - Setting next_dagrun for example_branch_operator to 2026-07-28 00:00:00+00:00, run_after=2026-07-29 00:00:00+00:00
[2026-07-29T16:15:51.618+0000] {processor.py:208} INFO - Processing /home/airflow/.local/lib/python3.12/site-packages/airflow/example_dags/example_branch_operator.py took 0.053 seconds
[2026-07-29T16:16:21.633+0000] {processor.py:186} INFO - Started process (PID=3442) to work on /home/airflow/.local/lib/python3.12/site-packages/airflow/example_dags/example_branch_operator.py
[2026-07-29T16:16:21.634+0000] {processor.py:914} INFO - Processing file /home/airflow/.local/lib/python3.12/site-packages/airflow/example_dags/example_branch_operator.py for tasks to queue
[2026-07-29T16:16:21.635+0000] {logging_mixin.py:190} INFO - [2026-07-29T16:16:21.635+0000] {dagbag.py:587} INFO - Filling up the DagBag from /home/airflow/.local/lib/python3.12/site-packages/airflow/example_dags/example_branch_operator.py
[2026-07-29T16:16:21.642+0000] {processor.py:925} INFO - DAG(s) 'example_branch_operator' retrieved from /home/airflow/.local/lib/python3.12/site-packages/airflow/example_dags/example_branch_operator.py
[2026-07-29T16:16:21.654+0000] {logging_mixin.py:190} INFO - [2026-07-29T16:16:21.653+0000] {dag.py:3211} INFO - Sync 1 DAGs
[2026-07-29T16:16:21.662+0000] {logging_mixin.py:190} INFO - [2026-07-29T16:16:21.662+0000] {dag.py:4138} INFO - Setting next_dagrun for example_branch_operator to 2026-07-28 00:00:00+00:00, run_after=2026-07-29 00:00:00+00:00
[2026-07-29T16:16:21.670+0000] {processor.py:208} INFO - Processing /home/airflow/.local/lib/python3.12/site-packages/airflow/example_dags/example_branch_operator.py took 0.039 seconds
[2026-07-29T16:16:51.776+0000] {processor.py:186} INFO - Started process (PID=3508) to work on /home/airflow/.local/lib/python3.12/site-packages/airflow/example_dags/example_branch_operator.py
[2026-07-29T16:16:51.777+0000] {processor.py:914} INFO - Processing file /home/airflow/.local/lib/python3.12/site-packages/airflow/example_dags/example_branch_operator.py for tasks to queue
[2026-07-29T16:16:51.778+0000] {logging_mixin.py:190} INFO - [2026-07-29T16:16:51.778+0000] {dagbag.py:587} INFO - Filling up the DagBag from /home/airflow/.local/lib/python3.12/site-packages/airflow/example_dags/example_branch_operator.py
[2026-07-29T16:16:51.789+0000] {processor.py:925} INFO - DAG(s) 'example_branch_operator' retrieved from /home/airflow/.local/lib/python3.12/site-packages/airflow/example_dags/example_branch_operator.py
[2026-07-29T16:16:51.801+0000] {logging_mixin.py:190} INFO - [2026-07-29T16:16:51.801+0000] {dag.py:3211} INFO - Sync 1 DAGs
[2026-07-29T16:16:51.813+0000] {logging_mixin.py:190} INFO - [2026-07-29T16:16:51.813+0000] {dag.py:4138} INFO - Setting next_dagrun for example_branch_operator to 2026-07-28 00:00:00+00:00, run_after=2026-07-29 00:00:00+00:00
[2026-07-29T16:16:51.820+0000] {processor.py:208} INFO - Processing /home/airflow/.local/lib/python3.12/site-packages/airflow/example_dags/example_branch_operator.py took 0.047 seconds
[2026-07-29T16:17:21.965+0000] {processor.py:186} INFO - Started process (PID=3574) to work on /home/airflow/.local/lib/python3.12/site-packages/airflow/example_dags/example_branch_operator.py
[2026-07-29T16:17:21.965+0000] {processor.py:914} INFO - Processing file /home/airflow/.local/lib/python3.12/site-packages/airflow/example_dags/example_branch_operator.py for tasks to queue
[2026-07-29T16:17:21.967+0000] {logging_mixin.py:190} INFO - [2026-07-29T16:17:21.967+0000] {dagbag.py:587} INFO - Filling up the DagBag from /home/airflow/.local/lib/python3.12/site-packages/airflow/example_dags/example_branch_operator.py
[2026-07-29T16:17:21.976+0000] {processor.py:925} INFO - DAG(s) 'example_branch_operator' retrieved from /home/airflow/.local/lib/python3.12/site-packages/airflow/example_dags/example_branch_operator.py
[2026-07-29T16:17:21.988+0000] {logging_mixin.py:190} INFO - [2026-07-29T16:17:21.988+0000] {dag.py:3211} INFO - Sync 1 DAGs
[2026-07-29T16:17:21.998+0000] {logging_mixin.py:190} INFO - [2026-07-29T16:17:21.998+0000] {dag.py:4138} INFO - Setting next_dagrun for example_branch_operator to 2026-07-28 00:00:00+00:00, run_after=2026-07-29 00:00:00+00:00
[2026-07-29T16:17:22.007+0000] {processor.py:208} INFO - Processing /home/airflow/.local/lib/python3.12/site-packages/airflow/example_dags/example_branch_operator.py took 0.045 seconds
[2026-07-29T16:17:52.061+0000] {processor.py:186} INFO - Started process (PID=3640) to work on /home/airflow/.local/lib/python3.12/site-packages/airflow/example_dags/example_branch_operator.py
[2026-07-29T16:17:52.064+0000] {processor.py:914} INFO - Processing file /home/airflow/.local/lib/python3.12/site-packages/airflow/example_dags/example_branch_operator.py for tasks to queue
[2026-07-29T16:17:52.066+0000] {logging_mixin.py:190} INFO - [2026-07-29T16:17:52.066+0000] {dagbag.py:587} INFO - Filling up the DagBag from /home/airflow/.local/lib/python3.12/site-packages/airflow/example_dags/example_branch_operator.py
[2026-07-29T16:17:52.075+0000] {processor.py:925} INFO - DAG(s) 'example_branch_operator' retrieved from /home/airflow/.local/lib/python3.12/site-packages/airflow/example_dags/example_branch_operator.py
[2026-07-29T16:17:52.090+0000] {logging_mixin.py:190} INFO - [2026-07-29T16:17:52.090+0000] {dag.py:3211} INFO - Sync 1 DAGs
[2026-07-29T16:17:52.101+0000] {logging_mixin.py:190} INFO - [2026-07-29T16:17:52.101+0000] {dag.py:4138} INFO - Setting next_dagrun for example_branch_operator to 2026-07-28 00:00:00+00:00, run_after=2026-07-29 00:00:00+00:00
[2026-07-29T16:17:52.107+0000] {processor.py:208} INFO - Processing /home/airflow/.local/lib/python3.12/site-packages/airflow/example_dags/example_branch_operator.py took 0.049 seconds
[2026-07-29T16:18:23.156+0000] {processor.py:186} INFO - Started process (PID=3706) to work on /home/airflow/.local/lib/python3.12/site-packages/airflow/example_dags/example_branch_operator.py
[2026-07-29T16:18:23.156+0000] {processor.py:914} INFO - Processing file /home/airflow/.local/lib/python3.12/site-packages/airflow/example_dags/example_branch_operator.py for tasks to queue
[2026-07-29T16:18:23.158+0000] {logging_mixin.py:190} INFO - [2026-07-29T16:18:23.157+0000] {dagbag.py:587} INFO - Filling up the DagBag from /home/airflow/.local/lib/python3.12/site-packages/airflow/example_dags/example_branch_operator.py
[2026-07-29T16:18:23.168+0000] {processor.py:925} INFO - DAG(s) 'example_branch_operator' retrieved from /home/airflow/.local/lib/python3.12/site-packages/airflow/example_dags/example_branch_operator.py
[2026-07-29T16:18:23.185+0000] {logging_mixin.py:190} INFO - [2026-07-29T16:18:23.185+0000] {dag.py:3211} INFO - Sync 1 DAGs
[2026-07-29T16:18:23.197+0000] {logging_mixin.py:190} INFO - [2026-07-29T16:18:23.196+0000] {dag.py:4138} INFO - Setting next_dagrun for example_branch_operator to 2026-07-28 00:00:00+00:00, run_after=2026-07-29 00:00:00+00:00
[2026-07-29T16:18:23.204+0000] {processor.py:208} INFO - Processing /home/airflow/.local/lib/python3.12/site-packages/airflow/example_dags/example_branch_operator.py took 0.051 seconds
[2026-07-29T16:18:53.673+0000] {processor.py:186} INFO - Started process (PID=3772) to work on /home/airflow/.local/lib/python3.12/site-packages/airflow/example_dags/example_branch_operator.py
[2026-07-29T16:18:53.674+0000] {processor.py:914} INFO - Processing file /home/airflow/.local/lib/python3.12/site-packages/airflow/example_dags/example_branch_operator.py for tasks to queue
[2026-07-29T16:18:53.675+0000] {logging_mixin.py:190} INFO - [2026-07-29T16:18:53.675+0000] {dagbag.py:587} INFO - Filling up the DagBag from /home/airflow/.local/lib/python3.12/site-packages/airflow/example_dags/example_branch_operator.py
[2026-07-29T16:18:53.686+0000] {processor.py:925} INFO - DAG(s) 'example_branch_operator' retrieved from /home/airflow/.local/lib/python3.12/site-packages/airflow/example_dags/example_branch_operator.py
[2026-07-29T16:18:53.699+0000] {logging_mixin.py:190} INFO - [2026-07-29T16:18:53.699+0000] {dag.py:3211} INFO - Sync 1 DAGs
[2026-07-29T16:18:53.708+0000] {logging_mixin.py:190} INFO - [2026-07-29T16:18:53.708+0000] {dag.py:4138} INFO - Setting next_dagrun for example_branch_operator to 2026-07-28 00:00:00+00:00, run_after=2026-07-29 00:00:00+00:00
[2026-07-29T16:18:53.718+0000] {processor.py:208} INFO - Processing /home/airflow/.local/lib/python3.12/site-packages/airflow/example_dags/example_branch_operator.py took 0.048 seconds
[2026-07-29T16:19:24.032+0000] {processor.py:186} INFO - Started process (PID=3838) to work on /home/airflow/.local/lib/python3.12/site-packages/airflow/example_dags/example_branch_operator.py
[2026-07-29T16:19:24.033+0000] {processor.py:914} INFO - Processing file /home/airflow/.local/lib/python3.12/site-packages/airflow/example_dags/example_branch_operator.py for tasks to queue
[2026-07-29T16:19:24.035+0000] {logging_mixin.py:190} INFO - [2026-07-29T16:19:24.035+0000] {dagbag.py:587} INFO - Filling up the DagBag from /home/airflow/.local/lib/python3.12/site-packages/airflow/example_dags/example_branch_operator.py
[2026-07-29T16:19:24.044+0000] {processor.py:925} INFO - DAG(s) 'example_branch_operator' retrieved from /home/airflow/.local/lib/python3.12/site-packages/airflow/example_dags/example_branch_operator.py
[2026-07-29T16:19:24.056+0000] {logging_mixin.py:190} INFO - [2026-07-29T16:19:24.056+0000] {dag.py:3211} INFO - Sync 1 DAGs
[2026-07-29T16:19:24.065+0000] {logging_mixin.py:190} INFO - [2026-07-29T16:19:24.065+0000] {dag.py:4138} INFO - Setting next_dagrun for example_branch_operator to 2026-07-28 00:00:00+00:00, run_after=2026-07-29 00:00:00+00:00
[2026-07-29T16:19:24.079+0000] {processor.py:208} INFO - Processing /home/airflow/.local/lib/python3.12/site-packages/airflow/example_dags/example_branch_operator.py took 0.049 seconds
[2026-07-29T16:19:54.569+0000] {processor.py:186} INFO - Started process (PID=3904) to work on /home/airflow/.local/lib/python3.12/site-packages/airflow/example_dags/example_branch_operator.py
[2026-07-29T16:19:54.570+0000] {processor.py:914} INFO - Processing file /home/airflow/.local/lib/python3.12/site-packages/airflow/example_dags/example_branch_operator.py for tasks to queue
[2026-07-29T16:19:54.574+0000] {logging_mixin.py:190} INFO - [2026-07-29T16:19:54.574+0000] {dagbag.py:587} INFO - Filling up the DagBag from /home/airflow/.local/lib/python3.12/site-packages/airflow/example_dags/example_branch_operator.py
[2026-07-29T16:19:54.583+0000] {processor.py:925} INFO - DAG(s) 'example_branch_operator' retrieved from /home/airflow/.local/lib/python3.12/site-packages/airflow/example_dags/example_branch_operator.py
[2026-07-29T16:19:54.597+0000] {logging_mixin.py:190} INFO - [2026-07-29T16:19:54.597+0000] {dag.py:3211} INFO - Sync 1 DAGs
[2026-07-29T16:19:54.607+0000] {logging_mixin.py:190} INFO - [2026-07-29T16:19:54.607+0000] {dag.py:4138} INFO - Setting next_dagrun for example_branch_operator to 2026-07-28 00:00:00+00:00, run_after=2026-07-29 00:00:00+00:00
[2026-07-29T16:19:54.613+0000] {processor.py:208} INFO - Processing /home/airflow/.local/lib/python3.12/site-packages/airflow/example_dags/example_branch_operator.py took 0.046 seconds
[2026-07-29T16:20:25.043+0000] {processor.py:186} INFO - Started process (PID=3970) to work on /home/airflow/.local/lib/python3.12/site-packages/airflow/example_dags/example_branch_operator.py
[2026-07-29T16:20:25.043+0000] {processor.py:914} INFO - Processing file /home/airflow/.local/lib/python3.12/site-packages/airflow/example_dags/example_branch_operator.py for tasks to queue
[2026-07-29T16:20:25.045+0000] {logging_mixin.py:190} INFO - [2026-07-29T16:20:25.045+0000] {dagbag.py:587} INFO - Filling up the DagBag from /home/airflow/.local/lib/python3.12/site-packages/airflow/example_dags/example_branch_operator.py
[2026-07-29T16:20:25.055+0000] {processor.py:925} INFO - DAG(s) 'example_branch_operator' retrieved from /home/airflow/.local/lib/python3.12/site-packages/airflow/example_dags/example_branch_operator.py
[2026-07-29T16:20:25.067+0000] {logging_mixin.py:190} INFO - [2026-07-29T16:20:25.067+0000] {dag.py:3211} INFO - Sync 1 DAGs
[2026-07-29T16:20:25.079+0000] {logging_mixin.py:190} INFO - [2026-07-29T16:20:25.079+0000] {dag.py:4138} INFO - Setting next_dagrun for example_branch_operator to 2026-07-28 00:00:00+00:00, run_after=2026-07-29 00:00:00+00:00
[2026-07-29T16:20:25.212+0000] {processor.py:208} INFO - Processing /home/airflow/.local/lib/python3.12/site-packages/airflow/example_dags/example_branch_operator.py took 0.172 seconds
[2026-07-29T16:20:55.567+0000] {processor.py:186} INFO - Started process (PID=4036) to work on /home/airflow/.local/lib/python3.12/site-packages/airflow/example_dags/example_branch_operator.py
[2026-07-29T16:20:55.568+0000] {processor.py:914} INFO - Processing file /home/airflow/.local/lib/python3.12/site-packages/airflow/example_dags/example_branch_operator.py for tasks to queue
[2026-07-29T16:20:55.571+0000] {logging_mixin.py:190} INFO - [2026-07-29T16:20:55.571+0000] {dagbag.py:587} INFO - Filling up the DagBag from /home/airflow/.local/lib/python3.12/site-packages/airflow/example_dags/example_branch_operator.py
[2026-07-29T16:20:55.579+0000] {processor.py:925} INFO - DAG(s) 'example_branch_operator' retrieved from /home/airflow/.local/lib/python3.12/site-packages/airflow/example_dags/example_branch_operator.py
[2026-07-29T16:20:55.597+0000] {logging_mixin.py:190} INFO - [2026-07-29T16:20:55.597+0000] {dag.py:3211} INFO - Sync 1 DAGs
[2026-07-29T16:20:55.610+0000] {logging_mixin.py:190} INFO - [2026-07-29T16:20:55.610+0000] {dag.py:4138} INFO - Setting next_dagrun for example_branch_operator to 2026-07-28 00:00:00+00:00, run_after=2026-07-29 00:00:00+00:00
[2026-07-29T16:20:55.618+0000] {processor.py:208} INFO - Processing /home/airflow/.local/lib/python3.12/site-packages/airflow/example_dags/example_branch_operator.py took 0.053 seconds
[2026-07-29T16:21:26.282+0000] {processor.py:186} INFO - Started process (PID=4102) to work on /home/airflow/.local/lib/python3.12/site-packages/airflow/example_dags/example_branch_operator.py
[2026-07-29T16:21:26.282+0000] {processor.py:914} INFO - Processing file /home/airflow/.local/lib/python3.12/site-packages/airflow/example_dags/example_branch_operator.py for tasks to queue
[2026-07-29T16:21:26.283+0000] {logging_mixin.py:190} INFO - [2026-07-29T16:21:26.283+0000] {dagbag.py:587} INFO - Filling up the DagBag from /home/airflow/.local/lib/python3.12/site-packages/airflow/example_dags/example_branch_operator.py
[2026-07-29T16:21:26.295+0000] {processor.py:925} INFO - DAG(s) 'example_branch_operator' retrieved from /home/airflow/.local/lib/python3.12/site-packages/airflow/example_dags/example_branch_operator.py
[2026-07-29T16:21:26.306+0000] {logging_mixin.py:190} INFO - [2026-07-29T16:21:26.306+0000] {dag.py:3211} INFO - Sync 1 DAGs
[2026-07-29T16:21:26.314+0000] {logging_mixin.py:190} INFO - [2026-07-29T16:21:26.314+0000] {dag.py:4138} INFO - Setting next_dagrun for example_branch_operator to 2026-07-28 00:00:00+00:00, run_after=2026-07-29 00:00:00+00:00
[2026-07-29T16:21:26.321+0000] {processor.py:208} INFO - Processing /home/airflow/.local/lib/python3.12/site-packages/airflow/example_dags/example_branch_operator.py took 0.042 seconds
[2026-07-29T16:21:57.833+0000] {processor.py:186} INFO - Started process (PID=4168) to work on /home/airflow/.local/lib/python3.12/site-packages/airflow/example_dags/example_branch_operator.py
[2026-07-29T16:21:57.833+0000] {processor.py:914} INFO - Processing file /home/airflow/.local/lib/python3.12/site-packages/airflow/example_dags/example_branch_operator.py for tasks to queue
[2026-07-29T16:21:57.834+0000] {logging_mixin.py:190} INFO - [2026-07-29T16:21:57.834+0000] {dagbag.py:587} INFO - Filling up the DagBag from /home/airflow/.local/lib/python3.12/site-packages/airflow/example_dags/example_branch_operator.py
[2026-07-29T16:21:57.844+0000] {processor.py:925} INFO - DAG(s) 'example_branch_operator' retrieved from /home/airflow/.local/lib/python3.12/site-packages/airflow/example_dags/example_branch_operator.py
[2026-07-29T16:21:57.938+0000] {logging_mixin.py:190} INFO - [2026-07-29T16:21:57.938+0000] {dag.py:3211} INFO - Sync 1 DAGs
[2026-07-29T16:21:57.945+0000] {logging_mixin.py:190} INFO - [2026-07-29T16:21:57.945+0000] {dag.py:4138} INFO - Setting next_dagrun for example_branch_operator to 2026-07-28 00:00:00+00:00, run_after=2026-07-29 00:00:00+00:00
[2026-07-29T16:21:57.951+0000] {processor.py:208} INFO - Processing /home/airflow/.local/lib/python3.12/site-packages/airflow/example_dags/example_branch_operator.py took 0.121 seconds
[2026-07-29T16:22:28.209+0000] {processor.py:186} INFO - Started process (PID=4234) to work on /home/airflow/.local/lib/python3.12/site-packages/airflow/example_dags/example_branch_operator.py
[2026-07-29T16:22:28.209+0000] {processor.py:914} INFO - Processing file /home/airflow/.local/lib/python3.12/site-packages/airflow/example_dags/example_branch_operator.py for tasks to queue
[2026-07-29T16:22:28.212+0000] {logging_mixin.py:190} INFO - [2026-07-29T16:22:28.211+0000] {dagbag.py:587} INFO - Filling up the DagBag from /home/airflow/.local/lib/python3.12/site-packages/airflow/example_dags/example_branch_operator.py
[2026-07-29T16:22:28.219+0000] {processor.py:925} INFO - DAG(s) 'example_branch_operator' retrieved from /home/airflow/.local/lib/python3.12/site-packages/airflow/example_dags/example_branch_operator.py
[2026-07-29T16:22:28.230+0000] {logging_mixin.py:190} INFO - [2026-07-29T16:22:28.230+0000] {dag.py:3211} INFO - Sync 1 DAGs
[2026-07-29T16:22:28.329+0000] {logging_mixin.py:190} INFO - [2026-07-29T16:22:28.329+0000] {dag.py:4138} INFO - Setting next_dagrun for example_branch_operator to 2026-07-28 00:00:00+00:00, run_after=2026-07-29 00:00:00+00:00
[2026-07-29T16:22:28.335+0000] {processor.py:208} INFO - Processing /home/airflow/.local/lib/python3.12/site-packages/airflow/example_dags/example_branch_operator.py took 0.129 seconds
[2026-07-29T16:22:58.438+0000] {processor.py:186} INFO - Started process (PID=4300) to work on /home/airflow/.local/lib/python3.12/site-packages/airflow/example_dags/example_branch_operator.py
[2026-07-29T16:22:58.439+0000] {processor.py:914} INFO - Processing file /home/airflow/.local/lib/python3.12/site-packages/airflow/example_dags/example_branch_operator.py for tasks to queue
[2026-07-29T16:22:58.442+0000] {logging_mixin.py:190} INFO - [2026-07-29T16:22:58.442+0000] {dagbag.py:587} INFO - Filling up the DagBag from /home/airflow/.local/lib/python3.12/site-packages/airflow/example_dags/example_branch_operator.py
[2026-07-29T16:22:58.450+0000] {processor.py:925} INFO - DAG(s) 'example_branch_operator' retrieved from /home/airflow/.local/lib/python3.12/site-packages/airflow/example_dags/example_branch_operator.py
[2026-07-29T16:22:58.462+0000] {logging_mixin.py:190} INFO - [2026-07-29T16:22:58.462+0000] {dag.py:3211} INFO - Sync 1 DAGs
[2026-07-29T16:22:58.564+0000] {logging_mixin.py:190} INFO - [2026-07-29T16:22:58.564+0000] {dag.py:4138} INFO - Setting next_dagrun for example_branch_operator to 2026-07-28 00:00:00+00:00, run_after=2026-07-29 00:00:00+00:00
[2026-07-29T16:22:58.570+0000] {processor.py:208} INFO - Processing /home/airflow/.local/lib/python3.12/site-packages/airflow/example_dags/example_branch_operator.py took 0.135 seconds
[2026-07-29T16:23:29.118+0000] {processor.py:186} INFO - Started process (PID=4366) to work on /home/airflow/.local/lib/python3.12/site-packages/airflow/example_dags/example_branch_operator.py
[2026-07-29T16:23:29.119+0000] {processor.py:914} INFO - Processing file /home/airflow/.local/lib/python3.12/site-packages/airflow/example_dags/example_branch_operator.py for tasks to queue
[2026-07-29T16:23:29.121+0000] {logging_mixin.py:190} INFO - [2026-07-29T16:23:29.121+0000] {dagbag.py:587} INFO - Filling up the DagBag from /home/airflow/.local/lib/python3.12/site-packages/airflow/example_dags/example_branch_operator.py
[2026-07-29T16:23:29.129+0000] {processor.py:925} INFO - DAG(s) 'example_branch_operator' retrieved from /home/airflow/.local/lib/python3.12/site-packages/airflow/example_dags/example_branch_operator.py
[2026-07-29T16:23:29.146+0000] {logging_mixin.py:190} INFO - [2026-07-29T16:23:29.146+0000] {dag.py:3211} INFO - Sync 1 DAGs
[2026-07-29T16:23:29.158+0000] {logging_mixin.py:190} INFO - [2026-07-29T16:23:29.158+0000] {dag.py:4138} INFO - Setting next_dagrun for example_branch_operator to 2026-07-28 00:00:00+00:00, run_after=2026-07-29 00:00:00+00:00
[2026-07-29T16:23:29.166+0000] {processor.py:208} INFO - Processing /home/airflow/.local/lib/python3.12/site-packages/airflow/example_dags/example_branch_operator.py took 0.050 seconds
[2026-07-29T16:24:00.116+0000] {processor.py:186} INFO - Started process (PID=4432) to work on /home/airflow/.local/lib/python3.12/site-packages/airflow/example_dags/example_branch_operator.py
[2026-07-29T16:24:00.117+0000] {processor.py:914} INFO - Processing file /home/airflow/.local/lib/python3.12/site-packages/airflow/example_dags/example_branch_operator.py for tasks to queue
[2026-07-29T16:24:00.119+0000] {logging_mixin.py:190} INFO - [2026-07-29T16:24:00.119+0000] {dagbag.py:587} INFO - Filling up the DagBag from /home/airflow/.local/lib/python3.12/site-packages/airflow/example_dags/example_branch_operator.py
[2026-07-29T16:24:00.127+0000] {processor.py:925} INFO - DAG(s) 'example_branch_operator' retrieved from /home/airflow/.local/lib/python3.12/site-packages/airflow/example_dags/example_branch_operator.py
[2026-07-29T16:24:00.139+0000] {logging_mixin.py:190} INFO - [2026-07-29T16:24:00.139+0000] {dag.py:3211} INFO - Sync 1 DAGs
[2026-07-29T16:24:00.149+0000] {logging_mixin.py:190} INFO - [2026-07-29T16:24:00.149+0000] {dag.py:4138} INFO - Setting next_dagrun for example_branch_operator to 2026-07-28 00:00:00+00:00, run_after=2026-07-29 00:00:00+00:00
[2026-07-29T16:24:00.156+0000] {processor.py:208} INFO - Processing /home/airflow/.local/lib/python3.12/site-packages/airflow/example_dags/example_branch_operator.py took 0.042 seconds
[2026-07-29T16:24:31.187+0000] {processor.py:186} INFO - Started process (PID=4498) to work on /home/airflow/.local/lib/python3.12/site-packages/airflow/example_dags/example_branch_operator.py
[2026-07-29T16:24:31.187+0000] {processor.py:914} INFO - Processing file /home/airflow/.local/lib/python3.12/site-packages/airflow/example_dags/example_branch_operator.py for tasks to queue
[2026-07-29T16:24:31.188+0000] {logging_mixin.py:190} INFO - [2026-07-29T16:24:31.188+0000] {dagbag.py:587} INFO - Filling up the DagBag from /home/airflow/.local/lib/python3.12/site-packages/airflow/example_dags/example_branch_operator.py
[2026-07-29T16:24:31.196+0000] {processor.py:925} INFO - DAG(s) 'example_branch_operator' retrieved from /home/airflow/.local/lib/python3.12/site-packages/airflow/example_dags/example_branch_operator.py
[2026-07-29T16:24:31.210+0000] {logging_mixin.py:190} INFO - [2026-07-29T16:24:31.210+0000] {dag.py:3211} INFO - Sync 1 DAGs
[2026-07-29T16:24:31.219+0000] {logging_mixin.py:190} INFO - [2026-07-29T16:24:31.219+0000] {dag.py:4138} INFO - Setting next_dagrun for example_branch_operator to 2026-07-28 00:00:00+00:00, run_after=2026-07-29 00:00:00+00:00
[2026-07-29T16:24:31.225+0000] {processor.py:208} INFO - Processing /home/airflow/.local/lib/python3.12/site-packages/airflow/example_dags/example_branch_operator.py took 0.041 seconds
[2026-07-29T16:25:02.238+0000] {processor.py:186} INFO - Started process (PID=4564) to work on /home/airflow/.local/lib/python3.12/site-packages/airflow/example_dags/example_branch_operator.py
[2026-07-29T16:25:02.239+0000] {processor.py:914} INFO - Processing file /home/airflow/.local/lib/python3.12/site-packages/airflow/example_dags/example_branch_operator.py for tasks to queue
[2026-07-29T16:25:02.242+0000] {logging_mixin.py:190} INFO - [2026-07-29T16:25:02.241+0000] {dagbag.py:587} INFO - Filling up the DagBag from /home/airflow/.local/lib/python3.12/site-packages/airflow/example_dags/example_branch_operator.py
[2026-07-29T16:25:02.254+0000] {processor.py:925} INFO - DAG(s) 'example_branch_operator' retrieved from /home/airflow/.local/lib/python3.12/site-packages/airflow/example_dags/example_branch_operator.py
[2026-07-29T16:25:02.269+0000] {logging_mixin.py:190} INFO - [2026-07-29T16:25:02.269+0000] {dag.py:3211} INFO - Sync 1 DAGs
[2026-07-29T16:25:02.283+0000] {logging_mixin.py:190} INFO - [2026-07-29T16:25:02.283+0000] {dag.py:4138} INFO - Setting next_dagrun for example_branch_operator to 2026-07-28 00:00:00+00:00, run_after=2026-07-29 00:00:00+00:00
[2026-07-29T16:25:02.293+0000] {processor.py:208} INFO - Processing /home/airflow/.local/lib/python3.12/site-packages/airflow/example_dags/example_branch_operator.py took 0.058 seconds
[2026-07-29T16:25:32.387+0000] {processor.py:186} INFO - Started process (PID=4630) to work on /home/airflow/.local/lib/python3.12/site-packages/airflow/example_dags/example_branch_operator.py
[2026-07-29T16:25:32.388+0000] {processor.py:914} INFO - Processing file /home/airflow/.local/lib/python3.12/site-packages/airflow/example_dags/example_branch_operator.py for tasks to queue
[2026-07-29T16:25:32.389+0000] {logging_mixin.py:190} INFO - [2026-07-29T16:25:32.389+0000] {dagbag.py:587} INFO - Filling up the DagBag from /home/airflow/.local/lib/python3.12/site-packages/airflow/example_dags/example_branch_operator.py
[2026-07-29T16:25:32.401+0000] {processor.py:925} INFO - DAG(s) 'example_branch_operator' retrieved from /home/airflow/.local/lib/python3.12/site-packages/airflow/example_dags/example_branch_operator.py
[2026-07-29T16:25:32.416+0000] {logging_mixin.py:190} INFO - [2026-07-29T16:25:32.416+0000] {dag.py:3211} INFO - Sync 1 DAGs
[2026-07-29T16:25:32.425+0000] {logging_mixin.py:190} INFO - [2026-07-29T16:25:32.425+0000] {dag.py:4138} INFO - Setting next_dagrun for example_branch_operator to 2026-07-28 00:00:00+00:00, run_after=2026-07-29 00:00:00+00:00
[2026-07-29T16:25:32.432+0000] {processor.py:208} INFO - Processing /home/airflow/.local/lib/python3.12/site-packages/airflow/example_dags/example_branch_operator.py took 0.048 seconds
[2026-07-29T16:26:03.432+0000] {processor.py:186} INFO - Started process (PID=4696) to work on /home/airflow/.local/lib/python3.12/site-packages/airflow/example_dags/example_branch_operator.py
[2026-07-29T16:26:03.433+0000] {processor.py:914} INFO - Processing file /home/airflow/.local/lib/python3.12/site-packages/airflow/example_dags/example_branch_operator.py for tasks to queue
[2026-07-29T16:26:03.434+0000] {logging_mixin.py:190} INFO - [2026-07-29T16:26:03.434+0000] {dagbag.py:587} INFO - Filling up the DagBag from /home/airflow/.local/lib/python3.12/site-packages/airflow/example_dags/example_branch_operator.py
[2026-07-29T16:26:03.443+0000] {processor.py:925} INFO - DAG(s) 'example_branch_operator' retrieved from /home/airflow/.local/lib/python3.12/site-packages/airflow/example_dags/example_branch_operator.py
[2026-07-29T16:26:03.462+0000] {logging_mixin.py:190} INFO - [2026-07-29T16:26:03.462+0000] {dag.py:3211} INFO - Sync 1 DAGs
[2026-07-29T16:26:03.470+0000] {logging_mixin.py:190} INFO - [2026-07-29T16:26:03.470+0000] {dag.py:4138} INFO - Setting next_dagrun for example_branch_operator to 2026-07-28 00:00:00+00:00, run_after=2026-07-29 00:00:00+00:00
[2026-07-29T16:26:03.476+0000] {processor.py:208} INFO - Processing /home/airflow/.local/lib/python3.12/site-packages/airflow/example_dags/example_branch_operator.py took 0.047 seconds
[2026-07-29T16:26:33.619+0000] {processor.py:186} INFO - Started process (PID=4762) to work on /home/airflow/.local/lib/python3.12/site-packages/airflow/example_dags/example_branch_operator.py
[2026-07-29T16:26:33.620+0000] {processor.py:914} INFO - Processing file /home/airflow/.local/lib/python3.12/site-packages/airflow/example_dags/example_branch_operator.py for tasks to queue
[2026-07-29T16:26:33.621+0000] {logging_mixin.py:190} INFO - [2026-07-29T16:26:33.621+0000] {dagbag.py:587} INFO - Filling up the DagBag from /home/airflow/.local/lib/python3.12/site-packages/airflow/example_dags/example_branch_operator.py
[2026-07-29T16:26:33.629+0000] {processor.py:925} INFO - DAG(s) 'example_branch_operator' retrieved from /home/airflow/.local/lib/python3.12/site-packages/airflow/example_dags/example_branch_operator.py
[2026-07-29T16:26:33.646+0000] {logging_mixin.py:190} INFO - [2026-07-29T16:26:33.646+0000] {dag.py:3211} INFO - Sync 1 DAGs
[2026-07-29T16:26:33.656+0000] {logging_mixin.py:190} INFO - [2026-07-29T16:26:33.656+0000] {dag.py:4138} INFO - Setting next_dagrun for example_branch_operator to 2026-07-28 00:00:00+00:00, run_after=2026-07-29 00:00:00+00:00
[2026-07-29T16:26:33.666+0000] {processor.py:208} INFO - Processing /home/airflow/.local/lib/python3.12/site-packages/airflow/example_dags/example_branch_operator.py took 0.050 seconds
[2026-07-29T16:27:03.694+0000] {processor.py:186} INFO - Started process (PID=4828) to work on /home/airflow/.local/lib/python3.12/site-packages/airflow/example_dags/example_branch_operator.py
[2026-07-29T16:27:03.694+0000] {processor.py:914} INFO - Processing file /home/airflow/.local/lib/python3.12/site-packages/airflow/example_dags/example_branch_operator.py for tasks to queue
[2026-07-29T16:27:03.695+0000] {logging_mixin.py:190} INFO - [2026-07-29T16:27:03.695+0000] {dagbag.py:587} INFO - Filling up the DagBag from /home/airflow/.local/lib/python3.12/site-packages/airflow/example_dags/example_branch_operator.py
[2026-07-29T16:27:03.705+0000] {processor.py:925} INFO - DAG(s) 'example_branch_operator' retrieved from /home/airflow/.local/lib/python3.12/site-packages/airflow/example_dags/example_branch_operator.py
[2026-07-29T16:27:03.722+0000] {logging_mixin.py:190} INFO - [2026-07-29T16:27:03.722+0000] {dag.py:3211} INFO - Sync 1 DAGs
[2026-07-29T16:27:03.736+0000] {logging_mixin.py:190} INFO - [2026-07-29T16:27:03.736+0000] {dag.py:4138} INFO - Setting next_dagrun for example_branch_operator to 2026-07-28 00:00:00+00:00, run_after=2026-07-29 00:00:00+00:00
[2026-07-29T16:27:03.743+0000] {processor.py:208} INFO - Processing /home/airflow/.local/lib/python3.12/site-packages/airflow/example_dags/example_branch_operator.py took 0.052 seconds
[2026-07-29T16:27:33.840+0000] {processor.py:186} INFO - Started process (PID=4894) to work on /home/airflow/.local/lib/python3.12/site-packages/airflow/example_dags/example_branch_operator.py
[2026-07-29T16:27:33.840+0000] {processor.py:914} INFO - Processing file /home/airflow/.local/lib/python3.12/site-packages/airflow/example_dags/example_branch_operator.py for tasks to queue
[2026-07-29T16:27:33.841+0000] {logging_mixin.py:190} INFO - [2026-07-29T16:27:33.841+0000] {dagbag.py:587} INFO - Filling up the DagBag from /home/airflow/.local/lib/python3.12/site-packages/airflow/example_dags/example_branch_operator.py
[2026-07-29T16:27:33.850+0000] {processor.py:925} INFO - DAG(s) 'example_branch_operator' retrieved from /home/airflow/.local/lib/python3.12/site-packages/airflow/example_dags/example_branch_operator.py
[2026-07-29T16:27:33.864+0000] {logging_mixin.py:190} INFO - [2026-07-29T16:27:33.864+0000] {dag.py:3211} INFO - Sync 1 DAGs
[2026-07-29T16:27:33.877+0000] {logging_mixin.py:190} INFO - [2026-07-29T16:27:33.877+0000] {dag.py:4138} INFO - Setting next_dagrun for example_branch_operator to 2026-07-28 00:00:00+00:00, run_after=2026-07-29 00:00:00+00:00
[2026-07-29T16:27:33.888+0000] {processor.py:208} INFO - Processing /home/airflow/.local/lib/python3.12/site-packages/airflow/example_dags/example_branch_operator.py took 0.051 seconds
[2026-07-29T16:28:04.857+0000] {processor.py:186} INFO - Started process (PID=4960) to work on /home/airflow/.local/lib/python3.12/site-packages/airflow/example_dags/example_branch_operator.py
[2026-07-29T16:28:04.858+0000] {processor.py:914} INFO - Processing file /home/airflow/.local/lib/python3.12/site-packages/airflow/example_dags/example_branch_operator.py for tasks to queue
[2026-07-29T16:28:04.859+0000] {logging_mixin.py:190} INFO - [2026-07-29T16:28:04.859+0000] {dagbag.py:587} INFO - Filling up the DagBag from /home/airflow/.local/lib/python3.12/site-packages/airflow/example_dags/example_branch_operator.py
[2026-07-29T16:28:04.870+0000] {processor.py:925} INFO - DAG(s) 'example_branch_operator' retrieved from /home/airflow/.local/lib/python3.12/site-packages/airflow/example_dags/example_branch_operator.py
[2026-07-29T16:28:04.884+0000] {logging_mixin.py:190} INFO - [2026-07-29T16:28:04.884+0000] {dag.py:3211} INFO - Sync 1 DAGs
[2026-07-29T16:28:04.894+0000] {logging_mixin.py:190} INFO - [2026-07-29T16:28:04.894+0000] {dag.py:4138} INFO - Setting next_dagrun for example_branch_operator to 2026-07-28 00:00:00+00:00, run_after=2026-07-29 00:00:00+00:00
[2026-07-29T16:28:04.902+0000] {processor.py:208} INFO - Processing /home/airflow/.local/lib/python3.12/site-packages/airflow/example_dags/example_branch_operator.py took 0.047 seconds
[2026-07-29T16:28:35.791+0000] {processor.py:186} INFO - Started process (PID=5026) to work on /home/airflow/.local/lib/python3.12/site-packages/airflow/example_dags/example_branch_operator.py
[2026-07-29T16:28:35.793+0000] {processor.py:914} INFO - Processing file /home/airflow/.local/lib/python3.12/site-packages/airflow/example_dags/example_branch_operator.py for tasks to queue
[2026-07-29T16:28:35.794+0000] {logging_mixin.py:190} INFO - [2026-07-29T16:28:35.794+0000] {dagbag.py:587} INFO - Filling up the DagBag from /home/airflow/.local/lib/python3.12/site-packages/airflow/example_dags/example_branch_operator.py
[2026-07-29T16:28:35.802+0000] {processor.py:925} INFO - DAG(s) 'example_branch_operator' retrieved from /home/airflow/.local/lib/python3.12/site-packages/airflow/example_dags/example_branch_operator.py
[2026-07-29T16:28:35.816+0000] {logging_mixin.py:190} INFO - [2026-07-29T16:28:35.816+0000] {dag.py:3211} INFO - Sync 1 DAGs
[2026-07-29T16:28:35.828+0000] {logging_mixin.py:190} INFO - [2026-07-29T16:28:35.828+0000] {dag.py:4138} INFO - Setting next_dagrun for example_branch_operator to 2026-07-28 00:00:00+00:00, run_after=2026-07-29 00:00:00+00:00
[2026-07-29T16:28:35.835+0000] {processor.py:208} INFO - Processing /home/airflow/.local/lib/python3.12/site-packages/airflow/example_dags/example_branch_operator.py took 0.047 seconds
[2026-07-29T16:29:06.357+0000] {processor.py:186} INFO - Started process (PID=5092) to work on /home/airflow/.local/lib/python3.12/site-packages/airflow/example_dags/example_branch_operator.py
[2026-07-29T16:29:06.357+0000] {processor.py:914} INFO - Processing file /home/airflow/.local/lib/python3.12/site-packages/airflow/example_dags/example_branch_operator.py for tasks to queue
[2026-07-29T16:29:06.358+0000] {logging_mixin.py:190} INFO - [2026-07-29T16:29:06.358+0000] {dagbag.py:587} INFO - Filling up the DagBag from /home/airflow/.local/lib/python3.12/site-packages/airflow/example_dags/example_branch_operator.py
[2026-07-29T16:29:06.367+0000] {processor.py:925} INFO - DAG(s) 'example_branch_operator' retrieved from /home/airflow/.local/lib/python3.12/site-packages/airflow/example_dags/example_branch_operator.py
[2026-07-29T16:29:06.384+0000] {logging_mixin.py:190} INFO - [2026-07-29T16:29:06.384+0000] {dag.py:3211} INFO - Sync 1 DAGs
[2026-07-29T16:29:06.395+0000] {logging_mixin.py:190} INFO - [2026-07-29T16:29:06.394+0000] {dag.py:4138} INFO - Setting next_dagrun for example_branch_operator to 2026-07-28 00:00:00+00:00, run_after=2026-07-29 00:00:00+00:00
[2026-07-29T16:29:06.403+0000] {processor.py:208} INFO - Processing /home/airflow/.local/lib/python3.12/site-packages/airflow/example_dags/example_branch_operator.py took 0.049 seconds
[2026-07-29T16:29:37.249+0000] {processor.py:186} INFO - Started process (PID=5158) to work on /home/airflow/.local/lib/python3.12/site-packages/airflow/example_dags/example_branch_operator.py
[2026-07-29T16:29:37.250+0000] {processor.py:914} INFO - Processing file /home/airflow/.local/lib/python3.12/site-packages/airflow/example_dags/example_branch_operator.py for tasks to queue
[2026-07-29T16:29:37.251+0000] {logging_mixin.py:190} INFO - [2026-07-29T16:29:37.251+0000] {dagbag.py:587} INFO - Filling up the DagBag from /home/airflow/.local/lib/python3.12/site-packages/airflow/example_dags/example_branch_operator.py
[2026-07-29T16:29:37.260+0000] {processor.py:925} INFO - DAG(s) 'example_branch_operator' retrieved from /home/airflow/.local/lib/python3.12/site-packages/airflow/example_dags/example_branch_operator.py
[2026-07-29T16:29:37.283+0000] {logging_mixin.py:190} INFO - [2026-07-29T16:29:37.283+0000] {dag.py:3211} INFO - Sync 1 DAGs
[2026-07-29T16:29:37.291+0000] {logging_mixin.py:190} INFO - [2026-07-29T16:29:37.291+0000] {dag.py:4138} INFO - Setting next_dagrun for example_branch_operator to 2026-07-28 00:00:00+00:00, run_after=2026-07-29 00:00:00+00:00
[2026-07-29T16:29:37.299+0000] {processor.py:208} INFO - Processing /home/airflow/.local/lib/python3.12/site-packages/airflow/example_dags/example_branch_operator.py took 0.053 seconds
[2026-07-29T16:30:08.151+0000] {processor.py:186} INFO - Started process (PID=5224) to work on /home/airflow/.local/lib/python3.12/site-packages/airflow/example_dags/example_branch_operator.py
[2026-07-29T16:30:08.152+0000] {processor.py:914} INFO - Processing file /home/airflow/.local/lib/python3.12/site-packages/airflow/example_dags/example_branch_operator.py for tasks to queue
[2026-07-29T16:30:08.153+0000] {logging_mixin.py:190} INFO - [2026-07-29T16:30:08.153+0000] {dagbag.py:587} INFO - Filling up the DagBag from /home/airflow/.local/lib/python3.12/site-packages/airflow/example_dags/example_branch_operator.py
[2026-07-29T16:30:08.161+0000] {processor.py:925} INFO - DAG(s) 'example_branch_operator' retrieved from /home/airflow/.local/lib/python3.12/site-packages/airflow/example_dags/example_branch_operator.py
[2026-07-29T16:30:08.177+0000] {logging_mixin.py:190} INFO - [2026-07-29T16:30:08.177+0000] {dag.py:3211} INFO - Sync 1 DAGs
[2026-07-29T16:30:08.189+0000] {logging_mixin.py:190} INFO - [2026-07-29T16:30:08.189+0000] {dag.py:4138} INFO - Setting next_dagrun for example_branch_operator to 2026-07-28 00:00:00+00:00, run_after=2026-07-29 00:00:00+00:00
[2026-07-29T16:30:08.196+0000] {processor.py:208} INFO - Processing /home/airflow/.local/lib/python3.12/site-packages/airflow/example_dags/example_branch_operator.py took 0.047 seconds
[2026-07-29T16:30:39.232+0000] {processor.py:186} INFO - Started process (PID=5290) to work on /home/airflow/.local/lib/python3.12/site-packages/airflow/example_dags/example_branch_operator.py
[2026-07-29T16:30:39.232+0000] {processor.py:914} INFO - Processing file /home/airflow/.local/lib/python3.12/site-packages/airflow/example_dags/example_branch_operator.py for tasks to queue
[2026-07-29T16:30:39.233+0000] {logging_mixin.py:190} INFO - [2026-07-29T16:30:39.233+0000] {dagbag.py:587} INFO - Filling up the DagBag from /home/airflow/.local/lib/python3.12/site-packages/airflow/example_dags/example_branch_operator.py
[2026-07-29T16:30:39.241+0000] {processor.py:925} INFO - DAG(s) 'example_branch_operator' retrieved from /home/airflow/.local/lib/python3.12/site-packages/airflow/example_dags/example_branch_operator.py
[2026-07-29T16:30:39.254+0000] {logging_mixin.py:190} INFO - [2026-07-29T16:30:39.254+0000] {dag.py:3211} INFO - Sync 1 DAGs
[2026-07-29T16:30:39.264+0000] {logging_mixin.py:190} INFO - [2026-07-29T16:30:39.264+0000] {dag.py:4138} INFO - Setting next_dagrun for example_branch_operator to 2026-07-28 00:00:00+00:00, run_after=2026-07-29 00:00:00+00:00
[2026-07-29T16:30:39.271+0000] {processor.py:208} INFO - Processing /home/airflow/.local/lib/python3.12/site-packages/airflow/example_dags/example_branch_operator.py took 0.042 seconds
[2026-07-29T16:31:09.477+0000] {processor.py:186} INFO - Started process (PID=5356) to work on /home/airflow/.local/lib/python3.12/site-packages/airflow/example_dags/example_branch_operator.py
[2026-07-29T16:31:09.478+0000] {processor.py:914} INFO - Processing file /home/airflow/.local/lib/python3.12/site-packages/airflow/example_dags/example_branch_operator.py for tasks to queue
[2026-07-29T16:31:09.479+0000] {logging_mixin.py:190} INFO - [2026-07-29T16:31:09.479+0000] {dagbag.py:587} INFO - Filling up the DagBag from /home/airflow/.local/lib/python3.12/site-packages/airflow/example_dags/example_branch_operator.py
[2026-07-29T16:31:09.487+0000] {processor.py:925} INFO - DAG(s) 'example_branch_operator' retrieved from /home/airflow/.local/lib/python3.12/site-packages/airflow/example_dags/example_branch_operator.py
[2026-07-29T16:31:09.504+0000] {logging_mixin.py:190} INFO - [2026-07-29T16:31:09.504+0000] {dag.py:3211} INFO - Sync 1 DAGs
[2026-07-29T16:31:09.514+0000] {logging_mixin.py:190} INFO - [2026-07-29T16:31:09.514+0000] {dag.py:4138} INFO - Setting next_dagrun for example_branch_operator to 2026-07-28 00:00:00+00:00, run_after=2026-07-29 00:00:00+00:00
[2026-07-29T16:31:09.523+0000] {processor.py:208} INFO - Processing /home/airflow/.local/lib/python3.12/site-packages/airflow/example_dags/example_branch_operator.py took 0.049 seconds
[2026-07-29T16:31:39.808+0000] {processor.py:186} INFO - Started process (PID=5422) to work on /home/airflow/.local/lib/python3.12/site-packages/airflow/example_dags/example_branch_operator.py
[2026-07-29T16:31:39.809+0000] {processor.py:914} INFO - Processing file /home/airflow/.local/lib/python3.12/site-packages/airflow/example_dags/example_branch_operator.py for tasks to queue
[2026-07-29T16:31:39.812+0000] {logging_mixin.py:190} INFO - [2026-07-29T16:31:39.811+0000] {dagbag.py:587} INFO - Filling up the DagBag from /home/airflow/.local/lib/python3.12/site-packages/airflow/example_dags/example_branch_operator.py
[2026-07-29T16:31:39.823+0000] {processor.py:925} INFO - DAG(s) 'example_branch_operator' retrieved from /home/airflow/.local/lib/python3.12/site-packages/airflow/example_dags/example_branch_operator.py
[2026-07-29T16:31:39.842+0000] {logging_mixin.py:190} INFO - [2026-07-29T16:31:39.842+0000] {dag.py:3211} INFO - Sync 1 DAGs
[2026-07-29T16:31:39.854+0000] {logging_mixin.py:190} INFO - [2026-07-29T16:31:39.854+0000] {dag.py:4138} INFO - Setting next_dagrun for example_branch_operator to 2026-07-28 00:00:00+00:00, run_after=2026-07-29 00:00:00+00:00
[2026-07-29T16:31:39.863+0000] {processor.py:208} INFO - Processing /home/airflow/.local/lib/python3.12/site-packages/airflow/example_dags/example_branch_operator.py took 0.058 seconds
[2026-07-29T16:32:09.917+0000] {processor.py:186} INFO - Started process (PID=5488) to work on /home/airflow/.local/lib/python3.12/site-packages/airflow/example_dags/example_branch_operator.py
[2026-07-29T16:32:09.918+0000] {processor.py:914} INFO - Processing file /home/airflow/.local/lib/python3.12/site-packages/airflow/example_dags/example_branch_operator.py for tasks to queue
[2026-07-29T16:32:09.922+0000] {logging_mixin.py:190} INFO - [2026-07-29T16:32:09.921+0000] {dagbag.py:587} INFO - Filling up the DagBag from /home/airflow/.local/lib/python3.12/site-packages/airflow/example_dags/example_branch_operator.py
[2026-07-29T16:32:09.931+0000] {processor.py:925} INFO - DAG(s) 'example_branch_operator' retrieved from /home/airflow/.local/lib/python3.12/site-packages/airflow/example_dags/example_branch_operator.py
[2026-07-29T16:32:09.950+0000] {logging_mixin.py:190} INFO - [2026-07-29T16:32:09.950+0000] {dag.py:3211} INFO - Sync 1 DAGs
[2026-07-29T16:32:09.960+0000] {logging_mixin.py:190} INFO - [2026-07-29T16:32:09.960+0000] {dag.py:4138} INFO - Setting next_dagrun for example_branch_operator to 2026-07-28 00:00:00+00:00, run_after=2026-07-29 00:00:00+00:00
[2026-07-29T16:32:09.968+0000] {processor.py:208} INFO - Processing /home/airflow/.local/lib/python3.12/site-packages/airflow/example_dags/example_branch_operator.py took 0.053 seconds
[2026-07-29T16:32:40.110+0000] {processor.py:186} INFO - Started process (PID=5554) to work on /home/airflow/.local/lib/python3.12/site-packages/airflow/example_dags/example_branch_operator.py
[2026-07-29T16:32:40.111+0000] {processor.py:914} INFO - Processing file /home/airflow/.local/lib/python3.12/site-packages/airflow/example_dags/example_branch_operator.py for tasks to queue
[2026-07-29T16:32:40.112+0000] {logging_mixin.py:190} INFO - [2026-07-29T16:32:40.112+0000] {dagbag.py:587} INFO - Filling up the DagBag from /home/airflow/.local/lib/python3.12/site-packages/airflow/example_dags/example_branch_operator.py
[2026-07-29T16:32:40.119+0000] {processor.py:925} INFO - DAG(s) 'example_branch_operator' retrieved from /home/airflow/.local/lib/python3.12/site-packages/airflow/example_dags/example_branch_operator.py
[2026-07-29T16:32:40.132+0000] {logging_mixin.py:190} INFO - [2026-07-29T16:32:40.132+0000] {dag.py:3211} INFO - Sync 1 DAGs
[2026-07-29T16:32:40.145+0000] {logging_mixin.py:190} INFO - [2026-07-29T16:32:40.145+0000] {dag.py:4138} INFO - Setting next_dagrun for example_branch_operator to 2026-07-28 00:00:00+00:00, run_after=2026-07-29 00:00:00+00:00
[2026-07-29T16:32:40.157+0000] {processor.py:208} INFO - Processing /home/airflow/.local/lib/python3.12/site-packages/airflow/example_dags/example_branch_operator.py took 0.051 seconds
[2026-07-29T16:33:10.199+0000] {processor.py:186} INFO - Started process (PID=5620) to work on /home/airflow/.local/lib/python3.12/site-packages/airflow/example_dags/example_branch_operator.py
[2026-07-29T16:33:10.199+0000] {processor.py:914} INFO - Processing file /home/airflow/.local/lib/python3.12/site-packages/airflow/example_dags/example_branch_operator.py for tasks to queue
[2026-07-29T16:33:10.200+0000] {logging_mixin.py:190} INFO - [2026-07-29T16:33:10.200+0000] {dagbag.py:587} INFO - Filling up the DagBag from /home/airflow/.local/lib/python3.12/site-packages/airflow/example_dags/example_branch_operator.py
[2026-07-29T16:33:10.207+0000] {processor.py:925} INFO - DAG(s) 'example_branch_operator' retrieved from /home/airflow/.local/lib/python3.12/site-packages/airflow/example_dags/example_branch_operator.py
[2026-07-29T16:33:10.216+0000] {logging_mixin.py:190} INFO - [2026-07-29T16:33:10.216+0000] {dag.py:3211} INFO - Sync 1 DAGs
[2026-07-29T16:33:10.224+0000] {logging_mixin.py:190} INFO - [2026-07-29T16:33:10.224+0000] {dag.py:4138} INFO - Setting next_dagrun for example_branch_operator to 2026-07-28 00:00:00+00:00, run_after=2026-07-29 00:00:00+00:00
[2026-07-29T16:33:10.229+0000] {processor.py:208} INFO - Processing /home/airflow/.local/lib/python3.12/site-packages/airflow/example_dags/example_branch_operator.py took 0.033 seconds
[2026-07-29T16:33:41.149+0000] {processor.py:186} INFO - Started process (PID=5686) to work on /home/airflow/.local/lib/python3.12/site-packages/airflow/example_dags/example_branch_operator.py
[2026-07-29T16:33:41.149+0000] {processor.py:914} INFO - Processing file /home/airflow/.local/lib/python3.12/site-packages/airflow/example_dags/example_branch_operator.py for tasks to queue
[2026-07-29T16:33:41.150+0000] {logging_mixin.py:190} INFO - [2026-07-29T16:33:41.150+0000] {dagbag.py:587} INFO - Filling up the DagBag from /home/airflow/.local/lib/python3.12/site-packages/airflow/example_dags/example_branch_operator.py
[2026-07-29T16:33:41.158+0000] {processor.py:925} INFO - DAG(s) 'example_branch_operator' retrieved from /home/airflow/.local/lib/python3.12/site-packages/airflow/example_dags/example_branch_operator.py
[2026-07-29T16:33:41.175+0000] {logging_mixin.py:190} INFO - [2026-07-29T16:33:41.175+0000] {dag.py:3211} INFO - Sync 1 DAGs
[2026-07-29T16:33:41.187+0000] {logging_mixin.py:190} INFO - [2026-07-29T16:33:41.187+0000] {dag.py:4138} INFO - Setting next_dagrun for example_branch_operator to 2026-07-28 00:00:00+00:00, run_after=2026-07-29 00:00:00+00:00
[2026-07-29T16:33:41.194+0000] {processor.py:208} INFO - Processing /home/airflow/.local/lib/python3.12/site-packages/airflow/example_dags/example_branch_operator.py took 0.048 seconds
[2026-07-29T16:34:11.488+0000] {processor.py:186} INFO - Started process (PID=5752) to work on /home/airflow/.local/lib/python3.12/site-packages/airflow/example_dags/example_branch_operator.py
[2026-07-29T16:34:11.490+0000] {processor.py:914} INFO - Processing file /home/airflow/.local/lib/python3.12/site-packages/airflow/example_dags/example_branch_operator.py for tasks to queue
[2026-07-29T16:34:11.492+0000] {logging_mixin.py:190} INFO - [2026-07-29T16:34:11.492+0000] {dagbag.py:587} INFO - Filling up the DagBag from /home/airflow/.local/lib/python3.12/site-packages/airflow/example_dags/example_branch_operator.py
[2026-07-29T16:34:11.503+0000] {processor.py:925} INFO - DAG(s) 'example_branch_operator' retrieved from /home/airflow/.local/lib/python3.12/site-packages/airflow/example_dags/example_branch_operator.py
[2026-07-29T16:34:11.517+0000] {logging_mixin.py:190} INFO - [2026-07-29T16:34:11.517+0000] {dag.py:3211} INFO - Sync 1 DAGs
[2026-07-29T16:34:11.526+0000] {logging_mixin.py:190} INFO - [2026-07-29T16:34:11.526+0000] {dag.py:4138} INFO - Setting next_dagrun for example_branch_operator to 2026-07-28 00:00:00+00:00, run_after=2026-07-29 00:00:00+00:00
[2026-07-29T16:34:11.532+0000] {processor.py:208} INFO - Processing /home/airflow/.local/lib/python3.12/site-packages/airflow/example_dags/example_branch_operator.py took 0.047 seconds
[2026-07-29T16:34:42.495+0000] {processor.py:186} INFO - Started process (PID=5818) to work on /home/airflow/.local/lib/python3.12/site-packages/airflow/example_dags/example_branch_operator.py
[2026-07-29T16:34:42.496+0000] {processor.py:914} INFO - Processing file /home/airflow/.local/lib/python3.12/site-packages/airflow/example_dags/example_branch_operator.py for tasks to queue
[2026-07-29T16:34:42.497+0000] {logging_mixin.py:190} INFO - [2026-07-29T16:34:42.497+0000] {dagbag.py:587} INFO - Filling up the DagBag from /home/airflow/.local/lib/python3.12/site-packages/airflow/example_dags/example_branch_operator.py
[2026-07-29T16:34:42.508+0000] {processor.py:925} INFO - DAG(s) 'example_branch_operator' retrieved from /home/airflow/.local/lib/python3.12/site-packages/airflow/example_dags/example_branch_operator.py
[2026-07-29T16:34:42.527+0000] {logging_mixin.py:190} INFO - [2026-07-29T16:34:42.526+0000] {dag.py:3211} INFO - Sync 1 DAGs
[2026-07-29T16:34:42.539+0000] {logging_mixin.py:190} INFO - [2026-07-29T16:34:42.539+0000] {dag.py:4138} INFO - Setting next_dagrun for example_branch_operator to 2026-07-28 00:00:00+00:00, run_after=2026-07-29 00:00:00+00:00
[2026-07-29T16:34:42.544+0000] {processor.py:208} INFO - Processing /home/airflow/.local/lib/python3.12/site-packages/airflow/example_dags/example_branch_operator.py took 0.051 seconds
[2026-07-29T16:35:13.482+0000] {processor.py:186} INFO - Started process (PID=5884) to work on /home/airflow/.local/lib/python3.12/site-packages/airflow/example_dags/example_branch_operator.py
[2026-07-29T16:35:13.484+0000] {processor.py:914} INFO - Processing file /home/airflow/.local/lib/python3.12/site-packages/airflow/example_dags/example_branch_operator.py for tasks to queue
[2026-07-29T16:35:13.486+0000] {logging_mixin.py:190} INFO - [2026-07-29T16:35:13.486+0000] {dagbag.py:587} INFO - Filling up the DagBag from /home/airflow/.local/lib/python3.12/site-packages/airflow/example_dags/example_branch_operator.py
[2026-07-29T16:35:13.493+0000] {processor.py:925} INFO - DAG(s) 'example_branch_operator' retrieved from /home/airflow/.local/lib/python3.12/site-packages/airflow/example_dags/example_branch_operator.py
[2026-07-29T16:35:13.504+0000] {logging_mixin.py:190} INFO - [2026-07-29T16:35:13.504+0000] {dag.py:3211} INFO - Sync 1 DAGs
[2026-07-29T16:35:13.515+0000] {logging_mixin.py:190} INFO - [2026-07-29T16:35:13.515+0000] {dag.py:4138} INFO - Setting next_dagrun for example_branch_operator to 2026-07-28 00:00:00+00:00, run_after=2026-07-29 00:00:00+00:00
[2026-07-29T16:35:13.525+0000] {processor.py:208} INFO - Processing /home/airflow/.local/lib/python3.12/site-packages/airflow/example_dags/example_branch_operator.py took 0.046 seconds
[2026-07-29T16:35:44.572+0000] {processor.py:186} INFO - Started process (PID=5950) to work on /home/airflow/.local/lib/python3.12/site-packages/airflow/example_dags/example_branch_operator.py
[2026-07-29T16:35:44.572+0000] {processor.py:914} INFO - Processing file /home/airflow/.local/lib/python3.12/site-packages/airflow/example_dags/example_branch_operator.py for tasks to queue
[2026-07-29T16:35:44.574+0000] {logging_mixin.py:190} INFO - [2026-07-29T16:35:44.574+0000] {dagbag.py:587} INFO - Filling up the DagBag from /home/airflow/.local/lib/python3.12/site-packages/airflow/example_dags/example_branch_operator.py
[2026-07-29T16:35:44.581+0000] {processor.py:925} INFO - DAG(s) 'example_branch_operator' retrieved from /home/airflow/.local/lib/python3.12/site-packages/airflow/example_dags/example_branch_operator.py
[2026-07-29T16:35:44.593+0000] {logging_mixin.py:190} INFO - [2026-07-29T16:35:44.593+0000] {dag.py:3211} INFO - Sync 1 DAGs
[2026-07-29T16:35:44.608+0000] {logging_mixin.py:190} INFO - [2026-07-29T16:35:44.608+0000] {dag.py:4138} INFO - Setting next_dagrun for example_branch_operator to 2026-07-28 00:00:00+00:00, run_after=2026-07-29 00:00:00+00:00
[2026-07-29T16:35:44.619+0000] {processor.py:208} INFO - Processing /home/airflow/.local/lib/python3.12/site-packages/airflow/example_dags/example_branch_operator.py took 0.051 seconds
[2026-07-29T16:36:15.585+0000] {processor.py:186} INFO - Started process (PID=6016) to work on /home/airflow/.local/lib/python3.12/site-packages/airflow/example_dags/example_branch_operator.py
[2026-07-29T16:36:15.586+0000] {processor.py:914} INFO - Processing file /home/airflow/.local/lib/python3.12/site-packages/airflow/example_dags/example_branch_operator.py for tasks to queue
[2026-07-29T16:36:15.587+0000] {logging_mixin.py:190} INFO - [2026-07-29T16:36:15.587+0000] {dagbag.py:587} INFO - Filling up the DagBag from /home/airflow/.local/lib/python3.12/site-packages/airflow/example_dags/example_branch_operator.py
[2026-07-29T16:36:15.595+0000] {processor.py:925} INFO - DAG(s) 'example_branch_operator' retrieved from /home/airflow/.local/lib/python3.12/site-packages/airflow/example_dags/example_branch_operator.py
[2026-07-29T16:36:15.615+0000] {logging_mixin.py:190} INFO - [2026-07-29T16:36:15.614+0000] {dag.py:3211} INFO - Sync 1 DAGs
[2026-07-29T16:36:15.627+0000] {logging_mixin.py:190} INFO - [2026-07-29T16:36:15.626+0000] {dag.py:4138} INFO - Setting next_dagrun for example_branch_operator to 2026-07-28 00:00:00+00:00, run_after=2026-07-29 00:00:00+00:00
[2026-07-29T16:36:15.634+0000] {processor.py:208} INFO - Processing /home/airflow/.local/lib/python3.12/site-packages/airflow/example_dags/example_branch_operator.py took 0.052 seconds
[2026-07-29T16:36:46.613+0000] {processor.py:186} INFO - Started process (PID=6082) to work on /home/airflow/.local/lib/python3.12/site-packages/airflow/example_dags/example_branch_operator.py
[2026-07-29T16:36:46.614+0000] {processor.py:914} INFO - Processing file /home/airflow/.local/lib/python3.12/site-packages/airflow/example_dags/example_branch_operator.py for tasks to queue
[2026-07-29T16:36:46.615+0000] {logging_mixin.py:190} INFO - [2026-07-29T16:36:46.615+0000] {dagbag.py:587} INFO - Filling up the DagBag from /home/airflow/.local/lib/python3.12/site-packages/airflow/example_dags/example_branch_operator.py
[2026-07-29T16:36:46.628+0000] {processor.py:925} INFO - DAG(s) 'example_branch_operator' retrieved from /home/airflow/.local/lib/python3.12/site-packages/airflow/example_dags/example_branch_operator.py
[2026-07-29T16:36:46.643+0000] {logging_mixin.py:190} INFO - [2026-07-29T16:36:46.643+0000] {dag.py:3211} INFO - Sync 1 DAGs
[2026-07-29T16:36:46.652+0000] {logging_mixin.py:190} INFO - [2026-07-29T16:36:46.652+0000] {dag.py:4138} INFO - Setting next_dagrun for example_branch_operator to 2026-07-28 00:00:00+00:00, run_after=2026-07-29 00:00:00+00:00
[2026-07-29T16:36:46.661+0000] {processor.py:208} INFO - Processing /home/airflow/.local/lib/python3.12/site-packages/airflow/example_dags/example_branch_operator.py took 0.052 seconds
[2026-07-29T16:37:17.615+0000] {processor.py:186} INFO - Started process (PID=6148) to work on /home/airflow/.local/lib/python3.12/site-packages/airflow/example_dags/example_branch_operator.py
[2026-07-29T16:37:17.615+0000] {processor.py:914} INFO - Processing file /home/airflow/.local/lib/python3.12/site-packages/airflow/example_dags/example_branch_operator.py for tasks to queue
[2026-07-29T16:37:17.617+0000] {logging_mixin.py:190} INFO - [2026-07-29T16:37:17.616+0000] {dagbag.py:587} INFO - Filling up the DagBag from /home/airflow/.local/lib/python3.12/site-packages/airflow/example_dags/example_branch_operator.py
[2026-07-29T16:37:17.626+0000] {processor.py:925} INFO - DAG(s) 'example_branch_operator' retrieved from /home/airflow/.local/lib/python3.12/site-packages/airflow/example_dags/example_branch_operator.py
[2026-07-29T16:37:17.639+0000] {logging_mixin.py:190} INFO - [2026-07-29T16:37:17.639+0000] {dag.py:3211} INFO - Sync 1 DAGs
[2026-07-29T16:37:17.650+0000] {logging_mixin.py:190} INFO - [2026-07-29T16:37:17.650+0000] {dag.py:4138} INFO - Setting next_dagrun for example_branch_operator to 2026-07-28 00:00:00+00:00, run_after=2026-07-29 00:00:00+00:00
[2026-07-29T16:37:17.656+0000] {processor.py:208} INFO - Processing /home/airflow/.local/lib/python3.12/site-packages/airflow/example_dags/example_branch_operator.py took 0.044 seconds
[2026-07-29T16:37:48.620+0000] {processor.py:186} INFO - Started process (PID=6214) to work on /home/airflow/.local/lib/python3.12/site-packages/airflow/example_dags/example_branch_operator.py
[2026-07-29T16:37:48.620+0000] {processor.py:914} INFO - Processing file /home/airflow/.local/lib/python3.12/site-packages/airflow/example_dags/example_branch_operator.py for tasks to queue
[2026-07-29T16:37:48.622+0000] {logging_mixin.py:190} INFO - [2026-07-29T16:37:48.621+0000] {dagbag.py:587} INFO - Filling up the DagBag from /home/airflow/.local/lib/python3.12/site-packages/airflow/example_dags/example_branch_operator.py
[2026-07-29T16:37:48.630+0000] {processor.py:925} INFO - DAG(s) 'example_branch_operator' retrieved from /home/airflow/.local/lib/python3.12/site-packages/airflow/example_dags/example_branch_operator.py
[2026-07-29T16:37:48.642+0000] {logging_mixin.py:190} INFO - [2026-07-29T16:37:48.642+0000] {dag.py:3211} INFO - Sync 1 DAGs
[2026-07-29T16:37:48.653+0000] {logging_mixin.py:190} INFO - [2026-07-29T16:37:48.653+0000] {dag.py:4138} INFO - Setting next_dagrun for example_branch_operator to 2026-07-28 00:00:00+00:00, run_after=2026-07-29 00:00:00+00:00
[2026-07-29T16:37:48.664+0000] {processor.py:208} INFO - Processing /home/airflow/.local/lib/python3.12/site-packages/airflow/example_dags/example_branch_operator.py took 0.048 seconds
[2026-07-29T16:38:19.651+0000] {processor.py:186} INFO - Started process (PID=6286) to work on /home/airflow/.local/lib/python3.12/site-packages/airflow/example_dags/example_branch_operator.py
[2026-07-29T16:38:19.653+0000] {processor.py:914} INFO - Processing file /home/airflow/.local/lib/python3.12/site-packages/airflow/example_dags/example_branch_operator.py for tasks to queue
[2026-07-29T16:38:19.654+0000] {logging_mixin.py:190} INFO - [2026-07-29T16:38:19.654+0000] {dagbag.py:587} INFO - Filling up the DagBag from /home/airflow/.local/lib/python3.12/site-packages/airflow/example_dags/example_branch_operator.py
[2026-07-29T16:38:19.662+0000] {processor.py:925} INFO - DAG(s) 'example_branch_operator' retrieved from /home/airflow/.local/lib/python3.12/site-packages/airflow/example_dags/example_branch_operator.py
[2026-07-29T16:38:19.673+0000] {logging_mixin.py:190} INFO - [2026-07-29T16:38:19.673+0000] {dag.py:3211} INFO - Sync 1 DAGs
[2026-07-29T16:38:19.684+0000] {logging_mixin.py:190} INFO - [2026-07-29T16:38:19.684+0000] {dag.py:4138} INFO - Setting next_dagrun for example_branch_operator to 2026-07-28 00:00:00+00:00, run_after=2026-07-29 00:00:00+00:00
[2026-07-29T16:38:19.696+0000] {processor.py:208} INFO - Processing /home/airflow/.local/lib/python3.12/site-packages/airflow/example_dags/example_branch_operator.py took 0.048 seconds
[2026-07-29T16:38:51.773+0000] {processor.py:186} INFO - Started process (PID=6352) to work on /home/airflow/.local/lib/python3.12/site-packages/airflow/example_dags/example_branch_operator.py
[2026-07-29T16:38:51.773+0000] {processor.py:914} INFO - Processing file /home/airflow/.local/lib/python3.12/site-packages/airflow/example_dags/example_branch_operator.py for tasks to queue
[2026-07-29T16:38:51.775+0000] {logging_mixin.py:190} INFO - [2026-07-29T16:38:51.774+0000] {dagbag.py:587} INFO - Filling up the DagBag from /home/airflow/.local/lib/python3.12/site-packages/airflow/example_dags/example_branch_operator.py
[2026-07-29T16:38:51.782+0000] {processor.py:925} INFO - DAG(s) 'example_branch_operator' retrieved from /home/airflow/.local/lib/python3.12/site-packages/airflow/example_dags/example_branch_operator.py
[2026-07-29T16:38:51.801+0000] {logging_mixin.py:190} INFO - [2026-07-29T16:38:51.800+0000] {dag.py:3211} INFO - Sync 1 DAGs
[2026-07-29T16:38:51.811+0000] {logging_mixin.py:190} INFO - [2026-07-29T16:38:51.811+0000] {dag.py:4138} INFO - Setting next_dagrun for example_branch_operator to 2026-07-28 00:00:00+00:00, run_after=2026-07-29 00:00:00+00:00
[2026-07-29T16:38:51.817+0000] {processor.py:208} INFO - Processing /home/airflow/.local/lib/python3.12/site-packages/airflow/example_dags/example_branch_operator.py took 0.047 seconds
[2026-07-29T16:39:22.801+0000] {processor.py:186} INFO - Started process (PID=6418) to work on /home/airflow/.local/lib/python3.12/site-packages/airflow/example_dags/example_branch_operator.py
[2026-07-29T16:39:22.802+0000] {processor.py:914} INFO - Processing file /home/airflow/.local/lib/python3.12/site-packages/airflow/example_dags/example_branch_operator.py for tasks to queue
[2026-07-29T16:39:22.803+0000] {logging_mixin.py:190} INFO - [2026-07-29T16:39:22.802+0000] {dagbag.py:587} INFO - Filling up the DagBag from /home/airflow/.local/lib/python3.12/site-packages/airflow/example_dags/example_branch_operator.py
[2026-07-29T16:39:22.811+0000] {processor.py:925} INFO - DAG(s) 'example_branch_operator' retrieved from /home/airflow/.local/lib/python3.12/site-packages/airflow/example_dags/example_branch_operator.py
[2026-07-29T16:39:22.828+0000] {logging_mixin.py:190} INFO - [2026-07-29T16:39:22.828+0000] {dag.py:3211} INFO - Sync 1 DAGs
[2026-07-29T16:39:22.836+0000] {logging_mixin.py:190} INFO - [2026-07-29T16:39:22.836+0000] {dag.py:4138} INFO - Setting next_dagrun for example_branch_operator to 2026-07-28 00:00:00+00:00, run_after=2026-07-29 00:00:00+00:00
[2026-07-29T16:39:22.842+0000] {processor.py:208} INFO - Processing /home/airflow/.local/lib/python3.12/site-packages/airflow/example_dags/example_branch_operator.py took 0.043 seconds
[2026-07-29T16:39:53.775+0000] {processor.py:186} INFO - Started process (PID=6484) to work on /home/airflow/.local/lib/python3.12/site-packages/airflow/example_dags/example_branch_operator.py
[2026-07-29T16:39:53.776+0000] {processor.py:914} INFO - Processing file /home/airflow/.local/lib/python3.12/site-packages/airflow/example_dags/example_branch_operator.py for tasks to queue
[2026-07-29T16:39:53.777+0000] {logging_mixin.py:190} INFO - [2026-07-29T16:39:53.777+0000] {dagbag.py:587} INFO - Filling up the DagBag from /home/airflow/.local/lib/python3.12/site-packages/airflow/example_dags/example_branch_operator.py
[2026-07-29T16:39:53.786+0000] {processor.py:925} INFO - DAG(s) 'example_branch_operator' retrieved from /home/airflow/.local/lib/python3.12/site-packages/airflow/example_dags/example_branch_operator.py
[2026-07-29T16:39:53.801+0000] {logging_mixin.py:190} INFO - [2026-07-29T16:39:53.800+0000] {dag.py:3211} INFO - Sync 1 DAGs
[2026-07-29T16:39:53.809+0000] {logging_mixin.py:190} INFO - [2026-07-29T16:39:53.809+0000] {dag.py:4138} INFO - Setting next_dagrun for example_branch_operator to 2026-07-28 00:00:00+00:00, run_after=2026-07-29 00:00:00+00:00
[2026-07-29T16:39:53.815+0000] {processor.py:208} INFO - Processing /home/airflow/.local/lib/python3.12/site-packages/airflow/example_dags/example_branch_operator.py took 0.043 seconds
[2026-07-29T16:40:23.932+0000] {processor.py:186} INFO - Started process (PID=6550) to work on /home/airflow/.local/lib/python3.12/site-packages/airflow/example_dags/example_branch_operator.py
[2026-07-29T16:40:23.933+0000] {processor.py:914} INFO - Processing file /home/airflow/.local/lib/python3.12/site-packages/airflow/example_dags/example_branch_operator.py for tasks to queue
[2026-07-29T16:40:23.934+0000] {logging_mixin.py:190} INFO - [2026-07-29T16:40:23.934+0000] {dagbag.py:587} INFO - Filling up the DagBag from /home/airflow/.local/lib/python3.12/site-packages/airflow/example_dags/example_branch_operator.py
[2026-07-29T16:40:23.942+0000] {processor.py:925} INFO - DAG(s) 'example_branch_operator' retrieved from /home/airflow/.local/lib/python3.12/site-packages/airflow/example_dags/example_branch_operator.py
[2026-07-29T16:40:23.960+0000] {logging_mixin.py:190} INFO - [2026-07-29T16:40:23.960+0000] {dag.py:3211} INFO - Sync 1 DAGs
[2026-07-29T16:40:23.972+0000] {logging_mixin.py:190} INFO - [2026-07-29T16:40:23.972+0000] {dag.py:4138} INFO - Setting next_dagrun for example_branch_operator to 2026-07-28 00:00:00+00:00, run_after=2026-07-29 00:00:00+00:00
[2026-07-29T16:40:23.986+0000] {processor.py:208} INFO - Processing /home/airflow/.local/lib/python3.12/site-packages/airflow/example_dags/example_branch_operator.py took 0.056 seconds
[2026-07-29T16:40:54.086+0000] {processor.py:186} INFO - Started process (PID=6616) to work on /home/airflow/.local/lib/python3.12/site-packages/airflow/example_dags/example_branch_operator.py
[2026-07-29T16:40:54.087+0000] {processor.py:914} INFO - Processing file /home/airflow/.local/lib/python3.12/site-packages/airflow/example_dags/example_branch_operator.py for tasks to queue
[2026-07-29T16:40:54.088+0000] {logging_mixin.py:190} INFO - [2026-07-29T16:40:54.088+0000] {dagbag.py:587} INFO - Filling up the DagBag from /home/airflow/.local/lib/python3.12/site-packages/airflow/example_dags/example_branch_operator.py
[2026-07-29T16:40:54.096+0000] {processor.py:925} INFO - DAG(s) 'example_branch_operator' retrieved from /home/airflow/.local/lib/python3.12/site-packages/airflow/example_dags/example_branch_operator.py
[2026-07-29T16:40:54.107+0000] {logging_mixin.py:190} INFO - [2026-07-29T16:40:54.107+0000] {dag.py:3211} INFO - Sync 1 DAGs
[2026-07-29T16:40:54.116+0000] {logging_mixin.py:190} INFO - [2026-07-29T16:40:54.116+0000] {dag.py:4138} INFO - Setting next_dagrun for example_branch_operator to 2026-07-28 00:00:00+00:00, run_after=2026-07-29 00:00:00+00:00
[2026-07-29T16:40:54.123+0000] {processor.py:208} INFO - Processing /home/airflow/.local/lib/python3.12/site-packages/airflow/example_dags/example_branch_operator.py took 0.039 seconds
[2026-07-29T16:41:25.182+0000] {processor.py:186} INFO - Started process (PID=6682) to work on /home/airflow/.local/lib/python3.12/site-packages/airflow/example_dags/example_branch_operator.py
[2026-07-29T16:41:25.182+0000] {processor.py:914} INFO - Processing file /home/airflow/.local/lib/python3.12/site-packages/airflow/example_dags/example_branch_operator.py for tasks to queue
[2026-07-29T16:41:25.183+0000] {logging_mixin.py:190} INFO - [2026-07-29T16:41:25.183+0000] {dagbag.py:587} INFO - Filling up the DagBag from /home/airflow/.local/lib/python3.12/site-packages/airflow/example_dags/example_branch_operator.py
[2026-07-29T16:41:25.190+0000] {processor.py:925} INFO - DAG(s) 'example_branch_operator' retrieved from /home/airflow/.local/lib/python3.12/site-packages/airflow/example_dags/example_branch_operator.py
[2026-07-29T16:41:25.201+0000] {logging_mixin.py:190} INFO - [2026-07-29T16:41:25.201+0000] {dag.py:3211} INFO - Sync 1 DAGs
[2026-07-29T16:41:25.210+0000] {logging_mixin.py:190} INFO - [2026-07-29T16:41:25.210+0000] {dag.py:4138} INFO - Setting next_dagrun for example_branch_operator to 2026-07-28 00:00:00+00:00, run_after=2026-07-29 00:00:00+00:00
[2026-07-29T16:41:25.216+0000] {processor.py:208} INFO - Processing /home/airflow/.local/lib/python3.12/site-packages/airflow/example_dags/example_branch_operator.py took 0.037 seconds
[2026-07-29T16:41:55.244+0000] {processor.py:186} INFO - Started process (PID=6748) to work on /home/airflow/.local/lib/python3.12/site-packages/airflow/example_dags/example_branch_operator.py
[2026-07-29T16:41:55.245+0000] {processor.py:914} INFO - Processing file /home/airflow/.local/lib/python3.12/site-packages/airflow/example_dags/example_branch_operator.py for tasks to queue
[2026-07-29T16:41:55.246+0000] {logging_mixin.py:190} INFO - [2026-07-29T16:41:55.246+0000] {dagbag.py:587} INFO - Filling up the DagBag from /home/airflow/.local/lib/python3.12/site-packages/airflow/example_dags/example_branch_operator.py
[2026-07-29T16:41:55.253+0000] {processor.py:925} INFO - DAG(s) 'example_branch_operator' retrieved from /home/airflow/.local/lib/python3.12/site-packages/airflow/example_dags/example_branch_operator.py
[2026-07-29T16:41:55.264+0000] {logging_mixin.py:190} INFO - [2026-07-29T16:41:55.264+0000] {dag.py:3211} INFO - Sync 1 DAGs
[2026-07-29T16:41:55.273+0000] {logging_mixin.py:190} INFO - [2026-07-29T16:41:55.273+0000] {dag.py:4138} INFO - Setting next_dagrun for example_branch_operator to 2026-07-28 00:00:00+00:00, run_after=2026-07-29 00:00:00+00:00
[2026-07-29T16:41:55.279+0000] {processor.py:208} INFO - Processing /home/airflow/.local/lib/python3.12/site-packages/airflow/example_dags/example_branch_operator.py took 0.037 seconds
[2026-07-29T16:42:25.557+0000] {processor.py:186} INFO - Started process (PID=6814) to work on /home/airflow/.local/lib/python3.12/site-packages/airflow/example_dags/example_branch_operator.py
[2026-07-29T16:42:25.558+0000] {processor.py:914} INFO - Processing file /home/airflow/.local/lib/python3.12/site-packages/airflow/example_dags/example_branch_operator.py for tasks to queue
[2026-07-29T16:42:25.560+0000] {logging_mixin.py:190} INFO - [2026-07-29T16:42:25.560+0000] {dagbag.py:587} INFO - Filling up the DagBag from /home/airflow/.local/lib/python3.12/site-packages/airflow/example_dags/example_branch_operator.py
[2026-07-29T16:42:25.568+0000] {processor.py:925} INFO - DAG(s) 'example_branch_operator' retrieved from /home/airflow/.local/lib/python3.12/site-packages/airflow/example_dags/example_branch_operator.py
[2026-07-29T16:42:25.579+0000] {logging_mixin.py:190} INFO - [2026-07-29T16:42:25.579+0000] {dag.py:3211} INFO - Sync 1 DAGs
[2026-07-29T16:42:25.591+0000] {logging_mixin.py:190} INFO - [2026-07-29T16:42:25.591+0000] {dag.py:4138} INFO - Setting next_dagrun for example_branch_operator to 2026-07-28 00:00:00+00:00, run_after=2026-07-29 00:00:00+00:00
[2026-07-29T16:42:25.605+0000] {processor.py:208} INFO - Processing /home/airflow/.local/lib/python3.12/site-packages/airflow/example_dags/example_branch_operator.py took 0.050 seconds
[2026-07-29T16:42:55.805+0000] {processor.py:186} INFO - Started process (PID=6880) to work on /home/airflow/.local/lib/python3.12/site-packages/airflow/example_dags/example_branch_operator.py
[2026-07-29T16:42:55.805+0000] {processor.py:914} INFO - Processing file /home/airflow/.local/lib/python3.12/site-packages/airflow/example_dags/example_branch_operator.py for tasks to queue
[2026-07-29T16:42:55.806+0000] {logging_mixin.py:190} INFO - [2026-07-29T16:42:55.806+0000] {dagbag.py:587} INFO - Filling up the DagBag from /home/airflow/.local/lib/python3.12/site-packages/airflow/example_dags/example_branch_operator.py
[2026-07-29T16:42:55.816+0000] {processor.py:925} INFO - DAG(s) 'example_branch_operator' retrieved from /home/airflow/.local/lib/python3.12/site-packages/airflow/example_dags/example_branch_operator.py
[2026-07-29T16:42:55.832+0000] {logging_mixin.py:190} INFO - [2026-07-29T16:42:55.831+0000] {dag.py:3211} INFO - Sync 1 DAGs
[2026-07-29T16:42:55.842+0000] {logging_mixin.py:190} INFO - [2026-07-29T16:42:55.842+0000] {dag.py:4138} INFO - Setting next_dagrun for example_branch_operator to 2026-07-28 00:00:00+00:00, run_after=2026-07-29 00:00:00+00:00
[2026-07-29T16:42:55.851+0000] {processor.py:208} INFO - Processing /home/airflow/.local/lib/python3.12/site-packages/airflow/example_dags/example_branch_operator.py took 0.049 seconds
[2026-07-29T16:43:25.927+0000] {processor.py:186} INFO - Started process (PID=6946) to work on /home/airflow/.local/lib/python3.12/site-packages/airflow/example_dags/example_branch_operator.py
[2026-07-29T16:43:25.927+0000] {processor.py:914} INFO - Processing file /home/airflow/.local/lib/python3.12/site-packages/airflow/example_dags/example_branch_operator.py for tasks to queue
[2026-07-29T16:43:25.929+0000] {logging_mixin.py:190} INFO - [2026-07-29T16:43:25.929+0000] {dagbag.py:587} INFO - Filling up the DagBag from /home/airflow/.local/lib/python3.12/site-packages/airflow/example_dags/example_branch_operator.py
[2026-07-29T16:43:25.937+0000] {processor.py:925} INFO - DAG(s) 'example_branch_operator' retrieved from /home/airflow/.local/lib/python3.12/site-packages/airflow/example_dags/example_branch_operator.py
[2026-07-29T16:43:25.951+0000] {logging_mixin.py:190} INFO - [2026-07-29T16:43:25.951+0000] {dag.py:3211} INFO - Sync 1 DAGs
[2026-07-29T16:43:25.962+0000] {logging_mixin.py:190} INFO - [2026-07-29T16:43:25.962+0000] {dag.py:4138} INFO - Setting next_dagrun for example_branch_operator to 2026-07-28 00:00:00+00:00, run_after=2026-07-29 00:00:00+00:00
[2026-07-29T16:43:25.971+0000] {processor.py:208} INFO - Processing /home/airflow/.local/lib/python3.12/site-packages/airflow/example_dags/example_branch_operator.py took 0.047 seconds
[2026-07-29T16:43:56.518+0000] {processor.py:186} INFO - Started process (PID=7012) to work on /home/airflow/.local/lib/python3.12/site-packages/airflow/example_dags/example_branch_operator.py
[2026-07-29T16:43:56.519+0000] {processor.py:914} INFO - Processing file /home/airflow/.local/lib/python3.12/site-packages/airflow/example_dags/example_branch_operator.py for tasks to queue
[2026-07-29T16:43:56.520+0000] {logging_mixin.py:190} INFO - [2026-07-29T16:43:56.520+0000] {dagbag.py:587} INFO - Filling up the DagBag from /home/airflow/.local/lib/python3.12/site-packages/airflow/example_dags/example_branch_operator.py
[2026-07-29T16:43:56.529+0000] {processor.py:925} INFO - DAG(s) 'example_branch_operator' retrieved from /home/airflow/.local/lib/python3.12/site-packages/airflow/example_dags/example_branch_operator.py
[2026-07-29T16:43:56.541+0000] {logging_mixin.py:190} INFO - [2026-07-29T16:43:56.541+0000] {dag.py:3211} INFO - Sync 1 DAGs
[2026-07-29T16:43:56.636+0000] {logging_mixin.py:190} INFO - [2026-07-29T16:43:56.636+0000] {dag.py:4138} INFO - Setting next_dagrun for example_branch_operator to 2026-07-28 00:00:00+00:00, run_after=2026-07-29 00:00:00+00:00
[2026-07-29T16:43:56.642+0000] {processor.py:208} INFO - Processing /home/airflow/.local/lib/python3.12/site-packages/airflow/example_dags/example_branch_operator.py took 0.127 seconds
[2026-07-29T16:44:27.456+0000] {processor.py:186} INFO - Started process (PID=7078) to work on /home/airflow/.local/lib/python3.12/site-packages/airflow/example_dags/example_branch_operator.py
[2026-07-29T16:44:27.457+0000] {processor.py:914} INFO - Processing file /home/airflow/.local/lib/python3.12/site-packages/airflow/example_dags/example_branch_operator.py for tasks to queue
[2026-07-29T16:44:27.458+0000] {logging_mixin.py:190} INFO - [2026-07-29T16:44:27.458+0000] {dagbag.py:587} INFO - Filling up the DagBag from /home/airflow/.local/lib/python3.12/site-packages/airflow/example_dags/example_branch_operator.py
[2026-07-29T16:44:27.465+0000] {processor.py:925} INFO - DAG(s) 'example_branch_operator' retrieved from /home/airflow/.local/lib/python3.12/site-packages/airflow/example_dags/example_branch_operator.py
[2026-07-29T16:44:27.479+0000] {logging_mixin.py:190} INFO - [2026-07-29T16:44:27.479+0000] {dag.py:3211} INFO - Sync 1 DAGs
[2026-07-29T16:44:27.490+0000] {logging_mixin.py:190} INFO - [2026-07-29T16:44:27.490+0000] {dag.py:4138} INFO - Setting next_dagrun for example_branch_operator to 2026-07-28 00:00:00+00:00, run_after=2026-07-29 00:00:00+00:00
[2026-07-29T16:44:27.584+0000] {processor.py:208} INFO - Processing /home/airflow/.local/lib/python3.12/site-packages/airflow/example_dags/example_branch_operator.py took 0.130 seconds
[2026-07-29T16:44:58.231+0000] {processor.py:186} INFO - Started process (PID=7144) to work on /home/airflow/.local/lib/python3.12/site-packages/airflow/example_dags/example_branch_operator.py
[2026-07-29T16:44:58.232+0000] {processor.py:914} INFO - Processing file /home/airflow/.local/lib/python3.12/site-packages/airflow/example_dags/example_branch_operator.py for tasks to queue
[2026-07-29T16:44:58.234+0000] {logging_mixin.py:190} INFO - [2026-07-29T16:44:58.233+0000] {dagbag.py:587} INFO - Filling up the DagBag from /home/airflow/.local/lib/python3.12/site-packages/airflow/example_dags/example_branch_operator.py
[2026-07-29T16:44:58.243+0000] {processor.py:925} INFO - DAG(s) 'example_branch_operator' retrieved from /home/airflow/.local/lib/python3.12/site-packages/airflow/example_dags/example_branch_operator.py
[2026-07-29T16:44:58.260+0000] {logging_mixin.py:190} INFO - [2026-07-29T16:44:58.260+0000] {dag.py:3211} INFO - Sync 1 DAGs
[2026-07-29T16:44:58.269+0000] {logging_mixin.py:190} INFO - [2026-07-29T16:44:58.269+0000] {dag.py:4138} INFO - Setting next_dagrun for example_branch_operator to 2026-07-28 00:00:00+00:00, run_after=2026-07-29 00:00:00+00:00
[2026-07-29T16:44:58.276+0000] {processor.py:208} INFO - Processing /home/airflow/.local/lib/python3.12/site-packages/airflow/example_dags/example_branch_operator.py took 0.048 seconds
[2026-07-29T16:45:28.899+0000] {processor.py:186} INFO - Started process (PID=7210) to work on /home/airflow/.local/lib/python3.12/site-packages/airflow/example_dags/example_branch_operator.py
[2026-07-29T16:45:28.900+0000] {processor.py:914} INFO - Processing file /home/airflow/.local/lib/python3.12/site-packages/airflow/example_dags/example_branch_operator.py for tasks to queue
[2026-07-29T16:45:28.901+0000] {logging_mixin.py:190} INFO - [2026-07-29T16:45:28.901+0000] {dagbag.py:587} INFO - Filling up the DagBag from /home/airflow/.local/lib/python3.12/site-packages/airflow/example_dags/example_branch_operator.py
[2026-07-29T16:45:28.911+0000] {processor.py:925} INFO - DAG(s) 'example_branch_operator' retrieved from /home/airflow/.local/lib/python3.12/site-packages/airflow/example_dags/example_branch_operator.py
[2026-07-29T16:45:28.926+0000] {logging_mixin.py:190} INFO - [2026-07-29T16:45:28.926+0000] {dag.py:3211} INFO - Sync 1 DAGs
[2026-07-29T16:45:28.935+0000] {logging_mixin.py:190} INFO - [2026-07-29T16:45:28.934+0000] {dag.py:4138} INFO - Setting next_dagrun for example_branch_operator to 2026-07-28 00:00:00+00:00, run_after=2026-07-29 00:00:00+00:00
[2026-07-29T16:45:28.943+0000] {processor.py:208} INFO - Processing /home/airflow/.local/lib/python3.12/site-packages/airflow/example_dags/example_branch_operator.py took 0.047 seconds
[2026-07-29T16:45:59.392+0000] {processor.py:186} INFO - Started process (PID=7276) to work on /home/airflow/.local/lib/python3.12/site-packages/airflow/example_dags/example_branch_operator.py
[2026-07-29T16:45:59.392+0000] {processor.py:914} INFO - Processing file /home/airflow/.local/lib/python3.12/site-packages/airflow/example_dags/example_branch_operator.py for tasks to queue
[2026-07-29T16:45:59.394+0000] {logging_mixin.py:190} INFO - [2026-07-29T16:45:59.393+0000] {dagbag.py:587} INFO - Filling up the DagBag from /home/airflow/.local/lib/python3.12/site-packages/airflow/example_dags/example_branch_operator.py
[2026-07-29T16:45:59.404+0000] {processor.py:925} INFO - DAG(s) 'example_branch_operator' retrieved from /home/airflow/.local/lib/python3.12/site-packages/airflow/example_dags/example_branch_operator.py
[2026-07-29T16:45:59.498+0000] {logging_mixin.py:190} INFO - [2026-07-29T16:45:59.498+0000] {dag.py:3211} INFO - Sync 1 DAGs
[2026-07-29T16:45:59.506+0000] {logging_mixin.py:190} INFO - [2026-07-29T16:45:59.506+0000] {dag.py:4138} INFO - Setting next_dagrun for example_branch_operator to 2026-07-28 00:00:00+00:00, run_after=2026-07-29 00:00:00+00:00
[2026-07-29T16:45:59.515+0000] {processor.py:208} INFO - Processing /home/airflow/.local/lib/python3.12/site-packages/airflow/example_dags/example_branch_operator.py took 0.126 seconds
[2026-07-29T16:46:30.236+0000] {processor.py:186} INFO - Started process (PID=7342) to work on /home/airflow/.local/lib/python3.12/site-packages/airflow/example_dags/example_branch_operator.py
[2026-07-29T16:46:30.237+0000] {processor.py:914} INFO - Processing file /home/airflow/.local/lib/python3.12/site-packages/airflow/example_dags/example_branch_operator.py for tasks to queue
[2026-07-29T16:46:30.239+0000] {logging_mixin.py:190} INFO - [2026-07-29T16:46:30.239+0000] {dagbag.py:587} INFO - Filling up the DagBag from /home/airflow/.local/lib/python3.12/site-packages/airflow/example_dags/example_branch_operator.py
[2026-07-29T16:46:30.247+0000] {processor.py:925} INFO - DAG(s) 'example_branch_operator' retrieved from /home/airflow/.local/lib/python3.12/site-packages/airflow/example_dags/example_branch_operator.py
[2026-07-29T16:46:30.265+0000] {logging_mixin.py:190} INFO - [2026-07-29T16:46:30.265+0000] {dag.py:3211} INFO - Sync 1 DAGs
[2026-07-29T16:46:30.360+0000] {logging_mixin.py:190} INFO - [2026-07-29T16:46:30.359+0000] {dag.py:4138} INFO - Setting next_dagrun for example_branch_operator to 2026-07-28 00:00:00+00:00, run_after=2026-07-29 00:00:00+00:00
[2026-07-29T16:46:30.369+0000] {processor.py:208} INFO - Processing /home/airflow/.local/lib/python3.12/site-packages/airflow/example_dags/example_branch_operator.py took 0.137 seconds
[2026-07-29T16:47:00.420+0000] {processor.py:186} INFO - Started process (PID=7408) to work on /home/airflow/.local/lib/python3.12/site-packages/airflow/example_dags/example_branch_operator.py
[2026-07-29T16:47:00.422+0000] {processor.py:914} INFO - Processing file /home/airflow/.local/lib/python3.12/site-packages/airflow/example_dags/example_branch_operator.py for tasks to queue
[2026-07-29T16:47:00.422+0000] {logging_mixin.py:190} INFO - [2026-07-29T16:47:00.422+0000] {dagbag.py:587} INFO - Filling up the DagBag from /home/airflow/.local/lib/python3.12/site-packages/airflow/example_dags/example_branch_operator.py
[2026-07-29T16:47:00.431+0000] {processor.py:925} INFO - DAG(s) 'example_branch_operator' retrieved from /home/airflow/.local/lib/python3.12/site-packages/airflow/example_dags/example_branch_operator.py
[2026-07-29T16:47:00.446+0000] {logging_mixin.py:190} INFO - [2026-07-29T16:47:00.446+0000] {dag.py:3211} INFO - Sync 1 DAGs
[2026-07-29T16:47:00.456+0000] {logging_mixin.py:190} INFO - [2026-07-29T16:47:00.455+0000] {dag.py:4138} INFO - Setting next_dagrun for example_branch_operator to 2026-07-28 00:00:00+00:00, run_after=2026-07-29 00:00:00+00:00
[2026-07-29T16:47:00.465+0000] {processor.py:208} INFO - Processing /home/airflow/.local/lib/python3.12/site-packages/airflow/example_dags/example_branch_operator.py took 0.047 seconds
[2026-07-29T16:47:31.432+0000] {processor.py:186} INFO - Started process (PID=7474) to work on /home/airflow/.local/lib/python3.12/site-packages/airflow/example_dags/example_branch_operator.py
[2026-07-29T16:47:31.432+0000] {processor.py:914} INFO - Processing file /home/airflow/.local/lib/python3.12/site-packages/airflow/example_dags/example_branch_operator.py for tasks to queue
[2026-07-29T16:47:31.433+0000] {logging_mixin.py:190} INFO - [2026-07-29T16:47:31.433+0000] {dagbag.py:587} INFO - Filling up the DagBag from /home/airflow/.local/lib/python3.12/site-packages/airflow/example_dags/example_branch_operator.py
[2026-07-29T16:47:31.440+0000] {processor.py:925} INFO - DAG(s) 'example_branch_operator' retrieved from /home/airflow/.local/lib/python3.12/site-packages/airflow/example_dags/example_branch_operator.py
[2026-07-29T16:47:31.458+0000] {logging_mixin.py:190} INFO - [2026-07-29T16:47:31.458+0000] {dag.py:3211} INFO - Sync 1 DAGs
[2026-07-29T16:47:31.468+0000] {logging_mixin.py:190} INFO - [2026-07-29T16:47:31.468+0000] {dag.py:4138} INFO - Setting next_dagrun for example_branch_operator to 2026-07-28 00:00:00+00:00, run_after=2026-07-29 00:00:00+00:00
[2026-07-29T16:47:31.479+0000] {processor.py:208} INFO - Processing /home/airflow/.local/lib/python3.12/site-packages/airflow/example_dags/example_branch_operator.py took 0.050 seconds
[2026-07-29T16:48:02.438+0000] {processor.py:186} INFO - Started process (PID=7540) to work on /home/airflow/.local/lib/python3.12/site-packages/airflow/example_dags/example_branch_operator.py
[2026-07-29T16:48:02.438+0000] {processor.py:914} INFO - Processing file /home/airflow/.local/lib/python3.12/site-packages/airflow/example_dags/example_branch_operator.py for tasks to queue
[2026-07-29T16:48:02.440+0000] {logging_mixin.py:190} INFO - [2026-07-29T16:48:02.439+0000] {dagbag.py:587} INFO - Filling up the DagBag from /home/airflow/.local/lib/python3.12/site-packages/airflow/example_dags/example_branch_operator.py
[2026-07-29T16:48:02.448+0000] {processor.py:925} INFO - DAG(s) 'example_branch_operator' retrieved from /home/airflow/.local/lib/python3.12/site-packages/airflow/example_dags/example_branch_operator.py
[2026-07-29T16:48:02.465+0000] {logging_mixin.py:190} INFO - [2026-07-29T16:48:02.465+0000] {dag.py:3211} INFO - Sync 1 DAGs
[2026-07-29T16:48:02.478+0000] {logging_mixin.py:190} INFO - [2026-07-29T16:48:02.478+0000] {dag.py:4138} INFO - Setting next_dagrun for example_branch_operator to 2026-07-28 00:00:00+00:00, run_after=2026-07-29 00:00:00+00:00
[2026-07-29T16:48:02.486+0000] {processor.py:208} INFO - Processing /home/airflow/.local/lib/python3.12/site-packages/airflow/example_dags/example_branch_operator.py took 0.051 seconds
[2026-07-29T16:48:33.531+0000] {processor.py:186} INFO - Started process (PID=7606) to work on /home/airflow/.local/lib/python3.12/site-packages/airflow/example_dags/example_branch_operator.py
[2026-07-29T16:48:33.532+0000] {processor.py:914} INFO - Processing file /home/airflow/.local/lib/python3.12/site-packages/airflow/example_dags/example_branch_operator.py for tasks to queue
[2026-07-29T16:48:33.533+0000] {logging_mixin.py:190} INFO - [2026-07-29T16:48:33.533+0000] {dagbag.py:587} INFO - Filling up the DagBag from /home/airflow/.local/lib/python3.12/site-packages/airflow/example_dags/example_branch_operator.py
[2026-07-29T16:48:33.541+0000] {processor.py:925} INFO - DAG(s) 'example_branch_operator' retrieved from /home/airflow/.local/lib/python3.12/site-packages/airflow/example_dags/example_branch_operator.py
[2026-07-29T16:48:33.555+0000] {logging_mixin.py:190} INFO - [2026-07-29T16:48:33.555+0000] {dag.py:3211} INFO - Sync 1 DAGs
[2026-07-29T16:48:33.564+0000] {logging_mixin.py:190} INFO - [2026-07-29T16:48:33.564+0000] {dag.py:4138} INFO - Setting next_dagrun for example_branch_operator to 2026-07-28 00:00:00+00:00, run_after=2026-07-29 00:00:00+00:00
[2026-07-29T16:48:33.574+0000] {processor.py:208} INFO - Processing /home/airflow/.local/lib/python3.12/site-packages/airflow/example_dags/example_branch_operator.py took 0.046 seconds
[2026-07-29T16:49:04.495+0000] {processor.py:186} INFO - Started process (PID=7672) to work on /home/airflow/.local/lib/python3.12/site-packages/airflow/example_dags/example_branch_operator.py
[2026-07-29T16:49:04.495+0000] {processor.py:914} INFO - Processing file /home/airflow/.local/lib/python3.12/site-packages/airflow/example_dags/example_branch_operator.py for tasks to queue
[2026-07-29T16:49:04.497+0000] {logging_mixin.py:190} INFO - [2026-07-29T16:49:04.497+0000] {dagbag.py:587} INFO - Filling up the DagBag from /home/airflow/.local/lib/python3.12/site-packages/airflow/example_dags/example_branch_operator.py
[2026-07-29T16:49:04.508+0000] {processor.py:925} INFO - DAG(s) 'example_branch_operator' retrieved from /home/airflow/.local/lib/python3.12/site-packages/airflow/example_dags/example_branch_operator.py
[2026-07-29T16:49:04.522+0000] {logging_mixin.py:190} INFO - [2026-07-29T16:49:04.522+0000] {dag.py:3211} INFO - Sync 1 DAGs
[2026-07-29T16:49:04.535+0000] {logging_mixin.py:190} INFO - [2026-07-29T16:49:04.535+0000] {dag.py:4138} INFO - Setting next_dagrun for example_branch_operator to 2026-07-28 00:00:00+00:00, run_after=2026-07-29 00:00:00+00:00
[2026-07-29T16:49:04.544+0000] {processor.py:208} INFO - Processing /home/airflow/.local/lib/python3.12/site-packages/airflow/example_dags/example_branch_operator.py took 0.052 seconds
[2026-07-29T16:49:35.521+0000] {processor.py:186} INFO - Started process (PID=7738) to work on /home/airflow/.local/lib/python3.12/site-packages/airflow/example_dags/example_branch_operator.py
[2026-07-29T16:49:35.522+0000] {processor.py:914} INFO - Processing file /home/airflow/.local/lib/python3.12/site-packages/airflow/example_dags/example_branch_operator.py for tasks to queue
[2026-07-29T16:49:35.523+0000] {logging_mixin.py:190} INFO - [2026-07-29T16:49:35.523+0000] {dagbag.py:587} INFO - Filling up the DagBag from /home/airflow/.local/lib/python3.12/site-packages/airflow/example_dags/example_branch_operator.py
[2026-07-29T16:49:35.533+0000] {processor.py:925} INFO - DAG(s) 'example_branch_operator' retrieved from /home/airflow/.local/lib/python3.12/site-packages/airflow/example_dags/example_branch_operator.py
[2026-07-29T16:49:35.553+0000] {logging_mixin.py:190} INFO - [2026-07-29T16:49:35.553+0000] {dag.py:3211} INFO - Sync 1 DAGs
[2026-07-29T16:49:35.563+0000] {logging_mixin.py:190} INFO - [2026-07-29T16:49:35.563+0000] {dag.py:4138} INFO - Setting next_dagrun for example_branch_operator to 2026-07-28 00:00:00+00:00, run_after=2026-07-29 00:00:00+00:00
[2026-07-29T16:49:35.572+0000] {processor.py:208} INFO - Processing /home/airflow/.local/lib/python3.12/site-packages/airflow/example_dags/example_branch_operator.py took 0.053 seconds
[2026-07-29T16:50:05.665+0000] {processor.py:186} INFO - Started process (PID=7804) to work on /home/airflow/.local/lib/python3.12/site-packages/airflow/example_dags/example_branch_operator.py
[2026-07-29T16:50:05.666+0000] {processor.py:914} INFO - Processing file /home/airflow/.local/lib/python3.12/site-packages/airflow/example_dags/example_branch_operator.py for tasks to queue
[2026-07-29T16:50:05.667+0000] {logging_mixin.py:190} INFO - [2026-07-29T16:50:05.667+0000] {dagbag.py:587} INFO - Filling up the DagBag from /home/airflow/.local/lib/python3.12/site-packages/airflow/example_dags/example_branch_operator.py
[2026-07-29T16:50:05.677+0000] {processor.py:925} INFO - DAG(s) 'example_branch_operator' retrieved from /home/airflow/.local/lib/python3.12/site-packages/airflow/example_dags/example_branch_operator.py
[2026-07-29T16:50:05.691+0000] {logging_mixin.py:190} INFO - [2026-07-29T16:50:05.691+0000] {dag.py:3211} INFO - Sync 1 DAGs
[2026-07-29T16:50:05.700+0000] {logging_mixin.py:190} INFO - [2026-07-29T16:50:05.700+0000] {dag.py:4138} INFO - Setting next_dagrun for example_branch_operator to 2026-07-28 00:00:00+00:00, run_after=2026-07-29 00:00:00+00:00
[2026-07-29T16:50:05.710+0000] {processor.py:208} INFO - Processing /home/airflow/.local/lib/python3.12/site-packages/airflow/example_dags/example_branch_operator.py took 0.048 seconds
[2026-07-29T16:50:35.722+0000] {processor.py:186} INFO - Started process (PID=7870) to work on /home/airflow/.local/lib/python3.12/site-packages/airflow/example_dags/example_branch_operator.py
[2026-07-29T16:50:35.723+0000] {processor.py:914} INFO - Processing file /home/airflow/.local/lib/python3.12/site-packages/airflow/example_dags/example_branch_operator.py for tasks to queue
[2026-07-29T16:50:35.724+0000] {logging_mixin.py:190} INFO - [2026-07-29T16:50:35.724+0000] {dagbag.py:587} INFO - Filling up the DagBag from /home/airflow/.local/lib/python3.12/site-packages/airflow/example_dags/example_branch_operator.py
[2026-07-29T16:50:35.735+0000] {processor.py:925} INFO - DAG(s) 'example_branch_operator' retrieved from /home/airflow/.local/lib/python3.12/site-packages/airflow/example_dags/example_branch_operator.py
[2026-07-29T16:50:35.751+0000] {logging_mixin.py:190} INFO - [2026-07-29T16:50:35.751+0000] {dag.py:3211} INFO - Sync 1 DAGs
[2026-07-29T16:50:35.762+0000] {logging_mixin.py:190} INFO - [2026-07-29T16:50:35.761+0000] {dag.py:4138} INFO - Setting next_dagrun for example_branch_operator to 2026-07-28 00:00:00+00:00, run_after=2026-07-29 00:00:00+00:00
[2026-07-29T16:50:35.772+0000] {processor.py:208} INFO - Processing /home/airflow/.local/lib/python3.12/site-packages/airflow/example_dags/example_branch_operator.py took 0.052 seconds
[2026-07-29T16:51:05.995+0000] {processor.py:186} INFO - Started process (PID=7936) to work on /home/airflow/.local/lib/python3.12/site-packages/airflow/example_dags/example_branch_operator.py
[2026-07-29T16:51:05.996+0000] {processor.py:914} INFO - Processing file /home/airflow/.local/lib/python3.12/site-packages/airflow/example_dags/example_branch_operator.py for tasks to queue
[2026-07-29T16:51:05.997+0000] {logging_mixin.py:190} INFO - [2026-07-29T16:51:05.997+0000] {dagbag.py:587} INFO - Filling up the DagBag from /home/airflow/.local/lib/python3.12/site-packages/airflow/example_dags/example_branch_operator.py
[2026-07-29T16:51:06.005+0000] {processor.py:925} INFO - DAG(s) 'example_branch_operator' retrieved from /home/airflow/.local/lib/python3.12/site-packages/airflow/example_dags/example_branch_operator.py
[2026-07-29T16:51:06.019+0000] {logging_mixin.py:190} INFO - [2026-07-29T16:51:06.019+0000] {dag.py:3211} INFO - Sync 1 DAGs
[2026-07-29T16:51:06.028+0000] {logging_mixin.py:190} INFO - [2026-07-29T16:51:06.028+0000] {dag.py:4138} INFO - Setting next_dagrun for example_branch_operator to 2026-07-28 00:00:00+00:00, run_after=2026-07-29 00:00:00+00:00
[2026-07-29T16:51:06.035+0000] {processor.py:208} INFO - Processing /home/airflow/.local/lib/python3.12/site-packages/airflow/example_dags/example_branch_operator.py took 0.043 seconds
[2026-07-29T16:51:36.046+0000] {processor.py:186} INFO - Started process (PID=8002) to work on /home/airflow/.local/lib/python3.12/site-packages/airflow/example_dags/example_branch_operator.py
[2026-07-29T16:51:36.047+0000] {processor.py:914} INFO - Processing file /home/airflow/.local/lib/python3.12/site-packages/airflow/example_dags/example_branch_operator.py for tasks to queue
[2026-07-29T16:51:36.049+0000] {logging_mixin.py:190} INFO - [2026-07-29T16:51:36.048+0000] {dagbag.py:587} INFO - Filling up the DagBag from /home/airflow/.local/lib/python3.12/site-packages/airflow/example_dags/example_branch_operator.py
[2026-07-29T16:51:36.059+0000] {processor.py:925} INFO - DAG(s) 'example_branch_operator' retrieved from /home/airflow/.local/lib/python3.12/site-packages/airflow/example_dags/example_branch_operator.py
[2026-07-29T16:51:36.075+0000] {logging_mixin.py:190} INFO - [2026-07-29T16:51:36.074+0000] {dag.py:3211} INFO - Sync 1 DAGs
[2026-07-29T16:51:36.085+0000] {logging_mixin.py:190} INFO - [2026-07-29T16:51:36.085+0000] {dag.py:4138} INFO - Setting next_dagrun for example_branch_operator to 2026-07-28 00:00:00+00:00, run_after=2026-07-29 00:00:00+00:00
[2026-07-29T16:51:36.093+0000] {processor.py:208} INFO - Processing /home/airflow/.local/lib/python3.12/site-packages/airflow/example_dags/example_branch_operator.py took 0.049 seconds
[2026-07-29T16:52:06.379+0000] {processor.py:186} INFO - Started process (PID=8068) to work on /home/airflow/.local/lib/python3.12/site-packages/airflow/example_dags/example_branch_operator.py
[2026-07-29T16:52:06.379+0000] {processor.py:914} INFO - Processing file /home/airflow/.local/lib/python3.12/site-packages/airflow/example_dags/example_branch_operator.py for tasks to queue
[2026-07-29T16:52:06.380+0000] {logging_mixin.py:190} INFO - [2026-07-29T16:52:06.380+0000] {dagbag.py:587} INFO - Filling up the DagBag from /home/airflow/.local/lib/python3.12/site-packages/airflow/example_dags/example_branch_operator.py
[2026-07-29T16:52:06.389+0000] {processor.py:925} INFO - DAG(s) 'example_branch_operator' retrieved from /home/airflow/.local/lib/python3.12/site-packages/airflow/example_dags/example_branch_operator.py
[2026-07-29T16:52:06.407+0000] {logging_mixin.py:190} INFO - [2026-07-29T16:52:06.407+0000] {dag.py:3211} INFO - Sync 1 DAGs
[2026-07-29T16:52:06.417+0000] {logging_mixin.py:190} INFO - [2026-07-29T16:52:06.417+0000] {dag.py:4138} INFO - Setting next_dagrun for example_branch_operator to 2026-07-28 00:00:00+00:00, run_after=2026-07-29 00:00:00+00:00
[2026-07-29T16:52:06.427+0000] {processor.py:208} INFO - Processing /home/airflow/.local/lib/python3.12/site-packages/airflow/example_dags/example_branch_operator.py took 0.051 seconds
[2026-07-29T16:52:37.451+0000] {processor.py:186} INFO - Started process (PID=8134) to work on /home/airflow/.local/lib/python3.12/site-packages/airflow/example_dags/example_branch_operator.py
[2026-07-29T16:52:37.451+0000] {processor.py:914} INFO - Processing file /home/airflow/.local/lib/python3.12/site-packages/airflow/example_dags/example_branch_operator.py for tasks to queue
[2026-07-29T16:52:37.453+0000] {logging_mixin.py:190} INFO - [2026-07-29T16:52:37.453+0000] {dagbag.py:587} INFO - Filling up the DagBag from /home/airflow/.local/lib/python3.12/site-packages/airflow/example_dags/example_branch_operator.py
[2026-07-29T16:52:37.462+0000] {processor.py:925} INFO - DAG(s) 'example_branch_operator' retrieved from /home/airflow/.local/lib/python3.12/site-packages/airflow/example_dags/example_branch_operator.py
[2026-07-29T16:52:37.474+0000] {logging_mixin.py:190} INFO - [2026-07-29T16:52:37.474+0000] {dag.py:3211} INFO - Sync 1 DAGs
[2026-07-29T16:52:37.484+0000] {logging_mixin.py:190} INFO - [2026-07-29T16:52:37.484+0000] {dag.py:4138} INFO - Setting next_dagrun for example_branch_operator to 2026-07-28 00:00:00+00:00, run_after=2026-07-29 00:00:00+00:00
[2026-07-29T16:52:37.494+0000] {processor.py:208} INFO - Processing /home/airflow/.local/lib/python3.12/site-packages/airflow/example_dags/example_branch_operator.py took 0.046 seconds
[2026-07-29T16:53:08.525+0000] {processor.py:186} INFO - Started process (PID=8200) to work on /home/airflow/.local/lib/python3.12/site-packages/airflow/example_dags/example_branch_operator.py
[2026-07-29T16:53:08.525+0000] {processor.py:914} INFO - Processing file /home/airflow/.local/lib/python3.12/site-packages/airflow/example_dags/example_branch_operator.py for tasks to queue
[2026-07-29T16:53:08.526+0000] {logging_mixin.py:190} INFO - [2026-07-29T16:53:08.526+0000] {dagbag.py:587} INFO - Filling up the DagBag from /home/airflow/.local/lib/python3.12/site-packages/airflow/example_dags/example_branch_operator.py
[2026-07-29T16:53:08.534+0000] {processor.py:925} INFO - DAG(s) 'example_branch_operator' retrieved from /home/airflow/.local/lib/python3.12/site-packages/airflow/example_dags/example_branch_operator.py
[2026-07-29T16:53:08.550+0000] {logging_mixin.py:190} INFO - [2026-07-29T16:53:08.550+0000] {dag.py:3211} INFO - Sync 1 DAGs
[2026-07-29T16:53:08.561+0000] {logging_mixin.py:190} INFO - [2026-07-29T16:53:08.561+0000] {dag.py:4138} INFO - Setting next_dagrun for example_branch_operator to 2026-07-28 00:00:00+00:00, run_after=2026-07-29 00:00:00+00:00
[2026-07-29T16:53:08.571+0000] {processor.py:208} INFO - Processing /home/airflow/.local/lib/python3.12/site-packages/airflow/example_dags/example_branch_operator.py took 0.049 seconds
[2026-07-29T16:53:39.670+0000] {processor.py:186} INFO - Started process (PID=8266) to work on /home/airflow/.local/lib/python3.12/site-packages/airflow/example_dags/example_branch_operator.py
[2026-07-29T16:53:39.670+0000] {processor.py:914} INFO - Processing file /home/airflow/.local/lib/python3.12/site-packages/airflow/example_dags/example_branch_operator.py for tasks to queue
[2026-07-29T16:53:39.671+0000] {logging_mixin.py:190} INFO - [2026-07-29T16:53:39.671+0000] {dagbag.py:587} INFO - Filling up the DagBag from /home/airflow/.local/lib/python3.12/site-packages/airflow/example_dags/example_branch_operator.py
[2026-07-29T16:53:39.682+0000] {processor.py:925} INFO - DAG(s) 'example_branch_operator' retrieved from /home/airflow/.local/lib/python3.12/site-packages/airflow/example_dags/example_branch_operator.py
[2026-07-29T16:53:39.703+0000] {logging_mixin.py:190} INFO - [2026-07-29T16:53:39.703+0000] {dag.py:3211} INFO - Sync 1 DAGs
[2026-07-29T16:53:39.716+0000] {logging_mixin.py:190} INFO - [2026-07-29T16:53:39.716+0000] {dag.py:4138} INFO - Setting next_dagrun for example_branch_operator to 2026-07-28 00:00:00+00:00, run_after=2026-07-29 00:00:00+00:00
[2026-07-29T16:53:39.723+0000] {processor.py:208} INFO - Processing /home/airflow/.local/lib/python3.12/site-packages/airflow/example_dags/example_branch_operator.py took 0.056 seconds
[2026-07-29T16:54:09.779+0000] {processor.py:186} INFO - Started process (PID=8332) to work on /home/airflow/.local/lib/python3.12/site-packages/airflow/example_dags/example_branch_operator.py
[2026-07-29T16:54:09.780+0000] {processor.py:914} INFO - Processing file /home/airflow/.local/lib/python3.12/site-packages/airflow/example_dags/example_branch_operator.py for tasks to queue
[2026-07-29T16:54:09.781+0000] {logging_mixin.py:190} INFO - [2026-07-29T16:54:09.781+0000] {dagbag.py:587} INFO - Filling up the DagBag from /home/airflow/.local/lib/python3.12/site-packages/airflow/example_dags/example_branch_operator.py
[2026-07-29T16:54:09.793+0000] {processor.py:925} INFO - DAG(s) 'example_branch_operator' retrieved from /home/airflow/.local/lib/python3.12/site-packages/airflow/example_dags/example_branch_operator.py
[2026-07-29T16:54:09.809+0000] {logging_mixin.py:190} INFO - [2026-07-29T16:54:09.809+0000] {dag.py:3211} INFO - Sync 1 DAGs
[2026-07-29T16:54:09.820+0000] {logging_mixin.py:190} INFO - [2026-07-29T16:54:09.819+0000] {dag.py:4138} INFO - Setting next_dagrun for example_branch_operator to 2026-07-28 00:00:00+00:00, run_after=2026-07-29 00:00:00+00:00
[2026-07-29T16:54:09.827+0000] {processor.py:208} INFO - Processing /home/airflow/.local/lib/python3.12/site-packages/airflow/example_dags/example_branch_operator.py took 0.052 seconds
[2026-07-29T16:54:40.228+0000] {processor.py:186} INFO - Started process (PID=8398) to work on /home/airflow/.local/lib/python3.12/site-packages/airflow/example_dags/example_branch_operator.py
[2026-07-29T16:54:40.229+0000] {processor.py:914} INFO - Processing file /home/airflow/.local/lib/python3.12/site-packages/airflow/example_dags/example_branch_operator.py for tasks to queue
[2026-07-29T16:54:40.230+0000] {logging_mixin.py:190} INFO - [2026-07-29T16:54:40.230+0000] {dagbag.py:587} INFO - Filling up the DagBag from /home/airflow/.local/lib/python3.12/site-packages/airflow/example_dags/example_branch_operator.py
[2026-07-29T16:54:40.238+0000] {processor.py:925} INFO - DAG(s) 'example_branch_operator' retrieved from /home/airflow/.local/lib/python3.12/site-packages/airflow/example_dags/example_branch_operator.py
[2026-07-29T16:54:40.252+0000] {logging_mixin.py:190} INFO - [2026-07-29T16:54:40.252+0000] {dag.py:3211} INFO - Sync 1 DAGs
[2026-07-29T16:54:40.267+0000] {logging_mixin.py:190} INFO - [2026-07-29T16:54:40.267+0000] {dag.py:4138} INFO - Setting next_dagrun for example_branch_operator to 2026-07-28 00:00:00+00:00, run_after=2026-07-29 00:00:00+00:00
[2026-07-29T16:54:40.278+0000] {processor.py:208} INFO - Processing /home/airflow/.local/lib/python3.12/site-packages/airflow/example_dags/example_branch_operator.py took 0.053 seconds
[2026-07-29T16:55:10.450+0000] {processor.py:186} INFO - Started process (PID=8464) to work on /home/airflow/.local/lib/python3.12/site-packages/airflow/example_dags/example_branch_operator.py
[2026-07-29T16:55:10.451+0000] {processor.py:914} INFO - Processing file /home/airflow/.local/lib/python3.12/site-packages/airflow/example_dags/example_branch_operator.py for tasks to queue
[2026-07-29T16:55:10.455+0000] {logging_mixin.py:190} INFO - [2026-07-29T16:55:10.454+0000] {dagbag.py:587} INFO - Filling up the DagBag from /home/airflow/.local/lib/python3.12/site-packages/airflow/example_dags/example_branch_operator.py
[2026-07-29T16:55:10.465+0000] {processor.py:925} INFO - DAG(s) 'example_branch_operator' retrieved from /home/airflow/.local/lib/python3.12/site-packages/airflow/example_dags/example_branch_operator.py
[2026-07-29T16:55:10.481+0000] {logging_mixin.py:190} INFO - [2026-07-29T16:55:10.481+0000] {dag.py:3211} INFO - Sync 1 DAGs
[2026-07-29T16:55:10.492+0000] {logging_mixin.py:190} INFO - [2026-07-29T16:55:10.491+0000] {dag.py:4138} INFO - Setting next_dagrun for example_branch_operator to 2026-07-28 00:00:00+00:00, run_after=2026-07-29 00:00:00+00:00
[2026-07-29T16:55:10.502+0000] {processor.py:208} INFO - Processing /home/airflow/.local/lib/python3.12/site-packages/airflow/example_dags/example_branch_operator.py took 0.055 seconds
[2026-07-29T16:55:40.554+0000] {processor.py:186} INFO - Started process (PID=8529) to work on /home/airflow/.local/lib/python3.12/site-packages/airflow/example_dags/example_branch_operator.py
[2026-07-29T16:55:40.555+0000] {processor.py:914} INFO - Processing file /home/airflow/.local/lib/python3.12/site-packages/airflow/example_dags/example_branch_operator.py for tasks to queue
[2026-07-29T16:55:40.556+0000] {logging_mixin.py:190} INFO - [2026-07-29T16:55:40.556+0000] {dagbag.py:587} INFO - Filling up the DagBag from /home/airflow/.local/lib/python3.12/site-packages/airflow/example_dags/example_branch_operator.py
[2026-07-29T16:55:40.566+0000] {processor.py:925} INFO - DAG(s) 'example_branch_operator' retrieved from /home/airflow/.local/lib/python3.12/site-packages/airflow/example_dags/example_branch_operator.py
[2026-07-29T16:55:40.580+0000] {logging_mixin.py:190} INFO - [2026-07-29T16:55:40.580+0000] {dag.py:3211} INFO - Sync 1 DAGs
[2026-07-29T16:55:40.592+0000] {logging_mixin.py:190} INFO - [2026-07-29T16:55:40.591+0000] {dag.py:4138} INFO - Setting next_dagrun for example_branch_operator to 2026-07-28 00:00:00+00:00, run_after=2026-07-29 00:00:00+00:00
[2026-07-29T16:55:40.599+0000] {processor.py:208} INFO - Processing /home/airflow/.local/lib/python3.12/site-packages/airflow/example_dags/example_branch_operator.py took 0.049 seconds
[2026-07-29T16:56:10.693+0000] {processor.py:186} INFO - Started process (PID=8595) to work on /home/airflow/.local/lib/python3.12/site-packages/airflow/example_dags/example_branch_operator.py
[2026-07-29T16:56:10.694+0000] {processor.py:914} INFO - Processing file /home/airflow/.local/lib/python3.12/site-packages/airflow/example_dags/example_branch_operator.py for tasks to queue
[2026-07-29T16:56:10.696+0000] {logging_mixin.py:190} INFO - [2026-07-29T16:56:10.696+0000] {dagbag.py:587} INFO - Filling up the DagBag from /home/airflow/.local/lib/python3.12/site-packages/airflow/example_dags/example_branch_operator.py
[2026-07-29T16:56:10.703+0000] {processor.py:925} INFO - DAG(s) 'example_branch_operator' retrieved from /home/airflow/.local/lib/python3.12/site-packages/airflow/example_dags/example_branch_operator.py
[2026-07-29T16:56:10.720+0000] {logging_mixin.py:190} INFO - [2026-07-29T16:56:10.719+0000] {dag.py:3211} INFO - Sync 1 DAGs
[2026-07-29T16:56:10.729+0000] {logging_mixin.py:190} INFO - [2026-07-29T16:56:10.729+0000] {dag.py:4138} INFO - Setting next_dagrun for example_branch_operator to 2026-07-28 00:00:00+00:00, run_after=2026-07-29 00:00:00+00:00
[2026-07-29T16:56:10.736+0000] {processor.py:208} INFO - Processing /home/airflow/.local/lib/python3.12/site-packages/airflow/example_dags/example_branch_operator.py took 0.045 seconds
[2026-07-29T16:56:40.859+0000] {processor.py:186} INFO - Started process (PID=8661) to work on /home/airflow/.local/lib/python3.12/site-packages/airflow/example_dags/example_branch_operator.py
[2026-07-29T16:56:40.859+0000] {processor.py:914} INFO - Processing file /home/airflow/.local/lib/python3.12/site-packages/airflow/example_dags/example_branch_operator.py for tasks to queue
[2026-07-29T16:56:40.861+0000] {logging_mixin.py:190} INFO - [2026-07-29T16:56:40.861+0000] {dagbag.py:587} INFO - Filling up the DagBag from /home/airflow/.local/lib/python3.12/site-packages/airflow/example_dags/example_branch_operator.py
[2026-07-29T16:56:40.869+0000] {processor.py:925} INFO - DAG(s) 'example_branch_operator' retrieved from /home/airflow/.local/lib/python3.12/site-packages/airflow/example_dags/example_branch_operator.py
[2026-07-29T16:56:40.881+0000] {logging_mixin.py:190} INFO - [2026-07-29T16:56:40.881+0000] {dag.py:3211} INFO - Sync 1 DAGs
[2026-07-29T16:56:40.892+0000] {logging_mixin.py:190} INFO - [2026-07-29T16:56:40.891+0000] {dag.py:4138} INFO - Setting next_dagrun for example_branch_operator to 2026-07-28 00:00:00+00:00, run_after=2026-07-29 00:00:00+00:00
[2026-07-29T16:56:40.905+0000] {processor.py:208} INFO - Processing /home/airflow/.local/lib/python3.12/site-packages/airflow/example_dags/example_branch_operator.py took 0.050 seconds
[2026-07-29T16:57:11.101+0000] {processor.py:186} INFO - Started process (PID=8726) to work on /home/airflow/.local/lib/python3.12/site-packages/airflow/example_dags/example_branch_operator.py
[2026-07-29T16:57:11.106+0000] {processor.py:914} INFO - Processing file /home/airflow/.local/lib/python3.12/site-packages/airflow/example_dags/example_branch_operator.py for tasks to queue
[2026-07-29T16:57:11.107+0000] {logging_mixin.py:190} INFO - [2026-07-29T16:57:11.107+0000] {dagbag.py:587} INFO - Filling up the DagBag from /home/airflow/.local/lib/python3.12/site-packages/airflow/example_dags/example_branch_operator.py
[2026-07-29T16:57:11.117+0000] {processor.py:925} INFO - DAG(s) 'example_branch_operator' retrieved from /home/airflow/.local/lib/python3.12/site-packages/airflow/example_dags/example_branch_operator.py
[2026-07-29T16:57:11.131+0000] {logging_mixin.py:190} INFO - [2026-07-29T16:57:11.131+0000] {dag.py:3211} INFO - Sync 1 DAGs
[2026-07-29T16:57:11.145+0000] {logging_mixin.py:190} INFO - [2026-07-29T16:57:11.145+0000] {dag.py:4138} INFO - Setting next_dagrun for example_branch_operator to 2026-07-28 00:00:00+00:00, run_after=2026-07-29 00:00:00+00:00
[2026-07-29T16:57:11.156+0000] {processor.py:208} INFO - Processing /home/airflow/.local/lib/python3.12/site-packages/airflow/example_dags/example_branch_operator.py took 0.059 seconds
[2026-07-29T16:57:41.262+0000] {processor.py:186} INFO - Started process (PID=8792) to work on /home/airflow/.local/lib/python3.12/site-packages/airflow/example_dags/example_branch_operator.py
[2026-07-29T16:57:41.262+0000] {processor.py:914} INFO - Processing file /home/airflow/.local/lib/python3.12/site-packages/airflow/example_dags/example_branch_operator.py for tasks to queue
[2026-07-29T16:57:41.263+0000] {logging_mixin.py:190} INFO - [2026-07-29T16:57:41.263+0000] {dagbag.py:587} INFO - Filling up the DagBag from /home/airflow/.local/lib/python3.12/site-packages/airflow/example_dags/example_branch_operator.py
[2026-07-29T16:57:41.271+0000] {processor.py:925} INFO - DAG(s) 'example_branch_operator' retrieved from /home/airflow/.local/lib/python3.12/site-packages/airflow/example_dags/example_branch_operator.py
[2026-07-29T16:57:41.281+0000] {logging_mixin.py:190} INFO - [2026-07-29T16:57:41.281+0000] {dag.py:3211} INFO - Sync 1 DAGs
[2026-07-29T16:57:41.289+0000] {logging_mixin.py:190} INFO - [2026-07-29T16:57:41.289+0000] {dag.py:4138} INFO - Setting next_dagrun for example_branch_operator to 2026-07-28 00:00:00+00:00, run_after=2026-07-29 00:00:00+00:00
[2026-07-29T16:57:41.294+0000] {processor.py:208} INFO - Processing /home/airflow/.local/lib/python3.12/site-packages/airflow/example_dags/example_branch_operator.py took 0.035 seconds
[2026-07-29T16:58:11.565+0000] {processor.py:186} INFO - Started process (PID=8858) to work on /home/airflow/.local/lib/python3.12/site-packages/airflow/example_dags/example_branch_operator.py
[2026-07-29T16:58:11.565+0000] {processor.py:914} INFO - Processing file /home/airflow/.local/lib/python3.12/site-packages/airflow/example_dags/example_branch_operator.py for tasks to queue
[2026-07-29T16:58:11.567+0000] {logging_mixin.py:190} INFO - [2026-07-29T16:58:11.567+0000] {dagbag.py:587} INFO - Filling up the DagBag from /home/airflow/.local/lib/python3.12/site-packages/airflow/example_dags/example_branch_operator.py
[2026-07-29T16:58:11.574+0000] {processor.py:925} INFO - DAG(s) 'example_branch_operator' retrieved from /home/airflow/.local/lib/python3.12/site-packages/airflow/example_dags/example_branch_operator.py
[2026-07-29T16:58:11.589+0000] {logging_mixin.py:190} INFO - [2026-07-29T16:58:11.588+0000] {dag.py:3211} INFO - Sync 1 DAGs
[2026-07-29T16:58:11.599+0000] {logging_mixin.py:190} INFO - [2026-07-29T16:58:11.598+0000] {dag.py:4138} INFO - Setting next_dagrun for example_branch_operator to 2026-07-28 00:00:00+00:00, run_after=2026-07-29 00:00:00+00:00
[2026-07-29T16:58:11.606+0000] {processor.py:208} INFO - Processing /home/airflow/.local/lib/python3.12/site-packages/airflow/example_dags/example_branch_operator.py took 0.044 seconds
[2026-07-29T16:58:41.680+0000] {processor.py:186} INFO - Started process (PID=8924) to work on /home/airflow/.local/lib/python3.12/site-packages/airflow/example_dags/example_branch_operator.py
[2026-07-29T16:58:41.680+0000] {processor.py:914} INFO - Processing file /home/airflow/.local/lib/python3.12/site-packages/airflow/example_dags/example_branch_operator.py for tasks to queue
[2026-07-29T16:58:41.682+0000] {logging_mixin.py:190} INFO - [2026-07-29T16:58:41.681+0000] {dagbag.py:587} INFO - Filling up the DagBag from /home/airflow/.local/lib/python3.12/site-packages/airflow/example_dags/example_branch_operator.py
[2026-07-29T16:58:41.690+0000] {processor.py:925} INFO - DAG(s) 'example_branch_operator' retrieved from /home/airflow/.local/lib/python3.12/site-packages/airflow/example_dags/example_branch_operator.py
[2026-07-29T16:58:41.707+0000] {logging_mixin.py:190} INFO - [2026-07-29T16:58:41.707+0000] {dag.py:3211} INFO - Sync 1 DAGs
[2026-07-29T16:58:41.718+0000] {logging_mixin.py:190} INFO - [2026-07-29T16:58:41.718+0000] {dag.py:4138} INFO - Setting next_dagrun for example_branch_operator to 2026-07-28 00:00:00+00:00, run_after=2026-07-29 00:00:00+00:00
[2026-07-29T16:58:41.729+0000] {processor.py:208} INFO - Processing /home/airflow/.local/lib/python3.12/site-packages/airflow/example_dags/example_branch_operator.py took 0.053 seconds
[2026-07-29T16:59:12.510+0000] {processor.py:186} INFO - Started process (PID=8990) to work on /home/airflow/.local/lib/python3.12/site-packages/airflow/example_dags/example_branch_operator.py
[2026-07-29T16:59:12.511+0000] {processor.py:914} INFO - Processing file /home/airflow/.local/lib/python3.12/site-packages/airflow/example_dags/example_branch_operator.py for tasks to queue
[2026-07-29T16:59:12.512+0000] {logging_mixin.py:190} INFO - [2026-07-29T16:59:12.512+0000] {dagbag.py:587} INFO - Filling up the DagBag from /home/airflow/.local/lib/python3.12/site-packages/airflow/example_dags/example_branch_operator.py
[2026-07-29T16:59:12.519+0000] {processor.py:925} INFO - DAG(s) 'example_branch_operator' retrieved from /home/airflow/.local/lib/python3.12/site-packages/airflow/example_dags/example_branch_operator.py
[2026-07-29T16:59:12.534+0000] {logging_mixin.py:190} INFO - [2026-07-29T16:59:12.534+0000] {dag.py:3211} INFO - Sync 1 DAGs
[2026-07-29T16:59:12.543+0000] {logging_mixin.py:190} INFO - [2026-07-29T16:59:12.543+0000] {dag.py:4138} INFO - Setting next_dagrun for example_branch_operator to 2026-07-28 00:00:00+00:00, run_after=2026-07-29 00:00:00+00:00
[2026-07-29T16:59:12.552+0000] {processor.py:208} INFO - Processing /home/airflow/.local/lib/python3.12/site-packages/airflow/example_dags/example_branch_operator.py took 0.045 seconds
[2026-07-29T16:59:43.478+0000] {processor.py:186} INFO - Started process (PID=9056) to work on /home/airflow/.local/lib/python3.12/site-packages/airflow/example_dags/example_branch_operator.py
[2026-07-29T16:59:43.478+0000] {processor.py:914} INFO - Processing file /home/airflow/.local/lib/python3.12/site-packages/airflow/example_dags/example_branch_operator.py for tasks to queue
[2026-07-29T16:59:43.479+0000] {logging_mixin.py:190} INFO - [2026-07-29T16:59:43.479+0000] {dagbag.py:587} INFO - Filling up the DagBag from /home/airflow/.local/lib/python3.12/site-packages/airflow/example_dags/example_branch_operator.py
[2026-07-29T16:59:43.488+0000] {processor.py:925} INFO - DAG(s) 'example_branch_operator' retrieved from /home/airflow/.local/lib/python3.12/site-packages/airflow/example_dags/example_branch_operator.py
[2026-07-29T16:59:43.502+0000] {logging_mixin.py:190} INFO - [2026-07-29T16:59:43.502+0000] {dag.py:3211} INFO - Sync 1 DAGs
[2026-07-29T16:59:43.512+0000] {logging_mixin.py:190} INFO - [2026-07-29T16:59:43.512+0000] {dag.py:4138} INFO - Setting next_dagrun for example_branch_operator to 2026-07-28 00:00:00+00:00, run_after=2026-07-29 00:00:00+00:00
[2026-07-29T16:59:43.522+0000] {processor.py:208} INFO - Processing /home/airflow/.local/lib/python3.12/site-packages/airflow/example_dags/example_branch_operator.py took 0.047 seconds
[2026-07-29T17:00:14.646+0000] {processor.py:186} INFO - Started process (PID=9122) to work on /home/airflow/.local/lib/python3.12/site-packages/airflow/example_dags/example_branch_operator.py
[2026-07-29T17:00:14.646+0000] {processor.py:914} INFO - Processing file /home/airflow/.local/lib/python3.12/site-packages/airflow/example_dags/example_branch_operator.py for tasks to queue
[2026-07-29T17:00:14.648+0000] {logging_mixin.py:190} INFO - [2026-07-29T17:00:14.647+0000] {dagbag.py:587} INFO - Filling up the DagBag from /home/airflow/.local/lib/python3.12/site-packages/airflow/example_dags/example_branch_operator.py
[2026-07-29T17:00:14.660+0000] {processor.py:925} INFO - DAG(s) 'example_branch_operator' retrieved from /home/airflow/.local/lib/python3.12/site-packages/airflow/example_dags/example_branch_operator.py
[2026-07-29T17:00:14.677+0000] {logging_mixin.py:190} INFO - [2026-07-29T17:00:14.677+0000] {dag.py:3211} INFO - Sync 1 DAGs
[2026-07-29T17:00:14.691+0000] {logging_mixin.py:190} INFO - [2026-07-29T17:00:14.691+0000] {dag.py:4138} INFO - Setting next_dagrun for example_branch_operator to 2026-07-28 00:00:00+00:00, run_after=2026-07-29 00:00:00+00:00
[2026-07-29T17:00:14.697+0000] {processor.py:208} INFO - Processing /home/airflow/.local/lib/python3.12/site-packages/airflow/example_dags/example_branch_operator.py took 0.055 seconds
[2026-07-29T17:00:45.635+0000] {processor.py:186} INFO - Started process (PID=9188) to work on /home/airflow/.local/lib/python3.12/site-packages/airflow/example_dags/example_branch_operator.py
[2026-07-29T17:00:45.636+0000] {processor.py:914} INFO - Processing file /home/airflow/.local/lib/python3.12/site-packages/airflow/example_dags/example_branch_operator.py for tasks to queue
[2026-07-29T17:00:45.637+0000] {logging_mixin.py:190} INFO - [2026-07-29T17:00:45.637+0000] {dagbag.py:587} INFO - Filling up the DagBag from /home/airflow/.local/lib/python3.12/site-packages/airflow/example_dags/example_branch_operator.py
[2026-07-29T17:00:45.646+0000] {processor.py:925} INFO - DAG(s) 'example_branch_operator' retrieved from /home/airflow/.local/lib/python3.12/site-packages/airflow/example_dags/example_branch_operator.py
[2026-07-29T17:00:45.661+0000] {logging_mixin.py:190} INFO - [2026-07-29T17:00:45.661+0000] {dag.py:3211} INFO - Sync 1 DAGs
[2026-07-29T17:00:45.673+0000] {logging_mixin.py:190} INFO - [2026-07-29T17:00:45.673+0000] {dag.py:4138} INFO - Setting next_dagrun for example_branch_operator to 2026-07-28 00:00:00+00:00, run_after=2026-07-29 00:00:00+00:00
[2026-07-29T17:00:45.679+0000] {processor.py:208} INFO - Processing /home/airflow/.local/lib/python3.12/site-packages/airflow/example_dags/example_branch_operator.py took 0.047 seconds
[2026-07-29T17:01:15.821+0000] {processor.py:186} INFO - Started process (PID=9254) to work on /home/airflow/.local/lib/python3.12/site-packages/airflow/example_dags/example_branch_operator.py
[2026-07-29T17:01:15.822+0000] {processor.py:914} INFO - Processing file /home/airflow/.local/lib/python3.12/site-packages/airflow/example_dags/example_branch_operator.py for tasks to queue
[2026-07-29T17:01:15.823+0000] {logging_mixin.py:190} INFO - [2026-07-29T17:01:15.823+0000] {dagbag.py:587} INFO - Filling up the DagBag from /home/airflow/.local/lib/python3.12/site-packages/airflow/example_dags/example_branch_operator.py
[2026-07-29T17:01:15.831+0000] {processor.py:925} INFO - DAG(s) 'example_branch_operator' retrieved from /home/airflow/.local/lib/python3.12/site-packages/airflow/example_dags/example_branch_operator.py
[2026-07-29T17:01:15.843+0000] {logging_mixin.py:190} INFO - [2026-07-29T17:01:15.843+0000] {dag.py:3211} INFO - Sync 1 DAGs
[2026-07-29T17:01:15.853+0000] {logging_mixin.py:190} INFO - [2026-07-29T17:01:15.853+0000] {dag.py:4138} INFO - Setting next_dagrun for example_branch_operator to 2026-07-28 00:00:00+00:00, run_after=2026-07-29 00:00:00+00:00
[2026-07-29T17:01:15.861+0000] {processor.py:208} INFO - Processing /home/airflow/.local/lib/python3.12/site-packages/airflow/example_dags/example_branch_operator.py took 0.044 seconds
[2026-07-29T17:01:45.896+0000] {processor.py:186} INFO - Started process (PID=9320) to work on /home/airflow/.local/lib/python3.12/site-packages/airflow/example_dags/example_branch_operator.py
[2026-07-29T17:01:45.897+0000] {processor.py:914} INFO - Processing file /home/airflow/.local/lib/python3.12/site-packages/airflow/example_dags/example_branch_operator.py for tasks to queue
[2026-07-29T17:01:45.898+0000] {logging_mixin.py:190} INFO - [2026-07-29T17:01:45.898+0000] {dagbag.py:587} INFO - Filling up the DagBag from /home/airflow/.local/lib/python3.12/site-packages/airflow/example_dags/example_branch_operator.py
[2026-07-29T17:01:45.905+0000] {processor.py:925} INFO - DAG(s) 'example_branch_operator' retrieved from /home/airflow/.local/lib/python3.12/site-packages/airflow/example_dags/example_branch_operator.py
[2026-07-29T17:01:45.917+0000] {logging_mixin.py:190} INFO - [2026-07-29T17:01:45.916+0000] {dag.py:3211} INFO - Sync 1 DAGs
[2026-07-29T17:01:45.925+0000] {logging_mixin.py:190} INFO - [2026-07-29T17:01:45.925+0000] {dag.py:4138} INFO - Setting next_dagrun for example_branch_operator to 2026-07-28 00:00:00+00:00, run_after=2026-07-29 00:00:00+00:00
[2026-07-29T17:01:45.932+0000] {processor.py:208} INFO - Processing /home/airflow/.local/lib/python3.12/site-packages/airflow/example_dags/example_branch_operator.py took 0.039 seconds
[2026-07-29T17:02:15.958+0000] {processor.py:186} INFO - Started process (PID=9386) to work on /home/airflow/.local/lib/python3.12/site-packages/airflow/example_dags/example_branch_operator.py
[2026-07-29T17:02:15.958+0000] {processor.py:914} INFO - Processing file /home/airflow/.local/lib/python3.12/site-packages/airflow/example_dags/example_branch_operator.py for tasks to queue
[2026-07-29T17:02:15.959+0000] {logging_mixin.py:190} INFO - [2026-07-29T17:02:15.959+0000] {dagbag.py:587} INFO - Filling up the DagBag from /home/airflow/.local/lib/python3.12/site-packages/airflow/example_dags/example_branch_operator.py
[2026-07-29T17:02:15.966+0000] {processor.py:925} INFO - DAG(s) 'example_branch_operator' retrieved from /home/airflow/.local/lib/python3.12/site-packages/airflow/example_dags/example_branch_operator.py
[2026-07-29T17:02:15.976+0000] {logging_mixin.py:190} INFO - [2026-07-29T17:02:15.976+0000] {dag.py:3211} INFO - Sync 1 DAGs
[2026-07-29T17:02:15.984+0000] {logging_mixin.py:190} INFO - [2026-07-29T17:02:15.984+0000] {dag.py:4138} INFO - Setting next_dagrun for example_branch_operator to 2026-07-28 00:00:00+00:00, run_after=2026-07-29 00:00:00+00:00
[2026-07-29T17:02:15.990+0000] {processor.py:208} INFO - Processing /home/airflow/.local/lib/python3.12/site-packages/airflow/example_dags/example_branch_operator.py took 0.035 seconds
[2026-07-29T17:02:46.943+0000] {processor.py:186} INFO - Started process (PID=9452) to work on /home/airflow/.local/lib/python3.12/site-packages/airflow/example_dags/example_branch_operator.py
[2026-07-29T17:02:46.944+0000] {processor.py:914} INFO - Processing file /home/airflow/.local/lib/python3.12/site-packages/airflow/example_dags/example_branch_operator.py for tasks to queue
[2026-07-29T17:02:46.946+0000] {logging_mixin.py:190} INFO - [2026-07-29T17:02:46.946+0000] {dagbag.py:587} INFO - Filling up the DagBag from /home/airflow/.local/lib/python3.12/site-packages/airflow/example_dags/example_branch_operator.py
[2026-07-29T17:02:46.956+0000] {processor.py:925} INFO - DAG(s) 'example_branch_operator' retrieved from /home/airflow/.local/lib/python3.12/site-packages/airflow/example_dags/example_branch_operator.py
[2026-07-29T17:02:46.970+0000] {logging_mixin.py:190} INFO - [2026-07-29T17:02:46.970+0000] {dag.py:3211} INFO - Sync 1 DAGs
[2026-07-29T17:02:46.980+0000] {logging_mixin.py:190} INFO - [2026-07-29T17:02:46.980+0000] {dag.py:4138} INFO - Setting next_dagrun for example_branch_operator to 2026-07-28 00:00:00+00:00, run_after=2026-07-29 00:00:00+00:00
[2026-07-29T17:02:46.987+0000] {processor.py:208} INFO - Processing /home/airflow/.local/lib/python3.12/site-packages/airflow/example_dags/example_branch_operator.py took 0.047 seconds
[2026-07-29T17:03:17.949+0000] {processor.py:186} INFO - Started process (PID=9518) to work on /home/airflow/.local/lib/python3.12/site-packages/airflow/example_dags/example_branch_operator.py
[2026-07-29T17:03:17.950+0000] {processor.py:914} INFO - Processing file /home/airflow/.local/lib/python3.12/site-packages/airflow/example_dags/example_branch_operator.py for tasks to queue
[2026-07-29T17:03:17.951+0000] {logging_mixin.py:190} INFO - [2026-07-29T17:03:17.951+0000] {dagbag.py:587} INFO - Filling up the DagBag from /home/airflow/.local/lib/python3.12/site-packages/airflow/example_dags/example_branch_operator.py
[2026-07-29T17:03:17.958+0000] {processor.py:925} INFO - DAG(s) 'example_branch_operator' retrieved from /home/airflow/.local/lib/python3.12/site-packages/airflow/example_dags/example_branch_operator.py
[2026-07-29T17:03:17.968+0000] {logging_mixin.py:190} INFO - [2026-07-29T17:03:17.968+0000] {dag.py:3211} INFO - Sync 1 DAGs
[2026-07-29T17:03:17.976+0000] {logging_mixin.py:190} INFO - [2026-07-29T17:03:17.976+0000] {dag.py:4138} INFO - Setting next_dagrun for example_branch_operator to 2026-07-28 00:00:00+00:00, run_after=2026-07-29 00:00:00+00:00
[2026-07-29T17:03:17.981+0000] {processor.py:208} INFO - Processing /home/airflow/.local/lib/python3.12/site-packages/airflow/example_dags/example_branch_operator.py took 0.034 seconds
[2026-07-29T17:03:54.485+0000] {processor.py:186} INFO - Started process (PID=9590) to work on /home/airflow/.local/lib/python3.12/site-packages/airflow/example_dags/example_branch_operator.py
[2026-07-29T17:03:54.486+0000] {processor.py:914} INFO - Processing file /home/airflow/.local/lib/python3.12/site-packages/airflow/example_dags/example_branch_operator.py for tasks to queue
[2026-07-29T17:03:54.487+0000] {logging_mixin.py:190} INFO - [2026-07-29T17:03:54.487+0000] {dagbag.py:587} INFO - Filling up the DagBag from /home/airflow/.local/lib/python3.12/site-packages/airflow/example_dags/example_branch_operator.py
[2026-07-29T17:03:54.494+0000] {processor.py:925} INFO - DAG(s) 'example_branch_operator' retrieved from /home/airflow/.local/lib/python3.12/site-packages/airflow/example_dags/example_branch_operator.py
[2026-07-29T17:03:54.505+0000] {logging_mixin.py:190} INFO - [2026-07-29T17:03:54.504+0000] {dag.py:3211} INFO - Sync 1 DAGs
[2026-07-29T17:03:54.512+0000] {logging_mixin.py:190} INFO - [2026-07-29T17:03:54.512+0000] {dag.py:4138} INFO - Setting next_dagrun for example_branch_operator to 2026-07-28 00:00:00+00:00, run_after=2026-07-29 00:00:00+00:00
[2026-07-29T17:03:54.518+0000] {processor.py:208} INFO - Processing /home/airflow/.local/lib/python3.12/site-packages/airflow/example_dags/example_branch_operator.py took 0.036 seconds
[2026-07-29T17:04:24.604+0000] {processor.py:186} INFO - Started process (PID=9656) to work on /home/airflow/.local/lib/python3.12/site-packages/airflow/example_dags/example_branch_operator.py
[2026-07-29T17:04:24.605+0000] {processor.py:914} INFO - Processing file /home/airflow/.local/lib/python3.12/site-packages/airflow/example_dags/example_branch_operator.py for tasks to queue
[2026-07-29T17:04:24.606+0000] {logging_mixin.py:190} INFO - [2026-07-29T17:04:24.606+0000] {dagbag.py:587} INFO - Filling up the DagBag from /home/airflow/.local/lib/python3.12/site-packages/airflow/example_dags/example_branch_operator.py
[2026-07-29T17:04:24.621+0000] {processor.py:925} INFO - DAG(s) 'example_branch_operator' retrieved from /home/airflow/.local/lib/python3.12/site-packages/airflow/example_dags/example_branch_operator.py
[2026-07-29T17:04:24.637+0000] {logging_mixin.py:190} INFO - [2026-07-29T17:04:24.637+0000] {dag.py:3211} INFO - Sync 1 DAGs
[2026-07-29T17:04:24.652+0000] {logging_mixin.py:190} INFO - [2026-07-29T17:04:24.652+0000] {dag.py:4138} INFO - Setting next_dagrun for example_branch_operator to 2026-07-28 00:00:00+00:00, run_after=2026-07-29 00:00:00+00:00
[2026-07-29T17:04:24.667+0000] {processor.py:208} INFO - Processing /home/airflow/.local/lib/python3.12/site-packages/airflow/example_dags/example_branch_operator.py took 0.066 seconds
[2026-07-29T17:04:54.748+0000] {processor.py:186} INFO - Started process (PID=9722) to work on /home/airflow/.local/lib/python3.12/site-packages/airflow/example_dags/example_branch_operator.py
[2026-07-29T17:04:54.749+0000] {processor.py:914} INFO - Processing file /home/airflow/.local/lib/python3.12/site-packages/airflow/example_dags/example_branch_operator.py for tasks to queue
[2026-07-29T17:04:54.751+0000] {logging_mixin.py:190} INFO - [2026-07-29T17:04:54.751+0000] {dagbag.py:587} INFO - Filling up the DagBag from /home/airflow/.local/lib/python3.12/site-packages/airflow/example_dags/example_branch_operator.py
[2026-07-29T17:04:54.758+0000] {processor.py:925} INFO - DAG(s) 'example_branch_operator' retrieved from /home/airflow/.local/lib/python3.12/site-packages/airflow/example_dags/example_branch_operator.py
[2026-07-29T17:04:54.770+0000] {logging_mixin.py:190} INFO - [2026-07-29T17:04:54.770+0000] {dag.py:3211} INFO - Sync 1 DAGs
[2026-07-29T17:04:54.778+0000] {logging_mixin.py:190} INFO - [2026-07-29T17:04:54.778+0000] {dag.py:4138} INFO - Setting next_dagrun for example_branch_operator to 2026-07-28 00:00:00+00:00, run_after=2026-07-29 00:00:00+00:00
[2026-07-29T17:04:54.788+0000] {processor.py:208} INFO - Processing /home/airflow/.local/lib/python3.12/site-packages/airflow/example_dags/example_branch_operator.py took 0.043 seconds
[2026-07-29T17:05:25.875+0000] {processor.py:186} INFO - Started process (PID=9788) to work on /home/airflow/.local/lib/python3.12/site-packages/airflow/example_dags/example_branch_operator.py
[2026-07-29T17:05:25.876+0000] {processor.py:914} INFO - Processing file /home/airflow/.local/lib/python3.12/site-packages/airflow/example_dags/example_branch_operator.py for tasks to queue
[2026-07-29T17:05:25.878+0000] {logging_mixin.py:190} INFO - [2026-07-29T17:05:25.877+0000] {dagbag.py:587} INFO - Filling up the DagBag from /home/airflow/.local/lib/python3.12/site-packages/airflow/example_dags/example_branch_operator.py
[2026-07-29T17:05:25.886+0000] {processor.py:925} INFO - DAG(s) 'example_branch_operator' retrieved from /home/airflow/.local/lib/python3.12/site-packages/airflow/example_dags/example_branch_operator.py
[2026-07-29T17:05:25.899+0000] {logging_mixin.py:190} INFO - [2026-07-29T17:05:25.899+0000] {dag.py:3211} INFO - Sync 1 DAGs
[2026-07-29T17:05:25.909+0000] {logging_mixin.py:190} INFO - [2026-07-29T17:05:25.909+0000] {dag.py:4138} INFO - Setting next_dagrun for example_branch_operator to 2026-07-28 00:00:00+00:00, run_after=2026-07-29 00:00:00+00:00
[2026-07-29T17:05:25.921+0000] {processor.py:208} INFO - Processing /home/airflow/.local/lib/python3.12/site-packages/airflow/example_dags/example_branch_operator.py took 0.049 seconds
[2026-07-29T17:05:56.721+0000] {processor.py:186} INFO - Started process (PID=9854) to work on /home/airflow/.local/lib/python3.12/site-packages/airflow/example_dags/example_branch_operator.py
[2026-07-29T17:05:56.722+0000] {processor.py:914} INFO - Processing file /home/airflow/.local/lib/python3.12/site-packages/airflow/example_dags/example_branch_operator.py for tasks to queue
[2026-07-29T17:05:56.723+0000] {logging_mixin.py:190} INFO - [2026-07-29T17:05:56.723+0000] {dagbag.py:587} INFO - Filling up the DagBag from /home/airflow/.local/lib/python3.12/site-packages/airflow/example_dags/example_branch_operator.py
[2026-07-29T17:05:56.730+0000] {processor.py:925} INFO - DAG(s) 'example_branch_operator' retrieved from /home/airflow/.local/lib/python3.12/site-packages/airflow/example_dags/example_branch_operator.py
[2026-07-29T17:05:56.742+0000] {logging_mixin.py:190} INFO - [2026-07-29T17:05:56.742+0000] {dag.py:3211} INFO - Sync 1 DAGs
[2026-07-29T17:05:56.752+0000] {logging_mixin.py:190} INFO - [2026-07-29T17:05:56.752+0000] {dag.py:4138} INFO - Setting next_dagrun for example_branch_operator to 2026-07-28 00:00:00+00:00, run_after=2026-07-29 00:00:00+00:00
[2026-07-29T17:05:56.760+0000] {processor.py:208} INFO - Processing /home/airflow/.local/lib/python3.12/site-packages/airflow/example_dags/example_branch_operator.py took 0.043 seconds
[2026-07-29T17:06:27.684+0000] {processor.py:186} INFO - Started process (PID=9920) to work on /home/airflow/.local/lib/python3.12/site-packages/airflow/example_dags/example_branch_operator.py
[2026-07-29T17:06:27.685+0000] {processor.py:914} INFO - Processing file /home/airflow/.local/lib/python3.12/site-packages/airflow/example_dags/example_branch_operator.py for tasks to queue
[2026-07-29T17:06:27.685+0000] {logging_mixin.py:190} INFO - [2026-07-29T17:06:27.685+0000] {dagbag.py:587} INFO - Filling up the DagBag from /home/airflow/.local/lib/python3.12/site-packages/airflow/example_dags/example_branch_operator.py
[2026-07-29T17:06:27.693+0000] {processor.py:925} INFO - DAG(s) 'example_branch_operator' retrieved from /home/airflow/.local/lib/python3.12/site-packages/airflow/example_dags/example_branch_operator.py
[2026-07-29T17:06:27.706+0000] {logging_mixin.py:190} INFO - [2026-07-29T17:06:27.706+0000] {dag.py:3211} INFO - Sync 1 DAGs
[2026-07-29T17:06:27.714+0000] {logging_mixin.py:190} INFO - [2026-07-29T17:06:27.714+0000] {dag.py:4138} INFO - Setting next_dagrun for example_branch_operator to 2026-07-28 00:00:00+00:00, run_after=2026-07-29 00:00:00+00:00
[2026-07-29T17:06:27.719+0000] {processor.py:208} INFO - Processing /home/airflow/.local/lib/python3.12/site-packages/airflow/example_dags/example_branch_operator.py took 0.038 seconds
[2026-07-29T17:06:57.964+0000] {processor.py:186} INFO - Started process (PID=9986) to work on /home/airflow/.local/lib/python3.12/site-packages/airflow/example_dags/example_branch_operator.py
[2026-07-29T17:06:57.966+0000] {processor.py:914} INFO - Processing file /home/airflow/.local/lib/python3.12/site-packages/airflow/example_dags/example_branch_operator.py for tasks to queue
[2026-07-29T17:06:57.968+0000] {logging_mixin.py:190} INFO - [2026-07-29T17:06:57.968+0000] {dagbag.py:587} INFO - Filling up the DagBag from /home/airflow/.local/lib/python3.12/site-packages/airflow/example_dags/example_branch_operator.py
[2026-07-29T17:06:57.978+0000] {processor.py:925} INFO - DAG(s) 'example_branch_operator' retrieved from /home/airflow/.local/lib/python3.12/site-packages/airflow/example_dags/example_branch_operator.py
[2026-07-29T17:06:57.995+0000] {logging_mixin.py:190} INFO - [2026-07-29T17:06:57.995+0000] {dag.py:3211} INFO - Sync 1 DAGs
[2026-07-29T17:06:58.005+0000] {logging_mixin.py:190} INFO - [2026-07-29T17:06:58.005+0000] {dag.py:4138} INFO - Setting next_dagrun for example_branch_operator to 2026-07-28 00:00:00+00:00, run_after=2026-07-29 00:00:00+00:00
[2026-07-29T17:06:58.018+0000] {processor.py:208} INFO - Processing /home/airflow/.local/lib/python3.12/site-packages/airflow/example_dags/example_branch_operator.py took 0.056 seconds
[2026-07-29T17:07:28.217+0000] {processor.py:186} INFO - Started process (PID=10052) to work on /home/airflow/.local/lib/python3.12/site-packages/airflow/example_dags/example_branch_operator.py
[2026-07-29T17:07:28.217+0000] {processor.py:914} INFO - Processing file /home/airflow/.local/lib/python3.12/site-packages/airflow/example_dags/example_branch_operator.py for tasks to queue
[2026-07-29T17:07:28.218+0000] {logging_mixin.py:190} INFO - [2026-07-29T17:07:28.218+0000] {dagbag.py:587} INFO - Filling up the DagBag from /home/airflow/.local/lib/python3.12/site-packages/airflow/example_dags/example_branch_operator.py
[2026-07-29T17:07:28.227+0000] {processor.py:925} INFO - DAG(s) 'example_branch_operator' retrieved from /home/airflow/.local/lib/python3.12/site-packages/airflow/example_dags/example_branch_operator.py
[2026-07-29T17:07:28.239+0000] {logging_mixin.py:190} INFO - [2026-07-29T17:07:28.239+0000] {dag.py:3211} INFO - Sync 1 DAGs
[2026-07-29T17:07:28.250+0000] {logging_mixin.py:190} INFO - [2026-07-29T17:07:28.250+0000] {dag.py:4138} INFO - Setting next_dagrun for example_branch_operator to 2026-07-28 00:00:00+00:00, run_after=2026-07-29 00:00:00+00:00
[2026-07-29T17:07:28.257+0000] {processor.py:208} INFO - Processing /home/airflow/.local/lib/python3.12/site-packages/airflow/example_dags/example_branch_operator.py took 0.043 seconds
[2026-07-29T17:07:58.496+0000] {processor.py:186} INFO - Started process (PID=10118) to work on /home/airflow/.local/lib/python3.12/site-packages/airflow/example_dags/example_branch_operator.py
[2026-07-29T17:07:58.496+0000] {processor.py:914} INFO - Processing file /home/airflow/.local/lib/python3.12/site-packages/airflow/example_dags/example_branch_operator.py for tasks to queue
[2026-07-29T17:07:58.501+0000] {logging_mixin.py:190} INFO - [2026-07-29T17:07:58.501+0000] {dagbag.py:587} INFO - Filling up the DagBag from /home/airflow/.local/lib/python3.12/site-packages/airflow/example_dags/example_branch_operator.py
[2026-07-29T17:07:58.513+0000] {processor.py:925} INFO - DAG(s) 'example_branch_operator' retrieved from /home/airflow/.local/lib/python3.12/site-packages/airflow/example_dags/example_branch_operator.py
[2026-07-29T17:07:58.531+0000] {logging_mixin.py:190} INFO - [2026-07-29T17:07:58.531+0000] {dag.py:3211} INFO - Sync 1 DAGs
[2026-07-29T17:07:58.544+0000] {logging_mixin.py:190} INFO - [2026-07-29T17:07:58.544+0000] {dag.py:4138} INFO - Setting next_dagrun for example_branch_operator to 2026-07-28 00:00:00+00:00, run_after=2026-07-29 00:00:00+00:00
[2026-07-29T17:07:58.554+0000] {processor.py:208} INFO - Processing /home/airflow/.local/lib/python3.12/site-packages/airflow/example_dags/example_branch_operator.py took 0.062 seconds
[2026-07-29T17:08:28.991+0000] {processor.py:186} INFO - Started process (PID=10184) to work on /home/airflow/.local/lib/python3.12/site-packages/airflow/example_dags/example_branch_operator.py
[2026-07-29T17:08:28.992+0000] {processor.py:914} INFO - Processing file /home/airflow/.local/lib/python3.12/site-packages/airflow/example_dags/example_branch_operator.py for tasks to queue
[2026-07-29T17:08:28.993+0000] {logging_mixin.py:190} INFO - [2026-07-29T17:08:28.993+0000] {dagbag.py:587} INFO - Filling up the DagBag from /home/airflow/.local/lib/python3.12/site-packages/airflow/example_dags/example_branch_operator.py
[2026-07-29T17:08:29.002+0000] {processor.py:925} INFO - DAG(s) 'example_branch_operator' retrieved from /home/airflow/.local/lib/python3.12/site-packages/airflow/example_dags/example_branch_operator.py
[2026-07-29T17:08:29.014+0000] {logging_mixin.py:190} INFO - [2026-07-29T17:08:29.014+0000] {dag.py:3211} INFO - Sync 1 DAGs
[2026-07-29T17:08:29.025+0000] {logging_mixin.py:190} INFO - [2026-07-29T17:08:29.025+0000] {dag.py:4138} INFO - Setting next_dagrun for example_branch_operator to 2026-07-28 00:00:00+00:00, run_after=2026-07-29 00:00:00+00:00
[2026-07-29T17:08:29.033+0000] {processor.py:208} INFO - Processing /home/airflow/.local/lib/python3.12/site-packages/airflow/example_dags/example_branch_operator.py took 0.045 seconds
[2026-07-29T17:09:00.025+0000] {processor.py:186} INFO - Started process (PID=10250) to work on /home/airflow/.local/lib/python3.12/site-packages/airflow/example_dags/example_branch_operator.py
[2026-07-29T17:09:00.027+0000] {processor.py:914} INFO - Processing file /home/airflow/.local/lib/python3.12/site-packages/airflow/example_dags/example_branch_operator.py for tasks to queue
[2026-07-29T17:09:00.029+0000] {logging_mixin.py:190} INFO - [2026-07-29T17:09:00.029+0000] {dagbag.py:587} INFO - Filling up the DagBag from /home/airflow/.local/lib/python3.12/site-packages/airflow/example_dags/example_branch_operator.py
[2026-07-29T17:09:00.037+0000] {processor.py:925} INFO - DAG(s) 'example_branch_operator' retrieved from /home/airflow/.local/lib/python3.12/site-packages/airflow/example_dags/example_branch_operator.py
[2026-07-29T17:09:00.056+0000] {logging_mixin.py:190} INFO - [2026-07-29T17:09:00.056+0000] {dag.py:3211} INFO - Sync 1 DAGs
[2026-07-29T17:09:00.068+0000] {logging_mixin.py:190} INFO - [2026-07-29T17:09:00.068+0000] {dag.py:4138} INFO - Setting next_dagrun for example_branch_operator to 2026-07-28 00:00:00+00:00, run_after=2026-07-29 00:00:00+00:00
[2026-07-29T17:09:00.183+0000] {processor.py:208} INFO - Processing /home/airflow/.local/lib/python3.12/site-packages/airflow/example_dags/example_branch_operator.py took 0.161 seconds
[2026-07-29T17:09:30.682+0000] {processor.py:186} INFO - Started process (PID=10316) to work on /home/airflow/.local/lib/python3.12/site-packages/airflow/example_dags/example_branch_operator.py
[2026-07-29T17:09:30.683+0000] {processor.py:914} INFO - Processing file /home/airflow/.local/lib/python3.12/site-packages/airflow/example_dags/example_branch_operator.py for tasks to queue
[2026-07-29T17:09:30.684+0000] {logging_mixin.py:190} INFO - [2026-07-29T17:09:30.684+0000] {dagbag.py:587} INFO - Filling up the DagBag from /home/airflow/.local/lib/python3.12/site-packages/airflow/example_dags/example_branch_operator.py
[2026-07-29T17:09:30.692+0000] {processor.py:925} INFO - DAG(s) 'example_branch_operator' retrieved from /home/airflow/.local/lib/python3.12/site-packages/airflow/example_dags/example_branch_operator.py
[2026-07-29T17:09:30.706+0000] {logging_mixin.py:190} INFO - [2026-07-29T17:09:30.706+0000] {dag.py:3211} INFO - Sync 1 DAGs
[2026-07-29T17:09:30.715+0000] {logging_mixin.py:190} INFO - [2026-07-29T17:09:30.715+0000] {dag.py:4138} INFO - Setting next_dagrun for example_branch_operator to 2026-07-28 00:00:00+00:00, run_after=2026-07-29 00:00:00+00:00
[2026-07-29T17:09:30.721+0000] {processor.py:208} INFO - Processing /home/airflow/.local/lib/python3.12/site-packages/airflow/example_dags/example_branch_operator.py took 0.042 seconds
[2026-07-29T17:10:01.266+0000] {processor.py:186} INFO - Started process (PID=10382) to work on /home/airflow/.local/lib/python3.12/site-packages/airflow/example_dags/example_branch_operator.py
[2026-07-29T17:10:01.266+0000] {processor.py:914} INFO - Processing file /home/airflow/.local/lib/python3.12/site-packages/airflow/example_dags/example_branch_operator.py for tasks to queue
[2026-07-29T17:10:01.267+0000] {logging_mixin.py:190} INFO - [2026-07-29T17:10:01.267+0000] {dagbag.py:587} INFO - Filling up the DagBag from /home/airflow/.local/lib/python3.12/site-packages/airflow/example_dags/example_branch_operator.py
[2026-07-29T17:10:01.274+0000] {processor.py:925} INFO - DAG(s) 'example_branch_operator' retrieved from /home/airflow/.local/lib/python3.12/site-packages/airflow/example_dags/example_branch_operator.py
[2026-07-29T17:10:01.289+0000] {logging_mixin.py:190} INFO - [2026-07-29T17:10:01.289+0000] {dag.py:3211} INFO - Sync 1 DAGs
[2026-07-29T17:10:01.297+0000] {logging_mixin.py:190} INFO - [2026-07-29T17:10:01.297+0000] {dag.py:4138} INFO - Setting next_dagrun for example_branch_operator to 2026-07-28 00:00:00+00:00, run_after=2026-07-29 00:00:00+00:00
[2026-07-29T17:10:01.302+0000] {processor.py:208} INFO - Processing /home/airflow/.local/lib/python3.12/site-packages/airflow/example_dags/example_branch_operator.py took 0.039 seconds
[2026-07-29T17:10:33.129+0000] {processor.py:186} INFO - Started process (PID=10448) to work on /home/airflow/.local/lib/python3.12/site-packages/airflow/example_dags/example_branch_operator.py
[2026-07-29T17:10:33.130+0000] {processor.py:914} INFO - Processing file /home/airflow/.local/lib/python3.12/site-packages/airflow/example_dags/example_branch_operator.py for tasks to queue
[2026-07-29T17:10:33.131+0000] {logging_mixin.py:190} INFO - [2026-07-29T17:10:33.130+0000] {dagbag.py:587} INFO - Filling up the DagBag from /home/airflow/.local/lib/python3.12/site-packages/airflow/example_dags/example_branch_operator.py
[2026-07-29T17:10:33.138+0000] {processor.py:925} INFO - DAG(s) 'example_branch_operator' retrieved from /home/airflow/.local/lib/python3.12/site-packages/airflow/example_dags/example_branch_operator.py
[2026-07-29T17:10:33.240+0000] {logging_mixin.py:190} INFO - [2026-07-29T17:10:33.240+0000] {dag.py:3211} INFO - Sync 1 DAGs
[2026-07-29T17:10:33.247+0000] {logging_mixin.py:190} INFO - [2026-07-29T17:10:33.247+0000] {dag.py:4138} INFO - Setting next_dagrun for example_branch_operator to 2026-07-28 00:00:00+00:00, run_after=2026-07-29 00:00:00+00:00
[2026-07-29T17:10:33.253+0000] {processor.py:208} INFO - Processing /home/airflow/.local/lib/python3.12/site-packages/airflow/example_dags/example_branch_operator.py took 0.126 seconds
[2026-07-29T17:11:03.990+0000] {processor.py:186} INFO - Started process (PID=10514) to work on /home/airflow/.local/lib/python3.12/site-packages/airflow/example_dags/example_branch_operator.py
[2026-07-29T17:11:03.990+0000] {processor.py:914} INFO - Processing file /home/airflow/.local/lib/python3.12/site-packages/airflow/example_dags/example_branch_operator.py for tasks to queue
[2026-07-29T17:11:03.991+0000] {logging_mixin.py:190} INFO - [2026-07-29T17:11:03.991+0000] {dagbag.py:587} INFO - Filling up the DagBag from /home/airflow/.local/lib/python3.12/site-packages/airflow/example_dags/example_branch_operator.py
[2026-07-29T17:11:03.999+0000] {processor.py:925} INFO - DAG(s) 'example_branch_operator' retrieved from /home/airflow/.local/lib/python3.12/site-packages/airflow/example_dags/example_branch_operator.py
[2026-07-29T17:11:04.011+0000] {logging_mixin.py:190} INFO - [2026-07-29T17:11:04.010+0000] {dag.py:3211} INFO - Sync 1 DAGs
[2026-07-29T17:11:04.107+0000] {logging_mixin.py:190} INFO - [2026-07-29T17:11:04.107+0000] {dag.py:4138} INFO - Setting next_dagrun for example_branch_operator to 2026-07-28 00:00:00+00:00, run_after=2026-07-29 00:00:00+00:00
[2026-07-29T17:11:04.118+0000] {processor.py:208} INFO - Processing /home/airflow/.local/lib/python3.12/site-packages/airflow/example_dags/example_branch_operator.py took 0.131 seconds
[2026-07-29T17:11:34.417+0000] {processor.py:186} INFO - Started process (PID=10580) to work on /home/airflow/.local/lib/python3.12/site-packages/airflow/example_dags/example_branch_operator.py
[2026-07-29T17:11:34.417+0000] {processor.py:914} INFO - Processing file /home/airflow/.local/lib/python3.12/site-packages/airflow/example_dags/example_branch_operator.py for tasks to queue
[2026-07-29T17:11:34.420+0000] {logging_mixin.py:190} INFO - [2026-07-29T17:11:34.420+0000] {dagbag.py:587} INFO - Filling up the DagBag from /home/airflow/.local/lib/python3.12/site-packages/airflow/example_dags/example_branch_operator.py
[2026-07-29T17:11:34.429+0000] {processor.py:925} INFO - DAG(s) 'example_branch_operator' retrieved from /home/airflow/.local/lib/python3.12/site-packages/airflow/example_dags/example_branch_operator.py
[2026-07-29T17:11:34.440+0000] {logging_mixin.py:190} INFO - [2026-07-29T17:11:34.440+0000] {dag.py:3211} INFO - Sync 1 DAGs
[2026-07-29T17:11:34.451+0000] {logging_mixin.py:190} INFO - [2026-07-29T17:11:34.451+0000] {dag.py:4138} INFO - Setting next_dagrun for example_branch_operator to 2026-07-28 00:00:00+00:00, run_after=2026-07-29 00:00:00+00:00
[2026-07-29T17:11:34.464+0000] {processor.py:208} INFO - Processing /home/airflow/.local/lib/python3.12/site-packages/airflow/example_dags/example_branch_operator.py took 0.050 seconds
[2026-07-29T17:12:05.373+0000] {processor.py:186} INFO - Started process (PID=10646) to work on /home/airflow/.local/lib/python3.12/site-packages/airflow/example_dags/example_branch_operator.py
[2026-07-29T17:12:05.374+0000] {processor.py:914} INFO - Processing file /home/airflow/.local/lib/python3.12/site-packages/airflow/example_dags/example_branch_operator.py for tasks to queue
[2026-07-29T17:12:05.375+0000] {logging_mixin.py:190} INFO - [2026-07-29T17:12:05.374+0000] {dagbag.py:587} INFO - Filling up the DagBag from /home/airflow/.local/lib/python3.12/site-packages/airflow/example_dags/example_branch_operator.py
[2026-07-29T17:12:05.382+0000] {processor.py:925} INFO - DAG(s) 'example_branch_operator' retrieved from /home/airflow/.local/lib/python3.12/site-packages/airflow/example_dags/example_branch_operator.py
[2026-07-29T17:12:05.393+0000] {logging_mixin.py:190} INFO - [2026-07-29T17:12:05.393+0000] {dag.py:3211} INFO - Sync 1 DAGs
[2026-07-29T17:12:05.401+0000] {logging_mixin.py:190} INFO - [2026-07-29T17:12:05.401+0000] {dag.py:4138} INFO - Setting next_dagrun for example_branch_operator to 2026-07-28 00:00:00+00:00, run_after=2026-07-29 00:00:00+00:00
[2026-07-29T17:12:05.407+0000] {processor.py:208} INFO - Processing /home/airflow/.local/lib/python3.12/site-packages/airflow/example_dags/example_branch_operator.py took 0.036 seconds
[2026-07-29T17:12:35.541+0000] {processor.py:186} INFO - Started process (PID=10712) to work on /home/airflow/.local/lib/python3.12/site-packages/airflow/example_dags/example_branch_operator.py
[2026-07-29T17:12:35.541+0000] {processor.py:914} INFO - Processing file /home/airflow/.local/lib/python3.12/site-packages/airflow/example_dags/example_branch_operator.py for tasks to queue
[2026-07-29T17:12:35.542+0000] {logging_mixin.py:190} INFO - [2026-07-29T17:12:35.542+0000] {dagbag.py:587} INFO - Filling up the DagBag from /home/airflow/.local/lib/python3.12/site-packages/airflow/example_dags/example_branch_operator.py
[2026-07-29T17:12:35.550+0000] {processor.py:925} INFO - DAG(s) 'example_branch_operator' retrieved from /home/airflow/.local/lib/python3.12/site-packages/airflow/example_dags/example_branch_operator.py
[2026-07-29T17:12:35.565+0000] {logging_mixin.py:190} INFO - [2026-07-29T17:12:35.565+0000] {dag.py:3211} INFO - Sync 1 DAGs
[2026-07-29T17:12:35.577+0000] {logging_mixin.py:190} INFO - [2026-07-29T17:12:35.577+0000] {dag.py:4138} INFO - Setting next_dagrun for example_branch_operator to 2026-07-28 00:00:00+00:00, run_after=2026-07-29 00:00:00+00:00
[2026-07-29T17:12:35.589+0000] {processor.py:208} INFO - Processing /home/airflow/.local/lib/python3.12/site-packages/airflow/example_dags/example_branch_operator.py took 0.051 seconds
[2026-07-29T17:13:06.457+0000] {processor.py:186} INFO - Started process (PID=10778) to work on /home/airflow/.local/lib/python3.12/site-packages/airflow/example_dags/example_branch_operator.py
[2026-07-29T17:13:06.457+0000] {processor.py:914} INFO - Processing file /home/airflow/.local/lib/python3.12/site-packages/airflow/example_dags/example_branch_operator.py for tasks to queue
[2026-07-29T17:13:06.458+0000] {logging_mixin.py:190} INFO - [2026-07-29T17:13:06.458+0000] {dagbag.py:587} INFO - Filling up the DagBag from /home/airflow/.local/lib/python3.12/site-packages/airflow/example_dags/example_branch_operator.py
[2026-07-29T17:13:06.466+0000] {processor.py:925} INFO - DAG(s) 'example_branch_operator' retrieved from /home/airflow/.local/lib/python3.12/site-packages/airflow/example_dags/example_branch_operator.py
[2026-07-29T17:13:06.482+0000] {logging_mixin.py:190} INFO - [2026-07-29T17:13:06.482+0000] {dag.py:3211} INFO - Sync 1 DAGs
[2026-07-29T17:13:06.491+0000] {logging_mixin.py:190} INFO - [2026-07-29T17:13:06.491+0000] {dag.py:4138} INFO - Setting next_dagrun for example_branch_operator to 2026-07-28 00:00:00+00:00, run_after=2026-07-29 00:00:00+00:00
[2026-07-29T17:13:06.497+0000] {processor.py:208} INFO - Processing /home/airflow/.local/lib/python3.12/site-packages/airflow/example_dags/example_branch_operator.py took 0.043 seconds
[2026-07-29T17:13:36.549+0000] {processor.py:186} INFO - Started process (PID=10844) to work on /home/airflow/.local/lib/python3.12/site-packages/airflow/example_dags/example_branch_operator.py
[2026-07-29T17:13:36.550+0000] {processor.py:914} INFO - Processing file /home/airflow/.local/lib/python3.12/site-packages/airflow/example_dags/example_branch_operator.py for tasks to queue
[2026-07-29T17:13:36.551+0000] {logging_mixin.py:190} INFO - [2026-07-29T17:13:36.550+0000] {dagbag.py:587} INFO - Filling up the DagBag from /home/airflow/.local/lib/python3.12/site-packages/airflow/example_dags/example_branch_operator.py
[2026-07-29T17:13:36.559+0000] {processor.py:925} INFO - DAG(s) 'example_branch_operator' retrieved from /home/airflow/.local/lib/python3.12/site-packages/airflow/example_dags/example_branch_operator.py
[2026-07-29T17:13:36.576+0000] {logging_mixin.py:190} INFO - [2026-07-29T17:13:36.576+0000] {dag.py:3211} INFO - Sync 1 DAGs
[2026-07-29T17:13:36.587+0000] {logging_mixin.py:190} INFO - [2026-07-29T17:13:36.587+0000] {dag.py:4138} INFO - Setting next_dagrun for example_branch_operator to 2026-07-28 00:00:00+00:00, run_after=2026-07-29 00:00:00+00:00
[2026-07-29T17:13:36.595+0000] {processor.py:208} INFO - Processing /home/airflow/.local/lib/python3.12/site-packages/airflow/example_dags/example_branch_operator.py took 0.049 seconds
[2026-07-29T17:14:06.964+0000] {processor.py:186} INFO - Started process (PID=10910) to work on /home/airflow/.local/lib/python3.12/site-packages/airflow/example_dags/example_branch_operator.py
[2026-07-29T17:14:06.964+0000] {processor.py:914} INFO - Processing file /home/airflow/.local/lib/python3.12/site-packages/airflow/example_dags/example_branch_operator.py for tasks to queue
[2026-07-29T17:14:06.966+0000] {logging_mixin.py:190} INFO - [2026-07-29T17:14:06.966+0000] {dagbag.py:587} INFO - Filling up the DagBag from /home/airflow/.local/lib/python3.12/site-packages/airflow/example_dags/example_branch_operator.py
[2026-07-29T17:14:06.976+0000] {processor.py:925} INFO - DAG(s) 'example_branch_operator' retrieved from /home/airflow/.local/lib/python3.12/site-packages/airflow/example_dags/example_branch_operator.py
[2026-07-29T17:14:06.992+0000] {logging_mixin.py:190} INFO - [2026-07-29T17:14:06.992+0000] {dag.py:3211} INFO - Sync 1 DAGs
[2026-07-29T17:14:07.001+0000] {logging_mixin.py:190} INFO - [2026-07-29T17:14:07.001+0000] {dag.py:4138} INFO - Setting next_dagrun for example_branch_operator to 2026-07-28 00:00:00+00:00, run_after=2026-07-29 00:00:00+00:00
[2026-07-29T17:14:07.011+0000] {processor.py:208} INFO - Processing /home/airflow/.local/lib/python3.12/site-packages/airflow/example_dags/example_branch_operator.py took 0.049 seconds
[2026-07-29T17:14:37.911+0000] {processor.py:186} INFO - Started process (PID=10976) to work on /home/airflow/.local/lib/python3.12/site-packages/airflow/example_dags/example_branch_operator.py
[2026-07-29T17:14:37.911+0000] {processor.py:914} INFO - Processing file /home/airflow/.local/lib/python3.12/site-packages/airflow/example_dags/example_branch_operator.py for tasks to queue
[2026-07-29T17:14:37.912+0000] {logging_mixin.py:190} INFO - [2026-07-29T17:14:37.912+0000] {dagbag.py:587} INFO - Filling up the DagBag from /home/airflow/.local/lib/python3.12/site-packages/airflow/example_dags/example_branch_operator.py
[2026-07-29T17:14:37.920+0000] {processor.py:925} INFO - DAG(s) 'example_branch_operator' retrieved from /home/airflow/.local/lib/python3.12/site-packages/airflow/example_dags/example_branch_operator.py
[2026-07-29T17:14:37.934+0000] {logging_mixin.py:190} INFO - [2026-07-29T17:14:37.933+0000] {dag.py:3211} INFO - Sync 1 DAGs
[2026-07-29T17:14:37.942+0000] {logging_mixin.py:190} INFO - [2026-07-29T17:14:37.942+0000] {dag.py:4138} INFO - Setting next_dagrun for example_branch_operator to 2026-07-28 00:00:00+00:00, run_after=2026-07-29 00:00:00+00:00
[2026-07-29T17:14:37.949+0000] {processor.py:208} INFO - Processing /home/airflow/.local/lib/python3.12/site-packages/airflow/example_dags/example_branch_operator.py took 0.041 seconds
[2026-07-29T17:15:07.996+0000] {processor.py:186} INFO - Started process (PID=11042) to work on /home/airflow/.local/lib/python3.12/site-packages/airflow/example_dags/example_branch_operator.py
[2026-07-29T17:15:07.996+0000] {processor.py:914} INFO - Processing file /home/airflow/.local/lib/python3.12/site-packages/airflow/example_dags/example_branch_operator.py for tasks to queue
[2026-07-29T17:15:07.997+0000] {logging_mixin.py:190} INFO - [2026-07-29T17:15:07.997+0000] {dagbag.py:587} INFO - Filling up the DagBag from /home/airflow/.local/lib/python3.12/site-packages/airflow/example_dags/example_branch_operator.py
[2026-07-29T17:15:08.004+0000] {processor.py:925} INFO - DAG(s) 'example_branch_operator' retrieved from /home/airflow/.local/lib/python3.12/site-packages/airflow/example_dags/example_branch_operator.py
[2026-07-29T17:15:08.013+0000] {logging_mixin.py:190} INFO - [2026-07-29T17:15:08.013+0000] {dag.py:3211} INFO - Sync 1 DAGs
[2026-07-29T17:15:08.021+0000] {logging_mixin.py:190} INFO - [2026-07-29T17:15:08.021+0000] {dag.py:4138} INFO - Setting next_dagrun for example_branch_operator to 2026-07-28 00:00:00+00:00, run_after=2026-07-29 00:00:00+00:00
[2026-07-29T17:15:08.027+0000] {processor.py:208} INFO - Processing /home/airflow/.local/lib/python3.12/site-packages/airflow/example_dags/example_branch_operator.py took 0.033 seconds
[2026-07-29T17:15:38.227+0000] {processor.py:186} INFO - Started process (PID=11108) to work on /home/airflow/.local/lib/python3.12/site-packages/airflow/example_dags/example_branch_operator.py
[2026-07-29T17:15:38.227+0000] {processor.py:914} INFO - Processing file /home/airflow/.local/lib/python3.12/site-packages/airflow/example_dags/example_branch_operator.py for tasks to queue
[2026-07-29T17:15:38.228+0000] {logging_mixin.py:190} INFO - [2026-07-29T17:15:38.228+0000] {dagbag.py:587} INFO - Filling up the DagBag from /home/airflow/.local/lib/python3.12/site-packages/airflow/example_dags/example_branch_operator.py
[2026-07-29T17:15:38.235+0000] {processor.py:925} INFO - DAG(s) 'example_branch_operator' retrieved from /home/airflow/.local/lib/python3.12/site-packages/airflow/example_dags/example_branch_operator.py
[2026-07-29T17:15:38.245+0000] {logging_mixin.py:190} INFO - [2026-07-29T17:15:38.245+0000] {dag.py:3211} INFO - Sync 1 DAGs
[2026-07-29T17:15:38.253+0000] {logging_mixin.py:190} INFO - [2026-07-29T17:15:38.253+0000] {dag.py:4138} INFO - Setting next_dagrun for example_branch_operator to 2026-07-28 00:00:00+00:00, run_after=2026-07-29 00:00:00+00:00
[2026-07-29T17:15:38.258+0000] {processor.py:208} INFO - Processing /home/airflow/.local/lib/python3.12/site-packages/airflow/example_dags/example_branch_operator.py took 0.034 seconds
[2026-07-29T17:16:09.309+0000] {processor.py:186} INFO - Started process (PID=11174) to work on /home/airflow/.local/lib/python3.12/site-packages/airflow/example_dags/example_branch_operator.py
[2026-07-29T17:16:09.309+0000] {processor.py:914} INFO - Processing file /home/airflow/.local/lib/python3.12/site-packages/airflow/example_dags/example_branch_operator.py for tasks to queue
[2026-07-29T17:16:09.311+0000] {logging_mixin.py:190} INFO - [2026-07-29T17:16:09.311+0000] {dagbag.py:587} INFO - Filling up the DagBag from /home/airflow/.local/lib/python3.12/site-packages/airflow/example_dags/example_branch_operator.py
[2026-07-29T17:16:09.318+0000] {processor.py:925} INFO - DAG(s) 'example_branch_operator' retrieved from /home/airflow/.local/lib/python3.12/site-packages/airflow/example_dags/example_branch_operator.py
[2026-07-29T17:16:09.330+0000] {logging_mixin.py:190} INFO - [2026-07-29T17:16:09.330+0000] {dag.py:3211} INFO - Sync 1 DAGs
[2026-07-29T17:16:09.339+0000] {logging_mixin.py:190} INFO - [2026-07-29T17:16:09.339+0000] {dag.py:4138} INFO - Setting next_dagrun for example_branch_operator to 2026-07-28 00:00:00+00:00, run_after=2026-07-29 00:00:00+00:00
[2026-07-29T17:16:09.345+0000] {processor.py:208} INFO - Processing /home/airflow/.local/lib/python3.12/site-packages/airflow/example_dags/example_branch_operator.py took 0.039 seconds
[2026-07-29T17:16:39.436+0000] {processor.py:186} INFO - Started process (PID=11240) to work on /home/airflow/.local/lib/python3.12/site-packages/airflow/example_dags/example_branch_operator.py
[2026-07-29T17:16:39.437+0000] {processor.py:914} INFO - Processing file /home/airflow/.local/lib/python3.12/site-packages/airflow/example_dags/example_branch_operator.py for tasks to queue
[2026-07-29T17:16:39.438+0000] {logging_mixin.py:190} INFO - [2026-07-29T17:16:39.438+0000] {dagbag.py:587} INFO - Filling up the DagBag from /home/airflow/.local/lib/python3.12/site-packages/airflow/example_dags/example_branch_operator.py
[2026-07-29T17:16:39.449+0000] {processor.py:925} INFO - DAG(s) 'example_branch_operator' retrieved from /home/airflow/.local/lib/python3.12/site-packages/airflow/example_dags/example_branch_operator.py
[2026-07-29T17:16:39.466+0000] {logging_mixin.py:190} INFO - [2026-07-29T17:16:39.466+0000] {dag.py:3211} INFO - Sync 1 DAGs
[2026-07-29T17:16:39.476+0000] {logging_mixin.py:190} INFO - [2026-07-29T17:16:39.476+0000] {dag.py:4138} INFO - Setting next_dagrun for example_branch_operator to 2026-07-28 00:00:00+00:00, run_after=2026-07-29 00:00:00+00:00
[2026-07-29T17:16:39.484+0000] {processor.py:208} INFO - Processing /home/airflow/.local/lib/python3.12/site-packages/airflow/example_dags/example_branch_operator.py took 0.051 seconds
[2026-07-29T17:17:10.530+0000] {processor.py:186} INFO - Started process (PID=11306) to work on /home/airflow/.local/lib/python3.12/site-packages/airflow/example_dags/example_branch_operator.py
[2026-07-29T17:17:10.531+0000] {processor.py:914} INFO - Processing file /home/airflow/.local/lib/python3.12/site-packages/airflow/example_dags/example_branch_operator.py for tasks to queue
[2026-07-29T17:17:10.532+0000] {logging_mixin.py:190} INFO - [2026-07-29T17:17:10.532+0000] {dagbag.py:587} INFO - Filling up the DagBag from /home/airflow/.local/lib/python3.12/site-packages/airflow/example_dags/example_branch_operator.py
[2026-07-29T17:17:10.540+0000] {processor.py:925} INFO - DAG(s) 'example_branch_operator' retrieved from /home/airflow/.local/lib/python3.12/site-packages/airflow/example_dags/example_branch_operator.py
[2026-07-29T17:17:10.553+0000] {logging_mixin.py:190} INFO - [2026-07-29T17:17:10.553+0000] {dag.py:3211} INFO - Sync 1 DAGs
[2026-07-29T17:17:10.562+0000] {logging_mixin.py:190} INFO - [2026-07-29T17:17:10.562+0000] {dag.py:4138} INFO - Setting next_dagrun for example_branch_operator to 2026-07-28 00:00:00+00:00, run_after=2026-07-29 00:00:00+00:00
[2026-07-29T17:17:10.569+0000] {processor.py:208} INFO - Processing /home/airflow/.local/lib/python3.12/site-packages/airflow/example_dags/example_branch_operator.py took 0.042 seconds
[2026-07-29T17:17:40.659+0000] {processor.py:186} INFO - Started process (PID=11372) to work on /home/airflow/.local/lib/python3.12/site-packages/airflow/example_dags/example_branch_operator.py
[2026-07-29T17:17:40.659+0000] {processor.py:914} INFO - Processing file /home/airflow/.local/lib/python3.12/site-packages/airflow/example_dags/example_branch_operator.py for tasks to queue
[2026-07-29T17:17:40.661+0000] {logging_mixin.py:190} INFO - [2026-07-29T17:17:40.660+0000] {dagbag.py:587} INFO - Filling up the DagBag from /home/airflow/.local/lib/python3.12/site-packages/airflow/example_dags/example_branch_operator.py
[2026-07-29T17:17:40.669+0000] {processor.py:925} INFO - DAG(s) 'example_branch_operator' retrieved from /home/airflow/.local/lib/python3.12/site-packages/airflow/example_dags/example_branch_operator.py
[2026-07-29T17:17:40.680+0000] {logging_mixin.py:190} INFO - [2026-07-29T17:17:40.680+0000] {dag.py:3211} INFO - Sync 1 DAGs
[2026-07-29T17:17:40.690+0000] {logging_mixin.py:190} INFO - [2026-07-29T17:17:40.690+0000] {dag.py:4138} INFO - Setting next_dagrun for example_branch_operator to 2026-07-28 00:00:00+00:00, run_after=2026-07-29 00:00:00+00:00
[2026-07-29T17:17:40.697+0000] {processor.py:208} INFO - Processing /home/airflow/.local/lib/python3.12/site-packages/airflow/example_dags/example_branch_operator.py took 0.041 seconds
[2026-07-29T17:18:10.755+0000] {processor.py:186} INFO - Started process (PID=11438) to work on /home/airflow/.local/lib/python3.12/site-packages/airflow/example_dags/example_branch_operator.py
[2026-07-29T17:18:10.755+0000] {processor.py:914} INFO - Processing file /home/airflow/.local/lib/python3.12/site-packages/airflow/example_dags/example_branch_operator.py for tasks to queue
[2026-07-29T17:18:10.756+0000] {logging_mixin.py:190} INFO - [2026-07-29T17:18:10.756+0000] {dagbag.py:587} INFO - Filling up the DagBag from /home/airflow/.local/lib/python3.12/site-packages/airflow/example_dags/example_branch_operator.py
[2026-07-29T17:18:10.764+0000] {processor.py:925} INFO - DAG(s) 'example_branch_operator' retrieved from /home/airflow/.local/lib/python3.12/site-packages/airflow/example_dags/example_branch_operator.py
[2026-07-29T17:18:10.775+0000] {logging_mixin.py:190} INFO - [2026-07-29T17:18:10.775+0000] {dag.py:3211} INFO - Sync 1 DAGs
[2026-07-29T17:18:10.784+0000] {logging_mixin.py:190} INFO - [2026-07-29T17:18:10.784+0000] {dag.py:4138} INFO - Setting next_dagrun for example_branch_operator to 2026-07-28 00:00:00+00:00, run_after=2026-07-29 00:00:00+00:00
[2026-07-29T17:18:10.790+0000] {processor.py:208} INFO - Processing /home/airflow/.local/lib/python3.12/site-packages/airflow/example_dags/example_branch_operator.py took 0.038 seconds
[2026-07-29T17:18:41.185+0000] {processor.py:186} INFO - Started process (PID=11504) to work on /home/airflow/.local/lib/python3.12/site-packages/airflow/example_dags/example_branch_operator.py
[2026-07-29T17:18:41.185+0000] {processor.py:914} INFO - Processing file /home/airflow/.local/lib/python3.12/site-packages/airflow/example_dags/example_branch_operator.py for tasks to queue
[2026-07-29T17:18:41.187+0000] {logging_mixin.py:190} INFO - [2026-07-29T17:18:41.186+0000] {dagbag.py:587} INFO - Filling up the DagBag from /home/airflow/.local/lib/python3.12/site-packages/airflow/example_dags/example_branch_operator.py
[2026-07-29T17:18:41.195+0000] {processor.py:925} INFO - DAG(s) 'example_branch_operator' retrieved from /home/airflow/.local/lib/python3.12/site-packages/airflow/example_dags/example_branch_operator.py
[2026-07-29T17:18:41.212+0000] {logging_mixin.py:190} INFO - [2026-07-29T17:18:41.212+0000] {dag.py:3211} INFO - Sync 1 DAGs
[2026-07-29T17:18:41.223+0000] {logging_mixin.py:190} INFO - [2026-07-29T17:18:41.223+0000] {dag.py:4138} INFO - Setting next_dagrun for example_branch_operator to 2026-07-28 00:00:00+00:00, run_after=2026-07-29 00:00:00+00:00
[2026-07-29T17:18:41.232+0000] {processor.py:208} INFO - Processing /home/airflow/.local/lib/python3.12/site-packages/airflow/example_dags/example_branch_operator.py took 0.051 seconds
[2026-07-29T17:19:11.984+0000] {processor.py:186} INFO - Started process (PID=11570) to work on /home/airflow/.local/lib/python3.12/site-packages/airflow/example_dags/example_branch_operator.py
[2026-07-29T17:19:11.986+0000] {processor.py:914} INFO - Processing file /home/airflow/.local/lib/python3.12/site-packages/airflow/example_dags/example_branch_operator.py for tasks to queue
[2026-07-29T17:19:11.988+0000] {logging_mixin.py:190} INFO - [2026-07-29T17:19:11.988+0000] {dagbag.py:587} INFO - Filling up the DagBag from /home/airflow/.local/lib/python3.12/site-packages/airflow/example_dags/example_branch_operator.py
[2026-07-29T17:19:12.000+0000] {processor.py:925} INFO - DAG(s) 'example_branch_operator' retrieved from /home/airflow/.local/lib/python3.12/site-packages/airflow/example_dags/example_branch_operator.py
[2026-07-29T17:19:12.015+0000] {logging_mixin.py:190} INFO - [2026-07-29T17:19:12.015+0000] {dag.py:3211} INFO - Sync 1 DAGs
[2026-07-29T17:19:12.025+0000] {logging_mixin.py:190} INFO - [2026-07-29T17:19:12.025+0000] {dag.py:4138} INFO - Setting next_dagrun for example_branch_operator to 2026-07-28 00:00:00+00:00, run_after=2026-07-29 00:00:00+00:00
[2026-07-29T17:19:12.031+0000] {processor.py:208} INFO - Processing /home/airflow/.local/lib/python3.12/site-packages/airflow/example_dags/example_branch_operator.py took 0.050 seconds
[2026-07-29T17:19:42.121+0000] {processor.py:186} INFO - Started process (PID=11636) to work on /home/airflow/.local/lib/python3.12/site-packages/airflow/example_dags/example_branch_operator.py
[2026-07-29T17:19:42.122+0000] {processor.py:914} INFO - Processing file /home/airflow/.local/lib/python3.12/site-packages/airflow/example_dags/example_branch_operator.py for tasks to queue
[2026-07-29T17:19:42.123+0000] {logging_mixin.py:190} INFO - [2026-07-29T17:19:42.123+0000] {dagbag.py:587} INFO - Filling up the DagBag from /home/airflow/.local/lib/python3.12/site-packages/airflow/example_dags/example_branch_operator.py
[2026-07-29T17:19:42.131+0000] {processor.py:925} INFO - DAG(s) 'example_branch_operator' retrieved from /home/airflow/.local/lib/python3.12/site-packages/airflow/example_dags/example_branch_operator.py
[2026-07-29T17:19:42.144+0000] {logging_mixin.py:190} INFO - [2026-07-29T17:19:42.144+0000] {dag.py:3211} INFO - Sync 1 DAGs
[2026-07-29T17:19:42.153+0000] {logging_mixin.py:190} INFO - [2026-07-29T17:19:42.153+0000] {dag.py:4138} INFO - Setting next_dagrun for example_branch_operator to 2026-07-28 00:00:00+00:00, run_after=2026-07-29 00:00:00+00:00
[2026-07-29T17:19:42.162+0000] {processor.py:208} INFO - Processing /home/airflow/.local/lib/python3.12/site-packages/airflow/example_dags/example_branch_operator.py took 0.043 seconds
[2026-07-29T17:20:13.047+0000] {processor.py:186} INFO - Started process (PID=11702) to work on /home/airflow/.local/lib/python3.12/site-packages/airflow/example_dags/example_branch_operator.py
[2026-07-29T17:20:13.047+0000] {processor.py:914} INFO - Processing file /home/airflow/.local/lib/python3.12/site-packages/airflow/example_dags/example_branch_operator.py for tasks to queue
[2026-07-29T17:20:13.048+0000] {logging_mixin.py:190} INFO - [2026-07-29T17:20:13.048+0000] {dagbag.py:587} INFO - Filling up the DagBag from /home/airflow/.local/lib/python3.12/site-packages/airflow/example_dags/example_branch_operator.py
[2026-07-29T17:20:13.056+0000] {processor.py:925} INFO - DAG(s) 'example_branch_operator' retrieved from /home/airflow/.local/lib/python3.12/site-packages/airflow/example_dags/example_branch_operator.py
[2026-07-29T17:20:13.070+0000] {logging_mixin.py:190} INFO - [2026-07-29T17:20:13.070+0000] {dag.py:3211} INFO - Sync 1 DAGs
[2026-07-29T17:20:13.078+0000] {logging_mixin.py:190} INFO - [2026-07-29T17:20:13.077+0000] {dag.py:4138} INFO - Setting next_dagrun for example_branch_operator to 2026-07-28 00:00:00+00:00, run_after=2026-07-29 00:00:00+00:00
[2026-07-29T17:20:13.084+0000] {processor.py:208} INFO - Processing /home/airflow/.local/lib/python3.12/site-packages/airflow/example_dags/example_branch_operator.py took 0.040 seconds
[2026-07-29T17:20:43.933+0000] {processor.py:186} INFO - Started process (PID=11758) to work on /home/airflow/.local/lib/python3.12/site-packages/airflow/example_dags/example_branch_operator.py
[2026-07-29T17:20:43.934+0000] {processor.py:914} INFO - Processing file /home/airflow/.local/lib/python3.12/site-packages/airflow/example_dags/example_branch_operator.py for tasks to queue
[2026-07-29T17:20:43.936+0000] {logging_mixin.py:190} INFO - [2026-07-29T17:20:43.936+0000] {dagbag.py:587} INFO - Filling up the DagBag from /home/airflow/.local/lib/python3.12/site-packages/airflow/example_dags/example_branch_operator.py
[2026-07-29T17:20:43.948+0000] {processor.py:925} INFO - DAG(s) 'example_branch_operator' retrieved from /home/airflow/.local/lib/python3.12/site-packages/airflow/example_dags/example_branch_operator.py
[2026-07-29T17:20:43.962+0000] {logging_mixin.py:190} INFO - [2026-07-29T17:20:43.962+0000] {dag.py:3211} INFO - Sync 1 DAGs
[2026-07-29T17:20:43.976+0000] {logging_mixin.py:190} INFO - [2026-07-29T17:20:43.976+0000] {dag.py:4138} INFO - Setting next_dagrun for example_branch_operator to 2026-07-28 00:00:00+00:00, run_after=2026-07-29 00:00:00+00:00
[2026-07-29T17:20:43.984+0000] {processor.py:208} INFO - Processing /home/airflow/.local/lib/python3.12/site-packages/airflow/example_dags/example_branch_operator.py took 0.055 seconds
[2026-07-29T17:21:14.287+0000] {processor.py:186} INFO - Started process (PID=11824) to work on /home/airflow/.local/lib/python3.12/site-packages/airflow/example_dags/example_branch_operator.py
[2026-07-29T17:21:14.288+0000] {processor.py:914} INFO - Processing file /home/airflow/.local/lib/python3.12/site-packages/airflow/example_dags/example_branch_operator.py for tasks to queue
[2026-07-29T17:21:14.291+0000] {logging_mixin.py:190} INFO - [2026-07-29T17:21:14.290+0000] {dagbag.py:587} INFO - Filling up the DagBag from /home/airflow/.local/lib/python3.12/site-packages/airflow/example_dags/example_branch_operator.py
[2026-07-29T17:21:14.304+0000] {processor.py:925} INFO - DAG(s) 'example_branch_operator' retrieved from /home/airflow/.local/lib/python3.12/site-packages/airflow/example_dags/example_branch_operator.py
[2026-07-29T17:21:14.323+0000] {logging_mixin.py:190} INFO - [2026-07-29T17:21:14.323+0000] {dag.py:3211} INFO - Sync 1 DAGs
[2026-07-29T17:21:14.339+0000] {logging_mixin.py:190} INFO - [2026-07-29T17:21:14.339+0000] {dag.py:4138} INFO - Setting next_dagrun for example_branch_operator to 2026-07-28 00:00:00+00:00, run_after=2026-07-29 00:00:00+00:00
[2026-07-29T17:21:14.349+0000] {processor.py:208} INFO - Processing /home/airflow/.local/lib/python3.12/site-packages/airflow/example_dags/example_branch_operator.py took 0.066 seconds
[2026-07-29T17:21:44.501+0000] {processor.py:186} INFO - Started process (PID=11890) to work on /home/airflow/.local/lib/python3.12/site-packages/airflow/example_dags/example_branch_operator.py
[2026-07-29T17:21:44.502+0000] {processor.py:914} INFO - Processing file /home/airflow/.local/lib/python3.12/site-packages/airflow/example_dags/example_branch_operator.py for tasks to queue
[2026-07-29T17:21:44.504+0000] {logging_mixin.py:190} INFO - [2026-07-29T17:21:44.504+0000] {dagbag.py:587} INFO - Filling up the DagBag from /home/airflow/.local/lib/python3.12/site-packages/airflow/example_dags/example_branch_operator.py
[2026-07-29T17:21:44.513+0000] {processor.py:925} INFO - DAG(s) 'example_branch_operator' retrieved from /home/airflow/.local/lib/python3.12/site-packages/airflow/example_dags/example_branch_operator.py
[2026-07-29T17:21:44.524+0000] {logging_mixin.py:190} INFO - [2026-07-29T17:21:44.524+0000] {dag.py:3211} INFO - Sync 1 DAGs
[2026-07-29T17:21:44.535+0000] {logging_mixin.py:190} INFO - [2026-07-29T17:21:44.535+0000] {dag.py:4138} INFO - Setting next_dagrun for example_branch_operator to 2026-07-28 00:00:00+00:00, run_after=2026-07-29 00:00:00+00:00
[2026-07-29T17:21:44.548+0000] {processor.py:208} INFO - Processing /home/airflow/.local/lib/python3.12/site-packages/airflow/example_dags/example_branch_operator.py took 0.050 seconds
[2026-07-29T17:22:15.704+0000] {processor.py:186} INFO - Started process (PID=11956) to work on /home/airflow/.local/lib/python3.12/site-packages/airflow/example_dags/example_branch_operator.py
[2026-07-29T17:22:15.705+0000] {processor.py:914} INFO - Processing file /home/airflow/.local/lib/python3.12/site-packages/airflow/example_dags/example_branch_operator.py for tasks to queue
[2026-07-29T17:22:15.706+0000] {logging_mixin.py:190} INFO - [2026-07-29T17:22:15.706+0000] {dagbag.py:587} INFO - Filling up the DagBag from /home/airflow/.local/lib/python3.12/site-packages/airflow/example_dags/example_branch_operator.py
[2026-07-29T17:22:15.716+0000] {processor.py:925} INFO - DAG(s) 'example_branch_operator' retrieved from /home/airflow/.local/lib/python3.12/site-packages/airflow/example_dags/example_branch_operator.py
[2026-07-29T17:22:15.731+0000] {logging_mixin.py:190} INFO - [2026-07-29T17:22:15.731+0000] {dag.py:3211} INFO - Sync 1 DAGs
[2026-07-29T17:22:15.741+0000] {logging_mixin.py:190} INFO - [2026-07-29T17:22:15.741+0000] {dag.py:4138} INFO - Setting next_dagrun for example_branch_operator to 2026-07-28 00:00:00+00:00, run_after=2026-07-29 00:00:00+00:00
[2026-07-29T17:22:15.748+0000] {processor.py:208} INFO - Processing /home/airflow/.local/lib/python3.12/site-packages/airflow/example_dags/example_branch_operator.py took 0.047 seconds
[2026-07-29T17:22:45.758+0000] {processor.py:186} INFO - Started process (PID=12022) to work on /home/airflow/.local/lib/python3.12/site-packages/airflow/example_dags/example_branch_operator.py
[2026-07-29T17:22:45.759+0000] {processor.py:914} INFO - Processing file /home/airflow/.local/lib/python3.12/site-packages/airflow/example_dags/example_branch_operator.py for tasks to queue
[2026-07-29T17:22:45.760+0000] {logging_mixin.py:190} INFO - [2026-07-29T17:22:45.759+0000] {dagbag.py:587} INFO - Filling up the DagBag from /home/airflow/.local/lib/python3.12/site-packages/airflow/example_dags/example_branch_operator.py
[2026-07-29T17:22:45.767+0000] {processor.py:925} INFO - DAG(s) 'example_branch_operator' retrieved from /home/airflow/.local/lib/python3.12/site-packages/airflow/example_dags/example_branch_operator.py
[2026-07-29T17:22:45.777+0000] {logging_mixin.py:190} INFO - [2026-07-29T17:22:45.776+0000] {dag.py:3211} INFO - Sync 1 DAGs
[2026-07-29T17:22:45.784+0000] {logging_mixin.py:190} INFO - [2026-07-29T17:22:45.784+0000] {dag.py:4138} INFO - Setting next_dagrun for example_branch_operator to 2026-07-28 00:00:00+00:00, run_after=2026-07-29 00:00:00+00:00
[2026-07-29T17:22:45.790+0000] {processor.py:208} INFO - Processing /home/airflow/.local/lib/python3.12/site-packages/airflow/example_dags/example_branch_operator.py took 0.034 seconds
[2026-07-29T17:23:16.740+0000] {processor.py:186} INFO - Started process (PID=12088) to work on /home/airflow/.local/lib/python3.12/site-packages/airflow/example_dags/example_branch_operator.py
[2026-07-29T17:23:16.741+0000] {processor.py:914} INFO - Processing file /home/airflow/.local/lib/python3.12/site-packages/airflow/example_dags/example_branch_operator.py for tasks to queue
[2026-07-29T17:23:16.742+0000] {logging_mixin.py:190} INFO - [2026-07-29T17:23:16.742+0000] {dagbag.py:587} INFO - Filling up the DagBag from /home/airflow/.local/lib/python3.12/site-packages/airflow/example_dags/example_branch_operator.py
[2026-07-29T17:23:16.751+0000] {processor.py:925} INFO - DAG(s) 'example_branch_operator' retrieved from /home/airflow/.local/lib/python3.12/site-packages/airflow/example_dags/example_branch_operator.py
[2026-07-29T17:23:16.762+0000] {logging_mixin.py:190} INFO - [2026-07-29T17:23:16.762+0000] {dag.py:3211} INFO - Sync 1 DAGs
[2026-07-29T17:23:16.772+0000] {logging_mixin.py:190} INFO - [2026-07-29T17:23:16.772+0000] {dag.py:4138} INFO - Setting next_dagrun for example_branch_operator to 2026-07-28 00:00:00+00:00, run_after=2026-07-29 00:00:00+00:00
[2026-07-29T17:23:16.781+0000] {processor.py:208} INFO - Processing /home/airflow/.local/lib/python3.12/site-packages/airflow/example_dags/example_branch_operator.py took 0.044 seconds
[2026-07-29T17:23:47.685+0000] {processor.py:186} INFO - Started process (PID=12154) to work on /home/airflow/.local/lib/python3.12/site-packages/airflow/example_dags/example_branch_operator.py
[2026-07-29T17:23:47.687+0000] {processor.py:914} INFO - Processing file /home/airflow/.local/lib/python3.12/site-packages/airflow/example_dags/example_branch_operator.py for tasks to queue
[2026-07-29T17:23:47.688+0000] {logging_mixin.py:190} INFO - [2026-07-29T17:23:47.688+0000] {dagbag.py:587} INFO - Filling up the DagBag from /home/airflow/.local/lib/python3.12/site-packages/airflow/example_dags/example_branch_operator.py
[2026-07-29T17:23:47.698+0000] {processor.py:925} INFO - DAG(s) 'example_branch_operator' retrieved from /home/airflow/.local/lib/python3.12/site-packages/airflow/example_dags/example_branch_operator.py
[2026-07-29T17:23:47.711+0000] {logging_mixin.py:190} INFO - [2026-07-29T17:23:47.711+0000] {dag.py:3211} INFO - Sync 1 DAGs
[2026-07-29T17:23:47.721+0000] {logging_mixin.py:190} INFO - [2026-07-29T17:23:47.720+0000] {dag.py:4138} INFO - Setting next_dagrun for example_branch_operator to 2026-07-28 00:00:00+00:00, run_after=2026-07-29 00:00:00+00:00
[2026-07-29T17:23:47.725+0000] {processor.py:208} INFO - Processing /home/airflow/.local/lib/python3.12/site-packages/airflow/example_dags/example_branch_operator.py took 0.043 seconds
[2026-07-29T17:24:17.900+0000] {processor.py:186} INFO - Started process (PID=12220) to work on /home/airflow/.local/lib/python3.12/site-packages/airflow/example_dags/example_branch_operator.py
[2026-07-29T17:24:17.901+0000] {processor.py:914} INFO - Processing file /home/airflow/.local/lib/python3.12/site-packages/airflow/example_dags/example_branch_operator.py for tasks to queue
[2026-07-29T17:24:17.902+0000] {logging_mixin.py:190} INFO - [2026-07-29T17:24:17.902+0000] {dagbag.py:587} INFO - Filling up the DagBag from /home/airflow/.local/lib/python3.12/site-packages/airflow/example_dags/example_branch_operator.py
[2026-07-29T17:24:17.909+0000] {processor.py:925} INFO - DAG(s) 'example_branch_operator' retrieved from /home/airflow/.local/lib/python3.12/site-packages/airflow/example_dags/example_branch_operator.py
[2026-07-29T17:24:17.920+0000] {logging_mixin.py:190} INFO - [2026-07-29T17:24:17.920+0000] {dag.py:3211} INFO - Sync 1 DAGs
[2026-07-29T17:24:17.927+0000] {logging_mixin.py:190} INFO - [2026-07-29T17:24:17.927+0000] {dag.py:4138} INFO - Setting next_dagrun for example_branch_operator to 2026-07-28 00:00:00+00:00, run_after=2026-07-29 00:00:00+00:00
[2026-07-29T17:24:17.933+0000] {processor.py:208} INFO - Processing /home/airflow/.local/lib/python3.12/site-packages/airflow/example_dags/example_branch_operator.py took 0.035 seconds
[2026-07-29T17:24:48.908+0000] {processor.py:186} INFO - Started process (PID=12286) to work on /home/airflow/.local/lib/python3.12/site-packages/airflow/example_dags/example_branch_operator.py
[2026-07-29T17:24:48.908+0000] {processor.py:914} INFO - Processing file /home/airflow/.local/lib/python3.12/site-packages/airflow/example_dags/example_branch_operator.py for tasks to queue
[2026-07-29T17:24:48.911+0000] {logging_mixin.py:190} INFO - [2026-07-29T17:24:48.911+0000] {dagbag.py:587} INFO - Filling up the DagBag from /home/airflow/.local/lib/python3.12/site-packages/airflow/example_dags/example_branch_operator.py
[2026-07-29T17:24:48.918+0000] {processor.py:925} INFO - DAG(s) 'example_branch_operator' retrieved from /home/airflow/.local/lib/python3.12/site-packages/airflow/example_dags/example_branch_operator.py
[2026-07-29T17:24:48.934+0000] {logging_mixin.py:190} INFO - [2026-07-29T17:24:48.933+0000] {dag.py:3211} INFO - Sync 1 DAGs
[2026-07-29T17:24:48.944+0000] {logging_mixin.py:190} INFO - [2026-07-29T17:24:48.944+0000] {dag.py:4138} INFO - Setting next_dagrun for example_branch_operator to 2026-07-28 00:00:00+00:00, run_after=2026-07-29 00:00:00+00:00
[2026-07-29T17:24:48.950+0000] {processor.py:208} INFO - Processing /home/airflow/.local/lib/python3.12/site-packages/airflow/example_dags/example_branch_operator.py took 0.045 seconds
[2026-07-29T17:25:19.912+0000] {processor.py:186} INFO - Started process (PID=12352) to work on /home/airflow/.local/lib/python3.12/site-packages/airflow/example_dags/example_branch_operator.py
[2026-07-29T17:25:19.912+0000] {processor.py:914} INFO - Processing file /home/airflow/.local/lib/python3.12/site-packages/airflow/example_dags/example_branch_operator.py for tasks to queue
[2026-07-29T17:25:19.913+0000] {logging_mixin.py:190} INFO - [2026-07-29T17:25:19.913+0000] {dagbag.py:587} INFO - Filling up the DagBag from /home/airflow/.local/lib/python3.12/site-packages/airflow/example_dags/example_branch_operator.py
[2026-07-29T17:25:19.920+0000] {processor.py:925} INFO - DAG(s) 'example_branch_operator' retrieved from /home/airflow/.local/lib/python3.12/site-packages/airflow/example_dags/example_branch_operator.py
[2026-07-29T17:25:19.930+0000] {logging_mixin.py:190} INFO - [2026-07-29T17:25:19.930+0000] {dag.py:3211} INFO - Sync 1 DAGs
[2026-07-29T17:25:19.938+0000] {logging_mixin.py:190} INFO - [2026-07-29T17:25:19.938+0000] {dag.py:4138} INFO - Setting next_dagrun for example_branch_operator to 2026-07-28 00:00:00+00:00, run_after=2026-07-29 00:00:00+00:00
[2026-07-29T17:25:19.944+0000] {processor.py:208} INFO - Processing /home/airflow/.local/lib/python3.12/site-packages/airflow/example_dags/example_branch_operator.py took 0.035 seconds
[2026-07-29T17:25:50.944+0000] {processor.py:186} INFO - Started process (PID=12418) to work on /home/airflow/.local/lib/python3.12/site-packages/airflow/example_dags/example_branch_operator.py
[2026-07-29T17:25:50.944+0000] {processor.py:914} INFO - Processing file /home/airflow/.local/lib/python3.12/site-packages/airflow/example_dags/example_branch_operator.py for tasks to queue
[2026-07-29T17:25:50.947+0000] {logging_mixin.py:190} INFO - [2026-07-29T17:25:50.947+0000] {dagbag.py:587} INFO - Filling up the DagBag from /home/airflow/.local/lib/python3.12/site-packages/airflow/example_dags/example_branch_operator.py
[2026-07-29T17:25:50.956+0000] {processor.py:925} INFO - DAG(s) 'example_branch_operator' retrieved from /home/airflow/.local/lib/python3.12/site-packages/airflow/example_dags/example_branch_operator.py
[2026-07-29T17:25:50.968+0000] {logging_mixin.py:190} INFO - [2026-07-29T17:25:50.968+0000] {dag.py:3211} INFO - Sync 1 DAGs
[2026-07-29T17:25:50.979+0000] {logging_mixin.py:190} INFO - [2026-07-29T17:25:50.979+0000] {dag.py:4138} INFO - Setting next_dagrun for example_branch_operator to 2026-07-28 00:00:00+00:00, run_after=2026-07-29 00:00:00+00:00
[2026-07-29T17:25:50.985+0000] {processor.py:208} INFO - Processing /home/airflow/.local/lib/python3.12/site-packages/airflow/example_dags/example_branch_operator.py took 0.044 seconds
[2026-07-29T17:26:21.985+0000] {processor.py:186} INFO - Started process (PID=12484) to work on /home/airflow/.local/lib/python3.12/site-packages/airflow/example_dags/example_branch_operator.py
[2026-07-29T17:26:21.986+0000] {processor.py:914} INFO - Processing file /home/airflow/.local/lib/python3.12/site-packages/airflow/example_dags/example_branch_operator.py for tasks to queue
[2026-07-29T17:26:21.987+0000] {logging_mixin.py:190} INFO - [2026-07-29T17:26:21.987+0000] {dagbag.py:587} INFO - Filling up the DagBag from /home/airflow/.local/lib/python3.12/site-packages/airflow/example_dags/example_branch_operator.py
[2026-07-29T17:26:21.995+0000] {processor.py:925} INFO - DAG(s) 'example_branch_operator' retrieved from /home/airflow/.local/lib/python3.12/site-packages/airflow/example_dags/example_branch_operator.py
[2026-07-29T17:26:22.009+0000] {logging_mixin.py:190} INFO - [2026-07-29T17:26:22.009+0000] {dag.py:3211} INFO - Sync 1 DAGs
[2026-07-29T17:26:22.019+0000] {logging_mixin.py:190} INFO - [2026-07-29T17:26:22.019+0000] {dag.py:4138} INFO - Setting next_dagrun for example_branch_operator to 2026-07-28 00:00:00+00:00, run_after=2026-07-29 00:00:00+00:00
[2026-07-29T17:26:22.029+0000] {processor.py:208} INFO - Processing /home/airflow/.local/lib/python3.12/site-packages/airflow/example_dags/example_branch_operator.py took 0.046 seconds
[2026-07-29T17:26:53.011+0000] {processor.py:186} INFO - Started process (PID=12550) to work on /home/airflow/.local/lib/python3.12/site-packages/airflow/example_dags/example_branch_operator.py
[2026-07-29T17:26:53.012+0000] {processor.py:914} INFO - Processing file /home/airflow/.local/lib/python3.12/site-packages/airflow/example_dags/example_branch_operator.py for tasks to queue
[2026-07-29T17:26:53.013+0000] {logging_mixin.py:190} INFO - [2026-07-29T17:26:53.013+0000] {dagbag.py:587} INFO - Filling up the DagBag from /home/airflow/.local/lib/python3.12/site-packages/airflow/example_dags/example_branch_operator.py
[2026-07-29T17:26:53.021+0000] {processor.py:925} INFO - DAG(s) 'example_branch_operator' retrieved from /home/airflow/.local/lib/python3.12/site-packages/airflow/example_dags/example_branch_operator.py
[2026-07-29T17:26:53.037+0000] {logging_mixin.py:190} INFO - [2026-07-29T17:26:53.037+0000] {dag.py:3211} INFO - Sync 1 DAGs
[2026-07-29T17:26:53.047+0000] {logging_mixin.py:190} INFO - [2026-07-29T17:26:53.047+0000] {dag.py:4138} INFO - Setting next_dagrun for example_branch_operator to 2026-07-28 00:00:00+00:00, run_after=2026-07-29 00:00:00+00:00
[2026-07-29T17:26:53.057+0000] {processor.py:208} INFO - Processing /home/airflow/.local/lib/python3.12/site-packages/airflow/example_dags/example_branch_operator.py took 0.049 seconds
[2026-07-29T17:27:24.089+0000] {processor.py:186} INFO - Started process (PID=12616) to work on /home/airflow/.local/lib/python3.12/site-packages/airflow/example_dags/example_branch_operator.py
[2026-07-29T17:27:24.090+0000] {processor.py:914} INFO - Processing file /home/airflow/.local/lib/python3.12/site-packages/airflow/example_dags/example_branch_operator.py for tasks to queue
[2026-07-29T17:27:24.091+0000] {logging_mixin.py:190} INFO - [2026-07-29T17:27:24.091+0000] {dagbag.py:587} INFO - Filling up the DagBag from /home/airflow/.local/lib/python3.12/site-packages/airflow/example_dags/example_branch_operator.py
[2026-07-29T17:27:24.099+0000] {processor.py:925} INFO - DAG(s) 'example_branch_operator' retrieved from /home/airflow/.local/lib/python3.12/site-packages/airflow/example_dags/example_branch_operator.py
[2026-07-29T17:27:24.110+0000] {logging_mixin.py:190} INFO - [2026-07-29T17:27:24.110+0000] {dag.py:3211} INFO - Sync 1 DAGs
[2026-07-29T17:27:24.124+0000] {logging_mixin.py:190} INFO - [2026-07-29T17:27:24.124+0000] {dag.py:4138} INFO - Setting next_dagrun for example_branch_operator to 2026-07-28 00:00:00+00:00, run_after=2026-07-29 00:00:00+00:00
[2026-07-29T17:27:24.137+0000] {processor.py:208} INFO - Processing /home/airflow/.local/lib/python3.12/site-packages/airflow/example_dags/example_branch_operator.py took 0.051 seconds
[2026-07-29T17:27:54.150+0000] {processor.py:186} INFO - Started process (PID=12682) to work on /home/airflow/.local/lib/python3.12/site-packages/airflow/example_dags/example_branch_operator.py
[2026-07-29T17:27:54.151+0000] {processor.py:914} INFO - Processing file /home/airflow/.local/lib/python3.12/site-packages/airflow/example_dags/example_branch_operator.py for tasks to queue
[2026-07-29T17:27:54.153+0000] {logging_mixin.py:190} INFO - [2026-07-29T17:27:54.153+0000] {dagbag.py:587} INFO - Filling up the DagBag from /home/airflow/.local/lib/python3.12/site-packages/airflow/example_dags/example_branch_operator.py
[2026-07-29T17:27:54.160+0000] {processor.py:925} INFO - DAG(s) 'example_branch_operator' retrieved from /home/airflow/.local/lib/python3.12/site-packages/airflow/example_dags/example_branch_operator.py
[2026-07-29T17:27:54.172+0000] {logging_mixin.py:190} INFO - [2026-07-29T17:27:54.172+0000] {dag.py:3211} INFO - Sync 1 DAGs
[2026-07-29T17:27:54.181+0000] {logging_mixin.py:190} INFO - [2026-07-29T17:27:54.181+0000] {dag.py:4138} INFO - Setting next_dagrun for example_branch_operator to 2026-07-28 00:00:00+00:00, run_after=2026-07-29 00:00:00+00:00
[2026-07-29T17:27:54.191+0000] {processor.py:208} INFO - Processing /home/airflow/.local/lib/python3.12/site-packages/airflow/example_dags/example_branch_operator.py took 0.044 seconds
[2026-07-29T17:28:25.172+0000] {processor.py:186} INFO - Started process (PID=12754) to work on /home/airflow/.local/lib/python3.12/site-packages/airflow/example_dags/example_branch_operator.py
[2026-07-29T17:28:25.173+0000] {processor.py:914} INFO - Processing file /home/airflow/.local/lib/python3.12/site-packages/airflow/example_dags/example_branch_operator.py for tasks to queue
[2026-07-29T17:28:25.175+0000] {logging_mixin.py:190} INFO - [2026-07-29T17:28:25.174+0000] {dagbag.py:587} INFO - Filling up the DagBag from /home/airflow/.local/lib/python3.12/site-packages/airflow/example_dags/example_branch_operator.py
[2026-07-29T17:28:25.182+0000] {processor.py:925} INFO - DAG(s) 'example_branch_operator' retrieved from /home/airflow/.local/lib/python3.12/site-packages/airflow/example_dags/example_branch_operator.py
[2026-07-29T17:28:25.195+0000] {logging_mixin.py:190} INFO - [2026-07-29T17:28:25.195+0000] {dag.py:3211} INFO - Sync 1 DAGs
[2026-07-29T17:28:25.205+0000] {logging_mixin.py:190} INFO - [2026-07-29T17:28:25.205+0000] {dag.py:4138} INFO - Setting next_dagrun for example_branch_operator to 2026-07-28 00:00:00+00:00, run_after=2026-07-29 00:00:00+00:00
[2026-07-29T17:28:25.219+0000] {processor.py:208} INFO - Processing /home/airflow/.local/lib/python3.12/site-packages/airflow/example_dags/example_branch_operator.py took 0.049 seconds
[2026-07-29T17:28:56.159+0000] {processor.py:186} INFO - Started process (PID=12820) to work on /home/airflow/.local/lib/python3.12/site-packages/airflow/example_dags/example_branch_operator.py
[2026-07-29T17:28:56.160+0000] {processor.py:914} INFO - Processing file /home/airflow/.local/lib/python3.12/site-packages/airflow/example_dags/example_branch_operator.py for tasks to queue
[2026-07-29T17:28:56.162+0000] {logging_mixin.py:190} INFO - [2026-07-29T17:28:56.161+0000] {dagbag.py:587} INFO - Filling up the DagBag from /home/airflow/.local/lib/python3.12/site-packages/airflow/example_dags/example_branch_operator.py
[2026-07-29T17:28:56.170+0000] {processor.py:925} INFO - DAG(s) 'example_branch_operator' retrieved from /home/airflow/.local/lib/python3.12/site-packages/airflow/example_dags/example_branch_operator.py
[2026-07-29T17:28:56.181+0000] {logging_mixin.py:190} INFO - [2026-07-29T17:28:56.181+0000] {dag.py:3211} INFO - Sync 1 DAGs
[2026-07-29T17:28:56.191+0000] {logging_mixin.py:190} INFO - [2026-07-29T17:28:56.191+0000] {dag.py:4138} INFO - Setting next_dagrun for example_branch_operator to 2026-07-28 00:00:00+00:00, run_after=2026-07-29 00:00:00+00:00
[2026-07-29T17:28:56.200+0000] {processor.py:208} INFO - Processing /home/airflow/.local/lib/python3.12/site-packages/airflow/example_dags/example_branch_operator.py took 0.044 seconds
[2026-07-29T17:29:26.332+0000] {processor.py:186} INFO - Started process (PID=12886) to work on /home/airflow/.local/lib/python3.12/site-packages/airflow/example_dags/example_branch_operator.py
[2026-07-29T17:29:26.332+0000] {processor.py:914} INFO - Processing file /home/airflow/.local/lib/python3.12/site-packages/airflow/example_dags/example_branch_operator.py for tasks to queue
[2026-07-29T17:29:26.333+0000] {logging_mixin.py:190} INFO - [2026-07-29T17:29:26.333+0000] {dagbag.py:587} INFO - Filling up the DagBag from /home/airflow/.local/lib/python3.12/site-packages/airflow/example_dags/example_branch_operator.py
[2026-07-29T17:29:26.341+0000] {processor.py:925} INFO - DAG(s) 'example_branch_operator' retrieved from /home/airflow/.local/lib/python3.12/site-packages/airflow/example_dags/example_branch_operator.py
[2026-07-29T17:29:26.359+0000] {logging_mixin.py:190} INFO - [2026-07-29T17:29:26.359+0000] {dag.py:3211} INFO - Sync 1 DAGs
[2026-07-29T17:29:26.368+0000] {logging_mixin.py:190} INFO - [2026-07-29T17:29:26.368+0000] {dag.py:4138} INFO - Setting next_dagrun for example_branch_operator to 2026-07-28 00:00:00+00:00, run_after=2026-07-29 00:00:00+00:00
[2026-07-29T17:29:26.377+0000] {processor.py:208} INFO - Processing /home/airflow/.local/lib/python3.12/site-packages/airflow/example_dags/example_branch_operator.py took 0.048 seconds
[2026-07-29T17:29:56.624+0000] {processor.py:186} INFO - Started process (PID=12952) to work on /home/airflow/.local/lib/python3.12/site-packages/airflow/example_dags/example_branch_operator.py
[2026-07-29T17:29:56.625+0000] {processor.py:914} INFO - Processing file /home/airflow/.local/lib/python3.12/site-packages/airflow/example_dags/example_branch_operator.py for tasks to queue
[2026-07-29T17:29:56.626+0000] {logging_mixin.py:190} INFO - [2026-07-29T17:29:56.625+0000] {dagbag.py:587} INFO - Filling up the DagBag from /home/airflow/.local/lib/python3.12/site-packages/airflow/example_dags/example_branch_operator.py
[2026-07-29T17:29:56.636+0000] {processor.py:925} INFO - DAG(s) 'example_branch_operator' retrieved from /home/airflow/.local/lib/python3.12/site-packages/airflow/example_dags/example_branch_operator.py
[2026-07-29T17:29:56.649+0000] {logging_mixin.py:190} INFO - [2026-07-29T17:29:56.649+0000] {dag.py:3211} INFO - Sync 1 DAGs
[2026-07-29T17:29:56.662+0000] {logging_mixin.py:190} INFO - [2026-07-29T17:29:56.662+0000] {dag.py:4138} INFO - Setting next_dagrun for example_branch_operator to 2026-07-28 00:00:00+00:00, run_after=2026-07-29 00:00:00+00:00
[2026-07-29T17:29:56.670+0000] {processor.py:208} INFO - Processing /home/airflow/.local/lib/python3.12/site-packages/airflow/example_dags/example_branch_operator.py took 0.049 seconds
[2026-07-29T17:30:26.787+0000] {processor.py:186} INFO - Started process (PID=13018) to work on /home/airflow/.local/lib/python3.12/site-packages/airflow/example_dags/example_branch_operator.py
[2026-07-29T17:30:26.788+0000] {processor.py:914} INFO - Processing file /home/airflow/.local/lib/python3.12/site-packages/airflow/example_dags/example_branch_operator.py for tasks to queue
[2026-07-29T17:30:26.789+0000] {logging_mixin.py:190} INFO - [2026-07-29T17:30:26.789+0000] {dagbag.py:587} INFO - Filling up the DagBag from /home/airflow/.local/lib/python3.12/site-packages/airflow/example_dags/example_branch_operator.py
[2026-07-29T17:30:26.797+0000] {processor.py:925} INFO - DAG(s) 'example_branch_operator' retrieved from /home/airflow/.local/lib/python3.12/site-packages/airflow/example_dags/example_branch_operator.py
[2026-07-29T17:30:26.809+0000] {logging_mixin.py:190} INFO - [2026-07-29T17:30:26.809+0000] {dag.py:3211} INFO - Sync 1 DAGs
[2026-07-29T17:30:26.822+0000] {logging_mixin.py:190} INFO - [2026-07-29T17:30:26.822+0000] {dag.py:4138} INFO - Setting next_dagrun for example_branch_operator to 2026-07-28 00:00:00+00:00, run_after=2026-07-29 00:00:00+00:00
[2026-07-29T17:30:26.832+0000] {processor.py:208} INFO - Processing /home/airflow/.local/lib/python3.12/site-packages/airflow/example_dags/example_branch_operator.py took 0.048 seconds
[2026-07-29T17:30:57.175+0000] {processor.py:186} INFO - Started process (PID=13084) to work on /home/airflow/.local/lib/python3.12/site-packages/airflow/example_dags/example_branch_operator.py
[2026-07-29T17:30:57.175+0000] {processor.py:914} INFO - Processing file /home/airflow/.local/lib/python3.12/site-packages/airflow/example_dags/example_branch_operator.py for tasks to queue
[2026-07-29T17:30:57.176+0000] {logging_mixin.py:190} INFO - [2026-07-29T17:30:57.176+0000] {dagbag.py:587} INFO - Filling up the DagBag from /home/airflow/.local/lib/python3.12/site-packages/airflow/example_dags/example_branch_operator.py
[2026-07-29T17:30:57.186+0000] {processor.py:925} INFO - DAG(s) 'example_branch_operator' retrieved from /home/airflow/.local/lib/python3.12/site-packages/airflow/example_dags/example_branch_operator.py
[2026-07-29T17:30:57.197+0000] {logging_mixin.py:190} INFO - [2026-07-29T17:30:57.197+0000] {dag.py:3211} INFO - Sync 1 DAGs
[2026-07-29T17:30:57.208+0000] {logging_mixin.py:190} INFO - [2026-07-29T17:30:57.208+0000] {dag.py:4138} INFO - Setting next_dagrun for example_branch_operator to 2026-07-28 00:00:00+00:00, run_after=2026-07-29 00:00:00+00:00
[2026-07-29T17:30:57.217+0000] {processor.py:208} INFO - Processing /home/airflow/.local/lib/python3.12/site-packages/airflow/example_dags/example_branch_operator.py took 0.045 seconds
[2026-07-29T17:31:27.325+0000] {processor.py:186} INFO - Started process (PID=13150) to work on /home/airflow/.local/lib/python3.12/site-packages/airflow/example_dags/example_branch_operator.py
[2026-07-29T17:31:27.326+0000] {processor.py:914} INFO - Processing file /home/airflow/.local/lib/python3.12/site-packages/airflow/example_dags/example_branch_operator.py for tasks to queue
[2026-07-29T17:31:27.327+0000] {logging_mixin.py:190} INFO - [2026-07-29T17:31:27.327+0000] {dagbag.py:587} INFO - Filling up the DagBag from /home/airflow/.local/lib/python3.12/site-packages/airflow/example_dags/example_branch_operator.py
[2026-07-29T17:31:27.337+0000] {processor.py:925} INFO - DAG(s) 'example_branch_operator' retrieved from /home/airflow/.local/lib/python3.12/site-packages/airflow/example_dags/example_branch_operator.py
[2026-07-29T17:31:27.350+0000] {logging_mixin.py:190} INFO - [2026-07-29T17:31:27.350+0000] {dag.py:3211} INFO - Sync 1 DAGs
[2026-07-29T17:31:27.362+0000] {logging_mixin.py:190} INFO - [2026-07-29T17:31:27.362+0000] {dag.py:4138} INFO - Setting next_dagrun for example_branch_operator to 2026-07-28 00:00:00+00:00, run_after=2026-07-29 00:00:00+00:00
[2026-07-29T17:31:27.370+0000] {processor.py:208} INFO - Processing /home/airflow/.local/lib/python3.12/site-packages/airflow/example_dags/example_branch_operator.py took 0.047 seconds
[2026-07-29T17:31:57.576+0000] {processor.py:186} INFO - Started process (PID=13216) to work on /home/airflow/.local/lib/python3.12/site-packages/airflow/example_dags/example_branch_operator.py
[2026-07-29T17:31:57.577+0000] {processor.py:914} INFO - Processing file /home/airflow/.local/lib/python3.12/site-packages/airflow/example_dags/example_branch_operator.py for tasks to queue
[2026-07-29T17:31:57.578+0000] {logging_mixin.py:190} INFO - [2026-07-29T17:31:57.578+0000] {dagbag.py:587} INFO - Filling up the DagBag from /home/airflow/.local/lib/python3.12/site-packages/airflow/example_dags/example_branch_operator.py
[2026-07-29T17:31:57.588+0000] {processor.py:925} INFO - DAG(s) 'example_branch_operator' retrieved from /home/airflow/.local/lib/python3.12/site-packages/airflow/example_dags/example_branch_operator.py
[2026-07-29T17:31:57.603+0000] {logging_mixin.py:190} INFO - [2026-07-29T17:31:57.603+0000] {dag.py:3211} INFO - Sync 1 DAGs
[2026-07-29T17:31:57.613+0000] {logging_mixin.py:190} INFO - [2026-07-29T17:31:57.613+0000] {dag.py:4138} INFO - Setting next_dagrun for example_branch_operator to 2026-07-28 00:00:00+00:00, run_after=2026-07-29 00:00:00+00:00
[2026-07-29T17:31:57.622+0000] {processor.py:208} INFO - Processing /home/airflow/.local/lib/python3.12/site-packages/airflow/example_dags/example_branch_operator.py took 0.049 seconds
[2026-07-29T17:32:27.799+0000] {processor.py:186} INFO - Started process (PID=13282) to work on /home/airflow/.local/lib/python3.12/site-packages/airflow/example_dags/example_branch_operator.py
[2026-07-29T17:32:27.800+0000] {processor.py:914} INFO - Processing file /home/airflow/.local/lib/python3.12/site-packages/airflow/example_dags/example_branch_operator.py for tasks to queue
[2026-07-29T17:32:27.802+0000] {logging_mixin.py:190} INFO - [2026-07-29T17:32:27.802+0000] {dagbag.py:587} INFO - Filling up the DagBag from /home/airflow/.local/lib/python3.12/site-packages/airflow/example_dags/example_branch_operator.py
[2026-07-29T17:32:27.809+0000] {processor.py:925} INFO - DAG(s) 'example_branch_operator' retrieved from /home/airflow/.local/lib/python3.12/site-packages/airflow/example_dags/example_branch_operator.py
[2026-07-29T17:32:27.824+0000] {logging_mixin.py:190} INFO - [2026-07-29T17:32:27.824+0000] {dag.py:3211} INFO - Sync 1 DAGs
[2026-07-29T17:32:27.837+0000] {logging_mixin.py:190} INFO - [2026-07-29T17:32:27.836+0000] {dag.py:4138} INFO - Setting next_dagrun for example_branch_operator to 2026-07-28 00:00:00+00:00, run_after=2026-07-29 00:00:00+00:00
[2026-07-29T17:32:27.846+0000] {processor.py:208} INFO - Processing /home/airflow/.local/lib/python3.12/site-packages/airflow/example_dags/example_branch_operator.py took 0.049 seconds
[2026-07-29T17:32:58.205+0000] {processor.py:186} INFO - Started process (PID=13348) to work on /home/airflow/.local/lib/python3.12/site-packages/airflow/example_dags/example_branch_operator.py
[2026-07-29T17:32:58.205+0000] {processor.py:914} INFO - Processing file /home/airflow/.local/lib/python3.12/site-packages/airflow/example_dags/example_branch_operator.py for tasks to queue
[2026-07-29T17:32:58.206+0000] {logging_mixin.py:190} INFO - [2026-07-29T17:32:58.206+0000] {dagbag.py:587} INFO - Filling up the DagBag from /home/airflow/.local/lib/python3.12/site-packages/airflow/example_dags/example_branch_operator.py
[2026-07-29T17:32:58.213+0000] {processor.py:925} INFO - DAG(s) 'example_branch_operator' retrieved from /home/airflow/.local/lib/python3.12/site-packages/airflow/example_dags/example_branch_operator.py
[2026-07-29T17:32:58.225+0000] {logging_mixin.py:190} INFO - [2026-07-29T17:32:58.225+0000] {dag.py:3211} INFO - Sync 1 DAGs
[2026-07-29T17:32:58.237+0000] {logging_mixin.py:190} INFO - [2026-07-29T17:32:58.237+0000] {dag.py:4138} INFO - Setting next_dagrun for example_branch_operator to 2026-07-28 00:00:00+00:00, run_after=2026-07-29 00:00:00+00:00
[2026-07-29T17:32:58.248+0000] {processor.py:208} INFO - Processing /home/airflow/.local/lib/python3.12/site-packages/airflow/example_dags/example_branch_operator.py took 0.046 seconds
[2026-07-29T17:33:28.415+0000] {processor.py:186} INFO - Started process (PID=13414) to work on /home/airflow/.local/lib/python3.12/site-packages/airflow/example_dags/example_branch_operator.py
[2026-07-29T17:33:28.416+0000] {processor.py:914} INFO - Processing file /home/airflow/.local/lib/python3.12/site-packages/airflow/example_dags/example_branch_operator.py for tasks to queue
[2026-07-29T17:33:28.418+0000] {logging_mixin.py:190} INFO - [2026-07-29T17:33:28.418+0000] {dagbag.py:587} INFO - Filling up the DagBag from /home/airflow/.local/lib/python3.12/site-packages/airflow/example_dags/example_branch_operator.py
[2026-07-29T17:33:28.425+0000] {processor.py:925} INFO - DAG(s) 'example_branch_operator' retrieved from /home/airflow/.local/lib/python3.12/site-packages/airflow/example_dags/example_branch_operator.py
[2026-07-29T17:33:28.437+0000] {logging_mixin.py:190} INFO - [2026-07-29T17:33:28.437+0000] {dag.py:3211} INFO - Sync 1 DAGs
[2026-07-29T17:33:28.451+0000] {logging_mixin.py:190} INFO - [2026-07-29T17:33:28.451+0000] {dag.py:4138} INFO - Setting next_dagrun for example_branch_operator to 2026-07-28 00:00:00+00:00, run_after=2026-07-29 00:00:00+00:00
[2026-07-29T17:33:28.463+0000] {processor.py:208} INFO - Processing /home/airflow/.local/lib/python3.12/site-packages/airflow/example_dags/example_branch_operator.py took 0.051 seconds
[2026-07-29T17:33:58.921+0000] {processor.py:186} INFO - Started process (PID=13480) to work on /home/airflow/.local/lib/python3.12/site-packages/airflow/example_dags/example_branch_operator.py
[2026-07-29T17:33:58.921+0000] {processor.py:914} INFO - Processing file /home/airflow/.local/lib/python3.12/site-packages/airflow/example_dags/example_branch_operator.py for tasks to queue
[2026-07-29T17:33:58.923+0000] {logging_mixin.py:190} INFO - [2026-07-29T17:33:58.923+0000] {dagbag.py:587} INFO - Filling up the DagBag from /home/airflow/.local/lib/python3.12/site-packages/airflow/example_dags/example_branch_operator.py
[2026-07-29T17:33:58.932+0000] {processor.py:925} INFO - DAG(s) 'example_branch_operator' retrieved from /home/airflow/.local/lib/python3.12/site-packages/airflow/example_dags/example_branch_operator.py
[2026-07-29T17:33:58.950+0000] {logging_mixin.py:190} INFO - [2026-07-29T17:33:58.949+0000] {dag.py:3211} INFO - Sync 1 DAGs
[2026-07-29T17:33:58.960+0000] {logging_mixin.py:190} INFO - [2026-07-29T17:33:58.960+0000] {dag.py:4138} INFO - Setting next_dagrun for example_branch_operator to 2026-07-28 00:00:00+00:00, run_after=2026-07-29 00:00:00+00:00
[2026-07-29T17:33:58.971+0000] {processor.py:208} INFO - Processing /home/airflow/.local/lib/python3.12/site-packages/airflow/example_dags/example_branch_operator.py took 0.053 seconds
[2026-07-29T17:34:29.952+0000] {processor.py:186} INFO - Started process (PID=13546) to work on /home/airflow/.local/lib/python3.12/site-packages/airflow/example_dags/example_branch_operator.py
[2026-07-29T17:34:29.953+0000] {processor.py:914} INFO - Processing file /home/airflow/.local/lib/python3.12/site-packages/airflow/example_dags/example_branch_operator.py for tasks to queue
[2026-07-29T17:34:29.955+0000] {logging_mixin.py:190} INFO - [2026-07-29T17:34:29.954+0000] {dagbag.py:587} INFO - Filling up the DagBag from /home/airflow/.local/lib/python3.12/site-packages/airflow/example_dags/example_branch_operator.py
[2026-07-29T17:34:29.962+0000] {processor.py:925} INFO - DAG(s) 'example_branch_operator' retrieved from /home/airflow/.local/lib/python3.12/site-packages/airflow/example_dags/example_branch_operator.py
[2026-07-29T17:34:29.975+0000] {logging_mixin.py:190} INFO - [2026-07-29T17:34:29.974+0000] {dag.py:3211} INFO - Sync 1 DAGs
[2026-07-29T17:34:29.984+0000] {logging_mixin.py:190} INFO - [2026-07-29T17:34:29.984+0000] {dag.py:4138} INFO - Setting next_dagrun for example_branch_operator to 2026-07-28 00:00:00+00:00, run_after=2026-07-29 00:00:00+00:00
[2026-07-29T17:34:29.995+0000] {processor.py:208} INFO - Processing /home/airflow/.local/lib/python3.12/site-packages/airflow/example_dags/example_branch_operator.py took 0.046 seconds
[2026-07-29T17:35:00.939+0000] {processor.py:186} INFO - Started process (PID=13612) to work on /home/airflow/.local/lib/python3.12/site-packages/airflow/example_dags/example_branch_operator.py
[2026-07-29T17:35:00.940+0000] {processor.py:914} INFO - Processing file /home/airflow/.local/lib/python3.12/site-packages/airflow/example_dags/example_branch_operator.py for tasks to queue
[2026-07-29T17:35:00.942+0000] {logging_mixin.py:190} INFO - [2026-07-29T17:35:00.942+0000] {dagbag.py:587} INFO - Filling up the DagBag from /home/airflow/.local/lib/python3.12/site-packages/airflow/example_dags/example_branch_operator.py
[2026-07-29T17:35:00.955+0000] {processor.py:925} INFO - DAG(s) 'example_branch_operator' retrieved from /home/airflow/.local/lib/python3.12/site-packages/airflow/example_dags/example_branch_operator.py
[2026-07-29T17:35:00.972+0000] {logging_mixin.py:190} INFO - [2026-07-29T17:35:00.972+0000] {dag.py:3211} INFO - Sync 1 DAGs
[2026-07-29T17:35:00.983+0000] {logging_mixin.py:190} INFO - [2026-07-29T17:35:00.983+0000] {dag.py:4138} INFO - Setting next_dagrun for example_branch_operator to 2026-07-28 00:00:00+00:00, run_after=2026-07-29 00:00:00+00:00
[2026-07-29T17:35:00.994+0000] {processor.py:208} INFO - Processing /home/airflow/.local/lib/python3.12/site-packages/airflow/example_dags/example_branch_operator.py took 0.058 seconds
[2026-07-29T17:35:31.116+0000] {processor.py:186} INFO - Started process (PID=13678) to work on /home/airflow/.local/lib/python3.12/site-packages/airflow/example_dags/example_branch_operator.py
[2026-07-29T17:35:31.117+0000] {processor.py:914} INFO - Processing file /home/airflow/.local/lib/python3.12/site-packages/airflow/example_dags/example_branch_operator.py for tasks to queue
[2026-07-29T17:35:31.118+0000] {logging_mixin.py:190} INFO - [2026-07-29T17:35:31.118+0000] {dagbag.py:587} INFO - Filling up the DagBag from /home/airflow/.local/lib/python3.12/site-packages/airflow/example_dags/example_branch_operator.py
[2026-07-29T17:35:31.129+0000] {processor.py:925} INFO - DAG(s) 'example_branch_operator' retrieved from /home/airflow/.local/lib/python3.12/site-packages/airflow/example_dags/example_branch_operator.py
[2026-07-29T17:35:31.141+0000] {logging_mixin.py:190} INFO - [2026-07-29T17:35:31.141+0000] {dag.py:3211} INFO - Sync 1 DAGs
[2026-07-29T17:35:31.152+0000] {logging_mixin.py:190} INFO - [2026-07-29T17:35:31.152+0000] {dag.py:4138} INFO - Setting next_dagrun for example_branch_operator to 2026-07-28 00:00:00+00:00, run_after=2026-07-29 00:00:00+00:00
[2026-07-29T17:35:31.168+0000] {processor.py:208} INFO - Processing /home/airflow/.local/lib/python3.12/site-packages/airflow/example_dags/example_branch_operator.py took 0.055 seconds
[2026-07-29T17:36:01.196+0000] {processor.py:186} INFO - Started process (PID=13744) to work on /home/airflow/.local/lib/python3.12/site-packages/airflow/example_dags/example_branch_operator.py
[2026-07-29T17:36:01.196+0000] {processor.py:914} INFO - Processing file /home/airflow/.local/lib/python3.12/site-packages/airflow/example_dags/example_branch_operator.py for tasks to queue
[2026-07-29T17:36:01.198+0000] {logging_mixin.py:190} INFO - [2026-07-29T17:36:01.198+0000] {dagbag.py:587} INFO - Filling up the DagBag from /home/airflow/.local/lib/python3.12/site-packages/airflow/example_dags/example_branch_operator.py
[2026-07-29T17:36:01.205+0000] {processor.py:925} INFO - DAG(s) 'example_branch_operator' retrieved from /home/airflow/.local/lib/python3.12/site-packages/airflow/example_dags/example_branch_operator.py
[2026-07-29T17:36:01.218+0000] {logging_mixin.py:190} INFO - [2026-07-29T17:36:01.217+0000] {dag.py:3211} INFO - Sync 1 DAGs
[2026-07-29T17:36:01.228+0000] {logging_mixin.py:190} INFO - [2026-07-29T17:36:01.227+0000] {dag.py:4138} INFO - Setting next_dagrun for example_branch_operator to 2026-07-28 00:00:00+00:00, run_after=2026-07-29 00:00:00+00:00
[2026-07-29T17:36:01.240+0000] {processor.py:208} INFO - Processing /home/airflow/.local/lib/python3.12/site-packages/airflow/example_dags/example_branch_operator.py took 0.047 seconds
[2026-07-29T17:36:31.423+0000] {processor.py:186} INFO - Started process (PID=13810) to work on /home/airflow/.local/lib/python3.12/site-packages/airflow/example_dags/example_branch_operator.py
[2026-07-29T17:36:31.423+0000] {processor.py:914} INFO - Processing file /home/airflow/.local/lib/python3.12/site-packages/airflow/example_dags/example_branch_operator.py for tasks to queue
[2026-07-29T17:36:31.425+0000] {logging_mixin.py:190} INFO - [2026-07-29T17:36:31.425+0000] {dagbag.py:587} INFO - Filling up the DagBag from /home/airflow/.local/lib/python3.12/site-packages/airflow/example_dags/example_branch_operator.py
[2026-07-29T17:36:31.433+0000] {processor.py:925} INFO - DAG(s) 'example_branch_operator' retrieved from /home/airflow/.local/lib/python3.12/site-packages/airflow/example_dags/example_branch_operator.py
[2026-07-29T17:36:31.446+0000] {logging_mixin.py:190} INFO - [2026-07-29T17:36:31.446+0000] {dag.py:3211} INFO - Sync 1 DAGs
[2026-07-29T17:36:31.455+0000] {logging_mixin.py:190} INFO - [2026-07-29T17:36:31.455+0000] {dag.py:4138} INFO - Setting next_dagrun for example_branch_operator to 2026-07-28 00:00:00+00:00, run_after=2026-07-29 00:00:00+00:00
[2026-07-29T17:36:31.462+0000] {processor.py:208} INFO - Processing /home/airflow/.local/lib/python3.12/site-packages/airflow/example_dags/example_branch_operator.py took 0.042 seconds
[2026-07-29T17:37:02.463+0000] {processor.py:186} INFO - Started process (PID=13876) to work on /home/airflow/.local/lib/python3.12/site-packages/airflow/example_dags/example_branch_operator.py
[2026-07-29T17:37:02.464+0000] {processor.py:914} INFO - Processing file /home/airflow/.local/lib/python3.12/site-packages/airflow/example_dags/example_branch_operator.py for tasks to queue
[2026-07-29T17:37:02.465+0000] {logging_mixin.py:190} INFO - [2026-07-29T17:37:02.465+0000] {dagbag.py:587} INFO - Filling up the DagBag from /home/airflow/.local/lib/python3.12/site-packages/airflow/example_dags/example_branch_operator.py
[2026-07-29T17:37:02.473+0000] {processor.py:925} INFO - DAG(s) 'example_branch_operator' retrieved from /home/airflow/.local/lib/python3.12/site-packages/airflow/example_dags/example_branch_operator.py
[2026-07-29T17:37:02.486+0000] {logging_mixin.py:190} INFO - [2026-07-29T17:37:02.486+0000] {dag.py:3211} INFO - Sync 1 DAGs
[2026-07-29T17:37:02.500+0000] {logging_mixin.py:190} INFO - [2026-07-29T17:37:02.500+0000] {dag.py:4138} INFO - Setting next_dagrun for example_branch_operator to 2026-07-28 00:00:00+00:00, run_after=2026-07-29 00:00:00+00:00
[2026-07-29T17:37:02.507+0000] {processor.py:208} INFO - Processing /home/airflow/.local/lib/python3.12/site-packages/airflow/example_dags/example_branch_operator.py took 0.047 seconds
[2026-07-29T17:37:32.567+0000] {processor.py:186} INFO - Started process (PID=13942) to work on /home/airflow/.local/lib/python3.12/site-packages/airflow/example_dags/example_branch_operator.py
[2026-07-29T17:37:32.568+0000] {processor.py:914} INFO - Processing file /home/airflow/.local/lib/python3.12/site-packages/airflow/example_dags/example_branch_operator.py for tasks to queue
[2026-07-29T17:37:32.569+0000] {logging_mixin.py:190} INFO - [2026-07-29T17:37:32.569+0000] {dagbag.py:587} INFO - Filling up the DagBag from /home/airflow/.local/lib/python3.12/site-packages/airflow/example_dags/example_branch_operator.py
[2026-07-29T17:37:32.578+0000] {processor.py:925} INFO - DAG(s) 'example_branch_operator' retrieved from /home/airflow/.local/lib/python3.12/site-packages/airflow/example_dags/example_branch_operator.py
[2026-07-29T17:37:32.590+0000] {logging_mixin.py:190} INFO - [2026-07-29T17:37:32.590+0000] {dag.py:3211} INFO - Sync 1 DAGs
[2026-07-29T17:37:32.600+0000] {logging_mixin.py:190} INFO - [2026-07-29T17:37:32.600+0000] {dag.py:4138} INFO - Setting next_dagrun for example_branch_operator to 2026-07-28 00:00:00+00:00, run_after=2026-07-29 00:00:00+00:00
[2026-07-29T17:37:32.613+0000] {processor.py:208} INFO - Processing /home/airflow/.local/lib/python3.12/site-packages/airflow/example_dags/example_branch_operator.py took 0.049 seconds
[2026-07-29T17:38:03.503+0000] {processor.py:186} INFO - Started process (PID=14008) to work on /home/airflow/.local/lib/python3.12/site-packages/airflow/example_dags/example_branch_operator.py
[2026-07-29T17:38:03.506+0000] {processor.py:914} INFO - Processing file /home/airflow/.local/lib/python3.12/site-packages/airflow/example_dags/example_branch_operator.py for tasks to queue
[2026-07-29T17:38:03.508+0000] {logging_mixin.py:190} INFO - [2026-07-29T17:38:03.508+0000] {dagbag.py:587} INFO - Filling up the DagBag from /home/airflow/.local/lib/python3.12/site-packages/airflow/example_dags/example_branch_operator.py
[2026-07-29T17:38:03.518+0000] {processor.py:925} INFO - DAG(s) 'example_branch_operator' retrieved from /home/airflow/.local/lib/python3.12/site-packages/airflow/example_dags/example_branch_operator.py
[2026-07-29T17:38:03.533+0000] {logging_mixin.py:190} INFO - [2026-07-29T17:38:03.532+0000] {dag.py:3211} INFO - Sync 1 DAGs
[2026-07-29T17:38:03.542+0000] {logging_mixin.py:190} INFO - [2026-07-29T17:38:03.542+0000] {dag.py:4138} INFO - Setting next_dagrun for example_branch_operator to 2026-07-28 00:00:00+00:00, run_after=2026-07-29 00:00:00+00:00
[2026-07-29T17:38:03.556+0000] {processor.py:208} INFO - Processing /home/airflow/.local/lib/python3.12/site-packages/airflow/example_dags/example_branch_operator.py took 0.055 seconds
[2026-07-29T17:38:34.464+0000] {processor.py:186} INFO - Started process (PID=14074) to work on /home/airflow/.local/lib/python3.12/site-packages/airflow/example_dags/example_branch_operator.py
[2026-07-29T17:38:34.465+0000] {processor.py:914} INFO - Processing file /home/airflow/.local/lib/python3.12/site-packages/airflow/example_dags/example_branch_operator.py for tasks to queue
[2026-07-29T17:38:34.467+0000] {logging_mixin.py:190} INFO - [2026-07-29T17:38:34.467+0000] {dagbag.py:587} INFO - Filling up the DagBag from /home/airflow/.local/lib/python3.12/site-packages/airflow/example_dags/example_branch_operator.py
[2026-07-29T17:38:34.476+0000] {processor.py:925} INFO - DAG(s) 'example_branch_operator' retrieved from /home/airflow/.local/lib/python3.12/site-packages/airflow/example_dags/example_branch_operator.py
[2026-07-29T17:38:34.490+0000] {logging_mixin.py:190} INFO - [2026-07-29T17:38:34.490+0000] {dag.py:3211} INFO - Sync 1 DAGs
[2026-07-29T17:38:34.501+0000] {logging_mixin.py:190} INFO - [2026-07-29T17:38:34.500+0000] {dag.py:4138} INFO - Setting next_dagrun for example_branch_operator to 2026-07-28 00:00:00+00:00, run_after=2026-07-29 00:00:00+00:00
[2026-07-29T17:38:34.510+0000] {processor.py:208} INFO - Processing /home/airflow/.local/lib/python3.12/site-packages/airflow/example_dags/example_branch_operator.py took 0.049 seconds
[2026-07-29T17:39:05.119+0000] {processor.py:186} INFO - Started process (PID=14140) to work on /home/airflow/.local/lib/python3.12/site-packages/airflow/example_dags/example_branch_operator.py
[2026-07-29T17:39:05.120+0000] {processor.py:914} INFO - Processing file /home/airflow/.local/lib/python3.12/site-packages/airflow/example_dags/example_branch_operator.py for tasks to queue
[2026-07-29T17:39:05.121+0000] {logging_mixin.py:190} INFO - [2026-07-29T17:39:05.121+0000] {dagbag.py:587} INFO - Filling up the DagBag from /home/airflow/.local/lib/python3.12/site-packages/airflow/example_dags/example_branch_operator.py
[2026-07-29T17:39:05.130+0000] {processor.py:925} INFO - DAG(s) 'example_branch_operator' retrieved from /home/airflow/.local/lib/python3.12/site-packages/airflow/example_dags/example_branch_operator.py
[2026-07-29T17:39:05.143+0000] {logging_mixin.py:190} INFO - [2026-07-29T17:39:05.142+0000] {dag.py:3211} INFO - Sync 1 DAGs
[2026-07-29T17:39:05.155+0000] {logging_mixin.py:190} INFO - [2026-07-29T17:39:05.155+0000] {dag.py:4138} INFO - Setting next_dagrun for example_branch_operator to 2026-07-28 00:00:00+00:00, run_after=2026-07-29 00:00:00+00:00
[2026-07-29T17:39:05.164+0000] {processor.py:208} INFO - Processing /home/airflow/.local/lib/python3.12/site-packages/airflow/example_dags/example_branch_operator.py took 0.048 seconds
[2026-07-29T17:39:36.138+0000] {processor.py:186} INFO - Started process (PID=14206) to work on /home/airflow/.local/lib/python3.12/site-packages/airflow/example_dags/example_branch_operator.py
[2026-07-29T17:39:36.139+0000] {processor.py:914} INFO - Processing file /home/airflow/.local/lib/python3.12/site-packages/airflow/example_dags/example_branch_operator.py for tasks to queue
[2026-07-29T17:39:36.140+0000] {logging_mixin.py:190} INFO - [2026-07-29T17:39:36.140+0000] {dagbag.py:587} INFO - Filling up the DagBag from /home/airflow/.local/lib/python3.12/site-packages/airflow/example_dags/example_branch_operator.py
[2026-07-29T17:39:36.151+0000] {processor.py:925} INFO - DAG(s) 'example_branch_operator' retrieved from /home/airflow/.local/lib/python3.12/site-packages/airflow/example_dags/example_branch_operator.py
[2026-07-29T17:39:36.165+0000] {logging_mixin.py:190} INFO - [2026-07-29T17:39:36.165+0000] {dag.py:3211} INFO - Sync 1 DAGs
[2026-07-29T17:39:36.174+0000] {logging_mixin.py:190} INFO - [2026-07-29T17:39:36.174+0000] {dag.py:4138} INFO - Setting next_dagrun for example_branch_operator to 2026-07-28 00:00:00+00:00, run_after=2026-07-29 00:00:00+00:00
[2026-07-29T17:39:36.185+0000] {processor.py:208} INFO - Processing /home/airflow/.local/lib/python3.12/site-packages/airflow/example_dags/example_branch_operator.py took 0.049 seconds
[2026-07-29T17:40:07.161+0000] {processor.py:186} INFO - Started process (PID=14272) to work on /home/airflow/.local/lib/python3.12/site-packages/airflow/example_dags/example_branch_operator.py
[2026-07-29T17:40:07.162+0000] {processor.py:914} INFO - Processing file /home/airflow/.local/lib/python3.12/site-packages/airflow/example_dags/example_branch_operator.py for tasks to queue
[2026-07-29T17:40:07.163+0000] {logging_mixin.py:190} INFO - [2026-07-29T17:40:07.163+0000] {dagbag.py:587} INFO - Filling up the DagBag from /home/airflow/.local/lib/python3.12/site-packages/airflow/example_dags/example_branch_operator.py
[2026-07-29T17:40:07.170+0000] {processor.py:925} INFO - DAG(s) 'example_branch_operator' retrieved from /home/airflow/.local/lib/python3.12/site-packages/airflow/example_dags/example_branch_operator.py
[2026-07-29T17:40:07.187+0000] {logging_mixin.py:190} INFO - [2026-07-29T17:40:07.187+0000] {dag.py:3211} INFO - Sync 1 DAGs
[2026-07-29T17:40:07.199+0000] {logging_mixin.py:190} INFO - [2026-07-29T17:40:07.199+0000] {dag.py:4138} INFO - Setting next_dagrun for example_branch_operator to 2026-07-28 00:00:00+00:00, run_after=2026-07-29 00:00:00+00:00
[2026-07-29T17:40:07.209+0000] {processor.py:208} INFO - Processing /home/airflow/.local/lib/python3.12/site-packages/airflow/example_dags/example_branch_operator.py took 0.050 seconds
[2026-07-29T17:40:38.107+0000] {processor.py:186} INFO - Started process (PID=14338) to work on /home/airflow/.local/lib/python3.12/site-packages/airflow/example_dags/example_branch_operator.py
[2026-07-29T17:40:38.110+0000] {processor.py:914} INFO - Processing file /home/airflow/.local/lib/python3.12/site-packages/airflow/example_dags/example_branch_operator.py for tasks to queue
[2026-07-29T17:40:38.114+0000] {logging_mixin.py:190} INFO - [2026-07-29T17:40:38.114+0000] {dagbag.py:587} INFO - Filling up the DagBag from /home/airflow/.local/lib/python3.12/site-packages/airflow/example_dags/example_branch_operator.py
[2026-07-29T17:40:38.121+0000] {processor.py:925} INFO - DAG(s) 'example_branch_operator' retrieved from /home/airflow/.local/lib/python3.12/site-packages/airflow/example_dags/example_branch_operator.py
[2026-07-29T17:40:38.136+0000] {logging_mixin.py:190} INFO - [2026-07-29T17:40:38.136+0000] {dag.py:3211} INFO - Sync 1 DAGs
[2026-07-29T17:40:38.145+0000] {logging_mixin.py:190} INFO - [2026-07-29T17:40:38.145+0000] {dag.py:4138} INFO - Setting next_dagrun for example_branch_operator to 2026-07-28 00:00:00+00:00, run_after=2026-07-29 00:00:00+00:00
[2026-07-29T17:40:38.155+0000] {processor.py:208} INFO - Processing /home/airflow/.local/lib/python3.12/site-packages/airflow/example_dags/example_branch_operator.py took 0.051 seconds
[2026-07-29T17:41:09.066+0000] {processor.py:186} INFO - Started process (PID=14404) to work on /home/airflow/.local/lib/python3.12/site-packages/airflow/example_dags/example_branch_operator.py
[2026-07-29T17:41:09.066+0000] {processor.py:914} INFO - Processing file /home/airflow/.local/lib/python3.12/site-packages/airflow/example_dags/example_branch_operator.py for tasks to queue
[2026-07-29T17:41:09.067+0000] {logging_mixin.py:190} INFO - [2026-07-29T17:41:09.067+0000] {dagbag.py:587} INFO - Filling up the DagBag from /home/airflow/.local/lib/python3.12/site-packages/airflow/example_dags/example_branch_operator.py
[2026-07-29T17:41:09.078+0000] {processor.py:925} INFO - DAG(s) 'example_branch_operator' retrieved from /home/airflow/.local/lib/python3.12/site-packages/airflow/example_dags/example_branch_operator.py
[2026-07-29T17:41:09.092+0000] {logging_mixin.py:190} INFO - [2026-07-29T17:41:09.092+0000] {dag.py:3211} INFO - Sync 1 DAGs
[2026-07-29T17:41:09.105+0000] {logging_mixin.py:190} INFO - [2026-07-29T17:41:09.105+0000] {dag.py:4138} INFO - Setting next_dagrun for example_branch_operator to 2026-07-28 00:00:00+00:00, run_after=2026-07-29 00:00:00+00:00
[2026-07-29T17:41:09.111+0000] {processor.py:208} INFO - Processing /home/airflow/.local/lib/python3.12/site-packages/airflow/example_dags/example_branch_operator.py took 0.048 seconds
[2026-07-29T17:41:40.133+0000] {processor.py:186} INFO - Started process (PID=14470) to work on /home/airflow/.local/lib/python3.12/site-packages/airflow/example_dags/example_branch_operator.py
[2026-07-29T17:41:40.133+0000] {processor.py:914} INFO - Processing file /home/airflow/.local/lib/python3.12/site-packages/airflow/example_dags/example_branch_operator.py for tasks to queue
[2026-07-29T17:41:40.134+0000] {logging_mixin.py:190} INFO - [2026-07-29T17:41:40.134+0000] {dagbag.py:587} INFO - Filling up the DagBag from /home/airflow/.local/lib/python3.12/site-packages/airflow/example_dags/example_branch_operator.py
[2026-07-29T17:41:40.144+0000] {processor.py:925} INFO - DAG(s) 'example_branch_operator' retrieved from /home/airflow/.local/lib/python3.12/site-packages/airflow/example_dags/example_branch_operator.py
[2026-07-29T17:41:40.159+0000] {logging_mixin.py:190} INFO - [2026-07-29T17:41:40.159+0000] {dag.py:3211} INFO - Sync 1 DAGs
[2026-07-29T17:41:40.169+0000] {logging_mixin.py:190} INFO - [2026-07-29T17:41:40.169+0000] {dag.py:4138} INFO - Setting next_dagrun for example_branch_operator to 2026-07-28 00:00:00+00:00, run_after=2026-07-29 00:00:00+00:00
[2026-07-29T17:41:40.176+0000] {processor.py:208} INFO - Processing /home/airflow/.local/lib/python3.12/site-packages/airflow/example_dags/example_branch_operator.py took 0.046 seconds
[2026-07-29T17:42:11.110+0000] {processor.py:186} INFO - Started process (PID=14536) to work on /home/airflow/.local/lib/python3.12/site-packages/airflow/example_dags/example_branch_operator.py
[2026-07-29T17:42:11.110+0000] {processor.py:914} INFO - Processing file /home/airflow/.local/lib/python3.12/site-packages/airflow/example_dags/example_branch_operator.py for tasks to queue
[2026-07-29T17:42:11.112+0000] {logging_mixin.py:190} INFO - [2026-07-29T17:42:11.112+0000] {dagbag.py:587} INFO - Filling up the DagBag from /home/airflow/.local/lib/python3.12/site-packages/airflow/example_dags/example_branch_operator.py
[2026-07-29T17:42:11.121+0000] {processor.py:925} INFO - DAG(s) 'example_branch_operator' retrieved from /home/airflow/.local/lib/python3.12/site-packages/airflow/example_dags/example_branch_operator.py
[2026-07-29T17:42:11.135+0000] {logging_mixin.py:190} INFO - [2026-07-29T17:42:11.135+0000] {dag.py:3211} INFO - Sync 1 DAGs
[2026-07-29T17:42:11.144+0000] {logging_mixin.py:190} INFO - [2026-07-29T17:42:11.144+0000] {dag.py:4138} INFO - Setting next_dagrun for example_branch_operator to 2026-07-28 00:00:00+00:00, run_after=2026-07-29 00:00:00+00:00
[2026-07-29T17:42:11.152+0000] {processor.py:208} INFO - Processing /home/airflow/.local/lib/python3.12/site-packages/airflow/example_dags/example_branch_operator.py took 0.045 seconds
[2026-07-29T17:42:42.016+0000] {processor.py:186} INFO - Started process (PID=14602) to work on /home/airflow/.local/lib/python3.12/site-packages/airflow/example_dags/example_branch_operator.py
[2026-07-29T17:42:42.017+0000] {processor.py:914} INFO - Processing file /home/airflow/.local/lib/python3.12/site-packages/airflow/example_dags/example_branch_operator.py for tasks to queue
[2026-07-29T17:42:42.018+0000] {logging_mixin.py:190} INFO - [2026-07-29T17:42:42.018+0000] {dagbag.py:587} INFO - Filling up the DagBag from /home/airflow/.local/lib/python3.12/site-packages/airflow/example_dags/example_branch_operator.py
[2026-07-29T17:42:42.030+0000] {processor.py:925} INFO - DAG(s) 'example_branch_operator' retrieved from /home/airflow/.local/lib/python3.12/site-packages/airflow/example_dags/example_branch_operator.py
[2026-07-29T17:42:42.045+0000] {logging_mixin.py:190} INFO - [2026-07-29T17:42:42.045+0000] {dag.py:3211} INFO - Sync 1 DAGs
[2026-07-29T17:42:42.055+0000] {logging_mixin.py:190} INFO - [2026-07-29T17:42:42.055+0000] {dag.py:4138} INFO - Setting next_dagrun for example_branch_operator to 2026-07-28 00:00:00+00:00, run_after=2026-07-29 00:00:00+00:00
[2026-07-29T17:42:42.065+0000] {processor.py:208} INFO - Processing /home/airflow/.local/lib/python3.12/site-packages/airflow/example_dags/example_branch_operator.py took 0.052 seconds
[2026-07-29T17:43:12.999+0000] {processor.py:186} INFO - Started process (PID=14668) to work on /home/airflow/.local/lib/python3.12/site-packages/airflow/example_dags/example_branch_operator.py
[2026-07-29T17:43:13.000+0000] {processor.py:914} INFO - Processing file /home/airflow/.local/lib/python3.12/site-packages/airflow/example_dags/example_branch_operator.py for tasks to queue
[2026-07-29T17:43:13.001+0000] {logging_mixin.py:190} INFO - [2026-07-29T17:43:13.001+0000] {dagbag.py:587} INFO - Filling up the DagBag from /home/airflow/.local/lib/python3.12/site-packages/airflow/example_dags/example_branch_operator.py
[2026-07-29T17:43:13.011+0000] {processor.py:925} INFO - DAG(s) 'example_branch_operator' retrieved from /home/airflow/.local/lib/python3.12/site-packages/airflow/example_dags/example_branch_operator.py
[2026-07-29T17:43:13.027+0000] {logging_mixin.py:190} INFO - [2026-07-29T17:43:13.027+0000] {dag.py:3211} INFO - Sync 1 DAGs
[2026-07-29T17:43:13.036+0000] {logging_mixin.py:190} INFO - [2026-07-29T17:43:13.036+0000] {dag.py:4138} INFO - Setting next_dagrun for example_branch_operator to 2026-07-28 00:00:00+00:00, run_after=2026-07-29 00:00:00+00:00
[2026-07-29T17:43:13.045+0000] {processor.py:208} INFO - Processing /home/airflow/.local/lib/python3.12/site-packages/airflow/example_dags/example_branch_operator.py took 0.050 seconds
[2026-07-29T17:43:43.960+0000] {processor.py:186} INFO - Started process (PID=14734) to work on /home/airflow/.local/lib/python3.12/site-packages/airflow/example_dags/example_branch_operator.py
[2026-07-29T17:43:43.960+0000] {processor.py:914} INFO - Processing file /home/airflow/.local/lib/python3.12/site-packages/airflow/example_dags/example_branch_operator.py for tasks to queue
[2026-07-29T17:43:43.961+0000] {logging_mixin.py:190} INFO - [2026-07-29T17:43:43.961+0000] {dagbag.py:587} INFO - Filling up the DagBag from /home/airflow/.local/lib/python3.12/site-packages/airflow/example_dags/example_branch_operator.py
[2026-07-29T17:43:43.968+0000] {processor.py:925} INFO - DAG(s) 'example_branch_operator' retrieved from /home/airflow/.local/lib/python3.12/site-packages/airflow/example_dags/example_branch_operator.py
[2026-07-29T17:43:43.978+0000] {logging_mixin.py:190} INFO - [2026-07-29T17:43:43.978+0000] {dag.py:3211} INFO - Sync 1 DAGs
[2026-07-29T17:43:43.985+0000] {logging_mixin.py:190} INFO - [2026-07-29T17:43:43.985+0000] {dag.py:4138} INFO - Setting next_dagrun for example_branch_operator to 2026-07-28 00:00:00+00:00, run_after=2026-07-29 00:00:00+00:00
[2026-07-29T17:43:43.991+0000] {processor.py:208} INFO - Processing /home/airflow/.local/lib/python3.12/site-packages/airflow/example_dags/example_branch_operator.py took 0.033 seconds
[2026-07-29T17:44:14.448+0000] {processor.py:186} INFO - Started process (PID=14800) to work on /home/airflow/.local/lib/python3.12/site-packages/airflow/example_dags/example_branch_operator.py
[2026-07-29T17:44:14.449+0000] {processor.py:914} INFO - Processing file /home/airflow/.local/lib/python3.12/site-packages/airflow/example_dags/example_branch_operator.py for tasks to queue
[2026-07-29T17:44:14.451+0000] {logging_mixin.py:190} INFO - [2026-07-29T17:44:14.450+0000] {dagbag.py:587} INFO - Filling up the DagBag from /home/airflow/.local/lib/python3.12/site-packages/airflow/example_dags/example_branch_operator.py
[2026-07-29T17:44:14.461+0000] {processor.py:925} INFO - DAG(s) 'example_branch_operator' retrieved from /home/airflow/.local/lib/python3.12/site-packages/airflow/example_dags/example_branch_operator.py
[2026-07-29T17:44:14.478+0000] {logging_mixin.py:190} INFO - [2026-07-29T17:44:14.477+0000] {dag.py:3211} INFO - Sync 1 DAGs
[2026-07-29T17:44:14.488+0000] {logging_mixin.py:190} INFO - [2026-07-29T17:44:14.487+0000] {dag.py:4138} INFO - Setting next_dagrun for example_branch_operator to 2026-07-28 00:00:00+00:00, run_after=2026-07-29 00:00:00+00:00
[2026-07-29T17:44:14.498+0000] {processor.py:208} INFO - Processing /home/airflow/.local/lib/python3.12/site-packages/airflow/example_dags/example_branch_operator.py took 0.053 seconds
[2026-07-29T17:44:44.586+0000] {processor.py:186} INFO - Started process (PID=14866) to work on /home/airflow/.local/lib/python3.12/site-packages/airflow/example_dags/example_branch_operator.py
[2026-07-29T17:44:44.587+0000] {processor.py:914} INFO - Processing file /home/airflow/.local/lib/python3.12/site-packages/airflow/example_dags/example_branch_operator.py for tasks to queue
[2026-07-29T17:44:44.589+0000] {logging_mixin.py:190} INFO - [2026-07-29T17:44:44.589+0000] {dagbag.py:587} INFO - Filling up the DagBag from /home/airflow/.local/lib/python3.12/site-packages/airflow/example_dags/example_branch_operator.py
[2026-07-29T17:44:44.597+0000] {processor.py:925} INFO - DAG(s) 'example_branch_operator' retrieved from /home/airflow/.local/lib/python3.12/site-packages/airflow/example_dags/example_branch_operator.py
[2026-07-29T17:44:44.611+0000] {logging_mixin.py:190} INFO - [2026-07-29T17:44:44.611+0000] {dag.py:3211} INFO - Sync 1 DAGs
[2026-07-29T17:44:44.622+0000] {logging_mixin.py:190} INFO - [2026-07-29T17:44:44.621+0000] {dag.py:4138} INFO - Setting next_dagrun for example_branch_operator to 2026-07-28 00:00:00+00:00, run_after=2026-07-29 00:00:00+00:00
[2026-07-29T17:44:44.628+0000] {processor.py:208} INFO - Processing /home/airflow/.local/lib/python3.12/site-packages/airflow/example_dags/example_branch_operator.py took 0.044 seconds
[2026-07-29T17:45:15.528+0000] {processor.py:186} INFO - Started process (PID=14932) to work on /home/airflow/.local/lib/python3.12/site-packages/airflow/example_dags/example_branch_operator.py
[2026-07-29T17:45:15.529+0000] {processor.py:914} INFO - Processing file /home/airflow/.local/lib/python3.12/site-packages/airflow/example_dags/example_branch_operator.py for tasks to queue
[2026-07-29T17:45:15.531+0000] {logging_mixin.py:190} INFO - [2026-07-29T17:45:15.530+0000] {dagbag.py:587} INFO - Filling up the DagBag from /home/airflow/.local/lib/python3.12/site-packages/airflow/example_dags/example_branch_operator.py
[2026-07-29T17:45:15.540+0000] {processor.py:925} INFO - DAG(s) 'example_branch_operator' retrieved from /home/airflow/.local/lib/python3.12/site-packages/airflow/example_dags/example_branch_operator.py
[2026-07-29T17:45:15.556+0000] {logging_mixin.py:190} INFO - [2026-07-29T17:45:15.556+0000] {dag.py:3211} INFO - Sync 1 DAGs
[2026-07-29T17:45:15.567+0000] {logging_mixin.py:190} INFO - [2026-07-29T17:45:15.567+0000] {dag.py:4138} INFO - Setting next_dagrun for example_branch_operator to 2026-07-28 00:00:00+00:00, run_after=2026-07-29 00:00:00+00:00
[2026-07-29T17:45:15.577+0000] {processor.py:208} INFO - Processing /home/airflow/.local/lib/python3.12/site-packages/airflow/example_dags/example_branch_operator.py took 0.051 seconds
[2026-07-29T17:45:46.552+0000] {processor.py:186} INFO - Started process (PID=14998) to work on /home/airflow/.local/lib/python3.12/site-packages/airflow/example_dags/example_branch_operator.py
[2026-07-29T17:45:46.553+0000] {processor.py:914} INFO - Processing file /home/airflow/.local/lib/python3.12/site-packages/airflow/example_dags/example_branch_operator.py for tasks to queue
[2026-07-29T17:45:46.555+0000] {logging_mixin.py:190} INFO - [2026-07-29T17:45:46.555+0000] {dagbag.py:587} INFO - Filling up the DagBag from /home/airflow/.local/lib/python3.12/site-packages/airflow/example_dags/example_branch_operator.py
[2026-07-29T17:45:46.562+0000] {processor.py:925} INFO - DAG(s) 'example_branch_operator' retrieved from /home/airflow/.local/lib/python3.12/site-packages/airflow/example_dags/example_branch_operator.py
[2026-07-29T17:45:46.574+0000] {logging_mixin.py:190} INFO - [2026-07-29T17:45:46.574+0000] {dag.py:3211} INFO - Sync 1 DAGs
[2026-07-29T17:45:46.584+0000] {logging_mixin.py:190} INFO - [2026-07-29T17:45:46.584+0000] {dag.py:4138} INFO - Setting next_dagrun for example_branch_operator to 2026-07-28 00:00:00+00:00, run_after=2026-07-29 00:00:00+00:00
[2026-07-29T17:45:46.596+0000] {processor.py:208} INFO - Processing /home/airflow/.local/lib/python3.12/site-packages/airflow/example_dags/example_branch_operator.py took 0.047 seconds
[2026-07-29T17:46:17.464+0000] {processor.py:186} INFO - Started process (PID=15064) to work on /home/airflow/.local/lib/python3.12/site-packages/airflow/example_dags/example_branch_operator.py
[2026-07-29T17:46:17.466+0000] {processor.py:914} INFO - Processing file /home/airflow/.local/lib/python3.12/site-packages/airflow/example_dags/example_branch_operator.py for tasks to queue
[2026-07-29T17:46:17.467+0000] {logging_mixin.py:190} INFO - [2026-07-29T17:46:17.466+0000] {dagbag.py:587} INFO - Filling up the DagBag from /home/airflow/.local/lib/python3.12/site-packages/airflow/example_dags/example_branch_operator.py
[2026-07-29T17:46:17.479+0000] {processor.py:925} INFO - DAG(s) 'example_branch_operator' retrieved from /home/airflow/.local/lib/python3.12/site-packages/airflow/example_dags/example_branch_operator.py
[2026-07-29T17:46:17.493+0000] {logging_mixin.py:190} INFO - [2026-07-29T17:46:17.493+0000] {dag.py:3211} INFO - Sync 1 DAGs
[2026-07-29T17:46:17.503+0000] {logging_mixin.py:190} INFO - [2026-07-29T17:46:17.503+0000] {dag.py:4138} INFO - Setting next_dagrun for example_branch_operator to 2026-07-28 00:00:00+00:00, run_after=2026-07-29 00:00:00+00:00
[2026-07-29T17:46:17.510+0000] {processor.py:208} INFO - Processing /home/airflow/.local/lib/python3.12/site-packages/airflow/example_dags/example_branch_operator.py took 0.049 seconds
[2026-07-29T17:46:48.423+0000] {processor.py:186} INFO - Started process (PID=15130) to work on /home/airflow/.local/lib/python3.12/site-packages/airflow/example_dags/example_branch_operator.py
[2026-07-29T17:46:48.423+0000] {processor.py:914} INFO - Processing file /home/airflow/.local/lib/python3.12/site-packages/airflow/example_dags/example_branch_operator.py for tasks to queue
[2026-07-29T17:46:48.425+0000] {logging_mixin.py:190} INFO - [2026-07-29T17:46:48.425+0000] {dagbag.py:587} INFO - Filling up the DagBag from /home/airflow/.local/lib/python3.12/site-packages/airflow/example_dags/example_branch_operator.py
[2026-07-29T17:46:48.433+0000] {processor.py:925} INFO - DAG(s) 'example_branch_operator' retrieved from /home/airflow/.local/lib/python3.12/site-packages/airflow/example_dags/example_branch_operator.py
[2026-07-29T17:46:48.450+0000] {logging_mixin.py:190} INFO - [2026-07-29T17:46:48.450+0000] {dag.py:3211} INFO - Sync 1 DAGs
[2026-07-29T17:46:48.460+0000] {logging_mixin.py:190} INFO - [2026-07-29T17:46:48.460+0000] {dag.py:4138} INFO - Setting next_dagrun for example_branch_operator to 2026-07-28 00:00:00+00:00, run_after=2026-07-29 00:00:00+00:00
[2026-07-29T17:46:48.467+0000] {processor.py:208} INFO - Processing /home/airflow/.local/lib/python3.12/site-packages/airflow/example_dags/example_branch_operator.py took 0.047 seconds
[2026-07-29T17:47:19.449+0000] {processor.py:186} INFO - Started process (PID=15196) to work on /home/airflow/.local/lib/python3.12/site-packages/airflow/example_dags/example_branch_operator.py
[2026-07-29T17:47:19.449+0000] {processor.py:914} INFO - Processing file /home/airflow/.local/lib/python3.12/site-packages/airflow/example_dags/example_branch_operator.py for tasks to queue
[2026-07-29T17:47:19.450+0000] {logging_mixin.py:190} INFO - [2026-07-29T17:47:19.450+0000] {dagbag.py:587} INFO - Filling up the DagBag from /home/airflow/.local/lib/python3.12/site-packages/airflow/example_dags/example_branch_operator.py
[2026-07-29T17:47:19.458+0000] {processor.py:925} INFO - DAG(s) 'example_branch_operator' retrieved from /home/airflow/.local/lib/python3.12/site-packages/airflow/example_dags/example_branch_operator.py
[2026-07-29T17:47:19.475+0000] {logging_mixin.py:190} INFO - [2026-07-29T17:47:19.475+0000] {dag.py:3211} INFO - Sync 1 DAGs
[2026-07-29T17:47:19.485+0000] {logging_mixin.py:190} INFO - [2026-07-29T17:47:19.485+0000] {dag.py:4138} INFO - Setting next_dagrun for example_branch_operator to 2026-07-28 00:00:00+00:00, run_after=2026-07-29 00:00:00+00:00
[2026-07-29T17:47:19.494+0000] {processor.py:208} INFO - Processing /home/airflow/.local/lib/python3.12/site-packages/airflow/example_dags/example_branch_operator.py took 0.049 seconds
[2026-07-29T17:47:50.498+0000] {processor.py:186} INFO - Started process (PID=15262) to work on /home/airflow/.local/lib/python3.12/site-packages/airflow/example_dags/example_branch_operator.py
[2026-07-29T17:47:50.499+0000] {processor.py:914} INFO - Processing file /home/airflow/.local/lib/python3.12/site-packages/airflow/example_dags/example_branch_operator.py for tasks to queue
[2026-07-29T17:47:50.500+0000] {logging_mixin.py:190} INFO - [2026-07-29T17:47:50.500+0000] {dagbag.py:587} INFO - Filling up the DagBag from /home/airflow/.local/lib/python3.12/site-packages/airflow/example_dags/example_branch_operator.py
[2026-07-29T17:47:50.512+0000] {processor.py:925} INFO - DAG(s) 'example_branch_operator' retrieved from /home/airflow/.local/lib/python3.12/site-packages/airflow/example_dags/example_branch_operator.py
[2026-07-29T17:47:50.529+0000] {logging_mixin.py:190} INFO - [2026-07-29T17:47:50.529+0000] {dag.py:3211} INFO - Sync 1 DAGs
[2026-07-29T17:47:50.538+0000] {logging_mixin.py:190} INFO - [2026-07-29T17:47:50.538+0000] {dag.py:4138} INFO - Setting next_dagrun for example_branch_operator to 2026-07-28 00:00:00+00:00, run_after=2026-07-29 00:00:00+00:00
[2026-07-29T17:47:50.547+0000] {processor.py:208} INFO - Processing /home/airflow/.local/lib/python3.12/site-packages/airflow/example_dags/example_branch_operator.py took 0.052 seconds
[2026-07-29T17:48:21.497+0000] {processor.py:186} INFO - Started process (PID=15328) to work on /home/airflow/.local/lib/python3.12/site-packages/airflow/example_dags/example_branch_operator.py
[2026-07-29T17:48:21.498+0000] {processor.py:914} INFO - Processing file /home/airflow/.local/lib/python3.12/site-packages/airflow/example_dags/example_branch_operator.py for tasks to queue
[2026-07-29T17:48:21.499+0000] {logging_mixin.py:190} INFO - [2026-07-29T17:48:21.499+0000] {dagbag.py:587} INFO - Filling up the DagBag from /home/airflow/.local/lib/python3.12/site-packages/airflow/example_dags/example_branch_operator.py
[2026-07-29T17:48:21.510+0000] {processor.py:925} INFO - DAG(s) 'example_branch_operator' retrieved from /home/airflow/.local/lib/python3.12/site-packages/airflow/example_dags/example_branch_operator.py
[2026-07-29T17:48:21.527+0000] {logging_mixin.py:190} INFO - [2026-07-29T17:48:21.527+0000] {dag.py:3211} INFO - Sync 1 DAGs
[2026-07-29T17:48:21.544+0000] {logging_mixin.py:190} INFO - [2026-07-29T17:48:21.543+0000] {dag.py:4138} INFO - Setting next_dagrun for example_branch_operator to 2026-07-28 00:00:00+00:00, run_after=2026-07-29 00:00:00+00:00
[2026-07-29T17:48:21.553+0000] {processor.py:208} INFO - Processing /home/airflow/.local/lib/python3.12/site-packages/airflow/example_dags/example_branch_operator.py took 0.060 seconds
[2026-07-29T17:48:57.969+0000] {processor.py:186} INFO - Started process (PID=15400) to work on /home/airflow/.local/lib/python3.12/site-packages/airflow/example_dags/example_branch_operator.py
[2026-07-29T17:48:57.970+0000] {processor.py:914} INFO - Processing file /home/airflow/.local/lib/python3.12/site-packages/airflow/example_dags/example_branch_operator.py for tasks to queue
[2026-07-29T17:48:57.972+0000] {logging_mixin.py:190} INFO - [2026-07-29T17:48:57.971+0000] {dagbag.py:587} INFO - Filling up the DagBag from /home/airflow/.local/lib/python3.12/site-packages/airflow/example_dags/example_branch_operator.py
[2026-07-29T17:48:57.979+0000] {processor.py:925} INFO - DAG(s) 'example_branch_operator' retrieved from /home/airflow/.local/lib/python3.12/site-packages/airflow/example_dags/example_branch_operator.py
[2026-07-29T17:48:57.994+0000] {logging_mixin.py:190} INFO - [2026-07-29T17:48:57.994+0000] {dag.py:3211} INFO - Sync 1 DAGs
[2026-07-29T17:48:58.005+0000] {logging_mixin.py:190} INFO - [2026-07-29T17:48:58.005+0000] {dag.py:4138} INFO - Setting next_dagrun for example_branch_operator to 2026-07-28 00:00:00+00:00, run_after=2026-07-29 00:00:00+00:00
[2026-07-29T17:48:58.014+0000] {processor.py:208} INFO - Processing /home/airflow/.local/lib/python3.12/site-packages/airflow/example_dags/example_branch_operator.py took 0.048 seconds
[2026-07-29T17:49:29.016+0000] {processor.py:186} INFO - Started process (PID=15466) to work on /home/airflow/.local/lib/python3.12/site-packages/airflow/example_dags/example_branch_operator.py
[2026-07-29T17:49:29.017+0000] {processor.py:914} INFO - Processing file /home/airflow/.local/lib/python3.12/site-packages/airflow/example_dags/example_branch_operator.py for tasks to queue
[2026-07-29T17:49:29.018+0000] {logging_mixin.py:190} INFO - [2026-07-29T17:49:29.018+0000] {dagbag.py:587} INFO - Filling up the DagBag from /home/airflow/.local/lib/python3.12/site-packages/airflow/example_dags/example_branch_operator.py
[2026-07-29T17:49:29.026+0000] {processor.py:925} INFO - DAG(s) 'example_branch_operator' retrieved from /home/airflow/.local/lib/python3.12/site-packages/airflow/example_dags/example_branch_operator.py
[2026-07-29T17:49:29.038+0000] {logging_mixin.py:190} INFO - [2026-07-29T17:49:29.038+0000] {dag.py:3211} INFO - Sync 1 DAGs
[2026-07-29T17:49:29.048+0000] {logging_mixin.py:190} INFO - [2026-07-29T17:49:29.048+0000] {dag.py:4138} INFO - Setting next_dagrun for example_branch_operator to 2026-07-28 00:00:00+00:00, run_after=2026-07-29 00:00:00+00:00
[2026-07-29T17:49:29.059+0000] {processor.py:208} INFO - Processing /home/airflow/.local/lib/python3.12/site-packages/airflow/example_dags/example_branch_operator.py took 0.045 seconds
[2026-07-29T17:49:59.937+0000] {processor.py:186} INFO - Started process (PID=15532) to work on /home/airflow/.local/lib/python3.12/site-packages/airflow/example_dags/example_branch_operator.py
[2026-07-29T17:49:59.939+0000] {processor.py:914} INFO - Processing file /home/airflow/.local/lib/python3.12/site-packages/airflow/example_dags/example_branch_operator.py for tasks to queue
[2026-07-29T17:49:59.941+0000] {logging_mixin.py:190} INFO - [2026-07-29T17:49:59.941+0000] {dagbag.py:587} INFO - Filling up the DagBag from /home/airflow/.local/lib/python3.12/site-packages/airflow/example_dags/example_branch_operator.py
[2026-07-29T17:49:59.950+0000] {processor.py:925} INFO - DAG(s) 'example_branch_operator' retrieved from /home/airflow/.local/lib/python3.12/site-packages/airflow/example_dags/example_branch_operator.py
[2026-07-29T17:49:59.968+0000] {logging_mixin.py:190} INFO - [2026-07-29T17:49:59.967+0000] {dag.py:3211} INFO - Sync 1 DAGs
[2026-07-29T17:49:59.977+0000] {logging_mixin.py:190} INFO - [2026-07-29T17:49:59.977+0000] {dag.py:4138} INFO - Setting next_dagrun for example_branch_operator to 2026-07-28 00:00:00+00:00, run_after=2026-07-29 00:00:00+00:00
[2026-07-29T17:49:59.989+0000] {processor.py:208} INFO - Processing /home/airflow/.local/lib/python3.12/site-packages/airflow/example_dags/example_branch_operator.py took 0.055 seconds
[2026-07-29T17:50:31.043+0000] {processor.py:186} INFO - Started process (PID=15598) to work on /home/airflow/.local/lib/python3.12/site-packages/airflow/example_dags/example_branch_operator.py
[2026-07-29T17:50:31.044+0000] {processor.py:914} INFO - Processing file /home/airflow/.local/lib/python3.12/site-packages/airflow/example_dags/example_branch_operator.py for tasks to queue
[2026-07-29T17:50:31.045+0000] {logging_mixin.py:190} INFO - [2026-07-29T17:50:31.045+0000] {dagbag.py:587} INFO - Filling up the DagBag from /home/airflow/.local/lib/python3.12/site-packages/airflow/example_dags/example_branch_operator.py
[2026-07-29T17:50:31.055+0000] {processor.py:925} INFO - DAG(s) 'example_branch_operator' retrieved from /home/airflow/.local/lib/python3.12/site-packages/airflow/example_dags/example_branch_operator.py
[2026-07-29T17:50:31.070+0000] {logging_mixin.py:190} INFO - [2026-07-29T17:50:31.070+0000] {dag.py:3211} INFO - Sync 1 DAGs
[2026-07-29T17:50:31.079+0000] {logging_mixin.py:190} INFO - [2026-07-29T17:50:31.079+0000] {dag.py:4138} INFO - Setting next_dagrun for example_branch_operator to 2026-07-28 00:00:00+00:00, run_after=2026-07-29 00:00:00+00:00
[2026-07-29T17:50:31.089+0000] {processor.py:208} INFO - Processing /home/airflow/.local/lib/python3.12/site-packages/airflow/example_dags/example_branch_operator.py took 0.049 seconds
[2026-07-29T17:51:01.115+0000] {processor.py:186} INFO - Started process (PID=15664) to work on /home/airflow/.local/lib/python3.12/site-packages/airflow/example_dags/example_branch_operator.py
[2026-07-29T17:51:01.115+0000] {processor.py:914} INFO - Processing file /home/airflow/.local/lib/python3.12/site-packages/airflow/example_dags/example_branch_operator.py for tasks to queue
[2026-07-29T17:51:01.118+0000] {logging_mixin.py:190} INFO - [2026-07-29T17:51:01.118+0000] {dagbag.py:587} INFO - Filling up the DagBag from /home/airflow/.local/lib/python3.12/site-packages/airflow/example_dags/example_branch_operator.py
[2026-07-29T17:51:01.126+0000] {processor.py:925} INFO - DAG(s) 'example_branch_operator' retrieved from /home/airflow/.local/lib/python3.12/site-packages/airflow/example_dags/example_branch_operator.py
[2026-07-29T17:51:01.141+0000] {logging_mixin.py:190} INFO - [2026-07-29T17:51:01.141+0000] {dag.py:3211} INFO - Sync 1 DAGs
[2026-07-29T17:51:01.151+0000] {logging_mixin.py:190} INFO - [2026-07-29T17:51:01.150+0000] {dag.py:4138} INFO - Setting next_dagrun for example_branch_operator to 2026-07-28 00:00:00+00:00, run_after=2026-07-29 00:00:00+00:00
[2026-07-29T17:51:01.158+0000] {processor.py:208} INFO - Processing /home/airflow/.local/lib/python3.12/site-packages/airflow/example_dags/example_branch_operator.py took 0.046 seconds
[2026-07-29T17:51:31.281+0000] {processor.py:186} INFO - Started process (PID=15730) to work on /home/airflow/.local/lib/python3.12/site-packages/airflow/example_dags/example_branch_operator.py
[2026-07-29T17:51:31.283+0000] {processor.py:914} INFO - Processing file /home/airflow/.local/lib/python3.12/site-packages/airflow/example_dags/example_branch_operator.py for tasks to queue
[2026-07-29T17:51:31.285+0000] {logging_mixin.py:190} INFO - [2026-07-29T17:51:31.285+0000] {dagbag.py:587} INFO - Filling up the DagBag from /home/airflow/.local/lib/python3.12/site-packages/airflow/example_dags/example_branch_operator.py
[2026-07-29T17:51:31.297+0000] {processor.py:925} INFO - DAG(s) 'example_branch_operator' retrieved from /home/airflow/.local/lib/python3.12/site-packages/airflow/example_dags/example_branch_operator.py
[2026-07-29T17:51:31.309+0000] {logging_mixin.py:190} INFO - [2026-07-29T17:51:31.309+0000] {dag.py:3211} INFO - Sync 1 DAGs
[2026-07-29T17:51:31.322+0000] {logging_mixin.py:190} INFO - [2026-07-29T17:51:31.322+0000] {dag.py:4138} INFO - Setting next_dagrun for example_branch_operator to 2026-07-28 00:00:00+00:00, run_after=2026-07-29 00:00:00+00:00
[2026-07-29T17:51:31.335+0000] {processor.py:208} INFO - Processing /home/airflow/.local/lib/python3.12/site-packages/airflow/example_dags/example_branch_operator.py took 0.056 seconds
[2026-07-29T17:52:02.310+0000] {processor.py:186} INFO - Started process (PID=15796) to work on /home/airflow/.local/lib/python3.12/site-packages/airflow/example_dags/example_branch_operator.py
[2026-07-29T17:52:02.311+0000] {processor.py:914} INFO - Processing file /home/airflow/.local/lib/python3.12/site-packages/airflow/example_dags/example_branch_operator.py for tasks to queue
[2026-07-29T17:52:02.312+0000] {logging_mixin.py:190} INFO - [2026-07-29T17:52:02.312+0000] {dagbag.py:587} INFO - Filling up the DagBag from /home/airflow/.local/lib/python3.12/site-packages/airflow/example_dags/example_branch_operator.py
[2026-07-29T17:52:02.319+0000] {processor.py:925} INFO - DAG(s) 'example_branch_operator' retrieved from /home/airflow/.local/lib/python3.12/site-packages/airflow/example_dags/example_branch_operator.py
[2026-07-29T17:52:02.332+0000] {logging_mixin.py:190} INFO - [2026-07-29T17:52:02.332+0000] {dag.py:3211} INFO - Sync 1 DAGs
[2026-07-29T17:52:02.345+0000] {logging_mixin.py:190} INFO - [2026-07-29T17:52:02.345+0000] {dag.py:4138} INFO - Setting next_dagrun for example_branch_operator to 2026-07-28 00:00:00+00:00, run_after=2026-07-29 00:00:00+00:00
[2026-07-29T17:52:02.357+0000] {processor.py:208} INFO - Processing /home/airflow/.local/lib/python3.12/site-packages/airflow/example_dags/example_branch_operator.py took 0.051 seconds
[2026-07-29T17:52:33.254+0000] {processor.py:186} INFO - Started process (PID=15862) to work on /home/airflow/.local/lib/python3.12/site-packages/airflow/example_dags/example_branch_operator.py
[2026-07-29T17:52:33.254+0000] {processor.py:914} INFO - Processing file /home/airflow/.local/lib/python3.12/site-packages/airflow/example_dags/example_branch_operator.py for tasks to queue
[2026-07-29T17:52:33.255+0000] {logging_mixin.py:190} INFO - [2026-07-29T17:52:33.255+0000] {dagbag.py:587} INFO - Filling up the DagBag from /home/airflow/.local/lib/python3.12/site-packages/airflow/example_dags/example_branch_operator.py
[2026-07-29T17:52:33.262+0000] {processor.py:925} INFO - DAG(s) 'example_branch_operator' retrieved from /home/airflow/.local/lib/python3.12/site-packages/airflow/example_dags/example_branch_operator.py
[2026-07-29T17:52:33.273+0000] {logging_mixin.py:190} INFO - [2026-07-29T17:52:33.273+0000] {dag.py:3211} INFO - Sync 1 DAGs
[2026-07-29T17:52:33.281+0000] {logging_mixin.py:190} INFO - [2026-07-29T17:52:33.281+0000] {dag.py:4138} INFO - Setting next_dagrun for example_branch_operator to 2026-07-28 00:00:00+00:00, run_after=2026-07-29 00:00:00+00:00
[2026-07-29T17:52:33.287+0000] {processor.py:208} INFO - Processing /home/airflow/.local/lib/python3.12/site-packages/airflow/example_dags/example_branch_operator.py took 0.036 seconds
[2026-07-29T17:53:04.186+0000] {processor.py:186} INFO - Started process (PID=15928) to work on /home/airflow/.local/lib/python3.12/site-packages/airflow/example_dags/example_branch_operator.py
[2026-07-29T17:53:04.187+0000] {processor.py:914} INFO - Processing file /home/airflow/.local/lib/python3.12/site-packages/airflow/example_dags/example_branch_operator.py for tasks to queue
[2026-07-29T17:53:04.188+0000] {logging_mixin.py:190} INFO - [2026-07-29T17:53:04.188+0000] {dagbag.py:587} INFO - Filling up the DagBag from /home/airflow/.local/lib/python3.12/site-packages/airflow/example_dags/example_branch_operator.py
[2026-07-29T17:53:04.195+0000] {processor.py:925} INFO - DAG(s) 'example_branch_operator' retrieved from /home/airflow/.local/lib/python3.12/site-packages/airflow/example_dags/example_branch_operator.py
[2026-07-29T17:53:04.207+0000] {logging_mixin.py:190} INFO - [2026-07-29T17:53:04.207+0000] {dag.py:3211} INFO - Sync 1 DAGs
[2026-07-29T17:53:04.216+0000] {logging_mixin.py:190} INFO - [2026-07-29T17:53:04.215+0000] {dag.py:4138} INFO - Setting next_dagrun for example_branch_operator to 2026-07-28 00:00:00+00:00, run_after=2026-07-29 00:00:00+00:00
[2026-07-29T17:53:04.229+0000] {processor.py:208} INFO - Processing /home/airflow/.local/lib/python3.12/site-packages/airflow/example_dags/example_branch_operator.py took 0.046 seconds
[2026-07-29T17:53:35.151+0000] {processor.py:186} INFO - Started process (PID=15994) to work on /home/airflow/.local/lib/python3.12/site-packages/airflow/example_dags/example_branch_operator.py
[2026-07-29T17:53:35.151+0000] {processor.py:914} INFO - Processing file /home/airflow/.local/lib/python3.12/site-packages/airflow/example_dags/example_branch_operator.py for tasks to queue
[2026-07-29T17:53:35.153+0000] {logging_mixin.py:190} INFO - [2026-07-29T17:53:35.152+0000] {dagbag.py:587} INFO - Filling up the DagBag from /home/airflow/.local/lib/python3.12/site-packages/airflow/example_dags/example_branch_operator.py
[2026-07-29T17:53:35.164+0000] {processor.py:925} INFO - DAG(s) 'example_branch_operator' retrieved from /home/airflow/.local/lib/python3.12/site-packages/airflow/example_dags/example_branch_operator.py
[2026-07-29T17:53:35.183+0000] {logging_mixin.py:190} INFO - [2026-07-29T17:53:35.183+0000] {dag.py:3211} INFO - Sync 1 DAGs
[2026-07-29T17:53:35.196+0000] {logging_mixin.py:190} INFO - [2026-07-29T17:53:35.196+0000] {dag.py:4138} INFO - Setting next_dagrun for example_branch_operator to 2026-07-28 00:00:00+00:00, run_after=2026-07-29 00:00:00+00:00
[2026-07-29T17:53:35.205+0000] {processor.py:208} INFO - Processing /home/airflow/.local/lib/python3.12/site-packages/airflow/example_dags/example_branch_operator.py took 0.057 seconds
[2026-07-29T17:54:05.897+0000] {processor.py:186} INFO - Started process (PID=16060) to work on /home/airflow/.local/lib/python3.12/site-packages/airflow/example_dags/example_branch_operator.py
[2026-07-29T17:54:05.897+0000] {processor.py:914} INFO - Processing file /home/airflow/.local/lib/python3.12/site-packages/airflow/example_dags/example_branch_operator.py for tasks to queue
[2026-07-29T17:54:05.899+0000] {logging_mixin.py:190} INFO - [2026-07-29T17:54:05.898+0000] {dagbag.py:587} INFO - Filling up the DagBag from /home/airflow/.local/lib/python3.12/site-packages/airflow/example_dags/example_branch_operator.py
[2026-07-29T17:54:05.909+0000] {processor.py:925} INFO - DAG(s) 'example_branch_operator' retrieved from /home/airflow/.local/lib/python3.12/site-packages/airflow/example_dags/example_branch_operator.py
[2026-07-29T17:54:05.926+0000] {logging_mixin.py:190} INFO - [2026-07-29T17:54:05.926+0000] {dag.py:3211} INFO - Sync 1 DAGs
[2026-07-29T17:54:05.940+0000] {logging_mixin.py:190} INFO - [2026-07-29T17:54:05.940+0000] {dag.py:4138} INFO - Setting next_dagrun for example_branch_operator to 2026-07-28 00:00:00+00:00, run_after=2026-07-29 00:00:00+00:00
[2026-07-29T17:54:05.948+0000] {processor.py:208} INFO - Processing /home/airflow/.local/lib/python3.12/site-packages/airflow/example_dags/example_branch_operator.py took 0.054 seconds
[2026-07-29T17:54:36.912+0000] {processor.py:186} INFO - Started process (PID=16126) to work on /home/airflow/.local/lib/python3.12/site-packages/airflow/example_dags/example_branch_operator.py
[2026-07-29T17:54:36.912+0000] {processor.py:914} INFO - Processing file /home/airflow/.local/lib/python3.12/site-packages/airflow/example_dags/example_branch_operator.py for tasks to queue
[2026-07-29T17:54:36.914+0000] {logging_mixin.py:190} INFO - [2026-07-29T17:54:36.913+0000] {dagbag.py:587} INFO - Filling up the DagBag from /home/airflow/.local/lib/python3.12/site-packages/airflow/example_dags/example_branch_operator.py
[2026-07-29T17:54:36.924+0000] {processor.py:925} INFO - DAG(s) 'example_branch_operator' retrieved from /home/airflow/.local/lib/python3.12/site-packages/airflow/example_dags/example_branch_operator.py
[2026-07-29T17:54:36.940+0000] {logging_mixin.py:190} INFO - [2026-07-29T17:54:36.940+0000] {dag.py:3211} INFO - Sync 1 DAGs
[2026-07-29T17:54:36.951+0000] {logging_mixin.py:190} INFO - [2026-07-29T17:54:36.951+0000] {dag.py:4138} INFO - Setting next_dagrun for example_branch_operator to 2026-07-28 00:00:00+00:00, run_after=2026-07-29 00:00:00+00:00
[2026-07-29T17:54:36.960+0000] {processor.py:208} INFO - Processing /home/airflow/.local/lib/python3.12/site-packages/airflow/example_dags/example_branch_operator.py took 0.051 seconds
[2026-07-29T17:55:07.931+0000] {processor.py:186} INFO - Started process (PID=16192) to work on /home/airflow/.local/lib/python3.12/site-packages/airflow/example_dags/example_branch_operator.py
[2026-07-29T17:55:07.932+0000] {processor.py:914} INFO - Processing file /home/airflow/.local/lib/python3.12/site-packages/airflow/example_dags/example_branch_operator.py for tasks to queue
[2026-07-29T17:55:07.933+0000] {logging_mixin.py:190} INFO - [2026-07-29T17:55:07.933+0000] {dagbag.py:587} INFO - Filling up the DagBag from /home/airflow/.local/lib/python3.12/site-packages/airflow/example_dags/example_branch_operator.py
[2026-07-29T17:55:07.940+0000] {processor.py:925} INFO - DAG(s) 'example_branch_operator' retrieved from /home/airflow/.local/lib/python3.12/site-packages/airflow/example_dags/example_branch_operator.py
[2026-07-29T17:55:07.951+0000] {logging_mixin.py:190} INFO - [2026-07-29T17:55:07.950+0000] {dag.py:3211} INFO - Sync 1 DAGs
[2026-07-29T17:55:07.958+0000] {logging_mixin.py:190} INFO - [2026-07-29T17:55:07.958+0000] {dag.py:4138} INFO - Setting next_dagrun for example_branch_operator to 2026-07-28 00:00:00+00:00, run_after=2026-07-29 00:00:00+00:00
[2026-07-29T17:55:07.964+0000] {processor.py:208} INFO - Processing /home/airflow/.local/lib/python3.12/site-packages/airflow/example_dags/example_branch_operator.py took 0.035 seconds
[2026-07-29T17:55:38.075+0000] {processor.py:186} INFO - Started process (PID=16258) to work on /home/airflow/.local/lib/python3.12/site-packages/airflow/example_dags/example_branch_operator.py
[2026-07-29T17:55:38.075+0000] {processor.py:914} INFO - Processing file /home/airflow/.local/lib/python3.12/site-packages/airflow/example_dags/example_branch_operator.py for tasks to queue
[2026-07-29T17:55:38.077+0000] {logging_mixin.py:190} INFO - [2026-07-29T17:55:38.077+0000] {dagbag.py:587} INFO - Filling up the DagBag from /home/airflow/.local/lib/python3.12/site-packages/airflow/example_dags/example_branch_operator.py
[2026-07-29T17:55:38.089+0000] {processor.py:925} INFO - DAG(s) 'example_branch_operator' retrieved from /home/airflow/.local/lib/python3.12/site-packages/airflow/example_dags/example_branch_operator.py
[2026-07-29T17:55:38.103+0000] {logging_mixin.py:190} INFO - [2026-07-29T17:55:38.103+0000] {dag.py:3211} INFO - Sync 1 DAGs
[2026-07-29T17:55:38.115+0000] {logging_mixin.py:190} INFO - [2026-07-29T17:55:38.114+0000] {dag.py:4138} INFO - Setting next_dagrun for example_branch_operator to 2026-07-28 00:00:00+00:00, run_after=2026-07-29 00:00:00+00:00
[2026-07-29T17:55:38.124+0000] {processor.py:208} INFO - Processing /home/airflow/.local/lib/python3.12/site-packages/airflow/example_dags/example_branch_operator.py took 0.053 seconds
[2026-07-29T17:56:08.253+0000] {processor.py:186} INFO - Started process (PID=16324) to work on /home/airflow/.local/lib/python3.12/site-packages/airflow/example_dags/example_branch_operator.py
[2026-07-29T17:56:08.254+0000] {processor.py:914} INFO - Processing file /home/airflow/.local/lib/python3.12/site-packages/airflow/example_dags/example_branch_operator.py for tasks to queue
[2026-07-29T17:56:08.255+0000] {logging_mixin.py:190} INFO - [2026-07-29T17:56:08.255+0000] {dagbag.py:587} INFO - Filling up the DagBag from /home/airflow/.local/lib/python3.12/site-packages/airflow/example_dags/example_branch_operator.py
[2026-07-29T17:56:08.263+0000] {processor.py:925} INFO - DAG(s) 'example_branch_operator' retrieved from /home/airflow/.local/lib/python3.12/site-packages/airflow/example_dags/example_branch_operator.py
[2026-07-29T17:56:08.276+0000] {logging_mixin.py:190} INFO - [2026-07-29T17:56:08.276+0000] {dag.py:3211} INFO - Sync 1 DAGs
[2026-07-29T17:56:08.285+0000] {logging_mixin.py:190} INFO - [2026-07-29T17:56:08.285+0000] {dag.py:4138} INFO - Setting next_dagrun for example_branch_operator to 2026-07-28 00:00:00+00:00, run_after=2026-07-29 00:00:00+00:00
[2026-07-29T17:56:08.295+0000] {processor.py:208} INFO - Processing /home/airflow/.local/lib/python3.12/site-packages/airflow/example_dags/example_branch_operator.py took 0.044 seconds
[2026-07-29T17:56:39.275+0000] {processor.py:186} INFO - Started process (PID=16390) to work on /home/airflow/.local/lib/python3.12/site-packages/airflow/example_dags/example_branch_operator.py
[2026-07-29T17:56:39.276+0000] {processor.py:914} INFO - Processing file /home/airflow/.local/lib/python3.12/site-packages/airflow/example_dags/example_branch_operator.py for tasks to queue
[2026-07-29T17:56:39.278+0000] {logging_mixin.py:190} INFO - [2026-07-29T17:56:39.278+0000] {dagbag.py:587} INFO - Filling up the DagBag from /home/airflow/.local/lib/python3.12/site-packages/airflow/example_dags/example_branch_operator.py
[2026-07-29T17:56:39.287+0000] {processor.py:925} INFO - DAG(s) 'example_branch_operator' retrieved from /home/airflow/.local/lib/python3.12/site-packages/airflow/example_dags/example_branch_operator.py
[2026-07-29T17:56:39.298+0000] {logging_mixin.py:190} INFO - [2026-07-29T17:56:39.298+0000] {dag.py:3211} INFO - Sync 1 DAGs
[2026-07-29T17:56:39.307+0000] {logging_mixin.py:190} INFO - [2026-07-29T17:56:39.307+0000] {dag.py:4138} INFO - Setting next_dagrun for example_branch_operator to 2026-07-28 00:00:00+00:00, run_after=2026-07-29 00:00:00+00:00
[2026-07-29T17:56:39.317+0000] {processor.py:208} INFO - Processing /home/airflow/.local/lib/python3.12/site-packages/airflow/example_dags/example_branch_operator.py took 0.045 seconds
[2026-07-29T17:57:10.162+0000] {processor.py:186} INFO - Started process (PID=16456) to work on /home/airflow/.local/lib/python3.12/site-packages/airflow/example_dags/example_branch_operator.py
[2026-07-29T17:57:10.163+0000] {processor.py:914} INFO - Processing file /home/airflow/.local/lib/python3.12/site-packages/airflow/example_dags/example_branch_operator.py for tasks to queue
[2026-07-29T17:57:10.165+0000] {logging_mixin.py:190} INFO - [2026-07-29T17:57:10.165+0000] {dagbag.py:587} INFO - Filling up the DagBag from /home/airflow/.local/lib/python3.12/site-packages/airflow/example_dags/example_branch_operator.py
[2026-07-29T17:57:10.176+0000] {processor.py:925} INFO - DAG(s) 'example_branch_operator' retrieved from /home/airflow/.local/lib/python3.12/site-packages/airflow/example_dags/example_branch_operator.py
[2026-07-29T17:57:10.193+0000] {logging_mixin.py:190} INFO - [2026-07-29T17:57:10.192+0000] {dag.py:3211} INFO - Sync 1 DAGs
[2026-07-29T17:57:10.201+0000] {logging_mixin.py:190} INFO - [2026-07-29T17:57:10.201+0000] {dag.py:4138} INFO - Setting next_dagrun for example_branch_operator to 2026-07-28 00:00:00+00:00, run_after=2026-07-29 00:00:00+00:00
[2026-07-29T17:57:10.209+0000] {processor.py:208} INFO - Processing /home/airflow/.local/lib/python3.12/site-packages/airflow/example_dags/example_branch_operator.py took 0.050 seconds
[2026-07-29T17:57:41.255+0000] {processor.py:186} INFO - Started process (PID=16522) to work on /home/airflow/.local/lib/python3.12/site-packages/airflow/example_dags/example_branch_operator.py
[2026-07-29T17:57:41.255+0000] {processor.py:914} INFO - Processing file /home/airflow/.local/lib/python3.12/site-packages/airflow/example_dags/example_branch_operator.py for tasks to queue
[2026-07-29T17:57:41.258+0000] {logging_mixin.py:190} INFO - [2026-07-29T17:57:41.258+0000] {dagbag.py:587} INFO - Filling up the DagBag from /home/airflow/.local/lib/python3.12/site-packages/airflow/example_dags/example_branch_operator.py
[2026-07-29T17:57:41.266+0000] {processor.py:925} INFO - DAG(s) 'example_branch_operator' retrieved from /home/airflow/.local/lib/python3.12/site-packages/airflow/example_dags/example_branch_operator.py
[2026-07-29T17:57:41.282+0000] {logging_mixin.py:190} INFO - [2026-07-29T17:57:41.282+0000] {dag.py:3211} INFO - Sync 1 DAGs
[2026-07-29T17:57:41.293+0000] {logging_mixin.py:190} INFO - [2026-07-29T17:57:41.293+0000] {dag.py:4138} INFO - Setting next_dagrun for example_branch_operator to 2026-07-28 00:00:00+00:00, run_after=2026-07-29 00:00:00+00:00
[2026-07-29T17:57:41.304+0000] {processor.py:208} INFO - Processing /home/airflow/.local/lib/python3.12/site-packages/airflow/example_dags/example_branch_operator.py took 0.052 seconds
[2026-07-29T17:58:11.495+0000] {processor.py:186} INFO - Started process (PID=16588) to work on /home/airflow/.local/lib/python3.12/site-packages/airflow/example_dags/example_branch_operator.py
[2026-07-29T17:58:11.496+0000] {processor.py:914} INFO - Processing file /home/airflow/.local/lib/python3.12/site-packages/airflow/example_dags/example_branch_operator.py for tasks to queue
[2026-07-29T17:58:11.497+0000] {logging_mixin.py:190} INFO - [2026-07-29T17:58:11.497+0000] {dagbag.py:587} INFO - Filling up the DagBag from /home/airflow/.local/lib/python3.12/site-packages/airflow/example_dags/example_branch_operator.py
[2026-07-29T17:58:11.509+0000] {processor.py:925} INFO - DAG(s) 'example_branch_operator' retrieved from /home/airflow/.local/lib/python3.12/site-packages/airflow/example_dags/example_branch_operator.py
[2026-07-29T17:58:11.522+0000] {logging_mixin.py:190} INFO - [2026-07-29T17:58:11.522+0000] {dag.py:3211} INFO - Sync 1 DAGs
[2026-07-29T17:58:11.533+0000] {logging_mixin.py:190} INFO - [2026-07-29T17:58:11.533+0000] {dag.py:4138} INFO - Setting next_dagrun for example_branch_operator to 2026-07-28 00:00:00+00:00, run_after=2026-07-29 00:00:00+00:00
[2026-07-29T17:58:11.541+0000] {processor.py:208} INFO - Processing /home/airflow/.local/lib/python3.12/site-packages/airflow/example_dags/example_branch_operator.py took 0.049 seconds
[2026-07-29T17:58:41.667+0000] {processor.py:186} INFO - Started process (PID=16654) to work on /home/airflow/.local/lib/python3.12/site-packages/airflow/example_dags/example_branch_operator.py
[2026-07-29T17:58:41.668+0000] {processor.py:914} INFO - Processing file /home/airflow/.local/lib/python3.12/site-packages/airflow/example_dags/example_branch_operator.py for tasks to queue
[2026-07-29T17:58:41.670+0000] {logging_mixin.py:190} INFO - [2026-07-29T17:58:41.670+0000] {dagbag.py:587} INFO - Filling up the DagBag from /home/airflow/.local/lib/python3.12/site-packages/airflow/example_dags/example_branch_operator.py
[2026-07-29T17:58:41.678+0000] {processor.py:925} INFO - DAG(s) 'example_branch_operator' retrieved from /home/airflow/.local/lib/python3.12/site-packages/airflow/example_dags/example_branch_operator.py
[2026-07-29T17:58:41.692+0000] {logging_mixin.py:190} INFO - [2026-07-29T17:58:41.691+0000] {dag.py:3211} INFO - Sync 1 DAGs
[2026-07-29T17:58:41.703+0000] {logging_mixin.py:190} INFO - [2026-07-29T17:58:41.703+0000] {dag.py:4138} INFO - Setting next_dagrun for example_branch_operator to 2026-07-28 00:00:00+00:00, run_after=2026-07-29 00:00:00+00:00
[2026-07-29T17:58:41.711+0000] {processor.py:208} INFO - Processing /home/airflow/.local/lib/python3.12/site-packages/airflow/example_dags/example_branch_operator.py took 0.046 seconds
[2026-07-29T17:59:11.942+0000] {processor.py:186} INFO - Started process (PID=16720) to work on /home/airflow/.local/lib/python3.12/site-packages/airflow/example_dags/example_branch_operator.py
[2026-07-29T17:59:11.942+0000] {processor.py:914} INFO - Processing file /home/airflow/.local/lib/python3.12/site-packages/airflow/example_dags/example_branch_operator.py for tasks to queue
[2026-07-29T17:59:11.944+0000] {logging_mixin.py:190} INFO - [2026-07-29T17:59:11.944+0000] {dagbag.py:587} INFO - Filling up the DagBag from /home/airflow/.local/lib/python3.12/site-packages/airflow/example_dags/example_branch_operator.py
[2026-07-29T17:59:11.954+0000] {processor.py:925} INFO - DAG(s) 'example_branch_operator' retrieved from /home/airflow/.local/lib/python3.12/site-packages/airflow/example_dags/example_branch_operator.py
[2026-07-29T17:59:11.969+0000] {logging_mixin.py:190} INFO - [2026-07-29T17:59:11.969+0000] {dag.py:3211} INFO - Sync 1 DAGs
[2026-07-29T17:59:11.980+0000] {logging_mixin.py:190} INFO - [2026-07-29T17:59:11.979+0000] {dag.py:4138} INFO - Setting next_dagrun for example_branch_operator to 2026-07-28 00:00:00+00:00, run_after=2026-07-29 00:00:00+00:00
[2026-07-29T17:59:11.988+0000] {processor.py:208} INFO - Processing /home/airflow/.local/lib/python3.12/site-packages/airflow/example_dags/example_branch_operator.py took 0.050 seconds
[2026-07-29T17:59:42.091+0000] {processor.py:186} INFO - Started process (PID=16786) to work on /home/airflow/.local/lib/python3.12/site-packages/airflow/example_dags/example_branch_operator.py
[2026-07-29T17:59:42.092+0000] {processor.py:914} INFO - Processing file /home/airflow/.local/lib/python3.12/site-packages/airflow/example_dags/example_branch_operator.py for tasks to queue
[2026-07-29T17:59:42.093+0000] {logging_mixin.py:190} INFO - [2026-07-29T17:59:42.093+0000] {dagbag.py:587} INFO - Filling up the DagBag from /home/airflow/.local/lib/python3.12/site-packages/airflow/example_dags/example_branch_operator.py
[2026-07-29T17:59:42.102+0000] {processor.py:925} INFO - DAG(s) 'example_branch_operator' retrieved from /home/airflow/.local/lib/python3.12/site-packages/airflow/example_dags/example_branch_operator.py
[2026-07-29T17:59:42.114+0000] {logging_mixin.py:190} INFO - [2026-07-29T17:59:42.114+0000] {dag.py:3211} INFO - Sync 1 DAGs
[2026-07-29T17:59:42.125+0000] {logging_mixin.py:190} INFO - [2026-07-29T17:59:42.125+0000] {dag.py:4138} INFO - Setting next_dagrun for example_branch_operator to 2026-07-28 00:00:00+00:00, run_after=2026-07-29 00:00:00+00:00
[2026-07-29T17:59:42.135+0000] {processor.py:208} INFO - Processing /home/airflow/.local/lib/python3.12/site-packages/airflow/example_dags/example_branch_operator.py took 0.047 seconds
[2026-07-29T18:00:12.369+0000] {processor.py:186} INFO - Started process (PID=16852) to work on /home/airflow/.local/lib/python3.12/site-packages/airflow/example_dags/example_branch_operator.py
[2026-07-29T18:00:12.370+0000] {processor.py:914} INFO - Processing file /home/airflow/.local/lib/python3.12/site-packages/airflow/example_dags/example_branch_operator.py for tasks to queue
[2026-07-29T18:00:12.371+0000] {logging_mixin.py:190} INFO - [2026-07-29T18:00:12.371+0000] {dagbag.py:587} INFO - Filling up the DagBag from /home/airflow/.local/lib/python3.12/site-packages/airflow/example_dags/example_branch_operator.py
[2026-07-29T18:00:12.378+0000] {processor.py:925} INFO - DAG(s) 'example_branch_operator' retrieved from /home/airflow/.local/lib/python3.12/site-packages/airflow/example_dags/example_branch_operator.py
[2026-07-29T18:00:12.389+0000] {logging_mixin.py:190} INFO - [2026-07-29T18:00:12.389+0000] {dag.py:3211} INFO - Sync 1 DAGs
[2026-07-29T18:00:12.398+0000] {logging_mixin.py:190} INFO - [2026-07-29T18:00:12.398+0000] {dag.py:4138} INFO - Setting next_dagrun for example_branch_operator to 2026-07-28 00:00:00+00:00, run_after=2026-07-29 00:00:00+00:00
[2026-07-29T18:00:12.405+0000] {processor.py:208} INFO - Processing /home/airflow/.local/lib/python3.12/site-packages/airflow/example_dags/example_branch_operator.py took 0.038 seconds
[2026-07-29T18:00:42.656+0000] {processor.py:186} INFO - Started process (PID=16917) to work on /home/airflow/.local/lib/python3.12/site-packages/airflow/example_dags/example_branch_operator.py
[2026-07-29T18:00:42.657+0000] {processor.py:914} INFO - Processing file /home/airflow/.local/lib/python3.12/site-packages/airflow/example_dags/example_branch_operator.py for tasks to queue
[2026-07-29T18:00:42.659+0000] {logging_mixin.py:190} INFO - [2026-07-29T18:00:42.659+0000] {dagbag.py:587} INFO - Filling up the DagBag from /home/airflow/.local/lib/python3.12/site-packages/airflow/example_dags/example_branch_operator.py
[2026-07-29T18:00:42.668+0000] {processor.py:925} INFO - DAG(s) 'example_branch_operator' retrieved from /home/airflow/.local/lib/python3.12/site-packages/airflow/example_dags/example_branch_operator.py
[2026-07-29T18:00:42.683+0000] {logging_mixin.py:190} INFO - [2026-07-29T18:00:42.683+0000] {dag.py:3211} INFO - Sync 1 DAGs
[2026-07-29T18:00:42.694+0000] {logging_mixin.py:190} INFO - [2026-07-29T18:00:42.694+0000] {dag.py:4138} INFO - Setting next_dagrun for example_branch_operator to 2026-07-28 00:00:00+00:00, run_after=2026-07-29 00:00:00+00:00
[2026-07-29T18:00:42.790+0000] {processor.py:208} INFO - Processing /home/airflow/.local/lib/python3.12/site-packages/airflow/example_dags/example_branch_operator.py took 0.138 seconds
[2026-07-29T18:01:13.096+0000] {processor.py:186} INFO - Started process (PID=16983) to work on /home/airflow/.local/lib/python3.12/site-packages/airflow/example_dags/example_branch_operator.py
[2026-07-29T18:01:13.097+0000] {processor.py:914} INFO - Processing file /home/airflow/.local/lib/python3.12/site-packages/airflow/example_dags/example_branch_operator.py for tasks to queue
[2026-07-29T18:01:13.099+0000] {logging_mixin.py:190} INFO - [2026-07-29T18:01:13.098+0000] {dagbag.py:587} INFO - Filling up the DagBag from /home/airflow/.local/lib/python3.12/site-packages/airflow/example_dags/example_branch_operator.py
[2026-07-29T18:01:13.107+0000] {processor.py:925} INFO - DAG(s) 'example_branch_operator' retrieved from /home/airflow/.local/lib/python3.12/site-packages/airflow/example_dags/example_branch_operator.py
[2026-07-29T18:01:13.122+0000] {logging_mixin.py:190} INFO - [2026-07-29T18:01:13.122+0000] {dag.py:3211} INFO - Sync 1 DAGs
[2026-07-29T18:01:13.131+0000] {logging_mixin.py:190} INFO - [2026-07-29T18:01:13.131+0000] {dag.py:4138} INFO - Setting next_dagrun for example_branch_operator to 2026-07-28 00:00:00+00:00, run_after=2026-07-29 00:00:00+00:00
[2026-07-29T18:01:13.141+0000] {processor.py:208} INFO - Processing /home/airflow/.local/lib/python3.12/site-packages/airflow/example_dags/example_branch_operator.py took 0.048 seconds
[2026-07-29T18:01:43.457+0000] {processor.py:186} INFO - Started process (PID=17049) to work on /home/airflow/.local/lib/python3.12/site-packages/airflow/example_dags/example_branch_operator.py
[2026-07-29T18:01:43.458+0000] {processor.py:914} INFO - Processing file /home/airflow/.local/lib/python3.12/site-packages/airflow/example_dags/example_branch_operator.py for tasks to queue
[2026-07-29T18:01:43.461+0000] {logging_mixin.py:190} INFO - [2026-07-29T18:01:43.461+0000] {dagbag.py:587} INFO - Filling up the DagBag from /home/airflow/.local/lib/python3.12/site-packages/airflow/example_dags/example_branch_operator.py
[2026-07-29T18:01:43.469+0000] {processor.py:925} INFO - DAG(s) 'example_branch_operator' retrieved from /home/airflow/.local/lib/python3.12/site-packages/airflow/example_dags/example_branch_operator.py
[2026-07-29T18:01:43.490+0000] {logging_mixin.py:190} INFO - [2026-07-29T18:01:43.490+0000] {dag.py:3211} INFO - Sync 1 DAGs
[2026-07-29T18:01:43.500+0000] {logging_mixin.py:190} INFO - [2026-07-29T18:01:43.500+0000] {dag.py:4138} INFO - Setting next_dagrun for example_branch_operator to 2026-07-28 00:00:00+00:00, run_after=2026-07-29 00:00:00+00:00
[2026-07-29T18:01:43.509+0000] {processor.py:208} INFO - Processing /home/airflow/.local/lib/python3.12/site-packages/airflow/example_dags/example_branch_operator.py took 0.054 seconds
[2026-07-29T18:02:14.119+0000] {processor.py:186} INFO - Started process (PID=17115) to work on /home/airflow/.local/lib/python3.12/site-packages/airflow/example_dags/example_branch_operator.py
[2026-07-29T18:02:14.120+0000] {processor.py:914} INFO - Processing file /home/airflow/.local/lib/python3.12/site-packages/airflow/example_dags/example_branch_operator.py for tasks to queue
[2026-07-29T18:02:14.122+0000] {logging_mixin.py:190} INFO - [2026-07-29T18:02:14.122+0000] {dagbag.py:587} INFO - Filling up the DagBag from /home/airflow/.local/lib/python3.12/site-packages/airflow/example_dags/example_branch_operator.py
[2026-07-29T18:02:14.133+0000] {processor.py:925} INFO - DAG(s) 'example_branch_operator' retrieved from /home/airflow/.local/lib/python3.12/site-packages/airflow/example_dags/example_branch_operator.py
[2026-07-29T18:02:14.146+0000] {logging_mixin.py:190} INFO - [2026-07-29T18:02:14.145+0000] {dag.py:3211} INFO - Sync 1 DAGs
[2026-07-29T18:02:14.253+0000] {logging_mixin.py:190} INFO - [2026-07-29T18:02:14.253+0000] {dag.py:4138} INFO - Setting next_dagrun for example_branch_operator to 2026-07-28 00:00:00+00:00, run_after=2026-07-29 00:00:00+00:00
[2026-07-29T18:02:14.261+0000] {processor.py:208} INFO - Processing /home/airflow/.local/lib/python3.12/site-packages/airflow/example_dags/example_branch_operator.py took 0.145 seconds
[2026-07-29T18:02:44.561+0000] {processor.py:186} INFO - Started process (PID=17181) to work on /home/airflow/.local/lib/python3.12/site-packages/airflow/example_dags/example_branch_operator.py
[2026-07-29T18:02:44.561+0000] {processor.py:914} INFO - Processing file /home/airflow/.local/lib/python3.12/site-packages/airflow/example_dags/example_branch_operator.py for tasks to queue
[2026-07-29T18:02:44.562+0000] {logging_mixin.py:190} INFO - [2026-07-29T18:02:44.562+0000] {dagbag.py:587} INFO - Filling up the DagBag from /home/airflow/.local/lib/python3.12/site-packages/airflow/example_dags/example_branch_operator.py
[2026-07-29T18:02:44.571+0000] {processor.py:925} INFO - DAG(s) 'example_branch_operator' retrieved from /home/airflow/.local/lib/python3.12/site-packages/airflow/example_dags/example_branch_operator.py
[2026-07-29T18:02:44.586+0000] {logging_mixin.py:190} INFO - [2026-07-29T18:02:44.586+0000] {dag.py:3211} INFO - Sync 1 DAGs
[2026-07-29T18:02:44.595+0000] {logging_mixin.py:190} INFO - [2026-07-29T18:02:44.595+0000] {dag.py:4138} INFO - Setting next_dagrun for example_branch_operator to 2026-07-28 00:00:00+00:00, run_after=2026-07-29 00:00:00+00:00
[2026-07-29T18:02:44.685+0000] {processor.py:208} INFO - Processing /home/airflow/.local/lib/python3.12/site-packages/airflow/example_dags/example_branch_operator.py took 0.127 seconds
[2026-07-29T18:03:15.105+0000] {processor.py:186} INFO - Started process (PID=17247) to work on /home/airflow/.local/lib/python3.12/site-packages/airflow/example_dags/example_branch_operator.py
[2026-07-29T18:03:15.106+0000] {processor.py:914} INFO - Processing file /home/airflow/.local/lib/python3.12/site-packages/airflow/example_dags/example_branch_operator.py for tasks to queue
[2026-07-29T18:03:15.108+0000] {logging_mixin.py:190} INFO - [2026-07-29T18:03:15.108+0000] {dagbag.py:587} INFO - Filling up the DagBag from /home/airflow/.local/lib/python3.12/site-packages/airflow/example_dags/example_branch_operator.py
[2026-07-29T18:03:15.116+0000] {processor.py:925} INFO - DAG(s) 'example_branch_operator' retrieved from /home/airflow/.local/lib/python3.12/site-packages/airflow/example_dags/example_branch_operator.py
[2026-07-29T18:03:15.132+0000] {logging_mixin.py:190} INFO - [2026-07-29T18:03:15.132+0000] {dag.py:3211} INFO - Sync 1 DAGs
[2026-07-29T18:03:15.141+0000] {logging_mixin.py:190} INFO - [2026-07-29T18:03:15.141+0000] {dag.py:4138} INFO - Setting next_dagrun for example_branch_operator to 2026-07-28 00:00:00+00:00, run_after=2026-07-29 00:00:00+00:00
[2026-07-29T18:03:15.152+0000] {processor.py:208} INFO - Processing /home/airflow/.local/lib/python3.12/site-packages/airflow/example_dags/example_branch_operator.py took 0.050 seconds
[2026-07-29T18:03:46.727+0000] {processor.py:186} INFO - Started process (PID=17312) to work on /home/airflow/.local/lib/python3.12/site-packages/airflow/example_dags/example_branch_operator.py
[2026-07-29T18:03:46.727+0000] {processor.py:914} INFO - Processing file /home/airflow/.local/lib/python3.12/site-packages/airflow/example_dags/example_branch_operator.py for tasks to queue
[2026-07-29T18:03:46.729+0000] {logging_mixin.py:190} INFO - [2026-07-29T18:03:46.729+0000] {dagbag.py:587} INFO - Filling up the DagBag from /home/airflow/.local/lib/python3.12/site-packages/airflow/example_dags/example_branch_operator.py
[2026-07-29T18:03:46.737+0000] {processor.py:925} INFO - DAG(s) 'example_branch_operator' retrieved from /home/airflow/.local/lib/python3.12/site-packages/airflow/example_dags/example_branch_operator.py
[2026-07-29T18:03:46.863+0000] {logging_mixin.py:190} INFO - [2026-07-29T18:03:46.863+0000] {dag.py:3211} INFO - Sync 1 DAGs
[2026-07-29T18:03:46.871+0000] {logging_mixin.py:190} INFO - [2026-07-29T18:03:46.871+0000] {dag.py:4138} INFO - Setting next_dagrun for example_branch_operator to 2026-07-28 00:00:00+00:00, run_after=2026-07-29 00:00:00+00:00
[2026-07-29T18:03:46.877+0000] {processor.py:208} INFO - Processing /home/airflow/.local/lib/python3.12/site-packages/airflow/example_dags/example_branch_operator.py took 0.153 seconds
[2026-07-29T18:04:17.760+0000] {processor.py:186} INFO - Started process (PID=17378) to work on /home/airflow/.local/lib/python3.12/site-packages/airflow/example_dags/example_branch_operator.py
[2026-07-29T18:04:17.760+0000] {processor.py:914} INFO - Processing file /home/airflow/.local/lib/python3.12/site-packages/airflow/example_dags/example_branch_operator.py for tasks to queue
[2026-07-29T18:04:17.761+0000] {logging_mixin.py:190} INFO - [2026-07-29T18:04:17.761+0000] {dagbag.py:587} INFO - Filling up the DagBag from /home/airflow/.local/lib/python3.12/site-packages/airflow/example_dags/example_branch_operator.py
[2026-07-29T18:04:17.770+0000] {processor.py:925} INFO - DAG(s) 'example_branch_operator' retrieved from /home/airflow/.local/lib/python3.12/site-packages/airflow/example_dags/example_branch_operator.py
[2026-07-29T18:04:17.789+0000] {logging_mixin.py:190} INFO - [2026-07-29T18:04:17.789+0000] {dag.py:3211} INFO - Sync 1 DAGs
[2026-07-29T18:04:17.803+0000] {logging_mixin.py:190} INFO - [2026-07-29T18:04:17.802+0000] {dag.py:4138} INFO - Setting next_dagrun for example_branch_operator to 2026-07-28 00:00:00+00:00, run_after=2026-07-29 00:00:00+00:00
[2026-07-29T18:04:17.808+0000] {processor.py:208} INFO - Processing /home/airflow/.local/lib/python3.12/site-packages/airflow/example_dags/example_branch_operator.py took 0.051 seconds
[2026-07-29T18:04:47.827+0000] {processor.py:186} INFO - Started process (PID=17444) to work on /home/airflow/.local/lib/python3.12/site-packages/airflow/example_dags/example_branch_operator.py
[2026-07-29T18:04:47.828+0000] {processor.py:914} INFO - Processing file /home/airflow/.local/lib/python3.12/site-packages/airflow/example_dags/example_branch_operator.py for tasks to queue
[2026-07-29T18:04:47.829+0000] {logging_mixin.py:190} INFO - [2026-07-29T18:04:47.829+0000] {dagbag.py:587} INFO - Filling up the DagBag from /home/airflow/.local/lib/python3.12/site-packages/airflow/example_dags/example_branch_operator.py
[2026-07-29T18:04:47.840+0000] {processor.py:925} INFO - DAG(s) 'example_branch_operator' retrieved from /home/airflow/.local/lib/python3.12/site-packages/airflow/example_dags/example_branch_operator.py
[2026-07-29T18:04:47.857+0000] {logging_mixin.py:190} INFO - [2026-07-29T18:04:47.857+0000] {dag.py:3211} INFO - Sync 1 DAGs
[2026-07-29T18:04:47.869+0000] {logging_mixin.py:190} INFO - [2026-07-29T18:04:47.868+0000] {dag.py:4138} INFO - Setting next_dagrun for example_branch_operator to 2026-07-28 00:00:00+00:00, run_after=2026-07-29 00:00:00+00:00
[2026-07-29T18:04:47.879+0000] {processor.py:208} INFO - Processing /home/airflow/.local/lib/python3.12/site-packages/airflow/example_dags/example_branch_operator.py took 0.055 seconds
[2026-07-29T18:05:17.953+0000] {processor.py:186} INFO - Started process (PID=17510) to work on /home/airflow/.local/lib/python3.12/site-packages/airflow/example_dags/example_branch_operator.py
[2026-07-29T18:05:17.954+0000] {processor.py:914} INFO - Processing file /home/airflow/.local/lib/python3.12/site-packages/airflow/example_dags/example_branch_operator.py for tasks to queue
[2026-07-29T18:05:17.955+0000] {logging_mixin.py:190} INFO - [2026-07-29T18:05:17.955+0000] {dagbag.py:587} INFO - Filling up the DagBag from /home/airflow/.local/lib/python3.12/site-packages/airflow/example_dags/example_branch_operator.py
[2026-07-29T18:05:17.962+0000] {processor.py:925} INFO - DAG(s) 'example_branch_operator' retrieved from /home/airflow/.local/lib/python3.12/site-packages/airflow/example_dags/example_branch_operator.py
[2026-07-29T18:05:17.975+0000] {logging_mixin.py:190} INFO - [2026-07-29T18:05:17.975+0000] {dag.py:3211} INFO - Sync 1 DAGs
[2026-07-29T18:05:17.990+0000] {logging_mixin.py:190} INFO - [2026-07-29T18:05:17.990+0000] {dag.py:4138} INFO - Setting next_dagrun for example_branch_operator to 2026-07-28 00:00:00+00:00, run_after=2026-07-29 00:00:00+00:00
[2026-07-29T18:05:18.000+0000] {processor.py:208} INFO - Processing /home/airflow/.local/lib/python3.12/site-packages/airflow/example_dags/example_branch_operator.py took 0.050 seconds
[2026-07-29T18:05:48.151+0000] {processor.py:186} INFO - Started process (PID=17576) to work on /home/airflow/.local/lib/python3.12/site-packages/airflow/example_dags/example_branch_operator.py
[2026-07-29T18:05:48.151+0000] {processor.py:914} INFO - Processing file /home/airflow/.local/lib/python3.12/site-packages/airflow/example_dags/example_branch_operator.py for tasks to queue
[2026-07-29T18:05:48.153+0000] {logging_mixin.py:190} INFO - [2026-07-29T18:05:48.153+0000] {dagbag.py:587} INFO - Filling up the DagBag from /home/airflow/.local/lib/python3.12/site-packages/airflow/example_dags/example_branch_operator.py
[2026-07-29T18:05:48.160+0000] {processor.py:925} INFO - DAG(s) 'example_branch_operator' retrieved from /home/airflow/.local/lib/python3.12/site-packages/airflow/example_dags/example_branch_operator.py
[2026-07-29T18:05:48.177+0000] {logging_mixin.py:190} INFO - [2026-07-29T18:05:48.177+0000] {dag.py:3211} INFO - Sync 1 DAGs
[2026-07-29T18:05:48.189+0000] {logging_mixin.py:190} INFO - [2026-07-29T18:05:48.189+0000] {dag.py:4138} INFO - Setting next_dagrun for example_branch_operator to 2026-07-28 00:00:00+00:00, run_after=2026-07-29 00:00:00+00:00
[2026-07-29T18:05:48.200+0000] {processor.py:208} INFO - Processing /home/airflow/.local/lib/python3.12/site-packages/airflow/example_dags/example_branch_operator.py took 0.052 seconds
[2026-07-29T18:06:18.227+0000] {processor.py:186} INFO - Started process (PID=17642) to work on /home/airflow/.local/lib/python3.12/site-packages/airflow/example_dags/example_branch_operator.py
[2026-07-29T18:06:18.228+0000] {processor.py:914} INFO - Processing file /home/airflow/.local/lib/python3.12/site-packages/airflow/example_dags/example_branch_operator.py for tasks to queue
[2026-07-29T18:06:18.229+0000] {logging_mixin.py:190} INFO - [2026-07-29T18:06:18.229+0000] {dagbag.py:587} INFO - Filling up the DagBag from /home/airflow/.local/lib/python3.12/site-packages/airflow/example_dags/example_branch_operator.py
[2026-07-29T18:06:18.241+0000] {processor.py:925} INFO - DAG(s) 'example_branch_operator' retrieved from /home/airflow/.local/lib/python3.12/site-packages/airflow/example_dags/example_branch_operator.py
[2026-07-29T18:06:18.251+0000] {logging_mixin.py:190} INFO - [2026-07-29T18:06:18.251+0000] {dag.py:3211} INFO - Sync 1 DAGs
[2026-07-29T18:06:18.261+0000] {logging_mixin.py:190} INFO - [2026-07-29T18:06:18.261+0000] {dag.py:4138} INFO - Setting next_dagrun for example_branch_operator to 2026-07-28 00:00:00+00:00, run_after=2026-07-29 00:00:00+00:00
[2026-07-29T18:06:18.269+0000] {processor.py:208} INFO - Processing /home/airflow/.local/lib/python3.12/site-packages/airflow/example_dags/example_branch_operator.py took 0.045 seconds
[2026-07-29T18:06:48.429+0000] {processor.py:186} INFO - Started process (PID=17708) to work on /home/airflow/.local/lib/python3.12/site-packages/airflow/example_dags/example_branch_operator.py
[2026-07-29T18:06:48.431+0000] {processor.py:914} INFO - Processing file /home/airflow/.local/lib/python3.12/site-packages/airflow/example_dags/example_branch_operator.py for tasks to queue
[2026-07-29T18:06:48.433+0000] {logging_mixin.py:190} INFO - [2026-07-29T18:06:48.432+0000] {dagbag.py:587} INFO - Filling up the DagBag from /home/airflow/.local/lib/python3.12/site-packages/airflow/example_dags/example_branch_operator.py
[2026-07-29T18:06:48.440+0000] {processor.py:925} INFO - DAG(s) 'example_branch_operator' retrieved from /home/airflow/.local/lib/python3.12/site-packages/airflow/example_dags/example_branch_operator.py
[2026-07-29T18:06:48.463+0000] {logging_mixin.py:190} INFO - [2026-07-29T18:06:48.463+0000] {dag.py:3211} INFO - Sync 1 DAGs
[2026-07-29T18:06:48.474+0000] {logging_mixin.py:190} INFO - [2026-07-29T18:06:48.474+0000] {dag.py:4138} INFO - Setting next_dagrun for example_branch_operator to 2026-07-28 00:00:00+00:00, run_after=2026-07-29 00:00:00+00:00
[2026-07-29T18:06:48.483+0000] {processor.py:208} INFO - Processing /home/airflow/.local/lib/python3.12/site-packages/airflow/example_dags/example_branch_operator.py took 0.057 seconds
[2026-07-29T18:07:18.527+0000] {processor.py:186} INFO - Started process (PID=17774) to work on /home/airflow/.local/lib/python3.12/site-packages/airflow/example_dags/example_branch_operator.py
[2026-07-29T18:07:18.529+0000] {processor.py:914} INFO - Processing file /home/airflow/.local/lib/python3.12/site-packages/airflow/example_dags/example_branch_operator.py for tasks to queue
[2026-07-29T18:07:18.530+0000] {logging_mixin.py:190} INFO - [2026-07-29T18:07:18.530+0000] {dagbag.py:587} INFO - Filling up the DagBag from /home/airflow/.local/lib/python3.12/site-packages/airflow/example_dags/example_branch_operator.py
[2026-07-29T18:07:18.542+0000] {processor.py:925} INFO - DAG(s) 'example_branch_operator' retrieved from /home/airflow/.local/lib/python3.12/site-packages/airflow/example_dags/example_branch_operator.py
[2026-07-29T18:07:18.559+0000] {logging_mixin.py:190} INFO - [2026-07-29T18:07:18.559+0000] {dag.py:3211} INFO - Sync 1 DAGs
[2026-07-29T18:07:18.570+0000] {logging_mixin.py:190} INFO - [2026-07-29T18:07:18.570+0000] {dag.py:4138} INFO - Setting next_dagrun for example_branch_operator to 2026-07-28 00:00:00+00:00, run_after=2026-07-29 00:00:00+00:00
[2026-07-29T18:07:18.578+0000] {processor.py:208} INFO - Processing /home/airflow/.local/lib/python3.12/site-packages/airflow/example_dags/example_branch_operator.py took 0.054 seconds
[2026-07-29T18:07:48.710+0000] {processor.py:186} INFO - Started process (PID=17840) to work on /home/airflow/.local/lib/python3.12/site-packages/airflow/example_dags/example_branch_operator.py
[2026-07-29T18:07:48.711+0000] {processor.py:914} INFO - Processing file /home/airflow/.local/lib/python3.12/site-packages/airflow/example_dags/example_branch_operator.py for tasks to queue
[2026-07-29T18:07:48.712+0000] {logging_mixin.py:190} INFO - [2026-07-29T18:07:48.712+0000] {dagbag.py:587} INFO - Filling up the DagBag from /home/airflow/.local/lib/python3.12/site-packages/airflow/example_dags/example_branch_operator.py
[2026-07-29T18:07:48.721+0000] {processor.py:925} INFO - DAG(s) 'example_branch_operator' retrieved from /home/airflow/.local/lib/python3.12/site-packages/airflow/example_dags/example_branch_operator.py
[2026-07-29T18:07:48.734+0000] {logging_mixin.py:190} INFO - [2026-07-29T18:07:48.734+0000] {dag.py:3211} INFO - Sync 1 DAGs
[2026-07-29T18:07:48.744+0000] {logging_mixin.py:190} INFO - [2026-07-29T18:07:48.744+0000] {dag.py:4138} INFO - Setting next_dagrun for example_branch_operator to 2026-07-28 00:00:00+00:00, run_after=2026-07-29 00:00:00+00:00
[2026-07-29T18:07:48.753+0000] {processor.py:208} INFO - Processing /home/airflow/.local/lib/python3.12/site-packages/airflow/example_dags/example_branch_operator.py took 0.046 seconds
[2026-07-29T18:08:19.696+0000] {processor.py:186} INFO - Started process (PID=17906) to work on /home/airflow/.local/lib/python3.12/site-packages/airflow/example_dags/example_branch_operator.py
[2026-07-29T18:08:19.697+0000] {processor.py:914} INFO - Processing file /home/airflow/.local/lib/python3.12/site-packages/airflow/example_dags/example_branch_operator.py for tasks to queue
[2026-07-29T18:08:19.698+0000] {logging_mixin.py:190} INFO - [2026-07-29T18:08:19.698+0000] {dagbag.py:587} INFO - Filling up the DagBag from /home/airflow/.local/lib/python3.12/site-packages/airflow/example_dags/example_branch_operator.py
[2026-07-29T18:08:19.710+0000] {processor.py:925} INFO - DAG(s) 'example_branch_operator' retrieved from /home/airflow/.local/lib/python3.12/site-packages/airflow/example_dags/example_branch_operator.py
[2026-07-29T18:08:19.726+0000] {logging_mixin.py:190} INFO - [2026-07-29T18:08:19.726+0000] {dag.py:3211} INFO - Sync 1 DAGs
[2026-07-29T18:08:19.735+0000] {logging_mixin.py:190} INFO - [2026-07-29T18:08:19.735+0000] {dag.py:4138} INFO - Setting next_dagrun for example_branch_operator to 2026-07-28 00:00:00+00:00, run_after=2026-07-29 00:00:00+00:00
[2026-07-29T18:08:19.744+0000] {processor.py:208} INFO - Processing /home/airflow/.local/lib/python3.12/site-packages/airflow/example_dags/example_branch_operator.py took 0.051 seconds
[2026-07-29T18:08:50.712+0000] {processor.py:186} INFO - Started process (PID=17972) to work on /home/airflow/.local/lib/python3.12/site-packages/airflow/example_dags/example_branch_operator.py
[2026-07-29T18:08:50.713+0000] {processor.py:914} INFO - Processing file /home/airflow/.local/lib/python3.12/site-packages/airflow/example_dags/example_branch_operator.py for tasks to queue
[2026-07-29T18:08:50.714+0000] {logging_mixin.py:190} INFO - [2026-07-29T18:08:50.714+0000] {dagbag.py:587} INFO - Filling up the DagBag from /home/airflow/.local/lib/python3.12/site-packages/airflow/example_dags/example_branch_operator.py
[2026-07-29T18:08:50.726+0000] {processor.py:925} INFO - DAG(s) 'example_branch_operator' retrieved from /home/airflow/.local/lib/python3.12/site-packages/airflow/example_dags/example_branch_operator.py
[2026-07-29T18:08:50.741+0000] {logging_mixin.py:190} INFO - [2026-07-29T18:08:50.741+0000] {dag.py:3211} INFO - Sync 1 DAGs
[2026-07-29T18:08:50.753+0000] {logging_mixin.py:190} INFO - [2026-07-29T18:08:50.753+0000] {dag.py:4138} INFO - Setting next_dagrun for example_branch_operator to 2026-07-28 00:00:00+00:00, run_after=2026-07-29 00:00:00+00:00
[2026-07-29T18:08:50.763+0000] {processor.py:208} INFO - Processing /home/airflow/.local/lib/python3.12/site-packages/airflow/example_dags/example_branch_operator.py took 0.053 seconds
[2026-07-29T18:09:21.442+0000] {processor.py:186} INFO - Started process (PID=18037) to work on /home/airflow/.local/lib/python3.12/site-packages/airflow/example_dags/example_branch_operator.py
[2026-07-29T18:09:21.443+0000] {processor.py:914} INFO - Processing file /home/airflow/.local/lib/python3.12/site-packages/airflow/example_dags/example_branch_operator.py for tasks to queue
[2026-07-29T18:09:21.447+0000] {logging_mixin.py:190} INFO - [2026-07-29T18:09:21.447+0000] {dagbag.py:587} INFO - Filling up the DagBag from /home/airflow/.local/lib/python3.12/site-packages/airflow/example_dags/example_branch_operator.py
[2026-07-29T18:09:21.456+0000] {processor.py:925} INFO - DAG(s) 'example_branch_operator' retrieved from /home/airflow/.local/lib/python3.12/site-packages/airflow/example_dags/example_branch_operator.py
[2026-07-29T18:09:21.474+0000] {logging_mixin.py:190} INFO - [2026-07-29T18:09:21.474+0000] {dag.py:3211} INFO - Sync 1 DAGs
[2026-07-29T18:09:21.486+0000] {logging_mixin.py:190} INFO - [2026-07-29T18:09:21.486+0000] {dag.py:4138} INFO - Setting next_dagrun for example_branch_operator to 2026-07-28 00:00:00+00:00, run_after=2026-07-29 00:00:00+00:00
[2026-07-29T18:09:21.493+0000] {processor.py:208} INFO - Processing /home/airflow/.local/lib/python3.12/site-packages/airflow/example_dags/example_branch_operator.py took 0.054 seconds
[2026-07-29T18:09:52.396+0000] {processor.py:186} INFO - Started process (PID=18103) to work on /home/airflow/.local/lib/python3.12/site-packages/airflow/example_dags/example_branch_operator.py
[2026-07-29T18:09:52.398+0000] {processor.py:914} INFO - Processing file /home/airflow/.local/lib/python3.12/site-packages/airflow/example_dags/example_branch_operator.py for tasks to queue
[2026-07-29T18:09:52.398+0000] {logging_mixin.py:190} INFO - [2026-07-29T18:09:52.398+0000] {dagbag.py:587} INFO - Filling up the DagBag from /home/airflow/.local/lib/python3.12/site-packages/airflow/example_dags/example_branch_operator.py
[2026-07-29T18:09:52.413+0000] {processor.py:925} INFO - DAG(s) 'example_branch_operator' retrieved from /home/airflow/.local/lib/python3.12/site-packages/airflow/example_dags/example_branch_operator.py
[2026-07-29T18:09:52.424+0000] {logging_mixin.py:190} INFO - [2026-07-29T18:09:52.424+0000] {dag.py:3211} INFO - Sync 1 DAGs
[2026-07-29T18:09:52.439+0000] {logging_mixin.py:190} INFO - [2026-07-29T18:09:52.439+0000] {dag.py:4138} INFO - Setting next_dagrun for example_branch_operator to 2026-07-28 00:00:00+00:00, run_after=2026-07-29 00:00:00+00:00
[2026-07-29T18:09:52.446+0000] {processor.py:208} INFO - Processing /home/airflow/.local/lib/python3.12/site-packages/airflow/example_dags/example_branch_operator.py took 0.052 seconds
[2026-07-29T18:10:23.405+0000] {processor.py:186} INFO - Started process (PID=18169) to work on /home/airflow/.local/lib/python3.12/site-packages/airflow/example_dags/example_branch_operator.py
[2026-07-29T18:10:23.406+0000] {processor.py:914} INFO - Processing file /home/airflow/.local/lib/python3.12/site-packages/airflow/example_dags/example_branch_operator.py for tasks to queue
[2026-07-29T18:10:23.408+0000] {logging_mixin.py:190} INFO - [2026-07-29T18:10:23.407+0000] {dagbag.py:587} INFO - Filling up the DagBag from /home/airflow/.local/lib/python3.12/site-packages/airflow/example_dags/example_branch_operator.py
[2026-07-29T18:10:23.420+0000] {processor.py:925} INFO - DAG(s) 'example_branch_operator' retrieved from /home/airflow/.local/lib/python3.12/site-packages/airflow/example_dags/example_branch_operator.py
[2026-07-29T18:10:23.434+0000] {logging_mixin.py:190} INFO - [2026-07-29T18:10:23.433+0000] {dag.py:3211} INFO - Sync 1 DAGs
[2026-07-29T18:10:23.448+0000] {logging_mixin.py:190} INFO - [2026-07-29T18:10:23.448+0000] {dag.py:4138} INFO - Setting next_dagrun for example_branch_operator to 2026-07-28 00:00:00+00:00, run_after=2026-07-29 00:00:00+00:00
[2026-07-29T18:10:23.459+0000] {processor.py:208} INFO - Processing /home/airflow/.local/lib/python3.12/site-packages/airflow/example_dags/example_branch_operator.py took 0.057 seconds
[2026-07-29T18:10:54.370+0000] {processor.py:186} INFO - Started process (PID=18235) to work on /home/airflow/.local/lib/python3.12/site-packages/airflow/example_dags/example_branch_operator.py
[2026-07-29T18:10:54.370+0000] {processor.py:914} INFO - Processing file /home/airflow/.local/lib/python3.12/site-packages/airflow/example_dags/example_branch_operator.py for tasks to queue
[2026-07-29T18:10:54.371+0000] {logging_mixin.py:190} INFO - [2026-07-29T18:10:54.371+0000] {dagbag.py:587} INFO - Filling up the DagBag from /home/airflow/.local/lib/python3.12/site-packages/airflow/example_dags/example_branch_operator.py
[2026-07-29T18:10:54.380+0000] {processor.py:925} INFO - DAG(s) 'example_branch_operator' retrieved from /home/airflow/.local/lib/python3.12/site-packages/airflow/example_dags/example_branch_operator.py
[2026-07-29T18:10:54.392+0000] {logging_mixin.py:190} INFO - [2026-07-29T18:10:54.392+0000] {dag.py:3211} INFO - Sync 1 DAGs
[2026-07-29T18:10:54.404+0000] {logging_mixin.py:190} INFO - [2026-07-29T18:10:54.403+0000] {dag.py:4138} INFO - Setting next_dagrun for example_branch_operator to 2026-07-28 00:00:00+00:00, run_after=2026-07-29 00:00:00+00:00
[2026-07-29T18:10:54.413+0000] {processor.py:208} INFO - Processing /home/airflow/.local/lib/python3.12/site-packages/airflow/example_dags/example_branch_operator.py took 0.046 seconds
[2026-07-29T18:11:25.381+0000] {processor.py:186} INFO - Started process (PID=18301) to work on /home/airflow/.local/lib/python3.12/site-packages/airflow/example_dags/example_branch_operator.py
[2026-07-29T18:11:25.381+0000] {processor.py:914} INFO - Processing file /home/airflow/.local/lib/python3.12/site-packages/airflow/example_dags/example_branch_operator.py for tasks to queue
[2026-07-29T18:11:25.382+0000] {logging_mixin.py:190} INFO - [2026-07-29T18:11:25.382+0000] {dagbag.py:587} INFO - Filling up the DagBag from /home/airflow/.local/lib/python3.12/site-packages/airflow/example_dags/example_branch_operator.py
[2026-07-29T18:11:25.393+0000] {processor.py:925} INFO - DAG(s) 'example_branch_operator' retrieved from /home/airflow/.local/lib/python3.12/site-packages/airflow/example_dags/example_branch_operator.py
[2026-07-29T18:11:25.409+0000] {logging_mixin.py:190} INFO - [2026-07-29T18:11:25.409+0000] {dag.py:3211} INFO - Sync 1 DAGs
[2026-07-29T18:11:25.421+0000] {logging_mixin.py:190} INFO - [2026-07-29T18:11:25.421+0000] {dag.py:4138} INFO - Setting next_dagrun for example_branch_operator to 2026-07-28 00:00:00+00:00, run_after=2026-07-29 00:00:00+00:00
[2026-07-29T18:11:25.431+0000] {processor.py:208} INFO - Processing /home/airflow/.local/lib/python3.12/site-packages/airflow/example_dags/example_branch_operator.py took 0.053 seconds
[2026-07-29T18:11:56.416+0000] {processor.py:186} INFO - Started process (PID=18366) to work on /home/airflow/.local/lib/python3.12/site-packages/airflow/example_dags/example_branch_operator.py
[2026-07-29T18:11:56.416+0000] {processor.py:914} INFO - Processing file /home/airflow/.local/lib/python3.12/site-packages/airflow/example_dags/example_branch_operator.py for tasks to queue
[2026-07-29T18:11:56.417+0000] {logging_mixin.py:190} INFO - [2026-07-29T18:11:56.417+0000] {dagbag.py:587} INFO - Filling up the DagBag from /home/airflow/.local/lib/python3.12/site-packages/airflow/example_dags/example_branch_operator.py
[2026-07-29T18:11:56.427+0000] {processor.py:925} INFO - DAG(s) 'example_branch_operator' retrieved from /home/airflow/.local/lib/python3.12/site-packages/airflow/example_dags/example_branch_operator.py
[2026-07-29T18:11:56.443+0000] {logging_mixin.py:190} INFO - [2026-07-29T18:11:56.443+0000] {dag.py:3211} INFO - Sync 1 DAGs
[2026-07-29T18:11:56.455+0000] {logging_mixin.py:190} INFO - [2026-07-29T18:11:56.455+0000] {dag.py:4138} INFO - Setting next_dagrun for example_branch_operator to 2026-07-28 00:00:00+00:00, run_after=2026-07-29 00:00:00+00:00
[2026-07-29T18:11:56.462+0000] {processor.py:208} INFO - Processing /home/airflow/.local/lib/python3.12/site-packages/airflow/example_dags/example_branch_operator.py took 0.049 seconds
[2026-07-29T18:12:27.376+0000] {processor.py:186} INFO - Started process (PID=18432) to work on /home/airflow/.local/lib/python3.12/site-packages/airflow/example_dags/example_branch_operator.py
[2026-07-29T18:12:27.378+0000] {processor.py:914} INFO - Processing file /home/airflow/.local/lib/python3.12/site-packages/airflow/example_dags/example_branch_operator.py for tasks to queue
[2026-07-29T18:12:27.380+0000] {logging_mixin.py:190} INFO - [2026-07-29T18:12:27.379+0000] {dagbag.py:587} INFO - Filling up the DagBag from /home/airflow/.local/lib/python3.12/site-packages/airflow/example_dags/example_branch_operator.py
[2026-07-29T18:12:27.388+0000] {processor.py:925} INFO - DAG(s) 'example_branch_operator' retrieved from /home/airflow/.local/lib/python3.12/site-packages/airflow/example_dags/example_branch_operator.py
[2026-07-29T18:12:27.402+0000] {logging_mixin.py:190} INFO - [2026-07-29T18:12:27.402+0000] {dag.py:3211} INFO - Sync 1 DAGs
[2026-07-29T18:12:27.413+0000] {logging_mixin.py:190} INFO - [2026-07-29T18:12:27.413+0000] {dag.py:4138} INFO - Setting next_dagrun for example_branch_operator to 2026-07-28 00:00:00+00:00, run_after=2026-07-29 00:00:00+00:00
[2026-07-29T18:12:27.421+0000] {processor.py:208} INFO - Processing /home/airflow/.local/lib/python3.12/site-packages/airflow/example_dags/example_branch_operator.py took 0.048 seconds
[2026-07-29T18:12:58.379+0000] {processor.py:186} INFO - Started process (PID=18498) to work on /home/airflow/.local/lib/python3.12/site-packages/airflow/example_dags/example_branch_operator.py
[2026-07-29T18:12:58.380+0000] {processor.py:914} INFO - Processing file /home/airflow/.local/lib/python3.12/site-packages/airflow/example_dags/example_branch_operator.py for tasks to queue
[2026-07-29T18:12:58.382+0000] {logging_mixin.py:190} INFO - [2026-07-29T18:12:58.382+0000] {dagbag.py:587} INFO - Filling up the DagBag from /home/airflow/.local/lib/python3.12/site-packages/airflow/example_dags/example_branch_operator.py
[2026-07-29T18:12:58.395+0000] {processor.py:925} INFO - DAG(s) 'example_branch_operator' retrieved from /home/airflow/.local/lib/python3.12/site-packages/airflow/example_dags/example_branch_operator.py
[2026-07-29T18:12:58.415+0000] {logging_mixin.py:190} INFO - [2026-07-29T18:12:58.414+0000] {dag.py:3211} INFO - Sync 1 DAGs
[2026-07-29T18:12:58.426+0000] {logging_mixin.py:190} INFO - [2026-07-29T18:12:58.426+0000] {dag.py:4138} INFO - Setting next_dagrun for example_branch_operator to 2026-07-28 00:00:00+00:00, run_after=2026-07-29 00:00:00+00:00
[2026-07-29T18:12:58.433+0000] {processor.py:208} INFO - Processing /home/airflow/.local/lib/python3.12/site-packages/airflow/example_dags/example_branch_operator.py took 0.058 seconds
[2026-07-29T18:13:28.479+0000] {processor.py:186} INFO - Started process (PID=18564) to work on /home/airflow/.local/lib/python3.12/site-packages/airflow/example_dags/example_branch_operator.py
[2026-07-29T18:13:28.479+0000] {processor.py:914} INFO - Processing file /home/airflow/.local/lib/python3.12/site-packages/airflow/example_dags/example_branch_operator.py for tasks to queue
[2026-07-29T18:13:28.480+0000] {logging_mixin.py:190} INFO - [2026-07-29T18:13:28.480+0000] {dagbag.py:587} INFO - Filling up the DagBag from /home/airflow/.local/lib/python3.12/site-packages/airflow/example_dags/example_branch_operator.py
[2026-07-29T18:13:28.489+0000] {processor.py:925} INFO - DAG(s) 'example_branch_operator' retrieved from /home/airflow/.local/lib/python3.12/site-packages/airflow/example_dags/example_branch_operator.py
[2026-07-29T18:13:28.505+0000] {logging_mixin.py:190} INFO - [2026-07-29T18:13:28.505+0000] {dag.py:3211} INFO - Sync 1 DAGs
[2026-07-29T18:13:28.515+0000] {logging_mixin.py:190} INFO - [2026-07-29T18:13:28.515+0000] {dag.py:4138} INFO - Setting next_dagrun for example_branch_operator to 2026-07-28 00:00:00+00:00, run_after=2026-07-29 00:00:00+00:00
[2026-07-29T18:13:28.525+0000] {processor.py:208} INFO - Processing /home/airflow/.local/lib/python3.12/site-packages/airflow/example_dags/example_branch_operator.py took 0.048 seconds
[2026-07-29T18:13:59.316+0000] {processor.py:186} INFO - Started process (PID=18636) to work on /home/airflow/.local/lib/python3.12/site-packages/airflow/example_dags/example_branch_operator.py
[2026-07-29T18:13:59.317+0000] {processor.py:914} INFO - Processing file /home/airflow/.local/lib/python3.12/site-packages/airflow/example_dags/example_branch_operator.py for tasks to queue
[2026-07-29T18:13:59.319+0000] {logging_mixin.py:190} INFO - [2026-07-29T18:13:59.318+0000] {dagbag.py:587} INFO - Filling up the DagBag from /home/airflow/.local/lib/python3.12/site-packages/airflow/example_dags/example_branch_operator.py
[2026-07-29T18:13:59.327+0000] {processor.py:925} INFO - DAG(s) 'example_branch_operator' retrieved from /home/airflow/.local/lib/python3.12/site-packages/airflow/example_dags/example_branch_operator.py
[2026-07-29T18:13:59.345+0000] {logging_mixin.py:190} INFO - [2026-07-29T18:13:59.345+0000] {dag.py:3211} INFO - Sync 1 DAGs
[2026-07-29T18:13:59.358+0000] {logging_mixin.py:190} INFO - [2026-07-29T18:13:59.358+0000] {dag.py:4138} INFO - Setting next_dagrun for example_branch_operator to 2026-07-28 00:00:00+00:00, run_after=2026-07-29 00:00:00+00:00
[2026-07-29T18:13:59.366+0000] {processor.py:208} INFO - Processing /home/airflow/.local/lib/python3.12/site-packages/airflow/example_dags/example_branch_operator.py took 0.052 seconds
[2026-07-29T18:14:30.386+0000] {processor.py:186} INFO - Started process (PID=18702) to work on /home/airflow/.local/lib/python3.12/site-packages/airflow/example_dags/example_branch_operator.py
[2026-07-29T18:14:30.387+0000] {processor.py:914} INFO - Processing file /home/airflow/.local/lib/python3.12/site-packages/airflow/example_dags/example_branch_operator.py for tasks to queue
[2026-07-29T18:14:30.388+0000] {logging_mixin.py:190} INFO - [2026-07-29T18:14:30.388+0000] {dagbag.py:587} INFO - Filling up the DagBag from /home/airflow/.local/lib/python3.12/site-packages/airflow/example_dags/example_branch_operator.py
[2026-07-29T18:14:30.398+0000] {processor.py:925} INFO - DAG(s) 'example_branch_operator' retrieved from /home/airflow/.local/lib/python3.12/site-packages/airflow/example_dags/example_branch_operator.py
[2026-07-29T18:14:30.415+0000] {logging_mixin.py:190} INFO - [2026-07-29T18:14:30.415+0000] {dag.py:3211} INFO - Sync 1 DAGs
[2026-07-29T18:14:30.425+0000] {logging_mixin.py:190} INFO - [2026-07-29T18:14:30.425+0000] {dag.py:4138} INFO - Setting next_dagrun for example_branch_operator to 2026-07-28 00:00:00+00:00, run_after=2026-07-29 00:00:00+00:00
[2026-07-29T18:14:30.433+0000] {processor.py:208} INFO - Processing /home/airflow/.local/lib/python3.12/site-packages/airflow/example_dags/example_branch_operator.py took 0.050 seconds
[2026-07-29T18:15:01.383+0000] {processor.py:186} INFO - Started process (PID=18768) to work on /home/airflow/.local/lib/python3.12/site-packages/airflow/example_dags/example_branch_operator.py
[2026-07-29T18:15:01.383+0000] {processor.py:914} INFO - Processing file /home/airflow/.local/lib/python3.12/site-packages/airflow/example_dags/example_branch_operator.py for tasks to queue
[2026-07-29T18:15:01.386+0000] {logging_mixin.py:190} INFO - [2026-07-29T18:15:01.385+0000] {dagbag.py:587} INFO - Filling up the DagBag from /home/airflow/.local/lib/python3.12/site-packages/airflow/example_dags/example_branch_operator.py
[2026-07-29T18:15:01.394+0000] {processor.py:925} INFO - DAG(s) 'example_branch_operator' retrieved from /home/airflow/.local/lib/python3.12/site-packages/airflow/example_dags/example_branch_operator.py
[2026-07-29T18:15:01.407+0000] {logging_mixin.py:190} INFO - [2026-07-29T18:15:01.407+0000] {dag.py:3211} INFO - Sync 1 DAGs
[2026-07-29T18:15:01.415+0000] {logging_mixin.py:190} INFO - [2026-07-29T18:15:01.415+0000] {dag.py:4138} INFO - Setting next_dagrun for example_branch_operator to 2026-07-28 00:00:00+00:00, run_after=2026-07-29 00:00:00+00:00
[2026-07-29T18:15:01.425+0000] {processor.py:208} INFO - Processing /home/airflow/.local/lib/python3.12/site-packages/airflow/example_dags/example_branch_operator.py took 0.045 seconds
[2026-07-29T18:15:32.375+0000] {processor.py:186} INFO - Started process (PID=18834) to work on /home/airflow/.local/lib/python3.12/site-packages/airflow/example_dags/example_branch_operator.py
[2026-07-29T18:15:32.375+0000] {processor.py:914} INFO - Processing file /home/airflow/.local/lib/python3.12/site-packages/airflow/example_dags/example_branch_operator.py for tasks to queue
[2026-07-29T18:15:32.376+0000] {logging_mixin.py:190} INFO - [2026-07-29T18:15:32.376+0000] {dagbag.py:587} INFO - Filling up the DagBag from /home/airflow/.local/lib/python3.12/site-packages/airflow/example_dags/example_branch_operator.py
[2026-07-29T18:15:32.388+0000] {processor.py:925} INFO - DAG(s) 'example_branch_operator' retrieved from /home/airflow/.local/lib/python3.12/site-packages/airflow/example_dags/example_branch_operator.py
[2026-07-29T18:15:32.402+0000] {logging_mixin.py:190} INFO - [2026-07-29T18:15:32.402+0000] {dag.py:3211} INFO - Sync 1 DAGs
[2026-07-29T18:15:32.414+0000] {logging_mixin.py:190} INFO - [2026-07-29T18:15:32.414+0000] {dag.py:4138} INFO - Setting next_dagrun for example_branch_operator to 2026-07-28 00:00:00+00:00, run_after=2026-07-29 00:00:00+00:00
[2026-07-29T18:15:32.423+0000] {processor.py:208} INFO - Processing /home/airflow/.local/lib/python3.12/site-packages/airflow/example_dags/example_branch_operator.py took 0.051 seconds
[2026-07-29T18:16:03.258+0000] {processor.py:186} INFO - Started process (PID=18900) to work on /home/airflow/.local/lib/python3.12/site-packages/airflow/example_dags/example_branch_operator.py
[2026-07-29T18:16:03.259+0000] {processor.py:914} INFO - Processing file /home/airflow/.local/lib/python3.12/site-packages/airflow/example_dags/example_branch_operator.py for tasks to queue
[2026-07-29T18:16:03.260+0000] {logging_mixin.py:190} INFO - [2026-07-29T18:16:03.260+0000] {dagbag.py:587} INFO - Filling up the DagBag from /home/airflow/.local/lib/python3.12/site-packages/airflow/example_dags/example_branch_operator.py
[2026-07-29T18:16:03.270+0000] {processor.py:925} INFO - DAG(s) 'example_branch_operator' retrieved from /home/airflow/.local/lib/python3.12/site-packages/airflow/example_dags/example_branch_operator.py
[2026-07-29T18:16:03.285+0000] {logging_mixin.py:190} INFO - [2026-07-29T18:16:03.285+0000] {dag.py:3211} INFO - Sync 1 DAGs
[2026-07-29T18:16:03.296+0000] {logging_mixin.py:190} INFO - [2026-07-29T18:16:03.296+0000] {dag.py:4138} INFO - Setting next_dagrun for example_branch_operator to 2026-07-28 00:00:00+00:00, run_after=2026-07-29 00:00:00+00:00
[2026-07-29T18:16:03.304+0000] {processor.py:208} INFO - Processing /home/airflow/.local/lib/python3.12/site-packages/airflow/example_dags/example_branch_operator.py took 0.049 seconds
[2026-07-29T18:16:34.338+0000] {processor.py:186} INFO - Started process (PID=18966) to work on /home/airflow/.local/lib/python3.12/site-packages/airflow/example_dags/example_branch_operator.py
[2026-07-29T18:16:34.339+0000] {processor.py:914} INFO - Processing file /home/airflow/.local/lib/python3.12/site-packages/airflow/example_dags/example_branch_operator.py for tasks to queue
[2026-07-29T18:16:34.341+0000] {logging_mixin.py:190} INFO - [2026-07-29T18:16:34.341+0000] {dagbag.py:587} INFO - Filling up the DagBag from /home/airflow/.local/lib/python3.12/site-packages/airflow/example_dags/example_branch_operator.py
[2026-07-29T18:16:34.350+0000] {processor.py:925} INFO - DAG(s) 'example_branch_operator' retrieved from /home/airflow/.local/lib/python3.12/site-packages/airflow/example_dags/example_branch_operator.py
[2026-07-29T18:16:34.367+0000] {logging_mixin.py:190} INFO - [2026-07-29T18:16:34.367+0000] {dag.py:3211} INFO - Sync 1 DAGs
[2026-07-29T18:16:34.377+0000] {logging_mixin.py:190} INFO - [2026-07-29T18:16:34.377+0000] {dag.py:4138} INFO - Setting next_dagrun for example_branch_operator to 2026-07-28 00:00:00+00:00, run_after=2026-07-29 00:00:00+00:00
[2026-07-29T18:16:34.388+0000] {processor.py:208} INFO - Processing /home/airflow/.local/lib/python3.12/site-packages/airflow/example_dags/example_branch_operator.py took 0.052 seconds
[2026-07-29T18:17:05.354+0000] {processor.py:186} INFO - Started process (PID=19032) to work on /home/airflow/.local/lib/python3.12/site-packages/airflow/example_dags/example_branch_operator.py
[2026-07-29T18:17:05.355+0000] {processor.py:914} INFO - Processing file /home/airflow/.local/lib/python3.12/site-packages/airflow/example_dags/example_branch_operator.py for tasks to queue
[2026-07-29T18:17:05.356+0000] {logging_mixin.py:190} INFO - [2026-07-29T18:17:05.356+0000] {dagbag.py:587} INFO - Filling up the DagBag from /home/airflow/.local/lib/python3.12/site-packages/airflow/example_dags/example_branch_operator.py
[2026-07-29T18:17:05.366+0000] {processor.py:925} INFO - DAG(s) 'example_branch_operator' retrieved from /home/airflow/.local/lib/python3.12/site-packages/airflow/example_dags/example_branch_operator.py
[2026-07-29T18:17:05.383+0000] {logging_mixin.py:190} INFO - [2026-07-29T18:17:05.383+0000] {dag.py:3211} INFO - Sync 1 DAGs
[2026-07-29T18:17:05.392+0000] {logging_mixin.py:190} INFO - [2026-07-29T18:17:05.392+0000] {dag.py:4138} INFO - Setting next_dagrun for example_branch_operator to 2026-07-28 00:00:00+00:00, run_after=2026-07-29 00:00:00+00:00
[2026-07-29T18:17:05.401+0000] {processor.py:208} INFO - Processing /home/airflow/.local/lib/python3.12/site-packages/airflow/example_dags/example_branch_operator.py took 0.050 seconds
[2026-07-29T18:17:36.276+0000] {processor.py:186} INFO - Started process (PID=19098) to work on /home/airflow/.local/lib/python3.12/site-packages/airflow/example_dags/example_branch_operator.py
[2026-07-29T18:17:36.276+0000] {processor.py:914} INFO - Processing file /home/airflow/.local/lib/python3.12/site-packages/airflow/example_dags/example_branch_operator.py for tasks to queue
[2026-07-29T18:17:36.279+0000] {logging_mixin.py:190} INFO - [2026-07-29T18:17:36.278+0000] {dagbag.py:587} INFO - Filling up the DagBag from /home/airflow/.local/lib/python3.12/site-packages/airflow/example_dags/example_branch_operator.py
[2026-07-29T18:17:36.288+0000] {processor.py:925} INFO - DAG(s) 'example_branch_operator' retrieved from /home/airflow/.local/lib/python3.12/site-packages/airflow/example_dags/example_branch_operator.py
[2026-07-29T18:17:36.302+0000] {logging_mixin.py:190} INFO - [2026-07-29T18:17:36.302+0000] {dag.py:3211} INFO - Sync 1 DAGs
[2026-07-29T18:17:36.313+0000] {logging_mixin.py:190} INFO - [2026-07-29T18:17:36.312+0000] {dag.py:4138} INFO - Setting next_dagrun for example_branch_operator to 2026-07-28 00:00:00+00:00, run_after=2026-07-29 00:00:00+00:00
[2026-07-29T18:17:36.321+0000] {processor.py:208} INFO - Processing /home/airflow/.local/lib/python3.12/site-packages/airflow/example_dags/example_branch_operator.py took 0.048 seconds
[2026-07-29T18:18:07.204+0000] {processor.py:186} INFO - Started process (PID=19164) to work on /home/airflow/.local/lib/python3.12/site-packages/airflow/example_dags/example_branch_operator.py
[2026-07-29T18:18:07.205+0000] {processor.py:914} INFO - Processing file /home/airflow/.local/lib/python3.12/site-packages/airflow/example_dags/example_branch_operator.py for tasks to queue
[2026-07-29T18:18:07.207+0000] {logging_mixin.py:190} INFO - [2026-07-29T18:18:07.207+0000] {dagbag.py:587} INFO - Filling up the DagBag from /home/airflow/.local/lib/python3.12/site-packages/airflow/example_dags/example_branch_operator.py
[2026-07-29T18:18:07.216+0000] {processor.py:925} INFO - DAG(s) 'example_branch_operator' retrieved from /home/airflow/.local/lib/python3.12/site-packages/airflow/example_dags/example_branch_operator.py
[2026-07-29T18:18:07.231+0000] {logging_mixin.py:190} INFO - [2026-07-29T18:18:07.231+0000] {dag.py:3211} INFO - Sync 1 DAGs
[2026-07-29T18:18:07.241+0000] {logging_mixin.py:190} INFO - [2026-07-29T18:18:07.241+0000] {dag.py:4138} INFO - Setting next_dagrun for example_branch_operator to 2026-07-28 00:00:00+00:00, run_after=2026-07-29 00:00:00+00:00
[2026-07-29T18:18:07.247+0000] {processor.py:208} INFO - Processing /home/airflow/.local/lib/python3.12/site-packages/airflow/example_dags/example_branch_operator.py took 0.047 seconds
[2026-07-29T18:18:38.071+0000] {processor.py:186} INFO - Started process (PID=19230) to work on /home/airflow/.local/lib/python3.12/site-packages/airflow/example_dags/example_branch_operator.py
[2026-07-29T18:18:38.072+0000] {processor.py:914} INFO - Processing file /home/airflow/.local/lib/python3.12/site-packages/airflow/example_dags/example_branch_operator.py for tasks to queue
[2026-07-29T18:18:38.074+0000] {logging_mixin.py:190} INFO - [2026-07-29T18:18:38.074+0000] {dagbag.py:587} INFO - Filling up the DagBag from /home/airflow/.local/lib/python3.12/site-packages/airflow/example_dags/example_branch_operator.py
[2026-07-29T18:18:38.085+0000] {processor.py:925} INFO - DAG(s) 'example_branch_operator' retrieved from /home/airflow/.local/lib/python3.12/site-packages/airflow/example_dags/example_branch_operator.py
[2026-07-29T18:18:38.098+0000] {logging_mixin.py:190} INFO - [2026-07-29T18:18:38.098+0000] {dag.py:3211} INFO - Sync 1 DAGs
[2026-07-29T18:18:38.109+0000] {logging_mixin.py:190} INFO - [2026-07-29T18:18:38.109+0000] {dag.py:4138} INFO - Setting next_dagrun for example_branch_operator to 2026-07-28 00:00:00+00:00, run_after=2026-07-29 00:00:00+00:00
[2026-07-29T18:18:38.118+0000] {processor.py:208} INFO - Processing /home/airflow/.local/lib/python3.12/site-packages/airflow/example_dags/example_branch_operator.py took 0.050 seconds
[2026-07-29T18:19:08.481+0000] {processor.py:186} INFO - Started process (PID=19296) to work on /home/airflow/.local/lib/python3.12/site-packages/airflow/example_dags/example_branch_operator.py
[2026-07-29T18:19:08.481+0000] {processor.py:914} INFO - Processing file /home/airflow/.local/lib/python3.12/site-packages/airflow/example_dags/example_branch_operator.py for tasks to queue
[2026-07-29T18:19:08.482+0000] {logging_mixin.py:190} INFO - [2026-07-29T18:19:08.482+0000] {dagbag.py:587} INFO - Filling up the DagBag from /home/airflow/.local/lib/python3.12/site-packages/airflow/example_dags/example_branch_operator.py
[2026-07-29T18:19:08.493+0000] {processor.py:925} INFO - DAG(s) 'example_branch_operator' retrieved from /home/airflow/.local/lib/python3.12/site-packages/airflow/example_dags/example_branch_operator.py
[2026-07-29T18:19:08.509+0000] {logging_mixin.py:190} INFO - [2026-07-29T18:19:08.509+0000] {dag.py:3211} INFO - Sync 1 DAGs
[2026-07-29T18:19:08.516+0000] {logging_mixin.py:190} INFO - [2026-07-29T18:19:08.516+0000] {dag.py:4138} INFO - Setting next_dagrun for example_branch_operator to 2026-07-28 00:00:00+00:00, run_after=2026-07-29 00:00:00+00:00
[2026-07-29T18:19:08.526+0000] {processor.py:208} INFO - Processing /home/airflow/.local/lib/python3.12/site-packages/airflow/example_dags/example_branch_operator.py took 0.047 seconds
[2026-07-29T18:19:39.423+0000] {processor.py:186} INFO - Started process (PID=19362) to work on /home/airflow/.local/lib/python3.12/site-packages/airflow/example_dags/example_branch_operator.py
[2026-07-29T18:19:39.423+0000] {processor.py:914} INFO - Processing file /home/airflow/.local/lib/python3.12/site-packages/airflow/example_dags/example_branch_operator.py for tasks to queue
[2026-07-29T18:19:39.425+0000] {logging_mixin.py:190} INFO - [2026-07-29T18:19:39.424+0000] {dagbag.py:587} INFO - Filling up the DagBag from /home/airflow/.local/lib/python3.12/site-packages/airflow/example_dags/example_branch_operator.py
[2026-07-29T18:19:39.432+0000] {processor.py:925} INFO - DAG(s) 'example_branch_operator' retrieved from /home/airflow/.local/lib/python3.12/site-packages/airflow/example_dags/example_branch_operator.py
[2026-07-29T18:19:39.445+0000] {logging_mixin.py:190} INFO - [2026-07-29T18:19:39.445+0000] {dag.py:3211} INFO - Sync 1 DAGs
[2026-07-29T18:19:39.458+0000] {logging_mixin.py:190} INFO - [2026-07-29T18:19:39.458+0000] {dag.py:4138} INFO - Setting next_dagrun for example_branch_operator to 2026-07-28 00:00:00+00:00, run_after=2026-07-29 00:00:00+00:00
[2026-07-29T18:19:39.468+0000] {processor.py:208} INFO - Processing /home/airflow/.local/lib/python3.12/site-packages/airflow/example_dags/example_branch_operator.py took 0.048 seconds
[2026-07-29T18:20:10.375+0000] {processor.py:186} INFO - Started process (PID=19428) to work on /home/airflow/.local/lib/python3.12/site-packages/airflow/example_dags/example_branch_operator.py
[2026-07-29T18:20:10.375+0000] {processor.py:914} INFO - Processing file /home/airflow/.local/lib/python3.12/site-packages/airflow/example_dags/example_branch_operator.py for tasks to queue
[2026-07-29T18:20:10.376+0000] {logging_mixin.py:190} INFO - [2026-07-29T18:20:10.376+0000] {dagbag.py:587} INFO - Filling up the DagBag from /home/airflow/.local/lib/python3.12/site-packages/airflow/example_dags/example_branch_operator.py
[2026-07-29T18:20:10.384+0000] {processor.py:925} INFO - DAG(s) 'example_branch_operator' retrieved from /home/airflow/.local/lib/python3.12/site-packages/airflow/example_dags/example_branch_operator.py
[2026-07-29T18:20:10.395+0000] {logging_mixin.py:190} INFO - [2026-07-29T18:20:10.395+0000] {dag.py:3211} INFO - Sync 1 DAGs
[2026-07-29T18:20:10.408+0000] {logging_mixin.py:190} INFO - [2026-07-29T18:20:10.408+0000] {dag.py:4138} INFO - Setting next_dagrun for example_branch_operator to 2026-07-28 00:00:00+00:00, run_after=2026-07-29 00:00:00+00:00
[2026-07-29T18:20:10.417+0000] {processor.py:208} INFO - Processing /home/airflow/.local/lib/python3.12/site-packages/airflow/example_dags/example_branch_operator.py took 0.045 seconds
[2026-07-29T18:20:41.239+0000] {processor.py:186} INFO - Started process (PID=19494) to work on /home/airflow/.local/lib/python3.12/site-packages/airflow/example_dags/example_branch_operator.py
[2026-07-29T18:20:41.239+0000] {processor.py:914} INFO - Processing file /home/airflow/.local/lib/python3.12/site-packages/airflow/example_dags/example_branch_operator.py for tasks to queue
[2026-07-29T18:20:41.240+0000] {logging_mixin.py:190} INFO - [2026-07-29T18:20:41.240+0000] {dagbag.py:587} INFO - Filling up the DagBag from /home/airflow/.local/lib/python3.12/site-packages/airflow/example_dags/example_branch_operator.py
[2026-07-29T18:20:41.251+0000] {processor.py:925} INFO - DAG(s) 'example_branch_operator' retrieved from /home/airflow/.local/lib/python3.12/site-packages/airflow/example_dags/example_branch_operator.py
[2026-07-29T18:20:41.265+0000] {logging_mixin.py:190} INFO - [2026-07-29T18:20:41.265+0000] {dag.py:3211} INFO - Sync 1 DAGs
[2026-07-29T18:20:41.274+0000] {logging_mixin.py:190} INFO - [2026-07-29T18:20:41.274+0000] {dag.py:4138} INFO - Setting next_dagrun for example_branch_operator to 2026-07-28 00:00:00+00:00, run_after=2026-07-29 00:00:00+00:00
[2026-07-29T18:20:41.283+0000] {processor.py:208} INFO - Processing /home/airflow/.local/lib/python3.12/site-packages/airflow/example_dags/example_branch_operator.py took 0.046 seconds
[2026-07-29T18:21:12.159+0000] {processor.py:186} INFO - Started process (PID=19560) to work on /home/airflow/.local/lib/python3.12/site-packages/airflow/example_dags/example_branch_operator.py
[2026-07-29T18:21:12.160+0000] {processor.py:914} INFO - Processing file /home/airflow/.local/lib/python3.12/site-packages/airflow/example_dags/example_branch_operator.py for tasks to queue
[2026-07-29T18:21:12.161+0000] {logging_mixin.py:190} INFO - [2026-07-29T18:21:12.161+0000] {dagbag.py:587} INFO - Filling up the DagBag from /home/airflow/.local/lib/python3.12/site-packages/airflow/example_dags/example_branch_operator.py
[2026-07-29T18:21:12.170+0000] {processor.py:925} INFO - DAG(s) 'example_branch_operator' retrieved from /home/airflow/.local/lib/python3.12/site-packages/airflow/example_dags/example_branch_operator.py
[2026-07-29T18:21:12.182+0000] {logging_mixin.py:190} INFO - [2026-07-29T18:21:12.182+0000] {dag.py:3211} INFO - Sync 1 DAGs
[2026-07-29T18:21:12.190+0000] {logging_mixin.py:190} INFO - [2026-07-29T18:21:12.190+0000] {dag.py:4138} INFO - Setting next_dagrun for example_branch_operator to 2026-07-28 00:00:00+00:00, run_after=2026-07-29 00:00:00+00:00
[2026-07-29T18:21:12.200+0000] {processor.py:208} INFO - Processing /home/airflow/.local/lib/python3.12/site-packages/airflow/example_dags/example_branch_operator.py took 0.043 seconds
[2026-07-29T18:21:43.048+0000] {processor.py:186} INFO - Started process (PID=19626) to work on /home/airflow/.local/lib/python3.12/site-packages/airflow/example_dags/example_branch_operator.py
[2026-07-29T18:21:43.049+0000] {processor.py:914} INFO - Processing file /home/airflow/.local/lib/python3.12/site-packages/airflow/example_dags/example_branch_operator.py for tasks to queue
[2026-07-29T18:21:43.051+0000] {logging_mixin.py:190} INFO - [2026-07-29T18:21:43.051+0000] {dagbag.py:587} INFO - Filling up the DagBag from /home/airflow/.local/lib/python3.12/site-packages/airflow/example_dags/example_branch_operator.py
[2026-07-29T18:21:43.059+0000] {processor.py:925} INFO - DAG(s) 'example_branch_operator' retrieved from /home/airflow/.local/lib/python3.12/site-packages/airflow/example_dags/example_branch_operator.py
[2026-07-29T18:21:43.073+0000] {logging_mixin.py:190} INFO - [2026-07-29T18:21:43.073+0000] {dag.py:3211} INFO - Sync 1 DAGs
[2026-07-29T18:21:43.084+0000] {logging_mixin.py:190} INFO - [2026-07-29T18:21:43.084+0000] {dag.py:4138} INFO - Setting next_dagrun for example_branch_operator to 2026-07-28 00:00:00+00:00, run_after=2026-07-29 00:00:00+00:00
[2026-07-29T18:21:43.090+0000] {processor.py:208} INFO - Processing /home/airflow/.local/lib/python3.12/site-packages/airflow/example_dags/example_branch_operator.py took 0.044 seconds
[2026-07-29T18:22:14.138+0000] {processor.py:186} INFO - Started process (PID=19692) to work on /home/airflow/.local/lib/python3.12/site-packages/airflow/example_dags/example_branch_operator.py
[2026-07-29T18:22:14.138+0000] {processor.py:914} INFO - Processing file /home/airflow/.local/lib/python3.12/site-packages/airflow/example_dags/example_branch_operator.py for tasks to queue
[2026-07-29T18:22:14.140+0000] {logging_mixin.py:190} INFO - [2026-07-29T18:22:14.140+0000] {dagbag.py:587} INFO - Filling up the DagBag from /home/airflow/.local/lib/python3.12/site-packages/airflow/example_dags/example_branch_operator.py
[2026-07-29T18:22:14.151+0000] {processor.py:925} INFO - DAG(s) 'example_branch_operator' retrieved from /home/airflow/.local/lib/python3.12/site-packages/airflow/example_dags/example_branch_operator.py
[2026-07-29T18:22:14.170+0000] {logging_mixin.py:190} INFO - [2026-07-29T18:22:14.170+0000] {dag.py:3211} INFO - Sync 1 DAGs
[2026-07-29T18:22:14.182+0000] {logging_mixin.py:190} INFO - [2026-07-29T18:22:14.181+0000] {dag.py:4138} INFO - Setting next_dagrun for example_branch_operator to 2026-07-28 00:00:00+00:00, run_after=2026-07-29 00:00:00+00:00
[2026-07-29T18:22:14.188+0000] {processor.py:208} INFO - Processing /home/airflow/.local/lib/python3.12/site-packages/airflow/example_dags/example_branch_operator.py took 0.053 seconds
[2026-07-29T18:22:44.212+0000] {processor.py:186} INFO - Started process (PID=19758) to work on /home/airflow/.local/lib/python3.12/site-packages/airflow/example_dags/example_branch_operator.py
[2026-07-29T18:22:44.212+0000] {processor.py:914} INFO - Processing file /home/airflow/.local/lib/python3.12/site-packages/airflow/example_dags/example_branch_operator.py for tasks to queue
[2026-07-29T18:22:44.214+0000] {logging_mixin.py:190} INFO - [2026-07-29T18:22:44.214+0000] {dagbag.py:587} INFO - Filling up the DagBag from /home/airflow/.local/lib/python3.12/site-packages/airflow/example_dags/example_branch_operator.py
[2026-07-29T18:22:44.223+0000] {processor.py:925} INFO - DAG(s) 'example_branch_operator' retrieved from /home/airflow/.local/lib/python3.12/site-packages/airflow/example_dags/example_branch_operator.py
[2026-07-29T18:22:44.241+0000] {logging_mixin.py:190} INFO - [2026-07-29T18:22:44.241+0000] {dag.py:3211} INFO - Sync 1 DAGs
[2026-07-29T18:22:44.252+0000] {logging_mixin.py:190} INFO - [2026-07-29T18:22:44.252+0000] {dag.py:4138} INFO - Setting next_dagrun for example_branch_operator to 2026-07-28 00:00:00+00:00, run_after=2026-07-29 00:00:00+00:00
[2026-07-29T18:22:44.263+0000] {processor.py:208} INFO - Processing /home/airflow/.local/lib/python3.12/site-packages/airflow/example_dags/example_branch_operator.py took 0.055 seconds
[2026-07-29T18:23:14.370+0000] {processor.py:186} INFO - Started process (PID=19824) to work on /home/airflow/.local/lib/python3.12/site-packages/airflow/example_dags/example_branch_operator.py
[2026-07-29T18:23:14.370+0000] {processor.py:914} INFO - Processing file /home/airflow/.local/lib/python3.12/site-packages/airflow/example_dags/example_branch_operator.py for tasks to queue
[2026-07-29T18:23:14.372+0000] {logging_mixin.py:190} INFO - [2026-07-29T18:23:14.372+0000] {dagbag.py:587} INFO - Filling up the DagBag from /home/airflow/.local/lib/python3.12/site-packages/airflow/example_dags/example_branch_operator.py
[2026-07-29T18:23:14.382+0000] {processor.py:925} INFO - DAG(s) 'example_branch_operator' retrieved from /home/airflow/.local/lib/python3.12/site-packages/airflow/example_dags/example_branch_operator.py
[2026-07-29T18:23:14.393+0000] {logging_mixin.py:190} INFO - [2026-07-29T18:23:14.393+0000] {dag.py:3211} INFO - Sync 1 DAGs
[2026-07-29T18:23:14.405+0000] {logging_mixin.py:190} INFO - [2026-07-29T18:23:14.405+0000] {dag.py:4138} INFO - Setting next_dagrun for example_branch_operator to 2026-07-28 00:00:00+00:00, run_after=2026-07-29 00:00:00+00:00
[2026-07-29T18:23:14.415+0000] {processor.py:208} INFO - Processing /home/airflow/.local/lib/python3.12/site-packages/airflow/example_dags/example_branch_operator.py took 0.048 seconds
[2026-07-29T18:23:44.452+0000] {processor.py:186} INFO - Started process (PID=19890) to work on /home/airflow/.local/lib/python3.12/site-packages/airflow/example_dags/example_branch_operator.py
[2026-07-29T18:23:44.452+0000] {processor.py:914} INFO - Processing file /home/airflow/.local/lib/python3.12/site-packages/airflow/example_dags/example_branch_operator.py for tasks to queue
[2026-07-29T18:23:44.453+0000] {logging_mixin.py:190} INFO - [2026-07-29T18:23:44.453+0000] {dagbag.py:587} INFO - Filling up the DagBag from /home/airflow/.local/lib/python3.12/site-packages/airflow/example_dags/example_branch_operator.py
[2026-07-29T18:23:44.463+0000] {processor.py:925} INFO - DAG(s) 'example_branch_operator' retrieved from /home/airflow/.local/lib/python3.12/site-packages/airflow/example_dags/example_branch_operator.py
[2026-07-29T18:23:44.476+0000] {logging_mixin.py:190} INFO - [2026-07-29T18:23:44.476+0000] {dag.py:3211} INFO - Sync 1 DAGs
[2026-07-29T18:23:44.484+0000] {logging_mixin.py:190} INFO - [2026-07-29T18:23:44.484+0000] {dag.py:4138} INFO - Setting next_dagrun for example_branch_operator to 2026-07-28 00:00:00+00:00, run_after=2026-07-29 00:00:00+00:00
[2026-07-29T18:23:44.493+0000] {processor.py:208} INFO - Processing /home/airflow/.local/lib/python3.12/site-packages/airflow/example_dags/example_branch_operator.py took 0.044 seconds
[2026-07-29T18:24:15.206+0000] {processor.py:186} INFO - Started process (PID=19956) to work on /home/airflow/.local/lib/python3.12/site-packages/airflow/example_dags/example_branch_operator.py
[2026-07-29T18:24:15.207+0000] {processor.py:914} INFO - Processing file /home/airflow/.local/lib/python3.12/site-packages/airflow/example_dags/example_branch_operator.py for tasks to queue
[2026-07-29T18:24:15.209+0000] {logging_mixin.py:190} INFO - [2026-07-29T18:24:15.209+0000] {dagbag.py:587} INFO - Filling up the DagBag from /home/airflow/.local/lib/python3.12/site-packages/airflow/example_dags/example_branch_operator.py
[2026-07-29T18:24:15.219+0000] {processor.py:925} INFO - DAG(s) 'example_branch_operator' retrieved from /home/airflow/.local/lib/python3.12/site-packages/airflow/example_dags/example_branch_operator.py
[2026-07-29T18:24:15.233+0000] {logging_mixin.py:190} INFO - [2026-07-29T18:24:15.233+0000] {dag.py:3211} INFO - Sync 1 DAGs
[2026-07-29T18:24:15.244+0000] {logging_mixin.py:190} INFO - [2026-07-29T18:24:15.244+0000] {dag.py:4138} INFO - Setting next_dagrun for example_branch_operator to 2026-07-28 00:00:00+00:00, run_after=2026-07-29 00:00:00+00:00
[2026-07-29T18:24:15.254+0000] {processor.py:208} INFO - Processing /home/airflow/.local/lib/python3.12/site-packages/airflow/example_dags/example_branch_operator.py took 0.050 seconds
[2026-07-29T18:24:45.370+0000] {processor.py:186} INFO - Started process (PID=20021) to work on /home/airflow/.local/lib/python3.12/site-packages/airflow/example_dags/example_branch_operator.py
[2026-07-29T18:24:45.370+0000] {processor.py:914} INFO - Processing file /home/airflow/.local/lib/python3.12/site-packages/airflow/example_dags/example_branch_operator.py for tasks to queue
[2026-07-29T18:24:45.372+0000] {logging_mixin.py:190} INFO - [2026-07-29T18:24:45.372+0000] {dagbag.py:587} INFO - Filling up the DagBag from /home/airflow/.local/lib/python3.12/site-packages/airflow/example_dags/example_branch_operator.py
[2026-07-29T18:24:45.381+0000] {processor.py:925} INFO - DAG(s) 'example_branch_operator' retrieved from /home/airflow/.local/lib/python3.12/site-packages/airflow/example_dags/example_branch_operator.py
[2026-07-29T18:24:45.396+0000] {logging_mixin.py:190} INFO - [2026-07-29T18:24:45.396+0000] {dag.py:3211} INFO - Sync 1 DAGs
[2026-07-29T18:24:45.405+0000] {logging_mixin.py:190} INFO - [2026-07-29T18:24:45.405+0000] {dag.py:4138} INFO - Setting next_dagrun for example_branch_operator to 2026-07-28 00:00:00+00:00, run_after=2026-07-29 00:00:00+00:00
[2026-07-29T18:24:45.416+0000] {processor.py:208} INFO - Processing /home/airflow/.local/lib/python3.12/site-packages/airflow/example_dags/example_branch_operator.py took 0.049 seconds
[2026-07-29T18:25:15.561+0000] {processor.py:186} INFO - Started process (PID=20087) to work on /home/airflow/.local/lib/python3.12/site-packages/airflow/example_dags/example_branch_operator.py
[2026-07-29T18:25:15.561+0000] {processor.py:914} INFO - Processing file /home/airflow/.local/lib/python3.12/site-packages/airflow/example_dags/example_branch_operator.py for tasks to queue
[2026-07-29T18:25:15.563+0000] {logging_mixin.py:190} INFO - [2026-07-29T18:25:15.562+0000] {dagbag.py:587} INFO - Filling up the DagBag from /home/airflow/.local/lib/python3.12/site-packages/airflow/example_dags/example_branch_operator.py
[2026-07-29T18:25:15.571+0000] {processor.py:925} INFO - DAG(s) 'example_branch_operator' retrieved from /home/airflow/.local/lib/python3.12/site-packages/airflow/example_dags/example_branch_operator.py
[2026-07-29T18:25:15.587+0000] {logging_mixin.py:190} INFO - [2026-07-29T18:25:15.586+0000] {dag.py:3211} INFO - Sync 1 DAGs
[2026-07-29T18:25:15.595+0000] {logging_mixin.py:190} INFO - [2026-07-29T18:25:15.595+0000] {dag.py:4138} INFO - Setting next_dagrun for example_branch_operator to 2026-07-28 00:00:00+00:00, run_after=2026-07-29 00:00:00+00:00
[2026-07-29T18:25:15.605+0000] {processor.py:208} INFO - Processing /home/airflow/.local/lib/python3.12/site-packages/airflow/example_dags/example_branch_operator.py took 0.047 seconds
[2026-07-29T18:25:46.093+0000] {processor.py:186} INFO - Started process (PID=20153) to work on /home/airflow/.local/lib/python3.12/site-packages/airflow/example_dags/example_branch_operator.py
[2026-07-29T18:25:46.093+0000] {processor.py:914} INFO - Processing file /home/airflow/.local/lib/python3.12/site-packages/airflow/example_dags/example_branch_operator.py for tasks to queue
[2026-07-29T18:25:46.096+0000] {logging_mixin.py:190} INFO - [2026-07-29T18:25:46.096+0000] {dagbag.py:587} INFO - Filling up the DagBag from /home/airflow/.local/lib/python3.12/site-packages/airflow/example_dags/example_branch_operator.py
[2026-07-29T18:25:46.105+0000] {processor.py:925} INFO - DAG(s) 'example_branch_operator' retrieved from /home/airflow/.local/lib/python3.12/site-packages/airflow/example_dags/example_branch_operator.py
[2026-07-29T18:25:46.122+0000] {logging_mixin.py:190} INFO - [2026-07-29T18:25:46.122+0000] {dag.py:3211} INFO - Sync 1 DAGs
[2026-07-29T18:25:46.134+0000] {logging_mixin.py:190} INFO - [2026-07-29T18:25:46.134+0000] {dag.py:4138} INFO - Setting next_dagrun for example_branch_operator to 2026-07-28 00:00:00+00:00, run_after=2026-07-29 00:00:00+00:00
[2026-07-29T18:25:46.141+0000] {processor.py:208} INFO - Processing /home/airflow/.local/lib/python3.12/site-packages/airflow/example_dags/example_branch_operator.py took 0.051 seconds
[2026-07-29T18:26:16.281+0000] {processor.py:186} INFO - Started process (PID=20219) to work on /home/airflow/.local/lib/python3.12/site-packages/airflow/example_dags/example_branch_operator.py
[2026-07-29T18:26:16.283+0000] {processor.py:914} INFO - Processing file /home/airflow/.local/lib/python3.12/site-packages/airflow/example_dags/example_branch_operator.py for tasks to queue
[2026-07-29T18:26:16.286+0000] {logging_mixin.py:190} INFO - [2026-07-29T18:26:16.286+0000] {dagbag.py:587} INFO - Filling up the DagBag from /home/airflow/.local/lib/python3.12/site-packages/airflow/example_dags/example_branch_operator.py
[2026-07-29T18:26:16.294+0000] {processor.py:925} INFO - DAG(s) 'example_branch_operator' retrieved from /home/airflow/.local/lib/python3.12/site-packages/airflow/example_dags/example_branch_operator.py
[2026-07-29T18:26:16.307+0000] {logging_mixin.py:190} INFO - [2026-07-29T18:26:16.307+0000] {dag.py:3211} INFO - Sync 1 DAGs
[2026-07-29T18:26:16.319+0000] {logging_mixin.py:190} INFO - [2026-07-29T18:26:16.319+0000] {dag.py:4138} INFO - Setting next_dagrun for example_branch_operator to 2026-07-28 00:00:00+00:00, run_after=2026-07-29 00:00:00+00:00
[2026-07-29T18:26:16.330+0000] {processor.py:208} INFO - Processing /home/airflow/.local/lib/python3.12/site-packages/airflow/example_dags/example_branch_operator.py took 0.051 seconds
[2026-07-29T18:26:46.686+0000] {processor.py:186} INFO - Started process (PID=20285) to work on /home/airflow/.local/lib/python3.12/site-packages/airflow/example_dags/example_branch_operator.py
[2026-07-29T18:26:46.687+0000] {processor.py:914} INFO - Processing file /home/airflow/.local/lib/python3.12/site-packages/airflow/example_dags/example_branch_operator.py for tasks to queue
[2026-07-29T18:26:46.688+0000] {logging_mixin.py:190} INFO - [2026-07-29T18:26:46.688+0000] {dagbag.py:587} INFO - Filling up the DagBag from /home/airflow/.local/lib/python3.12/site-packages/airflow/example_dags/example_branch_operator.py
[2026-07-29T18:26:46.697+0000] {processor.py:925} INFO - DAG(s) 'example_branch_operator' retrieved from /home/airflow/.local/lib/python3.12/site-packages/airflow/example_dags/example_branch_operator.py
[2026-07-29T18:26:46.713+0000] {logging_mixin.py:190} INFO - [2026-07-29T18:26:46.713+0000] {dag.py:3211} INFO - Sync 1 DAGs
[2026-07-29T18:26:46.723+0000] {logging_mixin.py:190} INFO - [2026-07-29T18:26:46.723+0000] {dag.py:4138} INFO - Setting next_dagrun for example_branch_operator to 2026-07-28 00:00:00+00:00, run_after=2026-07-29 00:00:00+00:00
[2026-07-29T18:26:46.733+0000] {processor.py:208} INFO - Processing /home/airflow/.local/lib/python3.12/site-packages/airflow/example_dags/example_branch_operator.py took 0.050 seconds
[2026-07-29T18:27:16.842+0000] {processor.py:186} INFO - Started process (PID=20351) to work on /home/airflow/.local/lib/python3.12/site-packages/airflow/example_dags/example_branch_operator.py
[2026-07-29T18:27:16.843+0000] {processor.py:914} INFO - Processing file /home/airflow/.local/lib/python3.12/site-packages/airflow/example_dags/example_branch_operator.py for tasks to queue
[2026-07-29T18:27:16.847+0000] {logging_mixin.py:190} INFO - [2026-07-29T18:27:16.847+0000] {dagbag.py:587} INFO - Filling up the DagBag from /home/airflow/.local/lib/python3.12/site-packages/airflow/example_dags/example_branch_operator.py
[2026-07-29T18:27:16.853+0000] {processor.py:925} INFO - DAG(s) 'example_branch_operator' retrieved from /home/airflow/.local/lib/python3.12/site-packages/airflow/example_dags/example_branch_operator.py
[2026-07-29T18:27:16.871+0000] {logging_mixin.py:190} INFO - [2026-07-29T18:27:16.871+0000] {dag.py:3211} INFO - Sync 1 DAGs
[2026-07-29T18:27:16.879+0000] {logging_mixin.py:190} INFO - [2026-07-29T18:27:16.879+0000] {dag.py:4138} INFO - Setting next_dagrun for example_branch_operator to 2026-07-28 00:00:00+00:00, run_after=2026-07-29 00:00:00+00:00
[2026-07-29T18:27:16.888+0000] {processor.py:208} INFO - Processing /home/airflow/.local/lib/python3.12/site-packages/airflow/example_dags/example_branch_operator.py took 0.049 seconds
[2026-07-29T18:27:47.228+0000] {processor.py:186} INFO - Started process (PID=20417) to work on /home/airflow/.local/lib/python3.12/site-packages/airflow/example_dags/example_branch_operator.py
[2026-07-29T18:27:47.228+0000] {processor.py:914} INFO - Processing file /home/airflow/.local/lib/python3.12/site-packages/airflow/example_dags/example_branch_operator.py for tasks to queue
[2026-07-29T18:27:47.230+0000] {logging_mixin.py:190} INFO - [2026-07-29T18:27:47.230+0000] {dagbag.py:587} INFO - Filling up the DagBag from /home/airflow/.local/lib/python3.12/site-packages/airflow/example_dags/example_branch_operator.py
[2026-07-29T18:27:47.238+0000] {processor.py:925} INFO - DAG(s) 'example_branch_operator' retrieved from /home/airflow/.local/lib/python3.12/site-packages/airflow/example_dags/example_branch_operator.py
[2026-07-29T18:27:47.254+0000] {logging_mixin.py:190} INFO - [2026-07-29T18:27:47.254+0000] {dag.py:3211} INFO - Sync 1 DAGs
[2026-07-29T18:27:47.265+0000] {logging_mixin.py:190} INFO - [2026-07-29T18:27:47.265+0000] {dag.py:4138} INFO - Setting next_dagrun for example_branch_operator to 2026-07-28 00:00:00+00:00, run_after=2026-07-29 00:00:00+00:00
[2026-07-29T18:27:47.277+0000] {processor.py:208} INFO - Processing /home/airflow/.local/lib/python3.12/site-packages/airflow/example_dags/example_branch_operator.py took 0.052 seconds
[2026-07-29T18:28:17.482+0000] {processor.py:186} INFO - Started process (PID=20483) to work on /home/airflow/.local/lib/python3.12/site-packages/airflow/example_dags/example_branch_operator.py
[2026-07-29T18:28:17.482+0000] {processor.py:914} INFO - Processing file /home/airflow/.local/lib/python3.12/site-packages/airflow/example_dags/example_branch_operator.py for tasks to queue
[2026-07-29T18:28:17.484+0000] {logging_mixin.py:190} INFO - [2026-07-29T18:28:17.484+0000] {dagbag.py:587} INFO - Filling up the DagBag from /home/airflow/.local/lib/python3.12/site-packages/airflow/example_dags/example_branch_operator.py
[2026-07-29T18:28:17.495+0000] {processor.py:925} INFO - DAG(s) 'example_branch_operator' retrieved from /home/airflow/.local/lib/python3.12/site-packages/airflow/example_dags/example_branch_operator.py
[2026-07-29T18:28:17.514+0000] {logging_mixin.py:190} INFO - [2026-07-29T18:28:17.514+0000] {dag.py:3211} INFO - Sync 1 DAGs
[2026-07-29T18:28:17.526+0000] {logging_mixin.py:190} INFO - [2026-07-29T18:28:17.526+0000] {dag.py:4138} INFO - Setting next_dagrun for example_branch_operator to 2026-07-28 00:00:00+00:00, run_after=2026-07-29 00:00:00+00:00
[2026-07-29T18:28:17.537+0000] {processor.py:208} INFO - Processing /home/airflow/.local/lib/python3.12/site-packages/airflow/example_dags/example_branch_operator.py took 0.058 seconds
[2026-07-29T18:28:47.844+0000] {processor.py:186} INFO - Started process (PID=20549) to work on /home/airflow/.local/lib/python3.12/site-packages/airflow/example_dags/example_branch_operator.py
[2026-07-29T18:28:47.845+0000] {processor.py:914} INFO - Processing file /home/airflow/.local/lib/python3.12/site-packages/airflow/example_dags/example_branch_operator.py for tasks to queue
[2026-07-29T18:28:47.846+0000] {logging_mixin.py:190} INFO - [2026-07-29T18:28:47.845+0000] {dagbag.py:587} INFO - Filling up the DagBag from /home/airflow/.local/lib/python3.12/site-packages/airflow/example_dags/example_branch_operator.py
[2026-07-29T18:28:47.857+0000] {processor.py:925} INFO - DAG(s) 'example_branch_operator' retrieved from /home/airflow/.local/lib/python3.12/site-packages/airflow/example_dags/example_branch_operator.py
[2026-07-29T18:28:47.872+0000] {logging_mixin.py:190} INFO - [2026-07-29T18:28:47.872+0000] {dag.py:3211} INFO - Sync 1 DAGs
[2026-07-29T18:28:47.882+0000] {logging_mixin.py:190} INFO - [2026-07-29T18:28:47.881+0000] {dag.py:4138} INFO - Setting next_dagrun for example_branch_operator to 2026-07-28 00:00:00+00:00, run_after=2026-07-29 00:00:00+00:00
[2026-07-29T18:28:47.890+0000] {processor.py:208} INFO - Processing /home/airflow/.local/lib/python3.12/site-packages/airflow/example_dags/example_branch_operator.py took 0.049 seconds
[2026-07-29T18:29:18.625+0000] {processor.py:186} INFO - Started process (PID=20615) to work on /home/airflow/.local/lib/python3.12/site-packages/airflow/example_dags/example_branch_operator.py
[2026-07-29T18:29:18.626+0000] {processor.py:914} INFO - Processing file /home/airflow/.local/lib/python3.12/site-packages/airflow/example_dags/example_branch_operator.py for tasks to queue
[2026-07-29T18:29:18.627+0000] {logging_mixin.py:190} INFO - [2026-07-29T18:29:18.627+0000] {dagbag.py:587} INFO - Filling up the DagBag from /home/airflow/.local/lib/python3.12/site-packages/airflow/example_dags/example_branch_operator.py
[2026-07-29T18:29:18.635+0000] {processor.py:925} INFO - DAG(s) 'example_branch_operator' retrieved from /home/airflow/.local/lib/python3.12/site-packages/airflow/example_dags/example_branch_operator.py
[2026-07-29T18:29:18.646+0000] {logging_mixin.py:190} INFO - [2026-07-29T18:29:18.646+0000] {dag.py:3211} INFO - Sync 1 DAGs
[2026-07-29T18:29:18.656+0000] {logging_mixin.py:190} INFO - [2026-07-29T18:29:18.656+0000] {dag.py:4138} INFO - Setting next_dagrun for example_branch_operator to 2026-07-28 00:00:00+00:00, run_after=2026-07-29 00:00:00+00:00
[2026-07-29T18:29:18.662+0000] {processor.py:208} INFO - Processing /home/airflow/.local/lib/python3.12/site-packages/airflow/example_dags/example_branch_operator.py took 0.039 seconds
[2026-07-29T18:29:49.572+0000] {processor.py:186} INFO - Started process (PID=20681) to work on /home/airflow/.local/lib/python3.12/site-packages/airflow/example_dags/example_branch_operator.py
[2026-07-29T18:29:49.573+0000] {processor.py:914} INFO - Processing file /home/airflow/.local/lib/python3.12/site-packages/airflow/example_dags/example_branch_operator.py for tasks to queue
[2026-07-29T18:29:49.575+0000] {logging_mixin.py:190} INFO - [2026-07-29T18:29:49.575+0000] {dagbag.py:587} INFO - Filling up the DagBag from /home/airflow/.local/lib/python3.12/site-packages/airflow/example_dags/example_branch_operator.py
[2026-07-29T18:29:49.583+0000] {processor.py:925} INFO - DAG(s) 'example_branch_operator' retrieved from /home/airflow/.local/lib/python3.12/site-packages/airflow/example_dags/example_branch_operator.py
[2026-07-29T18:29:49.601+0000] {logging_mixin.py:190} INFO - [2026-07-29T18:29:49.601+0000] {dag.py:3211} INFO - Sync 1 DAGs
[2026-07-29T18:29:49.610+0000] {logging_mixin.py:190} INFO - [2026-07-29T18:29:49.610+0000] {dag.py:4138} INFO - Setting next_dagrun for example_branch_operator to 2026-07-28 00:00:00+00:00, run_after=2026-07-29 00:00:00+00:00
[2026-07-29T18:29:49.620+0000] {processor.py:208} INFO - Processing /home/airflow/.local/lib/python3.12/site-packages/airflow/example_dags/example_branch_operator.py took 0.050 seconds
[2026-07-29T18:30:20.539+0000] {processor.py:186} INFO - Started process (PID=20747) to work on /home/airflow/.local/lib/python3.12/site-packages/airflow/example_dags/example_branch_operator.py
[2026-07-29T18:30:20.540+0000] {processor.py:914} INFO - Processing file /home/airflow/.local/lib/python3.12/site-packages/airflow/example_dags/example_branch_operator.py for tasks to queue
[2026-07-29T18:30:20.541+0000] {logging_mixin.py:190} INFO - [2026-07-29T18:30:20.541+0000] {dagbag.py:587} INFO - Filling up the DagBag from /home/airflow/.local/lib/python3.12/site-packages/airflow/example_dags/example_branch_operator.py
[2026-07-29T18:30:20.549+0000] {processor.py:925} INFO - DAG(s) 'example_branch_operator' retrieved from /home/airflow/.local/lib/python3.12/site-packages/airflow/example_dags/example_branch_operator.py
[2026-07-29T18:30:20.562+0000] {logging_mixin.py:190} INFO - [2026-07-29T18:30:20.562+0000] {dag.py:3211} INFO - Sync 1 DAGs
[2026-07-29T18:30:20.571+0000] {logging_mixin.py:190} INFO - [2026-07-29T18:30:20.571+0000] {dag.py:4138} INFO - Setting next_dagrun for example_branch_operator to 2026-07-28 00:00:00+00:00, run_after=2026-07-29 00:00:00+00:00
[2026-07-29T18:30:20.579+0000] {processor.py:208} INFO - Processing /home/airflow/.local/lib/python3.12/site-packages/airflow/example_dags/example_branch_operator.py took 0.042 seconds
[2026-07-29T18:30:51.466+0000] {processor.py:186} INFO - Started process (PID=20813) to work on /home/airflow/.local/lib/python3.12/site-packages/airflow/example_dags/example_branch_operator.py
[2026-07-29T18:30:51.467+0000] {processor.py:914} INFO - Processing file /home/airflow/.local/lib/python3.12/site-packages/airflow/example_dags/example_branch_operator.py for tasks to queue
[2026-07-29T18:30:51.471+0000] {logging_mixin.py:190} INFO - [2026-07-29T18:30:51.471+0000] {dagbag.py:587} INFO - Filling up the DagBag from /home/airflow/.local/lib/python3.12/site-packages/airflow/example_dags/example_branch_operator.py
[2026-07-29T18:30:51.477+0000] {processor.py:925} INFO - DAG(s) 'example_branch_operator' retrieved from /home/airflow/.local/lib/python3.12/site-packages/airflow/example_dags/example_branch_operator.py
[2026-07-29T18:30:51.489+0000] {logging_mixin.py:190} INFO - [2026-07-29T18:30:51.489+0000] {dag.py:3211} INFO - Sync 1 DAGs
[2026-07-29T18:30:51.498+0000] {logging_mixin.py:190} INFO - [2026-07-29T18:30:51.498+0000] {dag.py:4138} INFO - Setting next_dagrun for example_branch_operator to 2026-07-28 00:00:00+00:00, run_after=2026-07-29 00:00:00+00:00
[2026-07-29T18:30:51.504+0000] {processor.py:208} INFO - Processing /home/airflow/.local/lib/python3.12/site-packages/airflow/example_dags/example_branch_operator.py took 0.041 seconds
[2026-07-29T18:31:22.363+0000] {processor.py:186} INFO - Started process (PID=20879) to work on /home/airflow/.local/lib/python3.12/site-packages/airflow/example_dags/example_branch_operator.py
[2026-07-29T18:31:22.364+0000] {processor.py:914} INFO - Processing file /home/airflow/.local/lib/python3.12/site-packages/airflow/example_dags/example_branch_operator.py for tasks to queue
[2026-07-29T18:31:22.366+0000] {logging_mixin.py:190} INFO - [2026-07-29T18:31:22.365+0000] {dagbag.py:587} INFO - Filling up the DagBag from /home/airflow/.local/lib/python3.12/site-packages/airflow/example_dags/example_branch_operator.py
[2026-07-29T18:31:22.374+0000] {processor.py:925} INFO - DAG(s) 'example_branch_operator' retrieved from /home/airflow/.local/lib/python3.12/site-packages/airflow/example_dags/example_branch_operator.py
[2026-07-29T18:31:22.387+0000] {logging_mixin.py:190} INFO - [2026-07-29T18:31:22.387+0000] {dag.py:3211} INFO - Sync 1 DAGs
[2026-07-29T18:31:22.397+0000] {logging_mixin.py:190} INFO - [2026-07-29T18:31:22.397+0000] {dag.py:4138} INFO - Setting next_dagrun for example_branch_operator to 2026-07-28 00:00:00+00:00, run_after=2026-07-29 00:00:00+00:00
[2026-07-29T18:31:22.403+0000] {processor.py:208} INFO - Processing /home/airflow/.local/lib/python3.12/site-packages/airflow/example_dags/example_branch_operator.py took 0.043 seconds
[2026-07-29T18:31:52.527+0000] {processor.py:186} INFO - Started process (PID=20945) to work on /home/airflow/.local/lib/python3.12/site-packages/airflow/example_dags/example_branch_operator.py
[2026-07-29T18:31:52.528+0000] {processor.py:914} INFO - Processing file /home/airflow/.local/lib/python3.12/site-packages/airflow/example_dags/example_branch_operator.py for tasks to queue
[2026-07-29T18:31:52.530+0000] {logging_mixin.py:190} INFO - [2026-07-29T18:31:52.529+0000] {dagbag.py:587} INFO - Filling up the DagBag from /home/airflow/.local/lib/python3.12/site-packages/airflow/example_dags/example_branch_operator.py
[2026-07-29T18:31:52.537+0000] {processor.py:925} INFO - DAG(s) 'example_branch_operator' retrieved from /home/airflow/.local/lib/python3.12/site-packages/airflow/example_dags/example_branch_operator.py
[2026-07-29T18:31:52.552+0000] {logging_mixin.py:190} INFO - [2026-07-29T18:31:52.552+0000] {dag.py:3211} INFO - Sync 1 DAGs
[2026-07-29T18:31:52.562+0000] {logging_mixin.py:190} INFO - [2026-07-29T18:31:52.562+0000] {dag.py:4138} INFO - Setting next_dagrun for example_branch_operator to 2026-07-28 00:00:00+00:00, run_after=2026-07-29 00:00:00+00:00
[2026-07-29T18:31:52.570+0000] {processor.py:208} INFO - Processing /home/airflow/.local/lib/python3.12/site-packages/airflow/example_dags/example_branch_operator.py took 0.046 seconds
[2026-07-29T18:32:23.498+0000] {processor.py:186} INFO - Started process (PID=21011) to work on /home/airflow/.local/lib/python3.12/site-packages/airflow/example_dags/example_branch_operator.py
[2026-07-29T18:32:23.502+0000] {processor.py:914} INFO - Processing file /home/airflow/.local/lib/python3.12/site-packages/airflow/example_dags/example_branch_operator.py for tasks to queue
[2026-07-29T18:32:23.504+0000] {logging_mixin.py:190} INFO - [2026-07-29T18:32:23.504+0000] {dagbag.py:587} INFO - Filling up the DagBag from /home/airflow/.local/lib/python3.12/site-packages/airflow/example_dags/example_branch_operator.py
[2026-07-29T18:32:23.512+0000] {processor.py:925} INFO - DAG(s) 'example_branch_operator' retrieved from /home/airflow/.local/lib/python3.12/site-packages/airflow/example_dags/example_branch_operator.py
[2026-07-29T18:32:23.527+0000] {logging_mixin.py:190} INFO - [2026-07-29T18:32:23.527+0000] {dag.py:3211} INFO - Sync 1 DAGs
[2026-07-29T18:32:23.536+0000] {logging_mixin.py:190} INFO - [2026-07-29T18:32:23.536+0000] {dag.py:4138} INFO - Setting next_dagrun for example_branch_operator to 2026-07-28 00:00:00+00:00, run_after=2026-07-29 00:00:00+00:00
[2026-07-29T18:32:23.547+0000] {processor.py:208} INFO - Processing /home/airflow/.local/lib/python3.12/site-packages/airflow/example_dags/example_branch_operator.py took 0.052 seconds
[2026-07-29T18:32:54.486+0000] {processor.py:186} INFO - Started process (PID=21077) to work on /home/airflow/.local/lib/python3.12/site-packages/airflow/example_dags/example_branch_operator.py
[2026-07-29T18:32:54.487+0000] {processor.py:914} INFO - Processing file /home/airflow/.local/lib/python3.12/site-packages/airflow/example_dags/example_branch_operator.py for tasks to queue
[2026-07-29T18:32:54.488+0000] {logging_mixin.py:190} INFO - [2026-07-29T18:32:54.488+0000] {dagbag.py:587} INFO - Filling up the DagBag from /home/airflow/.local/lib/python3.12/site-packages/airflow/example_dags/example_branch_operator.py
[2026-07-29T18:32:54.498+0000] {processor.py:925} INFO - DAG(s) 'example_branch_operator' retrieved from /home/airflow/.local/lib/python3.12/site-packages/airflow/example_dags/example_branch_operator.py
[2026-07-29T18:32:54.514+0000] {logging_mixin.py:190} INFO - [2026-07-29T18:32:54.514+0000] {dag.py:3211} INFO - Sync 1 DAGs
[2026-07-29T18:32:54.523+0000] {logging_mixin.py:190} INFO - [2026-07-29T18:32:54.523+0000] {dag.py:4138} INFO - Setting next_dagrun for example_branch_operator to 2026-07-28 00:00:00+00:00, run_after=2026-07-29 00:00:00+00:00
[2026-07-29T18:32:54.533+0000] {processor.py:208} INFO - Processing /home/airflow/.local/lib/python3.12/site-packages/airflow/example_dags/example_branch_operator.py took 0.049 seconds
[2026-07-29T18:33:25.524+0000] {processor.py:186} INFO - Started process (PID=21143) to work on /home/airflow/.local/lib/python3.12/site-packages/airflow/example_dags/example_branch_operator.py
[2026-07-29T18:33:25.525+0000] {processor.py:914} INFO - Processing file /home/airflow/.local/lib/python3.12/site-packages/airflow/example_dags/example_branch_operator.py for tasks to queue
[2026-07-29T18:33:25.528+0000] {logging_mixin.py:190} INFO - [2026-07-29T18:33:25.528+0000] {dagbag.py:587} INFO - Filling up the DagBag from /home/airflow/.local/lib/python3.12/site-packages/airflow/example_dags/example_branch_operator.py
[2026-07-29T18:33:25.537+0000] {processor.py:925} INFO - DAG(s) 'example_branch_operator' retrieved from /home/airflow/.local/lib/python3.12/site-packages/airflow/example_dags/example_branch_operator.py
[2026-07-29T18:33:25.549+0000] {logging_mixin.py:190} INFO - [2026-07-29T18:33:25.549+0000] {dag.py:3211} INFO - Sync 1 DAGs
[2026-07-29T18:33:25.561+0000] {logging_mixin.py:190} INFO - [2026-07-29T18:33:25.561+0000] {dag.py:4138} INFO - Setting next_dagrun for example_branch_operator to 2026-07-28 00:00:00+00:00, run_after=2026-07-29 00:00:00+00:00
[2026-07-29T18:33:25.570+0000] {processor.py:208} INFO - Processing /home/airflow/.local/lib/python3.12/site-packages/airflow/example_dags/example_branch_operator.py took 0.050 seconds
[2026-07-29T18:34:02.002+0000] {processor.py:186} INFO - Started process (PID=21215) to work on /home/airflow/.local/lib/python3.12/site-packages/airflow/example_dags/example_branch_operator.py
[2026-07-29T18:34:02.002+0000] {processor.py:914} INFO - Processing file /home/airflow/.local/lib/python3.12/site-packages/airflow/example_dags/example_branch_operator.py for tasks to queue
[2026-07-29T18:34:02.003+0000] {logging_mixin.py:190} INFO - [2026-07-29T18:34:02.003+0000] {dagbag.py:587} INFO - Filling up the DagBag from /home/airflow/.local/lib/python3.12/site-packages/airflow/example_dags/example_branch_operator.py
[2026-07-29T18:34:02.013+0000] {processor.py:925} INFO - DAG(s) 'example_branch_operator' retrieved from /home/airflow/.local/lib/python3.12/site-packages/airflow/example_dags/example_branch_operator.py
[2026-07-29T18:34:02.027+0000] {logging_mixin.py:190} INFO - [2026-07-29T18:34:02.027+0000] {dag.py:3211} INFO - Sync 1 DAGs
[2026-07-29T18:34:02.039+0000] {logging_mixin.py:190} INFO - [2026-07-29T18:34:02.039+0000] {dag.py:4138} INFO - Setting next_dagrun for example_branch_operator to 2026-07-28 00:00:00+00:00, run_after=2026-07-29 00:00:00+00:00
[2026-07-29T18:34:02.045+0000] {processor.py:208} INFO - Processing /home/airflow/.local/lib/python3.12/site-packages/airflow/example_dags/example_branch_operator.py took 0.046 seconds
[2026-07-29T18:34:32.981+0000] {processor.py:186} INFO - Started process (PID=21281) to work on /home/airflow/.local/lib/python3.12/site-packages/airflow/example_dags/example_branch_operator.py
[2026-07-29T18:34:32.983+0000] {processor.py:914} INFO - Processing file /home/airflow/.local/lib/python3.12/site-packages/airflow/example_dags/example_branch_operator.py for tasks to queue
[2026-07-29T18:34:32.987+0000] {logging_mixin.py:190} INFO - [2026-07-29T18:34:32.987+0000] {dagbag.py:587} INFO - Filling up the DagBag from /home/airflow/.local/lib/python3.12/site-packages/airflow/example_dags/example_branch_operator.py
[2026-07-29T18:34:32.997+0000] {processor.py:925} INFO - DAG(s) 'example_branch_operator' retrieved from /home/airflow/.local/lib/python3.12/site-packages/airflow/example_dags/example_branch_operator.py
[2026-07-29T18:34:33.013+0000] {logging_mixin.py:190} INFO - [2026-07-29T18:34:33.013+0000] {dag.py:3211} INFO - Sync 1 DAGs
[2026-07-29T18:34:33.024+0000] {logging_mixin.py:190} INFO - [2026-07-29T18:34:33.024+0000] {dag.py:4138} INFO - Setting next_dagrun for example_branch_operator to 2026-07-28 00:00:00+00:00, run_after=2026-07-29 00:00:00+00:00
[2026-07-29T18:34:33.034+0000] {processor.py:208} INFO - Processing /home/airflow/.local/lib/python3.12/site-packages/airflow/example_dags/example_branch_operator.py took 0.056 seconds
[2026-07-29T18:35:03.854+0000] {processor.py:186} INFO - Started process (PID=21347) to work on /home/airflow/.local/lib/python3.12/site-packages/airflow/example_dags/example_branch_operator.py
[2026-07-29T18:35:03.855+0000] {processor.py:914} INFO - Processing file /home/airflow/.local/lib/python3.12/site-packages/airflow/example_dags/example_branch_operator.py for tasks to queue
[2026-07-29T18:35:03.856+0000] {logging_mixin.py:190} INFO - [2026-07-29T18:35:03.856+0000] {dagbag.py:587} INFO - Filling up the DagBag from /home/airflow/.local/lib/python3.12/site-packages/airflow/example_dags/example_branch_operator.py
[2026-07-29T18:35:03.869+0000] {processor.py:925} INFO - DAG(s) 'example_branch_operator' retrieved from /home/airflow/.local/lib/python3.12/site-packages/airflow/example_dags/example_branch_operator.py
[2026-07-29T18:35:03.884+0000] {logging_mixin.py:190} INFO - [2026-07-29T18:35:03.884+0000] {dag.py:3211} INFO - Sync 1 DAGs
[2026-07-29T18:35:03.894+0000] {logging_mixin.py:190} INFO - [2026-07-29T18:35:03.894+0000] {dag.py:4138} INFO - Setting next_dagrun for example_branch_operator to 2026-07-28 00:00:00+00:00, run_after=2026-07-29 00:00:00+00:00
[2026-07-29T18:35:03.900+0000] {processor.py:208} INFO - Processing /home/airflow/.local/lib/python3.12/site-packages/airflow/example_dags/example_branch_operator.py took 0.049 seconds
[2026-07-29T18:35:34.889+0000] {processor.py:186} INFO - Started process (PID=21413) to work on /home/airflow/.local/lib/python3.12/site-packages/airflow/example_dags/example_branch_operator.py
[2026-07-29T18:35:34.889+0000] {processor.py:914} INFO - Processing file /home/airflow/.local/lib/python3.12/site-packages/airflow/example_dags/example_branch_operator.py for tasks to queue
[2026-07-29T18:35:34.890+0000] {logging_mixin.py:190} INFO - [2026-07-29T18:35:34.890+0000] {dagbag.py:587} INFO - Filling up the DagBag from /home/airflow/.local/lib/python3.12/site-packages/airflow/example_dags/example_branch_operator.py
[2026-07-29T18:35:34.897+0000] {processor.py:925} INFO - DAG(s) 'example_branch_operator' retrieved from /home/airflow/.local/lib/python3.12/site-packages/airflow/example_dags/example_branch_operator.py
[2026-07-29T18:35:34.907+0000] {logging_mixin.py:190} INFO - [2026-07-29T18:35:34.906+0000] {dag.py:3211} INFO - Sync 1 DAGs
[2026-07-29T18:35:34.915+0000] {logging_mixin.py:190} INFO - [2026-07-29T18:35:34.915+0000] {dag.py:4138} INFO - Setting next_dagrun for example_branch_operator to 2026-07-28 00:00:00+00:00, run_after=2026-07-29 00:00:00+00:00
[2026-07-29T18:35:34.921+0000] {processor.py:208} INFO - Processing /home/airflow/.local/lib/python3.12/site-packages/airflow/example_dags/example_branch_operator.py took 0.035 seconds
[2026-07-29T18:36:05.932+0000] {processor.py:186} INFO - Started process (PID=21479) to work on /home/airflow/.local/lib/python3.12/site-packages/airflow/example_dags/example_branch_operator.py
[2026-07-29T18:36:05.933+0000] {processor.py:914} INFO - Processing file /home/airflow/.local/lib/python3.12/site-packages/airflow/example_dags/example_branch_operator.py for tasks to queue
[2026-07-29T18:36:05.934+0000] {logging_mixin.py:190} INFO - [2026-07-29T18:36:05.934+0000] {dagbag.py:587} INFO - Filling up the DagBag from /home/airflow/.local/lib/python3.12/site-packages/airflow/example_dags/example_branch_operator.py
[2026-07-29T18:36:05.941+0000] {processor.py:925} INFO - DAG(s) 'example_branch_operator' retrieved from /home/airflow/.local/lib/python3.12/site-packages/airflow/example_dags/example_branch_operator.py
[2026-07-29T18:36:05.954+0000] {logging_mixin.py:190} INFO - [2026-07-29T18:36:05.954+0000] {dag.py:3211} INFO - Sync 1 DAGs
[2026-07-29T18:36:05.964+0000] {logging_mixin.py:190} INFO - [2026-07-29T18:36:05.964+0000] {dag.py:4138} INFO - Setting next_dagrun for example_branch_operator to 2026-07-28 00:00:00+00:00, run_after=2026-07-29 00:00:00+00:00
[2026-07-29T18:36:05.972+0000] {processor.py:208} INFO - Processing /home/airflow/.local/lib/python3.12/site-packages/airflow/example_dags/example_branch_operator.py took 0.042 seconds
[2026-07-29T18:36:36.957+0000] {processor.py:186} INFO - Started process (PID=21545) to work on /home/airflow/.local/lib/python3.12/site-packages/airflow/example_dags/example_branch_operator.py
[2026-07-29T18:36:36.957+0000] {processor.py:914} INFO - Processing file /home/airflow/.local/lib/python3.12/site-packages/airflow/example_dags/example_branch_operator.py for tasks to queue
[2026-07-29T18:36:36.958+0000] {logging_mixin.py:190} INFO - [2026-07-29T18:36:36.958+0000] {dagbag.py:587} INFO - Filling up the DagBag from /home/airflow/.local/lib/python3.12/site-packages/airflow/example_dags/example_branch_operator.py
[2026-07-29T18:36:36.968+0000] {processor.py:925} INFO - DAG(s) 'example_branch_operator' retrieved from /home/airflow/.local/lib/python3.12/site-packages/airflow/example_dags/example_branch_operator.py
[2026-07-29T18:36:36.981+0000] {logging_mixin.py:190} INFO - [2026-07-29T18:36:36.981+0000] {dag.py:3211} INFO - Sync 1 DAGs
[2026-07-29T18:36:36.997+0000] {logging_mixin.py:190} INFO - [2026-07-29T18:36:36.997+0000] {dag.py:4138} INFO - Setting next_dagrun for example_branch_operator to 2026-07-28 00:00:00+00:00, run_after=2026-07-29 00:00:00+00:00
[2026-07-29T18:36:37.004+0000] {processor.py:208} INFO - Processing /home/airflow/.local/lib/python3.12/site-packages/airflow/example_dags/example_branch_operator.py took 0.050 seconds
[2026-07-29T18:37:07.897+0000] {processor.py:186} INFO - Started process (PID=21611) to work on /home/airflow/.local/lib/python3.12/site-packages/airflow/example_dags/example_branch_operator.py
[2026-07-29T18:37:07.898+0000] {processor.py:914} INFO - Processing file /home/airflow/.local/lib/python3.12/site-packages/airflow/example_dags/example_branch_operator.py for tasks to queue
[2026-07-29T18:37:07.899+0000] {logging_mixin.py:190} INFO - [2026-07-29T18:37:07.899+0000] {dagbag.py:587} INFO - Filling up the DagBag from /home/airflow/.local/lib/python3.12/site-packages/airflow/example_dags/example_branch_operator.py
[2026-07-29T18:37:07.907+0000] {processor.py:925} INFO - DAG(s) 'example_branch_operator' retrieved from /home/airflow/.local/lib/python3.12/site-packages/airflow/example_dags/example_branch_operator.py
[2026-07-29T18:37:07.923+0000] {logging_mixin.py:190} INFO - [2026-07-29T18:37:07.923+0000] {dag.py:3211} INFO - Sync 1 DAGs
[2026-07-29T18:37:07.934+0000] {logging_mixin.py:190} INFO - [2026-07-29T18:37:07.934+0000] {dag.py:4138} INFO - Setting next_dagrun for example_branch_operator to 2026-07-28 00:00:00+00:00, run_after=2026-07-29 00:00:00+00:00
[2026-07-29T18:37:07.943+0000] {processor.py:208} INFO - Processing /home/airflow/.local/lib/python3.12/site-packages/airflow/example_dags/example_branch_operator.py took 0.049 seconds
[2026-07-29T18:37:38.067+0000] {processor.py:186} INFO - Started process (PID=21677) to work on /home/airflow/.local/lib/python3.12/site-packages/airflow/example_dags/example_branch_operator.py
[2026-07-29T18:37:38.069+0000] {processor.py:914} INFO - Processing file /home/airflow/.local/lib/python3.12/site-packages/airflow/example_dags/example_branch_operator.py for tasks to queue
[2026-07-29T18:37:38.070+0000] {logging_mixin.py:190} INFO - [2026-07-29T18:37:38.070+0000] {dagbag.py:587} INFO - Filling up the DagBag from /home/airflow/.local/lib/python3.12/site-packages/airflow/example_dags/example_branch_operator.py
[2026-07-29T18:37:38.078+0000] {processor.py:925} INFO - DAG(s) 'example_branch_operator' retrieved from /home/airflow/.local/lib/python3.12/site-packages/airflow/example_dags/example_branch_operator.py
[2026-07-29T18:37:38.089+0000] {logging_mixin.py:190} INFO - [2026-07-29T18:37:38.088+0000] {dag.py:3211} INFO - Sync 1 DAGs
[2026-07-29T18:37:38.098+0000] {logging_mixin.py:190} INFO - [2026-07-29T18:37:38.098+0000] {dag.py:4138} INFO - Setting next_dagrun for example_branch_operator to 2026-07-28 00:00:00+00:00, run_after=2026-07-29 00:00:00+00:00
[2026-07-29T18:37:38.108+0000] {processor.py:208} INFO - Processing /home/airflow/.local/lib/python3.12/site-packages/airflow/example_dags/example_branch_operator.py took 0.043 seconds
[2026-07-29T18:38:08.169+0000] {processor.py:186} INFO - Started process (PID=21743) to work on /home/airflow/.local/lib/python3.12/site-packages/airflow/example_dags/example_branch_operator.py
[2026-07-29T18:38:08.170+0000] {processor.py:914} INFO - Processing file /home/airflow/.local/lib/python3.12/site-packages/airflow/example_dags/example_branch_operator.py for tasks to queue
[2026-07-29T18:38:08.171+0000] {logging_mixin.py:190} INFO - [2026-07-29T18:38:08.171+0000] {dagbag.py:587} INFO - Filling up the DagBag from /home/airflow/.local/lib/python3.12/site-packages/airflow/example_dags/example_branch_operator.py
[2026-07-29T18:38:08.179+0000] {processor.py:925} INFO - DAG(s) 'example_branch_operator' retrieved from /home/airflow/.local/lib/python3.12/site-packages/airflow/example_dags/example_branch_operator.py
[2026-07-29T18:38:08.189+0000] {logging_mixin.py:190} INFO - [2026-07-29T18:38:08.188+0000] {dag.py:3211} INFO - Sync 1 DAGs
[2026-07-29T18:38:08.199+0000] {logging_mixin.py:190} INFO - [2026-07-29T18:38:08.199+0000] {dag.py:4138} INFO - Setting next_dagrun for example_branch_operator to 2026-07-28 00:00:00+00:00, run_after=2026-07-29 00:00:00+00:00
[2026-07-29T18:38:08.208+0000] {processor.py:208} INFO - Processing /home/airflow/.local/lib/python3.12/site-packages/airflow/example_dags/example_branch_operator.py took 0.042 seconds
[2026-07-29T18:38:39.160+0000] {processor.py:186} INFO - Started process (PID=21809) to work on /home/airflow/.local/lib/python3.12/site-packages/airflow/example_dags/example_branch_operator.py
[2026-07-29T18:38:39.161+0000] {processor.py:914} INFO - Processing file /home/airflow/.local/lib/python3.12/site-packages/airflow/example_dags/example_branch_operator.py for tasks to queue
[2026-07-29T18:38:39.165+0000] {logging_mixin.py:190} INFO - [2026-07-29T18:38:39.164+0000] {dagbag.py:587} INFO - Filling up the DagBag from /home/airflow/.local/lib/python3.12/site-packages/airflow/example_dags/example_branch_operator.py
[2026-07-29T18:38:39.173+0000] {processor.py:925} INFO - DAG(s) 'example_branch_operator' retrieved from /home/airflow/.local/lib/python3.12/site-packages/airflow/example_dags/example_branch_operator.py
[2026-07-29T18:38:39.189+0000] {logging_mixin.py:190} INFO - [2026-07-29T18:38:39.189+0000] {dag.py:3211} INFO - Sync 1 DAGs
[2026-07-29T18:38:39.200+0000] {logging_mixin.py:190} INFO - [2026-07-29T18:38:39.199+0000] {dag.py:4138} INFO - Setting next_dagrun for example_branch_operator to 2026-07-28 00:00:00+00:00, run_after=2026-07-29 00:00:00+00:00
[2026-07-29T18:38:39.209+0000] {processor.py:208} INFO - Processing /home/airflow/.local/lib/python3.12/site-packages/airflow/example_dags/example_branch_operator.py took 0.052 seconds
[2026-07-29T18:39:10.092+0000] {processor.py:186} INFO - Started process (PID=21875) to work on /home/airflow/.local/lib/python3.12/site-packages/airflow/example_dags/example_branch_operator.py
[2026-07-29T18:39:10.093+0000] {processor.py:914} INFO - Processing file /home/airflow/.local/lib/python3.12/site-packages/airflow/example_dags/example_branch_operator.py for tasks to queue
[2026-07-29T18:39:10.095+0000] {logging_mixin.py:190} INFO - [2026-07-29T18:39:10.095+0000] {dagbag.py:587} INFO - Filling up the DagBag from /home/airflow/.local/lib/python3.12/site-packages/airflow/example_dags/example_branch_operator.py
[2026-07-29T18:39:10.103+0000] {processor.py:925} INFO - DAG(s) 'example_branch_operator' retrieved from /home/airflow/.local/lib/python3.12/site-packages/airflow/example_dags/example_branch_operator.py
[2026-07-29T18:39:10.123+0000] {logging_mixin.py:190} INFO - [2026-07-29T18:39:10.122+0000] {dag.py:3211} INFO - Sync 1 DAGs
[2026-07-29T18:39:10.132+0000] {logging_mixin.py:190} INFO - [2026-07-29T18:39:10.131+0000] {dag.py:4138} INFO - Setting next_dagrun for example_branch_operator to 2026-07-28 00:00:00+00:00, run_after=2026-07-29 00:00:00+00:00
[2026-07-29T18:39:10.140+0000] {processor.py:208} INFO - Processing /home/airflow/.local/lib/python3.12/site-packages/airflow/example_dags/example_branch_operator.py took 0.051 seconds
[2026-07-29T18:39:41.219+0000] {processor.py:186} INFO - Started process (PID=21941) to work on /home/airflow/.local/lib/python3.12/site-packages/airflow/example_dags/example_branch_operator.py
[2026-07-29T18:39:41.220+0000] {processor.py:914} INFO - Processing file /home/airflow/.local/lib/python3.12/site-packages/airflow/example_dags/example_branch_operator.py for tasks to queue
[2026-07-29T18:39:41.221+0000] {logging_mixin.py:190} INFO - [2026-07-29T18:39:41.221+0000] {dagbag.py:587} INFO - Filling up the DagBag from /home/airflow/.local/lib/python3.12/site-packages/airflow/example_dags/example_branch_operator.py
[2026-07-29T18:39:41.229+0000] {processor.py:925} INFO - DAG(s) 'example_branch_operator' retrieved from /home/airflow/.local/lib/python3.12/site-packages/airflow/example_dags/example_branch_operator.py
[2026-07-29T18:39:41.240+0000] {logging_mixin.py:190} INFO - [2026-07-29T18:39:41.240+0000] {dag.py:3211} INFO - Sync 1 DAGs
[2026-07-29T18:39:41.248+0000] {logging_mixin.py:190} INFO - [2026-07-29T18:39:41.248+0000] {dag.py:4138} INFO - Setting next_dagrun for example_branch_operator to 2026-07-28 00:00:00+00:00, run_after=2026-07-29 00:00:00+00:00
[2026-07-29T18:39:41.254+0000] {processor.py:208} INFO - Processing /home/airflow/.local/lib/python3.12/site-packages/airflow/example_dags/example_branch_operator.py took 0.037 seconds
[2026-07-29T18:40:11.323+0000] {processor.py:186} INFO - Started process (PID=22007) to work on /home/airflow/.local/lib/python3.12/site-packages/airflow/example_dags/example_branch_operator.py
[2026-07-29T18:40:11.324+0000] {processor.py:914} INFO - Processing file /home/airflow/.local/lib/python3.12/site-packages/airflow/example_dags/example_branch_operator.py for tasks to queue
[2026-07-29T18:40:11.328+0000] {logging_mixin.py:190} INFO - [2026-07-29T18:40:11.328+0000] {dagbag.py:587} INFO - Filling up the DagBag from /home/airflow/.local/lib/python3.12/site-packages/airflow/example_dags/example_branch_operator.py
[2026-07-29T18:40:11.337+0000] {processor.py:925} INFO - DAG(s) 'example_branch_operator' retrieved from /home/airflow/.local/lib/python3.12/site-packages/airflow/example_dags/example_branch_operator.py
[2026-07-29T18:40:11.350+0000] {logging_mixin.py:190} INFO - [2026-07-29T18:40:11.350+0000] {dag.py:3211} INFO - Sync 1 DAGs
[2026-07-29T18:40:11.361+0000] {logging_mixin.py:190} INFO - [2026-07-29T18:40:11.361+0000] {dag.py:4138} INFO - Setting next_dagrun for example_branch_operator to 2026-07-28 00:00:00+00:00, run_after=2026-07-29 00:00:00+00:00
[2026-07-29T18:40:11.368+0000] {processor.py:208} INFO - Processing /home/airflow/.local/lib/python3.12/site-packages/airflow/example_dags/example_branch_operator.py took 0.048 seconds
[2026-07-29T18:40:41.458+0000] {processor.py:186} INFO - Started process (PID=22073) to work on /home/airflow/.local/lib/python3.12/site-packages/airflow/example_dags/example_branch_operator.py
[2026-07-29T18:40:41.458+0000] {processor.py:914} INFO - Processing file /home/airflow/.local/lib/python3.12/site-packages/airflow/example_dags/example_branch_operator.py for tasks to queue
[2026-07-29T18:40:41.460+0000] {logging_mixin.py:190} INFO - [2026-07-29T18:40:41.459+0000] {dagbag.py:587} INFO - Filling up the DagBag from /home/airflow/.local/lib/python3.12/site-packages/airflow/example_dags/example_branch_operator.py
[2026-07-29T18:40:41.467+0000] {processor.py:925} INFO - DAG(s) 'example_branch_operator' retrieved from /home/airflow/.local/lib/python3.12/site-packages/airflow/example_dags/example_branch_operator.py
[2026-07-29T18:40:41.480+0000] {logging_mixin.py:190} INFO - [2026-07-29T18:40:41.480+0000] {dag.py:3211} INFO - Sync 1 DAGs
[2026-07-29T18:40:41.491+0000] {logging_mixin.py:190} INFO - [2026-07-29T18:40:41.491+0000] {dag.py:4138} INFO - Setting next_dagrun for example_branch_operator to 2026-07-28 00:00:00+00:00, run_after=2026-07-29 00:00:00+00:00
[2026-07-29T18:40:41.499+0000] {processor.py:208} INFO - Processing /home/airflow/.local/lib/python3.12/site-packages/airflow/example_dags/example_branch_operator.py took 0.043 seconds
[2026-07-29T18:41:11.756+0000] {processor.py:186} INFO - Started process (PID=22139) to work on /home/airflow/.local/lib/python3.12/site-packages/airflow/example_dags/example_branch_operator.py
[2026-07-29T18:41:11.757+0000] {processor.py:914} INFO - Processing file /home/airflow/.local/lib/python3.12/site-packages/airflow/example_dags/example_branch_operator.py for tasks to queue
[2026-07-29T18:41:11.759+0000] {logging_mixin.py:190} INFO - [2026-07-29T18:41:11.758+0000] {dagbag.py:587} INFO - Filling up the DagBag from /home/airflow/.local/lib/python3.12/site-packages/airflow/example_dags/example_branch_operator.py
[2026-07-29T18:41:11.772+0000] {processor.py:925} INFO - DAG(s) 'example_branch_operator' retrieved from /home/airflow/.local/lib/python3.12/site-packages/airflow/example_dags/example_branch_operator.py
[2026-07-29T18:41:11.787+0000] {logging_mixin.py:190} INFO - [2026-07-29T18:41:11.787+0000] {dag.py:3211} INFO - Sync 1 DAGs
[2026-07-29T18:41:11.796+0000] {logging_mixin.py:190} INFO - [2026-07-29T18:41:11.796+0000] {dag.py:4138} INFO - Setting next_dagrun for example_branch_operator to 2026-07-28 00:00:00+00:00, run_after=2026-07-29 00:00:00+00:00
[2026-07-29T18:41:11.807+0000] {processor.py:208} INFO - Processing /home/airflow/.local/lib/python3.12/site-packages/airflow/example_dags/example_branch_operator.py took 0.054 seconds
[2026-07-29T18:41:42.095+0000] {processor.py:186} INFO - Started process (PID=22205) to work on /home/airflow/.local/lib/python3.12/site-packages/airflow/example_dags/example_branch_operator.py
[2026-07-29T18:41:42.095+0000] {processor.py:914} INFO - Processing file /home/airflow/.local/lib/python3.12/site-packages/airflow/example_dags/example_branch_operator.py for tasks to queue
[2026-07-29T18:41:42.096+0000] {logging_mixin.py:190} INFO - [2026-07-29T18:41:42.096+0000] {dagbag.py:587} INFO - Filling up the DagBag from /home/airflow/.local/lib/python3.12/site-packages/airflow/example_dags/example_branch_operator.py
[2026-07-29T18:41:42.106+0000] {processor.py:925} INFO - DAG(s) 'example_branch_operator' retrieved from /home/airflow/.local/lib/python3.12/site-packages/airflow/example_dags/example_branch_operator.py
[2026-07-29T18:41:42.124+0000] {logging_mixin.py:190} INFO - [2026-07-29T18:41:42.124+0000] {dag.py:3211} INFO - Sync 1 DAGs
[2026-07-29T18:41:42.134+0000] {logging_mixin.py:190} INFO - [2026-07-29T18:41:42.134+0000] {dag.py:4138} INFO - Setting next_dagrun for example_branch_operator to 2026-07-28 00:00:00+00:00, run_after=2026-07-29 00:00:00+00:00
[2026-07-29T18:41:42.142+0000] {processor.py:208} INFO - Processing /home/airflow/.local/lib/python3.12/site-packages/airflow/example_dags/example_branch_operator.py took 0.050 seconds
[2026-07-29T18:42:12.488+0000] {processor.py:186} INFO - Started process (PID=22271) to work on /home/airflow/.local/lib/python3.12/site-packages/airflow/example_dags/example_branch_operator.py
[2026-07-29T18:42:12.489+0000] {processor.py:914} INFO - Processing file /home/airflow/.local/lib/python3.12/site-packages/airflow/example_dags/example_branch_operator.py for tasks to queue
[2026-07-29T18:42:12.491+0000] {logging_mixin.py:190} INFO - [2026-07-29T18:42:12.491+0000] {dagbag.py:587} INFO - Filling up the DagBag from /home/airflow/.local/lib/python3.12/site-packages/airflow/example_dags/example_branch_operator.py
[2026-07-29T18:42:12.504+0000] {processor.py:925} INFO - DAG(s) 'example_branch_operator' retrieved from /home/airflow/.local/lib/python3.12/site-packages/airflow/example_dags/example_branch_operator.py
[2026-07-29T18:42:12.516+0000] {logging_mixin.py:190} INFO - [2026-07-29T18:42:12.516+0000] {dag.py:3211} INFO - Sync 1 DAGs
[2026-07-29T18:42:12.527+0000] {logging_mixin.py:190} INFO - [2026-07-29T18:42:12.527+0000] {dag.py:4138} INFO - Setting next_dagrun for example_branch_operator to 2026-07-28 00:00:00+00:00, run_after=2026-07-29 00:00:00+00:00
[2026-07-29T18:42:12.535+0000] {processor.py:208} INFO - Processing /home/airflow/.local/lib/python3.12/site-packages/airflow/example_dags/example_branch_operator.py took 0.050 seconds
[2026-07-29T18:42:42.596+0000] {processor.py:186} INFO - Started process (PID=22337) to work on /home/airflow/.local/lib/python3.12/site-packages/airflow/example_dags/example_branch_operator.py
[2026-07-29T18:42:42.597+0000] {processor.py:914} INFO - Processing file /home/airflow/.local/lib/python3.12/site-packages/airflow/example_dags/example_branch_operator.py for tasks to queue
[2026-07-29T18:42:42.598+0000] {logging_mixin.py:190} INFO - [2026-07-29T18:42:42.597+0000] {dagbag.py:587} INFO - Filling up the DagBag from /home/airflow/.local/lib/python3.12/site-packages/airflow/example_dags/example_branch_operator.py
[2026-07-29T18:42:42.605+0000] {processor.py:925} INFO - DAG(s) 'example_branch_operator' retrieved from /home/airflow/.local/lib/python3.12/site-packages/airflow/example_dags/example_branch_operator.py
[2026-07-29T18:42:42.615+0000] {logging_mixin.py:190} INFO - [2026-07-29T18:42:42.615+0000] {dag.py:3211} INFO - Sync 1 DAGs
[2026-07-29T18:42:42.623+0000] {logging_mixin.py:190} INFO - [2026-07-29T18:42:42.623+0000] {dag.py:4138} INFO - Setting next_dagrun for example_branch_operator to 2026-07-28 00:00:00+00:00, run_after=2026-07-29 00:00:00+00:00
[2026-07-29T18:42:42.629+0000] {processor.py:208} INFO - Processing /home/airflow/.local/lib/python3.12/site-packages/airflow/example_dags/example_branch_operator.py took 0.035 seconds
[2026-07-29T18:43:12.749+0000] {processor.py:186} INFO - Started process (PID=22403) to work on /home/airflow/.local/lib/python3.12/site-packages/airflow/example_dags/example_branch_operator.py
[2026-07-29T18:43:12.750+0000] {processor.py:914} INFO - Processing file /home/airflow/.local/lib/python3.12/site-packages/airflow/example_dags/example_branch_operator.py for tasks to queue
[2026-07-29T18:43:12.751+0000] {logging_mixin.py:190} INFO - [2026-07-29T18:43:12.751+0000] {dagbag.py:587} INFO - Filling up the DagBag from /home/airflow/.local/lib/python3.12/site-packages/airflow/example_dags/example_branch_operator.py
[2026-07-29T18:43:12.763+0000] {processor.py:925} INFO - DAG(s) 'example_branch_operator' retrieved from /home/airflow/.local/lib/python3.12/site-packages/airflow/example_dags/example_branch_operator.py
[2026-07-29T18:43:12.782+0000] {logging_mixin.py:190} INFO - [2026-07-29T18:43:12.782+0000] {dag.py:3211} INFO - Sync 1 DAGs
[2026-07-29T18:43:12.795+0000] {logging_mixin.py:190} INFO - [2026-07-29T18:43:12.795+0000] {dag.py:4138} INFO - Setting next_dagrun for example_branch_operator to 2026-07-28 00:00:00+00:00, run_after=2026-07-29 00:00:00+00:00
[2026-07-29T18:43:12.800+0000] {processor.py:208} INFO - Processing /home/airflow/.local/lib/python3.12/site-packages/airflow/example_dags/example_branch_operator.py took 0.053 seconds
[2026-07-29T18:43:42.914+0000] {processor.py:186} INFO - Started process (PID=22469) to work on /home/airflow/.local/lib/python3.12/site-packages/airflow/example_dags/example_branch_operator.py
[2026-07-29T18:43:42.915+0000] {processor.py:914} INFO - Processing file /home/airflow/.local/lib/python3.12/site-packages/airflow/example_dags/example_branch_operator.py for tasks to queue
[2026-07-29T18:43:42.920+0000] {logging_mixin.py:190} INFO - [2026-07-29T18:43:42.919+0000] {dagbag.py:587} INFO - Filling up the DagBag from /home/airflow/.local/lib/python3.12/site-packages/airflow/example_dags/example_branch_operator.py
[2026-07-29T18:43:42.927+0000] {processor.py:925} INFO - DAG(s) 'example_branch_operator' retrieved from /home/airflow/.local/lib/python3.12/site-packages/airflow/example_dags/example_branch_operator.py
[2026-07-29T18:43:42.938+0000] {logging_mixin.py:190} INFO - [2026-07-29T18:43:42.938+0000] {dag.py:3211} INFO - Sync 1 DAGs
[2026-07-29T18:43:42.948+0000] {logging_mixin.py:190} INFO - [2026-07-29T18:43:42.948+0000] {dag.py:4138} INFO - Setting next_dagrun for example_branch_operator to 2026-07-28 00:00:00+00:00, run_after=2026-07-29 00:00:00+00:00
[2026-07-29T18:43:42.961+0000] {processor.py:208} INFO - Processing /home/airflow/.local/lib/python3.12/site-packages/airflow/example_dags/example_branch_operator.py took 0.050 seconds
[2026-07-29T18:44:13.452+0000] {processor.py:186} INFO - Started process (PID=22535) to work on /home/airflow/.local/lib/python3.12/site-packages/airflow/example_dags/example_branch_operator.py
[2026-07-29T18:44:13.454+0000] {processor.py:914} INFO - Processing file /home/airflow/.local/lib/python3.12/site-packages/airflow/example_dags/example_branch_operator.py for tasks to queue
[2026-07-29T18:44:13.455+0000] {logging_mixin.py:190} INFO - [2026-07-29T18:44:13.455+0000] {dagbag.py:587} INFO - Filling up the DagBag from /home/airflow/.local/lib/python3.12/site-packages/airflow/example_dags/example_branch_operator.py
[2026-07-29T18:44:13.469+0000] {processor.py:925} INFO - DAG(s) 'example_branch_operator' retrieved from /home/airflow/.local/lib/python3.12/site-packages/airflow/example_dags/example_branch_operator.py
[2026-07-29T18:44:13.489+0000] {logging_mixin.py:190} INFO - [2026-07-29T18:44:13.489+0000] {dag.py:3211} INFO - Sync 1 DAGs
[2026-07-29T18:44:13.504+0000] {logging_mixin.py:190} INFO - [2026-07-29T18:44:13.504+0000] {dag.py:4138} INFO - Setting next_dagrun for example_branch_operator to 2026-07-28 00:00:00+00:00, run_after=2026-07-29 00:00:00+00:00
[2026-07-29T18:44:13.515+0000] {processor.py:208} INFO - Processing /home/airflow/.local/lib/python3.12/site-packages/airflow/example_dags/example_branch_operator.py took 0.067 seconds
[2026-07-29T18:44:43.763+0000] {processor.py:186} INFO - Started process (PID=22601) to work on /home/airflow/.local/lib/python3.12/site-packages/airflow/example_dags/example_branch_operator.py
[2026-07-29T18:44:43.763+0000] {processor.py:914} INFO - Processing file /home/airflow/.local/lib/python3.12/site-packages/airflow/example_dags/example_branch_operator.py for tasks to queue
[2026-07-29T18:44:43.764+0000] {logging_mixin.py:190} INFO - [2026-07-29T18:44:43.764+0000] {dagbag.py:587} INFO - Filling up the DagBag from /home/airflow/.local/lib/python3.12/site-packages/airflow/example_dags/example_branch_operator.py
[2026-07-29T18:44:43.772+0000] {processor.py:925} INFO - DAG(s) 'example_branch_operator' retrieved from /home/airflow/.local/lib/python3.12/site-packages/airflow/example_dags/example_branch_operator.py
[2026-07-29T18:44:43.789+0000] {logging_mixin.py:190} INFO - [2026-07-29T18:44:43.789+0000] {dag.py:3211} INFO - Sync 1 DAGs
[2026-07-29T18:44:43.799+0000] {logging_mixin.py:190} INFO - [2026-07-29T18:44:43.799+0000] {dag.py:4138} INFO - Setting next_dagrun for example_branch_operator to 2026-07-28 00:00:00+00:00, run_after=2026-07-29 00:00:00+00:00
[2026-07-29T18:44:43.812+0000] {processor.py:208} INFO - Processing /home/airflow/.local/lib/python3.12/site-packages/airflow/example_dags/example_branch_operator.py took 0.052 seconds
[2026-07-29T18:45:13.897+0000] {processor.py:186} INFO - Started process (PID=22667) to work on /home/airflow/.local/lib/python3.12/site-packages/airflow/example_dags/example_branch_operator.py
[2026-07-29T18:45:13.898+0000] {processor.py:914} INFO - Processing file /home/airflow/.local/lib/python3.12/site-packages/airflow/example_dags/example_branch_operator.py for tasks to queue
[2026-07-29T18:45:13.899+0000] {logging_mixin.py:190} INFO - [2026-07-29T18:45:13.899+0000] {dagbag.py:587} INFO - Filling up the DagBag from /home/airflow/.local/lib/python3.12/site-packages/airflow/example_dags/example_branch_operator.py
[2026-07-29T18:45:13.911+0000] {processor.py:925} INFO - DAG(s) 'example_branch_operator' retrieved from /home/airflow/.local/lib/python3.12/site-packages/airflow/example_dags/example_branch_operator.py
[2026-07-29T18:45:13.929+0000] {logging_mixin.py:190} INFO - [2026-07-29T18:45:13.929+0000] {dag.py:3211} INFO - Sync 1 DAGs
[2026-07-29T18:45:13.938+0000] {logging_mixin.py:190} INFO - [2026-07-29T18:45:13.938+0000] {dag.py:4138} INFO - Setting next_dagrun for example_branch_operator to 2026-07-28 00:00:00+00:00, run_after=2026-07-29 00:00:00+00:00
[2026-07-29T18:45:13.947+0000] {processor.py:208} INFO - Processing /home/airflow/.local/lib/python3.12/site-packages/airflow/example_dags/example_branch_operator.py took 0.052 seconds
[2026-07-29T18:45:44.974+0000] {processor.py:186} INFO - Started process (PID=22733) to work on /home/airflow/.local/lib/python3.12/site-packages/airflow/example_dags/example_branch_operator.py
[2026-07-29T18:45:44.976+0000] {processor.py:914} INFO - Processing file /home/airflow/.local/lib/python3.12/site-packages/airflow/example_dags/example_branch_operator.py for tasks to queue
[2026-07-29T18:45:44.977+0000] {logging_mixin.py:190} INFO - [2026-07-29T18:45:44.977+0000] {dagbag.py:587} INFO - Filling up the DagBag from /home/airflow/.local/lib/python3.12/site-packages/airflow/example_dags/example_branch_operator.py
[2026-07-29T18:45:44.985+0000] {processor.py:925} INFO - DAG(s) 'example_branch_operator' retrieved from /home/airflow/.local/lib/python3.12/site-packages/airflow/example_dags/example_branch_operator.py
[2026-07-29T18:45:45.002+0000] {logging_mixin.py:190} INFO - [2026-07-29T18:45:45.002+0000] {dag.py:3211} INFO - Sync 1 DAGs
[2026-07-29T18:45:45.010+0000] {logging_mixin.py:190} INFO - [2026-07-29T18:45:45.010+0000] {dag.py:4138} INFO - Setting next_dagrun for example_branch_operator to 2026-07-28 00:00:00+00:00, run_after=2026-07-29 00:00:00+00:00
[2026-07-29T18:45:45.019+0000] {processor.py:208} INFO - Processing /home/airflow/.local/lib/python3.12/site-packages/airflow/example_dags/example_branch_operator.py took 0.047 seconds
[2026-07-29T18:46:16.031+0000] {processor.py:186} INFO - Started process (PID=22799) to work on /home/airflow/.local/lib/python3.12/site-packages/airflow/example_dags/example_branch_operator.py
[2026-07-29T18:46:16.031+0000] {processor.py:914} INFO - Processing file /home/airflow/.local/lib/python3.12/site-packages/airflow/example_dags/example_branch_operator.py for tasks to queue
[2026-07-29T18:46:16.032+0000] {logging_mixin.py:190} INFO - [2026-07-29T18:46:16.032+0000] {dagbag.py:587} INFO - Filling up the DagBag from /home/airflow/.local/lib/python3.12/site-packages/airflow/example_dags/example_branch_operator.py
[2026-07-29T18:46:16.041+0000] {processor.py:925} INFO - DAG(s) 'example_branch_operator' retrieved from /home/airflow/.local/lib/python3.12/site-packages/airflow/example_dags/example_branch_operator.py
[2026-07-29T18:46:16.051+0000] {logging_mixin.py:190} INFO - [2026-07-29T18:46:16.051+0000] {dag.py:3211} INFO - Sync 1 DAGs
[2026-07-29T18:46:16.061+0000] {logging_mixin.py:190} INFO - [2026-07-29T18:46:16.061+0000] {dag.py:4138} INFO - Setting next_dagrun for example_branch_operator to 2026-07-28 00:00:00+00:00, run_after=2026-07-29 00:00:00+00:00
[2026-07-29T18:46:16.068+0000] {processor.py:208} INFO - Processing /home/airflow/.local/lib/python3.12/site-packages/airflow/example_dags/example_branch_operator.py took 0.040 seconds
[2026-07-29T18:46:46.096+0000] {processor.py:186} INFO - Started process (PID=22865) to work on /home/airflow/.local/lib/python3.12/site-packages/airflow/example_dags/example_branch_operator.py
[2026-07-29T18:46:46.097+0000] {processor.py:914} INFO - Processing file /home/airflow/.local/lib/python3.12/site-packages/airflow/example_dags/example_branch_operator.py for tasks to queue
[2026-07-29T18:46:46.098+0000] {logging_mixin.py:190} INFO - [2026-07-29T18:46:46.098+0000] {dagbag.py:587} INFO - Filling up the DagBag from /home/airflow/.local/lib/python3.12/site-packages/airflow/example_dags/example_branch_operator.py
[2026-07-29T18:46:46.106+0000] {processor.py:925} INFO - DAG(s) 'example_branch_operator' retrieved from /home/airflow/.local/lib/python3.12/site-packages/airflow/example_dags/example_branch_operator.py
[2026-07-29T18:46:46.119+0000] {logging_mixin.py:190} INFO - [2026-07-29T18:46:46.119+0000] {dag.py:3211} INFO - Sync 1 DAGs
[2026-07-29T18:46:46.129+0000] {logging_mixin.py:190} INFO - [2026-07-29T18:46:46.129+0000] {dag.py:4138} INFO - Setting next_dagrun for example_branch_operator to 2026-07-28 00:00:00+00:00, run_after=2026-07-29 00:00:00+00:00
[2026-07-29T18:46:46.142+0000] {processor.py:208} INFO - Processing /home/airflow/.local/lib/python3.12/site-packages/airflow/example_dags/example_branch_operator.py took 0.048 seconds
[2026-07-29T18:47:17.084+0000] {processor.py:186} INFO - Started process (PID=22931) to work on /home/airflow/.local/lib/python3.12/site-packages/airflow/example_dags/example_branch_operator.py
[2026-07-29T18:47:17.084+0000] {processor.py:914} INFO - Processing file /home/airflow/.local/lib/python3.12/site-packages/airflow/example_dags/example_branch_operator.py for tasks to queue
[2026-07-29T18:47:17.085+0000] {logging_mixin.py:190} INFO - [2026-07-29T18:47:17.085+0000] {dagbag.py:587} INFO - Filling up the DagBag from /home/airflow/.local/lib/python3.12/site-packages/airflow/example_dags/example_branch_operator.py
[2026-07-29T18:47:17.093+0000] {processor.py:925} INFO - DAG(s) 'example_branch_operator' retrieved from /home/airflow/.local/lib/python3.12/site-packages/airflow/example_dags/example_branch_operator.py
[2026-07-29T18:47:17.109+0000] {logging_mixin.py:190} INFO - [2026-07-29T18:47:17.109+0000] {dag.py:3211} INFO - Sync 1 DAGs
[2026-07-29T18:47:17.117+0000] {logging_mixin.py:190} INFO - [2026-07-29T18:47:17.117+0000] {dag.py:4138} INFO - Setting next_dagrun for example_branch_operator to 2026-07-28 00:00:00+00:00, run_after=2026-07-29 00:00:00+00:00
[2026-07-29T18:47:17.125+0000] {processor.py:208} INFO - Processing /home/airflow/.local/lib/python3.12/site-packages/airflow/example_dags/example_branch_operator.py took 0.044 seconds
[2026-07-29T18:47:48.090+0000] {processor.py:186} INFO - Started process (PID=22997) to work on /home/airflow/.local/lib/python3.12/site-packages/airflow/example_dags/example_branch_operator.py
[2026-07-29T18:47:48.091+0000] {processor.py:914} INFO - Processing file /home/airflow/.local/lib/python3.12/site-packages/airflow/example_dags/example_branch_operator.py for tasks to queue
[2026-07-29T18:47:48.092+0000] {logging_mixin.py:190} INFO - [2026-07-29T18:47:48.092+0000] {dagbag.py:587} INFO - Filling up the DagBag from /home/airflow/.local/lib/python3.12/site-packages/airflow/example_dags/example_branch_operator.py
[2026-07-29T18:47:48.104+0000] {processor.py:925} INFO - DAG(s) 'example_branch_operator' retrieved from /home/airflow/.local/lib/python3.12/site-packages/airflow/example_dags/example_branch_operator.py
[2026-07-29T18:47:48.118+0000] {logging_mixin.py:190} INFO - [2026-07-29T18:47:48.118+0000] {dag.py:3211} INFO - Sync 1 DAGs
[2026-07-29T18:47:48.129+0000] {logging_mixin.py:190} INFO - [2026-07-29T18:47:48.129+0000] {dag.py:4138} INFO - Setting next_dagrun for example_branch_operator to 2026-07-28 00:00:00+00:00, run_after=2026-07-29 00:00:00+00:00
[2026-07-29T18:47:48.135+0000] {processor.py:208} INFO - Processing /home/airflow/.local/lib/python3.12/site-packages/airflow/example_dags/example_branch_operator.py took 0.048 seconds
[2026-07-29T18:48:19.040+0000] {processor.py:186} INFO - Started process (PID=23063) to work on /home/airflow/.local/lib/python3.12/site-packages/airflow/example_dags/example_branch_operator.py
[2026-07-29T18:48:19.040+0000] {processor.py:914} INFO - Processing file /home/airflow/.local/lib/python3.12/site-packages/airflow/example_dags/example_branch_operator.py for tasks to queue
[2026-07-29T18:48:19.041+0000] {logging_mixin.py:190} INFO - [2026-07-29T18:48:19.041+0000] {dagbag.py:587} INFO - Filling up the DagBag from /home/airflow/.local/lib/python3.12/site-packages/airflow/example_dags/example_branch_operator.py
[2026-07-29T18:48:19.049+0000] {processor.py:925} INFO - DAG(s) 'example_branch_operator' retrieved from /home/airflow/.local/lib/python3.12/site-packages/airflow/example_dags/example_branch_operator.py
[2026-07-29T18:48:19.064+0000] {logging_mixin.py:190} INFO - [2026-07-29T18:48:19.064+0000] {dag.py:3211} INFO - Sync 1 DAGs
[2026-07-29T18:48:19.075+0000] {logging_mixin.py:190} INFO - [2026-07-29T18:48:19.075+0000] {dag.py:4138} INFO - Setting next_dagrun for example_branch_operator to 2026-07-28 00:00:00+00:00, run_after=2026-07-29 00:00:00+00:00
[2026-07-29T18:48:19.085+0000] {processor.py:208} INFO - Processing /home/airflow/.local/lib/python3.12/site-packages/airflow/example_dags/example_branch_operator.py took 0.047 seconds
[2026-07-29T18:48:50.175+0000] {processor.py:186} INFO - Started process (PID=23129) to work on /home/airflow/.local/lib/python3.12/site-packages/airflow/example_dags/example_branch_operator.py
[2026-07-29T18:48:50.176+0000] {processor.py:914} INFO - Processing file /home/airflow/.local/lib/python3.12/site-packages/airflow/example_dags/example_branch_operator.py for tasks to queue
[2026-07-29T18:48:50.178+0000] {logging_mixin.py:190} INFO - [2026-07-29T18:48:50.178+0000] {dagbag.py:587} INFO - Filling up the DagBag from /home/airflow/.local/lib/python3.12/site-packages/airflow/example_dags/example_branch_operator.py
[2026-07-29T18:48:50.189+0000] {processor.py:925} INFO - DAG(s) 'example_branch_operator' retrieved from /home/airflow/.local/lib/python3.12/site-packages/airflow/example_dags/example_branch_operator.py
[2026-07-29T18:48:50.201+0000] {logging_mixin.py:190} INFO - [2026-07-29T18:48:50.201+0000] {dag.py:3211} INFO - Sync 1 DAGs
[2026-07-29T18:48:50.215+0000] {logging_mixin.py:190} INFO - [2026-07-29T18:48:50.215+0000] {dag.py:4138} INFO - Setting next_dagrun for example_branch_operator to 2026-07-28 00:00:00+00:00, run_after=2026-07-29 00:00:00+00:00
[2026-07-29T18:48:50.233+0000] {processor.py:208} INFO - Processing /home/airflow/.local/lib/python3.12/site-packages/airflow/example_dags/example_branch_operator.py took 0.060 seconds
[2026-07-29T18:49:20.361+0000] {processor.py:186} INFO - Started process (PID=23195) to work on /home/airflow/.local/lib/python3.12/site-packages/airflow/example_dags/example_branch_operator.py
[2026-07-29T18:49:20.361+0000] {processor.py:914} INFO - Processing file /home/airflow/.local/lib/python3.12/site-packages/airflow/example_dags/example_branch_operator.py for tasks to queue
[2026-07-29T18:49:20.363+0000] {logging_mixin.py:190} INFO - [2026-07-29T18:49:20.362+0000] {dagbag.py:587} INFO - Filling up the DagBag from /home/airflow/.local/lib/python3.12/site-packages/airflow/example_dags/example_branch_operator.py
[2026-07-29T18:49:20.371+0000] {processor.py:925} INFO - DAG(s) 'example_branch_operator' retrieved from /home/airflow/.local/lib/python3.12/site-packages/airflow/example_dags/example_branch_operator.py
[2026-07-29T18:49:20.387+0000] {logging_mixin.py:190} INFO - [2026-07-29T18:49:20.386+0000] {dag.py:3211} INFO - Sync 1 DAGs
[2026-07-29T18:49:20.396+0000] {logging_mixin.py:190} INFO - [2026-07-29T18:49:20.396+0000] {dag.py:4138} INFO - Setting next_dagrun for example_branch_operator to 2026-07-28 00:00:00+00:00, run_after=2026-07-29 00:00:00+00:00
[2026-07-29T18:49:20.403+0000] {processor.py:208} INFO - Processing /home/airflow/.local/lib/python3.12/site-packages/airflow/example_dags/example_branch_operator.py took 0.045 seconds
[2026-07-29T18:49:50.658+0000] {processor.py:186} INFO - Started process (PID=23261) to work on /home/airflow/.local/lib/python3.12/site-packages/airflow/example_dags/example_branch_operator.py
[2026-07-29T18:49:50.659+0000] {processor.py:914} INFO - Processing file /home/airflow/.local/lib/python3.12/site-packages/airflow/example_dags/example_branch_operator.py for tasks to queue
[2026-07-29T18:49:50.661+0000] {logging_mixin.py:190} INFO - [2026-07-29T18:49:50.660+0000] {dagbag.py:587} INFO - Filling up the DagBag from /home/airflow/.local/lib/python3.12/site-packages/airflow/example_dags/example_branch_operator.py
[2026-07-29T18:49:50.670+0000] {processor.py:925} INFO - DAG(s) 'example_branch_operator' retrieved from /home/airflow/.local/lib/python3.12/site-packages/airflow/example_dags/example_branch_operator.py
[2026-07-29T18:49:50.681+0000] {logging_mixin.py:190} INFO - [2026-07-29T18:49:50.681+0000] {dag.py:3211} INFO - Sync 1 DAGs
[2026-07-29T18:49:50.691+0000] {logging_mixin.py:190} INFO - [2026-07-29T18:49:50.691+0000] {dag.py:4138} INFO - Setting next_dagrun for example_branch_operator to 2026-07-28 00:00:00+00:00, run_after=2026-07-29 00:00:00+00:00
[2026-07-29T18:49:50.701+0000] {processor.py:208} INFO - Processing /home/airflow/.local/lib/python3.12/site-packages/airflow/example_dags/example_branch_operator.py took 0.046 seconds
[2026-07-29T18:50:20.746+0000] {processor.py:186} INFO - Started process (PID=23327) to work on /home/airflow/.local/lib/python3.12/site-packages/airflow/example_dags/example_branch_operator.py
[2026-07-29T18:50:20.747+0000] {processor.py:914} INFO - Processing file /home/airflow/.local/lib/python3.12/site-packages/airflow/example_dags/example_branch_operator.py for tasks to queue
[2026-07-29T18:50:20.749+0000] {logging_mixin.py:190} INFO - [2026-07-29T18:50:20.749+0000] {dagbag.py:587} INFO - Filling up the DagBag from /home/airflow/.local/lib/python3.12/site-packages/airflow/example_dags/example_branch_operator.py
[2026-07-29T18:50:20.757+0000] {processor.py:925} INFO - DAG(s) 'example_branch_operator' retrieved from /home/airflow/.local/lib/python3.12/site-packages/airflow/example_dags/example_branch_operator.py
[2026-07-29T18:50:20.772+0000] {logging_mixin.py:190} INFO - [2026-07-29T18:50:20.772+0000] {dag.py:3211} INFO - Sync 1 DAGs
[2026-07-29T18:50:20.781+0000] {logging_mixin.py:190} INFO - [2026-07-29T18:50:20.780+0000] {dag.py:4138} INFO - Setting next_dagrun for example_branch_operator to 2026-07-28 00:00:00+00:00, run_after=2026-07-29 00:00:00+00:00
[2026-07-29T18:50:20.787+0000] {processor.py:208} INFO - Processing /home/airflow/.local/lib/python3.12/site-packages/airflow/example_dags/example_branch_operator.py took 0.043 seconds
[2026-07-29T18:50:51.016+0000] {processor.py:186} INFO - Started process (PID=23393) to work on /home/airflow/.local/lib/python3.12/site-packages/airflow/example_dags/example_branch_operator.py
[2026-07-29T18:50:51.017+0000] {processor.py:914} INFO - Processing file /home/airflow/.local/lib/python3.12/site-packages/airflow/example_dags/example_branch_operator.py for tasks to queue
[2026-07-29T18:50:51.018+0000] {logging_mixin.py:190} INFO - [2026-07-29T18:50:51.018+0000] {dagbag.py:587} INFO - Filling up the DagBag from /home/airflow/.local/lib/python3.12/site-packages/airflow/example_dags/example_branch_operator.py
[2026-07-29T18:50:51.026+0000] {processor.py:925} INFO - DAG(s) 'example_branch_operator' retrieved from /home/airflow/.local/lib/python3.12/site-packages/airflow/example_dags/example_branch_operator.py
[2026-07-29T18:50:51.041+0000] {logging_mixin.py:190} INFO - [2026-07-29T18:50:51.041+0000] {dag.py:3211} INFO - Sync 1 DAGs
[2026-07-29T18:50:51.053+0000] {logging_mixin.py:190} INFO - [2026-07-29T18:50:51.053+0000] {dag.py:4138} INFO - Setting next_dagrun for example_branch_operator to 2026-07-28 00:00:00+00:00, run_after=2026-07-29 00:00:00+00:00
[2026-07-29T18:50:51.066+0000] {processor.py:208} INFO - Processing /home/airflow/.local/lib/python3.12/site-packages/airflow/example_dags/example_branch_operator.py took 0.053 seconds
[2026-07-29T18:51:21.349+0000] {processor.py:186} INFO - Started process (PID=23459) to work on /home/airflow/.local/lib/python3.12/site-packages/airflow/example_dags/example_branch_operator.py
[2026-07-29T18:51:21.350+0000] {processor.py:914} INFO - Processing file /home/airflow/.local/lib/python3.12/site-packages/airflow/example_dags/example_branch_operator.py for tasks to queue
[2026-07-29T18:51:21.352+0000] {logging_mixin.py:190} INFO - [2026-07-29T18:51:21.352+0000] {dagbag.py:587} INFO - Filling up the DagBag from /home/airflow/.local/lib/python3.12/site-packages/airflow/example_dags/example_branch_operator.py
[2026-07-29T18:51:21.361+0000] {processor.py:925} INFO - DAG(s) 'example_branch_operator' retrieved from /home/airflow/.local/lib/python3.12/site-packages/airflow/example_dags/example_branch_operator.py
[2026-07-29T18:51:21.377+0000] {logging_mixin.py:190} INFO - [2026-07-29T18:51:21.376+0000] {dag.py:3211} INFO - Sync 1 DAGs
[2026-07-29T18:51:21.390+0000] {logging_mixin.py:190} INFO - [2026-07-29T18:51:21.390+0000] {dag.py:4138} INFO - Setting next_dagrun for example_branch_operator to 2026-07-28 00:00:00+00:00, run_after=2026-07-29 00:00:00+00:00
[2026-07-29T18:51:21.401+0000] {processor.py:208} INFO - Processing /home/airflow/.local/lib/python3.12/site-packages/airflow/example_dags/example_branch_operator.py took 0.054 seconds
[2026-07-29T18:51:51.655+0000] {processor.py:186} INFO - Started process (PID=23525) to work on /home/airflow/.local/lib/python3.12/site-packages/airflow/example_dags/example_branch_operator.py
[2026-07-29T18:51:51.656+0000] {processor.py:914} INFO - Processing file /home/airflow/.local/lib/python3.12/site-packages/airflow/example_dags/example_branch_operator.py for tasks to queue
[2026-07-29T18:51:51.658+0000] {logging_mixin.py:190} INFO - [2026-07-29T18:51:51.658+0000] {dagbag.py:587} INFO - Filling up the DagBag from /home/airflow/.local/lib/python3.12/site-packages/airflow/example_dags/example_branch_operator.py
[2026-07-29T18:51:51.669+0000] {processor.py:925} INFO - DAG(s) 'example_branch_operator' retrieved from /home/airflow/.local/lib/python3.12/site-packages/airflow/example_dags/example_branch_operator.py
[2026-07-29T18:51:51.688+0000] {logging_mixin.py:190} INFO - [2026-07-29T18:51:51.688+0000] {dag.py:3211} INFO - Sync 1 DAGs
[2026-07-29T18:51:51.699+0000] {logging_mixin.py:190} INFO - [2026-07-29T18:51:51.699+0000] {dag.py:4138} INFO - Setting next_dagrun for example_branch_operator to 2026-07-28 00:00:00+00:00, run_after=2026-07-29 00:00:00+00:00
[2026-07-29T18:51:51.706+0000] {processor.py:208} INFO - Processing /home/airflow/.local/lib/python3.12/site-packages/airflow/example_dags/example_branch_operator.py took 0.054 seconds
[2026-07-29T18:52:21.832+0000] {processor.py:186} INFO - Started process (PID=23591) to work on /home/airflow/.local/lib/python3.12/site-packages/airflow/example_dags/example_branch_operator.py
[2026-07-29T18:52:21.833+0000] {processor.py:914} INFO - Processing file /home/airflow/.local/lib/python3.12/site-packages/airflow/example_dags/example_branch_operator.py for tasks to queue
[2026-07-29T18:52:21.834+0000] {logging_mixin.py:190} INFO - [2026-07-29T18:52:21.834+0000] {dagbag.py:587} INFO - Filling up the DagBag from /home/airflow/.local/lib/python3.12/site-packages/airflow/example_dags/example_branch_operator.py
[2026-07-29T18:52:21.844+0000] {processor.py:925} INFO - DAG(s) 'example_branch_operator' retrieved from /home/airflow/.local/lib/python3.12/site-packages/airflow/example_dags/example_branch_operator.py
[2026-07-29T18:52:21.858+0000] {logging_mixin.py:190} INFO - [2026-07-29T18:52:21.858+0000] {dag.py:3211} INFO - Sync 1 DAGs
[2026-07-29T18:52:21.869+0000] {logging_mixin.py:190} INFO - [2026-07-29T18:52:21.868+0000] {dag.py:4138} INFO - Setting next_dagrun for example_branch_operator to 2026-07-28 00:00:00+00:00, run_after=2026-07-29 00:00:00+00:00
[2026-07-29T18:52:21.876+0000] {processor.py:208} INFO - Processing /home/airflow/.local/lib/python3.12/site-packages/airflow/example_dags/example_branch_operator.py took 0.047 seconds
[2026-07-29T18:52:51.979+0000] {processor.py:186} INFO - Started process (PID=23657) to work on /home/airflow/.local/lib/python3.12/site-packages/airflow/example_dags/example_branch_operator.py
[2026-07-29T18:52:51.980+0000] {processor.py:914} INFO - Processing file /home/airflow/.local/lib/python3.12/site-packages/airflow/example_dags/example_branch_operator.py for tasks to queue
[2026-07-29T18:52:51.982+0000] {logging_mixin.py:190} INFO - [2026-07-29T18:52:51.982+0000] {dagbag.py:587} INFO - Filling up the DagBag from /home/airflow/.local/lib/python3.12/site-packages/airflow/example_dags/example_branch_operator.py
[2026-07-29T18:52:51.992+0000] {processor.py:925} INFO - DAG(s) 'example_branch_operator' retrieved from /home/airflow/.local/lib/python3.12/site-packages/airflow/example_dags/example_branch_operator.py
[2026-07-29T18:52:52.004+0000] {logging_mixin.py:190} INFO - [2026-07-29T18:52:52.004+0000] {dag.py:3211} INFO - Sync 1 DAGs
[2026-07-29T18:52:52.015+0000] {logging_mixin.py:190} INFO - [2026-07-29T18:52:52.015+0000] {dag.py:4138} INFO - Setting next_dagrun for example_branch_operator to 2026-07-28 00:00:00+00:00, run_after=2026-07-29 00:00:00+00:00
[2026-07-29T18:52:52.023+0000] {processor.py:208} INFO - Processing /home/airflow/.local/lib/python3.12/site-packages/airflow/example_dags/example_branch_operator.py took 0.046 seconds
[2026-07-29T18:53:22.155+0000] {processor.py:186} INFO - Started process (PID=23723) to work on /home/airflow/.local/lib/python3.12/site-packages/airflow/example_dags/example_branch_operator.py
[2026-07-29T18:53:22.156+0000] {processor.py:914} INFO - Processing file /home/airflow/.local/lib/python3.12/site-packages/airflow/example_dags/example_branch_operator.py for tasks to queue
[2026-07-29T18:53:22.157+0000] {logging_mixin.py:190} INFO - [2026-07-29T18:53:22.157+0000] {dagbag.py:587} INFO - Filling up the DagBag from /home/airflow/.local/lib/python3.12/site-packages/airflow/example_dags/example_branch_operator.py
[2026-07-29T18:53:22.165+0000] {processor.py:925} INFO - DAG(s) 'example_branch_operator' retrieved from /home/airflow/.local/lib/python3.12/site-packages/airflow/example_dags/example_branch_operator.py
[2026-07-29T18:53:22.180+0000] {logging_mixin.py:190} INFO - [2026-07-29T18:53:22.179+0000] {dag.py:3211} INFO - Sync 1 DAGs
[2026-07-29T18:53:22.193+0000] {logging_mixin.py:190} INFO - [2026-07-29T18:53:22.193+0000] {dag.py:4138} INFO - Setting next_dagrun for example_branch_operator to 2026-07-28 00:00:00+00:00, run_after=2026-07-29 00:00:00+00:00
[2026-07-29T18:53:22.202+0000] {processor.py:208} INFO - Processing /home/airflow/.local/lib/python3.12/site-packages/airflow/example_dags/example_branch_operator.py took 0.050 seconds
[2026-07-29T18:53:52.373+0000] {processor.py:186} INFO - Started process (PID=23789) to work on /home/airflow/.local/lib/python3.12/site-packages/airflow/example_dags/example_branch_operator.py
[2026-07-29T18:53:52.374+0000] {processor.py:914} INFO - Processing file /home/airflow/.local/lib/python3.12/site-packages/airflow/example_dags/example_branch_operator.py for tasks to queue
[2026-07-29T18:53:52.375+0000] {logging_mixin.py:190} INFO - [2026-07-29T18:53:52.375+0000] {dagbag.py:587} INFO - Filling up the DagBag from /home/airflow/.local/lib/python3.12/site-packages/airflow/example_dags/example_branch_operator.py
[2026-07-29T18:53:52.384+0000] {processor.py:925} INFO - DAG(s) 'example_branch_operator' retrieved from /home/airflow/.local/lib/python3.12/site-packages/airflow/example_dags/example_branch_operator.py
[2026-07-29T18:53:52.401+0000] {logging_mixin.py:190} INFO - [2026-07-29T18:53:52.401+0000] {dag.py:3211} INFO - Sync 1 DAGs
[2026-07-29T18:53:52.411+0000] {logging_mixin.py:190} INFO - [2026-07-29T18:53:52.411+0000] {dag.py:4138} INFO - Setting next_dagrun for example_branch_operator to 2026-07-28 00:00:00+00:00, run_after=2026-07-29 00:00:00+00:00
[2026-07-29T18:53:52.421+0000] {processor.py:208} INFO - Processing /home/airflow/.local/lib/python3.12/site-packages/airflow/example_dags/example_branch_operator.py took 0.050 seconds
[2026-07-29T18:54:22.437+0000] {processor.py:186} INFO - Started process (PID=23855) to work on /home/airflow/.local/lib/python3.12/site-packages/airflow/example_dags/example_branch_operator.py
[2026-07-29T18:54:22.438+0000] {processor.py:914} INFO - Processing file /home/airflow/.local/lib/python3.12/site-packages/airflow/example_dags/example_branch_operator.py for tasks to queue
[2026-07-29T18:54:22.442+0000] {logging_mixin.py:190} INFO - [2026-07-29T18:54:22.442+0000] {dagbag.py:587} INFO - Filling up the DagBag from /home/airflow/.local/lib/python3.12/site-packages/airflow/example_dags/example_branch_operator.py
[2026-07-29T18:54:22.450+0000] {processor.py:925} INFO - DAG(s) 'example_branch_operator' retrieved from /home/airflow/.local/lib/python3.12/site-packages/airflow/example_dags/example_branch_operator.py
[2026-07-29T18:54:22.461+0000] {logging_mixin.py:190} INFO - [2026-07-29T18:54:22.461+0000] {dag.py:3211} INFO - Sync 1 DAGs
[2026-07-29T18:54:22.469+0000] {logging_mixin.py:190} INFO - [2026-07-29T18:54:22.469+0000] {dag.py:4138} INFO - Setting next_dagrun for example_branch_operator to 2026-07-28 00:00:00+00:00, run_after=2026-07-29 00:00:00+00:00
[2026-07-29T18:54:22.475+0000] {processor.py:208} INFO - Processing /home/airflow/.local/lib/python3.12/site-packages/airflow/example_dags/example_branch_operator.py took 0.040 seconds
[2026-07-29T18:54:53.384+0000] {processor.py:186} INFO - Started process (PID=23921) to work on /home/airflow/.local/lib/python3.12/site-packages/airflow/example_dags/example_branch_operator.py
[2026-07-29T18:54:53.385+0000] {processor.py:914} INFO - Processing file /home/airflow/.local/lib/python3.12/site-packages/airflow/example_dags/example_branch_operator.py for tasks to queue
[2026-07-29T18:54:53.386+0000] {logging_mixin.py:190} INFO - [2026-07-29T18:54:53.386+0000] {dagbag.py:587} INFO - Filling up the DagBag from /home/airflow/.local/lib/python3.12/site-packages/airflow/example_dags/example_branch_operator.py
[2026-07-29T18:54:53.394+0000] {processor.py:925} INFO - DAG(s) 'example_branch_operator' retrieved from /home/airflow/.local/lib/python3.12/site-packages/airflow/example_dags/example_branch_operator.py
[2026-07-29T18:54:53.413+0000] {logging_mixin.py:190} INFO - [2026-07-29T18:54:53.413+0000] {dag.py:3211} INFO - Sync 1 DAGs
[2026-07-29T18:54:53.422+0000] {logging_mixin.py:190} INFO - [2026-07-29T18:54:53.422+0000] {dag.py:4138} INFO - Setting next_dagrun for example_branch_operator to 2026-07-28 00:00:00+00:00, run_after=2026-07-29 00:00:00+00:00
[2026-07-29T18:54:53.428+0000] {processor.py:208} INFO - Processing /home/airflow/.local/lib/python3.12/site-packages/airflow/example_dags/example_branch_operator.py took 0.047 seconds
[2026-07-29T18:55:23.497+0000] {processor.py:186} INFO - Started process (PID=23982) to work on /home/airflow/.local/lib/python3.12/site-packages/airflow/example_dags/example_branch_operator.py
[2026-07-29T18:55:23.498+0000] {processor.py:914} INFO - Processing file /home/airflow/.local/lib/python3.12/site-packages/airflow/example_dags/example_branch_operator.py for tasks to queue
[2026-07-29T18:55:23.499+0000] {logging_mixin.py:190} INFO - [2026-07-29T18:55:23.499+0000] {dagbag.py:587} INFO - Filling up the DagBag from /home/airflow/.local/lib/python3.12/site-packages/airflow/example_dags/example_branch_operator.py
[2026-07-29T18:55:23.508+0000] {processor.py:925} INFO - DAG(s) 'example_branch_operator' retrieved from /home/airflow/.local/lib/python3.12/site-packages/airflow/example_dags/example_branch_operator.py
[2026-07-29T18:55:23.520+0000] {logging_mixin.py:190} INFO - [2026-07-29T18:55:23.520+0000] {dag.py:3211} INFO - Sync 1 DAGs
[2026-07-29T18:55:23.532+0000] {logging_mixin.py:190} INFO - [2026-07-29T18:55:23.532+0000] {dag.py:4138} INFO - Setting next_dagrun for example_branch_operator to 2026-07-28 00:00:00+00:00, run_after=2026-07-29 00:00:00+00:00
[2026-07-29T18:55:23.544+0000] {processor.py:208} INFO - Processing /home/airflow/.local/lib/python3.12/site-packages/airflow/example_dags/example_branch_operator.py took 0.049 seconds
[2026-07-29T18:55:54.367+0000] {processor.py:186} INFO - Started process (PID=24044) to work on /home/airflow/.local/lib/python3.12/site-packages/airflow/example_dags/example_branch_operator.py
[2026-07-29T18:55:54.368+0000] {processor.py:914} INFO - Processing file /home/airflow/.local/lib/python3.12/site-packages/airflow/example_dags/example_branch_operator.py for tasks to queue
[2026-07-29T18:55:54.369+0000] {logging_mixin.py:190} INFO - [2026-07-29T18:55:54.369+0000] {dagbag.py:587} INFO - Filling up the DagBag from /home/airflow/.local/lib/python3.12/site-packages/airflow/example_dags/example_branch_operator.py
[2026-07-29T18:55:54.381+0000] {processor.py:925} INFO - DAG(s) 'example_branch_operator' retrieved from /home/airflow/.local/lib/python3.12/site-packages/airflow/example_dags/example_branch_operator.py
[2026-07-29T18:55:54.404+0000] {logging_mixin.py:190} INFO - [2026-07-29T18:55:54.404+0000] {dag.py:3211} INFO - Sync 1 DAGs
[2026-07-29T18:55:54.420+0000] {logging_mixin.py:190} INFO - [2026-07-29T18:55:54.420+0000] {dag.py:4138} INFO - Setting next_dagrun for example_branch_operator to 2026-07-28 00:00:00+00:00, run_after=2026-07-29 00:00:00+00:00
[2026-07-29T18:55:54.434+0000] {processor.py:208} INFO - Processing /home/airflow/.local/lib/python3.12/site-packages/airflow/example_dags/example_branch_operator.py took 0.074 seconds
[2026-07-29T18:56:24.525+0000] {processor.py:186} INFO - Started process (PID=24110) to work on /home/airflow/.local/lib/python3.12/site-packages/airflow/example_dags/example_branch_operator.py
[2026-07-29T18:56:24.526+0000] {processor.py:914} INFO - Processing file /home/airflow/.local/lib/python3.12/site-packages/airflow/example_dags/example_branch_operator.py for tasks to queue
[2026-07-29T18:56:24.528+0000] {logging_mixin.py:190} INFO - [2026-07-29T18:56:24.528+0000] {dagbag.py:587} INFO - Filling up the DagBag from /home/airflow/.local/lib/python3.12/site-packages/airflow/example_dags/example_branch_operator.py
[2026-07-29T18:56:24.542+0000] {processor.py:925} INFO - DAG(s) 'example_branch_operator' retrieved from /home/airflow/.local/lib/python3.12/site-packages/airflow/example_dags/example_branch_operator.py
[2026-07-29T18:56:24.559+0000] {logging_mixin.py:190} INFO - [2026-07-29T18:56:24.559+0000] {dag.py:3211} INFO - Sync 1 DAGs
[2026-07-29T18:56:24.570+0000] {logging_mixin.py:190} INFO - [2026-07-29T18:56:24.570+0000] {dag.py:4138} INFO - Setting next_dagrun for example_branch_operator to 2026-07-28 00:00:00+00:00, run_after=2026-07-29 00:00:00+00:00
[2026-07-29T18:56:24.578+0000] {processor.py:208} INFO - Processing /home/airflow/.local/lib/python3.12/site-packages/airflow/example_dags/example_branch_operator.py took 0.060 seconds
[2026-07-29T18:56:54.707+0000] {processor.py:186} INFO - Started process (PID=24176) to work on /home/airflow/.local/lib/python3.12/site-packages/airflow/example_dags/example_branch_operator.py
[2026-07-29T18:56:54.713+0000] {processor.py:914} INFO - Processing file /home/airflow/.local/lib/python3.12/site-packages/airflow/example_dags/example_branch_operator.py for tasks to queue
[2026-07-29T18:56:54.714+0000] {logging_mixin.py:190} INFO - [2026-07-29T18:56:54.714+0000] {dagbag.py:587} INFO - Filling up the DagBag from /home/airflow/.local/lib/python3.12/site-packages/airflow/example_dags/example_branch_operator.py
[2026-07-29T18:56:54.723+0000] {processor.py:925} INFO - DAG(s) 'example_branch_operator' retrieved from /home/airflow/.local/lib/python3.12/site-packages/airflow/example_dags/example_branch_operator.py
[2026-07-29T18:56:54.736+0000] {logging_mixin.py:190} INFO - [2026-07-29T18:56:54.736+0000] {dag.py:3211} INFO - Sync 1 DAGs
[2026-07-29T18:56:54.747+0000] {logging_mixin.py:190} INFO - [2026-07-29T18:56:54.747+0000] {dag.py:4138} INFO - Setting next_dagrun for example_branch_operator to 2026-07-28 00:00:00+00:00, run_after=2026-07-29 00:00:00+00:00
[2026-07-29T18:56:54.755+0000] {processor.py:208} INFO - Processing /home/airflow/.local/lib/python3.12/site-packages/airflow/example_dags/example_branch_operator.py took 0.051 seconds
[2026-07-29T18:57:24.803+0000] {processor.py:186} INFO - Started process (PID=24241) to work on /home/airflow/.local/lib/python3.12/site-packages/airflow/example_dags/example_branch_operator.py
[2026-07-29T18:57:24.803+0000] {processor.py:914} INFO - Processing file /home/airflow/.local/lib/python3.12/site-packages/airflow/example_dags/example_branch_operator.py for tasks to queue
[2026-07-29T18:57:24.806+0000] {logging_mixin.py:190} INFO - [2026-07-29T18:57:24.805+0000] {dagbag.py:587} INFO - Filling up the DagBag from /home/airflow/.local/lib/python3.12/site-packages/airflow/example_dags/example_branch_operator.py
[2026-07-29T18:57:24.819+0000] {processor.py:925} INFO - DAG(s) 'example_branch_operator' retrieved from /home/airflow/.local/lib/python3.12/site-packages/airflow/example_dags/example_branch_operator.py
[2026-07-29T18:57:24.842+0000] {logging_mixin.py:190} INFO - [2026-07-29T18:57:24.842+0000] {dag.py:3211} INFO - Sync 1 DAGs
[2026-07-29T18:57:24.858+0000] {logging_mixin.py:190} INFO - [2026-07-29T18:57:24.858+0000] {dag.py:4138} INFO - Setting next_dagrun for example_branch_operator to 2026-07-28 00:00:00+00:00, run_after=2026-07-29 00:00:00+00:00
[2026-07-29T18:57:24.868+0000] {processor.py:208} INFO - Processing /home/airflow/.local/lib/python3.12/site-packages/airflow/example_dags/example_branch_operator.py took 0.072 seconds
[2026-07-29T18:57:55.846+0000] {processor.py:186} INFO - Started process (PID=24308) to work on /home/airflow/.local/lib/python3.12/site-packages/airflow/example_dags/example_branch_operator.py
[2026-07-29T18:57:55.848+0000] {processor.py:914} INFO - Processing file /home/airflow/.local/lib/python3.12/site-packages/airflow/example_dags/example_branch_operator.py for tasks to queue
[2026-07-29T18:57:55.851+0000] {logging_mixin.py:190} INFO - [2026-07-29T18:57:55.851+0000] {dagbag.py:587} INFO - Filling up the DagBag from /home/airflow/.local/lib/python3.12/site-packages/airflow/example_dags/example_branch_operator.py
[2026-07-29T18:57:55.860+0000] {processor.py:925} INFO - DAG(s) 'example_branch_operator' retrieved from /home/airflow/.local/lib/python3.12/site-packages/airflow/example_dags/example_branch_operator.py
[2026-07-29T18:57:55.873+0000] {logging_mixin.py:190} INFO - [2026-07-29T18:57:55.873+0000] {dag.py:3211} INFO - Sync 1 DAGs
[2026-07-29T18:57:55.883+0000] {logging_mixin.py:190} INFO - [2026-07-29T18:57:55.882+0000] {dag.py:4138} INFO - Setting next_dagrun for example_branch_operator to 2026-07-28 00:00:00+00:00, run_after=2026-07-29 00:00:00+00:00
[2026-07-29T18:57:55.890+0000] {processor.py:208} INFO - Processing /home/airflow/.local/lib/python3.12/site-packages/airflow/example_dags/example_branch_operator.py took 0.046 seconds
[2026-07-29T18:58:26.795+0000] {processor.py:186} INFO - Started process (PID=24374) to work on /home/airflow/.local/lib/python3.12/site-packages/airflow/example_dags/example_branch_operator.py
[2026-07-29T18:58:26.796+0000] {processor.py:914} INFO - Processing file /home/airflow/.local/lib/python3.12/site-packages/airflow/example_dags/example_branch_operator.py for tasks to queue
[2026-07-29T18:58:26.799+0000] {logging_mixin.py:190} INFO - [2026-07-29T18:58:26.798+0000] {dagbag.py:587} INFO - Filling up the DagBag from /home/airflow/.local/lib/python3.12/site-packages/airflow/example_dags/example_branch_operator.py
[2026-07-29T18:58:26.813+0000] {processor.py:925} INFO - DAG(s) 'example_branch_operator' retrieved from /home/airflow/.local/lib/python3.12/site-packages/airflow/example_dags/example_branch_operator.py
[2026-07-29T18:58:26.826+0000] {logging_mixin.py:190} INFO - [2026-07-29T18:58:26.826+0000] {dag.py:3211} INFO - Sync 1 DAGs
[2026-07-29T18:58:26.836+0000] {logging_mixin.py:190} INFO - [2026-07-29T18:58:26.836+0000] {dag.py:4138} INFO - Setting next_dagrun for example_branch_operator to 2026-07-28 00:00:00+00:00, run_after=2026-07-29 00:00:00+00:00
[2026-07-29T18:58:26.843+0000] {processor.py:208} INFO - Processing /home/airflow/.local/lib/python3.12/site-packages/airflow/example_dags/example_branch_operator.py took 0.050 seconds
[2026-07-29T18:59:03.819+0000] {processor.py:186} INFO - Started process (PID=24446) to work on /home/airflow/.local/lib/python3.12/site-packages/airflow/example_dags/example_branch_operator.py
[2026-07-29T18:59:03.820+0000] {processor.py:914} INFO - Processing file /home/airflow/.local/lib/python3.12/site-packages/airflow/example_dags/example_branch_operator.py for tasks to queue
[2026-07-29T18:59:03.822+0000] {logging_mixin.py:190} INFO - [2026-07-29T18:59:03.822+0000] {dagbag.py:587} INFO - Filling up the DagBag from /home/airflow/.local/lib/python3.12/site-packages/airflow/example_dags/example_branch_operator.py
[2026-07-29T18:59:03.833+0000] {processor.py:925} INFO - DAG(s) 'example_branch_operator' retrieved from /home/airflow/.local/lib/python3.12/site-packages/airflow/example_dags/example_branch_operator.py
[2026-07-29T18:59:03.852+0000] {logging_mixin.py:190} INFO - [2026-07-29T18:59:03.852+0000] {dag.py:3211} INFO - Sync 1 DAGs
[2026-07-29T18:59:03.865+0000] {logging_mixin.py:190} INFO - [2026-07-29T18:59:03.865+0000] {dag.py:4138} INFO - Setting next_dagrun for example_branch_operator to 2026-07-28 00:00:00+00:00, run_after=2026-07-29 00:00:00+00:00
[2026-07-29T18:59:03.873+0000] {processor.py:208} INFO - Processing /home/airflow/.local/lib/python3.12/site-packages/airflow/example_dags/example_branch_operator.py took 0.058 seconds
[2026-07-29T18:59:34.889+0000] {processor.py:186} INFO - Started process (PID=24512) to work on /home/airflow/.local/lib/python3.12/site-packages/airflow/example_dags/example_branch_operator.py
[2026-07-29T18:59:34.892+0000] {processor.py:914} INFO - Processing file /home/airflow/.local/lib/python3.12/site-packages/airflow/example_dags/example_branch_operator.py for tasks to queue
[2026-07-29T18:59:34.893+0000] {logging_mixin.py:190} INFO - [2026-07-29T18:59:34.893+0000] {dagbag.py:587} INFO - Filling up the DagBag from /home/airflow/.local/lib/python3.12/site-packages/airflow/example_dags/example_branch_operator.py
[2026-07-29T18:59:34.904+0000] {processor.py:925} INFO - DAG(s) 'example_branch_operator' retrieved from /home/airflow/.local/lib/python3.12/site-packages/airflow/example_dags/example_branch_operator.py
[2026-07-29T18:59:34.916+0000] {logging_mixin.py:190} INFO - [2026-07-29T18:59:34.916+0000] {dag.py:3211} INFO - Sync 1 DAGs
[2026-07-29T18:59:34.925+0000] {logging_mixin.py:190} INFO - [2026-07-29T18:59:34.925+0000] {dag.py:4138} INFO - Setting next_dagrun for example_branch_operator to 2026-07-28 00:00:00+00:00, run_after=2026-07-29 00:00:00+00:00
[2026-07-29T18:59:34.932+0000] {processor.py:208} INFO - Processing /home/airflow/.local/lib/python3.12/site-packages/airflow/example_dags/example_branch_operator.py took 0.045 seconds
[2026-07-29T19:00:05.807+0000] {processor.py:186} INFO - Started process (PID=24578) to work on /home/airflow/.local/lib/python3.12/site-packages/airflow/example_dags/example_branch_operator.py
[2026-07-29T19:00:05.808+0000] {processor.py:914} INFO - Processing file /home/airflow/.local/lib/python3.12/site-packages/airflow/example_dags/example_branch_operator.py for tasks to queue
[2026-07-29T19:00:05.810+0000] {logging_mixin.py:190} INFO - [2026-07-29T19:00:05.809+0000] {dagbag.py:587} INFO - Filling up the DagBag from /home/airflow/.local/lib/python3.12/site-packages/airflow/example_dags/example_branch_operator.py
[2026-07-29T19:00:05.820+0000] {processor.py:925} INFO - DAG(s) 'example_branch_operator' retrieved from /home/airflow/.local/lib/python3.12/site-packages/airflow/example_dags/example_branch_operator.py
[2026-07-29T19:00:05.836+0000] {logging_mixin.py:190} INFO - [2026-07-29T19:00:05.835+0000] {dag.py:3211} INFO - Sync 1 DAGs
[2026-07-29T19:00:05.848+0000] {logging_mixin.py:190} INFO - [2026-07-29T19:00:05.848+0000] {dag.py:4138} INFO - Setting next_dagrun for example_branch_operator to 2026-07-28 00:00:00+00:00, run_after=2026-07-29 00:00:00+00:00
[2026-07-29T19:00:05.857+0000] {processor.py:208} INFO - Processing /home/airflow/.local/lib/python3.12/site-packages/airflow/example_dags/example_branch_operator.py took 0.052 seconds
[2026-07-29T19:00:35.983+0000] {processor.py:186} INFO - Started process (PID=24644) to work on /home/airflow/.local/lib/python3.12/site-packages/airflow/example_dags/example_branch_operator.py
[2026-07-29T19:00:35.984+0000] {processor.py:914} INFO - Processing file /home/airflow/.local/lib/python3.12/site-packages/airflow/example_dags/example_branch_operator.py for tasks to queue
[2026-07-29T19:00:35.988+0000] {logging_mixin.py:190} INFO - [2026-07-29T19:00:35.988+0000] {dagbag.py:587} INFO - Filling up the DagBag from /home/airflow/.local/lib/python3.12/site-packages/airflow/example_dags/example_branch_operator.py
[2026-07-29T19:00:35.998+0000] {processor.py:925} INFO - DAG(s) 'example_branch_operator' retrieved from /home/airflow/.local/lib/python3.12/site-packages/airflow/example_dags/example_branch_operator.py
[2026-07-29T19:00:36.019+0000] {logging_mixin.py:190} INFO - [2026-07-29T19:00:36.019+0000] {dag.py:3211} INFO - Sync 1 DAGs
[2026-07-29T19:00:36.030+0000] {logging_mixin.py:190} INFO - [2026-07-29T19:00:36.030+0000] {dag.py:4138} INFO - Setting next_dagrun for example_branch_operator to 2026-07-28 00:00:00+00:00, run_after=2026-07-29 00:00:00+00:00
[2026-07-29T19:00:36.037+0000] {processor.py:208} INFO - Processing /home/airflow/.local/lib/python3.12/site-packages/airflow/example_dags/example_branch_operator.py took 0.058 seconds
[2026-07-29T19:01:06.232+0000] {processor.py:186} INFO - Started process (PID=24710) to work on /home/airflow/.local/lib/python3.12/site-packages/airflow/example_dags/example_branch_operator.py
[2026-07-29T19:01:06.236+0000] {processor.py:914} INFO - Processing file /home/airflow/.local/lib/python3.12/site-packages/airflow/example_dags/example_branch_operator.py for tasks to queue
[2026-07-29T19:01:06.238+0000] {logging_mixin.py:190} INFO - [2026-07-29T19:01:06.237+0000] {dagbag.py:587} INFO - Filling up the DagBag from /home/airflow/.local/lib/python3.12/site-packages/airflow/example_dags/example_branch_operator.py
[2026-07-29T19:01:06.250+0000] {processor.py:925} INFO - DAG(s) 'example_branch_operator' retrieved from /home/airflow/.local/lib/python3.12/site-packages/airflow/example_dags/example_branch_operator.py
[2026-07-29T19:01:06.268+0000] {logging_mixin.py:190} INFO - [2026-07-29T19:01:06.268+0000] {dag.py:3211} INFO - Sync 1 DAGs
[2026-07-29T19:01:06.280+0000] {logging_mixin.py:190} INFO - [2026-07-29T19:01:06.280+0000] {dag.py:4138} INFO - Setting next_dagrun for example_branch_operator to 2026-07-28 00:00:00+00:00, run_after=2026-07-29 00:00:00+00:00
[2026-07-29T19:01:06.287+0000] {processor.py:208} INFO - Processing /home/airflow/.local/lib/python3.12/site-packages/airflow/example_dags/example_branch_operator.py took 0.061 seconds
[2026-07-29T19:01:37.218+0000] {processor.py:186} INFO - Started process (PID=24776) to work on /home/airflow/.local/lib/python3.12/site-packages/airflow/example_dags/example_branch_operator.py
[2026-07-29T19:01:37.219+0000] {processor.py:914} INFO - Processing file /home/airflow/.local/lib/python3.12/site-packages/airflow/example_dags/example_branch_operator.py for tasks to queue
[2026-07-29T19:01:37.224+0000] {logging_mixin.py:190} INFO - [2026-07-29T19:01:37.223+0000] {dagbag.py:587} INFO - Filling up the DagBag from /home/airflow/.local/lib/python3.12/site-packages/airflow/example_dags/example_branch_operator.py
[2026-07-29T19:01:37.236+0000] {processor.py:925} INFO - DAG(s) 'example_branch_operator' retrieved from /home/airflow/.local/lib/python3.12/site-packages/airflow/example_dags/example_branch_operator.py
[2026-07-29T19:01:37.257+0000] {logging_mixin.py:190} INFO - [2026-07-29T19:01:37.257+0000] {dag.py:3211} INFO - Sync 1 DAGs
[2026-07-29T19:01:37.268+0000] {logging_mixin.py:190} INFO - [2026-07-29T19:01:37.267+0000] {dag.py:4138} INFO - Setting next_dagrun for example_branch_operator to 2026-07-28 00:00:00+00:00, run_after=2026-07-29 00:00:00+00:00
[2026-07-29T19:01:37.275+0000] {processor.py:208} INFO - Processing /home/airflow/.local/lib/python3.12/site-packages/airflow/example_dags/example_branch_operator.py took 0.062 seconds
[2026-07-29T19:02:08.269+0000] {processor.py:186} INFO - Started process (PID=24842) to work on /home/airflow/.local/lib/python3.12/site-packages/airflow/example_dags/example_branch_operator.py
[2026-07-29T19:02:08.271+0000] {processor.py:914} INFO - Processing file /home/airflow/.local/lib/python3.12/site-packages/airflow/example_dags/example_branch_operator.py for tasks to queue
[2026-07-29T19:02:08.273+0000] {logging_mixin.py:190} INFO - [2026-07-29T19:02:08.273+0000] {dagbag.py:587} INFO - Filling up the DagBag from /home/airflow/.local/lib/python3.12/site-packages/airflow/example_dags/example_branch_operator.py
[2026-07-29T19:02:08.284+0000] {processor.py:925} INFO - DAG(s) 'example_branch_operator' retrieved from /home/airflow/.local/lib/python3.12/site-packages/airflow/example_dags/example_branch_operator.py
[2026-07-29T19:02:08.305+0000] {logging_mixin.py:190} INFO - [2026-07-29T19:02:08.305+0000] {dag.py:3211} INFO - Sync 1 DAGs
[2026-07-29T19:02:08.317+0000] {logging_mixin.py:190} INFO - [2026-07-29T19:02:08.317+0000] {dag.py:4138} INFO - Setting next_dagrun for example_branch_operator to 2026-07-28 00:00:00+00:00, run_after=2026-07-29 00:00:00+00:00
[2026-07-29T19:02:08.324+0000] {processor.py:208} INFO - Processing /home/airflow/.local/lib/python3.12/site-packages/airflow/example_dags/example_branch_operator.py took 0.060 seconds
[2026-07-29T19:02:39.180+0000] {processor.py:186} INFO - Started process (PID=24909) to work on /home/airflow/.local/lib/python3.12/site-packages/airflow/example_dags/example_branch_operator.py
[2026-07-29T19:02:39.185+0000] {processor.py:914} INFO - Processing file /home/airflow/.local/lib/python3.12/site-packages/airflow/example_dags/example_branch_operator.py for tasks to queue
[2026-07-29T19:02:39.186+0000] {logging_mixin.py:190} INFO - [2026-07-29T19:02:39.186+0000] {dagbag.py:587} INFO - Filling up the DagBag from /home/airflow/.local/lib/python3.12/site-packages/airflow/example_dags/example_branch_operator.py
[2026-07-29T19:02:39.194+0000] {processor.py:925} INFO - DAG(s) 'example_branch_operator' retrieved from /home/airflow/.local/lib/python3.12/site-packages/airflow/example_dags/example_branch_operator.py
[2026-07-29T19:02:39.207+0000] {logging_mixin.py:190} INFO - [2026-07-29T19:02:39.207+0000] {dag.py:3211} INFO - Sync 1 DAGs
[2026-07-29T19:02:39.217+0000] {logging_mixin.py:190} INFO - [2026-07-29T19:02:39.217+0000] {dag.py:4138} INFO - Setting next_dagrun for example_branch_operator to 2026-07-28 00:00:00+00:00, run_after=2026-07-29 00:00:00+00:00
[2026-07-29T19:02:39.224+0000] {processor.py:208} INFO - Processing /home/airflow/.local/lib/python3.12/site-packages/airflow/example_dags/example_branch_operator.py took 0.047 seconds
[2026-07-29T19:03:09.346+0000] {processor.py:186} INFO - Started process (PID=24975) to work on /home/airflow/.local/lib/python3.12/site-packages/airflow/example_dags/example_branch_operator.py
[2026-07-29T19:03:09.349+0000] {processor.py:914} INFO - Processing file /home/airflow/.local/lib/python3.12/site-packages/airflow/example_dags/example_branch_operator.py for tasks to queue
[2026-07-29T19:03:09.351+0000] {logging_mixin.py:190} INFO - [2026-07-29T19:03:09.351+0000] {dagbag.py:587} INFO - Filling up the DagBag from /home/airflow/.local/lib/python3.12/site-packages/airflow/example_dags/example_branch_operator.py
[2026-07-29T19:03:09.364+0000] {processor.py:925} INFO - DAG(s) 'example_branch_operator' retrieved from /home/airflow/.local/lib/python3.12/site-packages/airflow/example_dags/example_branch_operator.py
[2026-07-29T19:03:09.383+0000] {logging_mixin.py:190} INFO - [2026-07-29T19:03:09.383+0000] {dag.py:3211} INFO - Sync 1 DAGs
[2026-07-29T19:03:09.395+0000] {logging_mixin.py:190} INFO - [2026-07-29T19:03:09.394+0000] {dag.py:4138} INFO - Setting next_dagrun for example_branch_operator to 2026-07-28 00:00:00+00:00, run_after=2026-07-29 00:00:00+00:00
[2026-07-29T19:03:09.402+0000] {processor.py:208} INFO - Processing /home/airflow/.local/lib/python3.12/site-packages/airflow/example_dags/example_branch_operator.py took 0.061 seconds
[2026-07-29T19:03:39.453+0000] {processor.py:186} INFO - Started process (PID=25040) to work on /home/airflow/.local/lib/python3.12/site-packages/airflow/example_dags/example_branch_operator.py
[2026-07-29T19:03:39.453+0000] {processor.py:914} INFO - Processing file /home/airflow/.local/lib/python3.12/site-packages/airflow/example_dags/example_branch_operator.py for tasks to queue
[2026-07-29T19:03:39.455+0000] {logging_mixin.py:190} INFO - [2026-07-29T19:03:39.455+0000] {dagbag.py:587} INFO - Filling up the DagBag from /home/airflow/.local/lib/python3.12/site-packages/airflow/example_dags/example_branch_operator.py
[2026-07-29T19:03:39.466+0000] {processor.py:925} INFO - DAG(s) 'example_branch_operator' retrieved from /home/airflow/.local/lib/python3.12/site-packages/airflow/example_dags/example_branch_operator.py
[2026-07-29T19:03:39.480+0000] {logging_mixin.py:190} INFO - [2026-07-29T19:03:39.480+0000] {dag.py:3211} INFO - Sync 1 DAGs
[2026-07-29T19:03:39.490+0000] {logging_mixin.py:190} INFO - [2026-07-29T19:03:39.490+0000] {dag.py:4138} INFO - Setting next_dagrun for example_branch_operator to 2026-07-28 00:00:00+00:00, run_after=2026-07-29 00:00:00+00:00
[2026-07-29T19:03:39.497+0000] {processor.py:208} INFO - Processing /home/airflow/.local/lib/python3.12/site-packages/airflow/example_dags/example_branch_operator.py took 0.050 seconds
[2026-07-29T19:04:10.197+0000] {processor.py:186} INFO - Started process (PID=25107) to work on /home/airflow/.local/lib/python3.12/site-packages/airflow/example_dags/example_branch_operator.py
[2026-07-29T19:04:10.203+0000] {processor.py:914} INFO - Processing file /home/airflow/.local/lib/python3.12/site-packages/airflow/example_dags/example_branch_operator.py for tasks to queue
[2026-07-29T19:04:10.204+0000] {logging_mixin.py:190} INFO - [2026-07-29T19:04:10.204+0000] {dagbag.py:587} INFO - Filling up the DagBag from /home/airflow/.local/lib/python3.12/site-packages/airflow/example_dags/example_branch_operator.py
[2026-07-29T19:04:10.219+0000] {processor.py:925} INFO - DAG(s) 'example_branch_operator' retrieved from /home/airflow/.local/lib/python3.12/site-packages/airflow/example_dags/example_branch_operator.py
[2026-07-29T19:04:10.240+0000] {logging_mixin.py:190} INFO - [2026-07-29T19:04:10.240+0000] {dag.py:3211} INFO - Sync 1 DAGs
[2026-07-29T19:04:10.256+0000] {logging_mixin.py:190} INFO - [2026-07-29T19:04:10.256+0000] {dag.py:4138} INFO - Setting next_dagrun for example_branch_operator to 2026-07-28 00:00:00+00:00, run_after=2026-07-29 00:00:00+00:00
[2026-07-29T19:04:10.267+0000] {processor.py:208} INFO - Processing /home/airflow/.local/lib/python3.12/site-packages/airflow/example_dags/example_branch_operator.py took 0.077 seconds
[2026-07-29T19:04:40.329+0000] {processor.py:186} INFO - Started process (PID=25172) to work on /home/airflow/.local/lib/python3.12/site-packages/airflow/example_dags/example_branch_operator.py
[2026-07-29T19:04:40.330+0000] {processor.py:914} INFO - Processing file /home/airflow/.local/lib/python3.12/site-packages/airflow/example_dags/example_branch_operator.py for tasks to queue
[2026-07-29T19:04:40.332+0000] {logging_mixin.py:190} INFO - [2026-07-29T19:04:40.332+0000] {dagbag.py:587} INFO - Filling up the DagBag from /home/airflow/.local/lib/python3.12/site-packages/airflow/example_dags/example_branch_operator.py
[2026-07-29T19:04:40.343+0000] {processor.py:925} INFO - DAG(s) 'example_branch_operator' retrieved from /home/airflow/.local/lib/python3.12/site-packages/airflow/example_dags/example_branch_operator.py
[2026-07-29T19:04:40.356+0000] {logging_mixin.py:190} INFO - [2026-07-29T19:04:40.355+0000] {dag.py:3211} INFO - Sync 1 DAGs
[2026-07-29T19:04:40.366+0000] {logging_mixin.py:190} INFO - [2026-07-29T19:04:40.366+0000] {dag.py:4138} INFO - Setting next_dagrun for example_branch_operator to 2026-07-28 00:00:00+00:00, run_after=2026-07-29 00:00:00+00:00
[2026-07-29T19:04:40.372+0000] {processor.py:208} INFO - Processing /home/airflow/.local/lib/python3.12/site-packages/airflow/example_dags/example_branch_operator.py took 0.049 seconds
[2026-07-29T19:05:10.529+0000] {processor.py:186} INFO - Started process (PID=25239) to work on /home/airflow/.local/lib/python3.12/site-packages/airflow/example_dags/example_branch_operator.py
[2026-07-29T19:05:10.530+0000] {processor.py:914} INFO - Processing file /home/airflow/.local/lib/python3.12/site-packages/airflow/example_dags/example_branch_operator.py for tasks to queue
[2026-07-29T19:05:10.531+0000] {logging_mixin.py:190} INFO - [2026-07-29T19:05:10.531+0000] {dagbag.py:587} INFO - Filling up the DagBag from /home/airflow/.local/lib/python3.12/site-packages/airflow/example_dags/example_branch_operator.py
[2026-07-29T19:05:10.542+0000] {processor.py:925} INFO - DAG(s) 'example_branch_operator' retrieved from /home/airflow/.local/lib/python3.12/site-packages/airflow/example_dags/example_branch_operator.py
[2026-07-29T19:05:10.558+0000] {logging_mixin.py:190} INFO - [2026-07-29T19:05:10.557+0000] {dag.py:3211} INFO - Sync 1 DAGs
[2026-07-29T19:05:10.568+0000] {logging_mixin.py:190} INFO - [2026-07-29T19:05:10.568+0000] {dag.py:4138} INFO - Setting next_dagrun for example_branch_operator to 2026-07-28 00:00:00+00:00, run_after=2026-07-29 00:00:00+00:00
[2026-07-29T19:05:10.576+0000] {processor.py:208} INFO - Processing /home/airflow/.local/lib/python3.12/site-packages/airflow/example_dags/example_branch_operator.py took 0.050 seconds
[2026-07-29T19:05:40.681+0000] {processor.py:186} INFO - Started process (PID=25305) to work on /home/airflow/.local/lib/python3.12/site-packages/airflow/example_dags/example_branch_operator.py
[2026-07-29T19:05:40.682+0000] {processor.py:914} INFO - Processing file /home/airflow/.local/lib/python3.12/site-packages/airflow/example_dags/example_branch_operator.py for tasks to queue
[2026-07-29T19:05:40.683+0000] {logging_mixin.py:190} INFO - [2026-07-29T19:05:40.683+0000] {dagbag.py:587} INFO - Filling up the DagBag from /home/airflow/.local/lib/python3.12/site-packages/airflow/example_dags/example_branch_operator.py
[2026-07-29T19:05:40.693+0000] {processor.py:925} INFO - DAG(s) 'example_branch_operator' retrieved from /home/airflow/.local/lib/python3.12/site-packages/airflow/example_dags/example_branch_operator.py
[2026-07-29T19:05:40.708+0000] {logging_mixin.py:190} INFO - [2026-07-29T19:05:40.707+0000] {dag.py:3211} INFO - Sync 1 DAGs
[2026-07-29T19:05:40.718+0000] {logging_mixin.py:190} INFO - [2026-07-29T19:05:40.718+0000] {dag.py:4138} INFO - Setting next_dagrun for example_branch_operator to 2026-07-28 00:00:00+00:00, run_after=2026-07-29 00:00:00+00:00
[2026-07-29T19:05:40.725+0000] {processor.py:208} INFO - Processing /home/airflow/.local/lib/python3.12/site-packages/airflow/example_dags/example_branch_operator.py took 0.048 seconds
[2026-07-29T19:06:10.807+0000] {processor.py:186} INFO - Started process (PID=25370) to work on /home/airflow/.local/lib/python3.12/site-packages/airflow/example_dags/example_branch_operator.py
[2026-07-29T19:06:10.807+0000] {processor.py:914} INFO - Processing file /home/airflow/.local/lib/python3.12/site-packages/airflow/example_dags/example_branch_operator.py for tasks to queue
[2026-07-29T19:06:10.809+0000] {logging_mixin.py:190} INFO - [2026-07-29T19:06:10.809+0000] {dagbag.py:587} INFO - Filling up the DagBag from /home/airflow/.local/lib/python3.12/site-packages/airflow/example_dags/example_branch_operator.py
[2026-07-29T19:06:10.827+0000] {processor.py:925} INFO - DAG(s) 'example_branch_operator' retrieved from /home/airflow/.local/lib/python3.12/site-packages/airflow/example_dags/example_branch_operator.py
[2026-07-29T19:06:10.846+0000] {logging_mixin.py:190} INFO - [2026-07-29T19:06:10.846+0000] {dag.py:3211} INFO - Sync 1 DAGs
[2026-07-29T19:06:10.858+0000] {logging_mixin.py:190} INFO - [2026-07-29T19:06:10.858+0000] {dag.py:4138} INFO - Setting next_dagrun for example_branch_operator to 2026-07-28 00:00:00+00:00, run_after=2026-07-29 00:00:00+00:00
[2026-07-29T19:06:10.871+0000] {processor.py:208} INFO - Processing /home/airflow/.local/lib/python3.12/site-packages/airflow/example_dags/example_branch_operator.py took 0.070 seconds
[2026-07-29T19:06:40.968+0000] {processor.py:186} INFO - Started process (PID=25436) to work on /home/airflow/.local/lib/python3.12/site-packages/airflow/example_dags/example_branch_operator.py
[2026-07-29T19:06:40.968+0000] {processor.py:914} INFO - Processing file /home/airflow/.local/lib/python3.12/site-packages/airflow/example_dags/example_branch_operator.py for tasks to queue
[2026-07-29T19:06:40.970+0000] {logging_mixin.py:190} INFO - [2026-07-29T19:06:40.970+0000] {dagbag.py:587} INFO - Filling up the DagBag from /home/airflow/.local/lib/python3.12/site-packages/airflow/example_dags/example_branch_operator.py
[2026-07-29T19:06:40.983+0000] {processor.py:925} INFO - DAG(s) 'example_branch_operator' retrieved from /home/airflow/.local/lib/python3.12/site-packages/airflow/example_dags/example_branch_operator.py
[2026-07-29T19:06:40.998+0000] {logging_mixin.py:190} INFO - [2026-07-29T19:06:40.998+0000] {dag.py:3211} INFO - Sync 1 DAGs
[2026-07-29T19:06:41.012+0000] {logging_mixin.py:190} INFO - [2026-07-29T19:06:41.012+0000] {dag.py:4138} INFO - Setting next_dagrun for example_branch_operator to 2026-07-28 00:00:00+00:00, run_after=2026-07-29 00:00:00+00:00
[2026-07-29T19:06:41.022+0000] {processor.py:208} INFO - Processing /home/airflow/.local/lib/python3.12/site-packages/airflow/example_dags/example_branch_operator.py took 0.060 seconds
[2026-07-29T19:07:11.960+0000] {processor.py:186} INFO - Started process (PID=25503) to work on /home/airflow/.local/lib/python3.12/site-packages/airflow/example_dags/example_branch_operator.py
[2026-07-29T19:07:11.961+0000] {processor.py:914} INFO - Processing file /home/airflow/.local/lib/python3.12/site-packages/airflow/example_dags/example_branch_operator.py for tasks to queue
[2026-07-29T19:07:11.963+0000] {logging_mixin.py:190} INFO - [2026-07-29T19:07:11.963+0000] {dagbag.py:587} INFO - Filling up the DagBag from /home/airflow/.local/lib/python3.12/site-packages/airflow/example_dags/example_branch_operator.py
[2026-07-29T19:07:11.974+0000] {processor.py:925} INFO - DAG(s) 'example_branch_operator' retrieved from /home/airflow/.local/lib/python3.12/site-packages/airflow/example_dags/example_branch_operator.py
[2026-07-29T19:07:11.988+0000] {logging_mixin.py:190} INFO - [2026-07-29T19:07:11.988+0000] {dag.py:3211} INFO - Sync 1 DAGs
[2026-07-29T19:07:11.998+0000] {logging_mixin.py:190} INFO - [2026-07-29T19:07:11.998+0000] {dag.py:4138} INFO - Setting next_dagrun for example_branch_operator to 2026-07-28 00:00:00+00:00, run_after=2026-07-29 00:00:00+00:00
[2026-07-29T19:07:12.006+0000] {processor.py:208} INFO - Processing /home/airflow/.local/lib/python3.12/site-packages/airflow/example_dags/example_branch_operator.py took 0.050 seconds
[2026-07-29T19:07:42.035+0000] {processor.py:186} INFO - Started process (PID=25568) to work on /home/airflow/.local/lib/python3.12/site-packages/airflow/example_dags/example_branch_operator.py
[2026-07-29T19:07:42.035+0000] {processor.py:914} INFO - Processing file /home/airflow/.local/lib/python3.12/site-packages/airflow/example_dags/example_branch_operator.py for tasks to queue
[2026-07-29T19:07:42.037+0000] {logging_mixin.py:190} INFO - [2026-07-29T19:07:42.037+0000] {dagbag.py:587} INFO - Filling up the DagBag from /home/airflow/.local/lib/python3.12/site-packages/airflow/example_dags/example_branch_operator.py
[2026-07-29T19:07:42.045+0000] {processor.py:925} INFO - DAG(s) 'example_branch_operator' retrieved from /home/airflow/.local/lib/python3.12/site-packages/airflow/example_dags/example_branch_operator.py
[2026-07-29T19:07:42.056+0000] {logging_mixin.py:190} INFO - [2026-07-29T19:07:42.056+0000] {dag.py:3211} INFO - Sync 1 DAGs
[2026-07-29T19:07:42.065+0000] {logging_mixin.py:190} INFO - [2026-07-29T19:07:42.065+0000] {dag.py:4138} INFO - Setting next_dagrun for example_branch_operator to 2026-07-28 00:00:00+00:00, run_after=2026-07-29 00:00:00+00:00
[2026-07-29T19:07:42.072+0000] {processor.py:208} INFO - Processing /home/airflow/.local/lib/python3.12/site-packages/airflow/example_dags/example_branch_operator.py took 0.040 seconds
[2026-07-29T19:08:12.967+0000] {processor.py:186} INFO - Started process (PID=25635) to work on /home/airflow/.local/lib/python3.12/site-packages/airflow/example_dags/example_branch_operator.py
[2026-07-29T19:08:12.968+0000] {processor.py:914} INFO - Processing file /home/airflow/.local/lib/python3.12/site-packages/airflow/example_dags/example_branch_operator.py for tasks to queue
[2026-07-29T19:08:12.971+0000] {logging_mixin.py:190} INFO - [2026-07-29T19:08:12.970+0000] {dagbag.py:587} INFO - Filling up the DagBag from /home/airflow/.local/lib/python3.12/site-packages/airflow/example_dags/example_branch_operator.py
[2026-07-29T19:08:12.984+0000] {processor.py:925} INFO - DAG(s) 'example_branch_operator' retrieved from /home/airflow/.local/lib/python3.12/site-packages/airflow/example_dags/example_branch_operator.py
[2026-07-29T19:08:12.999+0000] {logging_mixin.py:190} INFO - [2026-07-29T19:08:12.999+0000] {dag.py:3211} INFO - Sync 1 DAGs
[2026-07-29T19:08:13.010+0000] {logging_mixin.py:190} INFO - [2026-07-29T19:08:13.010+0000] {dag.py:4138} INFO - Setting next_dagrun for example_branch_operator to 2026-07-28 00:00:00+00:00, run_after=2026-07-29 00:00:00+00:00
[2026-07-29T19:08:13.018+0000] {processor.py:208} INFO - Processing /home/airflow/.local/lib/python3.12/site-packages/airflow/example_dags/example_branch_operator.py took 0.055 seconds
[2026-07-29T19:08:43.181+0000] {processor.py:186} INFO - Started process (PID=25701) to work on /home/airflow/.local/lib/python3.12/site-packages/airflow/example_dags/example_branch_operator.py
[2026-07-29T19:08:43.182+0000] {processor.py:914} INFO - Processing file /home/airflow/.local/lib/python3.12/site-packages/airflow/example_dags/example_branch_operator.py for tasks to queue
[2026-07-29T19:08:43.184+0000] {logging_mixin.py:190} INFO - [2026-07-29T19:08:43.184+0000] {dagbag.py:587} INFO - Filling up the DagBag from /home/airflow/.local/lib/python3.12/site-packages/airflow/example_dags/example_branch_operator.py
[2026-07-29T19:08:43.195+0000] {processor.py:925} INFO - DAG(s) 'example_branch_operator' retrieved from /home/airflow/.local/lib/python3.12/site-packages/airflow/example_dags/example_branch_operator.py
[2026-07-29T19:08:43.211+0000] {logging_mixin.py:190} INFO - [2026-07-29T19:08:43.211+0000] {dag.py:3211} INFO - Sync 1 DAGs
[2026-07-29T19:08:43.222+0000] {logging_mixin.py:190} INFO - [2026-07-29T19:08:43.222+0000] {dag.py:4138} INFO - Setting next_dagrun for example_branch_operator to 2026-07-28 00:00:00+00:00, run_after=2026-07-29 00:00:00+00:00
[2026-07-29T19:08:43.230+0000] {processor.py:208} INFO - Processing /home/airflow/.local/lib/python3.12/site-packages/airflow/example_dags/example_branch_operator.py took 0.057 seconds
[2026-07-29T19:09:14.108+0000] {processor.py:186} INFO - Started process (PID=25767) to work on /home/airflow/.local/lib/python3.12/site-packages/airflow/example_dags/example_branch_operator.py
[2026-07-29T19:09:14.109+0000] {processor.py:914} INFO - Processing file /home/airflow/.local/lib/python3.12/site-packages/airflow/example_dags/example_branch_operator.py for tasks to queue
[2026-07-29T19:09:14.110+0000] {logging_mixin.py:190} INFO - [2026-07-29T19:09:14.110+0000] {dagbag.py:587} INFO - Filling up the DagBag from /home/airflow/.local/lib/python3.12/site-packages/airflow/example_dags/example_branch_operator.py
[2026-07-29T19:09:14.120+0000] {processor.py:925} INFO - DAG(s) 'example_branch_operator' retrieved from /home/airflow/.local/lib/python3.12/site-packages/airflow/example_dags/example_branch_operator.py
[2026-07-29T19:09:14.135+0000] {logging_mixin.py:190} INFO - [2026-07-29T19:09:14.135+0000] {dag.py:3211} INFO - Sync 1 DAGs
[2026-07-29T19:09:14.146+0000] {logging_mixin.py:190} INFO - [2026-07-29T19:09:14.145+0000] {dag.py:4138} INFO - Setting next_dagrun for example_branch_operator to 2026-07-28 00:00:00+00:00, run_after=2026-07-29 00:00:00+00:00
[2026-07-29T19:09:14.153+0000] {processor.py:208} INFO - Processing /home/airflow/.local/lib/python3.12/site-packages/airflow/example_dags/example_branch_operator.py took 0.053 seconds
[2026-07-29T19:09:44.175+0000] {processor.py:186} INFO - Started process (PID=25832) to work on /home/airflow/.local/lib/python3.12/site-packages/airflow/example_dags/example_branch_operator.py
[2026-07-29T19:09:44.176+0000] {processor.py:914} INFO - Processing file /home/airflow/.local/lib/python3.12/site-packages/airflow/example_dags/example_branch_operator.py for tasks to queue
[2026-07-29T19:09:44.178+0000] {logging_mixin.py:190} INFO - [2026-07-29T19:09:44.177+0000] {dagbag.py:587} INFO - Filling up the DagBag from /home/airflow/.local/lib/python3.12/site-packages/airflow/example_dags/example_branch_operator.py
[2026-07-29T19:09:44.188+0000] {processor.py:925} INFO - DAG(s) 'example_branch_operator' retrieved from /home/airflow/.local/lib/python3.12/site-packages/airflow/example_dags/example_branch_operator.py
[2026-07-29T19:09:44.203+0000] {logging_mixin.py:190} INFO - [2026-07-29T19:09:44.203+0000] {dag.py:3211} INFO - Sync 1 DAGs
[2026-07-29T19:09:44.214+0000] {logging_mixin.py:190} INFO - [2026-07-29T19:09:44.214+0000] {dag.py:4138} INFO - Setting next_dagrun for example_branch_operator to 2026-07-28 00:00:00+00:00, run_after=2026-07-29 00:00:00+00:00
[2026-07-29T19:09:44.221+0000] {processor.py:208} INFO - Processing /home/airflow/.local/lib/python3.12/site-packages/airflow/example_dags/example_branch_operator.py took 0.050 seconds
[2026-07-29T19:10:14.469+0000] {processor.py:186} INFO - Started process (PID=25899) to work on /home/airflow/.local/lib/python3.12/site-packages/airflow/example_dags/example_branch_operator.py
[2026-07-29T19:10:14.469+0000] {processor.py:914} INFO - Processing file /home/airflow/.local/lib/python3.12/site-packages/airflow/example_dags/example_branch_operator.py for tasks to queue
[2026-07-29T19:10:14.471+0000] {logging_mixin.py:190} INFO - [2026-07-29T19:10:14.471+0000] {dagbag.py:587} INFO - Filling up the DagBag from /home/airflow/.local/lib/python3.12/site-packages/airflow/example_dags/example_branch_operator.py
[2026-07-29T19:10:14.486+0000] {processor.py:925} INFO - DAG(s) 'example_branch_operator' retrieved from /home/airflow/.local/lib/python3.12/site-packages/airflow/example_dags/example_branch_operator.py
[2026-07-29T19:10:14.503+0000] {logging_mixin.py:190} INFO - [2026-07-29T19:10:14.503+0000] {dag.py:3211} INFO - Sync 1 DAGs
[2026-07-29T19:10:14.515+0000] {logging_mixin.py:190} INFO - [2026-07-29T19:10:14.515+0000] {dag.py:4138} INFO - Setting next_dagrun for example_branch_operator to 2026-07-28 00:00:00+00:00, run_after=2026-07-29 00:00:00+00:00
[2026-07-29T19:10:14.524+0000] {processor.py:208} INFO - Processing /home/airflow/.local/lib/python3.12/site-packages/airflow/example_dags/example_branch_operator.py took 0.059 seconds
[2026-07-29T19:10:44.590+0000] {processor.py:186} INFO - Started process (PID=25964) to work on /home/airflow/.local/lib/python3.12/site-packages/airflow/example_dags/example_branch_operator.py
[2026-07-29T19:10:44.591+0000] {processor.py:914} INFO - Processing file /home/airflow/.local/lib/python3.12/site-packages/airflow/example_dags/example_branch_operator.py for tasks to queue
[2026-07-29T19:10:44.593+0000] {logging_mixin.py:190} INFO - [2026-07-29T19:10:44.593+0000] {dagbag.py:587} INFO - Filling up the DagBag from /home/airflow/.local/lib/python3.12/site-packages/airflow/example_dags/example_branch_operator.py
[2026-07-29T19:10:44.614+0000] {processor.py:925} INFO - DAG(s) 'example_branch_operator' retrieved from /home/airflow/.local/lib/python3.12/site-packages/airflow/example_dags/example_branch_operator.py
[2026-07-29T19:10:44.635+0000] {logging_mixin.py:190} INFO - [2026-07-29T19:10:44.635+0000] {dag.py:3211} INFO - Sync 1 DAGs
[2026-07-29T19:10:44.651+0000] {logging_mixin.py:190} INFO - [2026-07-29T19:10:44.651+0000] {dag.py:4138} INFO - Setting next_dagrun for example_branch_operator to 2026-07-28 00:00:00+00:00, run_after=2026-07-29 00:00:00+00:00
[2026-07-29T19:10:44.659+0000] {processor.py:208} INFO - Processing /home/airflow/.local/lib/python3.12/site-packages/airflow/example_dags/example_branch_operator.py took 0.074 seconds
[2026-07-29T19:11:15.627+0000] {processor.py:186} INFO - Started process (PID=26031) to work on /home/airflow/.local/lib/python3.12/site-packages/airflow/example_dags/example_branch_operator.py
[2026-07-29T19:11:15.628+0000] {processor.py:914} INFO - Processing file /home/airflow/.local/lib/python3.12/site-packages/airflow/example_dags/example_branch_operator.py for tasks to queue
[2026-07-29T19:11:15.632+0000] {logging_mixin.py:190} INFO - [2026-07-29T19:11:15.632+0000] {dagbag.py:587} INFO - Filling up the DagBag from /home/airflow/.local/lib/python3.12/site-packages/airflow/example_dags/example_branch_operator.py
[2026-07-29T19:11:15.643+0000] {processor.py:925} INFO - DAG(s) 'example_branch_operator' retrieved from /home/airflow/.local/lib/python3.12/site-packages/airflow/example_dags/example_branch_operator.py
[2026-07-29T19:11:15.659+0000] {logging_mixin.py:190} INFO - [2026-07-29T19:11:15.658+0000] {dag.py:3211} INFO - Sync 1 DAGs
[2026-07-29T19:11:15.670+0000] {logging_mixin.py:190} INFO - [2026-07-29T19:11:15.670+0000] {dag.py:4138} INFO - Setting next_dagrun for example_branch_operator to 2026-07-28 00:00:00+00:00, run_after=2026-07-29 00:00:00+00:00
[2026-07-29T19:11:15.678+0000] {processor.py:208} INFO - Processing /home/airflow/.local/lib/python3.12/site-packages/airflow/example_dags/example_branch_operator.py took 0.055 seconds
[2026-07-29T19:11:46.553+0000] {processor.py:186} INFO - Started process (PID=26097) to work on /home/airflow/.local/lib/python3.12/site-packages/airflow/example_dags/example_branch_operator.py
[2026-07-29T19:11:46.555+0000] {processor.py:914} INFO - Processing file /home/airflow/.local/lib/python3.12/site-packages/airflow/example_dags/example_branch_operator.py for tasks to queue
[2026-07-29T19:11:46.556+0000] {logging_mixin.py:190} INFO - [2026-07-29T19:11:46.556+0000] {dagbag.py:587} INFO - Filling up the DagBag from /home/airflow/.local/lib/python3.12/site-packages/airflow/example_dags/example_branch_operator.py
[2026-07-29T19:11:46.573+0000] {processor.py:925} INFO - DAG(s) 'example_branch_operator' retrieved from /home/airflow/.local/lib/python3.12/site-packages/airflow/example_dags/example_branch_operator.py
[2026-07-29T19:11:46.592+0000] {logging_mixin.py:190} INFO - [2026-07-29T19:11:46.592+0000] {dag.py:3211} INFO - Sync 1 DAGs
[2026-07-29T19:11:46.603+0000] {logging_mixin.py:190} INFO - [2026-07-29T19:11:46.602+0000] {dag.py:4138} INFO - Setting next_dagrun for example_branch_operator to 2026-07-28 00:00:00+00:00, run_after=2026-07-29 00:00:00+00:00
[2026-07-29T19:11:46.611+0000] {processor.py:208} INFO - Processing /home/airflow/.local/lib/python3.12/site-packages/airflow/example_dags/example_branch_operator.py took 0.061 seconds
[2026-07-29T19:12:16.667+0000] {processor.py:186} INFO - Started process (PID=26162) to work on /home/airflow/.local/lib/python3.12/site-packages/airflow/example_dags/example_branch_operator.py
[2026-07-29T19:12:16.668+0000] {processor.py:914} INFO - Processing file /home/airflow/.local/lib/python3.12/site-packages/airflow/example_dags/example_branch_operator.py for tasks to queue
[2026-07-29T19:12:16.670+0000] {logging_mixin.py:190} INFO - [2026-07-29T19:12:16.670+0000] {dagbag.py:587} INFO - Filling up the DagBag from /home/airflow/.local/lib/python3.12/site-packages/airflow/example_dags/example_branch_operator.py
[2026-07-29T19:12:16.680+0000] {processor.py:925} INFO - DAG(s) 'example_branch_operator' retrieved from /home/airflow/.local/lib/python3.12/site-packages/airflow/example_dags/example_branch_operator.py
[2026-07-29T19:12:16.696+0000] {logging_mixin.py:190} INFO - [2026-07-29T19:12:16.695+0000] {dag.py:3211} INFO - Sync 1 DAGs
[2026-07-29T19:12:16.708+0000] {logging_mixin.py:190} INFO - [2026-07-29T19:12:16.708+0000] {dag.py:4138} INFO - Setting next_dagrun for example_branch_operator to 2026-07-28 00:00:00+00:00, run_after=2026-07-29 00:00:00+00:00
[2026-07-29T19:12:16.717+0000] {processor.py:208} INFO - Processing /home/airflow/.local/lib/python3.12/site-packages/airflow/example_dags/example_branch_operator.py took 0.054 seconds
[2026-07-29T19:12:47.567+0000] {processor.py:186} INFO - Started process (PID=26229) to work on /home/airflow/.local/lib/python3.12/site-packages/airflow/example_dags/example_branch_operator.py
[2026-07-29T19:12:47.568+0000] {processor.py:914} INFO - Processing file /home/airflow/.local/lib/python3.12/site-packages/airflow/example_dags/example_branch_operator.py for tasks to queue
[2026-07-29T19:12:47.572+0000] {logging_mixin.py:190} INFO - [2026-07-29T19:12:47.572+0000] {dagbag.py:587} INFO - Filling up the DagBag from /home/airflow/.local/lib/python3.12/site-packages/airflow/example_dags/example_branch_operator.py
[2026-07-29T19:12:47.582+0000] {processor.py:925} INFO - DAG(s) 'example_branch_operator' retrieved from /home/airflow/.local/lib/python3.12/site-packages/airflow/example_dags/example_branch_operator.py
[2026-07-29T19:12:47.596+0000] {logging_mixin.py:190} INFO - [2026-07-29T19:12:47.596+0000] {dag.py:3211} INFO - Sync 1 DAGs
[2026-07-29T19:12:47.607+0000] {logging_mixin.py:190} INFO - [2026-07-29T19:12:47.607+0000] {dag.py:4138} INFO - Setting next_dagrun for example_branch_operator to 2026-07-28 00:00:00+00:00, run_after=2026-07-29 00:00:00+00:00
[2026-07-29T19:12:47.615+0000] {processor.py:208} INFO - Processing /home/airflow/.local/lib/python3.12/site-packages/airflow/example_dags/example_branch_operator.py took 0.052 seconds
[2026-07-29T19:13:18.567+0000] {processor.py:186} INFO - Started process (PID=26295) to work on /home/airflow/.local/lib/python3.12/site-packages/airflow/example_dags/example_branch_operator.py
[2026-07-29T19:13:18.570+0000] {processor.py:914} INFO - Processing file /home/airflow/.local/lib/python3.12/site-packages/airflow/example_dags/example_branch_operator.py for tasks to queue
[2026-07-29T19:13:18.571+0000] {logging_mixin.py:190} INFO - [2026-07-29T19:13:18.571+0000] {dagbag.py:587} INFO - Filling up the DagBag from /home/airflow/.local/lib/python3.12/site-packages/airflow/example_dags/example_branch_operator.py
[2026-07-29T19:13:18.581+0000] {processor.py:925} INFO - DAG(s) 'example_branch_operator' retrieved from /home/airflow/.local/lib/python3.12/site-packages/airflow/example_dags/example_branch_operator.py
[2026-07-29T19:13:18.595+0000] {logging_mixin.py:190} INFO - [2026-07-29T19:13:18.595+0000] {dag.py:3211} INFO - Sync 1 DAGs
[2026-07-29T19:13:18.605+0000] {logging_mixin.py:190} INFO - [2026-07-29T19:13:18.605+0000] {dag.py:4138} INFO - Setting next_dagrun for example_branch_operator to 2026-07-28 00:00:00+00:00, run_after=2026-07-29 00:00:00+00:00
[2026-07-29T19:13:18.613+0000] {processor.py:208} INFO - Processing /home/airflow/.local/lib/python3.12/site-packages/airflow/example_dags/example_branch_operator.py took 0.049 seconds
[2026-07-29T19:13:49.464+0000] {processor.py:186} INFO - Started process (PID=26360) to work on /home/airflow/.local/lib/python3.12/site-packages/airflow/example_dags/example_branch_operator.py
[2026-07-29T19:13:49.467+0000] {processor.py:914} INFO - Processing file /home/airflow/.local/lib/python3.12/site-packages/airflow/example_dags/example_branch_operator.py for tasks to queue
[2026-07-29T19:13:49.468+0000] {logging_mixin.py:190} INFO - [2026-07-29T19:13:49.468+0000] {dagbag.py:587} INFO - Filling up the DagBag from /home/airflow/.local/lib/python3.12/site-packages/airflow/example_dags/example_branch_operator.py
[2026-07-29T19:13:49.477+0000] {processor.py:925} INFO - DAG(s) 'example_branch_operator' retrieved from /home/airflow/.local/lib/python3.12/site-packages/airflow/example_dags/example_branch_operator.py
[2026-07-29T19:13:49.490+0000] {logging_mixin.py:190} INFO - [2026-07-29T19:13:49.490+0000] {dag.py:3211} INFO - Sync 1 DAGs
[2026-07-29T19:13:49.500+0000] {logging_mixin.py:190} INFO - [2026-07-29T19:13:49.500+0000] {dag.py:4138} INFO - Setting next_dagrun for example_branch_operator to 2026-07-28 00:00:00+00:00, run_after=2026-07-29 00:00:00+00:00
[2026-07-29T19:13:49.507+0000] {processor.py:208} INFO - Processing /home/airflow/.local/lib/python3.12/site-packages/airflow/example_dags/example_branch_operator.py took 0.047 seconds
[2026-07-29T19:14:20.248+0000] {processor.py:186} INFO - Started process (PID=26426) to work on /home/airflow/.local/lib/python3.12/site-packages/airflow/example_dags/example_branch_operator.py
[2026-07-29T19:14:20.250+0000] {processor.py:914} INFO - Processing file /home/airflow/.local/lib/python3.12/site-packages/airflow/example_dags/example_branch_operator.py for tasks to queue
[2026-07-29T19:14:20.252+0000] {logging_mixin.py:190} INFO - [2026-07-29T19:14:20.252+0000] {dagbag.py:587} INFO - Filling up the DagBag from /home/airflow/.local/lib/python3.12/site-packages/airflow/example_dags/example_branch_operator.py
[2026-07-29T19:14:20.266+0000] {processor.py:925} INFO - DAG(s) 'example_branch_operator' retrieved from /home/airflow/.local/lib/python3.12/site-packages/airflow/example_dags/example_branch_operator.py
[2026-07-29T19:14:20.284+0000] {logging_mixin.py:190} INFO - [2026-07-29T19:14:20.284+0000] {dag.py:3211} INFO - Sync 1 DAGs
[2026-07-29T19:14:20.295+0000] {logging_mixin.py:190} INFO - [2026-07-29T19:14:20.295+0000] {dag.py:4138} INFO - Setting next_dagrun for example_branch_operator to 2026-07-28 00:00:00+00:00, run_after=2026-07-29 00:00:00+00:00
[2026-07-29T19:14:20.302+0000] {processor.py:208} INFO - Processing /home/airflow/.local/lib/python3.12/site-packages/airflow/example_dags/example_branch_operator.py took 0.059 seconds
[2026-07-29T19:14:50.465+0000] {processor.py:186} INFO - Started process (PID=26491) to work on /home/airflow/.local/lib/python3.12/site-packages/airflow/example_dags/example_branch_operator.py
[2026-07-29T19:14:50.466+0000] {processor.py:914} INFO - Processing file /home/airflow/.local/lib/python3.12/site-packages/airflow/example_dags/example_branch_operator.py for tasks to queue
[2026-07-29T19:14:50.468+0000] {logging_mixin.py:190} INFO - [2026-07-29T19:14:50.468+0000] {dagbag.py:587} INFO - Filling up the DagBag from /home/airflow/.local/lib/python3.12/site-packages/airflow/example_dags/example_branch_operator.py
[2026-07-29T19:14:50.485+0000] {processor.py:925} INFO - DAG(s) 'example_branch_operator' retrieved from /home/airflow/.local/lib/python3.12/site-packages/airflow/example_dags/example_branch_operator.py
[2026-07-29T19:14:50.500+0000] {logging_mixin.py:190} INFO - [2026-07-29T19:14:50.500+0000] {dag.py:3211} INFO - Sync 1 DAGs
[2026-07-29T19:14:50.511+0000] {logging_mixin.py:190} INFO - [2026-07-29T19:14:50.511+0000] {dag.py:4138} INFO - Setting next_dagrun for example_branch_operator to 2026-07-28 00:00:00+00:00, run_after=2026-07-29 00:00:00+00:00
[2026-07-29T19:14:50.523+0000] {processor.py:208} INFO - Processing /home/airflow/.local/lib/python3.12/site-packages/airflow/example_dags/example_branch_operator.py took 0.064 seconds
[2026-07-29T19:15:20.889+0000] {processor.py:186} INFO - Started process (PID=26558) to work on /home/airflow/.local/lib/python3.12/site-packages/airflow/example_dags/example_branch_operator.py
[2026-07-29T19:15:20.891+0000] {processor.py:914} INFO - Processing file /home/airflow/.local/lib/python3.12/site-packages/airflow/example_dags/example_branch_operator.py for tasks to queue
[2026-07-29T19:15:20.894+0000] {logging_mixin.py:190} INFO - [2026-07-29T19:15:20.894+0000] {dagbag.py:587} INFO - Filling up the DagBag from /home/airflow/.local/lib/python3.12/site-packages/airflow/example_dags/example_branch_operator.py
[2026-07-29T19:15:20.909+0000] {processor.py:925} INFO - DAG(s) 'example_branch_operator' retrieved from /home/airflow/.local/lib/python3.12/site-packages/airflow/example_dags/example_branch_operator.py
[2026-07-29T19:15:20.925+0000] {logging_mixin.py:190} INFO - [2026-07-29T19:15:20.925+0000] {dag.py:3211} INFO - Sync 1 DAGs
[2026-07-29T19:15:20.937+0000] {logging_mixin.py:190} INFO - [2026-07-29T19:15:20.937+0000] {dag.py:4138} INFO - Setting next_dagrun for example_branch_operator to 2026-07-28 00:00:00+00:00, run_after=2026-07-29 00:00:00+00:00
[2026-07-29T19:15:20.946+0000] {processor.py:208} INFO - Processing /home/airflow/.local/lib/python3.12/site-packages/airflow/example_dags/example_branch_operator.py took 0.061 seconds
[2026-07-29T19:15:51.157+0000] {processor.py:186} INFO - Started process (PID=26624) to work on /home/airflow/.local/lib/python3.12/site-packages/airflow/example_dags/example_branch_operator.py
[2026-07-29T19:15:51.159+0000] {processor.py:914} INFO - Processing file /home/airflow/.local/lib/python3.12/site-packages/airflow/example_dags/example_branch_operator.py for tasks to queue
[2026-07-29T19:15:51.161+0000] {logging_mixin.py:190} INFO - [2026-07-29T19:15:51.161+0000] {dagbag.py:587} INFO - Filling up the DagBag from /home/airflow/.local/lib/python3.12/site-packages/airflow/example_dags/example_branch_operator.py
[2026-07-29T19:15:51.172+0000] {processor.py:925} INFO - DAG(s) 'example_branch_operator' retrieved from /home/airflow/.local/lib/python3.12/site-packages/airflow/example_dags/example_branch_operator.py
[2026-07-29T19:15:51.188+0000] {logging_mixin.py:190} INFO - [2026-07-29T19:15:51.188+0000] {dag.py:3211} INFO - Sync 1 DAGs
[2026-07-29T19:15:51.198+0000] {logging_mixin.py:190} INFO - [2026-07-29T19:15:51.198+0000] {dag.py:4138} INFO - Setting next_dagrun for example_branch_operator to 2026-07-28 00:00:00+00:00, run_after=2026-07-29 00:00:00+00:00
[2026-07-29T19:15:51.206+0000] {processor.py:208} INFO - Processing /home/airflow/.local/lib/python3.12/site-packages/airflow/example_dags/example_branch_operator.py took 0.054 seconds
[2026-07-29T19:16:21.261+0000] {processor.py:186} INFO - Started process (PID=26689) to work on /home/airflow/.local/lib/python3.12/site-packages/airflow/example_dags/example_branch_operator.py
[2026-07-29T19:16:21.261+0000] {processor.py:914} INFO - Processing file /home/airflow/.local/lib/python3.12/site-packages/airflow/example_dags/example_branch_operator.py for tasks to queue
[2026-07-29T19:16:21.263+0000] {logging_mixin.py:190} INFO - [2026-07-29T19:16:21.263+0000] {dagbag.py:587} INFO - Filling up the DagBag from /home/airflow/.local/lib/python3.12/site-packages/airflow/example_dags/example_branch_operator.py
[2026-07-29T19:16:21.273+0000] {processor.py:925} INFO - DAG(s) 'example_branch_operator' retrieved from /home/airflow/.local/lib/python3.12/site-packages/airflow/example_dags/example_branch_operator.py
[2026-07-29T19:16:21.289+0000] {logging_mixin.py:190} INFO - [2026-07-29T19:16:21.289+0000] {dag.py:3211} INFO - Sync 1 DAGs
[2026-07-29T19:16:21.305+0000] {logging_mixin.py:190} INFO - [2026-07-29T19:16:21.305+0000] {dag.py:4138} INFO - Setting next_dagrun for example_branch_operator to 2026-07-28 00:00:00+00:00, run_after=2026-07-29 00:00:00+00:00
[2026-07-29T19:16:21.319+0000] {processor.py:208} INFO - Processing /home/airflow/.local/lib/python3.12/site-packages/airflow/example_dags/example_branch_operator.py took 0.063 seconds
[2026-07-29T19:16:51.707+0000] {processor.py:186} INFO - Started process (PID=26755) to work on /home/airflow/.local/lib/python3.12/site-packages/airflow/example_dags/example_branch_operator.py
[2026-07-29T19:16:51.708+0000] {processor.py:914} INFO - Processing file /home/airflow/.local/lib/python3.12/site-packages/airflow/example_dags/example_branch_operator.py for tasks to queue
[2026-07-29T19:16:51.709+0000] {logging_mixin.py:190} INFO - [2026-07-29T19:16:51.709+0000] {dagbag.py:587} INFO - Filling up the DagBag from /home/airflow/.local/lib/python3.12/site-packages/airflow/example_dags/example_branch_operator.py
[2026-07-29T19:16:51.723+0000] {processor.py:925} INFO - DAG(s) 'example_branch_operator' retrieved from /home/airflow/.local/lib/python3.12/site-packages/airflow/example_dags/example_branch_operator.py
[2026-07-29T19:16:51.741+0000] {logging_mixin.py:190} INFO - [2026-07-29T19:16:51.741+0000] {dag.py:3211} INFO - Sync 1 DAGs
[2026-07-29T19:16:51.753+0000] {logging_mixin.py:190} INFO - [2026-07-29T19:16:51.753+0000] {dag.py:4138} INFO - Setting next_dagrun for example_branch_operator to 2026-07-28 00:00:00+00:00, run_after=2026-07-29 00:00:00+00:00
[2026-07-29T19:16:51.762+0000] {processor.py:208} INFO - Processing /home/airflow/.local/lib/python3.12/site-packages/airflow/example_dags/example_branch_operator.py took 0.060 seconds
[2026-07-29T19:17:21.976+0000] {processor.py:186} INFO - Started process (PID=26821) to work on /home/airflow/.local/lib/python3.12/site-packages/airflow/example_dags/example_branch_operator.py
[2026-07-29T19:17:21.977+0000] {processor.py:914} INFO - Processing file /home/airflow/.local/lib/python3.12/site-packages/airflow/example_dags/example_branch_operator.py for tasks to queue
[2026-07-29T19:17:21.979+0000] {logging_mixin.py:190} INFO - [2026-07-29T19:17:21.979+0000] {dagbag.py:587} INFO - Filling up the DagBag from /home/airflow/.local/lib/python3.12/site-packages/airflow/example_dags/example_branch_operator.py
[2026-07-29T19:17:21.995+0000] {processor.py:925} INFO - DAG(s) 'example_branch_operator' retrieved from /home/airflow/.local/lib/python3.12/site-packages/airflow/example_dags/example_branch_operator.py
[2026-07-29T19:17:22.011+0000] {logging_mixin.py:190} INFO - [2026-07-29T19:17:22.011+0000] {dag.py:3211} INFO - Sync 1 DAGs
[2026-07-29T19:17:22.023+0000] {logging_mixin.py:190} INFO - [2026-07-29T19:17:22.023+0000] {dag.py:4138} INFO - Setting next_dagrun for example_branch_operator to 2026-07-28 00:00:00+00:00, run_after=2026-07-29 00:00:00+00:00
[2026-07-29T19:17:22.034+0000] {processor.py:208} INFO - Processing /home/airflow/.local/lib/python3.12/site-packages/airflow/example_dags/example_branch_operator.py took 0.063 seconds
[2026-07-29T19:17:52.111+0000] {processor.py:186} INFO - Started process (PID=26887) to work on /home/airflow/.local/lib/python3.12/site-packages/airflow/example_dags/example_branch_operator.py
[2026-07-29T19:17:52.111+0000] {processor.py:914} INFO - Processing file /home/airflow/.local/lib/python3.12/site-packages/airflow/example_dags/example_branch_operator.py for tasks to queue
[2026-07-29T19:17:52.114+0000] {logging_mixin.py:190} INFO - [2026-07-29T19:17:52.113+0000] {dagbag.py:587} INFO - Filling up the DagBag from /home/airflow/.local/lib/python3.12/site-packages/airflow/example_dags/example_branch_operator.py
[2026-07-29T19:17:52.125+0000] {processor.py:925} INFO - DAG(s) 'example_branch_operator' retrieved from /home/airflow/.local/lib/python3.12/site-packages/airflow/example_dags/example_branch_operator.py
[2026-07-29T19:17:52.146+0000] {logging_mixin.py:190} INFO - [2026-07-29T19:17:52.146+0000] {dag.py:3211} INFO - Sync 1 DAGs
[2026-07-29T19:17:52.156+0000] {logging_mixin.py:190} INFO - [2026-07-29T19:17:52.156+0000] {dag.py:4138} INFO - Setting next_dagrun for example_branch_operator to 2026-07-28 00:00:00+00:00, run_after=2026-07-29 00:00:00+00:00
[2026-07-29T19:17:52.166+0000] {processor.py:208} INFO - Processing /home/airflow/.local/lib/python3.12/site-packages/airflow/example_dags/example_branch_operator.py took 0.062 seconds
[2026-07-29T19:18:22.309+0000] {processor.py:186} INFO - Started process (PID=26953) to work on /home/airflow/.local/lib/python3.12/site-packages/airflow/example_dags/example_branch_operator.py
[2026-07-29T19:18:22.310+0000] {processor.py:914} INFO - Processing file /home/airflow/.local/lib/python3.12/site-packages/airflow/example_dags/example_branch_operator.py for tasks to queue
[2026-07-29T19:18:22.312+0000] {logging_mixin.py:190} INFO - [2026-07-29T19:18:22.311+0000] {dagbag.py:587} INFO - Filling up the DagBag from /home/airflow/.local/lib/python3.12/site-packages/airflow/example_dags/example_branch_operator.py
[2026-07-29T19:18:22.326+0000] {processor.py:925} INFO - DAG(s) 'example_branch_operator' retrieved from /home/airflow/.local/lib/python3.12/site-packages/airflow/example_dags/example_branch_operator.py
[2026-07-29T19:18:22.344+0000] {logging_mixin.py:190} INFO - [2026-07-29T19:18:22.344+0000] {dag.py:3211} INFO - Sync 1 DAGs
[2026-07-29T19:18:22.357+0000] {logging_mixin.py:190} INFO - [2026-07-29T19:18:22.357+0000] {dag.py:4138} INFO - Setting next_dagrun for example_branch_operator to 2026-07-28 00:00:00+00:00, run_after=2026-07-29 00:00:00+00:00
[2026-07-29T19:18:22.364+0000] {processor.py:208} INFO - Processing /home/airflow/.local/lib/python3.12/site-packages/airflow/example_dags/example_branch_operator.py took 0.060 seconds
[2026-07-29T19:18:52.511+0000] {processor.py:186} INFO - Started process (PID=27019) to work on /home/airflow/.local/lib/python3.12/site-packages/airflow/example_dags/example_branch_operator.py
[2026-07-29T19:18:52.512+0000] {processor.py:914} INFO - Processing file /home/airflow/.local/lib/python3.12/site-packages/airflow/example_dags/example_branch_operator.py for tasks to queue
[2026-07-29T19:18:52.514+0000] {logging_mixin.py:190} INFO - [2026-07-29T19:18:52.514+0000] {dagbag.py:587} INFO - Filling up the DagBag from /home/airflow/.local/lib/python3.12/site-packages/airflow/example_dags/example_branch_operator.py
[2026-07-29T19:18:52.527+0000] {processor.py:925} INFO - DAG(s) 'example_branch_operator' retrieved from /home/airflow/.local/lib/python3.12/site-packages/airflow/example_dags/example_branch_operator.py
[2026-07-29T19:18:52.545+0000] {logging_mixin.py:190} INFO - [2026-07-29T19:18:52.545+0000] {dag.py:3211} INFO - Sync 1 DAGs
[2026-07-29T19:18:52.558+0000] {logging_mixin.py:190} INFO - [2026-07-29T19:18:52.558+0000] {dag.py:4138} INFO - Setting next_dagrun for example_branch_operator to 2026-07-28 00:00:00+00:00, run_after=2026-07-29 00:00:00+00:00
[2026-07-29T19:18:52.570+0000] {processor.py:208} INFO - Processing /home/airflow/.local/lib/python3.12/site-packages/airflow/example_dags/example_branch_operator.py took 0.063 seconds
[2026-07-29T19:19:22.672+0000] {processor.py:186} INFO - Started process (PID=27085) to work on /home/airflow/.local/lib/python3.12/site-packages/airflow/example_dags/example_branch_operator.py
[2026-07-29T19:19:22.672+0000] {processor.py:914} INFO - Processing file /home/airflow/.local/lib/python3.12/site-packages/airflow/example_dags/example_branch_operator.py for tasks to queue
[2026-07-29T19:19:22.674+0000] {logging_mixin.py:190} INFO - [2026-07-29T19:19:22.674+0000] {dagbag.py:587} INFO - Filling up the DagBag from /home/airflow/.local/lib/python3.12/site-packages/airflow/example_dags/example_branch_operator.py
[2026-07-29T19:19:22.685+0000] {processor.py:925} INFO - DAG(s) 'example_branch_operator' retrieved from /home/airflow/.local/lib/python3.12/site-packages/airflow/example_dags/example_branch_operator.py
[2026-07-29T19:19:22.705+0000] {logging_mixin.py:190} INFO - [2026-07-29T19:19:22.705+0000] {dag.py:3211} INFO - Sync 1 DAGs
[2026-07-29T19:19:22.716+0000] {logging_mixin.py:190} INFO - [2026-07-29T19:19:22.716+0000] {dag.py:4138} INFO - Setting next_dagrun for example_branch_operator to 2026-07-28 00:00:00+00:00, run_after=2026-07-29 00:00:00+00:00
[2026-07-29T19:19:22.724+0000] {processor.py:208} INFO - Processing /home/airflow/.local/lib/python3.12/site-packages/airflow/example_dags/example_branch_operator.py took 0.055 seconds
[2026-07-29T19:19:52.797+0000] {processor.py:186} INFO - Started process (PID=27152) to work on /home/airflow/.local/lib/python3.12/site-packages/airflow/example_dags/example_branch_operator.py
[2026-07-29T19:19:52.797+0000] {processor.py:914} INFO - Processing file /home/airflow/.local/lib/python3.12/site-packages/airflow/example_dags/example_branch_operator.py for tasks to queue
[2026-07-29T19:19:52.799+0000] {logging_mixin.py:190} INFO - [2026-07-29T19:19:52.798+0000] {dagbag.py:587} INFO - Filling up the DagBag from /home/airflow/.local/lib/python3.12/site-packages/airflow/example_dags/example_branch_operator.py
[2026-07-29T19:19:52.806+0000] {processor.py:925} INFO - DAG(s) 'example_branch_operator' retrieved from /home/airflow/.local/lib/python3.12/site-packages/airflow/example_dags/example_branch_operator.py
[2026-07-29T19:19:52.817+0000] {logging_mixin.py:190} INFO - [2026-07-29T19:19:52.817+0000] {dag.py:3211} INFO - Sync 1 DAGs
[2026-07-29T19:19:52.827+0000] {logging_mixin.py:190} INFO - [2026-07-29T19:19:52.826+0000] {dag.py:4138} INFO - Setting next_dagrun for example_branch_operator to 2026-07-28 00:00:00+00:00, run_after=2026-07-29 00:00:00+00:00
[2026-07-29T19:19:52.832+0000] {processor.py:208} INFO - Processing /home/airflow/.local/lib/python3.12/site-packages/airflow/example_dags/example_branch_operator.py took 0.038 seconds
[2026-07-29T19:20:22.895+0000] {processor.py:186} INFO - Started process (PID=27217) to work on /home/airflow/.local/lib/python3.12/site-packages/airflow/example_dags/example_branch_operator.py
[2026-07-29T19:20:22.897+0000] {processor.py:914} INFO - Processing file /home/airflow/.local/lib/python3.12/site-packages/airflow/example_dags/example_branch_operator.py for tasks to queue
[2026-07-29T19:20:22.899+0000] {logging_mixin.py:190} INFO - [2026-07-29T19:20:22.899+0000] {dagbag.py:587} INFO - Filling up the DagBag from /home/airflow/.local/lib/python3.12/site-packages/airflow/example_dags/example_branch_operator.py
[2026-07-29T19:20:22.912+0000] {processor.py:925} INFO - DAG(s) 'example_branch_operator' retrieved from /home/airflow/.local/lib/python3.12/site-packages/airflow/example_dags/example_branch_operator.py
[2026-07-29T19:20:22.932+0000] {logging_mixin.py:190} INFO - [2026-07-29T19:20:22.931+0000] {dag.py:3211} INFO - Sync 1 DAGs
[2026-07-29T19:20:22.944+0000] {logging_mixin.py:190} INFO - [2026-07-29T19:20:22.944+0000] {dag.py:4138} INFO - Setting next_dagrun for example_branch_operator to 2026-07-28 00:00:00+00:00, run_after=2026-07-29 00:00:00+00:00
[2026-07-29T19:20:22.950+0000] {processor.py:208} INFO - Processing /home/airflow/.local/lib/python3.12/site-packages/airflow/example_dags/example_branch_operator.py took 0.060 seconds
[2026-07-29T19:20:53.078+0000] {processor.py:186} INFO - Started process (PID=27283) to work on /home/airflow/.local/lib/python3.12/site-packages/airflow/example_dags/example_branch_operator.py
[2026-07-29T19:20:53.079+0000] {processor.py:914} INFO - Processing file /home/airflow/.local/lib/python3.12/site-packages/airflow/example_dags/example_branch_operator.py for tasks to queue
[2026-07-29T19:20:53.080+0000] {logging_mixin.py:190} INFO - [2026-07-29T19:20:53.080+0000] {dagbag.py:587} INFO - Filling up the DagBag from /home/airflow/.local/lib/python3.12/site-packages/airflow/example_dags/example_branch_operator.py
[2026-07-29T19:20:53.094+0000] {processor.py:925} INFO - DAG(s) 'example_branch_operator' retrieved from /home/airflow/.local/lib/python3.12/site-packages/airflow/example_dags/example_branch_operator.py
[2026-07-29T19:20:53.107+0000] {logging_mixin.py:190} INFO - [2026-07-29T19:20:53.107+0000] {dag.py:3211} INFO - Sync 1 DAGs
[2026-07-29T19:20:53.121+0000] {logging_mixin.py:190} INFO - [2026-07-29T19:20:53.121+0000] {dag.py:4138} INFO - Setting next_dagrun for example_branch_operator to 2026-07-28 00:00:00+00:00, run_after=2026-07-29 00:00:00+00:00
[2026-07-29T19:20:53.131+0000] {processor.py:208} INFO - Processing /home/airflow/.local/lib/python3.12/site-packages/airflow/example_dags/example_branch_operator.py took 0.056 seconds
[2026-07-29T19:21:23.215+0000] {processor.py:186} INFO - Started process (PID=27349) to work on /home/airflow/.local/lib/python3.12/site-packages/airflow/example_dags/example_branch_operator.py
[2026-07-29T19:21:23.215+0000] {processor.py:914} INFO - Processing file /home/airflow/.local/lib/python3.12/site-packages/airflow/example_dags/example_branch_operator.py for tasks to queue
[2026-07-29T19:21:23.217+0000] {logging_mixin.py:190} INFO - [2026-07-29T19:21:23.216+0000] {dagbag.py:587} INFO - Filling up the DagBag from /home/airflow/.local/lib/python3.12/site-packages/airflow/example_dags/example_branch_operator.py
[2026-07-29T19:21:23.226+0000] {processor.py:925} INFO - DAG(s) 'example_branch_operator' retrieved from /home/airflow/.local/lib/python3.12/site-packages/airflow/example_dags/example_branch_operator.py
[2026-07-29T19:21:23.249+0000] {logging_mixin.py:190} INFO - [2026-07-29T19:21:23.249+0000] {dag.py:3211} INFO - Sync 1 DAGs
[2026-07-29T19:21:23.263+0000] {logging_mixin.py:190} INFO - [2026-07-29T19:21:23.263+0000] {dag.py:4138} INFO - Setting next_dagrun for example_branch_operator to 2026-07-28 00:00:00+00:00, run_after=2026-07-29 00:00:00+00:00
[2026-07-29T19:21:23.271+0000] {processor.py:208} INFO - Processing /home/airflow/.local/lib/python3.12/site-packages/airflow/example_dags/example_branch_operator.py took 0.060 seconds
[2026-07-29T19:21:53.323+0000] {processor.py:186} INFO - Started process (PID=27415) to work on /home/airflow/.local/lib/python3.12/site-packages/airflow/example_dags/example_branch_operator.py
[2026-07-29T19:21:53.323+0000] {processor.py:914} INFO - Processing file /home/airflow/.local/lib/python3.12/site-packages/airflow/example_dags/example_branch_operator.py for tasks to queue
[2026-07-29T19:21:53.325+0000] {logging_mixin.py:190} INFO - [2026-07-29T19:21:53.324+0000] {dagbag.py:587} INFO - Filling up the DagBag from /home/airflow/.local/lib/python3.12/site-packages/airflow/example_dags/example_branch_operator.py
[2026-07-29T19:21:53.334+0000] {processor.py:925} INFO - DAG(s) 'example_branch_operator' retrieved from /home/airflow/.local/lib/python3.12/site-packages/airflow/example_dags/example_branch_operator.py
[2026-07-29T19:21:53.348+0000] {logging_mixin.py:190} INFO - [2026-07-29T19:21:53.348+0000] {dag.py:3211} INFO - Sync 1 DAGs
[2026-07-29T19:21:53.359+0000] {logging_mixin.py:190} INFO - [2026-07-29T19:21:53.359+0000] {dag.py:4138} INFO - Setting next_dagrun for example_branch_operator to 2026-07-28 00:00:00+00:00, run_after=2026-07-29 00:00:00+00:00
[2026-07-29T19:21:53.368+0000] {processor.py:208} INFO - Processing /home/airflow/.local/lib/python3.12/site-packages/airflow/example_dags/example_branch_operator.py took 0.049 seconds
[2026-07-29T19:22:23.442+0000] {processor.py:186} INFO - Started process (PID=27481) to work on /home/airflow/.local/lib/python3.12/site-packages/airflow/example_dags/example_branch_operator.py
[2026-07-29T19:22:23.443+0000] {processor.py:914} INFO - Processing file /home/airflow/.local/lib/python3.12/site-packages/airflow/example_dags/example_branch_operator.py for tasks to queue
[2026-07-29T19:22:23.446+0000] {logging_mixin.py:190} INFO - [2026-07-29T19:22:23.446+0000] {dagbag.py:587} INFO - Filling up the DagBag from /home/airflow/.local/lib/python3.12/site-packages/airflow/example_dags/example_branch_operator.py
[2026-07-29T19:22:23.461+0000] {processor.py:925} INFO - DAG(s) 'example_branch_operator' retrieved from /home/airflow/.local/lib/python3.12/site-packages/airflow/example_dags/example_branch_operator.py
[2026-07-29T19:22:23.481+0000] {logging_mixin.py:190} INFO - [2026-07-29T19:22:23.481+0000] {dag.py:3211} INFO - Sync 1 DAGs
[2026-07-29T19:22:23.494+0000] {logging_mixin.py:190} INFO - [2026-07-29T19:22:23.494+0000] {dag.py:4138} INFO - Setting next_dagrun for example_branch_operator to 2026-07-28 00:00:00+00:00, run_after=2026-07-29 00:00:00+00:00
[2026-07-29T19:22:23.501+0000] {processor.py:208} INFO - Processing /home/airflow/.local/lib/python3.12/site-packages/airflow/example_dags/example_branch_operator.py took 0.066 seconds
[2026-07-29T19:22:53.555+0000] {processor.py:186} INFO - Started process (PID=27547) to work on /home/airflow/.local/lib/python3.12/site-packages/airflow/example_dags/example_branch_operator.py
[2026-07-29T19:22:53.556+0000] {processor.py:914} INFO - Processing file /home/airflow/.local/lib/python3.12/site-packages/airflow/example_dags/example_branch_operator.py for tasks to queue
[2026-07-29T19:22:53.559+0000] {logging_mixin.py:190} INFO - [2026-07-29T19:22:53.559+0000] {dagbag.py:587} INFO - Filling up the DagBag from /home/airflow/.local/lib/python3.12/site-packages/airflow/example_dags/example_branch_operator.py
[2026-07-29T19:22:53.577+0000] {processor.py:925} INFO - DAG(s) 'example_branch_operator' retrieved from /home/airflow/.local/lib/python3.12/site-packages/airflow/example_dags/example_branch_operator.py
[2026-07-29T19:22:53.598+0000] {logging_mixin.py:190} INFO - [2026-07-29T19:22:53.597+0000] {dag.py:3211} INFO - Sync 1 DAGs
[2026-07-29T19:22:53.612+0000] {logging_mixin.py:190} INFO - [2026-07-29T19:22:53.612+0000] {dag.py:4138} INFO - Setting next_dagrun for example_branch_operator to 2026-07-28 00:00:00+00:00, run_after=2026-07-29 00:00:00+00:00
[2026-07-29T19:22:53.619+0000] {processor.py:208} INFO - Processing /home/airflow/.local/lib/python3.12/site-packages/airflow/example_dags/example_branch_operator.py took 0.071 seconds
[2026-07-29T19:23:23.720+0000] {processor.py:186} INFO - Started process (PID=27613) to work on /home/airflow/.local/lib/python3.12/site-packages/airflow/example_dags/example_branch_operator.py
[2026-07-29T19:23:23.721+0000] {processor.py:914} INFO - Processing file /home/airflow/.local/lib/python3.12/site-packages/airflow/example_dags/example_branch_operator.py for tasks to queue
[2026-07-29T19:23:23.722+0000] {logging_mixin.py:190} INFO - [2026-07-29T19:23:23.722+0000] {dagbag.py:587} INFO - Filling up the DagBag from /home/airflow/.local/lib/python3.12/site-packages/airflow/example_dags/example_branch_operator.py
[2026-07-29T19:23:23.735+0000] {processor.py:925} INFO - DAG(s) 'example_branch_operator' retrieved from /home/airflow/.local/lib/python3.12/site-packages/airflow/example_dags/example_branch_operator.py
[2026-07-29T19:23:23.752+0000] {logging_mixin.py:190} INFO - [2026-07-29T19:23:23.752+0000] {dag.py:3211} INFO - Sync 1 DAGs
[2026-07-29T19:23:23.766+0000] {logging_mixin.py:190} INFO - [2026-07-29T19:23:23.766+0000] {dag.py:4138} INFO - Setting next_dagrun for example_branch_operator to 2026-07-28 00:00:00+00:00, run_after=2026-07-29 00:00:00+00:00
[2026-07-29T19:23:23.774+0000] {processor.py:208} INFO - Processing /home/airflow/.local/lib/python3.12/site-packages/airflow/example_dags/example_branch_operator.py took 0.060 seconds
[2026-07-29T19:23:53.907+0000] {processor.py:186} INFO - Started process (PID=27679) to work on /home/airflow/.local/lib/python3.12/site-packages/airflow/example_dags/example_branch_operator.py
[2026-07-29T19:23:53.908+0000] {processor.py:914} INFO - Processing file /home/airflow/.local/lib/python3.12/site-packages/airflow/example_dags/example_branch_operator.py for tasks to queue
[2026-07-29T19:23:53.909+0000] {logging_mixin.py:190} INFO - [2026-07-29T19:23:53.909+0000] {dagbag.py:587} INFO - Filling up the DagBag from /home/airflow/.local/lib/python3.12/site-packages/airflow/example_dags/example_branch_operator.py
[2026-07-29T19:23:53.917+0000] {processor.py:925} INFO - DAG(s) 'example_branch_operator' retrieved from /home/airflow/.local/lib/python3.12/site-packages/airflow/example_dags/example_branch_operator.py
[2026-07-29T19:23:53.932+0000] {logging_mixin.py:190} INFO - [2026-07-29T19:23:53.931+0000] {dag.py:3211} INFO - Sync 1 DAGs
[2026-07-29T19:23:53.945+0000] {logging_mixin.py:190} INFO - [2026-07-29T19:23:53.945+0000] {dag.py:4138} INFO - Setting next_dagrun for example_branch_operator to 2026-07-28 00:00:00+00:00, run_after=2026-07-29 00:00:00+00:00
[2026-07-29T19:23:53.952+0000] {processor.py:208} INFO - Processing /home/airflow/.local/lib/python3.12/site-packages/airflow/example_dags/example_branch_operator.py took 0.048 seconds
[2026-07-29T19:24:24.041+0000] {processor.py:186} INFO - Started process (PID=27745) to work on /home/airflow/.local/lib/python3.12/site-packages/airflow/example_dags/example_branch_operator.py
[2026-07-29T19:24:24.042+0000] {processor.py:914} INFO - Processing file /home/airflow/.local/lib/python3.12/site-packages/airflow/example_dags/example_branch_operator.py for tasks to queue
[2026-07-29T19:24:24.043+0000] {logging_mixin.py:190} INFO - [2026-07-29T19:24:24.043+0000] {dagbag.py:587} INFO - Filling up the DagBag from /home/airflow/.local/lib/python3.12/site-packages/airflow/example_dags/example_branch_operator.py
[2026-07-29T19:24:24.054+0000] {processor.py:925} INFO - DAG(s) 'example_branch_operator' retrieved from /home/airflow/.local/lib/python3.12/site-packages/airflow/example_dags/example_branch_operator.py
[2026-07-29T19:24:24.074+0000] {logging_mixin.py:190} INFO - [2026-07-29T19:24:24.074+0000] {dag.py:3211} INFO - Sync 1 DAGs
[2026-07-29T19:24:24.084+0000] {logging_mixin.py:190} INFO - [2026-07-29T19:24:24.084+0000] {dag.py:4138} INFO - Setting next_dagrun for example_branch_operator to 2026-07-28 00:00:00+00:00, run_after=2026-07-29 00:00:00+00:00
[2026-07-29T19:24:24.089+0000] {processor.py:208} INFO - Processing /home/airflow/.local/lib/python3.12/site-packages/airflow/example_dags/example_branch_operator.py took 0.052 seconds
[2026-07-29T19:24:54.135+0000] {processor.py:186} INFO - Started process (PID=27811) to work on /home/airflow/.local/lib/python3.12/site-packages/airflow/example_dags/example_branch_operator.py
[2026-07-29T19:24:54.135+0000] {processor.py:914} INFO - Processing file /home/airflow/.local/lib/python3.12/site-packages/airflow/example_dags/example_branch_operator.py for tasks to queue
[2026-07-29T19:24:54.137+0000] {logging_mixin.py:190} INFO - [2026-07-29T19:24:54.136+0000] {dagbag.py:587} INFO - Filling up the DagBag from /home/airflow/.local/lib/python3.12/site-packages/airflow/example_dags/example_branch_operator.py
[2026-07-29T19:24:54.149+0000] {processor.py:925} INFO - DAG(s) 'example_branch_operator' retrieved from /home/airflow/.local/lib/python3.12/site-packages/airflow/example_dags/example_branch_operator.py
[2026-07-29T19:24:54.164+0000] {logging_mixin.py:190} INFO - [2026-07-29T19:24:54.164+0000] {dag.py:3211} INFO - Sync 1 DAGs
[2026-07-29T19:24:54.179+0000] {logging_mixin.py:190} INFO - [2026-07-29T19:24:54.179+0000] {dag.py:4138} INFO - Setting next_dagrun for example_branch_operator to 2026-07-28 00:00:00+00:00, run_after=2026-07-29 00:00:00+00:00
[2026-07-29T19:24:54.187+0000] {processor.py:208} INFO - Processing /home/airflow/.local/lib/python3.12/site-packages/airflow/example_dags/example_branch_operator.py took 0.057 seconds
[2026-07-29T19:25:24.337+0000] {processor.py:186} INFO - Started process (PID=27877) to work on /home/airflow/.local/lib/python3.12/site-packages/airflow/example_dags/example_branch_operator.py
[2026-07-29T19:25:24.338+0000] {processor.py:914} INFO - Processing file /home/airflow/.local/lib/python3.12/site-packages/airflow/example_dags/example_branch_operator.py for tasks to queue
[2026-07-29T19:25:24.339+0000] {logging_mixin.py:190} INFO - [2026-07-29T19:25:24.339+0000] {dagbag.py:587} INFO - Filling up the DagBag from /home/airflow/.local/lib/python3.12/site-packages/airflow/example_dags/example_branch_operator.py
[2026-07-29T19:25:24.352+0000] {processor.py:925} INFO - DAG(s) 'example_branch_operator' retrieved from /home/airflow/.local/lib/python3.12/site-packages/airflow/example_dags/example_branch_operator.py
[2026-07-29T19:25:24.368+0000] {logging_mixin.py:190} INFO - [2026-07-29T19:25:24.368+0000] {dag.py:3211} INFO - Sync 1 DAGs
[2026-07-29T19:25:24.380+0000] {logging_mixin.py:190} INFO - [2026-07-29T19:25:24.380+0000] {dag.py:4138} INFO - Setting next_dagrun for example_branch_operator to 2026-07-28 00:00:00+00:00, run_after=2026-07-29 00:00:00+00:00
[2026-07-29T19:25:24.389+0000] {processor.py:208} INFO - Processing /home/airflow/.local/lib/python3.12/site-packages/airflow/example_dags/example_branch_operator.py took 0.055 seconds
[2026-07-29T19:25:54.465+0000] {processor.py:186} INFO - Started process (PID=27943) to work on /home/airflow/.local/lib/python3.12/site-packages/airflow/example_dags/example_branch_operator.py
[2026-07-29T19:25:54.465+0000] {processor.py:914} INFO - Processing file /home/airflow/.local/lib/python3.12/site-packages/airflow/example_dags/example_branch_operator.py for tasks to queue
[2026-07-29T19:25:54.467+0000] {logging_mixin.py:190} INFO - [2026-07-29T19:25:54.466+0000] {dagbag.py:587} INFO - Filling up the DagBag from /home/airflow/.local/lib/python3.12/site-packages/airflow/example_dags/example_branch_operator.py
[2026-07-29T19:25:54.479+0000] {processor.py:925} INFO - DAG(s) 'example_branch_operator' retrieved from /home/airflow/.local/lib/python3.12/site-packages/airflow/example_dags/example_branch_operator.py
[2026-07-29T19:25:54.494+0000] {logging_mixin.py:190} INFO - [2026-07-29T19:25:54.494+0000] {dag.py:3211} INFO - Sync 1 DAGs
[2026-07-29T19:25:54.506+0000] {logging_mixin.py:190} INFO - [2026-07-29T19:25:54.506+0000] {dag.py:4138} INFO - Setting next_dagrun for example_branch_operator to 2026-07-28 00:00:00+00:00, run_after=2026-07-29 00:00:00+00:00
[2026-07-29T19:25:54.513+0000] {processor.py:208} INFO - Processing /home/airflow/.local/lib/python3.12/site-packages/airflow/example_dags/example_branch_operator.py took 0.052 seconds
[2026-07-29T19:26:25.474+0000] {processor.py:186} INFO - Started process (PID=28009) to work on /home/airflow/.local/lib/python3.12/site-packages/airflow/example_dags/example_branch_operator.py
[2026-07-29T19:26:25.475+0000] {processor.py:914} INFO - Processing file /home/airflow/.local/lib/python3.12/site-packages/airflow/example_dags/example_branch_operator.py for tasks to queue
[2026-07-29T19:26:25.477+0000] {logging_mixin.py:190} INFO - [2026-07-29T19:26:25.477+0000] {dagbag.py:587} INFO - Filling up the DagBag from /home/airflow/.local/lib/python3.12/site-packages/airflow/example_dags/example_branch_operator.py
[2026-07-29T19:26:25.495+0000] {processor.py:925} INFO - DAG(s) 'example_branch_operator' retrieved from /home/airflow/.local/lib/python3.12/site-packages/airflow/example_dags/example_branch_operator.py
[2026-07-29T19:26:25.521+0000] {logging_mixin.py:190} INFO - [2026-07-29T19:26:25.521+0000] {dag.py:3211} INFO - Sync 1 DAGs
[2026-07-29T19:26:25.537+0000] {logging_mixin.py:190} INFO - [2026-07-29T19:26:25.536+0000] {dag.py:4138} INFO - Setting next_dagrun for example_branch_operator to 2026-07-28 00:00:00+00:00, run_after=2026-07-29 00:00:00+00:00
[2026-07-29T19:26:25.549+0000] {processor.py:208} INFO - Processing /home/airflow/.local/lib/python3.12/site-packages/airflow/example_dags/example_branch_operator.py took 0.082 seconds
[2026-07-29T19:26:55.643+0000] {processor.py:186} INFO - Started process (PID=28075) to work on /home/airflow/.local/lib/python3.12/site-packages/airflow/example_dags/example_branch_operator.py
[2026-07-29T19:26:55.644+0000] {processor.py:914} INFO - Processing file /home/airflow/.local/lib/python3.12/site-packages/airflow/example_dags/example_branch_operator.py for tasks to queue
[2026-07-29T19:26:55.645+0000] {logging_mixin.py:190} INFO - [2026-07-29T19:26:55.645+0000] {dagbag.py:587} INFO - Filling up the DagBag from /home/airflow/.local/lib/python3.12/site-packages/airflow/example_dags/example_branch_operator.py
[2026-07-29T19:26:55.658+0000] {processor.py:925} INFO - DAG(s) 'example_branch_operator' retrieved from /home/airflow/.local/lib/python3.12/site-packages/airflow/example_dags/example_branch_operator.py
[2026-07-29T19:26:55.674+0000] {logging_mixin.py:190} INFO - [2026-07-29T19:26:55.674+0000] {dag.py:3211} INFO - Sync 1 DAGs
[2026-07-29T19:26:55.686+0000] {logging_mixin.py:190} INFO - [2026-07-29T19:26:55.686+0000] {dag.py:4138} INFO - Setting next_dagrun for example_branch_operator to 2026-07-28 00:00:00+00:00, run_after=2026-07-29 00:00:00+00:00
[2026-07-29T19:26:55.694+0000] {processor.py:208} INFO - Processing /home/airflow/.local/lib/python3.12/site-packages/airflow/example_dags/example_branch_operator.py took 0.057 seconds
[2026-07-29T19:27:25.757+0000] {processor.py:186} INFO - Started process (PID=28141) to work on /home/airflow/.local/lib/python3.12/site-packages/airflow/example_dags/example_branch_operator.py
[2026-07-29T19:27:25.758+0000] {processor.py:914} INFO - Processing file /home/airflow/.local/lib/python3.12/site-packages/airflow/example_dags/example_branch_operator.py for tasks to queue
[2026-07-29T19:27:25.760+0000] {logging_mixin.py:190} INFO - [2026-07-29T19:27:25.760+0000] {dagbag.py:587} INFO - Filling up the DagBag from /home/airflow/.local/lib/python3.12/site-packages/airflow/example_dags/example_branch_operator.py
[2026-07-29T19:27:25.773+0000] {processor.py:925} INFO - DAG(s) 'example_branch_operator' retrieved from /home/airflow/.local/lib/python3.12/site-packages/airflow/example_dags/example_branch_operator.py
[2026-07-29T19:27:25.791+0000] {logging_mixin.py:190} INFO - [2026-07-29T19:27:25.791+0000] {dag.py:3211} INFO - Sync 1 DAGs
[2026-07-29T19:27:25.804+0000] {logging_mixin.py:190} INFO - [2026-07-29T19:27:25.803+0000] {dag.py:4138} INFO - Setting next_dagrun for example_branch_operator to 2026-07-28 00:00:00+00:00, run_after=2026-07-29 00:00:00+00:00
[2026-07-29T19:27:25.813+0000] {processor.py:208} INFO - Processing /home/airflow/.local/lib/python3.12/site-packages/airflow/example_dags/example_branch_operator.py took 0.062 seconds
[2026-07-29T19:27:55.994+0000] {processor.py:186} INFO - Started process (PID=28207) to work on /home/airflow/.local/lib/python3.12/site-packages/airflow/example_dags/example_branch_operator.py
[2026-07-29T19:27:55.995+0000] {processor.py:914} INFO - Processing file /home/airflow/.local/lib/python3.12/site-packages/airflow/example_dags/example_branch_operator.py for tasks to queue
[2026-07-29T19:27:55.997+0000] {logging_mixin.py:190} INFO - [2026-07-29T19:27:55.996+0000] {dagbag.py:587} INFO - Filling up the DagBag from /home/airflow/.local/lib/python3.12/site-packages/airflow/example_dags/example_branch_operator.py
[2026-07-29T19:27:56.009+0000] {processor.py:925} INFO - DAG(s) 'example_branch_operator' retrieved from /home/airflow/.local/lib/python3.12/site-packages/airflow/example_dags/example_branch_operator.py
[2026-07-29T19:27:56.029+0000] {logging_mixin.py:190} INFO - [2026-07-29T19:27:56.029+0000] {dag.py:3211} INFO - Sync 1 DAGs
[2026-07-29T19:27:56.038+0000] {logging_mixin.py:190} INFO - [2026-07-29T19:27:56.038+0000] {dag.py:4138} INFO - Setting next_dagrun for example_branch_operator to 2026-07-28 00:00:00+00:00, run_after=2026-07-29 00:00:00+00:00
[2026-07-29T19:27:56.047+0000] {processor.py:208} INFO - Processing /home/airflow/.local/lib/python3.12/site-packages/airflow/example_dags/example_branch_operator.py took 0.057 seconds
[2026-07-29T19:28:26.148+0000] {processor.py:186} INFO - Started process (PID=28273) to work on /home/airflow/.local/lib/python3.12/site-packages/airflow/example_dags/example_branch_operator.py
[2026-07-29T19:28:26.149+0000] {processor.py:914} INFO - Processing file /home/airflow/.local/lib/python3.12/site-packages/airflow/example_dags/example_branch_operator.py for tasks to queue
[2026-07-29T19:28:26.150+0000] {logging_mixin.py:190} INFO - [2026-07-29T19:28:26.150+0000] {dagbag.py:587} INFO - Filling up the DagBag from /home/airflow/.local/lib/python3.12/site-packages/airflow/example_dags/example_branch_operator.py
[2026-07-29T19:28:26.161+0000] {processor.py:925} INFO - DAG(s) 'example_branch_operator' retrieved from /home/airflow/.local/lib/python3.12/site-packages/airflow/example_dags/example_branch_operator.py
[2026-07-29T19:28:26.177+0000] {logging_mixin.py:190} INFO - [2026-07-29T19:28:26.176+0000] {dag.py:3211} INFO - Sync 1 DAGs
[2026-07-29T19:28:26.188+0000] {logging_mixin.py:190} INFO - [2026-07-29T19:28:26.188+0000] {dag.py:4138} INFO - Setting next_dagrun for example_branch_operator to 2026-07-28 00:00:00+00:00, run_after=2026-07-29 00:00:00+00:00
[2026-07-29T19:28:26.198+0000] {processor.py:208} INFO - Processing /home/airflow/.local/lib/python3.12/site-packages/airflow/example_dags/example_branch_operator.py took 0.054 seconds
[2026-07-29T19:28:56.244+0000] {processor.py:186} INFO - Started process (PID=28339) to work on /home/airflow/.local/lib/python3.12/site-packages/airflow/example_dags/example_branch_operator.py
[2026-07-29T19:28:56.244+0000] {processor.py:914} INFO - Processing file /home/airflow/.local/lib/python3.12/site-packages/airflow/example_dags/example_branch_operator.py for tasks to queue
[2026-07-29T19:28:56.246+0000] {logging_mixin.py:190} INFO - [2026-07-29T19:28:56.246+0000] {dagbag.py:587} INFO - Filling up the DagBag from /home/airflow/.local/lib/python3.12/site-packages/airflow/example_dags/example_branch_operator.py
[2026-07-29T19:28:56.258+0000] {processor.py:925} INFO - DAG(s) 'example_branch_operator' retrieved from /home/airflow/.local/lib/python3.12/site-packages/airflow/example_dags/example_branch_operator.py
[2026-07-29T19:28:56.272+0000] {logging_mixin.py:190} INFO - [2026-07-29T19:28:56.272+0000] {dag.py:3211} INFO - Sync 1 DAGs
[2026-07-29T19:28:56.284+0000] {logging_mixin.py:190} INFO - [2026-07-29T19:28:56.284+0000] {dag.py:4138} INFO - Setting next_dagrun for example_branch_operator to 2026-07-28 00:00:00+00:00, run_after=2026-07-29 00:00:00+00:00
[2026-07-29T19:28:56.294+0000] {processor.py:208} INFO - Processing /home/airflow/.local/lib/python3.12/site-packages/airflow/example_dags/example_branch_operator.py took 0.054 seconds
[2026-07-29T19:29:26.560+0000] {processor.py:186} INFO - Started process (PID=28405) to work on /home/airflow/.local/lib/python3.12/site-packages/airflow/example_dags/example_branch_operator.py
[2026-07-29T19:29:26.561+0000] {processor.py:914} INFO - Processing file /home/airflow/.local/lib/python3.12/site-packages/airflow/example_dags/example_branch_operator.py for tasks to queue
[2026-07-29T19:29:26.563+0000] {logging_mixin.py:190} INFO - [2026-07-29T19:29:26.563+0000] {dagbag.py:587} INFO - Filling up the DagBag from /home/airflow/.local/lib/python3.12/site-packages/airflow/example_dags/example_branch_operator.py
[2026-07-29T19:29:26.582+0000] {processor.py:925} INFO - DAG(s) 'example_branch_operator' retrieved from /home/airflow/.local/lib/python3.12/site-packages/airflow/example_dags/example_branch_operator.py
[2026-07-29T19:29:26.596+0000] {logging_mixin.py:190} INFO - [2026-07-29T19:29:26.596+0000] {dag.py:3211} INFO - Sync 1 DAGs
[2026-07-29T19:29:26.611+0000] {logging_mixin.py:190} INFO - [2026-07-29T19:29:26.611+0000] {dag.py:4138} INFO - Setting next_dagrun for example_branch_operator to 2026-07-28 00:00:00+00:00, run_after=2026-07-29 00:00:00+00:00
[2026-07-29T19:29:26.619+0000] {processor.py:208} INFO - Processing /home/airflow/.local/lib/python3.12/site-packages/airflow/example_dags/example_branch_operator.py took 0.065 seconds
[2026-07-29T19:29:56.690+0000] {processor.py:186} INFO - Started process (PID=28471) to work on /home/airflow/.local/lib/python3.12/site-packages/airflow/example_dags/example_branch_operator.py
[2026-07-29T19:29:56.692+0000] {processor.py:914} INFO - Processing file /home/airflow/.local/lib/python3.12/site-packages/airflow/example_dags/example_branch_operator.py for tasks to queue
[2026-07-29T19:29:56.696+0000] {logging_mixin.py:190} INFO - [2026-07-29T19:29:56.695+0000] {dagbag.py:587} INFO - Filling up the DagBag from /home/airflow/.local/lib/python3.12/site-packages/airflow/example_dags/example_branch_operator.py
[2026-07-29T19:29:56.707+0000] {processor.py:925} INFO - DAG(s) 'example_branch_operator' retrieved from /home/airflow/.local/lib/python3.12/site-packages/airflow/example_dags/example_branch_operator.py
[2026-07-29T19:29:56.725+0000] {logging_mixin.py:190} INFO - [2026-07-29T19:29:56.725+0000] {dag.py:3211} INFO - Sync 1 DAGs
[2026-07-29T19:29:56.738+0000] {logging_mixin.py:190} INFO - [2026-07-29T19:29:56.738+0000] {dag.py:4138} INFO - Setting next_dagrun for example_branch_operator to 2026-07-28 00:00:00+00:00, run_after=2026-07-29 00:00:00+00:00
[2026-07-29T19:29:56.748+0000] {processor.py:208} INFO - Processing /home/airflow/.local/lib/python3.12/site-packages/airflow/example_dags/example_branch_operator.py took 0.066 seconds
[2026-07-29T19:30:26.768+0000] {processor.py:186} INFO - Started process (PID=28538) to work on /home/airflow/.local/lib/python3.12/site-packages/airflow/example_dags/example_branch_operator.py
[2026-07-29T19:30:26.769+0000] {processor.py:914} INFO - Processing file /home/airflow/.local/lib/python3.12/site-packages/airflow/example_dags/example_branch_operator.py for tasks to queue
[2026-07-29T19:30:26.772+0000] {logging_mixin.py:190} INFO - [2026-07-29T19:30:26.771+0000] {dagbag.py:587} INFO - Filling up the DagBag from /home/airflow/.local/lib/python3.12/site-packages/airflow/example_dags/example_branch_operator.py
[2026-07-29T19:30:26.784+0000] {processor.py:925} INFO - DAG(s) 'example_branch_operator' retrieved from /home/airflow/.local/lib/python3.12/site-packages/airflow/example_dags/example_branch_operator.py
[2026-07-29T19:30:26.802+0000] {logging_mixin.py:190} INFO - [2026-07-29T19:30:26.801+0000] {dag.py:3211} INFO - Sync 1 DAGs
[2026-07-29T19:30:26.815+0000] {logging_mixin.py:190} INFO - [2026-07-29T19:30:26.815+0000] {dag.py:4138} INFO - Setting next_dagrun for example_branch_operator to 2026-07-28 00:00:00+00:00, run_after=2026-07-29 00:00:00+00:00
[2026-07-29T19:30:26.821+0000] {processor.py:208} INFO - Processing /home/airflow/.local/lib/python3.12/site-packages/airflow/example_dags/example_branch_operator.py took 0.057 seconds
[2026-07-29T19:30:56.991+0000] {processor.py:186} INFO - Started process (PID=28604) to work on /home/airflow/.local/lib/python3.12/site-packages/airflow/example_dags/example_branch_operator.py
[2026-07-29T19:30:56.991+0000] {processor.py:914} INFO - Processing file /home/airflow/.local/lib/python3.12/site-packages/airflow/example_dags/example_branch_operator.py for tasks to queue
[2026-07-29T19:30:56.993+0000] {logging_mixin.py:190} INFO - [2026-07-29T19:30:56.993+0000] {dagbag.py:587} INFO - Filling up the DagBag from /home/airflow/.local/lib/python3.12/site-packages/airflow/example_dags/example_branch_operator.py
[2026-07-29T19:30:57.011+0000] {processor.py:925} INFO - DAG(s) 'example_branch_operator' retrieved from /home/airflow/.local/lib/python3.12/site-packages/airflow/example_dags/example_branch_operator.py
[2026-07-29T19:30:57.030+0000] {logging_mixin.py:190} INFO - [2026-07-29T19:30:57.029+0000] {dag.py:3211} INFO - Sync 1 DAGs
[2026-07-29T19:30:57.044+0000] {logging_mixin.py:190} INFO - [2026-07-29T19:30:57.044+0000] {dag.py:4138} INFO - Setting next_dagrun for example_branch_operator to 2026-07-28 00:00:00+00:00, run_after=2026-07-29 00:00:00+00:00
[2026-07-29T19:30:57.056+0000] {processor.py:208} INFO - Processing /home/airflow/.local/lib/python3.12/site-packages/airflow/example_dags/example_branch_operator.py took 0.069 seconds
[2026-07-29T19:31:27.917+0000] {processor.py:186} INFO - Started process (PID=28670) to work on /home/airflow/.local/lib/python3.12/site-packages/airflow/example_dags/example_branch_operator.py
[2026-07-29T19:31:27.919+0000] {processor.py:914} INFO - Processing file /home/airflow/.local/lib/python3.12/site-packages/airflow/example_dags/example_branch_operator.py for tasks to queue
[2026-07-29T19:31:27.923+0000] {logging_mixin.py:190} INFO - [2026-07-29T19:31:27.923+0000] {dagbag.py:587} INFO - Filling up the DagBag from /home/airflow/.local/lib/python3.12/site-packages/airflow/example_dags/example_branch_operator.py
[2026-07-29T19:31:27.940+0000] {processor.py:925} INFO - DAG(s) 'example_branch_operator' retrieved from /home/airflow/.local/lib/python3.12/site-packages/airflow/example_dags/example_branch_operator.py
[2026-07-29T19:31:27.962+0000] {logging_mixin.py:190} INFO - [2026-07-29T19:31:27.962+0000] {dag.py:3211} INFO - Sync 1 DAGs
[2026-07-29T19:31:27.977+0000] {logging_mixin.py:190} INFO - [2026-07-29T19:31:27.977+0000] {dag.py:4138} INFO - Setting next_dagrun for example_branch_operator to 2026-07-28 00:00:00+00:00, run_after=2026-07-29 00:00:00+00:00
[2026-07-29T19:31:27.988+0000] {processor.py:208} INFO - Processing /home/airflow/.local/lib/python3.12/site-packages/airflow/example_dags/example_branch_operator.py took 0.080 seconds
[2026-07-29T19:31:58.875+0000] {processor.py:186} INFO - Started process (PID=28736) to work on /home/airflow/.local/lib/python3.12/site-packages/airflow/example_dags/example_branch_operator.py
[2026-07-29T19:31:58.877+0000] {processor.py:914} INFO - Processing file /home/airflow/.local/lib/python3.12/site-packages/airflow/example_dags/example_branch_operator.py for tasks to queue
[2026-07-29T19:31:58.879+0000] {logging_mixin.py:190} INFO - [2026-07-29T19:31:58.878+0000] {dagbag.py:587} INFO - Filling up the DagBag from /home/airflow/.local/lib/python3.12/site-packages/airflow/example_dags/example_branch_operator.py
[2026-07-29T19:31:58.891+0000] {processor.py:925} INFO - DAG(s) 'example_branch_operator' retrieved from /home/airflow/.local/lib/python3.12/site-packages/airflow/example_dags/example_branch_operator.py
[2026-07-29T19:31:58.907+0000] {logging_mixin.py:190} INFO - [2026-07-29T19:31:58.907+0000] {dag.py:3211} INFO - Sync 1 DAGs
[2026-07-29T19:31:58.920+0000] {logging_mixin.py:190} INFO - [2026-07-29T19:31:58.920+0000] {dag.py:4138} INFO - Setting next_dagrun for example_branch_operator to 2026-07-28 00:00:00+00:00, run_after=2026-07-29 00:00:00+00:00
[2026-07-29T19:31:58.929+0000] {processor.py:208} INFO - Processing /home/airflow/.local/lib/python3.12/site-packages/airflow/example_dags/example_branch_operator.py took 0.060 seconds
[2026-07-29T19:32:29.019+0000] {processor.py:186} INFO - Started process (PID=28802) to work on /home/airflow/.local/lib/python3.12/site-packages/airflow/example_dags/example_branch_operator.py
[2026-07-29T19:32:29.020+0000] {processor.py:914} INFO - Processing file /home/airflow/.local/lib/python3.12/site-packages/airflow/example_dags/example_branch_operator.py for tasks to queue
[2026-07-29T19:32:29.021+0000] {logging_mixin.py:190} INFO - [2026-07-29T19:32:29.021+0000] {dagbag.py:587} INFO - Filling up the DagBag from /home/airflow/.local/lib/python3.12/site-packages/airflow/example_dags/example_branch_operator.py
[2026-07-29T19:32:29.033+0000] {processor.py:925} INFO - DAG(s) 'example_branch_operator' retrieved from /home/airflow/.local/lib/python3.12/site-packages/airflow/example_dags/example_branch_operator.py
[2026-07-29T19:32:29.049+0000] {logging_mixin.py:190} INFO - [2026-07-29T19:32:29.049+0000] {dag.py:3211} INFO - Sync 1 DAGs
[2026-07-29T19:32:29.062+0000] {logging_mixin.py:190} INFO - [2026-07-29T19:32:29.062+0000] {dag.py:4138} INFO - Setting next_dagrun for example_branch_operator to 2026-07-28 00:00:00+00:00, run_after=2026-07-29 00:00:00+00:00
[2026-07-29T19:32:29.073+0000] {processor.py:208} INFO - Processing /home/airflow/.local/lib/python3.12/site-packages/airflow/example_dags/example_branch_operator.py took 0.057 seconds
[2026-07-29T19:32:59.125+0000] {processor.py:186} INFO - Started process (PID=28868) to work on /home/airflow/.local/lib/python3.12/site-packages/airflow/example_dags/example_branch_operator.py
[2026-07-29T19:32:59.126+0000] {processor.py:914} INFO - Processing file /home/airflow/.local/lib/python3.12/site-packages/airflow/example_dags/example_branch_operator.py for tasks to queue
[2026-07-29T19:32:59.128+0000] {logging_mixin.py:190} INFO - [2026-07-29T19:32:59.128+0000] {dagbag.py:587} INFO - Filling up the DagBag from /home/airflow/.local/lib/python3.12/site-packages/airflow/example_dags/example_branch_operator.py
[2026-07-29T19:32:59.144+0000] {processor.py:925} INFO - DAG(s) 'example_branch_operator' retrieved from /home/airflow/.local/lib/python3.12/site-packages/airflow/example_dags/example_branch_operator.py
[2026-07-29T19:32:59.159+0000] {logging_mixin.py:190} INFO - [2026-07-29T19:32:59.159+0000] {dag.py:3211} INFO - Sync 1 DAGs
[2026-07-29T19:32:59.171+0000] {logging_mixin.py:190} INFO - [2026-07-29T19:32:59.171+0000] {dag.py:4138} INFO - Setting next_dagrun for example_branch_operator to 2026-07-28 00:00:00+00:00, run_after=2026-07-29 00:00:00+00:00
[2026-07-29T19:32:59.181+0000] {processor.py:208} INFO - Processing /home/airflow/.local/lib/python3.12/site-packages/airflow/example_dags/example_branch_operator.py took 0.062 seconds
[2026-07-29T19:33:29.286+0000] {processor.py:186} INFO - Started process (PID=28934) to work on /home/airflow/.local/lib/python3.12/site-packages/airflow/example_dags/example_branch_operator.py
[2026-07-29T19:33:29.287+0000] {processor.py:914} INFO - Processing file /home/airflow/.local/lib/python3.12/site-packages/airflow/example_dags/example_branch_operator.py for tasks to queue
[2026-07-29T19:33:29.289+0000] {logging_mixin.py:190} INFO - [2026-07-29T19:33:29.289+0000] {dagbag.py:587} INFO - Filling up the DagBag from /home/airflow/.local/lib/python3.12/site-packages/airflow/example_dags/example_branch_operator.py
[2026-07-29T19:33:29.300+0000] {processor.py:925} INFO - DAG(s) 'example_branch_operator' retrieved from /home/airflow/.local/lib/python3.12/site-packages/airflow/example_dags/example_branch_operator.py
[2026-07-29T19:33:29.321+0000] {logging_mixin.py:190} INFO - [2026-07-29T19:33:29.321+0000] {dag.py:3211} INFO - Sync 1 DAGs
[2026-07-29T19:33:29.334+0000] {logging_mixin.py:190} INFO - [2026-07-29T19:33:29.334+0000] {dag.py:4138} INFO - Setting next_dagrun for example_branch_operator to 2026-07-28 00:00:00+00:00, run_after=2026-07-29 00:00:00+00:00
[2026-07-29T19:33:29.343+0000] {processor.py:208} INFO - Processing /home/airflow/.local/lib/python3.12/site-packages/airflow/example_dags/example_branch_operator.py took 0.062 seconds
[2026-07-29T19:33:59.390+0000] {processor.py:186} INFO - Started process (PID=29001) to work on /home/airflow/.local/lib/python3.12/site-packages/airflow/example_dags/example_branch_operator.py
[2026-07-29T19:33:59.392+0000] {processor.py:914} INFO - Processing file /home/airflow/.local/lib/python3.12/site-packages/airflow/example_dags/example_branch_operator.py for tasks to queue
[2026-07-29T19:33:59.393+0000] {logging_mixin.py:190} INFO - [2026-07-29T19:33:59.393+0000] {dagbag.py:587} INFO - Filling up the DagBag from /home/airflow/.local/lib/python3.12/site-packages/airflow/example_dags/example_branch_operator.py
[2026-07-29T19:33:59.406+0000] {processor.py:925} INFO - DAG(s) 'example_branch_operator' retrieved from /home/airflow/.local/lib/python3.12/site-packages/airflow/example_dags/example_branch_operator.py
[2026-07-29T19:33:59.420+0000] {logging_mixin.py:190} INFO - [2026-07-29T19:33:59.420+0000] {dag.py:3211} INFO - Sync 1 DAGs
[2026-07-29T19:33:59.428+0000] {logging_mixin.py:190} INFO - [2026-07-29T19:33:59.428+0000] {dag.py:4138} INFO - Setting next_dagrun for example_branch_operator to 2026-07-28 00:00:00+00:00, run_after=2026-07-29 00:00:00+00:00
[2026-07-29T19:33:59.434+0000] {processor.py:208} INFO - Processing /home/airflow/.local/lib/python3.12/site-packages/airflow/example_dags/example_branch_operator.py took 0.047 seconds
[2026-07-29T19:34:30.075+0000] {processor.py:186} INFO - Started process (PID=29066) to work on /home/airflow/.local/lib/python3.12/site-packages/airflow/example_dags/example_branch_operator.py
[2026-07-29T19:34:30.076+0000] {processor.py:914} INFO - Processing file /home/airflow/.local/lib/python3.12/site-packages/airflow/example_dags/example_branch_operator.py for tasks to queue
[2026-07-29T19:34:30.077+0000] {logging_mixin.py:190} INFO - [2026-07-29T19:34:30.077+0000] {dagbag.py:587} INFO - Filling up the DagBag from /home/airflow/.local/lib/python3.12/site-packages/airflow/example_dags/example_branch_operator.py
[2026-07-29T19:34:30.094+0000] {processor.py:925} INFO - DAG(s) 'example_branch_operator' retrieved from /home/airflow/.local/lib/python3.12/site-packages/airflow/example_dags/example_branch_operator.py
[2026-07-29T19:34:30.110+0000] {logging_mixin.py:190} INFO - [2026-07-29T19:34:30.110+0000] {dag.py:3211} INFO - Sync 1 DAGs
[2026-07-29T19:34:30.123+0000] {logging_mixin.py:190} INFO - [2026-07-29T19:34:30.123+0000] {dag.py:4138} INFO - Setting next_dagrun for example_branch_operator to 2026-07-28 00:00:00+00:00, run_after=2026-07-29 00:00:00+00:00
[2026-07-29T19:34:30.132+0000] {processor.py:208} INFO - Processing /home/airflow/.local/lib/python3.12/site-packages/airflow/example_dags/example_branch_operator.py took 0.062 seconds
[2026-07-29T19:35:00.210+0000] {processor.py:186} INFO - Started process (PID=29132) to work on /home/airflow/.local/lib/python3.12/site-packages/airflow/example_dags/example_branch_operator.py
[2026-07-29T19:35:00.211+0000] {processor.py:914} INFO - Processing file /home/airflow/.local/lib/python3.12/site-packages/airflow/example_dags/example_branch_operator.py for tasks to queue
[2026-07-29T19:35:00.212+0000] {logging_mixin.py:190} INFO - [2026-07-29T19:35:00.212+0000] {dagbag.py:587} INFO - Filling up the DagBag from /home/airflow/.local/lib/python3.12/site-packages/airflow/example_dags/example_branch_operator.py
[2026-07-29T19:35:00.228+0000] {processor.py:925} INFO - DAG(s) 'example_branch_operator' retrieved from /home/airflow/.local/lib/python3.12/site-packages/airflow/example_dags/example_branch_operator.py
[2026-07-29T19:35:00.250+0000] {logging_mixin.py:190} INFO - [2026-07-29T19:35:00.250+0000] {dag.py:3211} INFO - Sync 1 DAGs
[2026-07-29T19:35:00.263+0000] {logging_mixin.py:190} INFO - [2026-07-29T19:35:00.263+0000] {dag.py:4138} INFO - Setting next_dagrun for example_branch_operator to 2026-07-28 00:00:00+00:00, run_after=2026-07-29 00:00:00+00:00
[2026-07-29T19:35:00.269+0000] {processor.py:208} INFO - Processing /home/airflow/.local/lib/python3.12/site-packages/airflow/example_dags/example_branch_operator.py took 0.066 seconds
[2026-07-29T19:35:30.312+0000] {processor.py:186} INFO - Started process (PID=29198) to work on /home/airflow/.local/lib/python3.12/site-packages/airflow/example_dags/example_branch_operator.py
[2026-07-29T19:35:30.313+0000] {processor.py:914} INFO - Processing file /home/airflow/.local/lib/python3.12/site-packages/airflow/example_dags/example_branch_operator.py for tasks to queue
[2026-07-29T19:35:30.316+0000] {logging_mixin.py:190} INFO - [2026-07-29T19:35:30.316+0000] {dagbag.py:587} INFO - Filling up the DagBag from /home/airflow/.local/lib/python3.12/site-packages/airflow/example_dags/example_branch_operator.py
[2026-07-29T19:35:30.329+0000] {processor.py:925} INFO - DAG(s) 'example_branch_operator' retrieved from /home/airflow/.local/lib/python3.12/site-packages/airflow/example_dags/example_branch_operator.py
[2026-07-29T19:35:30.349+0000] {logging_mixin.py:190} INFO - [2026-07-29T19:35:30.349+0000] {dag.py:3211} INFO - Sync 1 DAGs
[2026-07-29T19:35:30.365+0000] {logging_mixin.py:190} INFO - [2026-07-29T19:35:30.365+0000] {dag.py:4138} INFO - Setting next_dagrun for example_branch_operator to 2026-07-28 00:00:00+00:00, run_after=2026-07-29 00:00:00+00:00
[2026-07-29T19:35:30.371+0000] {processor.py:208} INFO - Processing /home/airflow/.local/lib/python3.12/site-packages/airflow/example_dags/example_branch_operator.py took 0.063 seconds
[2026-07-29T19:36:00.432+0000] {processor.py:186} INFO - Started process (PID=29265) to work on /home/airflow/.local/lib/python3.12/site-packages/airflow/example_dags/example_branch_operator.py
[2026-07-29T19:36:00.435+0000] {processor.py:914} INFO - Processing file /home/airflow/.local/lib/python3.12/site-packages/airflow/example_dags/example_branch_operator.py for tasks to queue
[2026-07-29T19:36:00.436+0000] {logging_mixin.py:190} INFO - [2026-07-29T19:36:00.436+0000] {dagbag.py:587} INFO - Filling up the DagBag from /home/airflow/.local/lib/python3.12/site-packages/airflow/example_dags/example_branch_operator.py
[2026-07-29T19:36:00.448+0000] {processor.py:925} INFO - DAG(s) 'example_branch_operator' retrieved from /home/airflow/.local/lib/python3.12/site-packages/airflow/example_dags/example_branch_operator.py
[2026-07-29T19:36:00.463+0000] {logging_mixin.py:190} INFO - [2026-07-29T19:36:00.463+0000] {dag.py:3211} INFO - Sync 1 DAGs
[2026-07-29T19:36:00.475+0000] {logging_mixin.py:190} INFO - [2026-07-29T19:36:00.475+0000] {dag.py:4138} INFO - Setting next_dagrun for example_branch_operator to 2026-07-28 00:00:00+00:00, run_after=2026-07-29 00:00:00+00:00
[2026-07-29T19:36:00.484+0000] {processor.py:208} INFO - Processing /home/airflow/.local/lib/python3.12/site-packages/airflow/example_dags/example_branch_operator.py took 0.057 seconds
[2026-07-29T19:36:30.682+0000] {processor.py:186} INFO - Started process (PID=29331) to work on /home/airflow/.local/lib/python3.12/site-packages/airflow/example_dags/example_branch_operator.py
[2026-07-29T19:36:30.682+0000] {processor.py:914} INFO - Processing file /home/airflow/.local/lib/python3.12/site-packages/airflow/example_dags/example_branch_operator.py for tasks to queue
[2026-07-29T19:36:30.684+0000] {logging_mixin.py:190} INFO - [2026-07-29T19:36:30.684+0000] {dagbag.py:587} INFO - Filling up the DagBag from /home/airflow/.local/lib/python3.12/site-packages/airflow/example_dags/example_branch_operator.py
[2026-07-29T19:36:30.699+0000] {processor.py:925} INFO - DAG(s) 'example_branch_operator' retrieved from /home/airflow/.local/lib/python3.12/site-packages/airflow/example_dags/example_branch_operator.py
[2026-07-29T19:36:30.715+0000] {logging_mixin.py:190} INFO - [2026-07-29T19:36:30.715+0000] {dag.py:3211} INFO - Sync 1 DAGs
[2026-07-29T19:36:30.726+0000] {logging_mixin.py:190} INFO - [2026-07-29T19:36:30.726+0000] {dag.py:4138} INFO - Setting next_dagrun for example_branch_operator to 2026-07-28 00:00:00+00:00, run_after=2026-07-29 00:00:00+00:00
[2026-07-29T19:36:30.735+0000] {processor.py:208} INFO - Processing /home/airflow/.local/lib/python3.12/site-packages/airflow/example_dags/example_branch_operator.py took 0.059 seconds
[2026-07-29T19:37:00.927+0000] {processor.py:186} INFO - Started process (PID=29397) to work on /home/airflow/.local/lib/python3.12/site-packages/airflow/example_dags/example_branch_operator.py
[2026-07-29T19:37:00.928+0000] {processor.py:914} INFO - Processing file /home/airflow/.local/lib/python3.12/site-packages/airflow/example_dags/example_branch_operator.py for tasks to queue
[2026-07-29T19:37:00.930+0000] {logging_mixin.py:190} INFO - [2026-07-29T19:37:00.930+0000] {dagbag.py:587} INFO - Filling up the DagBag from /home/airflow/.local/lib/python3.12/site-packages/airflow/example_dags/example_branch_operator.py
[2026-07-29T19:37:00.949+0000] {processor.py:925} INFO - DAG(s) 'example_branch_operator' retrieved from /home/airflow/.local/lib/python3.12/site-packages/airflow/example_dags/example_branch_operator.py
[2026-07-29T19:37:00.970+0000] {logging_mixin.py:190} INFO - [2026-07-29T19:37:00.970+0000] {dag.py:3211} INFO - Sync 1 DAGs
[2026-07-29T19:37:00.982+0000] {logging_mixin.py:190} INFO - [2026-07-29T19:37:00.981+0000] {dag.py:4138} INFO - Setting next_dagrun for example_branch_operator to 2026-07-28 00:00:00+00:00, run_after=2026-07-29 00:00:00+00:00
[2026-07-29T19:37:00.992+0000] {processor.py:208} INFO - Processing /home/airflow/.local/lib/python3.12/site-packages/airflow/example_dags/example_branch_operator.py took 0.072 seconds
[2026-07-29T19:37:31.953+0000] {processor.py:186} INFO - Started process (PID=29463) to work on /home/airflow/.local/lib/python3.12/site-packages/airflow/example_dags/example_branch_operator.py
[2026-07-29T19:37:31.955+0000] {processor.py:914} INFO - Processing file /home/airflow/.local/lib/python3.12/site-packages/airflow/example_dags/example_branch_operator.py for tasks to queue
[2026-07-29T19:37:31.957+0000] {logging_mixin.py:190} INFO - [2026-07-29T19:37:31.957+0000] {dagbag.py:587} INFO - Filling up the DagBag from /home/airflow/.local/lib/python3.12/site-packages/airflow/example_dags/example_branch_operator.py
[2026-07-29T19:37:31.970+0000] {processor.py:925} INFO - DAG(s) 'example_branch_operator' retrieved from /home/airflow/.local/lib/python3.12/site-packages/airflow/example_dags/example_branch_operator.py
[2026-07-29T19:37:31.994+0000] {logging_mixin.py:190} INFO - [2026-07-29T19:37:31.993+0000] {dag.py:3211} INFO - Sync 1 DAGs
[2026-07-29T19:37:32.007+0000] {logging_mixin.py:190} INFO - [2026-07-29T19:37:32.007+0000] {dag.py:4138} INFO - Setting next_dagrun for example_branch_operator to 2026-07-28 00:00:00+00:00, run_after=2026-07-29 00:00:00+00:00
[2026-07-29T19:37:32.016+0000] {processor.py:208} INFO - Processing /home/airflow/.local/lib/python3.12/site-packages/airflow/example_dags/example_branch_operator.py took 0.069 seconds
[2026-07-29T19:38:02.213+0000] {processor.py:186} INFO - Started process (PID=29529) to work on /home/airflow/.local/lib/python3.12/site-packages/airflow/example_dags/example_branch_operator.py
[2026-07-29T19:38:02.214+0000] {processor.py:914} INFO - Processing file /home/airflow/.local/lib/python3.12/site-packages/airflow/example_dags/example_branch_operator.py for tasks to queue
[2026-07-29T19:38:02.216+0000] {logging_mixin.py:190} INFO - [2026-07-29T19:38:02.215+0000] {dagbag.py:587} INFO - Filling up the DagBag from /home/airflow/.local/lib/python3.12/site-packages/airflow/example_dags/example_branch_operator.py
[2026-07-29T19:38:02.232+0000] {processor.py:925} INFO - DAG(s) 'example_branch_operator' retrieved from /home/airflow/.local/lib/python3.12/site-packages/airflow/example_dags/example_branch_operator.py
[2026-07-29T19:38:02.249+0000] {logging_mixin.py:190} INFO - [2026-07-29T19:38:02.249+0000] {dag.py:3211} INFO - Sync 1 DAGs
[2026-07-29T19:38:02.262+0000] {logging_mixin.py:190} INFO - [2026-07-29T19:38:02.262+0000] {dag.py:4138} INFO - Setting next_dagrun for example_branch_operator to 2026-07-28 00:00:00+00:00, run_after=2026-07-29 00:00:00+00:00
[2026-07-29T19:38:02.270+0000] {processor.py:208} INFO - Processing /home/airflow/.local/lib/python3.12/site-packages/airflow/example_dags/example_branch_operator.py took 0.063 seconds
[2026-07-29T19:38:32.429+0000] {processor.py:186} INFO - Started process (PID=29595) to work on /home/airflow/.local/lib/python3.12/site-packages/airflow/example_dags/example_branch_operator.py
[2026-07-29T19:38:32.430+0000] {processor.py:914} INFO - Processing file /home/airflow/.local/lib/python3.12/site-packages/airflow/example_dags/example_branch_operator.py for tasks to queue
[2026-07-29T19:38:32.434+0000] {logging_mixin.py:190} INFO - [2026-07-29T19:38:32.434+0000] {dagbag.py:587} INFO - Filling up the DagBag from /home/airflow/.local/lib/python3.12/site-packages/airflow/example_dags/example_branch_operator.py
[2026-07-29T19:38:32.450+0000] {processor.py:925} INFO - DAG(s) 'example_branch_operator' retrieved from /home/airflow/.local/lib/python3.12/site-packages/airflow/example_dags/example_branch_operator.py
[2026-07-29T19:38:32.473+0000] {logging_mixin.py:190} INFO - [2026-07-29T19:38:32.473+0000] {dag.py:3211} INFO - Sync 1 DAGs
[2026-07-29T19:38:32.489+0000] {logging_mixin.py:190} INFO - [2026-07-29T19:38:32.489+0000] {dag.py:4138} INFO - Setting next_dagrun for example_branch_operator to 2026-07-28 00:00:00+00:00, run_after=2026-07-29 00:00:00+00:00
[2026-07-29T19:38:32.500+0000] {processor.py:208} INFO - Processing /home/airflow/.local/lib/python3.12/site-packages/airflow/example_dags/example_branch_operator.py took 0.078 seconds
[2026-07-29T19:39:06.577+0000] {processor.py:186} INFO - Started process (PID=29661) to work on /home/airflow/.local/lib/python3.12/site-packages/airflow/example_dags/example_branch_operator.py
[2026-07-29T19:39:06.578+0000] {processor.py:914} INFO - Processing file /home/airflow/.local/lib/python3.12/site-packages/airflow/example_dags/example_branch_operator.py for tasks to queue
[2026-07-29T19:39:06.579+0000] {logging_mixin.py:190} INFO - [2026-07-29T19:39:06.579+0000] {dagbag.py:587} INFO - Filling up the DagBag from /home/airflow/.local/lib/python3.12/site-packages/airflow/example_dags/example_branch_operator.py
[2026-07-29T19:39:06.591+0000] {processor.py:925} INFO - DAG(s) 'example_branch_operator' retrieved from /home/airflow/.local/lib/python3.12/site-packages/airflow/example_dags/example_branch_operator.py
[2026-07-29T19:39:06.609+0000] {logging_mixin.py:190} INFO - [2026-07-29T19:39:06.609+0000] {dag.py:3211} INFO - Sync 1 DAGs
[2026-07-29T19:39:06.620+0000] {logging_mixin.py:190} INFO - [2026-07-29T19:39:06.620+0000] {dag.py:4138} INFO - Setting next_dagrun for example_branch_operator to 2026-07-28 00:00:00+00:00, run_after=2026-07-29 00:00:00+00:00
[2026-07-29T19:39:06.626+0000] {processor.py:208} INFO - Processing /home/airflow/.local/lib/python3.12/site-packages/airflow/example_dags/example_branch_operator.py took 0.052 seconds
