[2026-07-29T15:21:23.442+0000] {processor.py:186} INFO - Started process (PID=83) to work on /home/airflow/.local/lib/python3.12/site-packages/airflow/example_dags/example_inlet_event_extra.py
[2026-07-29T15:21:23.443+0000] {processor.py:914} INFO - Processing file /home/airflow/.local/lib/python3.12/site-packages/airflow/example_dags/example_inlet_event_extra.py for tasks to queue
[2026-07-29T15:21:23.443+0000] {logging_mixin.py:190} INFO - [2026-07-29T15:21:23.443+0000] {dagbag.py:587} INFO - Filling up the DagBag from /home/airflow/.local/lib/python3.12/site-packages/airflow/example_dags/example_inlet_event_extra.py
[2026-07-29T15:21:23.504+0000] {processor.py:925} INFO - DAG(s) 'read_dataset_event', 'read_dataset_event_from_classic' retrieved from /home/airflow/.local/lib/python3.12/site-packages/airflow/example_dags/example_inlet_event_extra.py
[2026-07-29T15:21:23.536+0000] {logging_mixin.py:190} INFO - [2026-07-29T15:21:23.536+0000] {override.py:1858} INFO - Created Permission View: can delete on DAG:read_dataset_event
[2026-07-29T15:21:23.539+0000] {logging_mixin.py:190} INFO - [2026-07-29T15:21:23.539+0000] {override.py:1858} INFO - Created Permission View: can edit on DAG:read_dataset_event
[2026-07-29T15:21:23.540+0000] {logging_mixin.py:190} INFO - [2026-07-29T15:21:23.540+0000] {override.py:1858} INFO - Created Permission View: can read on DAG:read_dataset_event
[2026-07-29T15:21:23.543+0000] {logging_mixin.py:190} INFO - [2026-07-29T15:21:23.543+0000] {override.py:1858} INFO - Created Permission View: can delete on DAG:read_dataset_event_from_classic
[2026-07-29T15:21:23.545+0000] {logging_mixin.py:190} INFO - [2026-07-29T15:21:23.545+0000] {override.py:1858} INFO - Created Permission View: can edit on DAG:read_dataset_event_from_classic
[2026-07-29T15:21:23.546+0000] {logging_mixin.py:190} INFO - [2026-07-29T15:21:23.546+0000] {override.py:1858} INFO - Created Permission View: can read on DAG:read_dataset_event_from_classic
[2026-07-29T15:21:23.546+0000] {logging_mixin.py:190} INFO - [2026-07-29T15:21:23.546+0000] {dag.py:3211} INFO - Sync 2 DAGs
[2026-07-29T15:21:23.550+0000] {logging_mixin.py:190} INFO - [2026-07-29T15:21:23.550+0000] {dag.py:3234} INFO - Creating ORM DAG for read_dataset_event_from_classic
[2026-07-29T15:21:23.550+0000] {logging_mixin.py:190} INFO - [2026-07-29T15:21:23.550+0000] {dag.py:3234} INFO - Creating ORM DAG for read_dataset_event
[2026-07-29T15:21:23.553+0000] {logging_mixin.py:190} INFO - [2026-07-29T15:21:23.553+0000] {dag.py:4138} INFO - Setting next_dagrun for read_dataset_event to 2026-07-28 00:00:00+00:00, run_after=2026-07-29 00:00:00+00:00
[2026-07-29T15:21:23.554+0000] {logging_mixin.py:190} INFO - [2026-07-29T15:21:23.554+0000] {dag.py:4138} INFO - Setting next_dagrun for read_dataset_event_from_classic to 2026-07-28 00:00:00+00:00, run_after=2026-07-29 00:00:00+00:00
[2026-07-29T15:21:23.558+0000] {processor.py:208} INFO - Processing /home/airflow/.local/lib/python3.12/site-packages/airflow/example_dags/example_inlet_event_extra.py took 0.118 seconds
[2026-07-29T15:21:53.955+0000] {processor.py:186} INFO - Started process (PID=149) to work on /home/airflow/.local/lib/python3.12/site-packages/airflow/example_dags/example_inlet_event_extra.py
[2026-07-29T15:21:53.955+0000] {processor.py:914} INFO - Processing file /home/airflow/.local/lib/python3.12/site-packages/airflow/example_dags/example_inlet_event_extra.py for tasks to queue
[2026-07-29T15:21:53.957+0000] {logging_mixin.py:190} INFO - [2026-07-29T15:21:53.957+0000] {dagbag.py:587} INFO - Filling up the DagBag from /home/airflow/.local/lib/python3.12/site-packages/airflow/example_dags/example_inlet_event_extra.py
[2026-07-29T15:21:54.026+0000] {processor.py:925} INFO - DAG(s) 'read_dataset_event_from_classic', 'read_dataset_event' retrieved from /home/airflow/.local/lib/python3.12/site-packages/airflow/example_dags/example_inlet_event_extra.py
[2026-07-29T15:21:54.036+0000] {logging_mixin.py:190} INFO - [2026-07-29T15:21:54.036+0000] {dag.py:3211} INFO - Sync 2 DAGs
[2026-07-29T15:21:54.046+0000] {logging_mixin.py:190} INFO - [2026-07-29T15:21:54.046+0000] {dag.py:4138} INFO - Setting next_dagrun for read_dataset_event to 2026-07-28 00:00:00+00:00, run_after=2026-07-29 00:00:00+00:00
[2026-07-29T15:21:54.052+0000] {logging_mixin.py:190} INFO - [2026-07-29T15:21:54.051+0000] {dag.py:4138} INFO - Setting next_dagrun for read_dataset_event_from_classic to 2026-07-28 00:00:00+00:00, run_after=2026-07-29 00:00:00+00:00
[2026-07-29T15:21:54.062+0000] {processor.py:208} INFO - Processing /home/airflow/.local/lib/python3.12/site-packages/airflow/example_dags/example_inlet_event_extra.py took 0.110 seconds
[2026-07-29T15:22:24.161+0000] {processor.py:186} INFO - Started process (PID=216) to work on /home/airflow/.local/lib/python3.12/site-packages/airflow/example_dags/example_inlet_event_extra.py
[2026-07-29T15:22:24.163+0000] {processor.py:914} INFO - Processing file /home/airflow/.local/lib/python3.12/site-packages/airflow/example_dags/example_inlet_event_extra.py for tasks to queue
[2026-07-29T15:22:24.163+0000] {logging_mixin.py:190} INFO - [2026-07-29T15:22:24.163+0000] {dagbag.py:587} INFO - Filling up the DagBag from /home/airflow/.local/lib/python3.12/site-packages/airflow/example_dags/example_inlet_event_extra.py
[2026-07-29T15:22:24.226+0000] {processor.py:925} INFO - DAG(s) 'read_dataset_event', 'read_dataset_event_from_classic' retrieved from /home/airflow/.local/lib/python3.12/site-packages/airflow/example_dags/example_inlet_event_extra.py
[2026-07-29T15:22:24.239+0000] {logging_mixin.py:190} INFO - [2026-07-29T15:22:24.238+0000] {dag.py:3211} INFO - Sync 2 DAGs
[2026-07-29T15:22:24.247+0000] {logging_mixin.py:190} INFO - [2026-07-29T15:22:24.247+0000] {dag.py:4138} INFO - Setting next_dagrun for read_dataset_event to 2026-07-28 00:00:00+00:00, run_after=2026-07-29 00:00:00+00:00
[2026-07-29T15:22:24.250+0000] {logging_mixin.py:190} INFO - [2026-07-29T15:22:24.250+0000] {dag.py:4138} INFO - Setting next_dagrun for read_dataset_event_from_classic to 2026-07-28 00:00:00+00:00, run_after=2026-07-29 00:00:00+00:00
[2026-07-29T15:22:24.257+0000] {processor.py:208} INFO - Processing /home/airflow/.local/lib/python3.12/site-packages/airflow/example_dags/example_inlet_event_extra.py took 0.098 seconds
[2026-07-29T15:23:04.978+0000] {processor.py:186} INFO - Started process (PID=83) to work on /home/airflow/.local/lib/python3.12/site-packages/airflow/example_dags/example_inlet_event_extra.py
[2026-07-29T15:23:04.978+0000] {processor.py:914} INFO - Processing file /home/airflow/.local/lib/python3.12/site-packages/airflow/example_dags/example_inlet_event_extra.py for tasks to queue
[2026-07-29T15:23:04.980+0000] {logging_mixin.py:190} INFO - [2026-07-29T15:23:04.980+0000] {dagbag.py:587} INFO - Filling up the DagBag from /home/airflow/.local/lib/python3.12/site-packages/airflow/example_dags/example_inlet_event_extra.py
[2026-07-29T15:23:05.038+0000] {processor.py:925} INFO - DAG(s) 'read_dataset_event_from_classic', 'read_dataset_event' retrieved from /home/airflow/.local/lib/python3.12/site-packages/airflow/example_dags/example_inlet_event_extra.py
[2026-07-29T15:23:05.049+0000] {logging_mixin.py:190} INFO - [2026-07-29T15:23:05.049+0000] {dag.py:3211} INFO - Sync 2 DAGs
[2026-07-29T15:23:05.057+0000] {logging_mixin.py:190} INFO - [2026-07-29T15:23:05.057+0000] {dag.py:4138} INFO - Setting next_dagrun for read_dataset_event to 2026-07-28 00:00:00+00:00, run_after=2026-07-29 00:00:00+00:00
[2026-07-29T15:23:05.060+0000] {logging_mixin.py:190} INFO - [2026-07-29T15:23:05.060+0000] {dag.py:4138} INFO - Setting next_dagrun for read_dataset_event_from_classic to 2026-07-28 00:00:00+00:00, run_after=2026-07-29 00:00:00+00:00
[2026-07-29T15:23:05.065+0000] {processor.py:208} INFO - Processing /home/airflow/.local/lib/python3.12/site-packages/airflow/example_dags/example_inlet_event_extra.py took 0.090 seconds
[2026-07-29T15:23:35.968+0000] {processor.py:186} INFO - Started process (PID=149) to work on /home/airflow/.local/lib/python3.12/site-packages/airflow/example_dags/example_inlet_event_extra.py
[2026-07-29T15:23:35.968+0000] {processor.py:914} INFO - Processing file /home/airflow/.local/lib/python3.12/site-packages/airflow/example_dags/example_inlet_event_extra.py for tasks to queue
[2026-07-29T15:23:35.970+0000] {logging_mixin.py:190} INFO - [2026-07-29T15:23:35.970+0000] {dagbag.py:587} INFO - Filling up the DagBag from /home/airflow/.local/lib/python3.12/site-packages/airflow/example_dags/example_inlet_event_extra.py
[2026-07-29T15:23:36.026+0000] {processor.py:925} INFO - DAG(s) 'read_dataset_event', 'read_dataset_event_from_classic' retrieved from /home/airflow/.local/lib/python3.12/site-packages/airflow/example_dags/example_inlet_event_extra.py
[2026-07-29T15:23:36.037+0000] {logging_mixin.py:190} INFO - [2026-07-29T15:23:36.037+0000] {dag.py:3211} INFO - Sync 2 DAGs
[2026-07-29T15:23:36.045+0000] {logging_mixin.py:190} INFO - [2026-07-29T15:23:36.045+0000] {dag.py:4138} INFO - Setting next_dagrun for read_dataset_event to 2026-07-28 00:00:00+00:00, run_after=2026-07-29 00:00:00+00:00
[2026-07-29T15:23:36.048+0000] {logging_mixin.py:190} INFO - [2026-07-29T15:23:36.048+0000] {dag.py:4138} INFO - Setting next_dagrun for read_dataset_event_from_classic to 2026-07-28 00:00:00+00:00, run_after=2026-07-29 00:00:00+00:00
[2026-07-29T15:23:36.058+0000] {processor.py:208} INFO - Processing /home/airflow/.local/lib/python3.12/site-packages/airflow/example_dags/example_inlet_event_extra.py took 0.092 seconds
[2026-07-29T15:24:06.850+0000] {processor.py:186} INFO - Started process (PID=215) to work on /home/airflow/.local/lib/python3.12/site-packages/airflow/example_dags/example_inlet_event_extra.py
[2026-07-29T15:24:06.853+0000] {processor.py:914} INFO - Processing file /home/airflow/.local/lib/python3.12/site-packages/airflow/example_dags/example_inlet_event_extra.py for tasks to queue
[2026-07-29T15:24:06.854+0000] {logging_mixin.py:190} INFO - [2026-07-29T15:24:06.854+0000] {dagbag.py:587} INFO - Filling up the DagBag from /home/airflow/.local/lib/python3.12/site-packages/airflow/example_dags/example_inlet_event_extra.py
[2026-07-29T15:24:06.913+0000] {processor.py:925} INFO - DAG(s) 'read_dataset_event_from_classic', 'read_dataset_event' retrieved from /home/airflow/.local/lib/python3.12/site-packages/airflow/example_dags/example_inlet_event_extra.py
[2026-07-29T15:24:06.921+0000] {logging_mixin.py:190} INFO - [2026-07-29T15:24:06.921+0000] {dag.py:3211} INFO - Sync 2 DAGs
[2026-07-29T15:24:06.931+0000] {logging_mixin.py:190} INFO - [2026-07-29T15:24:06.931+0000] {dag.py:4138} INFO - Setting next_dagrun for read_dataset_event to 2026-07-28 00:00:00+00:00, run_after=2026-07-29 00:00:00+00:00
[2026-07-29T15:24:06.934+0000] {logging_mixin.py:190} INFO - [2026-07-29T15:24:06.934+0000] {dag.py:4138} INFO - Setting next_dagrun for read_dataset_event_from_classic to 2026-07-28 00:00:00+00:00, run_after=2026-07-29 00:00:00+00:00
[2026-07-29T15:24:06.940+0000] {processor.py:208} INFO - Processing /home/airflow/.local/lib/python3.12/site-packages/airflow/example_dags/example_inlet_event_extra.py took 0.092 seconds
[2026-07-29T15:24:37.823+0000] {processor.py:186} INFO - Started process (PID=281) to work on /home/airflow/.local/lib/python3.12/site-packages/airflow/example_dags/example_inlet_event_extra.py
[2026-07-29T15:24:37.824+0000] {processor.py:914} INFO - Processing file /home/airflow/.local/lib/python3.12/site-packages/airflow/example_dags/example_inlet_event_extra.py for tasks to queue
[2026-07-29T15:24:37.825+0000] {logging_mixin.py:190} INFO - [2026-07-29T15:24:37.825+0000] {dagbag.py:587} INFO - Filling up the DagBag from /home/airflow/.local/lib/python3.12/site-packages/airflow/example_dags/example_inlet_event_extra.py
[2026-07-29T15:24:37.893+0000] {processor.py:925} INFO - DAG(s) 'read_dataset_event', 'read_dataset_event_from_classic' retrieved from /home/airflow/.local/lib/python3.12/site-packages/airflow/example_dags/example_inlet_event_extra.py
[2026-07-29T15:24:37.908+0000] {logging_mixin.py:190} INFO - [2026-07-29T15:24:37.907+0000] {dag.py:3211} INFO - Sync 2 DAGs
[2026-07-29T15:24:37.917+0000] {logging_mixin.py:190} INFO - [2026-07-29T15:24:37.917+0000] {dag.py:4138} INFO - Setting next_dagrun for read_dataset_event to 2026-07-28 00:00:00+00:00, run_after=2026-07-29 00:00:00+00:00
[2026-07-29T15:24:37.920+0000] {logging_mixin.py:190} INFO - [2026-07-29T15:24:37.920+0000] {dag.py:4138} INFO - Setting next_dagrun for read_dataset_event_from_classic to 2026-07-28 00:00:00+00:00, run_after=2026-07-29 00:00:00+00:00
[2026-07-29T15:24:37.930+0000] {processor.py:208} INFO - Processing /home/airflow/.local/lib/python3.12/site-packages/airflow/example_dags/example_inlet_event_extra.py took 0.109 seconds
[2026-07-29T15:25:07.941+0000] {processor.py:186} INFO - Started process (PID=347) to work on /home/airflow/.local/lib/python3.12/site-packages/airflow/example_dags/example_inlet_event_extra.py
[2026-07-29T15:25:07.941+0000] {processor.py:914} INFO - Processing file /home/airflow/.local/lib/python3.12/site-packages/airflow/example_dags/example_inlet_event_extra.py for tasks to queue
[2026-07-29T15:25:07.943+0000] {logging_mixin.py:190} INFO - [2026-07-29T15:25:07.942+0000] {dagbag.py:587} INFO - Filling up the DagBag from /home/airflow/.local/lib/python3.12/site-packages/airflow/example_dags/example_inlet_event_extra.py
[2026-07-29T15:25:08.011+0000] {processor.py:925} INFO - DAG(s) 'read_dataset_event_from_classic', 'read_dataset_event' retrieved from /home/airflow/.local/lib/python3.12/site-packages/airflow/example_dags/example_inlet_event_extra.py
[2026-07-29T15:25:08.024+0000] {logging_mixin.py:190} INFO - [2026-07-29T15:25:08.024+0000] {dag.py:3211} INFO - Sync 2 DAGs
[2026-07-29T15:25:08.035+0000] {logging_mixin.py:190} INFO - [2026-07-29T15:25:08.035+0000] {dag.py:4138} INFO - Setting next_dagrun for read_dataset_event to 2026-07-28 00:00:00+00:00, run_after=2026-07-29 00:00:00+00:00
[2026-07-29T15:25:08.037+0000] {logging_mixin.py:190} INFO - [2026-07-29T15:25:08.037+0000] {dag.py:4138} INFO - Setting next_dagrun for read_dataset_event_from_classic to 2026-07-28 00:00:00+00:00, run_after=2026-07-29 00:00:00+00:00
[2026-07-29T15:25:08.046+0000] {processor.py:208} INFO - Processing /home/airflow/.local/lib/python3.12/site-packages/airflow/example_dags/example_inlet_event_extra.py took 0.108 seconds
[2026-07-29T15:25:38.070+0000] {processor.py:186} INFO - Started process (PID=414) to work on /home/airflow/.local/lib/python3.12/site-packages/airflow/example_dags/example_inlet_event_extra.py
[2026-07-29T15:25:38.071+0000] {processor.py:914} INFO - Processing file /home/airflow/.local/lib/python3.12/site-packages/airflow/example_dags/example_inlet_event_extra.py for tasks to queue
[2026-07-29T15:25:38.072+0000] {logging_mixin.py:190} INFO - [2026-07-29T15:25:38.072+0000] {dagbag.py:587} INFO - Filling up the DagBag from /home/airflow/.local/lib/python3.12/site-packages/airflow/example_dags/example_inlet_event_extra.py
[2026-07-29T15:25:38.133+0000] {processor.py:925} INFO - DAG(s) 'read_dataset_event_from_classic', 'read_dataset_event' retrieved from /home/airflow/.local/lib/python3.12/site-packages/airflow/example_dags/example_inlet_event_extra.py
[2026-07-29T15:25:38.145+0000] {logging_mixin.py:190} INFO - [2026-07-29T15:25:38.144+0000] {dag.py:3211} INFO - Sync 2 DAGs
[2026-07-29T15:25:38.154+0000] {logging_mixin.py:190} INFO - [2026-07-29T15:25:38.154+0000] {dag.py:4138} INFO - Setting next_dagrun for read_dataset_event to 2026-07-28 00:00:00+00:00, run_after=2026-07-29 00:00:00+00:00
[2026-07-29T15:25:38.156+0000] {logging_mixin.py:190} INFO - [2026-07-29T15:25:38.155+0000] {dag.py:4138} INFO - Setting next_dagrun for read_dataset_event_from_classic to 2026-07-28 00:00:00+00:00, run_after=2026-07-29 00:00:00+00:00
[2026-07-29T15:25:38.163+0000] {processor.py:208} INFO - Processing /home/airflow/.local/lib/python3.12/site-packages/airflow/example_dags/example_inlet_event_extra.py took 0.096 seconds
[2026-07-29T15:26:08.220+0000] {processor.py:186} INFO - Started process (PID=480) to work on /home/airflow/.local/lib/python3.12/site-packages/airflow/example_dags/example_inlet_event_extra.py
[2026-07-29T15:26:08.221+0000] {processor.py:914} INFO - Processing file /home/airflow/.local/lib/python3.12/site-packages/airflow/example_dags/example_inlet_event_extra.py for tasks to queue
[2026-07-29T15:26:08.222+0000] {logging_mixin.py:190} INFO - [2026-07-29T15:26:08.221+0000] {dagbag.py:587} INFO - Filling up the DagBag from /home/airflow/.local/lib/python3.12/site-packages/airflow/example_dags/example_inlet_event_extra.py
[2026-07-29T15:26:08.277+0000] {processor.py:925} INFO - DAG(s) 'read_dataset_event_from_classic', 'read_dataset_event' retrieved from /home/airflow/.local/lib/python3.12/site-packages/airflow/example_dags/example_inlet_event_extra.py
[2026-07-29T15:26:08.293+0000] {logging_mixin.py:190} INFO - [2026-07-29T15:26:08.293+0000] {dag.py:3211} INFO - Sync 2 DAGs
[2026-07-29T15:26:08.303+0000] {logging_mixin.py:190} INFO - [2026-07-29T15:26:08.303+0000] {dag.py:4138} INFO - Setting next_dagrun for read_dataset_event to 2026-07-28 00:00:00+00:00, run_after=2026-07-29 00:00:00+00:00
[2026-07-29T15:26:08.304+0000] {logging_mixin.py:190} INFO - [2026-07-29T15:26:08.304+0000] {dag.py:4138} INFO - Setting next_dagrun for read_dataset_event_from_classic to 2026-07-28 00:00:00+00:00, run_after=2026-07-29 00:00:00+00:00
[2026-07-29T15:26:08.309+0000] {processor.py:208} INFO - Processing /home/airflow/.local/lib/python3.12/site-packages/airflow/example_dags/example_inlet_event_extra.py took 0.092 seconds
[2026-07-29T15:26:39.208+0000] {processor.py:186} INFO - Started process (PID=551) to work on /home/airflow/.local/lib/python3.12/site-packages/airflow/example_dags/example_inlet_event_extra.py
[2026-07-29T15:26:39.210+0000] {processor.py:914} INFO - Processing file /home/airflow/.local/lib/python3.12/site-packages/airflow/example_dags/example_inlet_event_extra.py for tasks to queue
[2026-07-29T15:26:39.212+0000] {logging_mixin.py:190} INFO - [2026-07-29T15:26:39.212+0000] {dagbag.py:587} INFO - Filling up the DagBag from /home/airflow/.local/lib/python3.12/site-packages/airflow/example_dags/example_inlet_event_extra.py
[2026-07-29T15:26:39.279+0000] {processor.py:925} INFO - DAG(s) 'read_dataset_event_from_classic', 'read_dataset_event' retrieved from /home/airflow/.local/lib/python3.12/site-packages/airflow/example_dags/example_inlet_event_extra.py
[2026-07-29T15:26:39.289+0000] {logging_mixin.py:190} INFO - [2026-07-29T15:26:39.289+0000] {dag.py:3211} INFO - Sync 2 DAGs
[2026-07-29T15:26:39.298+0000] {logging_mixin.py:190} INFO - [2026-07-29T15:26:39.298+0000] {dag.py:4138} INFO - Setting next_dagrun for read_dataset_event to 2026-07-28 00:00:00+00:00, run_after=2026-07-29 00:00:00+00:00
[2026-07-29T15:26:39.300+0000] {logging_mixin.py:190} INFO - [2026-07-29T15:26:39.300+0000] {dag.py:4138} INFO - Setting next_dagrun for read_dataset_event_from_classic to 2026-07-28 00:00:00+00:00, run_after=2026-07-29 00:00:00+00:00
[2026-07-29T15:26:39.306+0000] {processor.py:208} INFO - Processing /home/airflow/.local/lib/python3.12/site-packages/airflow/example_dags/example_inlet_event_extra.py took 0.101 seconds
[2026-07-29T15:27:09.366+0000] {processor.py:186} INFO - Started process (PID=618) to work on /home/airflow/.local/lib/python3.12/site-packages/airflow/example_dags/example_inlet_event_extra.py
[2026-07-29T15:27:09.367+0000] {processor.py:914} INFO - Processing file /home/airflow/.local/lib/python3.12/site-packages/airflow/example_dags/example_inlet_event_extra.py for tasks to queue
[2026-07-29T15:27:09.368+0000] {logging_mixin.py:190} INFO - [2026-07-29T15:27:09.368+0000] {dagbag.py:587} INFO - Filling up the DagBag from /home/airflow/.local/lib/python3.12/site-packages/airflow/example_dags/example_inlet_event_extra.py
[2026-07-29T15:27:09.428+0000] {processor.py:925} INFO - DAG(s) 'read_dataset_event', 'read_dataset_event_from_classic' retrieved from /home/airflow/.local/lib/python3.12/site-packages/airflow/example_dags/example_inlet_event_extra.py
[2026-07-29T15:27:09.442+0000] {logging_mixin.py:190} INFO - [2026-07-29T15:27:09.441+0000] {dag.py:3211} INFO - Sync 2 DAGs
[2026-07-29T15:27:09.452+0000] {logging_mixin.py:190} INFO - [2026-07-29T15:27:09.452+0000] {dag.py:4138} INFO - Setting next_dagrun for read_dataset_event to 2026-07-28 00:00:00+00:00, run_after=2026-07-29 00:00:00+00:00
[2026-07-29T15:27:09.454+0000] {logging_mixin.py:190} INFO - [2026-07-29T15:27:09.454+0000] {dag.py:4138} INFO - Setting next_dagrun for read_dataset_event_from_classic to 2026-07-28 00:00:00+00:00, run_after=2026-07-29 00:00:00+00:00
[2026-07-29T15:27:09.461+0000] {processor.py:208} INFO - Processing /home/airflow/.local/lib/python3.12/site-packages/airflow/example_dags/example_inlet_event_extra.py took 0.097 seconds
[2026-07-29T15:27:40.360+0000] {processor.py:186} INFO - Started process (PID=683) to work on /home/airflow/.local/lib/python3.12/site-packages/airflow/example_dags/example_inlet_event_extra.py
[2026-07-29T15:27:40.361+0000] {processor.py:914} INFO - Processing file /home/airflow/.local/lib/python3.12/site-packages/airflow/example_dags/example_inlet_event_extra.py for tasks to queue
[2026-07-29T15:27:40.364+0000] {logging_mixin.py:190} INFO - [2026-07-29T15:27:40.362+0000] {dagbag.py:587} INFO - Filling up the DagBag from /home/airflow/.local/lib/python3.12/site-packages/airflow/example_dags/example_inlet_event_extra.py
[2026-07-29T15:27:40.421+0000] {processor.py:925} INFO - DAG(s) 'read_dataset_event_from_classic', 'read_dataset_event' retrieved from /home/airflow/.local/lib/python3.12/site-packages/airflow/example_dags/example_inlet_event_extra.py
[2026-07-29T15:27:40.431+0000] {logging_mixin.py:190} INFO - [2026-07-29T15:27:40.431+0000] {dag.py:3211} INFO - Sync 2 DAGs
[2026-07-29T15:27:40.441+0000] {logging_mixin.py:190} INFO - [2026-07-29T15:27:40.441+0000] {dag.py:4138} INFO - Setting next_dagrun for read_dataset_event to 2026-07-28 00:00:00+00:00, run_after=2026-07-29 00:00:00+00:00
[2026-07-29T15:27:40.443+0000] {logging_mixin.py:190} INFO - [2026-07-29T15:27:40.443+0000] {dag.py:4138} INFO - Setting next_dagrun for read_dataset_event_from_classic to 2026-07-28 00:00:00+00:00, run_after=2026-07-29 00:00:00+00:00
[2026-07-29T15:27:40.448+0000] {processor.py:208} INFO - Processing /home/airflow/.local/lib/python3.12/site-packages/airflow/example_dags/example_inlet_event_extra.py took 0.090 seconds
[2026-07-29T15:28:24.877+0000] {processor.py:186} INFO - Started process (PID=83) to work on /home/airflow/.local/lib/python3.12/site-packages/airflow/example_dags/example_inlet_event_extra.py
[2026-07-29T15:28:24.878+0000] {processor.py:914} INFO - Processing file /home/airflow/.local/lib/python3.12/site-packages/airflow/example_dags/example_inlet_event_extra.py for tasks to queue
[2026-07-29T15:28:24.880+0000] {logging_mixin.py:190} INFO - [2026-07-29T15:28:24.880+0000] {dagbag.py:587} INFO - Filling up the DagBag from /home/airflow/.local/lib/python3.12/site-packages/airflow/example_dags/example_inlet_event_extra.py
[2026-07-29T15:28:24.938+0000] {processor.py:925} INFO - DAG(s) 'read_dataset_event', 'read_dataset_event_from_classic' retrieved from /home/airflow/.local/lib/python3.12/site-packages/airflow/example_dags/example_inlet_event_extra.py
[2026-07-29T15:28:24.950+0000] {logging_mixin.py:190} INFO - [2026-07-29T15:28:24.950+0000] {dag.py:3211} INFO - Sync 2 DAGs
[2026-07-29T15:28:24.960+0000] {logging_mixin.py:190} INFO - [2026-07-29T15:28:24.960+0000] {dag.py:4138} INFO - Setting next_dagrun for read_dataset_event to 2026-07-28 00:00:00+00:00, run_after=2026-07-29 00:00:00+00:00
[2026-07-29T15:28:24.963+0000] {logging_mixin.py:190} INFO - [2026-07-29T15:28:24.963+0000] {dag.py:4138} INFO - Setting next_dagrun for read_dataset_event_from_classic to 2026-07-28 00:00:00+00:00, run_after=2026-07-29 00:00:00+00:00
[2026-07-29T15:28:24.968+0000] {processor.py:208} INFO - Processing /home/airflow/.local/lib/python3.12/site-packages/airflow/example_dags/example_inlet_event_extra.py took 0.094 seconds
[2026-07-29T15:28:55.059+0000] {processor.py:186} INFO - Started process (PID=149) to work on /home/airflow/.local/lib/python3.12/site-packages/airflow/example_dags/example_inlet_event_extra.py
[2026-07-29T15:28:55.059+0000] {processor.py:914} INFO - Processing file /home/airflow/.local/lib/python3.12/site-packages/airflow/example_dags/example_inlet_event_extra.py for tasks to queue
[2026-07-29T15:28:55.060+0000] {logging_mixin.py:190} INFO - [2026-07-29T15:28:55.060+0000] {dagbag.py:587} INFO - Filling up the DagBag from /home/airflow/.local/lib/python3.12/site-packages/airflow/example_dags/example_inlet_event_extra.py
[2026-07-29T15:28:55.127+0000] {processor.py:925} INFO - DAG(s) 'read_dataset_event_from_classic', 'read_dataset_event' retrieved from /home/airflow/.local/lib/python3.12/site-packages/airflow/example_dags/example_inlet_event_extra.py
[2026-07-29T15:28:55.138+0000] {logging_mixin.py:190} INFO - [2026-07-29T15:28:55.138+0000] {dag.py:3211} INFO - Sync 2 DAGs
[2026-07-29T15:28:55.151+0000] {logging_mixin.py:190} INFO - [2026-07-29T15:28:55.150+0000] {dag.py:4138} INFO - Setting next_dagrun for read_dataset_event to 2026-07-28 00:00:00+00:00, run_after=2026-07-29 00:00:00+00:00
[2026-07-29T15:28:55.153+0000] {logging_mixin.py:190} INFO - [2026-07-29T15:28:55.153+0000] {dag.py:4138} INFO - Setting next_dagrun for read_dataset_event_from_classic to 2026-07-28 00:00:00+00:00, run_after=2026-07-29 00:00:00+00:00
[2026-07-29T15:28:55.161+0000] {processor.py:208} INFO - Processing /home/airflow/.local/lib/python3.12/site-packages/airflow/example_dags/example_inlet_event_extra.py took 0.106 seconds
[2026-07-29T15:29:25.681+0000] {processor.py:186} INFO - Started process (PID=215) to work on /home/airflow/.local/lib/python3.12/site-packages/airflow/example_dags/example_inlet_event_extra.py
[2026-07-29T15:29:25.681+0000] {processor.py:914} INFO - Processing file /home/airflow/.local/lib/python3.12/site-packages/airflow/example_dags/example_inlet_event_extra.py for tasks to queue
[2026-07-29T15:29:25.682+0000] {logging_mixin.py:190} INFO - [2026-07-29T15:29:25.682+0000] {dagbag.py:587} INFO - Filling up the DagBag from /home/airflow/.local/lib/python3.12/site-packages/airflow/example_dags/example_inlet_event_extra.py
[2026-07-29T15:29:25.740+0000] {processor.py:925} INFO - DAG(s) 'read_dataset_event_from_classic', 'read_dataset_event' retrieved from /home/airflow/.local/lib/python3.12/site-packages/airflow/example_dags/example_inlet_event_extra.py
[2026-07-29T15:29:25.749+0000] {logging_mixin.py:190} INFO - [2026-07-29T15:29:25.749+0000] {dag.py:3211} INFO - Sync 2 DAGs
[2026-07-29T15:29:25.758+0000] {logging_mixin.py:190} INFO - [2026-07-29T15:29:25.757+0000] {dag.py:4138} INFO - Setting next_dagrun for read_dataset_event to 2026-07-28 00:00:00+00:00, run_after=2026-07-29 00:00:00+00:00
[2026-07-29T15:29:25.759+0000] {logging_mixin.py:190} INFO - [2026-07-29T15:29:25.759+0000] {dag.py:4138} INFO - Setting next_dagrun for read_dataset_event_from_classic to 2026-07-28 00:00:00+00:00, run_after=2026-07-29 00:00:00+00:00
[2026-07-29T15:29:25.765+0000] {processor.py:208} INFO - Processing /home/airflow/.local/lib/python3.12/site-packages/airflow/example_dags/example_inlet_event_extra.py took 0.087 seconds
[2026-07-29T15:29:56.860+0000] {processor.py:186} INFO - Started process (PID=282) to work on /home/airflow/.local/lib/python3.12/site-packages/airflow/example_dags/example_inlet_event_extra.py
[2026-07-29T15:29:56.861+0000] {processor.py:914} INFO - Processing file /home/airflow/.local/lib/python3.12/site-packages/airflow/example_dags/example_inlet_event_extra.py for tasks to queue
[2026-07-29T15:29:56.862+0000] {logging_mixin.py:190} INFO - [2026-07-29T15:29:56.862+0000] {dagbag.py:587} INFO - Filling up the DagBag from /home/airflow/.local/lib/python3.12/site-packages/airflow/example_dags/example_inlet_event_extra.py
[2026-07-29T15:29:56.920+0000] {processor.py:925} INFO - DAG(s) 'read_dataset_event_from_classic', 'read_dataset_event' retrieved from /home/airflow/.local/lib/python3.12/site-packages/airflow/example_dags/example_inlet_event_extra.py
[2026-07-29T15:29:56.932+0000] {logging_mixin.py:190} INFO - [2026-07-29T15:29:56.932+0000] {dag.py:3211} INFO - Sync 2 DAGs
[2026-07-29T15:29:56.942+0000] {logging_mixin.py:190} INFO - [2026-07-29T15:29:56.942+0000] {dag.py:4138} INFO - Setting next_dagrun for read_dataset_event to 2026-07-28 00:00:00+00:00, run_after=2026-07-29 00:00:00+00:00
[2026-07-29T15:29:56.947+0000] {logging_mixin.py:190} INFO - [2026-07-29T15:29:56.947+0000] {dag.py:4138} INFO - Setting next_dagrun for read_dataset_event_from_classic to 2026-07-28 00:00:00+00:00, run_after=2026-07-29 00:00:00+00:00
[2026-07-29T15:29:56.956+0000] {processor.py:208} INFO - Processing /home/airflow/.local/lib/python3.12/site-packages/airflow/example_dags/example_inlet_event_extra.py took 0.098 seconds
[2026-07-29T15:30:27.717+0000] {processor.py:186} INFO - Started process (PID=347) to work on /home/airflow/.local/lib/python3.12/site-packages/airflow/example_dags/example_inlet_event_extra.py
[2026-07-29T15:30:27.719+0000] {processor.py:914} INFO - Processing file /home/airflow/.local/lib/python3.12/site-packages/airflow/example_dags/example_inlet_event_extra.py for tasks to queue
[2026-07-29T15:30:27.720+0000] {logging_mixin.py:190} INFO - [2026-07-29T15:30:27.720+0000] {dagbag.py:587} INFO - Filling up the DagBag from /home/airflow/.local/lib/python3.12/site-packages/airflow/example_dags/example_inlet_event_extra.py
[2026-07-29T15:30:27.780+0000] {processor.py:925} INFO - DAG(s) 'read_dataset_event', 'read_dataset_event_from_classic' retrieved from /home/airflow/.local/lib/python3.12/site-packages/airflow/example_dags/example_inlet_event_extra.py
[2026-07-29T15:30:27.791+0000] {logging_mixin.py:190} INFO - [2026-07-29T15:30:27.791+0000] {dag.py:3211} INFO - Sync 2 DAGs
[2026-07-29T15:30:27.802+0000] {logging_mixin.py:190} INFO - [2026-07-29T15:30:27.802+0000] {dag.py:4138} INFO - Setting next_dagrun for read_dataset_event to 2026-07-28 00:00:00+00:00, run_after=2026-07-29 00:00:00+00:00
[2026-07-29T15:30:27.805+0000] {logging_mixin.py:190} INFO - [2026-07-29T15:30:27.805+0000] {dag.py:4138} INFO - Setting next_dagrun for read_dataset_event_from_classic to 2026-07-28 00:00:00+00:00, run_after=2026-07-29 00:00:00+00:00
[2026-07-29T15:30:27.814+0000] {processor.py:208} INFO - Processing /home/airflow/.local/lib/python3.12/site-packages/airflow/example_dags/example_inlet_event_extra.py took 0.100 seconds
[2026-07-29T15:30:58.391+0000] {processor.py:186} INFO - Started process (PID=414) to work on /home/airflow/.local/lib/python3.12/site-packages/airflow/example_dags/example_inlet_event_extra.py
[2026-07-29T15:30:58.391+0000] {processor.py:914} INFO - Processing file /home/airflow/.local/lib/python3.12/site-packages/airflow/example_dags/example_inlet_event_extra.py for tasks to queue
[2026-07-29T15:30:58.392+0000] {logging_mixin.py:190} INFO - [2026-07-29T15:30:58.392+0000] {dagbag.py:587} INFO - Filling up the DagBag from /home/airflow/.local/lib/python3.12/site-packages/airflow/example_dags/example_inlet_event_extra.py
[2026-07-29T15:30:58.447+0000] {processor.py:925} INFO - DAG(s) 'read_dataset_event', 'read_dataset_event_from_classic' retrieved from /home/airflow/.local/lib/python3.12/site-packages/airflow/example_dags/example_inlet_event_extra.py
[2026-07-29T15:30:58.455+0000] {logging_mixin.py:190} INFO - [2026-07-29T15:30:58.455+0000] {dag.py:3211} INFO - Sync 2 DAGs
[2026-07-29T15:30:58.465+0000] {logging_mixin.py:190} INFO - [2026-07-29T15:30:58.465+0000] {dag.py:4138} INFO - Setting next_dagrun for read_dataset_event to 2026-07-28 00:00:00+00:00, run_after=2026-07-29 00:00:00+00:00
[2026-07-29T15:30:58.466+0000] {logging_mixin.py:190} INFO - [2026-07-29T15:30:58.466+0000] {dag.py:4138} INFO - Setting next_dagrun for read_dataset_event_from_classic to 2026-07-28 00:00:00+00:00, run_after=2026-07-29 00:00:00+00:00
[2026-07-29T15:30:58.472+0000] {processor.py:208} INFO - Processing /home/airflow/.local/lib/python3.12/site-packages/airflow/example_dags/example_inlet_event_extra.py took 0.083 seconds
[2026-07-29T15:31:28.966+0000] {processor.py:186} INFO - Started process (PID=479) to work on /home/airflow/.local/lib/python3.12/site-packages/airflow/example_dags/example_inlet_event_extra.py
[2026-07-29T15:31:28.967+0000] {processor.py:914} INFO - Processing file /home/airflow/.local/lib/python3.12/site-packages/airflow/example_dags/example_inlet_event_extra.py for tasks to queue
[2026-07-29T15:31:28.968+0000] {logging_mixin.py:190} INFO - [2026-07-29T15:31:28.968+0000] {dagbag.py:587} INFO - Filling up the DagBag from /home/airflow/.local/lib/python3.12/site-packages/airflow/example_dags/example_inlet_event_extra.py
[2026-07-29T15:31:29.023+0000] {processor.py:925} INFO - DAG(s) 'read_dataset_event_from_classic', 'read_dataset_event' retrieved from /home/airflow/.local/lib/python3.12/site-packages/airflow/example_dags/example_inlet_event_extra.py
[2026-07-29T15:31:29.032+0000] {logging_mixin.py:190} INFO - [2026-07-29T15:31:29.032+0000] {dag.py:3211} INFO - Sync 2 DAGs
[2026-07-29T15:31:29.040+0000] {logging_mixin.py:190} INFO - [2026-07-29T15:31:29.040+0000] {dag.py:4138} INFO - Setting next_dagrun for read_dataset_event to 2026-07-28 00:00:00+00:00, run_after=2026-07-29 00:00:00+00:00
[2026-07-29T15:31:29.042+0000] {logging_mixin.py:190} INFO - [2026-07-29T15:31:29.042+0000] {dag.py:4138} INFO - Setting next_dagrun for read_dataset_event_from_classic to 2026-07-28 00:00:00+00:00, run_after=2026-07-29 00:00:00+00:00
[2026-07-29T15:31:29.049+0000] {processor.py:208} INFO - Processing /home/airflow/.local/lib/python3.12/site-packages/airflow/example_dags/example_inlet_event_extra.py took 0.085 seconds
[2026-07-29T15:31:59.631+0000] {processor.py:186} INFO - Started process (PID=546) to work on /home/airflow/.local/lib/python3.12/site-packages/airflow/example_dags/example_inlet_event_extra.py
[2026-07-29T15:31:59.632+0000] {processor.py:914} INFO - Processing file /home/airflow/.local/lib/python3.12/site-packages/airflow/example_dags/example_inlet_event_extra.py for tasks to queue
[2026-07-29T15:31:59.633+0000] {logging_mixin.py:190} INFO - [2026-07-29T15:31:59.633+0000] {dagbag.py:587} INFO - Filling up the DagBag from /home/airflow/.local/lib/python3.12/site-packages/airflow/example_dags/example_inlet_event_extra.py
[2026-07-29T15:31:59.689+0000] {processor.py:925} INFO - DAG(s) 'read_dataset_event_from_classic', 'read_dataset_event' retrieved from /home/airflow/.local/lib/python3.12/site-packages/airflow/example_dags/example_inlet_event_extra.py
[2026-07-29T15:31:59.697+0000] {logging_mixin.py:190} INFO - [2026-07-29T15:31:59.697+0000] {dag.py:3211} INFO - Sync 2 DAGs
[2026-07-29T15:31:59.706+0000] {logging_mixin.py:190} INFO - [2026-07-29T15:31:59.706+0000] {dag.py:4138} INFO - Setting next_dagrun for read_dataset_event to 2026-07-28 00:00:00+00:00, run_after=2026-07-29 00:00:00+00:00
[2026-07-29T15:31:59.707+0000] {logging_mixin.py:190} INFO - [2026-07-29T15:31:59.707+0000] {dag.py:4138} INFO - Setting next_dagrun for read_dataset_event_from_classic to 2026-07-28 00:00:00+00:00, run_after=2026-07-29 00:00:00+00:00
[2026-07-29T15:31:59.712+0000] {processor.py:208} INFO - Processing /home/airflow/.local/lib/python3.12/site-packages/airflow/example_dags/example_inlet_event_extra.py took 0.083 seconds
[2026-07-29T15:32:30.520+0000] {processor.py:186} INFO - Started process (PID=611) to work on /home/airflow/.local/lib/python3.12/site-packages/airflow/example_dags/example_inlet_event_extra.py
[2026-07-29T15:32:30.522+0000] {processor.py:914} INFO - Processing file /home/airflow/.local/lib/python3.12/site-packages/airflow/example_dags/example_inlet_event_extra.py for tasks to queue
[2026-07-29T15:32:30.523+0000] {logging_mixin.py:190} INFO - [2026-07-29T15:32:30.523+0000] {dagbag.py:587} INFO - Filling up the DagBag from /home/airflow/.local/lib/python3.12/site-packages/airflow/example_dags/example_inlet_event_extra.py
[2026-07-29T15:32:30.585+0000] {processor.py:925} INFO - DAG(s) 'read_dataset_event_from_classic', 'read_dataset_event' retrieved from /home/airflow/.local/lib/python3.12/site-packages/airflow/example_dags/example_inlet_event_extra.py
[2026-07-29T15:32:30.604+0000] {logging_mixin.py:190} INFO - [2026-07-29T15:32:30.603+0000] {dag.py:3211} INFO - Sync 2 DAGs
[2026-07-29T15:32:30.614+0000] {logging_mixin.py:190} INFO - [2026-07-29T15:32:30.614+0000] {dag.py:4138} INFO - Setting next_dagrun for read_dataset_event to 2026-07-28 00:00:00+00:00, run_after=2026-07-29 00:00:00+00:00
[2026-07-29T15:32:30.617+0000] {logging_mixin.py:190} INFO - [2026-07-29T15:32:30.617+0000] {dag.py:4138} INFO - Setting next_dagrun for read_dataset_event_from_classic to 2026-07-28 00:00:00+00:00, run_after=2026-07-29 00:00:00+00:00
[2026-07-29T15:32:30.622+0000] {processor.py:208} INFO - Processing /home/airflow/.local/lib/python3.12/site-packages/airflow/example_dags/example_inlet_event_extra.py took 0.104 seconds
[2026-07-29T15:33:01.597+0000] {processor.py:186} INFO - Started process (PID=677) to work on /home/airflow/.local/lib/python3.12/site-packages/airflow/example_dags/example_inlet_event_extra.py
[2026-07-29T15:33:01.599+0000] {processor.py:914} INFO - Processing file /home/airflow/.local/lib/python3.12/site-packages/airflow/example_dags/example_inlet_event_extra.py for tasks to queue
[2026-07-29T15:33:01.600+0000] {logging_mixin.py:190} INFO - [2026-07-29T15:33:01.600+0000] {dagbag.py:587} INFO - Filling up the DagBag from /home/airflow/.local/lib/python3.12/site-packages/airflow/example_dags/example_inlet_event_extra.py
[2026-07-29T15:33:01.667+0000] {processor.py:925} INFO - DAG(s) 'read_dataset_event_from_classic', 'read_dataset_event' retrieved from /home/airflow/.local/lib/python3.12/site-packages/airflow/example_dags/example_inlet_event_extra.py
[2026-07-29T15:33:01.677+0000] {logging_mixin.py:190} INFO - [2026-07-29T15:33:01.677+0000] {dag.py:3211} INFO - Sync 2 DAGs
[2026-07-29T15:33:01.687+0000] {logging_mixin.py:190} INFO - [2026-07-29T15:33:01.687+0000] {dag.py:4138} INFO - Setting next_dagrun for read_dataset_event to 2026-07-28 00:00:00+00:00, run_after=2026-07-29 00:00:00+00:00
[2026-07-29T15:33:01.689+0000] {logging_mixin.py:190} INFO - [2026-07-29T15:33:01.689+0000] {dag.py:4138} INFO - Setting next_dagrun for read_dataset_event_from_classic to 2026-07-28 00:00:00+00:00, run_after=2026-07-29 00:00:00+00:00
[2026-07-29T15:33:01.695+0000] {processor.py:208} INFO - Processing /home/airflow/.local/lib/python3.12/site-packages/airflow/example_dags/example_inlet_event_extra.py took 0.101 seconds
[2026-07-29T15:33:32.107+0000] {processor.py:186} INFO - Started process (PID=743) to work on /home/airflow/.local/lib/python3.12/site-packages/airflow/example_dags/example_inlet_event_extra.py
[2026-07-29T15:33:32.108+0000] {processor.py:914} INFO - Processing file /home/airflow/.local/lib/python3.12/site-packages/airflow/example_dags/example_inlet_event_extra.py for tasks to queue
[2026-07-29T15:33:32.109+0000] {logging_mixin.py:190} INFO - [2026-07-29T15:33:32.108+0000] {dagbag.py:587} INFO - Filling up the DagBag from /home/airflow/.local/lib/python3.12/site-packages/airflow/example_dags/example_inlet_event_extra.py
[2026-07-29T15:33:32.271+0000] {processor.py:925} INFO - DAG(s) 'read_dataset_event', 'read_dataset_event_from_classic' retrieved from /home/airflow/.local/lib/python3.12/site-packages/airflow/example_dags/example_inlet_event_extra.py
[2026-07-29T15:33:32.282+0000] {logging_mixin.py:190} INFO - [2026-07-29T15:33:32.282+0000] {dag.py:3211} INFO - Sync 2 DAGs
[2026-07-29T15:33:32.294+0000] {logging_mixin.py:190} INFO - [2026-07-29T15:33:32.294+0000] {dag.py:4138} INFO - Setting next_dagrun for read_dataset_event to 2026-07-28 00:00:00+00:00, run_after=2026-07-29 00:00:00+00:00
[2026-07-29T15:33:32.297+0000] {logging_mixin.py:190} INFO - [2026-07-29T15:33:32.297+0000] {dag.py:4138} INFO - Setting next_dagrun for read_dataset_event_from_classic to 2026-07-28 00:00:00+00:00, run_after=2026-07-29 00:00:00+00:00
[2026-07-29T15:33:32.305+0000] {processor.py:208} INFO - Processing /home/airflow/.local/lib/python3.12/site-packages/airflow/example_dags/example_inlet_event_extra.py took 0.201 seconds
[2026-07-29T15:34:02.429+0000] {processor.py:186} INFO - Started process (PID=809) to work on /home/airflow/.local/lib/python3.12/site-packages/airflow/example_dags/example_inlet_event_extra.py
[2026-07-29T15:34:02.430+0000] {processor.py:914} INFO - Processing file /home/airflow/.local/lib/python3.12/site-packages/airflow/example_dags/example_inlet_event_extra.py for tasks to queue
[2026-07-29T15:34:02.431+0000] {logging_mixin.py:190} INFO - [2026-07-29T15:34:02.431+0000] {dagbag.py:587} INFO - Filling up the DagBag from /home/airflow/.local/lib/python3.12/site-packages/airflow/example_dags/example_inlet_event_extra.py
[2026-07-29T15:34:02.492+0000] {processor.py:925} INFO - DAG(s) 'read_dataset_event', 'read_dataset_event_from_classic' retrieved from /home/airflow/.local/lib/python3.12/site-packages/airflow/example_dags/example_inlet_event_extra.py
[2026-07-29T15:34:02.616+0000] {logging_mixin.py:190} INFO - [2026-07-29T15:34:02.616+0000] {dag.py:3211} INFO - Sync 2 DAGs
[2026-07-29T15:34:02.626+0000] {logging_mixin.py:190} INFO - [2026-07-29T15:34:02.626+0000] {dag.py:4138} INFO - Setting next_dagrun for read_dataset_event to 2026-07-28 00:00:00+00:00, run_after=2026-07-29 00:00:00+00:00
[2026-07-29T15:34:02.629+0000] {logging_mixin.py:190} INFO - [2026-07-29T15:34:02.629+0000] {dag.py:4138} INFO - Setting next_dagrun for read_dataset_event_from_classic to 2026-07-28 00:00:00+00:00, run_after=2026-07-29 00:00:00+00:00
[2026-07-29T15:34:02.637+0000] {processor.py:208} INFO - Processing /home/airflow/.local/lib/python3.12/site-packages/airflow/example_dags/example_inlet_event_extra.py took 0.212 seconds
[2026-07-29T15:34:32.808+0000] {processor.py:186} INFO - Started process (PID=875) to work on /home/airflow/.local/lib/python3.12/site-packages/airflow/example_dags/example_inlet_event_extra.py
[2026-07-29T15:34:32.810+0000] {processor.py:914} INFO - Processing file /home/airflow/.local/lib/python3.12/site-packages/airflow/example_dags/example_inlet_event_extra.py for tasks to queue
[2026-07-29T15:34:32.812+0000] {logging_mixin.py:190} INFO - [2026-07-29T15:34:32.812+0000] {dagbag.py:587} INFO - Filling up the DagBag from /home/airflow/.local/lib/python3.12/site-packages/airflow/example_dags/example_inlet_event_extra.py
[2026-07-29T15:34:32.869+0000] {processor.py:925} INFO - DAG(s) 'read_dataset_event_from_classic', 'read_dataset_event' retrieved from /home/airflow/.local/lib/python3.12/site-packages/airflow/example_dags/example_inlet_event_extra.py
[2026-07-29T15:34:32.880+0000] {logging_mixin.py:190} INFO - [2026-07-29T15:34:32.880+0000] {dag.py:3211} INFO - Sync 2 DAGs
[2026-07-29T15:34:32.988+0000] {logging_mixin.py:190} INFO - [2026-07-29T15:34:32.988+0000] {dag.py:4138} INFO - Setting next_dagrun for read_dataset_event to 2026-07-28 00:00:00+00:00, run_after=2026-07-29 00:00:00+00:00
[2026-07-29T15:34:32.991+0000] {logging_mixin.py:190} INFO - [2026-07-29T15:34:32.991+0000] {dag.py:4138} INFO - Setting next_dagrun for read_dataset_event_from_classic to 2026-07-28 00:00:00+00:00, run_after=2026-07-29 00:00:00+00:00
[2026-07-29T15:34:33.001+0000] {processor.py:208} INFO - Processing /home/airflow/.local/lib/python3.12/site-packages/airflow/example_dags/example_inlet_event_extra.py took 0.195 seconds
[2026-07-29T15:35:03.212+0000] {processor.py:186} INFO - Started process (PID=944) to work on /home/airflow/.local/lib/python3.12/site-packages/airflow/example_dags/example_inlet_event_extra.py
[2026-07-29T15:35:03.213+0000] {processor.py:914} INFO - Processing file /home/airflow/.local/lib/python3.12/site-packages/airflow/example_dags/example_inlet_event_extra.py for tasks to queue
[2026-07-29T15:35:03.214+0000] {logging_mixin.py:190} INFO - [2026-07-29T15:35:03.214+0000] {dagbag.py:587} INFO - Filling up the DagBag from /home/airflow/.local/lib/python3.12/site-packages/airflow/example_dags/example_inlet_event_extra.py
[2026-07-29T15:35:03.375+0000] {processor.py:925} INFO - DAG(s) 'read_dataset_event', 'read_dataset_event_from_classic' retrieved from /home/airflow/.local/lib/python3.12/site-packages/airflow/example_dags/example_inlet_event_extra.py
[2026-07-29T15:35:03.386+0000] {logging_mixin.py:190} INFO - [2026-07-29T15:35:03.386+0000] {dag.py:3211} INFO - Sync 2 DAGs
[2026-07-29T15:35:03.395+0000] {logging_mixin.py:190} INFO - [2026-07-29T15:35:03.395+0000] {dag.py:4138} INFO - Setting next_dagrun for read_dataset_event to 2026-07-28 00:00:00+00:00, run_after=2026-07-29 00:00:00+00:00
[2026-07-29T15:35:03.399+0000] {logging_mixin.py:190} INFO - [2026-07-29T15:35:03.399+0000] {dag.py:4138} INFO - Setting next_dagrun for read_dataset_event_from_classic to 2026-07-28 00:00:00+00:00, run_after=2026-07-29 00:00:00+00:00
[2026-07-29T15:35:03.404+0000] {processor.py:208} INFO - Processing /home/airflow/.local/lib/python3.12/site-packages/airflow/example_dags/example_inlet_event_extra.py took 0.194 seconds
[2026-07-29T15:35:33.421+0000] {processor.py:186} INFO - Started process (PID=1013) to work on /home/airflow/.local/lib/python3.12/site-packages/airflow/example_dags/example_inlet_event_extra.py
[2026-07-29T15:35:33.422+0000] {processor.py:914} INFO - Processing file /home/airflow/.local/lib/python3.12/site-packages/airflow/example_dags/example_inlet_event_extra.py for tasks to queue
[2026-07-29T15:35:33.423+0000] {logging_mixin.py:190} INFO - [2026-07-29T15:35:33.423+0000] {dagbag.py:587} INFO - Filling up the DagBag from /home/airflow/.local/lib/python3.12/site-packages/airflow/example_dags/example_inlet_event_extra.py
[2026-07-29T15:35:33.574+0000] {processor.py:925} INFO - DAG(s) 'read_dataset_event', 'read_dataset_event_from_classic' retrieved from /home/airflow/.local/lib/python3.12/site-packages/airflow/example_dags/example_inlet_event_extra.py
[2026-07-29T15:35:33.586+0000] {logging_mixin.py:190} INFO - [2026-07-29T15:35:33.586+0000] {dag.py:3211} INFO - Sync 2 DAGs
[2026-07-29T15:35:33.597+0000] {logging_mixin.py:190} INFO - [2026-07-29T15:35:33.597+0000] {dag.py:4138} INFO - Setting next_dagrun for read_dataset_event to 2026-07-28 00:00:00+00:00, run_after=2026-07-29 00:00:00+00:00
[2026-07-29T15:35:33.599+0000] {logging_mixin.py:190} INFO - [2026-07-29T15:35:33.599+0000] {dag.py:4138} INFO - Setting next_dagrun for read_dataset_event_from_classic to 2026-07-28 00:00:00+00:00, run_after=2026-07-29 00:00:00+00:00
[2026-07-29T15:35:33.605+0000] {processor.py:208} INFO - Processing /home/airflow/.local/lib/python3.12/site-packages/airflow/example_dags/example_inlet_event_extra.py took 0.186 seconds
[2026-07-29T15:36:04.044+0000] {processor.py:186} INFO - Started process (PID=1082) to work on /home/airflow/.local/lib/python3.12/site-packages/airflow/example_dags/example_inlet_event_extra.py
[2026-07-29T15:36:04.045+0000] {processor.py:914} INFO - Processing file /home/airflow/.local/lib/python3.12/site-packages/airflow/example_dags/example_inlet_event_extra.py for tasks to queue
[2026-07-29T15:36:04.047+0000] {logging_mixin.py:190} INFO - [2026-07-29T15:36:04.046+0000] {dagbag.py:587} INFO - Filling up the DagBag from /home/airflow/.local/lib/python3.12/site-packages/airflow/example_dags/example_inlet_event_extra.py
[2026-07-29T15:36:04.214+0000] {processor.py:925} INFO - DAG(s) 'read_dataset_event_from_classic', 'read_dataset_event' retrieved from /home/airflow/.local/lib/python3.12/site-packages/airflow/example_dags/example_inlet_event_extra.py
[2026-07-29T15:36:04.224+0000] {logging_mixin.py:190} INFO - [2026-07-29T15:36:04.224+0000] {dag.py:3211} INFO - Sync 2 DAGs
[2026-07-29T15:36:04.235+0000] {logging_mixin.py:190} INFO - [2026-07-29T15:36:04.234+0000] {dag.py:4138} INFO - Setting next_dagrun for read_dataset_event to 2026-07-28 00:00:00+00:00, run_after=2026-07-29 00:00:00+00:00
[2026-07-29T15:36:04.237+0000] {logging_mixin.py:190} INFO - [2026-07-29T15:36:04.237+0000] {dag.py:4138} INFO - Setting next_dagrun for read_dataset_event_from_classic to 2026-07-28 00:00:00+00:00, run_after=2026-07-29 00:00:00+00:00
[2026-07-29T15:36:04.245+0000] {processor.py:208} INFO - Processing /home/airflow/.local/lib/python3.12/site-packages/airflow/example_dags/example_inlet_event_extra.py took 0.204 seconds
[2026-07-29T15:36:34.404+0000] {processor.py:186} INFO - Started process (PID=1151) to work on /home/airflow/.local/lib/python3.12/site-packages/airflow/example_dags/example_inlet_event_extra.py
[2026-07-29T15:36:34.406+0000] {processor.py:914} INFO - Processing file /home/airflow/.local/lib/python3.12/site-packages/airflow/example_dags/example_inlet_event_extra.py for tasks to queue
[2026-07-29T15:36:34.406+0000] {logging_mixin.py:190} INFO - [2026-07-29T15:36:34.406+0000] {dagbag.py:587} INFO - Filling up the DagBag from /home/airflow/.local/lib/python3.12/site-packages/airflow/example_dags/example_inlet_event_extra.py
[2026-07-29T15:36:34.557+0000] {processor.py:925} INFO - DAG(s) 'read_dataset_event', 'read_dataset_event_from_classic' retrieved from /home/airflow/.local/lib/python3.12/site-packages/airflow/example_dags/example_inlet_event_extra.py
[2026-07-29T15:36:34.574+0000] {logging_mixin.py:190} INFO - [2026-07-29T15:36:34.574+0000] {dag.py:3211} INFO - Sync 2 DAGs
[2026-07-29T15:36:34.581+0000] {logging_mixin.py:190} INFO - [2026-07-29T15:36:34.581+0000] {dag.py:4138} INFO - Setting next_dagrun for read_dataset_event to 2026-07-28 00:00:00+00:00, run_after=2026-07-29 00:00:00+00:00
[2026-07-29T15:36:34.584+0000] {logging_mixin.py:190} INFO - [2026-07-29T15:36:34.584+0000] {dag.py:4138} INFO - Setting next_dagrun for read_dataset_event_from_classic to 2026-07-28 00:00:00+00:00, run_after=2026-07-29 00:00:00+00:00
[2026-07-29T15:36:34.590+0000] {processor.py:208} INFO - Processing /home/airflow/.local/lib/python3.12/site-packages/airflow/example_dags/example_inlet_event_extra.py took 0.188 seconds
[2026-07-29T15:37:04.619+0000] {processor.py:186} INFO - Started process (PID=1219) to work on /home/airflow/.local/lib/python3.12/site-packages/airflow/example_dags/example_inlet_event_extra.py
[2026-07-29T15:37:04.619+0000] {processor.py:914} INFO - Processing file /home/airflow/.local/lib/python3.12/site-packages/airflow/example_dags/example_inlet_event_extra.py for tasks to queue
[2026-07-29T15:37:04.621+0000] {logging_mixin.py:190} INFO - [2026-07-29T15:37:04.621+0000] {dagbag.py:587} INFO - Filling up the DagBag from /home/airflow/.local/lib/python3.12/site-packages/airflow/example_dags/example_inlet_event_extra.py
[2026-07-29T15:37:04.783+0000] {processor.py:925} INFO - DAG(s) 'read_dataset_event', 'read_dataset_event_from_classic' retrieved from /home/airflow/.local/lib/python3.12/site-packages/airflow/example_dags/example_inlet_event_extra.py
[2026-07-29T15:37:04.791+0000] {logging_mixin.py:190} INFO - [2026-07-29T15:37:04.791+0000] {dag.py:3211} INFO - Sync 2 DAGs
[2026-07-29T15:37:04.799+0000] {logging_mixin.py:190} INFO - [2026-07-29T15:37:04.799+0000] {dag.py:4138} INFO - Setting next_dagrun for read_dataset_event to 2026-07-28 00:00:00+00:00, run_after=2026-07-29 00:00:00+00:00
[2026-07-29T15:37:04.800+0000] {logging_mixin.py:190} INFO - [2026-07-29T15:37:04.800+0000] {dag.py:4138} INFO - Setting next_dagrun for read_dataset_event_from_classic to 2026-07-28 00:00:00+00:00, run_after=2026-07-29 00:00:00+00:00
[2026-07-29T15:37:04.805+0000] {processor.py:208} INFO - Processing /home/airflow/.local/lib/python3.12/site-packages/airflow/example_dags/example_inlet_event_extra.py took 0.189 seconds
[2026-07-29T15:37:34.879+0000] {processor.py:186} INFO - Started process (PID=1284) to work on /home/airflow/.local/lib/python3.12/site-packages/airflow/example_dags/example_inlet_event_extra.py
[2026-07-29T15:37:34.879+0000] {processor.py:914} INFO - Processing file /home/airflow/.local/lib/python3.12/site-packages/airflow/example_dags/example_inlet_event_extra.py for tasks to queue
[2026-07-29T15:37:34.881+0000] {logging_mixin.py:190} INFO - [2026-07-29T15:37:34.881+0000] {dagbag.py:587} INFO - Filling up the DagBag from /home/airflow/.local/lib/python3.12/site-packages/airflow/example_dags/example_inlet_event_extra.py
[2026-07-29T15:37:35.039+0000] {processor.py:925} INFO - DAG(s) 'read_dataset_event', 'read_dataset_event_from_classic' retrieved from /home/airflow/.local/lib/python3.12/site-packages/airflow/example_dags/example_inlet_event_extra.py
[2026-07-29T15:37:35.046+0000] {logging_mixin.py:190} INFO - [2026-07-29T15:37:35.046+0000] {dag.py:3211} INFO - Sync 2 DAGs
[2026-07-29T15:37:35.053+0000] {logging_mixin.py:190} INFO - [2026-07-29T15:37:35.053+0000] {dag.py:4138} INFO - Setting next_dagrun for read_dataset_event to 2026-07-28 00:00:00+00:00, run_after=2026-07-29 00:00:00+00:00
[2026-07-29T15:37:35.055+0000] {logging_mixin.py:190} INFO - [2026-07-29T15:37:35.055+0000] {dag.py:4138} INFO - Setting next_dagrun for read_dataset_event_from_classic to 2026-07-28 00:00:00+00:00, run_after=2026-07-29 00:00:00+00:00
[2026-07-29T15:37:35.059+0000] {processor.py:208} INFO - Processing /home/airflow/.local/lib/python3.12/site-packages/airflow/example_dags/example_inlet_event_extra.py took 0.184 seconds
[2026-07-29T15:38:05.124+0000] {processor.py:186} INFO - Started process (PID=1353) to work on /home/airflow/.local/lib/python3.12/site-packages/airflow/example_dags/example_inlet_event_extra.py
[2026-07-29T15:38:05.124+0000] {processor.py:914} INFO - Processing file /home/airflow/.local/lib/python3.12/site-packages/airflow/example_dags/example_inlet_event_extra.py for tasks to queue
[2026-07-29T15:38:05.125+0000] {logging_mixin.py:190} INFO - [2026-07-29T15:38:05.125+0000] {dagbag.py:587} INFO - Filling up the DagBag from /home/airflow/.local/lib/python3.12/site-packages/airflow/example_dags/example_inlet_event_extra.py
[2026-07-29T15:38:05.249+0000] {processor.py:925} INFO - DAG(s) 'read_dataset_event_from_classic', 'read_dataset_event' retrieved from /home/airflow/.local/lib/python3.12/site-packages/airflow/example_dags/example_inlet_event_extra.py
[2026-07-29T15:38:05.256+0000] {logging_mixin.py:190} INFO - [2026-07-29T15:38:05.256+0000] {dag.py:3211} INFO - Sync 2 DAGs
[2026-07-29T15:38:05.262+0000] {logging_mixin.py:190} INFO - [2026-07-29T15:38:05.262+0000] {dag.py:4138} INFO - Setting next_dagrun for read_dataset_event to 2026-07-28 00:00:00+00:00, run_after=2026-07-29 00:00:00+00:00
[2026-07-29T15:38:05.264+0000] {logging_mixin.py:190} INFO - [2026-07-29T15:38:05.264+0000] {dag.py:4138} INFO - Setting next_dagrun for read_dataset_event_from_classic to 2026-07-28 00:00:00+00:00, run_after=2026-07-29 00:00:00+00:00
[2026-07-29T15:38:05.268+0000] {processor.py:208} INFO - Processing /home/airflow/.local/lib/python3.12/site-packages/airflow/example_dags/example_inlet_event_extra.py took 0.147 seconds
[2026-07-29T15:38:35.768+0000] {processor.py:186} INFO - Started process (PID=1419) to work on /home/airflow/.local/lib/python3.12/site-packages/airflow/example_dags/example_inlet_event_extra.py
[2026-07-29T15:38:35.769+0000] {processor.py:914} INFO - Processing file /home/airflow/.local/lib/python3.12/site-packages/airflow/example_dags/example_inlet_event_extra.py for tasks to queue
[2026-07-29T15:38:35.770+0000] {logging_mixin.py:190} INFO - [2026-07-29T15:38:35.770+0000] {dagbag.py:587} INFO - Filling up the DagBag from /home/airflow/.local/lib/python3.12/site-packages/airflow/example_dags/example_inlet_event_extra.py
[2026-07-29T15:38:35.819+0000] {processor.py:925} INFO - DAG(s) 'read_dataset_event', 'read_dataset_event_from_classic' retrieved from /home/airflow/.local/lib/python3.12/site-packages/airflow/example_dags/example_inlet_event_extra.py
[2026-07-29T15:38:35.826+0000] {logging_mixin.py:190} INFO - [2026-07-29T15:38:35.826+0000] {dag.py:3211} INFO - Sync 2 DAGs
[2026-07-29T15:38:35.834+0000] {logging_mixin.py:190} INFO - [2026-07-29T15:38:35.834+0000] {dag.py:4138} INFO - Setting next_dagrun for read_dataset_event to 2026-07-28 00:00:00+00:00, run_after=2026-07-29 00:00:00+00:00
[2026-07-29T15:38:35.835+0000] {logging_mixin.py:190} INFO - [2026-07-29T15:38:35.835+0000] {dag.py:4138} INFO - Setting next_dagrun for read_dataset_event_from_classic to 2026-07-28 00:00:00+00:00, run_after=2026-07-29 00:00:00+00:00
[2026-07-29T15:38:35.840+0000] {processor.py:208} INFO - Processing /home/airflow/.local/lib/python3.12/site-packages/airflow/example_dags/example_inlet_event_extra.py took 0.074 seconds
[2026-07-29T15:39:06.386+0000] {processor.py:186} INFO - Started process (PID=1475) to work on /home/airflow/.local/lib/python3.12/site-packages/airflow/example_dags/example_inlet_event_extra.py
[2026-07-29T15:39:06.386+0000] {processor.py:914} INFO - Processing file /home/airflow/.local/lib/python3.12/site-packages/airflow/example_dags/example_inlet_event_extra.py for tasks to queue
[2026-07-29T15:39:06.387+0000] {logging_mixin.py:190} INFO - [2026-07-29T15:39:06.387+0000] {dagbag.py:587} INFO - Filling up the DagBag from /home/airflow/.local/lib/python3.12/site-packages/airflow/example_dags/example_inlet_event_extra.py
[2026-07-29T15:39:06.442+0000] {processor.py:925} INFO - DAG(s) 'read_dataset_event_from_classic', 'read_dataset_event' retrieved from /home/airflow/.local/lib/python3.12/site-packages/airflow/example_dags/example_inlet_event_extra.py
[2026-07-29T15:39:06.455+0000] {logging_mixin.py:190} INFO - [2026-07-29T15:39:06.454+0000] {dag.py:3211} INFO - Sync 2 DAGs
[2026-07-29T15:39:06.464+0000] {logging_mixin.py:190} INFO - [2026-07-29T15:39:06.464+0000] {dag.py:4138} INFO - Setting next_dagrun for read_dataset_event to 2026-07-28 00:00:00+00:00, run_after=2026-07-29 00:00:00+00:00
[2026-07-29T15:39:06.465+0000] {logging_mixin.py:190} INFO - [2026-07-29T15:39:06.465+0000] {dag.py:4138} INFO - Setting next_dagrun for read_dataset_event_from_classic to 2026-07-28 00:00:00+00:00, run_after=2026-07-29 00:00:00+00:00
[2026-07-29T15:39:06.473+0000] {processor.py:208} INFO - Processing /home/airflow/.local/lib/python3.12/site-packages/airflow/example_dags/example_inlet_event_extra.py took 0.091 seconds
[2026-07-29T15:39:37.377+0000] {processor.py:186} INFO - Started process (PID=1542) to work on /home/airflow/.local/lib/python3.12/site-packages/airflow/example_dags/example_inlet_event_extra.py
[2026-07-29T15:39:37.378+0000] {processor.py:914} INFO - Processing file /home/airflow/.local/lib/python3.12/site-packages/airflow/example_dags/example_inlet_event_extra.py for tasks to queue
[2026-07-29T15:39:37.379+0000] {logging_mixin.py:190} INFO - [2026-07-29T15:39:37.378+0000] {dagbag.py:587} INFO - Filling up the DagBag from /home/airflow/.local/lib/python3.12/site-packages/airflow/example_dags/example_inlet_event_extra.py
[2026-07-29T15:39:37.437+0000] {processor.py:925} INFO - DAG(s) 'read_dataset_event', 'read_dataset_event_from_classic' retrieved from /home/airflow/.local/lib/python3.12/site-packages/airflow/example_dags/example_inlet_event_extra.py
[2026-07-29T15:39:37.449+0000] {logging_mixin.py:190} INFO - [2026-07-29T15:39:37.449+0000] {dag.py:3211} INFO - Sync 2 DAGs
[2026-07-29T15:39:37.459+0000] {logging_mixin.py:190} INFO - [2026-07-29T15:39:37.459+0000] {dag.py:4138} INFO - Setting next_dagrun for read_dataset_event to 2026-07-28 00:00:00+00:00, run_after=2026-07-29 00:00:00+00:00
[2026-07-29T15:39:37.462+0000] {logging_mixin.py:190} INFO - [2026-07-29T15:39:37.462+0000] {dag.py:4138} INFO - Setting next_dagrun for read_dataset_event_from_classic to 2026-07-28 00:00:00+00:00, run_after=2026-07-29 00:00:00+00:00
[2026-07-29T15:39:37.469+0000] {processor.py:208} INFO - Processing /home/airflow/.local/lib/python3.12/site-packages/airflow/example_dags/example_inlet_event_extra.py took 0.095 seconds
[2026-07-29T15:40:08.488+0000] {processor.py:186} INFO - Started process (PID=1609) to work on /home/airflow/.local/lib/python3.12/site-packages/airflow/example_dags/example_inlet_event_extra.py
[2026-07-29T15:40:08.489+0000] {processor.py:914} INFO - Processing file /home/airflow/.local/lib/python3.12/site-packages/airflow/example_dags/example_inlet_event_extra.py for tasks to queue
[2026-07-29T15:40:08.490+0000] {logging_mixin.py:190} INFO - [2026-07-29T15:40:08.490+0000] {dagbag.py:587} INFO - Filling up the DagBag from /home/airflow/.local/lib/python3.12/site-packages/airflow/example_dags/example_inlet_event_extra.py
[2026-07-29T15:40:08.551+0000] {processor.py:925} INFO - DAG(s) 'read_dataset_event_from_classic', 'read_dataset_event' retrieved from /home/airflow/.local/lib/python3.12/site-packages/airflow/example_dags/example_inlet_event_extra.py
[2026-07-29T15:40:08.566+0000] {logging_mixin.py:190} INFO - [2026-07-29T15:40:08.566+0000] {dag.py:3211} INFO - Sync 2 DAGs
[2026-07-29T15:40:08.577+0000] {logging_mixin.py:190} INFO - [2026-07-29T15:40:08.576+0000] {dag.py:4138} INFO - Setting next_dagrun for read_dataset_event to 2026-07-28 00:00:00+00:00, run_after=2026-07-29 00:00:00+00:00
[2026-07-29T15:40:08.578+0000] {logging_mixin.py:190} INFO - [2026-07-29T15:40:08.578+0000] {dag.py:4138} INFO - Setting next_dagrun for read_dataset_event_from_classic to 2026-07-28 00:00:00+00:00, run_after=2026-07-29 00:00:00+00:00
[2026-07-29T15:40:08.584+0000] {processor.py:208} INFO - Processing /home/airflow/.local/lib/python3.12/site-packages/airflow/example_dags/example_inlet_event_extra.py took 0.099 seconds
[2026-07-29T15:40:39.466+0000] {processor.py:186} INFO - Started process (PID=1675) to work on /home/airflow/.local/lib/python3.12/site-packages/airflow/example_dags/example_inlet_event_extra.py
[2026-07-29T15:40:39.467+0000] {processor.py:914} INFO - Processing file /home/airflow/.local/lib/python3.12/site-packages/airflow/example_dags/example_inlet_event_extra.py for tasks to queue
[2026-07-29T15:40:39.468+0000] {logging_mixin.py:190} INFO - [2026-07-29T15:40:39.468+0000] {dagbag.py:587} INFO - Filling up the DagBag from /home/airflow/.local/lib/python3.12/site-packages/airflow/example_dags/example_inlet_event_extra.py
[2026-07-29T15:40:39.530+0000] {processor.py:925} INFO - DAG(s) 'read_dataset_event_from_classic', 'read_dataset_event' retrieved from /home/airflow/.local/lib/python3.12/site-packages/airflow/example_dags/example_inlet_event_extra.py
[2026-07-29T15:40:39.539+0000] {logging_mixin.py:190} INFO - [2026-07-29T15:40:39.539+0000] {dag.py:3211} INFO - Sync 2 DAGs
[2026-07-29T15:40:39.549+0000] {logging_mixin.py:190} INFO - [2026-07-29T15:40:39.549+0000] {dag.py:4138} INFO - Setting next_dagrun for read_dataset_event to 2026-07-28 00:00:00+00:00, run_after=2026-07-29 00:00:00+00:00
[2026-07-29T15:40:39.551+0000] {logging_mixin.py:190} INFO - [2026-07-29T15:40:39.551+0000] {dag.py:4138} INFO - Setting next_dagrun for read_dataset_event_from_classic to 2026-07-28 00:00:00+00:00, run_after=2026-07-29 00:00:00+00:00
[2026-07-29T15:40:39.562+0000] {processor.py:208} INFO - Processing /home/airflow/.local/lib/python3.12/site-packages/airflow/example_dags/example_inlet_event_extra.py took 0.099 seconds
[2026-07-29T15:41:10.390+0000] {processor.py:186} INFO - Started process (PID=1740) to work on /home/airflow/.local/lib/python3.12/site-packages/airflow/example_dags/example_inlet_event_extra.py
[2026-07-29T15:41:10.391+0000] {processor.py:914} INFO - Processing file /home/airflow/.local/lib/python3.12/site-packages/airflow/example_dags/example_inlet_event_extra.py for tasks to queue
[2026-07-29T15:41:10.393+0000] {logging_mixin.py:190} INFO - [2026-07-29T15:41:10.393+0000] {dagbag.py:587} INFO - Filling up the DagBag from /home/airflow/.local/lib/python3.12/site-packages/airflow/example_dags/example_inlet_event_extra.py
[2026-07-29T15:41:10.456+0000] {processor.py:925} INFO - DAG(s) 'read_dataset_event', 'read_dataset_event_from_classic' retrieved from /home/airflow/.local/lib/python3.12/site-packages/airflow/example_dags/example_inlet_event_extra.py
[2026-07-29T15:41:10.467+0000] {logging_mixin.py:190} INFO - [2026-07-29T15:41:10.467+0000] {dag.py:3211} INFO - Sync 2 DAGs
[2026-07-29T15:41:10.478+0000] {logging_mixin.py:190} INFO - [2026-07-29T15:41:10.478+0000] {dag.py:4138} INFO - Setting next_dagrun for read_dataset_event to 2026-07-28 00:00:00+00:00, run_after=2026-07-29 00:00:00+00:00
[2026-07-29T15:41:10.483+0000] {logging_mixin.py:190} INFO - [2026-07-29T15:41:10.483+0000] {dag.py:4138} INFO - Setting next_dagrun for read_dataset_event_from_classic to 2026-07-28 00:00:00+00:00, run_after=2026-07-29 00:00:00+00:00
[2026-07-29T15:41:10.491+0000] {processor.py:208} INFO - Processing /home/airflow/.local/lib/python3.12/site-packages/airflow/example_dags/example_inlet_event_extra.py took 0.103 seconds
[2026-07-29T15:41:41.346+0000] {processor.py:186} INFO - Started process (PID=1806) to work on /home/airflow/.local/lib/python3.12/site-packages/airflow/example_dags/example_inlet_event_extra.py
[2026-07-29T15:41:41.349+0000] {processor.py:914} INFO - Processing file /home/airflow/.local/lib/python3.12/site-packages/airflow/example_dags/example_inlet_event_extra.py for tasks to queue
[2026-07-29T15:41:41.350+0000] {logging_mixin.py:190} INFO - [2026-07-29T15:41:41.350+0000] {dagbag.py:587} INFO - Filling up the DagBag from /home/airflow/.local/lib/python3.12/site-packages/airflow/example_dags/example_inlet_event_extra.py
[2026-07-29T15:41:41.409+0000] {processor.py:925} INFO - DAG(s) 'read_dataset_event_from_classic', 'read_dataset_event' retrieved from /home/airflow/.local/lib/python3.12/site-packages/airflow/example_dags/example_inlet_event_extra.py
[2026-07-29T15:41:41.420+0000] {logging_mixin.py:190} INFO - [2026-07-29T15:41:41.420+0000] {dag.py:3211} INFO - Sync 2 DAGs
[2026-07-29T15:41:41.430+0000] {logging_mixin.py:190} INFO - [2026-07-29T15:41:41.430+0000] {dag.py:4138} INFO - Setting next_dagrun for read_dataset_event to 2026-07-28 00:00:00+00:00, run_after=2026-07-29 00:00:00+00:00
[2026-07-29T15:41:41.432+0000] {logging_mixin.py:190} INFO - [2026-07-29T15:41:41.432+0000] {dag.py:4138} INFO - Setting next_dagrun for read_dataset_event_from_classic to 2026-07-28 00:00:00+00:00, run_after=2026-07-29 00:00:00+00:00
[2026-07-29T15:41:41.443+0000] {processor.py:208} INFO - Processing /home/airflow/.local/lib/python3.12/site-packages/airflow/example_dags/example_inlet_event_extra.py took 0.099 seconds
[2026-07-29T15:42:12.395+0000] {processor.py:186} INFO - Started process (PID=1872) to work on /home/airflow/.local/lib/python3.12/site-packages/airflow/example_dags/example_inlet_event_extra.py
[2026-07-29T15:42:12.395+0000] {processor.py:914} INFO - Processing file /home/airflow/.local/lib/python3.12/site-packages/airflow/example_dags/example_inlet_event_extra.py for tasks to queue
[2026-07-29T15:42:12.396+0000] {logging_mixin.py:190} INFO - [2026-07-29T15:42:12.396+0000] {dagbag.py:587} INFO - Filling up the DagBag from /home/airflow/.local/lib/python3.12/site-packages/airflow/example_dags/example_inlet_event_extra.py
[2026-07-29T15:42:12.453+0000] {processor.py:925} INFO - DAG(s) 'read_dataset_event_from_classic', 'read_dataset_event' retrieved from /home/airflow/.local/lib/python3.12/site-packages/airflow/example_dags/example_inlet_event_extra.py
[2026-07-29T15:42:12.467+0000] {logging_mixin.py:190} INFO - [2026-07-29T15:42:12.467+0000] {dag.py:3211} INFO - Sync 2 DAGs
[2026-07-29T15:42:12.477+0000] {logging_mixin.py:190} INFO - [2026-07-29T15:42:12.477+0000] {dag.py:4138} INFO - Setting next_dagrun for read_dataset_event to 2026-07-28 00:00:00+00:00, run_after=2026-07-29 00:00:00+00:00
[2026-07-29T15:42:12.479+0000] {logging_mixin.py:190} INFO - [2026-07-29T15:42:12.479+0000] {dag.py:4138} INFO - Setting next_dagrun for read_dataset_event_from_classic to 2026-07-28 00:00:00+00:00, run_after=2026-07-29 00:00:00+00:00
[2026-07-29T15:42:12.484+0000] {processor.py:208} INFO - Processing /home/airflow/.local/lib/python3.12/site-packages/airflow/example_dags/example_inlet_event_extra.py took 0.092 seconds
[2026-07-29T15:42:43.291+0000] {processor.py:186} INFO - Started process (PID=1937) to work on /home/airflow/.local/lib/python3.12/site-packages/airflow/example_dags/example_inlet_event_extra.py
[2026-07-29T15:42:43.292+0000] {processor.py:914} INFO - Processing file /home/airflow/.local/lib/python3.12/site-packages/airflow/example_dags/example_inlet_event_extra.py for tasks to queue
[2026-07-29T15:42:43.293+0000] {logging_mixin.py:190} INFO - [2026-07-29T15:42:43.293+0000] {dagbag.py:587} INFO - Filling up the DagBag from /home/airflow/.local/lib/python3.12/site-packages/airflow/example_dags/example_inlet_event_extra.py
[2026-07-29T15:42:43.354+0000] {processor.py:925} INFO - DAG(s) 'read_dataset_event_from_classic', 'read_dataset_event' retrieved from /home/airflow/.local/lib/python3.12/site-packages/airflow/example_dags/example_inlet_event_extra.py
[2026-07-29T15:42:43.367+0000] {logging_mixin.py:190} INFO - [2026-07-29T15:42:43.367+0000] {dag.py:3211} INFO - Sync 2 DAGs
[2026-07-29T15:42:43.377+0000] {logging_mixin.py:190} INFO - [2026-07-29T15:42:43.377+0000] {dag.py:4138} INFO - Setting next_dagrun for read_dataset_event to 2026-07-28 00:00:00+00:00, run_after=2026-07-29 00:00:00+00:00
[2026-07-29T15:42:43.379+0000] {logging_mixin.py:190} INFO - [2026-07-29T15:42:43.379+0000] {dag.py:4138} INFO - Setting next_dagrun for read_dataset_event_from_classic to 2026-07-28 00:00:00+00:00, run_after=2026-07-29 00:00:00+00:00
[2026-07-29T15:42:43.384+0000] {processor.py:208} INFO - Processing /home/airflow/.local/lib/python3.12/site-packages/airflow/example_dags/example_inlet_event_extra.py took 0.096 seconds
[2026-07-29T15:43:14.308+0000] {processor.py:186} INFO - Started process (PID=2004) to work on /home/airflow/.local/lib/python3.12/site-packages/airflow/example_dags/example_inlet_event_extra.py
[2026-07-29T15:43:14.310+0000] {processor.py:914} INFO - Processing file /home/airflow/.local/lib/python3.12/site-packages/airflow/example_dags/example_inlet_event_extra.py for tasks to queue
[2026-07-29T15:43:14.311+0000] {logging_mixin.py:190} INFO - [2026-07-29T15:43:14.311+0000] {dagbag.py:587} INFO - Filling up the DagBag from /home/airflow/.local/lib/python3.12/site-packages/airflow/example_dags/example_inlet_event_extra.py
[2026-07-29T15:43:14.367+0000] {processor.py:925} INFO - DAG(s) 'read_dataset_event_from_classic', 'read_dataset_event' retrieved from /home/airflow/.local/lib/python3.12/site-packages/airflow/example_dags/example_inlet_event_extra.py
[2026-07-29T15:43:14.380+0000] {logging_mixin.py:190} INFO - [2026-07-29T15:43:14.380+0000] {dag.py:3211} INFO - Sync 2 DAGs
[2026-07-29T15:43:14.391+0000] {logging_mixin.py:190} INFO - [2026-07-29T15:43:14.391+0000] {dag.py:4138} INFO - Setting next_dagrun for read_dataset_event to 2026-07-28 00:00:00+00:00, run_after=2026-07-29 00:00:00+00:00
[2026-07-29T15:43:14.393+0000] {logging_mixin.py:190} INFO - [2026-07-29T15:43:14.393+0000] {dag.py:4138} INFO - Setting next_dagrun for read_dataset_event_from_classic to 2026-07-28 00:00:00+00:00, run_after=2026-07-29 00:00:00+00:00
[2026-07-29T15:43:14.398+0000] {processor.py:208} INFO - Processing /home/airflow/.local/lib/python3.12/site-packages/airflow/example_dags/example_inlet_event_extra.py took 0.092 seconds
[2026-07-29T15:43:44.743+0000] {processor.py:186} INFO - Started process (PID=2065) to work on /home/airflow/.local/lib/python3.12/site-packages/airflow/example_dags/example_inlet_event_extra.py
[2026-07-29T15:43:44.743+0000] {processor.py:914} INFO - Processing file /home/airflow/.local/lib/python3.12/site-packages/airflow/example_dags/example_inlet_event_extra.py for tasks to queue
[2026-07-29T15:43:44.744+0000] {logging_mixin.py:190} INFO - [2026-07-29T15:43:44.744+0000] {dagbag.py:587} INFO - Filling up the DagBag from /home/airflow/.local/lib/python3.12/site-packages/airflow/example_dags/example_inlet_event_extra.py
[2026-07-29T15:43:44.817+0000] {processor.py:925} INFO - DAG(s) 'read_dataset_event', 'read_dataset_event_from_classic' retrieved from /home/airflow/.local/lib/python3.12/site-packages/airflow/example_dags/example_inlet_event_extra.py
[2026-07-29T15:43:44.833+0000] {logging_mixin.py:190} INFO - [2026-07-29T15:43:44.833+0000] {dag.py:3211} INFO - Sync 2 DAGs
[2026-07-29T15:43:44.844+0000] {logging_mixin.py:190} INFO - [2026-07-29T15:43:44.844+0000] {dag.py:4138} INFO - Setting next_dagrun for read_dataset_event to 2026-07-28 00:00:00+00:00, run_after=2026-07-29 00:00:00+00:00
[2026-07-29T15:43:44.847+0000] {logging_mixin.py:190} INFO - [2026-07-29T15:43:44.847+0000] {dag.py:4138} INFO - Setting next_dagrun for read_dataset_event_from_classic to 2026-07-28 00:00:00+00:00, run_after=2026-07-29 00:00:00+00:00
[2026-07-29T15:43:44.854+0000] {processor.py:208} INFO - Processing /home/airflow/.local/lib/python3.12/site-packages/airflow/example_dags/example_inlet_event_extra.py took 0.114 seconds
[2026-07-29T15:58:52.961+0000] {processor.py:186} INFO - Started process (PID=2123) to work on /home/airflow/.local/lib/python3.12/site-packages/airflow/example_dags/example_inlet_event_extra.py
[2026-07-29T15:58:52.962+0000] {processor.py:914} INFO - Processing file /home/airflow/.local/lib/python3.12/site-packages/airflow/example_dags/example_inlet_event_extra.py for tasks to queue
[2026-07-29T15:58:52.963+0000] {logging_mixin.py:190} INFO - [2026-07-29T15:58:52.963+0000] {dagbag.py:587} INFO - Filling up the DagBag from /home/airflow/.local/lib/python3.12/site-packages/airflow/example_dags/example_inlet_event_extra.py
[2026-07-29T15:58:53.021+0000] {processor.py:925} INFO - DAG(s) 'read_dataset_event_from_classic', 'read_dataset_event' retrieved from /home/airflow/.local/lib/python3.12/site-packages/airflow/example_dags/example_inlet_event_extra.py
[2026-07-29T15:58:53.031+0000] {logging_mixin.py:190} INFO - [2026-07-29T15:58:53.031+0000] {dag.py:3211} INFO - Sync 2 DAGs
[2026-07-29T15:58:53.042+0000] {logging_mixin.py:190} INFO - [2026-07-29T15:58:53.042+0000] {dag.py:4138} INFO - Setting next_dagrun for read_dataset_event to 2026-07-28 00:00:00+00:00, run_after=2026-07-29 00:00:00+00:00
[2026-07-29T15:58:53.045+0000] {logging_mixin.py:190} INFO - [2026-07-29T15:58:53.045+0000] {dag.py:4138} INFO - Setting next_dagrun for read_dataset_event_from_classic to 2026-07-28 00:00:00+00:00, run_after=2026-07-29 00:00:00+00:00
[2026-07-29T15:58:53.052+0000] {processor.py:208} INFO - Processing /home/airflow/.local/lib/python3.12/site-packages/airflow/example_dags/example_inlet_event_extra.py took 0.094 seconds
[2026-07-29T15:59:23.115+0000] {processor.py:186} INFO - Started process (PID=2189) to work on /home/airflow/.local/lib/python3.12/site-packages/airflow/example_dags/example_inlet_event_extra.py
[2026-07-29T15:59:23.116+0000] {processor.py:914} INFO - Processing file /home/airflow/.local/lib/python3.12/site-packages/airflow/example_dags/example_inlet_event_extra.py for tasks to queue
[2026-07-29T15:59:23.117+0000] {logging_mixin.py:190} INFO - [2026-07-29T15:59:23.117+0000] {dagbag.py:587} INFO - Filling up the DagBag from /home/airflow/.local/lib/python3.12/site-packages/airflow/example_dags/example_inlet_event_extra.py
[2026-07-29T15:59:23.172+0000] {processor.py:925} INFO - DAG(s) 'read_dataset_event_from_classic', 'read_dataset_event' retrieved from /home/airflow/.local/lib/python3.12/site-packages/airflow/example_dags/example_inlet_event_extra.py
[2026-07-29T15:59:23.185+0000] {logging_mixin.py:190} INFO - [2026-07-29T15:59:23.185+0000] {dag.py:3211} INFO - Sync 2 DAGs
[2026-07-29T15:59:23.194+0000] {logging_mixin.py:190} INFO - [2026-07-29T15:59:23.194+0000] {dag.py:4138} INFO - Setting next_dagrun for read_dataset_event to 2026-07-28 00:00:00+00:00, run_after=2026-07-29 00:00:00+00:00
[2026-07-29T15:59:23.196+0000] {logging_mixin.py:190} INFO - [2026-07-29T15:59:23.196+0000] {dag.py:4138} INFO - Setting next_dagrun for read_dataset_event_from_classic to 2026-07-28 00:00:00+00:00, run_after=2026-07-29 00:00:00+00:00
[2026-07-29T15:59:23.201+0000] {processor.py:208} INFO - Processing /home/airflow/.local/lib/python3.12/site-packages/airflow/example_dags/example_inlet_event_extra.py took 0.088 seconds
[2026-07-29T15:59:54.062+0000] {processor.py:186} INFO - Started process (PID=2255) to work on /home/airflow/.local/lib/python3.12/site-packages/airflow/example_dags/example_inlet_event_extra.py
[2026-07-29T15:59:54.063+0000] {processor.py:914} INFO - Processing file /home/airflow/.local/lib/python3.12/site-packages/airflow/example_dags/example_inlet_event_extra.py for tasks to queue
[2026-07-29T15:59:54.064+0000] {logging_mixin.py:190} INFO - [2026-07-29T15:59:54.064+0000] {dagbag.py:587} INFO - Filling up the DagBag from /home/airflow/.local/lib/python3.12/site-packages/airflow/example_dags/example_inlet_event_extra.py
[2026-07-29T15:59:54.121+0000] {processor.py:925} INFO - DAG(s) 'read_dataset_event', 'read_dataset_event_from_classic' retrieved from /home/airflow/.local/lib/python3.12/site-packages/airflow/example_dags/example_inlet_event_extra.py
[2026-07-29T15:59:54.132+0000] {logging_mixin.py:190} INFO - [2026-07-29T15:59:54.132+0000] {dag.py:3211} INFO - Sync 2 DAGs
[2026-07-29T15:59:54.142+0000] {logging_mixin.py:190} INFO - [2026-07-29T15:59:54.142+0000] {dag.py:4138} INFO - Setting next_dagrun for read_dataset_event to 2026-07-28 00:00:00+00:00, run_after=2026-07-29 00:00:00+00:00
[2026-07-29T15:59:54.144+0000] {logging_mixin.py:190} INFO - [2026-07-29T15:59:54.144+0000] {dag.py:4138} INFO - Setting next_dagrun for read_dataset_event_from_classic to 2026-07-28 00:00:00+00:00, run_after=2026-07-29 00:00:00+00:00
[2026-07-29T15:59:54.150+0000] {processor.py:208} INFO - Processing /home/airflow/.local/lib/python3.12/site-packages/airflow/example_dags/example_inlet_event_extra.py took 0.090 seconds
[2026-07-29T16:00:25.041+0000] {processor.py:186} INFO - Started process (PID=2321) to work on /home/airflow/.local/lib/python3.12/site-packages/airflow/example_dags/example_inlet_event_extra.py
[2026-07-29T16:00:25.041+0000] {processor.py:914} INFO - Processing file /home/airflow/.local/lib/python3.12/site-packages/airflow/example_dags/example_inlet_event_extra.py for tasks to queue
[2026-07-29T16:00:25.042+0000] {logging_mixin.py:190} INFO - [2026-07-29T16:00:25.042+0000] {dagbag.py:587} INFO - Filling up the DagBag from /home/airflow/.local/lib/python3.12/site-packages/airflow/example_dags/example_inlet_event_extra.py
[2026-07-29T16:00:25.105+0000] {processor.py:925} INFO - DAG(s) 'read_dataset_event_from_classic', 'read_dataset_event' retrieved from /home/airflow/.local/lib/python3.12/site-packages/airflow/example_dags/example_inlet_event_extra.py
[2026-07-29T16:00:25.120+0000] {logging_mixin.py:190} INFO - [2026-07-29T16:00:25.120+0000] {dag.py:3211} INFO - Sync 2 DAGs
[2026-07-29T16:00:25.129+0000] {logging_mixin.py:190} INFO - [2026-07-29T16:00:25.129+0000] {dag.py:4138} INFO - Setting next_dagrun for read_dataset_event to 2026-07-28 00:00:00+00:00, run_after=2026-07-29 00:00:00+00:00
[2026-07-29T16:00:25.131+0000] {logging_mixin.py:190} INFO - [2026-07-29T16:00:25.131+0000] {dag.py:4138} INFO - Setting next_dagrun for read_dataset_event_from_classic to 2026-07-28 00:00:00+00:00, run_after=2026-07-29 00:00:00+00:00
[2026-07-29T16:00:25.140+0000] {processor.py:208} INFO - Processing /home/airflow/.local/lib/python3.12/site-packages/airflow/example_dags/example_inlet_event_extra.py took 0.102 seconds
[2026-07-29T16:00:56.150+0000] {processor.py:186} INFO - Started process (PID=2388) to work on /home/airflow/.local/lib/python3.12/site-packages/airflow/example_dags/example_inlet_event_extra.py
[2026-07-29T16:00:56.151+0000] {processor.py:914} INFO - Processing file /home/airflow/.local/lib/python3.12/site-packages/airflow/example_dags/example_inlet_event_extra.py for tasks to queue
[2026-07-29T16:00:56.153+0000] {logging_mixin.py:190} INFO - [2026-07-29T16:00:56.153+0000] {dagbag.py:587} INFO - Filling up the DagBag from /home/airflow/.local/lib/python3.12/site-packages/airflow/example_dags/example_inlet_event_extra.py
[2026-07-29T16:00:56.225+0000] {processor.py:925} INFO - DAG(s) 'read_dataset_event_from_classic', 'read_dataset_event' retrieved from /home/airflow/.local/lib/python3.12/site-packages/airflow/example_dags/example_inlet_event_extra.py
[2026-07-29T16:00:56.241+0000] {logging_mixin.py:190} INFO - [2026-07-29T16:00:56.241+0000] {dag.py:3211} INFO - Sync 2 DAGs
[2026-07-29T16:00:56.252+0000] {logging_mixin.py:190} INFO - [2026-07-29T16:00:56.252+0000] {dag.py:4138} INFO - Setting next_dagrun for read_dataset_event to 2026-07-28 00:00:00+00:00, run_after=2026-07-29 00:00:00+00:00
[2026-07-29T16:00:56.254+0000] {logging_mixin.py:190} INFO - [2026-07-29T16:00:56.254+0000] {dag.py:4138} INFO - Setting next_dagrun for read_dataset_event_from_classic to 2026-07-28 00:00:00+00:00, run_after=2026-07-29 00:00:00+00:00
[2026-07-29T16:00:56.265+0000] {processor.py:208} INFO - Processing /home/airflow/.local/lib/python3.12/site-packages/airflow/example_dags/example_inlet_event_extra.py took 0.122 seconds
[2026-07-29T16:01:27.081+0000] {processor.py:186} INFO - Started process (PID=2454) to work on /home/airflow/.local/lib/python3.12/site-packages/airflow/example_dags/example_inlet_event_extra.py
[2026-07-29T16:01:27.082+0000] {processor.py:914} INFO - Processing file /home/airflow/.local/lib/python3.12/site-packages/airflow/example_dags/example_inlet_event_extra.py for tasks to queue
[2026-07-29T16:01:27.083+0000] {logging_mixin.py:190} INFO - [2026-07-29T16:01:27.083+0000] {dagbag.py:587} INFO - Filling up the DagBag from /home/airflow/.local/lib/python3.12/site-packages/airflow/example_dags/example_inlet_event_extra.py
[2026-07-29T16:01:27.155+0000] {processor.py:925} INFO - DAG(s) 'read_dataset_event', 'read_dataset_event_from_classic' retrieved from /home/airflow/.local/lib/python3.12/site-packages/airflow/example_dags/example_inlet_event_extra.py
[2026-07-29T16:01:27.169+0000] {logging_mixin.py:190} INFO - [2026-07-29T16:01:27.169+0000] {dag.py:3211} INFO - Sync 2 DAGs
[2026-07-29T16:01:27.179+0000] {logging_mixin.py:190} INFO - [2026-07-29T16:01:27.179+0000] {dag.py:4138} INFO - Setting next_dagrun for read_dataset_event to 2026-07-28 00:00:00+00:00, run_after=2026-07-29 00:00:00+00:00
[2026-07-29T16:01:27.180+0000] {logging_mixin.py:190} INFO - [2026-07-29T16:01:27.180+0000] {dag.py:4138} INFO - Setting next_dagrun for read_dataset_event_from_classic to 2026-07-28 00:00:00+00:00, run_after=2026-07-29 00:00:00+00:00
[2026-07-29T16:01:27.186+0000] {processor.py:208} INFO - Processing /home/airflow/.local/lib/python3.12/site-packages/airflow/example_dags/example_inlet_event_extra.py took 0.111 seconds
[2026-07-29T16:01:58.085+0000] {processor.py:186} INFO - Started process (PID=2520) to work on /home/airflow/.local/lib/python3.12/site-packages/airflow/example_dags/example_inlet_event_extra.py
[2026-07-29T16:01:58.087+0000] {processor.py:914} INFO - Processing file /home/airflow/.local/lib/python3.12/site-packages/airflow/example_dags/example_inlet_event_extra.py for tasks to queue
[2026-07-29T16:01:58.089+0000] {logging_mixin.py:190} INFO - [2026-07-29T16:01:58.088+0000] {dagbag.py:587} INFO - Filling up the DagBag from /home/airflow/.local/lib/python3.12/site-packages/airflow/example_dags/example_inlet_event_extra.py
[2026-07-29T16:01:58.161+0000] {processor.py:925} INFO - DAG(s) 'read_dataset_event_from_classic', 'read_dataset_event' retrieved from /home/airflow/.local/lib/python3.12/site-packages/airflow/example_dags/example_inlet_event_extra.py
[2026-07-29T16:01:58.174+0000] {logging_mixin.py:190} INFO - [2026-07-29T16:01:58.173+0000] {dag.py:3211} INFO - Sync 2 DAGs
[2026-07-29T16:01:58.186+0000] {logging_mixin.py:190} INFO - [2026-07-29T16:01:58.186+0000] {dag.py:4138} INFO - Setting next_dagrun for read_dataset_event to 2026-07-28 00:00:00+00:00, run_after=2026-07-29 00:00:00+00:00
[2026-07-29T16:01:58.188+0000] {logging_mixin.py:190} INFO - [2026-07-29T16:01:58.188+0000] {dag.py:4138} INFO - Setting next_dagrun for read_dataset_event_from_classic to 2026-07-28 00:00:00+00:00, run_after=2026-07-29 00:00:00+00:00
[2026-07-29T16:01:58.193+0000] {processor.py:208} INFO - Processing /home/airflow/.local/lib/python3.12/site-packages/airflow/example_dags/example_inlet_event_extra.py took 0.116 seconds
[2026-07-29T16:02:29.040+0000] {processor.py:186} INFO - Started process (PID=2586) to work on /home/airflow/.local/lib/python3.12/site-packages/airflow/example_dags/example_inlet_event_extra.py
[2026-07-29T16:02:29.042+0000] {processor.py:914} INFO - Processing file /home/airflow/.local/lib/python3.12/site-packages/airflow/example_dags/example_inlet_event_extra.py for tasks to queue
[2026-07-29T16:02:29.044+0000] {logging_mixin.py:190} INFO - [2026-07-29T16:02:29.044+0000] {dagbag.py:587} INFO - Filling up the DagBag from /home/airflow/.local/lib/python3.12/site-packages/airflow/example_dags/example_inlet_event_extra.py
[2026-07-29T16:02:29.113+0000] {processor.py:925} INFO - DAG(s) 'read_dataset_event_from_classic', 'read_dataset_event' retrieved from /home/airflow/.local/lib/python3.12/site-packages/airflow/example_dags/example_inlet_event_extra.py
[2026-07-29T16:02:29.125+0000] {logging_mixin.py:190} INFO - [2026-07-29T16:02:29.125+0000] {dag.py:3211} INFO - Sync 2 DAGs
[2026-07-29T16:02:29.138+0000] {logging_mixin.py:190} INFO - [2026-07-29T16:02:29.138+0000] {dag.py:4138} INFO - Setting next_dagrun for read_dataset_event to 2026-07-28 00:00:00+00:00, run_after=2026-07-29 00:00:00+00:00
[2026-07-29T16:02:29.140+0000] {logging_mixin.py:190} INFO - [2026-07-29T16:02:29.140+0000] {dag.py:4138} INFO - Setting next_dagrun for read_dataset_event_from_classic to 2026-07-28 00:00:00+00:00, run_after=2026-07-29 00:00:00+00:00
[2026-07-29T16:02:29.146+0000] {processor.py:208} INFO - Processing /home/airflow/.local/lib/python3.12/site-packages/airflow/example_dags/example_inlet_event_extra.py took 0.112 seconds
[2026-07-29T16:02:59.984+0000] {processor.py:186} INFO - Started process (PID=2652) to work on /home/airflow/.local/lib/python3.12/site-packages/airflow/example_dags/example_inlet_event_extra.py
[2026-07-29T16:02:59.986+0000] {processor.py:914} INFO - Processing file /home/airflow/.local/lib/python3.12/site-packages/airflow/example_dags/example_inlet_event_extra.py for tasks to queue
[2026-07-29T16:02:59.989+0000] {logging_mixin.py:190} INFO - [2026-07-29T16:02:59.989+0000] {dagbag.py:587} INFO - Filling up the DagBag from /home/airflow/.local/lib/python3.12/site-packages/airflow/example_dags/example_inlet_event_extra.py
[2026-07-29T16:03:00.061+0000] {processor.py:925} INFO - DAG(s) 'read_dataset_event', 'read_dataset_event_from_classic' retrieved from /home/airflow/.local/lib/python3.12/site-packages/airflow/example_dags/example_inlet_event_extra.py
[2026-07-29T16:03:00.073+0000] {logging_mixin.py:190} INFO - [2026-07-29T16:03:00.073+0000] {dag.py:3211} INFO - Sync 2 DAGs
[2026-07-29T16:03:00.085+0000] {logging_mixin.py:190} INFO - [2026-07-29T16:03:00.085+0000] {dag.py:4138} INFO - Setting next_dagrun for read_dataset_event to 2026-07-28 00:00:00+00:00, run_after=2026-07-29 00:00:00+00:00
[2026-07-29T16:03:00.087+0000] {logging_mixin.py:190} INFO - [2026-07-29T16:03:00.087+0000] {dag.py:4138} INFO - Setting next_dagrun for read_dataset_event_from_classic to 2026-07-28 00:00:00+00:00, run_after=2026-07-29 00:00:00+00:00
[2026-07-29T16:03:00.093+0000] {processor.py:208} INFO - Processing /home/airflow/.local/lib/python3.12/site-packages/airflow/example_dags/example_inlet_event_extra.py took 0.115 seconds
[2026-07-29T16:03:31.001+0000] {processor.py:186} INFO - Started process (PID=2718) to work on /home/airflow/.local/lib/python3.12/site-packages/airflow/example_dags/example_inlet_event_extra.py
[2026-07-29T16:03:31.002+0000] {processor.py:914} INFO - Processing file /home/airflow/.local/lib/python3.12/site-packages/airflow/example_dags/example_inlet_event_extra.py for tasks to queue
[2026-07-29T16:03:31.003+0000] {logging_mixin.py:190} INFO - [2026-07-29T16:03:31.003+0000] {dagbag.py:587} INFO - Filling up the DagBag from /home/airflow/.local/lib/python3.12/site-packages/airflow/example_dags/example_inlet_event_extra.py
[2026-07-29T16:03:31.072+0000] {processor.py:925} INFO - DAG(s) 'read_dataset_event_from_classic', 'read_dataset_event' retrieved from /home/airflow/.local/lib/python3.12/site-packages/airflow/example_dags/example_inlet_event_extra.py
[2026-07-29T16:03:31.085+0000] {logging_mixin.py:190} INFO - [2026-07-29T16:03:31.085+0000] {dag.py:3211} INFO - Sync 2 DAGs
[2026-07-29T16:03:31.095+0000] {logging_mixin.py:190} INFO - [2026-07-29T16:03:31.095+0000] {dag.py:4138} INFO - Setting next_dagrun for read_dataset_event to 2026-07-28 00:00:00+00:00, run_after=2026-07-29 00:00:00+00:00
[2026-07-29T16:03:31.097+0000] {logging_mixin.py:190} INFO - [2026-07-29T16:03:31.097+0000] {dag.py:4138} INFO - Setting next_dagrun for read_dataset_event_from_classic to 2026-07-28 00:00:00+00:00, run_after=2026-07-29 00:00:00+00:00
[2026-07-29T16:03:31.102+0000] {processor.py:208} INFO - Processing /home/airflow/.local/lib/python3.12/site-packages/airflow/example_dags/example_inlet_event_extra.py took 0.108 seconds
[2026-07-29T16:04:01.567+0000] {processor.py:186} INFO - Started process (PID=2784) to work on /home/airflow/.local/lib/python3.12/site-packages/airflow/example_dags/example_inlet_event_extra.py
[2026-07-29T16:04:01.568+0000] {processor.py:914} INFO - Processing file /home/airflow/.local/lib/python3.12/site-packages/airflow/example_dags/example_inlet_event_extra.py for tasks to queue
[2026-07-29T16:04:01.571+0000] {logging_mixin.py:190} INFO - [2026-07-29T16:04:01.571+0000] {dagbag.py:587} INFO - Filling up the DagBag from /home/airflow/.local/lib/python3.12/site-packages/airflow/example_dags/example_inlet_event_extra.py
[2026-07-29T16:04:01.648+0000] {processor.py:925} INFO - DAG(s) 'read_dataset_event', 'read_dataset_event_from_classic' retrieved from /home/airflow/.local/lib/python3.12/site-packages/airflow/example_dags/example_inlet_event_extra.py
[2026-07-29T16:04:01.663+0000] {logging_mixin.py:190} INFO - [2026-07-29T16:04:01.663+0000] {dag.py:3211} INFO - Sync 2 DAGs
[2026-07-29T16:04:01.676+0000] {logging_mixin.py:190} INFO - [2026-07-29T16:04:01.676+0000] {dag.py:4138} INFO - Setting next_dagrun for read_dataset_event to 2026-07-28 00:00:00+00:00, run_after=2026-07-29 00:00:00+00:00
[2026-07-29T16:04:01.678+0000] {logging_mixin.py:190} INFO - [2026-07-29T16:04:01.678+0000] {dag.py:4138} INFO - Setting next_dagrun for read_dataset_event_from_classic to 2026-07-28 00:00:00+00:00, run_after=2026-07-29 00:00:00+00:00
[2026-07-29T16:04:01.688+0000] {processor.py:208} INFO - Processing /home/airflow/.local/lib/python3.12/site-packages/airflow/example_dags/example_inlet_event_extra.py took 0.127 seconds
[2026-07-29T16:04:46.902+0000] {processor.py:186} INFO - Started process (PID=2843) to work on /home/airflow/.local/lib/python3.12/site-packages/airflow/example_dags/example_inlet_event_extra.py
[2026-07-29T16:04:46.902+0000] {processor.py:914} INFO - Processing file /home/airflow/.local/lib/python3.12/site-packages/airflow/example_dags/example_inlet_event_extra.py for tasks to queue
[2026-07-29T16:04:46.907+0000] {logging_mixin.py:190} INFO - [2026-07-29T16:04:46.907+0000] {dagbag.py:587} INFO - Filling up the DagBag from /home/airflow/.local/lib/python3.12/site-packages/airflow/example_dags/example_inlet_event_extra.py
[2026-07-29T16:04:46.966+0000] {processor.py:925} INFO - DAG(s) 'read_dataset_event', 'read_dataset_event_from_classic' retrieved from /home/airflow/.local/lib/python3.12/site-packages/airflow/example_dags/example_inlet_event_extra.py
[2026-07-29T16:04:46.977+0000] {logging_mixin.py:190} INFO - [2026-07-29T16:04:46.977+0000] {dag.py:3211} INFO - Sync 2 DAGs
[2026-07-29T16:04:46.985+0000] {logging_mixin.py:190} INFO - [2026-07-29T16:04:46.985+0000] {dag.py:4138} INFO - Setting next_dagrun for read_dataset_event to 2026-07-28 00:00:00+00:00, run_after=2026-07-29 00:00:00+00:00
[2026-07-29T16:04:46.987+0000] {logging_mixin.py:190} INFO - [2026-07-29T16:04:46.987+0000] {dag.py:4138} INFO - Setting next_dagrun for read_dataset_event_from_classic to 2026-07-28 00:00:00+00:00, run_after=2026-07-29 00:00:00+00:00
[2026-07-29T16:04:46.999+0000] {processor.py:208} INFO - Processing /home/airflow/.local/lib/python3.12/site-packages/airflow/example_dags/example_inlet_event_extra.py took 0.100 seconds
[2026-07-29T16:05:17.929+0000] {processor.py:186} INFO - Started process (PID=2909) to work on /home/airflow/.local/lib/python3.12/site-packages/airflow/example_dags/example_inlet_event_extra.py
[2026-07-29T16:05:17.930+0000] {processor.py:914} INFO - Processing file /home/airflow/.local/lib/python3.12/site-packages/airflow/example_dags/example_inlet_event_extra.py for tasks to queue
[2026-07-29T16:05:17.930+0000] {logging_mixin.py:190} INFO - [2026-07-29T16:05:17.930+0000] {dagbag.py:587} INFO - Filling up the DagBag from /home/airflow/.local/lib/python3.12/site-packages/airflow/example_dags/example_inlet_event_extra.py
[2026-07-29T16:05:17.988+0000] {processor.py:925} INFO - DAG(s) 'read_dataset_event_from_classic', 'read_dataset_event' retrieved from /home/airflow/.local/lib/python3.12/site-packages/airflow/example_dags/example_inlet_event_extra.py
[2026-07-29T16:05:18.000+0000] {logging_mixin.py:190} INFO - [2026-07-29T16:05:17.999+0000] {dag.py:3211} INFO - Sync 2 DAGs
[2026-07-29T16:05:18.008+0000] {logging_mixin.py:190} INFO - [2026-07-29T16:05:18.008+0000] {dag.py:4138} INFO - Setting next_dagrun for read_dataset_event to 2026-07-28 00:00:00+00:00, run_after=2026-07-29 00:00:00+00:00
[2026-07-29T16:05:18.011+0000] {logging_mixin.py:190} INFO - [2026-07-29T16:05:18.011+0000] {dag.py:4138} INFO - Setting next_dagrun for read_dataset_event_from_classic to 2026-07-28 00:00:00+00:00, run_after=2026-07-29 00:00:00+00:00
[2026-07-29T16:05:18.019+0000] {processor.py:208} INFO - Processing /home/airflow/.local/lib/python3.12/site-packages/airflow/example_dags/example_inlet_event_extra.py took 0.093 seconds
[2026-07-29T16:06:01.661+0000] {processor.py:186} INFO - Started process (PID=2975) to work on /home/airflow/.local/lib/python3.12/site-packages/airflow/example_dags/example_inlet_event_extra.py
[2026-07-29T16:06:01.661+0000] {processor.py:914} INFO - Processing file /home/airflow/.local/lib/python3.12/site-packages/airflow/example_dags/example_inlet_event_extra.py for tasks to queue
[2026-07-29T16:06:01.662+0000] {logging_mixin.py:190} INFO - [2026-07-29T16:06:01.662+0000] {dagbag.py:587} INFO - Filling up the DagBag from /home/airflow/.local/lib/python3.12/site-packages/airflow/example_dags/example_inlet_event_extra.py
[2026-07-29T16:06:01.718+0000] {processor.py:925} INFO - DAG(s) 'read_dataset_event_from_classic', 'read_dataset_event' retrieved from /home/airflow/.local/lib/python3.12/site-packages/airflow/example_dags/example_inlet_event_extra.py
[2026-07-29T16:06:01.731+0000] {logging_mixin.py:190} INFO - [2026-07-29T16:06:01.731+0000] {dag.py:3211} INFO - Sync 2 DAGs
[2026-07-29T16:06:01.740+0000] {logging_mixin.py:190} INFO - [2026-07-29T16:06:01.740+0000] {dag.py:4138} INFO - Setting next_dagrun for read_dataset_event to 2026-07-28 00:00:00+00:00, run_after=2026-07-29 00:00:00+00:00
[2026-07-29T16:06:01.743+0000] {logging_mixin.py:190} INFO - [2026-07-29T16:06:01.743+0000] {dag.py:4138} INFO - Setting next_dagrun for read_dataset_event_from_classic to 2026-07-28 00:00:00+00:00, run_after=2026-07-29 00:00:00+00:00
[2026-07-29T16:06:01.748+0000] {processor.py:208} INFO - Processing /home/airflow/.local/lib/python3.12/site-packages/airflow/example_dags/example_inlet_event_extra.py took 0.090 seconds
[2026-07-29T16:06:32.758+0000] {processor.py:186} INFO - Started process (PID=3042) to work on /home/airflow/.local/lib/python3.12/site-packages/airflow/example_dags/example_inlet_event_extra.py
[2026-07-29T16:06:32.759+0000] {processor.py:914} INFO - Processing file /home/airflow/.local/lib/python3.12/site-packages/airflow/example_dags/example_inlet_event_extra.py for tasks to queue
[2026-07-29T16:06:32.760+0000] {logging_mixin.py:190} INFO - [2026-07-29T16:06:32.760+0000] {dagbag.py:587} INFO - Filling up the DagBag from /home/airflow/.local/lib/python3.12/site-packages/airflow/example_dags/example_inlet_event_extra.py
[2026-07-29T16:06:32.823+0000] {processor.py:925} INFO - DAG(s) 'read_dataset_event_from_classic', 'read_dataset_event' retrieved from /home/airflow/.local/lib/python3.12/site-packages/airflow/example_dags/example_inlet_event_extra.py
[2026-07-29T16:06:32.837+0000] {logging_mixin.py:190} INFO - [2026-07-29T16:06:32.837+0000] {dag.py:3211} INFO - Sync 2 DAGs
[2026-07-29T16:06:32.850+0000] {logging_mixin.py:190} INFO - [2026-07-29T16:06:32.850+0000] {dag.py:4138} INFO - Setting next_dagrun for read_dataset_event to 2026-07-28 00:00:00+00:00, run_after=2026-07-29 00:00:00+00:00
[2026-07-29T16:06:32.852+0000] {logging_mixin.py:190} INFO - [2026-07-29T16:06:32.852+0000] {dag.py:4138} INFO - Setting next_dagrun for read_dataset_event_from_classic to 2026-07-28 00:00:00+00:00, run_after=2026-07-29 00:00:00+00:00
[2026-07-29T16:06:32.858+0000] {processor.py:208} INFO - Processing /home/airflow/.local/lib/python3.12/site-packages/airflow/example_dags/example_inlet_event_extra.py took 0.103 seconds
[2026-07-29T16:13:48.319+0000] {processor.py:186} INFO - Started process (PID=3113) to work on /home/airflow/.local/lib/python3.12/site-packages/airflow/example_dags/example_inlet_event_extra.py
[2026-07-29T16:13:48.319+0000] {processor.py:914} INFO - Processing file /home/airflow/.local/lib/python3.12/site-packages/airflow/example_dags/example_inlet_event_extra.py for tasks to queue
[2026-07-29T16:13:48.320+0000] {logging_mixin.py:190} INFO - [2026-07-29T16:13:48.320+0000] {dagbag.py:587} INFO - Filling up the DagBag from /home/airflow/.local/lib/python3.12/site-packages/airflow/example_dags/example_inlet_event_extra.py
[2026-07-29T16:13:48.378+0000] {processor.py:925} INFO - DAG(s) 'read_dataset_event_from_classic', 'read_dataset_event' retrieved from /home/airflow/.local/lib/python3.12/site-packages/airflow/example_dags/example_inlet_event_extra.py
[2026-07-29T16:13:48.390+0000] {logging_mixin.py:190} INFO - [2026-07-29T16:13:48.390+0000] {dag.py:3211} INFO - Sync 2 DAGs
[2026-07-29T16:13:48.399+0000] {logging_mixin.py:190} INFO - [2026-07-29T16:13:48.399+0000] {dag.py:4138} INFO - Setting next_dagrun for read_dataset_event to 2026-07-28 00:00:00+00:00, run_after=2026-07-29 00:00:00+00:00
[2026-07-29T16:13:48.402+0000] {logging_mixin.py:190} INFO - [2026-07-29T16:13:48.402+0000] {dag.py:4138} INFO - Setting next_dagrun for read_dataset_event_from_classic to 2026-07-28 00:00:00+00:00, run_after=2026-07-29 00:00:00+00:00
[2026-07-29T16:13:48.412+0000] {processor.py:208} INFO - Processing /home/airflow/.local/lib/python3.12/site-packages/airflow/example_dags/example_inlet_event_extra.py took 0.096 seconds
[2026-07-29T16:14:19.186+0000] {processor.py:186} INFO - Started process (PID=3179) to work on /home/airflow/.local/lib/python3.12/site-packages/airflow/example_dags/example_inlet_event_extra.py
[2026-07-29T16:14:19.190+0000] {processor.py:914} INFO - Processing file /home/airflow/.local/lib/python3.12/site-packages/airflow/example_dags/example_inlet_event_extra.py for tasks to queue
[2026-07-29T16:14:19.193+0000] {logging_mixin.py:190} INFO - [2026-07-29T16:14:19.193+0000] {dagbag.py:587} INFO - Filling up the DagBag from /home/airflow/.local/lib/python3.12/site-packages/airflow/example_dags/example_inlet_event_extra.py
[2026-07-29T16:14:19.249+0000] {processor.py:925} INFO - DAG(s) 'read_dataset_event', 'read_dataset_event_from_classic' retrieved from /home/airflow/.local/lib/python3.12/site-packages/airflow/example_dags/example_inlet_event_extra.py
[2026-07-29T16:14:19.258+0000] {logging_mixin.py:190} INFO - [2026-07-29T16:14:19.258+0000] {dag.py:3211} INFO - Sync 2 DAGs
[2026-07-29T16:14:19.268+0000] {logging_mixin.py:190} INFO - [2026-07-29T16:14:19.268+0000] {dag.py:4138} INFO - Setting next_dagrun for read_dataset_event to 2026-07-28 00:00:00+00:00, run_after=2026-07-29 00:00:00+00:00
[2026-07-29T16:14:19.270+0000] {logging_mixin.py:190} INFO - [2026-07-29T16:14:19.270+0000] {dag.py:4138} INFO - Setting next_dagrun for read_dataset_event_from_classic to 2026-07-28 00:00:00+00:00, run_after=2026-07-29 00:00:00+00:00
[2026-07-29T16:14:19.275+0000] {processor.py:208} INFO - Processing /home/airflow/.local/lib/python3.12/site-packages/airflow/example_dags/example_inlet_event_extra.py took 0.092 seconds
[2026-07-29T16:14:50.185+0000] {processor.py:186} INFO - Started process (PID=3245) to work on /home/airflow/.local/lib/python3.12/site-packages/airflow/example_dags/example_inlet_event_extra.py
[2026-07-29T16:14:50.187+0000] {processor.py:914} INFO - Processing file /home/airflow/.local/lib/python3.12/site-packages/airflow/example_dags/example_inlet_event_extra.py for tasks to queue
[2026-07-29T16:14:50.188+0000] {logging_mixin.py:190} INFO - [2026-07-29T16:14:50.188+0000] {dagbag.py:587} INFO - Filling up the DagBag from /home/airflow/.local/lib/python3.12/site-packages/airflow/example_dags/example_inlet_event_extra.py
[2026-07-29T16:14:50.245+0000] {processor.py:925} INFO - DAG(s) 'read_dataset_event', 'read_dataset_event_from_classic' retrieved from /home/airflow/.local/lib/python3.12/site-packages/airflow/example_dags/example_inlet_event_extra.py
[2026-07-29T16:14:50.257+0000] {logging_mixin.py:190} INFO - [2026-07-29T16:14:50.257+0000] {dag.py:3211} INFO - Sync 2 DAGs
[2026-07-29T16:14:50.268+0000] {logging_mixin.py:190} INFO - [2026-07-29T16:14:50.267+0000] {dag.py:4138} INFO - Setting next_dagrun for read_dataset_event to 2026-07-28 00:00:00+00:00, run_after=2026-07-29 00:00:00+00:00
[2026-07-29T16:14:50.271+0000] {logging_mixin.py:190} INFO - [2026-07-29T16:14:50.271+0000] {dag.py:4138} INFO - Setting next_dagrun for read_dataset_event_from_classic to 2026-07-28 00:00:00+00:00, run_after=2026-07-29 00:00:00+00:00
[2026-07-29T16:14:50.406+0000] {processor.py:208} INFO - Processing /home/airflow/.local/lib/python3.12/site-packages/airflow/example_dags/example_inlet_event_extra.py took 0.223 seconds
[2026-07-29T16:15:21.337+0000] {processor.py:186} INFO - Started process (PID=3313) to work on /home/airflow/.local/lib/python3.12/site-packages/airflow/example_dags/example_inlet_event_extra.py
[2026-07-29T16:15:21.338+0000] {processor.py:914} INFO - Processing file /home/airflow/.local/lib/python3.12/site-packages/airflow/example_dags/example_inlet_event_extra.py for tasks to queue
[2026-07-29T16:15:21.339+0000] {logging_mixin.py:190} INFO - [2026-07-29T16:15:21.339+0000] {dagbag.py:587} INFO - Filling up the DagBag from /home/airflow/.local/lib/python3.12/site-packages/airflow/example_dags/example_inlet_event_extra.py
[2026-07-29T16:15:21.397+0000] {processor.py:925} INFO - DAG(s) 'read_dataset_event', 'read_dataset_event_from_classic' retrieved from /home/airflow/.local/lib/python3.12/site-packages/airflow/example_dags/example_inlet_event_extra.py
[2026-07-29T16:15:21.409+0000] {logging_mixin.py:190} INFO - [2026-07-29T16:15:21.409+0000] {dag.py:3211} INFO - Sync 2 DAGs
[2026-07-29T16:15:21.418+0000] {logging_mixin.py:190} INFO - [2026-07-29T16:15:21.417+0000] {dag.py:4138} INFO - Setting next_dagrun for read_dataset_event to 2026-07-28 00:00:00+00:00, run_after=2026-07-29 00:00:00+00:00
[2026-07-29T16:15:21.419+0000] {logging_mixin.py:190} INFO - [2026-07-29T16:15:21.419+0000] {dag.py:4138} INFO - Setting next_dagrun for read_dataset_event_from_classic to 2026-07-28 00:00:00+00:00, run_after=2026-07-29 00:00:00+00:00
[2026-07-29T16:15:21.429+0000] {processor.py:208} INFO - Processing /home/airflow/.local/lib/python3.12/site-packages/airflow/example_dags/example_inlet_event_extra.py took 0.095 seconds
[2026-07-29T16:15:51.631+0000] {processor.py:186} INFO - Started process (PID=3379) to work on /home/airflow/.local/lib/python3.12/site-packages/airflow/example_dags/example_inlet_event_extra.py
[2026-07-29T16:15:51.632+0000] {processor.py:914} INFO - Processing file /home/airflow/.local/lib/python3.12/site-packages/airflow/example_dags/example_inlet_event_extra.py for tasks to queue
[2026-07-29T16:15:51.633+0000] {logging_mixin.py:190} INFO - [2026-07-29T16:15:51.633+0000] {dagbag.py:587} INFO - Filling up the DagBag from /home/airflow/.local/lib/python3.12/site-packages/airflow/example_dags/example_inlet_event_extra.py
[2026-07-29T16:15:51.689+0000] {processor.py:925} INFO - DAG(s) 'read_dataset_event_from_classic', 'read_dataset_event' retrieved from /home/airflow/.local/lib/python3.12/site-packages/airflow/example_dags/example_inlet_event_extra.py
[2026-07-29T16:15:51.699+0000] {logging_mixin.py:190} INFO - [2026-07-29T16:15:51.699+0000] {dag.py:3211} INFO - Sync 2 DAGs
[2026-07-29T16:15:51.710+0000] {logging_mixin.py:190} INFO - [2026-07-29T16:15:51.710+0000] {dag.py:4138} INFO - Setting next_dagrun for read_dataset_event to 2026-07-28 00:00:00+00:00, run_after=2026-07-29 00:00:00+00:00
[2026-07-29T16:15:51.712+0000] {logging_mixin.py:190} INFO - [2026-07-29T16:15:51.712+0000] {dag.py:4138} INFO - Setting next_dagrun for read_dataset_event_from_classic to 2026-07-28 00:00:00+00:00, run_after=2026-07-29 00:00:00+00:00
[2026-07-29T16:15:51.720+0000] {processor.py:208} INFO - Processing /home/airflow/.local/lib/python3.12/site-packages/airflow/example_dags/example_inlet_event_extra.py took 0.093 seconds
[2026-07-29T16:16:21.781+0000] {processor.py:186} INFO - Started process (PID=3446) to work on /home/airflow/.local/lib/python3.12/site-packages/airflow/example_dags/example_inlet_event_extra.py
[2026-07-29T16:16:21.782+0000] {processor.py:914} INFO - Processing file /home/airflow/.local/lib/python3.12/site-packages/airflow/example_dags/example_inlet_event_extra.py for tasks to queue
[2026-07-29T16:16:21.783+0000] {logging_mixin.py:190} INFO - [2026-07-29T16:16:21.783+0000] {dagbag.py:587} INFO - Filling up the DagBag from /home/airflow/.local/lib/python3.12/site-packages/airflow/example_dags/example_inlet_event_extra.py
[2026-07-29T16:16:21.838+0000] {processor.py:925} INFO - DAG(s) 'read_dataset_event', 'read_dataset_event_from_classic' retrieved from /home/airflow/.local/lib/python3.12/site-packages/airflow/example_dags/example_inlet_event_extra.py
[2026-07-29T16:16:21.849+0000] {logging_mixin.py:190} INFO - [2026-07-29T16:16:21.848+0000] {dag.py:3211} INFO - Sync 2 DAGs
[2026-07-29T16:16:21.857+0000] {logging_mixin.py:190} INFO - [2026-07-29T16:16:21.857+0000] {dag.py:4138} INFO - Setting next_dagrun for read_dataset_event to 2026-07-28 00:00:00+00:00, run_after=2026-07-29 00:00:00+00:00
[2026-07-29T16:16:21.858+0000] {logging_mixin.py:190} INFO - [2026-07-29T16:16:21.858+0000] {dag.py:4138} INFO - Setting next_dagrun for read_dataset_event_from_classic to 2026-07-28 00:00:00+00:00, run_after=2026-07-29 00:00:00+00:00
[2026-07-29T16:16:21.864+0000] {processor.py:208} INFO - Processing /home/airflow/.local/lib/python3.12/site-packages/airflow/example_dags/example_inlet_event_extra.py took 0.085 seconds
[2026-07-29T16:16:51.881+0000] {processor.py:186} INFO - Started process (PID=3512) to work on /home/airflow/.local/lib/python3.12/site-packages/airflow/example_dags/example_inlet_event_extra.py
[2026-07-29T16:16:51.883+0000] {processor.py:914} INFO - Processing file /home/airflow/.local/lib/python3.12/site-packages/airflow/example_dags/example_inlet_event_extra.py for tasks to queue
[2026-07-29T16:16:51.885+0000] {logging_mixin.py:190} INFO - [2026-07-29T16:16:51.885+0000] {dagbag.py:587} INFO - Filling up the DagBag from /home/airflow/.local/lib/python3.12/site-packages/airflow/example_dags/example_inlet_event_extra.py
[2026-07-29T16:16:51.937+0000] {processor.py:925} INFO - DAG(s) 'read_dataset_event', 'read_dataset_event_from_classic' retrieved from /home/airflow/.local/lib/python3.12/site-packages/airflow/example_dags/example_inlet_event_extra.py
[2026-07-29T16:16:51.944+0000] {logging_mixin.py:190} INFO - [2026-07-29T16:16:51.944+0000] {dag.py:3211} INFO - Sync 2 DAGs
[2026-07-29T16:16:51.952+0000] {logging_mixin.py:190} INFO - [2026-07-29T16:16:51.952+0000] {dag.py:4138} INFO - Setting next_dagrun for read_dataset_event to 2026-07-28 00:00:00+00:00, run_after=2026-07-29 00:00:00+00:00
[2026-07-29T16:16:51.953+0000] {logging_mixin.py:190} INFO - [2026-07-29T16:16:51.953+0000] {dag.py:4138} INFO - Setting next_dagrun for read_dataset_event_from_classic to 2026-07-28 00:00:00+00:00, run_after=2026-07-29 00:00:00+00:00
[2026-07-29T16:16:51.958+0000] {processor.py:208} INFO - Processing /home/airflow/.local/lib/python3.12/site-packages/airflow/example_dags/example_inlet_event_extra.py took 0.080 seconds
[2026-07-29T16:17:22.012+0000] {processor.py:186} INFO - Started process (PID=3575) to work on /home/airflow/.local/lib/python3.12/site-packages/airflow/example_dags/example_inlet_event_extra.py
[2026-07-29T16:17:22.013+0000] {processor.py:914} INFO - Processing file /home/airflow/.local/lib/python3.12/site-packages/airflow/example_dags/example_inlet_event_extra.py for tasks to queue
[2026-07-29T16:17:22.014+0000] {logging_mixin.py:190} INFO - [2026-07-29T16:17:22.013+0000] {dagbag.py:587} INFO - Filling up the DagBag from /home/airflow/.local/lib/python3.12/site-packages/airflow/example_dags/example_inlet_event_extra.py
[2026-07-29T16:17:22.078+0000] {processor.py:925} INFO - DAG(s) 'read_dataset_event', 'read_dataset_event_from_classic' retrieved from /home/airflow/.local/lib/python3.12/site-packages/airflow/example_dags/example_inlet_event_extra.py
[2026-07-29T16:17:22.092+0000] {logging_mixin.py:190} INFO - [2026-07-29T16:17:22.092+0000] {dag.py:3211} INFO - Sync 2 DAGs
[2026-07-29T16:17:22.252+0000] {logging_mixin.py:190} INFO - [2026-07-29T16:17:22.252+0000] {dag.py:4138} INFO - Setting next_dagrun for read_dataset_event to 2026-07-28 00:00:00+00:00, run_after=2026-07-29 00:00:00+00:00
[2026-07-29T16:17:22.255+0000] {logging_mixin.py:190} INFO - [2026-07-29T16:17:22.255+0000] {dag.py:4138} INFO - Setting next_dagrun for read_dataset_event_from_classic to 2026-07-28 00:00:00+00:00, run_after=2026-07-29 00:00:00+00:00
[2026-07-29T16:17:22.263+0000] {processor.py:208} INFO - Processing /home/airflow/.local/lib/python3.12/site-packages/airflow/example_dags/example_inlet_event_extra.py took 0.253 seconds
[2026-07-29T16:17:53.188+0000] {processor.py:186} INFO - Started process (PID=3644) to work on /home/airflow/.local/lib/python3.12/site-packages/airflow/example_dags/example_inlet_event_extra.py
[2026-07-29T16:17:53.189+0000] {processor.py:914} INFO - Processing file /home/airflow/.local/lib/python3.12/site-packages/airflow/example_dags/example_inlet_event_extra.py for tasks to queue
[2026-07-29T16:17:53.191+0000] {logging_mixin.py:190} INFO - [2026-07-29T16:17:53.191+0000] {dagbag.py:587} INFO - Filling up the DagBag from /home/airflow/.local/lib/python3.12/site-packages/airflow/example_dags/example_inlet_event_extra.py
[2026-07-29T16:17:53.257+0000] {processor.py:925} INFO - DAG(s) 'read_dataset_event', 'read_dataset_event_from_classic' retrieved from /home/airflow/.local/lib/python3.12/site-packages/airflow/example_dags/example_inlet_event_extra.py
[2026-07-29T16:17:53.274+0000] {logging_mixin.py:190} INFO - [2026-07-29T16:17:53.274+0000] {dag.py:3211} INFO - Sync 2 DAGs
[2026-07-29T16:17:53.284+0000] {logging_mixin.py:190} INFO - [2026-07-29T16:17:53.284+0000] {dag.py:4138} INFO - Setting next_dagrun for read_dataset_event to 2026-07-28 00:00:00+00:00, run_after=2026-07-29 00:00:00+00:00
[2026-07-29T16:17:53.287+0000] {logging_mixin.py:190} INFO - [2026-07-29T16:17:53.287+0000] {dag.py:4138} INFO - Setting next_dagrun for read_dataset_event_from_classic to 2026-07-28 00:00:00+00:00, run_after=2026-07-29 00:00:00+00:00
[2026-07-29T16:17:53.294+0000] {processor.py:208} INFO - Processing /home/airflow/.local/lib/python3.12/site-packages/airflow/example_dags/example_inlet_event_extra.py took 0.112 seconds
[2026-07-29T16:18:23.311+0000] {processor.py:186} INFO - Started process (PID=3711) to work on /home/airflow/.local/lib/python3.12/site-packages/airflow/example_dags/example_inlet_event_extra.py
[2026-07-29T16:18:23.311+0000] {processor.py:914} INFO - Processing file /home/airflow/.local/lib/python3.12/site-packages/airflow/example_dags/example_inlet_event_extra.py for tasks to queue
[2026-07-29T16:18:23.312+0000] {logging_mixin.py:190} INFO - [2026-07-29T16:18:23.312+0000] {dagbag.py:587} INFO - Filling up the DagBag from /home/airflow/.local/lib/python3.12/site-packages/airflow/example_dags/example_inlet_event_extra.py
[2026-07-29T16:18:23.373+0000] {processor.py:925} INFO - DAG(s) 'read_dataset_event', 'read_dataset_event_from_classic' retrieved from /home/airflow/.local/lib/python3.12/site-packages/airflow/example_dags/example_inlet_event_extra.py
[2026-07-29T16:18:23.384+0000] {logging_mixin.py:190} INFO - [2026-07-29T16:18:23.383+0000] {dag.py:3211} INFO - Sync 2 DAGs
[2026-07-29T16:18:23.393+0000] {logging_mixin.py:190} INFO - [2026-07-29T16:18:23.393+0000] {dag.py:4138} INFO - Setting next_dagrun for read_dataset_event to 2026-07-28 00:00:00+00:00, run_after=2026-07-29 00:00:00+00:00
[2026-07-29T16:18:23.397+0000] {logging_mixin.py:190} INFO - [2026-07-29T16:18:23.397+0000] {dag.py:4138} INFO - Setting next_dagrun for read_dataset_event_from_classic to 2026-07-28 00:00:00+00:00, run_after=2026-07-29 00:00:00+00:00
[2026-07-29T16:18:23.405+0000] {processor.py:208} INFO - Processing /home/airflow/.local/lib/python3.12/site-packages/airflow/example_dags/example_inlet_event_extra.py took 0.097 seconds
[2026-07-29T16:18:53.724+0000] {processor.py:186} INFO - Started process (PID=3773) to work on /home/airflow/.local/lib/python3.12/site-packages/airflow/example_dags/example_inlet_event_extra.py
[2026-07-29T16:18:53.724+0000] {processor.py:914} INFO - Processing file /home/airflow/.local/lib/python3.12/site-packages/airflow/example_dags/example_inlet_event_extra.py for tasks to queue
[2026-07-29T16:18:53.725+0000] {logging_mixin.py:190} INFO - [2026-07-29T16:18:53.725+0000] {dagbag.py:587} INFO - Filling up the DagBag from /home/airflow/.local/lib/python3.12/site-packages/airflow/example_dags/example_inlet_event_extra.py
[2026-07-29T16:18:53.877+0000] {processor.py:925} INFO - DAG(s) 'read_dataset_event_from_classic', 'read_dataset_event' retrieved from /home/airflow/.local/lib/python3.12/site-packages/airflow/example_dags/example_inlet_event_extra.py
[2026-07-29T16:18:53.887+0000] {logging_mixin.py:190} INFO - [2026-07-29T16:18:53.887+0000] {dag.py:3211} INFO - Sync 2 DAGs
[2026-07-29T16:18:53.896+0000] {logging_mixin.py:190} INFO - [2026-07-29T16:18:53.896+0000] {dag.py:4138} INFO - Setting next_dagrun for read_dataset_event to 2026-07-28 00:00:00+00:00, run_after=2026-07-29 00:00:00+00:00
[2026-07-29T16:18:53.898+0000] {logging_mixin.py:190} INFO - [2026-07-29T16:18:53.898+0000] {dag.py:4138} INFO - Setting next_dagrun for read_dataset_event_from_classic to 2026-07-28 00:00:00+00:00, run_after=2026-07-29 00:00:00+00:00
[2026-07-29T16:18:53.907+0000] {processor.py:208} INFO - Processing /home/airflow/.local/lib/python3.12/site-packages/airflow/example_dags/example_inlet_event_extra.py took 0.185 seconds
[2026-07-29T16:19:24.093+0000] {processor.py:186} INFO - Started process (PID=3840) to work on /home/airflow/.local/lib/python3.12/site-packages/airflow/example_dags/example_inlet_event_extra.py
[2026-07-29T16:19:24.094+0000] {processor.py:914} INFO - Processing file /home/airflow/.local/lib/python3.12/site-packages/airflow/example_dags/example_inlet_event_extra.py for tasks to queue
[2026-07-29T16:19:24.095+0000] {logging_mixin.py:190} INFO - [2026-07-29T16:19:24.095+0000] {dagbag.py:587} INFO - Filling up the DagBag from /home/airflow/.local/lib/python3.12/site-packages/airflow/example_dags/example_inlet_event_extra.py
[2026-07-29T16:19:24.248+0000] {processor.py:925} INFO - DAG(s) 'read_dataset_event_from_classic', 'read_dataset_event' retrieved from /home/airflow/.local/lib/python3.12/site-packages/airflow/example_dags/example_inlet_event_extra.py
[2026-07-29T16:19:24.256+0000] {logging_mixin.py:190} INFO - [2026-07-29T16:19:24.256+0000] {dag.py:3211} INFO - Sync 2 DAGs
[2026-07-29T16:19:24.264+0000] {logging_mixin.py:190} INFO - [2026-07-29T16:19:24.264+0000] {dag.py:4138} INFO - Setting next_dagrun for read_dataset_event to 2026-07-28 00:00:00+00:00, run_after=2026-07-29 00:00:00+00:00
[2026-07-29T16:19:24.267+0000] {logging_mixin.py:190} INFO - [2026-07-29T16:19:24.266+0000] {dag.py:4138} INFO - Setting next_dagrun for read_dataset_event_from_classic to 2026-07-28 00:00:00+00:00, run_after=2026-07-29 00:00:00+00:00
[2026-07-29T16:19:24.272+0000] {processor.py:208} INFO - Processing /home/airflow/.local/lib/python3.12/site-packages/airflow/example_dags/example_inlet_event_extra.py took 0.181 seconds
[2026-07-29T16:19:54.624+0000] {processor.py:186} INFO - Started process (PID=3905) to work on /home/airflow/.local/lib/python3.12/site-packages/airflow/example_dags/example_inlet_event_extra.py
[2026-07-29T16:19:54.624+0000] {processor.py:914} INFO - Processing file /home/airflow/.local/lib/python3.12/site-packages/airflow/example_dags/example_inlet_event_extra.py for tasks to queue
[2026-07-29T16:19:54.625+0000] {logging_mixin.py:190} INFO - [2026-07-29T16:19:54.625+0000] {dagbag.py:587} INFO - Filling up the DagBag from /home/airflow/.local/lib/python3.12/site-packages/airflow/example_dags/example_inlet_event_extra.py
[2026-07-29T16:19:54.785+0000] {processor.py:925} INFO - DAG(s) 'read_dataset_event_from_classic', 'read_dataset_event' retrieved from /home/airflow/.local/lib/python3.12/site-packages/airflow/example_dags/example_inlet_event_extra.py
[2026-07-29T16:19:54.797+0000] {logging_mixin.py:190} INFO - [2026-07-29T16:19:54.797+0000] {dag.py:3211} INFO - Sync 2 DAGs
[2026-07-29T16:19:54.805+0000] {logging_mixin.py:190} INFO - [2026-07-29T16:19:54.805+0000] {dag.py:4138} INFO - Setting next_dagrun for read_dataset_event to 2026-07-28 00:00:00+00:00, run_after=2026-07-29 00:00:00+00:00
[2026-07-29T16:19:54.807+0000] {logging_mixin.py:190} INFO - [2026-07-29T16:19:54.807+0000] {dag.py:4138} INFO - Setting next_dagrun for read_dataset_event_from_classic to 2026-07-28 00:00:00+00:00, run_after=2026-07-29 00:00:00+00:00
[2026-07-29T16:19:54.815+0000] {processor.py:208} INFO - Processing /home/airflow/.local/lib/python3.12/site-packages/airflow/example_dags/example_inlet_event_extra.py took 0.194 seconds
[2026-07-29T16:20:25.124+0000] {processor.py:186} INFO - Started process (PID=3972) to work on /home/airflow/.local/lib/python3.12/site-packages/airflow/example_dags/example_inlet_event_extra.py
[2026-07-29T16:20:25.125+0000] {processor.py:914} INFO - Processing file /home/airflow/.local/lib/python3.12/site-packages/airflow/example_dags/example_inlet_event_extra.py for tasks to queue
[2026-07-29T16:20:25.126+0000] {logging_mixin.py:190} INFO - [2026-07-29T16:20:25.126+0000] {dagbag.py:587} INFO - Filling up the DagBag from /home/airflow/.local/lib/python3.12/site-packages/airflow/example_dags/example_inlet_event_extra.py
[2026-07-29T16:20:25.289+0000] {processor.py:925} INFO - DAG(s) 'read_dataset_event_from_classic', 'read_dataset_event' retrieved from /home/airflow/.local/lib/python3.12/site-packages/airflow/example_dags/example_inlet_event_extra.py
[2026-07-29T16:20:25.299+0000] {logging_mixin.py:190} INFO - [2026-07-29T16:20:25.299+0000] {dag.py:3211} INFO - Sync 2 DAGs
[2026-07-29T16:20:25.308+0000] {logging_mixin.py:190} INFO - [2026-07-29T16:20:25.307+0000] {dag.py:4138} INFO - Setting next_dagrun for read_dataset_event to 2026-07-28 00:00:00+00:00, run_after=2026-07-29 00:00:00+00:00
[2026-07-29T16:20:25.309+0000] {logging_mixin.py:190} INFO - [2026-07-29T16:20:25.309+0000] {dag.py:4138} INFO - Setting next_dagrun for read_dataset_event_from_classic to 2026-07-28 00:00:00+00:00, run_after=2026-07-29 00:00:00+00:00
[2026-07-29T16:20:25.314+0000] {processor.py:208} INFO - Processing /home/airflow/.local/lib/python3.12/site-packages/airflow/example_dags/example_inlet_event_extra.py took 0.194 seconds
[2026-07-29T16:20:55.621+0000] {processor.py:186} INFO - Started process (PID=4037) to work on /home/airflow/.local/lib/python3.12/site-packages/airflow/example_dags/example_inlet_event_extra.py
[2026-07-29T16:20:55.622+0000] {processor.py:914} INFO - Processing file /home/airflow/.local/lib/python3.12/site-packages/airflow/example_dags/example_inlet_event_extra.py for tasks to queue
[2026-07-29T16:20:55.624+0000] {logging_mixin.py:190} INFO - [2026-07-29T16:20:55.623+0000] {dagbag.py:587} INFO - Filling up the DagBag from /home/airflow/.local/lib/python3.12/site-packages/airflow/example_dags/example_inlet_event_extra.py
[2026-07-29T16:20:55.792+0000] {processor.py:925} INFO - DAG(s) 'read_dataset_event_from_classic', 'read_dataset_event' retrieved from /home/airflow/.local/lib/python3.12/site-packages/airflow/example_dags/example_inlet_event_extra.py
[2026-07-29T16:20:55.802+0000] {logging_mixin.py:190} INFO - [2026-07-29T16:20:55.801+0000] {dag.py:3211} INFO - Sync 2 DAGs
[2026-07-29T16:20:55.812+0000] {logging_mixin.py:190} INFO - [2026-07-29T16:20:55.812+0000] {dag.py:4138} INFO - Setting next_dagrun for read_dataset_event to 2026-07-28 00:00:00+00:00, run_after=2026-07-29 00:00:00+00:00
[2026-07-29T16:20:55.814+0000] {logging_mixin.py:190} INFO - [2026-07-29T16:20:55.814+0000] {dag.py:4138} INFO - Setting next_dagrun for read_dataset_event_from_classic to 2026-07-28 00:00:00+00:00, run_after=2026-07-29 00:00:00+00:00
[2026-07-29T16:20:55.823+0000] {processor.py:208} INFO - Processing /home/airflow/.local/lib/python3.12/site-packages/airflow/example_dags/example_inlet_event_extra.py took 0.204 seconds
[2026-07-29T16:21:26.289+0000] {processor.py:186} INFO - Started process (PID=4103) to work on /home/airflow/.local/lib/python3.12/site-packages/airflow/example_dags/example_inlet_event_extra.py
[2026-07-29T16:21:26.290+0000] {processor.py:914} INFO - Processing file /home/airflow/.local/lib/python3.12/site-packages/airflow/example_dags/example_inlet_event_extra.py for tasks to queue
[2026-07-29T16:21:26.291+0000] {logging_mixin.py:190} INFO - [2026-07-29T16:21:26.291+0000] {dagbag.py:587} INFO - Filling up the DagBag from /home/airflow/.local/lib/python3.12/site-packages/airflow/example_dags/example_inlet_event_extra.py
[2026-07-29T16:21:26.442+0000] {processor.py:925} INFO - DAG(s) 'read_dataset_event_from_classic', 'read_dataset_event' retrieved from /home/airflow/.local/lib/python3.12/site-packages/airflow/example_dags/example_inlet_event_extra.py
[2026-07-29T16:21:26.449+0000] {logging_mixin.py:190} INFO - [2026-07-29T16:21:26.449+0000] {dag.py:3211} INFO - Sync 2 DAGs
[2026-07-29T16:21:26.459+0000] {logging_mixin.py:190} INFO - [2026-07-29T16:21:26.459+0000] {dag.py:4138} INFO - Setting next_dagrun for read_dataset_event to 2026-07-28 00:00:00+00:00, run_after=2026-07-29 00:00:00+00:00
[2026-07-29T16:21:26.461+0000] {logging_mixin.py:190} INFO - [2026-07-29T16:21:26.461+0000] {dag.py:4138} INFO - Setting next_dagrun for read_dataset_event_from_classic to 2026-07-28 00:00:00+00:00, run_after=2026-07-29 00:00:00+00:00
[2026-07-29T16:21:26.471+0000] {processor.py:208} INFO - Processing /home/airflow/.local/lib/python3.12/site-packages/airflow/example_dags/example_inlet_event_extra.py took 0.185 seconds
[2026-07-29T16:21:57.834+0000] {processor.py:186} INFO - Started process (PID=4169) to work on /home/airflow/.local/lib/python3.12/site-packages/airflow/example_dags/example_inlet_event_extra.py
[2026-07-29T16:21:57.836+0000] {processor.py:914} INFO - Processing file /home/airflow/.local/lib/python3.12/site-packages/airflow/example_dags/example_inlet_event_extra.py for tasks to queue
[2026-07-29T16:21:57.838+0000] {logging_mixin.py:190} INFO - [2026-07-29T16:21:57.838+0000] {dagbag.py:587} INFO - Filling up the DagBag from /home/airflow/.local/lib/python3.12/site-packages/airflow/example_dags/example_inlet_event_extra.py
[2026-07-29T16:21:57.979+0000] {processor.py:925} INFO - DAG(s) 'read_dataset_event', 'read_dataset_event_from_classic' retrieved from /home/airflow/.local/lib/python3.12/site-packages/airflow/example_dags/example_inlet_event_extra.py
[2026-07-29T16:21:57.992+0000] {logging_mixin.py:190} INFO - [2026-07-29T16:21:57.992+0000] {dag.py:3211} INFO - Sync 2 DAGs
[2026-07-29T16:21:58.001+0000] {logging_mixin.py:190} INFO - [2026-07-29T16:21:58.001+0000] {dag.py:4138} INFO - Setting next_dagrun for read_dataset_event to 2026-07-28 00:00:00+00:00, run_after=2026-07-29 00:00:00+00:00
[2026-07-29T16:21:58.004+0000] {logging_mixin.py:190} INFO - [2026-07-29T16:21:58.004+0000] {dag.py:4138} INFO - Setting next_dagrun for read_dataset_event_from_classic to 2026-07-28 00:00:00+00:00, run_after=2026-07-29 00:00:00+00:00
[2026-07-29T16:21:58.011+0000] {processor.py:208} INFO - Processing /home/airflow/.local/lib/python3.12/site-packages/airflow/example_dags/example_inlet_event_extra.py took 0.180 seconds
[2026-07-29T16:22:28.313+0000] {processor.py:186} INFO - Started process (PID=4235) to work on /home/airflow/.local/lib/python3.12/site-packages/airflow/example_dags/example_inlet_event_extra.py
[2026-07-29T16:22:28.314+0000] {processor.py:914} INFO - Processing file /home/airflow/.local/lib/python3.12/site-packages/airflow/example_dags/example_inlet_event_extra.py for tasks to queue
[2026-07-29T16:22:28.315+0000] {logging_mixin.py:190} INFO - [2026-07-29T16:22:28.315+0000] {dagbag.py:587} INFO - Filling up the DagBag from /home/airflow/.local/lib/python3.12/site-packages/airflow/example_dags/example_inlet_event_extra.py
[2026-07-29T16:22:28.459+0000] {processor.py:925} INFO - DAG(s) 'read_dataset_event', 'read_dataset_event_from_classic' retrieved from /home/airflow/.local/lib/python3.12/site-packages/airflow/example_dags/example_inlet_event_extra.py
[2026-07-29T16:22:28.467+0000] {logging_mixin.py:190} INFO - [2026-07-29T16:22:28.466+0000] {dag.py:3211} INFO - Sync 2 DAGs
[2026-07-29T16:22:28.475+0000] {logging_mixin.py:190} INFO - [2026-07-29T16:22:28.475+0000] {dag.py:4138} INFO - Setting next_dagrun for read_dataset_event to 2026-07-28 00:00:00+00:00, run_after=2026-07-29 00:00:00+00:00
[2026-07-29T16:22:28.477+0000] {logging_mixin.py:190} INFO - [2026-07-29T16:22:28.477+0000] {dag.py:4138} INFO - Setting next_dagrun for read_dataset_event_from_classic to 2026-07-28 00:00:00+00:00, run_after=2026-07-29 00:00:00+00:00
[2026-07-29T16:22:28.484+0000] {processor.py:208} INFO - Processing /home/airflow/.local/lib/python3.12/site-packages/airflow/example_dags/example_inlet_event_extra.py took 0.174 seconds
[2026-07-29T16:22:58.525+0000] {processor.py:186} INFO - Started process (PID=4301) to work on /home/airflow/.local/lib/python3.12/site-packages/airflow/example_dags/example_inlet_event_extra.py
[2026-07-29T16:22:58.527+0000] {processor.py:914} INFO - Processing file /home/airflow/.local/lib/python3.12/site-packages/airflow/example_dags/example_inlet_event_extra.py for tasks to queue
[2026-07-29T16:22:58.529+0000] {logging_mixin.py:190} INFO - [2026-07-29T16:22:58.529+0000] {dagbag.py:587} INFO - Filling up the DagBag from /home/airflow/.local/lib/python3.12/site-packages/airflow/example_dags/example_inlet_event_extra.py
[2026-07-29T16:22:58.679+0000] {processor.py:925} INFO - DAG(s) 'read_dataset_event_from_classic', 'read_dataset_event' retrieved from /home/airflow/.local/lib/python3.12/site-packages/airflow/example_dags/example_inlet_event_extra.py
[2026-07-29T16:22:58.691+0000] {logging_mixin.py:190} INFO - [2026-07-29T16:22:58.691+0000] {dag.py:3211} INFO - Sync 2 DAGs
[2026-07-29T16:22:58.701+0000] {logging_mixin.py:190} INFO - [2026-07-29T16:22:58.701+0000] {dag.py:4138} INFO - Setting next_dagrun for read_dataset_event to 2026-07-28 00:00:00+00:00, run_after=2026-07-29 00:00:00+00:00
[2026-07-29T16:22:58.704+0000] {logging_mixin.py:190} INFO - [2026-07-29T16:22:58.704+0000] {dag.py:4138} INFO - Setting next_dagrun for read_dataset_event_from_classic to 2026-07-28 00:00:00+00:00, run_after=2026-07-29 00:00:00+00:00
[2026-07-29T16:22:58.716+0000] {processor.py:208} INFO - Processing /home/airflow/.local/lib/python3.12/site-packages/airflow/example_dags/example_inlet_event_extra.py took 0.194 seconds
[2026-07-29T16:23:29.181+0000] {processor.py:186} INFO - Started process (PID=4368) to work on /home/airflow/.local/lib/python3.12/site-packages/airflow/example_dags/example_inlet_event_extra.py
[2026-07-29T16:23:29.183+0000] {processor.py:914} INFO - Processing file /home/airflow/.local/lib/python3.12/site-packages/airflow/example_dags/example_inlet_event_extra.py for tasks to queue
[2026-07-29T16:23:29.184+0000] {logging_mixin.py:190} INFO - [2026-07-29T16:23:29.184+0000] {dagbag.py:587} INFO - Filling up the DagBag from /home/airflow/.local/lib/python3.12/site-packages/airflow/example_dags/example_inlet_event_extra.py
[2026-07-29T16:23:29.256+0000] {processor.py:925} INFO - DAG(s) 'read_dataset_event', 'read_dataset_event_from_classic' retrieved from /home/airflow/.local/lib/python3.12/site-packages/airflow/example_dags/example_inlet_event_extra.py
[2026-07-29T16:23:29.270+0000] {logging_mixin.py:190} INFO - [2026-07-29T16:23:29.270+0000] {dag.py:3211} INFO - Sync 2 DAGs
[2026-07-29T16:23:29.280+0000] {logging_mixin.py:190} INFO - [2026-07-29T16:23:29.279+0000] {dag.py:4138} INFO - Setting next_dagrun for read_dataset_event to 2026-07-28 00:00:00+00:00, run_after=2026-07-29 00:00:00+00:00
[2026-07-29T16:23:29.282+0000] {logging_mixin.py:190} INFO - [2026-07-29T16:23:29.282+0000] {dag.py:4138} INFO - Setting next_dagrun for read_dataset_event_from_classic to 2026-07-28 00:00:00+00:00, run_after=2026-07-29 00:00:00+00:00
[2026-07-29T16:23:29.287+0000] {processor.py:208} INFO - Processing /home/airflow/.local/lib/python3.12/site-packages/airflow/example_dags/example_inlet_event_extra.py took 0.109 seconds
[2026-07-29T16:24:00.131+0000] {processor.py:186} INFO - Started process (PID=4433) to work on /home/airflow/.local/lib/python3.12/site-packages/airflow/example_dags/example_inlet_event_extra.py
[2026-07-29T16:24:00.131+0000] {processor.py:914} INFO - Processing file /home/airflow/.local/lib/python3.12/site-packages/airflow/example_dags/example_inlet_event_extra.py for tasks to queue
[2026-07-29T16:24:00.133+0000] {logging_mixin.py:190} INFO - [2026-07-29T16:24:00.133+0000] {dagbag.py:587} INFO - Filling up the DagBag from /home/airflow/.local/lib/python3.12/site-packages/airflow/example_dags/example_inlet_event_extra.py
[2026-07-29T16:24:00.194+0000] {processor.py:925} INFO - DAG(s) 'read_dataset_event', 'read_dataset_event_from_classic' retrieved from /home/airflow/.local/lib/python3.12/site-packages/airflow/example_dags/example_inlet_event_extra.py
[2026-07-29T16:24:00.204+0000] {logging_mixin.py:190} INFO - [2026-07-29T16:24:00.204+0000] {dag.py:3211} INFO - Sync 2 DAGs
[2026-07-29T16:24:00.214+0000] {logging_mixin.py:190} INFO - [2026-07-29T16:24:00.214+0000] {dag.py:4138} INFO - Setting next_dagrun for read_dataset_event to 2026-07-28 00:00:00+00:00, run_after=2026-07-29 00:00:00+00:00
[2026-07-29T16:24:00.216+0000] {logging_mixin.py:190} INFO - [2026-07-29T16:24:00.216+0000] {dag.py:4138} INFO - Setting next_dagrun for read_dataset_event_from_classic to 2026-07-28 00:00:00+00:00, run_after=2026-07-29 00:00:00+00:00
[2026-07-29T16:24:00.228+0000] {processor.py:208} INFO - Processing /home/airflow/.local/lib/python3.12/site-packages/airflow/example_dags/example_inlet_event_extra.py took 0.100 seconds
[2026-07-29T16:24:31.195+0000] {processor.py:186} INFO - Started process (PID=4499) to work on /home/airflow/.local/lib/python3.12/site-packages/airflow/example_dags/example_inlet_event_extra.py
[2026-07-29T16:24:31.196+0000] {processor.py:914} INFO - Processing file /home/airflow/.local/lib/python3.12/site-packages/airflow/example_dags/example_inlet_event_extra.py for tasks to queue
[2026-07-29T16:24:31.197+0000] {logging_mixin.py:190} INFO - [2026-07-29T16:24:31.197+0000] {dagbag.py:587} INFO - Filling up the DagBag from /home/airflow/.local/lib/python3.12/site-packages/airflow/example_dags/example_inlet_event_extra.py
[2026-07-29T16:24:31.257+0000] {processor.py:925} INFO - DAG(s) 'read_dataset_event', 'read_dataset_event_from_classic' retrieved from /home/airflow/.local/lib/python3.12/site-packages/airflow/example_dags/example_inlet_event_extra.py
[2026-07-29T16:24:31.265+0000] {logging_mixin.py:190} INFO - [2026-07-29T16:24:31.264+0000] {dag.py:3211} INFO - Sync 2 DAGs
[2026-07-29T16:24:31.274+0000] {logging_mixin.py:190} INFO - [2026-07-29T16:24:31.274+0000] {dag.py:4138} INFO - Setting next_dagrun for read_dataset_event to 2026-07-28 00:00:00+00:00, run_after=2026-07-29 00:00:00+00:00
[2026-07-29T16:24:31.276+0000] {logging_mixin.py:190} INFO - [2026-07-29T16:24:31.276+0000] {dag.py:4138} INFO - Setting next_dagrun for read_dataset_event_from_classic to 2026-07-28 00:00:00+00:00, run_after=2026-07-29 00:00:00+00:00
[2026-07-29T16:24:31.283+0000] {processor.py:208} INFO - Processing /home/airflow/.local/lib/python3.12/site-packages/airflow/example_dags/example_inlet_event_extra.py took 0.091 seconds
[2026-07-29T16:25:02.267+0000] {processor.py:186} INFO - Started process (PID=4565) to work on /home/airflow/.local/lib/python3.12/site-packages/airflow/example_dags/example_inlet_event_extra.py
[2026-07-29T16:25:02.268+0000] {processor.py:914} INFO - Processing file /home/airflow/.local/lib/python3.12/site-packages/airflow/example_dags/example_inlet_event_extra.py for tasks to queue
[2026-07-29T16:25:02.271+0000] {logging_mixin.py:190} INFO - [2026-07-29T16:25:02.270+0000] {dagbag.py:587} INFO - Filling up the DagBag from /home/airflow/.local/lib/python3.12/site-packages/airflow/example_dags/example_inlet_event_extra.py
[2026-07-29T16:25:02.342+0000] {processor.py:925} INFO - DAG(s) 'read_dataset_event_from_classic', 'read_dataset_event' retrieved from /home/airflow/.local/lib/python3.12/site-packages/airflow/example_dags/example_inlet_event_extra.py
[2026-07-29T16:25:02.354+0000] {logging_mixin.py:190} INFO - [2026-07-29T16:25:02.354+0000] {dag.py:3211} INFO - Sync 2 DAGs
[2026-07-29T16:25:02.366+0000] {logging_mixin.py:190} INFO - [2026-07-29T16:25:02.366+0000] {dag.py:4138} INFO - Setting next_dagrun for read_dataset_event to 2026-07-28 00:00:00+00:00, run_after=2026-07-29 00:00:00+00:00
[2026-07-29T16:25:02.368+0000] {logging_mixin.py:190} INFO - [2026-07-29T16:25:02.368+0000] {dag.py:4138} INFO - Setting next_dagrun for read_dataset_event_from_classic to 2026-07-28 00:00:00+00:00, run_after=2026-07-29 00:00:00+00:00
[2026-07-29T16:25:02.379+0000] {processor.py:208} INFO - Processing /home/airflow/.local/lib/python3.12/site-packages/airflow/example_dags/example_inlet_event_extra.py took 0.115 seconds
[2026-07-29T16:25:32.445+0000] {processor.py:186} INFO - Started process (PID=4632) to work on /home/airflow/.local/lib/python3.12/site-packages/airflow/example_dags/example_inlet_event_extra.py
[2026-07-29T16:25:32.446+0000] {processor.py:914} INFO - Processing file /home/airflow/.local/lib/python3.12/site-packages/airflow/example_dags/example_inlet_event_extra.py for tasks to queue
[2026-07-29T16:25:32.447+0000] {logging_mixin.py:190} INFO - [2026-07-29T16:25:32.447+0000] {dagbag.py:587} INFO - Filling up the DagBag from /home/airflow/.local/lib/python3.12/site-packages/airflow/example_dags/example_inlet_event_extra.py
[2026-07-29T16:25:32.513+0000] {processor.py:925} INFO - DAG(s) 'read_dataset_event', 'read_dataset_event_from_classic' retrieved from /home/airflow/.local/lib/python3.12/site-packages/airflow/example_dags/example_inlet_event_extra.py
[2026-07-29T16:25:32.523+0000] {logging_mixin.py:190} INFO - [2026-07-29T16:25:32.523+0000] {dag.py:3211} INFO - Sync 2 DAGs
[2026-07-29T16:25:32.534+0000] {logging_mixin.py:190} INFO - [2026-07-29T16:25:32.534+0000] {dag.py:4138} INFO - Setting next_dagrun for read_dataset_event to 2026-07-28 00:00:00+00:00, run_after=2026-07-29 00:00:00+00:00
[2026-07-29T16:25:32.536+0000] {logging_mixin.py:190} INFO - [2026-07-29T16:25:32.536+0000] {dag.py:4138} INFO - Setting next_dagrun for read_dataset_event_from_classic to 2026-07-28 00:00:00+00:00, run_after=2026-07-29 00:00:00+00:00
[2026-07-29T16:25:32.546+0000] {processor.py:208} INFO - Processing /home/airflow/.local/lib/python3.12/site-packages/airflow/example_dags/example_inlet_event_extra.py took 0.104 seconds
[2026-07-29T16:26:03.449+0000] {processor.py:186} INFO - Started process (PID=4697) to work on /home/airflow/.local/lib/python3.12/site-packages/airflow/example_dags/example_inlet_event_extra.py
[2026-07-29T16:26:03.450+0000] {processor.py:914} INFO - Processing file /home/airflow/.local/lib/python3.12/site-packages/airflow/example_dags/example_inlet_event_extra.py for tasks to queue
[2026-07-29T16:26:03.451+0000] {logging_mixin.py:190} INFO - [2026-07-29T16:26:03.451+0000] {dagbag.py:587} INFO - Filling up the DagBag from /home/airflow/.local/lib/python3.12/site-packages/airflow/example_dags/example_inlet_event_extra.py
[2026-07-29T16:26:03.510+0000] {processor.py:925} INFO - DAG(s) 'read_dataset_event', 'read_dataset_event_from_classic' retrieved from /home/airflow/.local/lib/python3.12/site-packages/airflow/example_dags/example_inlet_event_extra.py
[2026-07-29T16:26:03.519+0000] {logging_mixin.py:190} INFO - [2026-07-29T16:26:03.519+0000] {dag.py:3211} INFO - Sync 2 DAGs
[2026-07-29T16:26:03.532+0000] {logging_mixin.py:190} INFO - [2026-07-29T16:26:03.532+0000] {dag.py:4138} INFO - Setting next_dagrun for read_dataset_event to 2026-07-28 00:00:00+00:00, run_after=2026-07-29 00:00:00+00:00
[2026-07-29T16:26:03.533+0000] {logging_mixin.py:190} INFO - [2026-07-29T16:26:03.533+0000] {dag.py:4138} INFO - Setting next_dagrun for read_dataset_event_from_classic to 2026-07-28 00:00:00+00:00, run_after=2026-07-29 00:00:00+00:00
[2026-07-29T16:26:03.543+0000] {processor.py:208} INFO - Processing /home/airflow/.local/lib/python3.12/site-packages/airflow/example_dags/example_inlet_event_extra.py took 0.096 seconds
[2026-07-29T16:26:33.671+0000] {processor.py:186} INFO - Started process (PID=4764) to work on /home/airflow/.local/lib/python3.12/site-packages/airflow/example_dags/example_inlet_event_extra.py
[2026-07-29T16:26:33.672+0000] {processor.py:914} INFO - Processing file /home/airflow/.local/lib/python3.12/site-packages/airflow/example_dags/example_inlet_event_extra.py for tasks to queue
[2026-07-29T16:26:33.673+0000] {logging_mixin.py:190} INFO - [2026-07-29T16:26:33.673+0000] {dagbag.py:587} INFO - Filling up the DagBag from /home/airflow/.local/lib/python3.12/site-packages/airflow/example_dags/example_inlet_event_extra.py
[2026-07-29T16:26:33.740+0000] {processor.py:925} INFO - DAG(s) 'read_dataset_event', 'read_dataset_event_from_classic' retrieved from /home/airflow/.local/lib/python3.12/site-packages/airflow/example_dags/example_inlet_event_extra.py
[2026-07-29T16:26:33.755+0000] {logging_mixin.py:190} INFO - [2026-07-29T16:26:33.755+0000] {dag.py:3211} INFO - Sync 2 DAGs
[2026-07-29T16:26:33.767+0000] {logging_mixin.py:190} INFO - [2026-07-29T16:26:33.767+0000] {dag.py:4138} INFO - Setting next_dagrun for read_dataset_event to 2026-07-28 00:00:00+00:00, run_after=2026-07-29 00:00:00+00:00
[2026-07-29T16:26:33.770+0000] {logging_mixin.py:190} INFO - [2026-07-29T16:26:33.770+0000] {dag.py:4138} INFO - Setting next_dagrun for read_dataset_event_from_classic to 2026-07-28 00:00:00+00:00, run_after=2026-07-29 00:00:00+00:00
[2026-07-29T16:26:33.775+0000] {processor.py:208} INFO - Processing /home/airflow/.local/lib/python3.12/site-packages/airflow/example_dags/example_inlet_event_extra.py took 0.107 seconds
[2026-07-29T16:27:03.795+0000] {processor.py:186} INFO - Started process (PID=4831) to work on /home/airflow/.local/lib/python3.12/site-packages/airflow/example_dags/example_inlet_event_extra.py
[2026-07-29T16:27:03.796+0000] {processor.py:914} INFO - Processing file /home/airflow/.local/lib/python3.12/site-packages/airflow/example_dags/example_inlet_event_extra.py for tasks to queue
[2026-07-29T16:27:03.797+0000] {logging_mixin.py:190} INFO - [2026-07-29T16:27:03.797+0000] {dagbag.py:587} INFO - Filling up the DagBag from /home/airflow/.local/lib/python3.12/site-packages/airflow/example_dags/example_inlet_event_extra.py
[2026-07-29T16:27:03.859+0000] {processor.py:925} INFO - DAG(s) 'read_dataset_event_from_classic', 'read_dataset_event' retrieved from /home/airflow/.local/lib/python3.12/site-packages/airflow/example_dags/example_inlet_event_extra.py
[2026-07-29T16:27:03.868+0000] {logging_mixin.py:190} INFO - [2026-07-29T16:27:03.868+0000] {dag.py:3211} INFO - Sync 2 DAGs
[2026-07-29T16:27:03.880+0000] {logging_mixin.py:190} INFO - [2026-07-29T16:27:03.880+0000] {dag.py:4138} INFO - Setting next_dagrun for read_dataset_event to 2026-07-28 00:00:00+00:00, run_after=2026-07-29 00:00:00+00:00
[2026-07-29T16:27:03.884+0000] {logging_mixin.py:190} INFO - [2026-07-29T16:27:03.884+0000] {dag.py:4138} INFO - Setting next_dagrun for read_dataset_event_from_classic to 2026-07-28 00:00:00+00:00, run_after=2026-07-29 00:00:00+00:00
[2026-07-29T16:27:03.892+0000] {processor.py:208} INFO - Processing /home/airflow/.local/lib/python3.12/site-packages/airflow/example_dags/example_inlet_event_extra.py took 0.100 seconds
[2026-07-29T16:27:33.955+0000] {processor.py:186} INFO - Started process (PID=4898) to work on /home/airflow/.local/lib/python3.12/site-packages/airflow/example_dags/example_inlet_event_extra.py
[2026-07-29T16:27:33.955+0000] {processor.py:914} INFO - Processing file /home/airflow/.local/lib/python3.12/site-packages/airflow/example_dags/example_inlet_event_extra.py for tasks to queue
[2026-07-29T16:27:33.956+0000] {logging_mixin.py:190} INFO - [2026-07-29T16:27:33.956+0000] {dagbag.py:587} INFO - Filling up the DagBag from /home/airflow/.local/lib/python3.12/site-packages/airflow/example_dags/example_inlet_event_extra.py
[2026-07-29T16:27:34.008+0000] {processor.py:925} INFO - DAG(s) 'read_dataset_event_from_classic', 'read_dataset_event' retrieved from /home/airflow/.local/lib/python3.12/site-packages/airflow/example_dags/example_inlet_event_extra.py
[2026-07-29T16:27:34.016+0000] {logging_mixin.py:190} INFO - [2026-07-29T16:27:34.016+0000] {dag.py:3211} INFO - Sync 2 DAGs
[2026-07-29T16:27:34.023+0000] {logging_mixin.py:190} INFO - [2026-07-29T16:27:34.023+0000] {dag.py:4138} INFO - Setting next_dagrun for read_dataset_event to 2026-07-28 00:00:00+00:00, run_after=2026-07-29 00:00:00+00:00
[2026-07-29T16:27:34.025+0000] {logging_mixin.py:190} INFO - [2026-07-29T16:27:34.025+0000] {dag.py:4138} INFO - Setting next_dagrun for read_dataset_event_from_classic to 2026-07-28 00:00:00+00:00, run_after=2026-07-29 00:00:00+00:00
[2026-07-29T16:27:34.030+0000] {processor.py:208} INFO - Processing /home/airflow/.local/lib/python3.12/site-packages/airflow/example_dags/example_inlet_event_extra.py took 0.077 seconds
[2026-07-29T16:28:04.907+0000] {processor.py:186} INFO - Started process (PID=4961) to work on /home/airflow/.local/lib/python3.12/site-packages/airflow/example_dags/example_inlet_event_extra.py
[2026-07-29T16:28:04.908+0000] {processor.py:914} INFO - Processing file /home/airflow/.local/lib/python3.12/site-packages/airflow/example_dags/example_inlet_event_extra.py for tasks to queue
[2026-07-29T16:28:04.909+0000] {logging_mixin.py:190} INFO - [2026-07-29T16:28:04.909+0000] {dagbag.py:587} INFO - Filling up the DagBag from /home/airflow/.local/lib/python3.12/site-packages/airflow/example_dags/example_inlet_event_extra.py
[2026-07-29T16:28:04.974+0000] {processor.py:925} INFO - DAG(s) 'read_dataset_event_from_classic', 'read_dataset_event' retrieved from /home/airflow/.local/lib/python3.12/site-packages/airflow/example_dags/example_inlet_event_extra.py
[2026-07-29T16:28:04.987+0000] {logging_mixin.py:190} INFO - [2026-07-29T16:28:04.987+0000] {dag.py:3211} INFO - Sync 2 DAGs
[2026-07-29T16:28:04.999+0000] {logging_mixin.py:190} INFO - [2026-07-29T16:28:04.999+0000] {dag.py:4138} INFO - Setting next_dagrun for read_dataset_event to 2026-07-28 00:00:00+00:00, run_after=2026-07-29 00:00:00+00:00
[2026-07-29T16:28:05.002+0000] {logging_mixin.py:190} INFO - [2026-07-29T16:28:05.002+0000] {dag.py:4138} INFO - Setting next_dagrun for read_dataset_event_from_classic to 2026-07-28 00:00:00+00:00, run_after=2026-07-29 00:00:00+00:00
[2026-07-29T16:28:05.013+0000] {processor.py:208} INFO - Processing /home/airflow/.local/lib/python3.12/site-packages/airflow/example_dags/example_inlet_event_extra.py took 0.109 seconds
[2026-07-29T16:28:35.842+0000] {processor.py:186} INFO - Started process (PID=5027) to work on /home/airflow/.local/lib/python3.12/site-packages/airflow/example_dags/example_inlet_event_extra.py
[2026-07-29T16:28:35.843+0000] {processor.py:914} INFO - Processing file /home/airflow/.local/lib/python3.12/site-packages/airflow/example_dags/example_inlet_event_extra.py for tasks to queue
[2026-07-29T16:28:35.844+0000] {logging_mixin.py:190} INFO - [2026-07-29T16:28:35.844+0000] {dagbag.py:587} INFO - Filling up the DagBag from /home/airflow/.local/lib/python3.12/site-packages/airflow/example_dags/example_inlet_event_extra.py
[2026-07-29T16:28:35.898+0000] {processor.py:925} INFO - DAG(s) 'read_dataset_event_from_classic', 'read_dataset_event' retrieved from /home/airflow/.local/lib/python3.12/site-packages/airflow/example_dags/example_inlet_event_extra.py
[2026-07-29T16:28:35.909+0000] {logging_mixin.py:190} INFO - [2026-07-29T16:28:35.909+0000] {dag.py:3211} INFO - Sync 2 DAGs
[2026-07-29T16:28:35.920+0000] {logging_mixin.py:190} INFO - [2026-07-29T16:28:35.920+0000] {dag.py:4138} INFO - Setting next_dagrun for read_dataset_event to 2026-07-28 00:00:00+00:00, run_after=2026-07-29 00:00:00+00:00
[2026-07-29T16:28:35.922+0000] {logging_mixin.py:190} INFO - [2026-07-29T16:28:35.922+0000] {dag.py:4138} INFO - Setting next_dagrun for read_dataset_event_from_classic to 2026-07-28 00:00:00+00:00, run_after=2026-07-29 00:00:00+00:00
[2026-07-29T16:28:35.927+0000] {processor.py:208} INFO - Processing /home/airflow/.local/lib/python3.12/site-packages/airflow/example_dags/example_inlet_event_extra.py took 0.088 seconds
[2026-07-29T16:29:06.358+0000] {processor.py:186} INFO - Started process (PID=5093) to work on /home/airflow/.local/lib/python3.12/site-packages/airflow/example_dags/example_inlet_event_extra.py
[2026-07-29T16:29:06.361+0000] {processor.py:914} INFO - Processing file /home/airflow/.local/lib/python3.12/site-packages/airflow/example_dags/example_inlet_event_extra.py for tasks to queue
[2026-07-29T16:29:06.362+0000] {logging_mixin.py:190} INFO - [2026-07-29T16:29:06.362+0000] {dagbag.py:587} INFO - Filling up the DagBag from /home/airflow/.local/lib/python3.12/site-packages/airflow/example_dags/example_inlet_event_extra.py
[2026-07-29T16:29:06.430+0000] {processor.py:925} INFO - DAG(s) 'read_dataset_event_from_classic', 'read_dataset_event' retrieved from /home/airflow/.local/lib/python3.12/site-packages/airflow/example_dags/example_inlet_event_extra.py
[2026-07-29T16:29:06.440+0000] {logging_mixin.py:190} INFO - [2026-07-29T16:29:06.440+0000] {dag.py:3211} INFO - Sync 2 DAGs
[2026-07-29T16:29:06.450+0000] {logging_mixin.py:190} INFO - [2026-07-29T16:29:06.450+0000] {dag.py:4138} INFO - Setting next_dagrun for read_dataset_event to 2026-07-28 00:00:00+00:00, run_after=2026-07-29 00:00:00+00:00
[2026-07-29T16:29:06.452+0000] {logging_mixin.py:190} INFO - [2026-07-29T16:29:06.452+0000] {dag.py:4138} INFO - Setting next_dagrun for read_dataset_event_from_classic to 2026-07-28 00:00:00+00:00, run_after=2026-07-29 00:00:00+00:00
[2026-07-29T16:29:06.457+0000] {processor.py:208} INFO - Processing /home/airflow/.local/lib/python3.12/site-packages/airflow/example_dags/example_inlet_event_extra.py took 0.101 seconds
[2026-07-29T16:29:37.305+0000] {processor.py:186} INFO - Started process (PID=5159) to work on /home/airflow/.local/lib/python3.12/site-packages/airflow/example_dags/example_inlet_event_extra.py
[2026-07-29T16:29:37.305+0000] {processor.py:914} INFO - Processing file /home/airflow/.local/lib/python3.12/site-packages/airflow/example_dags/example_inlet_event_extra.py for tasks to queue
[2026-07-29T16:29:37.306+0000] {logging_mixin.py:190} INFO - [2026-07-29T16:29:37.306+0000] {dagbag.py:587} INFO - Filling up the DagBag from /home/airflow/.local/lib/python3.12/site-packages/airflow/example_dags/example_inlet_event_extra.py
[2026-07-29T16:29:37.366+0000] {processor.py:925} INFO - DAG(s) 'read_dataset_event_from_classic', 'read_dataset_event' retrieved from /home/airflow/.local/lib/python3.12/site-packages/airflow/example_dags/example_inlet_event_extra.py
[2026-07-29T16:29:37.382+0000] {logging_mixin.py:190} INFO - [2026-07-29T16:29:37.382+0000] {dag.py:3211} INFO - Sync 2 DAGs
[2026-07-29T16:29:37.392+0000] {logging_mixin.py:190} INFO - [2026-07-29T16:29:37.392+0000] {dag.py:4138} INFO - Setting next_dagrun for read_dataset_event to 2026-07-28 00:00:00+00:00, run_after=2026-07-29 00:00:00+00:00
[2026-07-29T16:29:37.395+0000] {logging_mixin.py:190} INFO - [2026-07-29T16:29:37.395+0000] {dag.py:4138} INFO - Setting next_dagrun for read_dataset_event_from_classic to 2026-07-28 00:00:00+00:00, run_after=2026-07-29 00:00:00+00:00
[2026-07-29T16:29:37.401+0000] {processor.py:208} INFO - Processing /home/airflow/.local/lib/python3.12/site-packages/airflow/example_dags/example_inlet_event_extra.py took 0.099 seconds
[2026-07-29T16:30:08.201+0000] {processor.py:186} INFO - Started process (PID=5225) to work on /home/airflow/.local/lib/python3.12/site-packages/airflow/example_dags/example_inlet_event_extra.py
[2026-07-29T16:30:08.201+0000] {processor.py:914} INFO - Processing file /home/airflow/.local/lib/python3.12/site-packages/airflow/example_dags/example_inlet_event_extra.py for tasks to queue
[2026-07-29T16:30:08.202+0000] {logging_mixin.py:190} INFO - [2026-07-29T16:30:08.202+0000] {dagbag.py:587} INFO - Filling up the DagBag from /home/airflow/.local/lib/python3.12/site-packages/airflow/example_dags/example_inlet_event_extra.py
[2026-07-29T16:30:08.260+0000] {processor.py:925} INFO - DAG(s) 'read_dataset_event', 'read_dataset_event_from_classic' retrieved from /home/airflow/.local/lib/python3.12/site-packages/airflow/example_dags/example_inlet_event_extra.py
[2026-07-29T16:30:08.273+0000] {logging_mixin.py:190} INFO - [2026-07-29T16:30:08.273+0000] {dag.py:3211} INFO - Sync 2 DAGs
[2026-07-29T16:30:08.285+0000] {logging_mixin.py:190} INFO - [2026-07-29T16:30:08.285+0000] {dag.py:4138} INFO - Setting next_dagrun for read_dataset_event to 2026-07-28 00:00:00+00:00, run_after=2026-07-29 00:00:00+00:00
[2026-07-29T16:30:08.287+0000] {logging_mixin.py:190} INFO - [2026-07-29T16:30:08.287+0000] {dag.py:4138} INFO - Setting next_dagrun for read_dataset_event_from_classic to 2026-07-28 00:00:00+00:00, run_after=2026-07-29 00:00:00+00:00
[2026-07-29T16:30:08.292+0000] {processor.py:208} INFO - Processing /home/airflow/.local/lib/python3.12/site-packages/airflow/example_dags/example_inlet_event_extra.py took 0.094 seconds
[2026-07-29T16:30:39.272+0000] {processor.py:186} INFO - Started process (PID=5291) to work on /home/airflow/.local/lib/python3.12/site-packages/airflow/example_dags/example_inlet_event_extra.py
[2026-07-29T16:30:39.272+0000] {processor.py:914} INFO - Processing file /home/airflow/.local/lib/python3.12/site-packages/airflow/example_dags/example_inlet_event_extra.py for tasks to queue
[2026-07-29T16:30:39.274+0000] {logging_mixin.py:190} INFO - [2026-07-29T16:30:39.274+0000] {dagbag.py:587} INFO - Filling up the DagBag from /home/airflow/.local/lib/python3.12/site-packages/airflow/example_dags/example_inlet_event_extra.py
[2026-07-29T16:30:39.340+0000] {processor.py:925} INFO - DAG(s) 'read_dataset_event', 'read_dataset_event_from_classic' retrieved from /home/airflow/.local/lib/python3.12/site-packages/airflow/example_dags/example_inlet_event_extra.py
[2026-07-29T16:30:39.357+0000] {logging_mixin.py:190} INFO - [2026-07-29T16:30:39.356+0000] {dag.py:3211} INFO - Sync 2 DAGs
[2026-07-29T16:30:39.368+0000] {logging_mixin.py:190} INFO - [2026-07-29T16:30:39.368+0000] {dag.py:4138} INFO - Setting next_dagrun for read_dataset_event to 2026-07-28 00:00:00+00:00, run_after=2026-07-29 00:00:00+00:00
[2026-07-29T16:30:39.372+0000] {logging_mixin.py:190} INFO - [2026-07-29T16:30:39.372+0000] {dag.py:4138} INFO - Setting next_dagrun for read_dataset_event_from_classic to 2026-07-28 00:00:00+00:00, run_after=2026-07-29 00:00:00+00:00
[2026-07-29T16:30:39.384+0000] {processor.py:208} INFO - Processing /home/airflow/.local/lib/python3.12/site-packages/airflow/example_dags/example_inlet_event_extra.py took 0.115 seconds
[2026-07-29T16:31:09.514+0000] {processor.py:186} INFO - Started process (PID=5357) to work on /home/airflow/.local/lib/python3.12/site-packages/airflow/example_dags/example_inlet_event_extra.py
[2026-07-29T16:31:09.515+0000] {processor.py:914} INFO - Processing file /home/airflow/.local/lib/python3.12/site-packages/airflow/example_dags/example_inlet_event_extra.py for tasks to queue
[2026-07-29T16:31:09.518+0000] {logging_mixin.py:190} INFO - [2026-07-29T16:31:09.517+0000] {dagbag.py:587} INFO - Filling up the DagBag from /home/airflow/.local/lib/python3.12/site-packages/airflow/example_dags/example_inlet_event_extra.py
[2026-07-29T16:31:09.577+0000] {processor.py:925} INFO - DAG(s) 'read_dataset_event', 'read_dataset_event_from_classic' retrieved from /home/airflow/.local/lib/python3.12/site-packages/airflow/example_dags/example_inlet_event_extra.py
[2026-07-29T16:31:09.588+0000] {logging_mixin.py:190} INFO - [2026-07-29T16:31:09.588+0000] {dag.py:3211} INFO - Sync 2 DAGs
[2026-07-29T16:31:09.598+0000] {logging_mixin.py:190} INFO - [2026-07-29T16:31:09.598+0000] {dag.py:4138} INFO - Setting next_dagrun for read_dataset_event to 2026-07-28 00:00:00+00:00, run_after=2026-07-29 00:00:00+00:00
[2026-07-29T16:31:09.601+0000] {logging_mixin.py:190} INFO - [2026-07-29T16:31:09.601+0000] {dag.py:4138} INFO - Setting next_dagrun for read_dataset_event_from_classic to 2026-07-28 00:00:00+00:00, run_after=2026-07-29 00:00:00+00:00
[2026-07-29T16:31:09.610+0000] {processor.py:208} INFO - Processing /home/airflow/.local/lib/python3.12/site-packages/airflow/example_dags/example_inlet_event_extra.py took 0.098 seconds
[2026-07-29T16:31:39.811+0000] {processor.py:186} INFO - Started process (PID=5423) to work on /home/airflow/.local/lib/python3.12/site-packages/airflow/example_dags/example_inlet_event_extra.py
[2026-07-29T16:31:39.811+0000] {processor.py:914} INFO - Processing file /home/airflow/.local/lib/python3.12/site-packages/airflow/example_dags/example_inlet_event_extra.py for tasks to queue
[2026-07-29T16:31:39.813+0000] {logging_mixin.py:190} INFO - [2026-07-29T16:31:39.813+0000] {dagbag.py:587} INFO - Filling up the DagBag from /home/airflow/.local/lib/python3.12/site-packages/airflow/example_dags/example_inlet_event_extra.py
[2026-07-29T16:31:39.883+0000] {processor.py:925} INFO - DAG(s) 'read_dataset_event', 'read_dataset_event_from_classic' retrieved from /home/airflow/.local/lib/python3.12/site-packages/airflow/example_dags/example_inlet_event_extra.py
[2026-07-29T16:31:39.894+0000] {logging_mixin.py:190} INFO - [2026-07-29T16:31:39.894+0000] {dag.py:3211} INFO - Sync 2 DAGs
[2026-07-29T16:31:39.905+0000] {logging_mixin.py:190} INFO - [2026-07-29T16:31:39.905+0000] {dag.py:4138} INFO - Setting next_dagrun for read_dataset_event to 2026-07-28 00:00:00+00:00, run_after=2026-07-29 00:00:00+00:00
[2026-07-29T16:31:39.909+0000] {logging_mixin.py:190} INFO - [2026-07-29T16:31:39.909+0000] {dag.py:4138} INFO - Setting next_dagrun for read_dataset_event_from_classic to 2026-07-28 00:00:00+00:00, run_after=2026-07-29 00:00:00+00:00
[2026-07-29T16:31:39.918+0000] {processor.py:208} INFO - Processing /home/airflow/.local/lib/python3.12/site-packages/airflow/example_dags/example_inlet_event_extra.py took 0.111 seconds
[2026-07-29T16:32:09.964+0000] {processor.py:186} INFO - Started process (PID=5489) to work on /home/airflow/.local/lib/python3.12/site-packages/airflow/example_dags/example_inlet_event_extra.py
[2026-07-29T16:32:09.965+0000] {processor.py:914} INFO - Processing file /home/airflow/.local/lib/python3.12/site-packages/airflow/example_dags/example_inlet_event_extra.py for tasks to queue
[2026-07-29T16:32:09.966+0000] {logging_mixin.py:190} INFO - [2026-07-29T16:32:09.966+0000] {dagbag.py:587} INFO - Filling up the DagBag from /home/airflow/.local/lib/python3.12/site-packages/airflow/example_dags/example_inlet_event_extra.py
[2026-07-29T16:32:10.037+0000] {processor.py:925} INFO - DAG(s) 'read_dataset_event_from_classic', 'read_dataset_event' retrieved from /home/airflow/.local/lib/python3.12/site-packages/airflow/example_dags/example_inlet_event_extra.py
[2026-07-29T16:32:10.056+0000] {logging_mixin.py:190} INFO - [2026-07-29T16:32:10.056+0000] {dag.py:3211} INFO - Sync 2 DAGs
[2026-07-29T16:32:10.069+0000] {logging_mixin.py:190} INFO - [2026-07-29T16:32:10.068+0000] {dag.py:4138} INFO - Setting next_dagrun for read_dataset_event to 2026-07-28 00:00:00+00:00, run_after=2026-07-29 00:00:00+00:00
[2026-07-29T16:32:10.072+0000] {logging_mixin.py:190} INFO - [2026-07-29T16:32:10.072+0000] {dag.py:4138} INFO - Setting next_dagrun for read_dataset_event_from_classic to 2026-07-28 00:00:00+00:00, run_after=2026-07-29 00:00:00+00:00
[2026-07-29T16:32:10.078+0000] {processor.py:208} INFO - Processing /home/airflow/.local/lib/python3.12/site-packages/airflow/example_dags/example_inlet_event_extra.py took 0.119 seconds
[2026-07-29T16:32:40.170+0000] {processor.py:186} INFO - Started process (PID=5556) to work on /home/airflow/.local/lib/python3.12/site-packages/airflow/example_dags/example_inlet_event_extra.py
[2026-07-29T16:32:40.170+0000] {processor.py:914} INFO - Processing file /home/airflow/.local/lib/python3.12/site-packages/airflow/example_dags/example_inlet_event_extra.py for tasks to queue
[2026-07-29T16:32:40.171+0000] {logging_mixin.py:190} INFO - [2026-07-29T16:32:40.171+0000] {dagbag.py:587} INFO - Filling up the DagBag from /home/airflow/.local/lib/python3.12/site-packages/airflow/example_dags/example_inlet_event_extra.py
[2026-07-29T16:32:40.228+0000] {processor.py:925} INFO - DAG(s) 'read_dataset_event_from_classic', 'read_dataset_event' retrieved from /home/airflow/.local/lib/python3.12/site-packages/airflow/example_dags/example_inlet_event_extra.py
[2026-07-29T16:32:40.240+0000] {logging_mixin.py:190} INFO - [2026-07-29T16:32:40.240+0000] {dag.py:3211} INFO - Sync 2 DAGs
[2026-07-29T16:32:40.251+0000] {logging_mixin.py:190} INFO - [2026-07-29T16:32:40.251+0000] {dag.py:4138} INFO - Setting next_dagrun for read_dataset_event to 2026-07-28 00:00:00+00:00, run_after=2026-07-29 00:00:00+00:00
[2026-07-29T16:32:40.253+0000] {logging_mixin.py:190} INFO - [2026-07-29T16:32:40.253+0000] {dag.py:4138} INFO - Setting next_dagrun for read_dataset_event_from_classic to 2026-07-28 00:00:00+00:00, run_after=2026-07-29 00:00:00+00:00
[2026-07-29T16:32:40.259+0000] {processor.py:208} INFO - Processing /home/airflow/.local/lib/python3.12/site-packages/airflow/example_dags/example_inlet_event_extra.py took 0.092 seconds
[2026-07-29T16:33:11.258+0000] {processor.py:186} INFO - Started process (PID=5622) to work on /home/airflow/.local/lib/python3.12/site-packages/airflow/example_dags/example_inlet_event_extra.py
[2026-07-29T16:33:11.260+0000] {processor.py:914} INFO - Processing file /home/airflow/.local/lib/python3.12/site-packages/airflow/example_dags/example_inlet_event_extra.py for tasks to queue
[2026-07-29T16:33:11.263+0000] {logging_mixin.py:190} INFO - [2026-07-29T16:33:11.263+0000] {dagbag.py:587} INFO - Filling up the DagBag from /home/airflow/.local/lib/python3.12/site-packages/airflow/example_dags/example_inlet_event_extra.py
[2026-07-29T16:33:11.334+0000] {processor.py:925} INFO - DAG(s) 'read_dataset_event_from_classic', 'read_dataset_event' retrieved from /home/airflow/.local/lib/python3.12/site-packages/airflow/example_dags/example_inlet_event_extra.py
[2026-07-29T16:33:11.346+0000] {logging_mixin.py:190} INFO - [2026-07-29T16:33:11.345+0000] {dag.py:3211} INFO - Sync 2 DAGs
[2026-07-29T16:33:11.356+0000] {logging_mixin.py:190} INFO - [2026-07-29T16:33:11.356+0000] {dag.py:4138} INFO - Setting next_dagrun for read_dataset_event to 2026-07-28 00:00:00+00:00, run_after=2026-07-29 00:00:00+00:00
[2026-07-29T16:33:11.358+0000] {logging_mixin.py:190} INFO - [2026-07-29T16:33:11.358+0000] {dag.py:4138} INFO - Setting next_dagrun for read_dataset_event_from_classic to 2026-07-28 00:00:00+00:00, run_after=2026-07-29 00:00:00+00:00
[2026-07-29T16:33:11.366+0000] {processor.py:208} INFO - Processing /home/airflow/.local/lib/python3.12/site-packages/airflow/example_dags/example_inlet_event_extra.py took 0.112 seconds
[2026-07-29T16:33:42.226+0000] {processor.py:186} INFO - Started process (PID=5688) to work on /home/airflow/.local/lib/python3.12/site-packages/airflow/example_dags/example_inlet_event_extra.py
[2026-07-29T16:33:42.227+0000] {processor.py:914} INFO - Processing file /home/airflow/.local/lib/python3.12/site-packages/airflow/example_dags/example_inlet_event_extra.py for tasks to queue
[2026-07-29T16:33:42.229+0000] {logging_mixin.py:190} INFO - [2026-07-29T16:33:42.228+0000] {dagbag.py:587} INFO - Filling up the DagBag from /home/airflow/.local/lib/python3.12/site-packages/airflow/example_dags/example_inlet_event_extra.py
[2026-07-29T16:33:42.303+0000] {processor.py:925} INFO - DAG(s) 'read_dataset_event', 'read_dataset_event_from_classic' retrieved from /home/airflow/.local/lib/python3.12/site-packages/airflow/example_dags/example_inlet_event_extra.py
[2026-07-29T16:33:42.315+0000] {logging_mixin.py:190} INFO - [2026-07-29T16:33:42.315+0000] {dag.py:3211} INFO - Sync 2 DAGs
[2026-07-29T16:33:42.327+0000] {logging_mixin.py:190} INFO - [2026-07-29T16:33:42.327+0000] {dag.py:4138} INFO - Setting next_dagrun for read_dataset_event to 2026-07-28 00:00:00+00:00, run_after=2026-07-29 00:00:00+00:00
[2026-07-29T16:33:42.328+0000] {logging_mixin.py:190} INFO - [2026-07-29T16:33:42.328+0000] {dag.py:4138} INFO - Setting next_dagrun for read_dataset_event_from_classic to 2026-07-28 00:00:00+00:00, run_after=2026-07-29 00:00:00+00:00
[2026-07-29T16:33:42.340+0000] {processor.py:208} INFO - Processing /home/airflow/.local/lib/python3.12/site-packages/airflow/example_dags/example_inlet_event_extra.py took 0.119 seconds
[2026-07-29T16:34:12.565+0000] {processor.py:186} INFO - Started process (PID=5754) to work on /home/airflow/.local/lib/python3.12/site-packages/airflow/example_dags/example_inlet_event_extra.py
[2026-07-29T16:34:12.566+0000] {processor.py:914} INFO - Processing file /home/airflow/.local/lib/python3.12/site-packages/airflow/example_dags/example_inlet_event_extra.py for tasks to queue
[2026-07-29T16:34:12.568+0000] {logging_mixin.py:190} INFO - [2026-07-29T16:34:12.567+0000] {dagbag.py:587} INFO - Filling up the DagBag from /home/airflow/.local/lib/python3.12/site-packages/airflow/example_dags/example_inlet_event_extra.py
[2026-07-29T16:34:12.635+0000] {processor.py:925} INFO - DAG(s) 'read_dataset_event_from_classic', 'read_dataset_event' retrieved from /home/airflow/.local/lib/python3.12/site-packages/airflow/example_dags/example_inlet_event_extra.py
[2026-07-29T16:34:12.650+0000] {logging_mixin.py:190} INFO - [2026-07-29T16:34:12.650+0000] {dag.py:3211} INFO - Sync 2 DAGs
[2026-07-29T16:34:12.664+0000] {logging_mixin.py:190} INFO - [2026-07-29T16:34:12.664+0000] {dag.py:4138} INFO - Setting next_dagrun for read_dataset_event to 2026-07-28 00:00:00+00:00, run_after=2026-07-29 00:00:00+00:00
[2026-07-29T16:34:12.665+0000] {logging_mixin.py:190} INFO - [2026-07-29T16:34:12.665+0000] {dag.py:4138} INFO - Setting next_dagrun for read_dataset_event_from_classic to 2026-07-28 00:00:00+00:00, run_after=2026-07-29 00:00:00+00:00
[2026-07-29T16:34:12.676+0000] {processor.py:208} INFO - Processing /home/airflow/.local/lib/python3.12/site-packages/airflow/example_dags/example_inlet_event_extra.py took 0.116 seconds
[2026-07-29T16:34:43.566+0000] {processor.py:186} INFO - Started process (PID=5820) to work on /home/airflow/.local/lib/python3.12/site-packages/airflow/example_dags/example_inlet_event_extra.py
[2026-07-29T16:34:43.569+0000] {processor.py:914} INFO - Processing file /home/airflow/.local/lib/python3.12/site-packages/airflow/example_dags/example_inlet_event_extra.py for tasks to queue
[2026-07-29T16:34:43.570+0000] {logging_mixin.py:190} INFO - [2026-07-29T16:34:43.570+0000] {dagbag.py:587} INFO - Filling up the DagBag from /home/airflow/.local/lib/python3.12/site-packages/airflow/example_dags/example_inlet_event_extra.py
[2026-07-29T16:34:43.639+0000] {processor.py:925} INFO - DAG(s) 'read_dataset_event', 'read_dataset_event_from_classic' retrieved from /home/airflow/.local/lib/python3.12/site-packages/airflow/example_dags/example_inlet_event_extra.py
[2026-07-29T16:34:43.652+0000] {logging_mixin.py:190} INFO - [2026-07-29T16:34:43.651+0000] {dag.py:3211} INFO - Sync 2 DAGs
[2026-07-29T16:34:43.661+0000] {logging_mixin.py:190} INFO - [2026-07-29T16:34:43.661+0000] {dag.py:4138} INFO - Setting next_dagrun for read_dataset_event to 2026-07-28 00:00:00+00:00, run_after=2026-07-29 00:00:00+00:00
[2026-07-29T16:34:43.663+0000] {logging_mixin.py:190} INFO - [2026-07-29T16:34:43.663+0000] {dag.py:4138} INFO - Setting next_dagrun for read_dataset_event_from_classic to 2026-07-28 00:00:00+00:00, run_after=2026-07-29 00:00:00+00:00
[2026-07-29T16:34:43.668+0000] {processor.py:208} INFO - Processing /home/airflow/.local/lib/python3.12/site-packages/airflow/example_dags/example_inlet_event_extra.py took 0.107 seconds
[2026-07-29T16:35:14.540+0000] {processor.py:186} INFO - Started process (PID=5886) to work on /home/airflow/.local/lib/python3.12/site-packages/airflow/example_dags/example_inlet_event_extra.py
[2026-07-29T16:35:14.541+0000] {processor.py:914} INFO - Processing file /home/airflow/.local/lib/python3.12/site-packages/airflow/example_dags/example_inlet_event_extra.py for tasks to queue
[2026-07-29T16:35:14.543+0000] {logging_mixin.py:190} INFO - [2026-07-29T16:35:14.543+0000] {dagbag.py:587} INFO - Filling up the DagBag from /home/airflow/.local/lib/python3.12/site-packages/airflow/example_dags/example_inlet_event_extra.py
[2026-07-29T16:35:14.613+0000] {processor.py:925} INFO - DAG(s) 'read_dataset_event', 'read_dataset_event_from_classic' retrieved from /home/airflow/.local/lib/python3.12/site-packages/airflow/example_dags/example_inlet_event_extra.py
[2026-07-29T16:35:14.627+0000] {logging_mixin.py:190} INFO - [2026-07-29T16:35:14.627+0000] {dag.py:3211} INFO - Sync 2 DAGs
[2026-07-29T16:35:14.639+0000] {logging_mixin.py:190} INFO - [2026-07-29T16:35:14.639+0000] {dag.py:4138} INFO - Setting next_dagrun for read_dataset_event to 2026-07-28 00:00:00+00:00, run_after=2026-07-29 00:00:00+00:00
[2026-07-29T16:35:14.641+0000] {logging_mixin.py:190} INFO - [2026-07-29T16:35:14.641+0000] {dag.py:4138} INFO - Setting next_dagrun for read_dataset_event_from_classic to 2026-07-28 00:00:00+00:00, run_after=2026-07-29 00:00:00+00:00
[2026-07-29T16:35:14.651+0000] {processor.py:208} INFO - Processing /home/airflow/.local/lib/python3.12/site-packages/airflow/example_dags/example_inlet_event_extra.py took 0.115 seconds
[2026-07-29T16:35:44.669+0000] {processor.py:186} INFO - Started process (PID=5953) to work on /home/airflow/.local/lib/python3.12/site-packages/airflow/example_dags/example_inlet_event_extra.py
[2026-07-29T16:35:44.670+0000] {processor.py:914} INFO - Processing file /home/airflow/.local/lib/python3.12/site-packages/airflow/example_dags/example_inlet_event_extra.py for tasks to queue
[2026-07-29T16:35:44.671+0000] {logging_mixin.py:190} INFO - [2026-07-29T16:35:44.671+0000] {dagbag.py:587} INFO - Filling up the DagBag from /home/airflow/.local/lib/python3.12/site-packages/airflow/example_dags/example_inlet_event_extra.py
[2026-07-29T16:35:44.739+0000] {processor.py:925} INFO - DAG(s) 'read_dataset_event', 'read_dataset_event_from_classic' retrieved from /home/airflow/.local/lib/python3.12/site-packages/airflow/example_dags/example_inlet_event_extra.py
[2026-07-29T16:35:44.751+0000] {logging_mixin.py:190} INFO - [2026-07-29T16:35:44.751+0000] {dag.py:3211} INFO - Sync 2 DAGs
[2026-07-29T16:35:44.763+0000] {logging_mixin.py:190} INFO - [2026-07-29T16:35:44.763+0000] {dag.py:4138} INFO - Setting next_dagrun for read_dataset_event to 2026-07-28 00:00:00+00:00, run_after=2026-07-29 00:00:00+00:00
[2026-07-29T16:35:44.764+0000] {logging_mixin.py:190} INFO - [2026-07-29T16:35:44.764+0000] {dag.py:4138} INFO - Setting next_dagrun for read_dataset_event_from_classic to 2026-07-28 00:00:00+00:00, run_after=2026-07-29 00:00:00+00:00
[2026-07-29T16:35:44.770+0000] {processor.py:208} INFO - Processing /home/airflow/.local/lib/python3.12/site-packages/airflow/example_dags/example_inlet_event_extra.py took 0.104 seconds
[2026-07-29T16:36:15.647+0000] {processor.py:186} INFO - Started process (PID=6019) to work on /home/airflow/.local/lib/python3.12/site-packages/airflow/example_dags/example_inlet_event_extra.py
[2026-07-29T16:36:15.647+0000] {processor.py:914} INFO - Processing file /home/airflow/.local/lib/python3.12/site-packages/airflow/example_dags/example_inlet_event_extra.py for tasks to queue
[2026-07-29T16:36:15.649+0000] {logging_mixin.py:190} INFO - [2026-07-29T16:36:15.648+0000] {dagbag.py:587} INFO - Filling up the DagBag from /home/airflow/.local/lib/python3.12/site-packages/airflow/example_dags/example_inlet_event_extra.py
[2026-07-29T16:36:15.708+0000] {processor.py:925} INFO - DAG(s) 'read_dataset_event', 'read_dataset_event_from_classic' retrieved from /home/airflow/.local/lib/python3.12/site-packages/airflow/example_dags/example_inlet_event_extra.py
[2026-07-29T16:36:15.717+0000] {logging_mixin.py:190} INFO - [2026-07-29T16:36:15.716+0000] {dag.py:3211} INFO - Sync 2 DAGs
[2026-07-29T16:36:15.726+0000] {logging_mixin.py:190} INFO - [2026-07-29T16:36:15.726+0000] {dag.py:4138} INFO - Setting next_dagrun for read_dataset_event to 2026-07-28 00:00:00+00:00, run_after=2026-07-29 00:00:00+00:00
[2026-07-29T16:36:15.730+0000] {logging_mixin.py:190} INFO - [2026-07-29T16:36:15.729+0000] {dag.py:4138} INFO - Setting next_dagrun for read_dataset_event_from_classic to 2026-07-28 00:00:00+00:00, run_after=2026-07-29 00:00:00+00:00
[2026-07-29T16:36:15.737+0000] {processor.py:208} INFO - Processing /home/airflow/.local/lib/python3.12/site-packages/airflow/example_dags/example_inlet_event_extra.py took 0.093 seconds
[2026-07-29T16:36:46.674+0000] {processor.py:186} INFO - Started process (PID=6085) to work on /home/airflow/.local/lib/python3.12/site-packages/airflow/example_dags/example_inlet_event_extra.py
[2026-07-29T16:36:46.674+0000] {processor.py:914} INFO - Processing file /home/airflow/.local/lib/python3.12/site-packages/airflow/example_dags/example_inlet_event_extra.py for tasks to queue
[2026-07-29T16:36:46.675+0000] {logging_mixin.py:190} INFO - [2026-07-29T16:36:46.675+0000] {dagbag.py:587} INFO - Filling up the DagBag from /home/airflow/.local/lib/python3.12/site-packages/airflow/example_dags/example_inlet_event_extra.py
[2026-07-29T16:36:46.733+0000] {processor.py:925} INFO - DAG(s) 'read_dataset_event_from_classic', 'read_dataset_event' retrieved from /home/airflow/.local/lib/python3.12/site-packages/airflow/example_dags/example_inlet_event_extra.py
[2026-07-29T16:36:46.743+0000] {logging_mixin.py:190} INFO - [2026-07-29T16:36:46.743+0000] {dag.py:3211} INFO - Sync 2 DAGs
[2026-07-29T16:36:46.754+0000] {logging_mixin.py:190} INFO - [2026-07-29T16:36:46.754+0000] {dag.py:4138} INFO - Setting next_dagrun for read_dataset_event to 2026-07-28 00:00:00+00:00, run_after=2026-07-29 00:00:00+00:00
[2026-07-29T16:36:46.757+0000] {logging_mixin.py:190} INFO - [2026-07-29T16:36:46.757+0000] {dag.py:4138} INFO - Setting next_dagrun for read_dataset_event_from_classic to 2026-07-28 00:00:00+00:00, run_after=2026-07-29 00:00:00+00:00
[2026-07-29T16:36:46.764+0000] {processor.py:208} INFO - Processing /home/airflow/.local/lib/python3.12/site-packages/airflow/example_dags/example_inlet_event_extra.py took 0.093 seconds
[2026-07-29T16:37:17.632+0000] {processor.py:186} INFO - Started process (PID=6149) to work on /home/airflow/.local/lib/python3.12/site-packages/airflow/example_dags/example_inlet_event_extra.py
[2026-07-29T16:37:17.634+0000] {processor.py:914} INFO - Processing file /home/airflow/.local/lib/python3.12/site-packages/airflow/example_dags/example_inlet_event_extra.py for tasks to queue
[2026-07-29T16:37:17.635+0000] {logging_mixin.py:190} INFO - [2026-07-29T16:37:17.635+0000] {dagbag.py:587} INFO - Filling up the DagBag from /home/airflow/.local/lib/python3.12/site-packages/airflow/example_dags/example_inlet_event_extra.py
[2026-07-29T16:37:17.698+0000] {processor.py:925} INFO - DAG(s) 'read_dataset_event_from_classic', 'read_dataset_event' retrieved from /home/airflow/.local/lib/python3.12/site-packages/airflow/example_dags/example_inlet_event_extra.py
[2026-07-29T16:37:17.706+0000] {logging_mixin.py:190} INFO - [2026-07-29T16:37:17.706+0000] {dag.py:3211} INFO - Sync 2 DAGs
[2026-07-29T16:37:17.717+0000] {logging_mixin.py:190} INFO - [2026-07-29T16:37:17.717+0000] {dag.py:4138} INFO - Setting next_dagrun for read_dataset_event to 2026-07-28 00:00:00+00:00, run_after=2026-07-29 00:00:00+00:00
[2026-07-29T16:37:17.721+0000] {logging_mixin.py:190} INFO - [2026-07-29T16:37:17.721+0000] {dag.py:4138} INFO - Setting next_dagrun for read_dataset_event_from_classic to 2026-07-28 00:00:00+00:00, run_after=2026-07-29 00:00:00+00:00
[2026-07-29T16:37:17.730+0000] {processor.py:208} INFO - Processing /home/airflow/.local/lib/python3.12/site-packages/airflow/example_dags/example_inlet_event_extra.py took 0.101 seconds
[2026-07-29T16:37:48.676+0000] {processor.py:186} INFO - Started process (PID=6222) to work on /home/airflow/.local/lib/python3.12/site-packages/airflow/example_dags/example_inlet_event_extra.py
[2026-07-29T16:37:48.677+0000] {processor.py:914} INFO - Processing file /home/airflow/.local/lib/python3.12/site-packages/airflow/example_dags/example_inlet_event_extra.py for tasks to queue
[2026-07-29T16:37:48.678+0000] {logging_mixin.py:190} INFO - [2026-07-29T16:37:48.677+0000] {dagbag.py:587} INFO - Filling up the DagBag from /home/airflow/.local/lib/python3.12/site-packages/airflow/example_dags/example_inlet_event_extra.py
[2026-07-29T16:37:48.728+0000] {processor.py:925} INFO - DAG(s) 'read_dataset_event', 'read_dataset_event_from_classic' retrieved from /home/airflow/.local/lib/python3.12/site-packages/airflow/example_dags/example_inlet_event_extra.py
[2026-07-29T16:37:48.736+0000] {logging_mixin.py:190} INFO - [2026-07-29T16:37:48.736+0000] {dag.py:3211} INFO - Sync 2 DAGs
[2026-07-29T16:37:48.744+0000] {logging_mixin.py:190} INFO - [2026-07-29T16:37:48.744+0000] {dag.py:4138} INFO - Setting next_dagrun for read_dataset_event to 2026-07-28 00:00:00+00:00, run_after=2026-07-29 00:00:00+00:00
[2026-07-29T16:37:48.745+0000] {logging_mixin.py:190} INFO - [2026-07-29T16:37:48.745+0000] {dag.py:4138} INFO - Setting next_dagrun for read_dataset_event_from_classic to 2026-07-28 00:00:00+00:00, run_after=2026-07-29 00:00:00+00:00
[2026-07-29T16:37:48.750+0000] {processor.py:208} INFO - Processing /home/airflow/.local/lib/python3.12/site-packages/airflow/example_dags/example_inlet_event_extra.py took 0.077 seconds
[2026-07-29T16:38:19.708+0000] {processor.py:186} INFO - Started process (PID=6288) to work on /home/airflow/.local/lib/python3.12/site-packages/airflow/example_dags/example_inlet_event_extra.py
[2026-07-29T16:38:19.709+0000] {processor.py:914} INFO - Processing file /home/airflow/.local/lib/python3.12/site-packages/airflow/example_dags/example_inlet_event_extra.py for tasks to queue
[2026-07-29T16:38:19.710+0000] {logging_mixin.py:190} INFO - [2026-07-29T16:38:19.710+0000] {dagbag.py:587} INFO - Filling up the DagBag from /home/airflow/.local/lib/python3.12/site-packages/airflow/example_dags/example_inlet_event_extra.py
[2026-07-29T16:38:19.775+0000] {processor.py:925} INFO - DAG(s) 'read_dataset_event', 'read_dataset_event_from_classic' retrieved from /home/airflow/.local/lib/python3.12/site-packages/airflow/example_dags/example_inlet_event_extra.py
[2026-07-29T16:38:19.787+0000] {logging_mixin.py:190} INFO - [2026-07-29T16:38:19.787+0000] {dag.py:3211} INFO - Sync 2 DAGs
[2026-07-29T16:38:19.798+0000] {logging_mixin.py:190} INFO - [2026-07-29T16:38:19.798+0000] {dag.py:4138} INFO - Setting next_dagrun for read_dataset_event to 2026-07-28 00:00:00+00:00, run_after=2026-07-29 00:00:00+00:00
[2026-07-29T16:38:19.801+0000] {logging_mixin.py:190} INFO - [2026-07-29T16:38:19.801+0000] {dag.py:4138} INFO - Setting next_dagrun for read_dataset_event_from_classic to 2026-07-28 00:00:00+00:00, run_after=2026-07-29 00:00:00+00:00
[2026-07-29T16:38:19.810+0000] {processor.py:208} INFO - Processing /home/airflow/.local/lib/python3.12/site-packages/airflow/example_dags/example_inlet_event_extra.py took 0.105 seconds
[2026-07-29T16:38:51.781+0000] {processor.py:186} INFO - Started process (PID=6353) to work on /home/airflow/.local/lib/python3.12/site-packages/airflow/example_dags/example_inlet_event_extra.py
[2026-07-29T16:38:51.782+0000] {processor.py:914} INFO - Processing file /home/airflow/.local/lib/python3.12/site-packages/airflow/example_dags/example_inlet_event_extra.py for tasks to queue
[2026-07-29T16:38:51.784+0000] {logging_mixin.py:190} INFO - [2026-07-29T16:38:51.784+0000] {dagbag.py:587} INFO - Filling up the DagBag from /home/airflow/.local/lib/python3.12/site-packages/airflow/example_dags/example_inlet_event_extra.py
[2026-07-29T16:38:51.848+0000] {processor.py:925} INFO - DAG(s) 'read_dataset_event_from_classic', 'read_dataset_event' retrieved from /home/airflow/.local/lib/python3.12/site-packages/airflow/example_dags/example_inlet_event_extra.py
[2026-07-29T16:38:51.860+0000] {logging_mixin.py:190} INFO - [2026-07-29T16:38:51.860+0000] {dag.py:3211} INFO - Sync 2 DAGs
[2026-07-29T16:38:51.869+0000] {logging_mixin.py:190} INFO - [2026-07-29T16:38:51.869+0000] {dag.py:4138} INFO - Setting next_dagrun for read_dataset_event to 2026-07-28 00:00:00+00:00, run_after=2026-07-29 00:00:00+00:00
[2026-07-29T16:38:51.871+0000] {logging_mixin.py:190} INFO - [2026-07-29T16:38:51.871+0000] {dag.py:4138} INFO - Setting next_dagrun for read_dataset_event_from_classic to 2026-07-28 00:00:00+00:00, run_after=2026-07-29 00:00:00+00:00
[2026-07-29T16:38:51.883+0000] {processor.py:208} INFO - Processing /home/airflow/.local/lib/python3.12/site-packages/airflow/example_dags/example_inlet_event_extra.py took 0.104 seconds
[2026-07-29T16:39:22.807+0000] {processor.py:186} INFO - Started process (PID=6419) to work on /home/airflow/.local/lib/python3.12/site-packages/airflow/example_dags/example_inlet_event_extra.py
[2026-07-29T16:39:22.808+0000] {processor.py:914} INFO - Processing file /home/airflow/.local/lib/python3.12/site-packages/airflow/example_dags/example_inlet_event_extra.py for tasks to queue
[2026-07-29T16:39:22.810+0000] {logging_mixin.py:190} INFO - [2026-07-29T16:39:22.810+0000] {dagbag.py:587} INFO - Filling up the DagBag from /home/airflow/.local/lib/python3.12/site-packages/airflow/example_dags/example_inlet_event_extra.py
[2026-07-29T16:39:22.871+0000] {processor.py:925} INFO - DAG(s) 'read_dataset_event', 'read_dataset_event_from_classic' retrieved from /home/airflow/.local/lib/python3.12/site-packages/airflow/example_dags/example_inlet_event_extra.py
[2026-07-29T16:39:22.879+0000] {logging_mixin.py:190} INFO - [2026-07-29T16:39:22.879+0000] {dag.py:3211} INFO - Sync 2 DAGs
[2026-07-29T16:39:22.888+0000] {logging_mixin.py:190} INFO - [2026-07-29T16:39:22.888+0000] {dag.py:4138} INFO - Setting next_dagrun for read_dataset_event to 2026-07-28 00:00:00+00:00, run_after=2026-07-29 00:00:00+00:00
[2026-07-29T16:39:22.890+0000] {logging_mixin.py:190} INFO - [2026-07-29T16:39:22.890+0000] {dag.py:4138} INFO - Setting next_dagrun for read_dataset_event_from_classic to 2026-07-28 00:00:00+00:00, run_after=2026-07-29 00:00:00+00:00
[2026-07-29T16:39:22.900+0000] {processor.py:208} INFO - Processing /home/airflow/.local/lib/python3.12/site-packages/airflow/example_dags/example_inlet_event_extra.py took 0.096 seconds
[2026-07-29T16:39:53.792+0000] {processor.py:186} INFO - Started process (PID=6485) to work on /home/airflow/.local/lib/python3.12/site-packages/airflow/example_dags/example_inlet_event_extra.py
[2026-07-29T16:39:53.792+0000] {processor.py:914} INFO - Processing file /home/airflow/.local/lib/python3.12/site-packages/airflow/example_dags/example_inlet_event_extra.py for tasks to queue
[2026-07-29T16:39:53.794+0000] {logging_mixin.py:190} INFO - [2026-07-29T16:39:53.794+0000] {dagbag.py:587} INFO - Filling up the DagBag from /home/airflow/.local/lib/python3.12/site-packages/airflow/example_dags/example_inlet_event_extra.py
[2026-07-29T16:39:53.850+0000] {processor.py:925} INFO - DAG(s) 'read_dataset_event_from_classic', 'read_dataset_event' retrieved from /home/airflow/.local/lib/python3.12/site-packages/airflow/example_dags/example_inlet_event_extra.py
[2026-07-29T16:39:53.860+0000] {logging_mixin.py:190} INFO - [2026-07-29T16:39:53.860+0000] {dag.py:3211} INFO - Sync 2 DAGs
[2026-07-29T16:39:53.872+0000] {logging_mixin.py:190} INFO - [2026-07-29T16:39:53.871+0000] {dag.py:4138} INFO - Setting next_dagrun for read_dataset_event to 2026-07-28 00:00:00+00:00, run_after=2026-07-29 00:00:00+00:00
[2026-07-29T16:39:53.874+0000] {logging_mixin.py:190} INFO - [2026-07-29T16:39:53.874+0000] {dag.py:4138} INFO - Setting next_dagrun for read_dataset_event_from_classic to 2026-07-28 00:00:00+00:00, run_after=2026-07-29 00:00:00+00:00
[2026-07-29T16:39:53.884+0000] {processor.py:208} INFO - Processing /home/airflow/.local/lib/python3.12/site-packages/airflow/example_dags/example_inlet_event_extra.py took 0.095 seconds
[2026-07-29T16:40:23.998+0000] {processor.py:186} INFO - Started process (PID=6551) to work on /home/airflow/.local/lib/python3.12/site-packages/airflow/example_dags/example_inlet_event_extra.py
[2026-07-29T16:40:23.999+0000] {processor.py:914} INFO - Processing file /home/airflow/.local/lib/python3.12/site-packages/airflow/example_dags/example_inlet_event_extra.py for tasks to queue
[2026-07-29T16:40:24.000+0000] {logging_mixin.py:190} INFO - [2026-07-29T16:40:24.000+0000] {dagbag.py:587} INFO - Filling up the DagBag from /home/airflow/.local/lib/python3.12/site-packages/airflow/example_dags/example_inlet_event_extra.py
[2026-07-29T16:40:24.054+0000] {processor.py:925} INFO - DAG(s) 'read_dataset_event', 'read_dataset_event_from_classic' retrieved from /home/airflow/.local/lib/python3.12/site-packages/airflow/example_dags/example_inlet_event_extra.py
[2026-07-29T16:40:24.063+0000] {logging_mixin.py:190} INFO - [2026-07-29T16:40:24.063+0000] {dag.py:3211} INFO - Sync 2 DAGs
[2026-07-29T16:40:24.072+0000] {logging_mixin.py:190} INFO - [2026-07-29T16:40:24.072+0000] {dag.py:4138} INFO - Setting next_dagrun for read_dataset_event to 2026-07-28 00:00:00+00:00, run_after=2026-07-29 00:00:00+00:00
[2026-07-29T16:40:24.074+0000] {logging_mixin.py:190} INFO - [2026-07-29T16:40:24.074+0000] {dag.py:4138} INFO - Setting next_dagrun for read_dataset_event_from_classic to 2026-07-28 00:00:00+00:00, run_after=2026-07-29 00:00:00+00:00
[2026-07-29T16:40:24.079+0000] {processor.py:208} INFO - Processing /home/airflow/.local/lib/python3.12/site-packages/airflow/example_dags/example_inlet_event_extra.py took 0.088 seconds
[2026-07-29T16:40:54.105+0000] {processor.py:186} INFO - Started process (PID=6617) to work on /home/airflow/.local/lib/python3.12/site-packages/airflow/example_dags/example_inlet_event_extra.py
[2026-07-29T16:40:54.106+0000] {processor.py:914} INFO - Processing file /home/airflow/.local/lib/python3.12/site-packages/airflow/example_dags/example_inlet_event_extra.py for tasks to queue
[2026-07-29T16:40:54.109+0000] {logging_mixin.py:190} INFO - [2026-07-29T16:40:54.109+0000] {dagbag.py:587} INFO - Filling up the DagBag from /home/airflow/.local/lib/python3.12/site-packages/airflow/example_dags/example_inlet_event_extra.py
[2026-07-29T16:40:54.163+0000] {processor.py:925} INFO - DAG(s) 'read_dataset_event', 'read_dataset_event_from_classic' retrieved from /home/airflow/.local/lib/python3.12/site-packages/airflow/example_dags/example_inlet_event_extra.py
[2026-07-29T16:40:54.171+0000] {logging_mixin.py:190} INFO - [2026-07-29T16:40:54.171+0000] {dag.py:3211} INFO - Sync 2 DAGs
[2026-07-29T16:40:54.179+0000] {logging_mixin.py:190} INFO - [2026-07-29T16:40:54.179+0000] {dag.py:4138} INFO - Setting next_dagrun for read_dataset_event to 2026-07-28 00:00:00+00:00, run_after=2026-07-29 00:00:00+00:00
[2026-07-29T16:40:54.180+0000] {logging_mixin.py:190} INFO - [2026-07-29T16:40:54.180+0000] {dag.py:4138} INFO - Setting next_dagrun for read_dataset_event_from_classic to 2026-07-28 00:00:00+00:00, run_after=2026-07-29 00:00:00+00:00
[2026-07-29T16:40:54.185+0000] {processor.py:208} INFO - Processing /home/airflow/.local/lib/python3.12/site-packages/airflow/example_dags/example_inlet_event_extra.py took 0.082 seconds
[2026-07-29T16:41:25.228+0000] {processor.py:186} INFO - Started process (PID=6683) to work on /home/airflow/.local/lib/python3.12/site-packages/airflow/example_dags/example_inlet_event_extra.py
[2026-07-29T16:41:25.230+0000] {processor.py:914} INFO - Processing file /home/airflow/.local/lib/python3.12/site-packages/airflow/example_dags/example_inlet_event_extra.py for tasks to queue
[2026-07-29T16:41:25.230+0000] {logging_mixin.py:190} INFO - [2026-07-29T16:41:25.230+0000] {dagbag.py:587} INFO - Filling up the DagBag from /home/airflow/.local/lib/python3.12/site-packages/airflow/example_dags/example_inlet_event_extra.py
[2026-07-29T16:41:25.292+0000] {processor.py:925} INFO - DAG(s) 'read_dataset_event', 'read_dataset_event_from_classic' retrieved from /home/airflow/.local/lib/python3.12/site-packages/airflow/example_dags/example_inlet_event_extra.py
[2026-07-29T16:41:25.303+0000] {logging_mixin.py:190} INFO - [2026-07-29T16:41:25.303+0000] {dag.py:3211} INFO - Sync 2 DAGs
[2026-07-29T16:41:25.316+0000] {logging_mixin.py:190} INFO - [2026-07-29T16:41:25.316+0000] {dag.py:4138} INFO - Setting next_dagrun for read_dataset_event to 2026-07-28 00:00:00+00:00, run_after=2026-07-29 00:00:00+00:00
[2026-07-29T16:41:25.317+0000] {logging_mixin.py:190} INFO - [2026-07-29T16:41:25.317+0000] {dag.py:4138} INFO - Setting next_dagrun for read_dataset_event_from_classic to 2026-07-28 00:00:00+00:00, run_after=2026-07-29 00:00:00+00:00
[2026-07-29T16:41:25.323+0000] {processor.py:208} INFO - Processing /home/airflow/.local/lib/python3.12/site-packages/airflow/example_dags/example_inlet_event_extra.py took 0.098 seconds
[2026-07-29T16:41:55.366+0000] {processor.py:186} INFO - Started process (PID=6751) to work on /home/airflow/.local/lib/python3.12/site-packages/airflow/example_dags/example_inlet_event_extra.py
[2026-07-29T16:41:55.366+0000] {processor.py:914} INFO - Processing file /home/airflow/.local/lib/python3.12/site-packages/airflow/example_dags/example_inlet_event_extra.py for tasks to queue
[2026-07-29T16:41:55.367+0000] {logging_mixin.py:190} INFO - [2026-07-29T16:41:55.367+0000] {dagbag.py:587} INFO - Filling up the DagBag from /home/airflow/.local/lib/python3.12/site-packages/airflow/example_dags/example_inlet_event_extra.py
[2026-07-29T16:41:55.417+0000] {processor.py:925} INFO - DAG(s) 'read_dataset_event_from_classic', 'read_dataset_event' retrieved from /home/airflow/.local/lib/python3.12/site-packages/airflow/example_dags/example_inlet_event_extra.py
[2026-07-29T16:41:55.425+0000] {logging_mixin.py:190} INFO - [2026-07-29T16:41:55.425+0000] {dag.py:3211} INFO - Sync 2 DAGs
[2026-07-29T16:41:55.433+0000] {logging_mixin.py:190} INFO - [2026-07-29T16:41:55.433+0000] {dag.py:4138} INFO - Setting next_dagrun for read_dataset_event to 2026-07-28 00:00:00+00:00, run_after=2026-07-29 00:00:00+00:00
[2026-07-29T16:41:55.434+0000] {logging_mixin.py:190} INFO - [2026-07-29T16:41:55.434+0000] {dag.py:4138} INFO - Setting next_dagrun for read_dataset_event_from_classic to 2026-07-28 00:00:00+00:00, run_after=2026-07-29 00:00:00+00:00
[2026-07-29T16:41:55.517+0000] {processor.py:208} INFO - Processing /home/airflow/.local/lib/python3.12/site-packages/airflow/example_dags/example_inlet_event_extra.py took 0.155 seconds
[2026-07-29T16:42:25.623+0000] {processor.py:186} INFO - Started process (PID=6817) to work on /home/airflow/.local/lib/python3.12/site-packages/airflow/example_dags/example_inlet_event_extra.py
[2026-07-29T16:42:25.624+0000] {processor.py:914} INFO - Processing file /home/airflow/.local/lib/python3.12/site-packages/airflow/example_dags/example_inlet_event_extra.py for tasks to queue
[2026-07-29T16:42:25.626+0000] {logging_mixin.py:190} INFO - [2026-07-29T16:42:25.626+0000] {dagbag.py:587} INFO - Filling up the DagBag from /home/airflow/.local/lib/python3.12/site-packages/airflow/example_dags/example_inlet_event_extra.py
[2026-07-29T16:42:25.685+0000] {processor.py:925} INFO - DAG(s) 'read_dataset_event', 'read_dataset_event_from_classic' retrieved from /home/airflow/.local/lib/python3.12/site-packages/airflow/example_dags/example_inlet_event_extra.py
[2026-07-29T16:42:25.694+0000] {logging_mixin.py:190} INFO - [2026-07-29T16:42:25.694+0000] {dag.py:3211} INFO - Sync 2 DAGs
[2026-07-29T16:42:25.707+0000] {logging_mixin.py:190} INFO - [2026-07-29T16:42:25.707+0000] {dag.py:4138} INFO - Setting next_dagrun for read_dataset_event to 2026-07-28 00:00:00+00:00, run_after=2026-07-29 00:00:00+00:00
[2026-07-29T16:42:25.709+0000] {logging_mixin.py:190} INFO - [2026-07-29T16:42:25.709+0000] {dag.py:4138} INFO - Setting next_dagrun for read_dataset_event_from_classic to 2026-07-28 00:00:00+00:00, run_after=2026-07-29 00:00:00+00:00
[2026-07-29T16:42:25.716+0000] {processor.py:208} INFO - Processing /home/airflow/.local/lib/python3.12/site-packages/airflow/example_dags/example_inlet_event_extra.py took 0.096 seconds
[2026-07-29T16:42:55.863+0000] {processor.py:186} INFO - Started process (PID=6883) to work on /home/airflow/.local/lib/python3.12/site-packages/airflow/example_dags/example_inlet_event_extra.py
[2026-07-29T16:42:55.864+0000] {processor.py:914} INFO - Processing file /home/airflow/.local/lib/python3.12/site-packages/airflow/example_dags/example_inlet_event_extra.py for tasks to queue
[2026-07-29T16:42:55.866+0000] {logging_mixin.py:190} INFO - [2026-07-29T16:42:55.865+0000] {dagbag.py:587} INFO - Filling up the DagBag from /home/airflow/.local/lib/python3.12/site-packages/airflow/example_dags/example_inlet_event_extra.py
[2026-07-29T16:42:55.924+0000] {processor.py:925} INFO - DAG(s) 'read_dataset_event', 'read_dataset_event_from_classic' retrieved from /home/airflow/.local/lib/python3.12/site-packages/airflow/example_dags/example_inlet_event_extra.py
[2026-07-29T16:42:55.932+0000] {logging_mixin.py:190} INFO - [2026-07-29T16:42:55.932+0000] {dag.py:3211} INFO - Sync 2 DAGs
[2026-07-29T16:42:55.942+0000] {logging_mixin.py:190} INFO - [2026-07-29T16:42:55.941+0000] {dag.py:4138} INFO - Setting next_dagrun for read_dataset_event to 2026-07-28 00:00:00+00:00, run_after=2026-07-29 00:00:00+00:00
[2026-07-29T16:42:55.943+0000] {logging_mixin.py:190} INFO - [2026-07-29T16:42:55.943+0000] {dag.py:4138} INFO - Setting next_dagrun for read_dataset_event_from_classic to 2026-07-28 00:00:00+00:00, run_after=2026-07-29 00:00:00+00:00
[2026-07-29T16:42:55.950+0000] {processor.py:208} INFO - Processing /home/airflow/.local/lib/python3.12/site-packages/airflow/example_dags/example_inlet_event_extra.py took 0.090 seconds
[2026-07-29T16:43:26.022+0000] {processor.py:186} INFO - Started process (PID=6949) to work on /home/airflow/.local/lib/python3.12/site-packages/airflow/example_dags/example_inlet_event_extra.py
[2026-07-29T16:43:26.022+0000] {processor.py:914} INFO - Processing file /home/airflow/.local/lib/python3.12/site-packages/airflow/example_dags/example_inlet_event_extra.py for tasks to queue
[2026-07-29T16:43:26.023+0000] {logging_mixin.py:190} INFO - [2026-07-29T16:43:26.023+0000] {dagbag.py:587} INFO - Filling up the DagBag from /home/airflow/.local/lib/python3.12/site-packages/airflow/example_dags/example_inlet_event_extra.py
[2026-07-29T16:43:26.085+0000] {processor.py:925} INFO - DAG(s) 'read_dataset_event', 'read_dataset_event_from_classic' retrieved from /home/airflow/.local/lib/python3.12/site-packages/airflow/example_dags/example_inlet_event_extra.py
[2026-07-29T16:43:26.195+0000] {logging_mixin.py:190} INFO - [2026-07-29T16:43:26.194+0000] {dag.py:3211} INFO - Sync 2 DAGs
[2026-07-29T16:43:26.202+0000] {logging_mixin.py:190} INFO - [2026-07-29T16:43:26.202+0000] {dag.py:4138} INFO - Setting next_dagrun for read_dataset_event to 2026-07-28 00:00:00+00:00, run_after=2026-07-29 00:00:00+00:00
[2026-07-29T16:43:26.204+0000] {logging_mixin.py:190} INFO - [2026-07-29T16:43:26.204+0000] {dag.py:4138} INFO - Setting next_dagrun for read_dataset_event_from_classic to 2026-07-28 00:00:00+00:00, run_after=2026-07-29 00:00:00+00:00
[2026-07-29T16:43:26.209+0000] {processor.py:208} INFO - Processing /home/airflow/.local/lib/python3.12/site-packages/airflow/example_dags/example_inlet_event_extra.py took 0.190 seconds
[2026-07-29T16:43:56.638+0000] {processor.py:186} INFO - Started process (PID=7013) to work on /home/airflow/.local/lib/python3.12/site-packages/airflow/example_dags/example_inlet_event_extra.py
[2026-07-29T16:43:56.639+0000] {processor.py:914} INFO - Processing file /home/airflow/.local/lib/python3.12/site-packages/airflow/example_dags/example_inlet_event_extra.py for tasks to queue
[2026-07-29T16:43:56.640+0000] {logging_mixin.py:190} INFO - [2026-07-29T16:43:56.640+0000] {dagbag.py:587} INFO - Filling up the DagBag from /home/airflow/.local/lib/python3.12/site-packages/airflow/example_dags/example_inlet_event_extra.py
[2026-07-29T16:43:56.787+0000] {processor.py:925} INFO - DAG(s) 'read_dataset_event', 'read_dataset_event_from_classic' retrieved from /home/airflow/.local/lib/python3.12/site-packages/airflow/example_dags/example_inlet_event_extra.py
[2026-07-29T16:43:56.798+0000] {logging_mixin.py:190} INFO - [2026-07-29T16:43:56.798+0000] {dag.py:3211} INFO - Sync 2 DAGs
[2026-07-29T16:43:56.807+0000] {logging_mixin.py:190} INFO - [2026-07-29T16:43:56.807+0000] {dag.py:4138} INFO - Setting next_dagrun for read_dataset_event to 2026-07-28 00:00:00+00:00, run_after=2026-07-29 00:00:00+00:00
[2026-07-29T16:43:56.811+0000] {logging_mixin.py:190} INFO - [2026-07-29T16:43:56.811+0000] {dag.py:4138} INFO - Setting next_dagrun for read_dataset_event_from_classic to 2026-07-28 00:00:00+00:00, run_after=2026-07-29 00:00:00+00:00
[2026-07-29T16:43:56.822+0000] {processor.py:208} INFO - Processing /home/airflow/.local/lib/python3.12/site-packages/airflow/example_dags/example_inlet_event_extra.py took 0.186 seconds
[2026-07-29T16:44:27.507+0000] {processor.py:186} INFO - Started process (PID=7079) to work on /home/airflow/.local/lib/python3.12/site-packages/airflow/example_dags/example_inlet_event_extra.py
[2026-07-29T16:44:27.508+0000] {processor.py:914} INFO - Processing file /home/airflow/.local/lib/python3.12/site-packages/airflow/example_dags/example_inlet_event_extra.py for tasks to queue
[2026-07-29T16:44:27.509+0000] {logging_mixin.py:190} INFO - [2026-07-29T16:44:27.509+0000] {dagbag.py:587} INFO - Filling up the DagBag from /home/airflow/.local/lib/python3.12/site-packages/airflow/example_dags/example_inlet_event_extra.py
[2026-07-29T16:44:27.663+0000] {processor.py:925} INFO - DAG(s) 'read_dataset_event', 'read_dataset_event_from_classic' retrieved from /home/airflow/.local/lib/python3.12/site-packages/airflow/example_dags/example_inlet_event_extra.py
[2026-07-29T16:44:27.673+0000] {logging_mixin.py:190} INFO - [2026-07-29T16:44:27.673+0000] {dag.py:3211} INFO - Sync 2 DAGs
[2026-07-29T16:44:27.684+0000] {logging_mixin.py:190} INFO - [2026-07-29T16:44:27.684+0000] {dag.py:4138} INFO - Setting next_dagrun for read_dataset_event to 2026-07-28 00:00:00+00:00, run_after=2026-07-29 00:00:00+00:00
[2026-07-29T16:44:27.685+0000] {logging_mixin.py:190} INFO - [2026-07-29T16:44:27.685+0000] {dag.py:4138} INFO - Setting next_dagrun for read_dataset_event_from_classic to 2026-07-28 00:00:00+00:00, run_after=2026-07-29 00:00:00+00:00
[2026-07-29T16:44:27.690+0000] {processor.py:208} INFO - Processing /home/airflow/.local/lib/python3.12/site-packages/airflow/example_dags/example_inlet_event_extra.py took 0.185 seconds
[2026-07-29T16:44:58.232+0000] {processor.py:186} INFO - Started process (PID=7145) to work on /home/airflow/.local/lib/python3.12/site-packages/airflow/example_dags/example_inlet_event_extra.py
[2026-07-29T16:44:58.233+0000] {processor.py:914} INFO - Processing file /home/airflow/.local/lib/python3.12/site-packages/airflow/example_dags/example_inlet_event_extra.py for tasks to queue
[2026-07-29T16:44:58.238+0000] {logging_mixin.py:190} INFO - [2026-07-29T16:44:58.238+0000] {dagbag.py:587} INFO - Filling up the DagBag from /home/airflow/.local/lib/python3.12/site-packages/airflow/example_dags/example_inlet_event_extra.py
[2026-07-29T16:44:58.391+0000] {processor.py:925} INFO - DAG(s) 'read_dataset_event_from_classic', 'read_dataset_event' retrieved from /home/airflow/.local/lib/python3.12/site-packages/airflow/example_dags/example_inlet_event_extra.py
[2026-07-29T16:44:58.401+0000] {logging_mixin.py:190} INFO - [2026-07-29T16:44:58.401+0000] {dag.py:3211} INFO - Sync 2 DAGs
[2026-07-29T16:44:58.409+0000] {logging_mixin.py:190} INFO - [2026-07-29T16:44:58.409+0000] {dag.py:4138} INFO - Setting next_dagrun for read_dataset_event to 2026-07-28 00:00:00+00:00, run_after=2026-07-29 00:00:00+00:00
[2026-07-29T16:44:58.410+0000] {logging_mixin.py:190} INFO - [2026-07-29T16:44:58.410+0000] {dag.py:4138} INFO - Setting next_dagrun for read_dataset_event_from_classic to 2026-07-28 00:00:00+00:00, run_after=2026-07-29 00:00:00+00:00
[2026-07-29T16:44:58.419+0000] {processor.py:208} INFO - Processing /home/airflow/.local/lib/python3.12/site-packages/airflow/example_dags/example_inlet_event_extra.py took 0.190 seconds
[2026-07-29T16:45:28.948+0000] {processor.py:186} INFO - Started process (PID=7211) to work on /home/airflow/.local/lib/python3.12/site-packages/airflow/example_dags/example_inlet_event_extra.py
[2026-07-29T16:45:28.948+0000] {processor.py:914} INFO - Processing file /home/airflow/.local/lib/python3.12/site-packages/airflow/example_dags/example_inlet_event_extra.py for tasks to queue
[2026-07-29T16:45:28.949+0000] {logging_mixin.py:190} INFO - [2026-07-29T16:45:28.949+0000] {dagbag.py:587} INFO - Filling up the DagBag from /home/airflow/.local/lib/python3.12/site-packages/airflow/example_dags/example_inlet_event_extra.py
[2026-07-29T16:45:29.100+0000] {processor.py:925} INFO - DAG(s) 'read_dataset_event', 'read_dataset_event_from_classic' retrieved from /home/airflow/.local/lib/python3.12/site-packages/airflow/example_dags/example_inlet_event_extra.py
[2026-07-29T16:45:29.108+0000] {logging_mixin.py:190} INFO - [2026-07-29T16:45:29.108+0000] {dag.py:3211} INFO - Sync 2 DAGs
[2026-07-29T16:45:29.118+0000] {logging_mixin.py:190} INFO - [2026-07-29T16:45:29.118+0000] {dag.py:4138} INFO - Setting next_dagrun for read_dataset_event to 2026-07-28 00:00:00+00:00, run_after=2026-07-29 00:00:00+00:00
[2026-07-29T16:45:29.119+0000] {logging_mixin.py:190} INFO - [2026-07-29T16:45:29.119+0000] {dag.py:4138} INFO - Setting next_dagrun for read_dataset_event_from_classic to 2026-07-28 00:00:00+00:00, run_after=2026-07-29 00:00:00+00:00
[2026-07-29T16:45:29.124+0000] {processor.py:208} INFO - Processing /home/airflow/.local/lib/python3.12/site-packages/airflow/example_dags/example_inlet_event_extra.py took 0.179 seconds
[2026-07-29T16:45:59.780+0000] {processor.py:186} INFO - Started process (PID=7280) to work on /home/airflow/.local/lib/python3.12/site-packages/airflow/example_dags/example_inlet_event_extra.py
[2026-07-29T16:45:59.781+0000] {processor.py:914} INFO - Processing file /home/airflow/.local/lib/python3.12/site-packages/airflow/example_dags/example_inlet_event_extra.py for tasks to queue
[2026-07-29T16:45:59.782+0000] {logging_mixin.py:190} INFO - [2026-07-29T16:45:59.782+0000] {dagbag.py:587} INFO - Filling up the DagBag from /home/airflow/.local/lib/python3.12/site-packages/airflow/example_dags/example_inlet_event_extra.py
[2026-07-29T16:45:59.909+0000] {processor.py:925} INFO - DAG(s) 'read_dataset_event_from_classic', 'read_dataset_event' retrieved from /home/airflow/.local/lib/python3.12/site-packages/airflow/example_dags/example_inlet_event_extra.py
[2026-07-29T16:45:59.916+0000] {logging_mixin.py:190} INFO - [2026-07-29T16:45:59.916+0000] {dag.py:3211} INFO - Sync 2 DAGs
[2026-07-29T16:45:59.923+0000] {logging_mixin.py:190} INFO - [2026-07-29T16:45:59.923+0000] {dag.py:4138} INFO - Setting next_dagrun for read_dataset_event to 2026-07-28 00:00:00+00:00, run_after=2026-07-29 00:00:00+00:00
[2026-07-29T16:45:59.925+0000] {logging_mixin.py:190} INFO - [2026-07-29T16:45:59.925+0000] {dag.py:4138} INFO - Setting next_dagrun for read_dataset_event_from_classic to 2026-07-28 00:00:00+00:00, run_after=2026-07-29 00:00:00+00:00
[2026-07-29T16:45:59.930+0000] {processor.py:208} INFO - Processing /home/airflow/.local/lib/python3.12/site-packages/airflow/example_dags/example_inlet_event_extra.py took 0.153 seconds
[2026-07-29T16:46:30.526+0000] {processor.py:186} INFO - Started process (PID=7346) to work on /home/airflow/.local/lib/python3.12/site-packages/airflow/example_dags/example_inlet_event_extra.py
[2026-07-29T16:46:30.527+0000] {processor.py:914} INFO - Processing file /home/airflow/.local/lib/python3.12/site-packages/airflow/example_dags/example_inlet_event_extra.py for tasks to queue
[2026-07-29T16:46:30.528+0000] {logging_mixin.py:190} INFO - [2026-07-29T16:46:30.528+0000] {dagbag.py:587} INFO - Filling up the DagBag from /home/airflow/.local/lib/python3.12/site-packages/airflow/example_dags/example_inlet_event_extra.py
[2026-07-29T16:46:30.677+0000] {processor.py:925} INFO - DAG(s) 'read_dataset_event_from_classic', 'read_dataset_event' retrieved from /home/airflow/.local/lib/python3.12/site-packages/airflow/example_dags/example_inlet_event_extra.py
[2026-07-29T16:46:30.688+0000] {logging_mixin.py:190} INFO - [2026-07-29T16:46:30.688+0000] {dag.py:3211} INFO - Sync 2 DAGs
[2026-07-29T16:46:30.700+0000] {logging_mixin.py:190} INFO - [2026-07-29T16:46:30.699+0000] {dag.py:4138} INFO - Setting next_dagrun for read_dataset_event to 2026-07-28 00:00:00+00:00, run_after=2026-07-29 00:00:00+00:00
[2026-07-29T16:46:30.701+0000] {logging_mixin.py:190} INFO - [2026-07-29T16:46:30.701+0000] {dag.py:4138} INFO - Setting next_dagrun for read_dataset_event_from_classic to 2026-07-28 00:00:00+00:00, run_after=2026-07-29 00:00:00+00:00
[2026-07-29T16:46:30.706+0000] {processor.py:208} INFO - Processing /home/airflow/.local/lib/python3.12/site-packages/airflow/example_dags/example_inlet_event_extra.py took 0.183 seconds
[2026-07-29T16:47:01.496+0000] {processor.py:186} INFO - Started process (PID=7410) to work on /home/airflow/.local/lib/python3.12/site-packages/airflow/example_dags/example_inlet_event_extra.py
[2026-07-29T16:47:01.498+0000] {processor.py:914} INFO - Processing file /home/airflow/.local/lib/python3.12/site-packages/airflow/example_dags/example_inlet_event_extra.py for tasks to queue
[2026-07-29T16:47:01.500+0000] {logging_mixin.py:190} INFO - [2026-07-29T16:47:01.500+0000] {dagbag.py:587} INFO - Filling up the DagBag from /home/airflow/.local/lib/python3.12/site-packages/airflow/example_dags/example_inlet_event_extra.py
[2026-07-29T16:47:01.567+0000] {processor.py:925} INFO - DAG(s) 'read_dataset_event', 'read_dataset_event_from_classic' retrieved from /home/airflow/.local/lib/python3.12/site-packages/airflow/example_dags/example_inlet_event_extra.py
[2026-07-29T16:47:01.581+0000] {logging_mixin.py:190} INFO - [2026-07-29T16:47:01.581+0000] {dag.py:3211} INFO - Sync 2 DAGs
[2026-07-29T16:47:01.592+0000] {logging_mixin.py:190} INFO - [2026-07-29T16:47:01.591+0000] {dag.py:4138} INFO - Setting next_dagrun for read_dataset_event to 2026-07-28 00:00:00+00:00, run_after=2026-07-29 00:00:00+00:00
[2026-07-29T16:47:01.593+0000] {logging_mixin.py:190} INFO - [2026-07-29T16:47:01.593+0000] {dag.py:4138} INFO - Setting next_dagrun for read_dataset_event_from_classic to 2026-07-28 00:00:00+00:00, run_after=2026-07-29 00:00:00+00:00
[2026-07-29T16:47:01.605+0000] {processor.py:208} INFO - Processing /home/airflow/.local/lib/python3.12/site-packages/airflow/example_dags/example_inlet_event_extra.py took 0.118 seconds
[2026-07-29T16:47:32.499+0000] {processor.py:186} INFO - Started process (PID=7476) to work on /home/airflow/.local/lib/python3.12/site-packages/airflow/example_dags/example_inlet_event_extra.py
[2026-07-29T16:47:32.500+0000] {processor.py:914} INFO - Processing file /home/airflow/.local/lib/python3.12/site-packages/airflow/example_dags/example_inlet_event_extra.py for tasks to queue
[2026-07-29T16:47:32.502+0000] {logging_mixin.py:190} INFO - [2026-07-29T16:47:32.502+0000] {dagbag.py:587} INFO - Filling up the DagBag from /home/airflow/.local/lib/python3.12/site-packages/airflow/example_dags/example_inlet_event_extra.py
[2026-07-29T16:47:32.569+0000] {processor.py:925} INFO - DAG(s) 'read_dataset_event_from_classic', 'read_dataset_event' retrieved from /home/airflow/.local/lib/python3.12/site-packages/airflow/example_dags/example_inlet_event_extra.py
[2026-07-29T16:47:32.584+0000] {logging_mixin.py:190} INFO - [2026-07-29T16:47:32.584+0000] {dag.py:3211} INFO - Sync 2 DAGs
[2026-07-29T16:47:32.595+0000] {logging_mixin.py:190} INFO - [2026-07-29T16:47:32.594+0000] {dag.py:4138} INFO - Setting next_dagrun for read_dataset_event to 2026-07-28 00:00:00+00:00, run_after=2026-07-29 00:00:00+00:00
[2026-07-29T16:47:32.597+0000] {logging_mixin.py:190} INFO - [2026-07-29T16:47:32.597+0000] {dag.py:4138} INFO - Setting next_dagrun for read_dataset_event_from_classic to 2026-07-28 00:00:00+00:00, run_after=2026-07-29 00:00:00+00:00
[2026-07-29T16:47:32.603+0000] {processor.py:208} INFO - Processing /home/airflow/.local/lib/python3.12/site-packages/airflow/example_dags/example_inlet_event_extra.py took 0.108 seconds
[2026-07-29T16:48:03.518+0000] {processor.py:186} INFO - Started process (PID=7542) to work on /home/airflow/.local/lib/python3.12/site-packages/airflow/example_dags/example_inlet_event_extra.py
[2026-07-29T16:48:03.519+0000] {processor.py:914} INFO - Processing file /home/airflow/.local/lib/python3.12/site-packages/airflow/example_dags/example_inlet_event_extra.py for tasks to queue
[2026-07-29T16:48:03.520+0000] {logging_mixin.py:190} INFO - [2026-07-29T16:48:03.520+0000] {dagbag.py:587} INFO - Filling up the DagBag from /home/airflow/.local/lib/python3.12/site-packages/airflow/example_dags/example_inlet_event_extra.py
[2026-07-29T16:48:03.589+0000] {processor.py:925} INFO - DAG(s) 'read_dataset_event_from_classic', 'read_dataset_event' retrieved from /home/airflow/.local/lib/python3.12/site-packages/airflow/example_dags/example_inlet_event_extra.py
[2026-07-29T16:48:03.605+0000] {logging_mixin.py:190} INFO - [2026-07-29T16:48:03.605+0000] {dag.py:3211} INFO - Sync 2 DAGs
[2026-07-29T16:48:03.614+0000] {logging_mixin.py:190} INFO - [2026-07-29T16:48:03.614+0000] {dag.py:4138} INFO - Setting next_dagrun for read_dataset_event to 2026-07-28 00:00:00+00:00, run_after=2026-07-29 00:00:00+00:00
[2026-07-29T16:48:03.616+0000] {logging_mixin.py:190} INFO - [2026-07-29T16:48:03.616+0000] {dag.py:4138} INFO - Setting next_dagrun for read_dataset_event_from_classic to 2026-07-28 00:00:00+00:00, run_after=2026-07-29 00:00:00+00:00
[2026-07-29T16:48:03.621+0000] {processor.py:208} INFO - Processing /home/airflow/.local/lib/python3.12/site-packages/airflow/example_dags/example_inlet_event_extra.py took 0.108 seconds
[2026-07-29T16:48:33.653+0000] {processor.py:186} INFO - Started process (PID=7610) to work on /home/airflow/.local/lib/python3.12/site-packages/airflow/example_dags/example_inlet_event_extra.py
[2026-07-29T16:48:33.653+0000] {processor.py:914} INFO - Processing file /home/airflow/.local/lib/python3.12/site-packages/airflow/example_dags/example_inlet_event_extra.py for tasks to queue
[2026-07-29T16:48:33.654+0000] {logging_mixin.py:190} INFO - [2026-07-29T16:48:33.654+0000] {dagbag.py:587} INFO - Filling up the DagBag from /home/airflow/.local/lib/python3.12/site-packages/airflow/example_dags/example_inlet_event_extra.py
[2026-07-29T16:48:33.706+0000] {processor.py:925} INFO - DAG(s) 'read_dataset_event', 'read_dataset_event_from_classic' retrieved from /home/airflow/.local/lib/python3.12/site-packages/airflow/example_dags/example_inlet_event_extra.py
[2026-07-29T16:48:33.714+0000] {logging_mixin.py:190} INFO - [2026-07-29T16:48:33.714+0000] {dag.py:3211} INFO - Sync 2 DAGs
[2026-07-29T16:48:33.722+0000] {logging_mixin.py:190} INFO - [2026-07-29T16:48:33.722+0000] {dag.py:4138} INFO - Setting next_dagrun for read_dataset_event to 2026-07-28 00:00:00+00:00, run_after=2026-07-29 00:00:00+00:00
[2026-07-29T16:48:33.724+0000] {logging_mixin.py:190} INFO - [2026-07-29T16:48:33.724+0000] {dag.py:4138} INFO - Setting next_dagrun for read_dataset_event_from_classic to 2026-07-28 00:00:00+00:00, run_after=2026-07-29 00:00:00+00:00
[2026-07-29T16:48:33.729+0000] {processor.py:208} INFO - Processing /home/airflow/.local/lib/python3.12/site-packages/airflow/example_dags/example_inlet_event_extra.py took 0.079 seconds
[2026-07-29T16:49:04.548+0000] {processor.py:186} INFO - Started process (PID=7673) to work on /home/airflow/.local/lib/python3.12/site-packages/airflow/example_dags/example_inlet_event_extra.py
[2026-07-29T16:49:04.548+0000] {processor.py:914} INFO - Processing file /home/airflow/.local/lib/python3.12/site-packages/airflow/example_dags/example_inlet_event_extra.py for tasks to queue
[2026-07-29T16:49:04.549+0000] {logging_mixin.py:190} INFO - [2026-07-29T16:49:04.549+0000] {dagbag.py:587} INFO - Filling up the DagBag from /home/airflow/.local/lib/python3.12/site-packages/airflow/example_dags/example_inlet_event_extra.py
[2026-07-29T16:49:04.608+0000] {processor.py:925} INFO - DAG(s) 'read_dataset_event_from_classic', 'read_dataset_event' retrieved from /home/airflow/.local/lib/python3.12/site-packages/airflow/example_dags/example_inlet_event_extra.py
[2026-07-29T16:49:04.623+0000] {logging_mixin.py:190} INFO - [2026-07-29T16:49:04.623+0000] {dag.py:3211} INFO - Sync 2 DAGs
[2026-07-29T16:49:04.634+0000] {logging_mixin.py:190} INFO - [2026-07-29T16:49:04.634+0000] {dag.py:4138} INFO - Setting next_dagrun for read_dataset_event to 2026-07-28 00:00:00+00:00, run_after=2026-07-29 00:00:00+00:00
[2026-07-29T16:49:04.636+0000] {logging_mixin.py:190} INFO - [2026-07-29T16:49:04.636+0000] {dag.py:4138} INFO - Setting next_dagrun for read_dataset_event_from_classic to 2026-07-28 00:00:00+00:00, run_after=2026-07-29 00:00:00+00:00
[2026-07-29T16:49:04.644+0000] {processor.py:208} INFO - Processing /home/airflow/.local/lib/python3.12/site-packages/airflow/example_dags/example_inlet_event_extra.py took 0.099 seconds
[2026-07-29T16:49:35.522+0000] {processor.py:186} INFO - Started process (PID=7739) to work on /home/airflow/.local/lib/python3.12/site-packages/airflow/example_dags/example_inlet_event_extra.py
[2026-07-29T16:49:35.523+0000] {processor.py:914} INFO - Processing file /home/airflow/.local/lib/python3.12/site-packages/airflow/example_dags/example_inlet_event_extra.py for tasks to queue
[2026-07-29T16:49:35.525+0000] {logging_mixin.py:190} INFO - [2026-07-29T16:49:35.525+0000] {dagbag.py:587} INFO - Filling up the DagBag from /home/airflow/.local/lib/python3.12/site-packages/airflow/example_dags/example_inlet_event_extra.py
[2026-07-29T16:49:35.591+0000] {processor.py:925} INFO - DAG(s) 'read_dataset_event', 'read_dataset_event_from_classic' retrieved from /home/airflow/.local/lib/python3.12/site-packages/airflow/example_dags/example_inlet_event_extra.py
[2026-07-29T16:49:35.600+0000] {logging_mixin.py:190} INFO - [2026-07-29T16:49:35.600+0000] {dag.py:3211} INFO - Sync 2 DAGs
[2026-07-29T16:49:35.611+0000] {logging_mixin.py:190} INFO - [2026-07-29T16:49:35.611+0000] {dag.py:4138} INFO - Setting next_dagrun for read_dataset_event to 2026-07-28 00:00:00+00:00, run_after=2026-07-29 00:00:00+00:00
[2026-07-29T16:49:35.615+0000] {logging_mixin.py:190} INFO - [2026-07-29T16:49:35.614+0000] {dag.py:4138} INFO - Setting next_dagrun for read_dataset_event_from_classic to 2026-07-28 00:00:00+00:00, run_after=2026-07-29 00:00:00+00:00
[2026-07-29T16:49:35.621+0000] {processor.py:208} INFO - Processing /home/airflow/.local/lib/python3.12/site-packages/airflow/example_dags/example_inlet_event_extra.py took 0.100 seconds
[2026-07-29T16:50:05.667+0000] {processor.py:186} INFO - Started process (PID=7805) to work on /home/airflow/.local/lib/python3.12/site-packages/airflow/example_dags/example_inlet_event_extra.py
[2026-07-29T16:50:05.667+0000] {processor.py:914} INFO - Processing file /home/airflow/.local/lib/python3.12/site-packages/airflow/example_dags/example_inlet_event_extra.py for tasks to queue
[2026-07-29T16:50:05.669+0000] {logging_mixin.py:190} INFO - [2026-07-29T16:50:05.669+0000] {dagbag.py:587} INFO - Filling up the DagBag from /home/airflow/.local/lib/python3.12/site-packages/airflow/example_dags/example_inlet_event_extra.py
[2026-07-29T16:50:05.738+0000] {processor.py:925} INFO - DAG(s) 'read_dataset_event', 'read_dataset_event_from_classic' retrieved from /home/airflow/.local/lib/python3.12/site-packages/airflow/example_dags/example_inlet_event_extra.py
[2026-07-29T16:50:05.749+0000] {logging_mixin.py:190} INFO - [2026-07-29T16:50:05.749+0000] {dag.py:3211} INFO - Sync 2 DAGs
[2026-07-29T16:50:05.759+0000] {logging_mixin.py:190} INFO - [2026-07-29T16:50:05.759+0000] {dag.py:4138} INFO - Setting next_dagrun for read_dataset_event to 2026-07-28 00:00:00+00:00, run_after=2026-07-29 00:00:00+00:00
[2026-07-29T16:50:05.760+0000] {logging_mixin.py:190} INFO - [2026-07-29T16:50:05.760+0000] {dag.py:4138} INFO - Setting next_dagrun for read_dataset_event_from_classic to 2026-07-28 00:00:00+00:00, run_after=2026-07-29 00:00:00+00:00
[2026-07-29T16:50:05.765+0000] {processor.py:208} INFO - Processing /home/airflow/.local/lib/python3.12/site-packages/airflow/example_dags/example_inlet_event_extra.py took 0.102 seconds
[2026-07-29T16:50:35.778+0000] {processor.py:186} INFO - Started process (PID=7871) to work on /home/airflow/.local/lib/python3.12/site-packages/airflow/example_dags/example_inlet_event_extra.py
[2026-07-29T16:50:35.779+0000] {processor.py:914} INFO - Processing file /home/airflow/.local/lib/python3.12/site-packages/airflow/example_dags/example_inlet_event_extra.py for tasks to queue
[2026-07-29T16:50:35.780+0000] {logging_mixin.py:190} INFO - [2026-07-29T16:50:35.780+0000] {dagbag.py:587} INFO - Filling up the DagBag from /home/airflow/.local/lib/python3.12/site-packages/airflow/example_dags/example_inlet_event_extra.py
[2026-07-29T16:50:35.843+0000] {processor.py:925} INFO - DAG(s) 'read_dataset_event_from_classic', 'read_dataset_event' retrieved from /home/airflow/.local/lib/python3.12/site-packages/airflow/example_dags/example_inlet_event_extra.py
[2026-07-29T16:50:35.855+0000] {logging_mixin.py:190} INFO - [2026-07-29T16:50:35.855+0000] {dag.py:3211} INFO - Sync 2 DAGs
[2026-07-29T16:50:35.865+0000] {logging_mixin.py:190} INFO - [2026-07-29T16:50:35.865+0000] {dag.py:4138} INFO - Setting next_dagrun for read_dataset_event to 2026-07-28 00:00:00+00:00, run_after=2026-07-29 00:00:00+00:00
[2026-07-29T16:50:35.867+0000] {logging_mixin.py:190} INFO - [2026-07-29T16:50:35.867+0000] {dag.py:4138} INFO - Setting next_dagrun for read_dataset_event_from_classic to 2026-07-28 00:00:00+00:00, run_after=2026-07-29 00:00:00+00:00
[2026-07-29T16:50:35.877+0000] {processor.py:208} INFO - Processing /home/airflow/.local/lib/python3.12/site-packages/airflow/example_dags/example_inlet_event_extra.py took 0.102 seconds
[2026-07-29T16:51:06.014+0000] {processor.py:186} INFO - Started process (PID=7937) to work on /home/airflow/.local/lib/python3.12/site-packages/airflow/example_dags/example_inlet_event_extra.py
[2026-07-29T16:51:06.015+0000] {processor.py:914} INFO - Processing file /home/airflow/.local/lib/python3.12/site-packages/airflow/example_dags/example_inlet_event_extra.py for tasks to queue
[2026-07-29T16:51:06.017+0000] {logging_mixin.py:190} INFO - [2026-07-29T16:51:06.017+0000] {dagbag.py:587} INFO - Filling up the DagBag from /home/airflow/.local/lib/python3.12/site-packages/airflow/example_dags/example_inlet_event_extra.py
[2026-07-29T16:51:06.076+0000] {processor.py:925} INFO - DAG(s) 'read_dataset_event_from_classic', 'read_dataset_event' retrieved from /home/airflow/.local/lib/python3.12/site-packages/airflow/example_dags/example_inlet_event_extra.py
[2026-07-29T16:51:06.088+0000] {logging_mixin.py:190} INFO - [2026-07-29T16:51:06.087+0000] {dag.py:3211} INFO - Sync 2 DAGs
[2026-07-29T16:51:06.098+0000] {logging_mixin.py:190} INFO - [2026-07-29T16:51:06.098+0000] {dag.py:4138} INFO - Setting next_dagrun for read_dataset_event to 2026-07-28 00:00:00+00:00, run_after=2026-07-29 00:00:00+00:00
[2026-07-29T16:51:06.102+0000] {logging_mixin.py:190} INFO - [2026-07-29T16:51:06.102+0000] {dag.py:4138} INFO - Setting next_dagrun for read_dataset_event_from_classic to 2026-07-28 00:00:00+00:00, run_after=2026-07-29 00:00:00+00:00
[2026-07-29T16:51:06.109+0000] {processor.py:208} INFO - Processing /home/airflow/.local/lib/python3.12/site-packages/airflow/example_dags/example_inlet_event_extra.py took 0.098 seconds
[2026-07-29T16:51:36.143+0000] {processor.py:186} INFO - Started process (PID=8004) to work on /home/airflow/.local/lib/python3.12/site-packages/airflow/example_dags/example_inlet_event_extra.py
[2026-07-29T16:51:36.144+0000] {processor.py:914} INFO - Processing file /home/airflow/.local/lib/python3.12/site-packages/airflow/example_dags/example_inlet_event_extra.py for tasks to queue
[2026-07-29T16:51:36.145+0000] {logging_mixin.py:190} INFO - [2026-07-29T16:51:36.145+0000] {dagbag.py:587} INFO - Filling up the DagBag from /home/airflow/.local/lib/python3.12/site-packages/airflow/example_dags/example_inlet_event_extra.py
[2026-07-29T16:51:36.219+0000] {processor.py:925} INFO - DAG(s) 'read_dataset_event_from_classic', 'read_dataset_event' retrieved from /home/airflow/.local/lib/python3.12/site-packages/airflow/example_dags/example_inlet_event_extra.py
[2026-07-29T16:51:36.231+0000] {logging_mixin.py:190} INFO - [2026-07-29T16:51:36.231+0000] {dag.py:3211} INFO - Sync 2 DAGs
[2026-07-29T16:51:36.242+0000] {logging_mixin.py:190} INFO - [2026-07-29T16:51:36.242+0000] {dag.py:4138} INFO - Setting next_dagrun for read_dataset_event to 2026-07-28 00:00:00+00:00, run_after=2026-07-29 00:00:00+00:00
[2026-07-29T16:51:36.246+0000] {logging_mixin.py:190} INFO - [2026-07-29T16:51:36.245+0000] {dag.py:4138} INFO - Setting next_dagrun for read_dataset_event_from_classic to 2026-07-28 00:00:00+00:00, run_after=2026-07-29 00:00:00+00:00
[2026-07-29T16:51:36.258+0000] {processor.py:208} INFO - Processing /home/airflow/.local/lib/python3.12/site-packages/airflow/example_dags/example_inlet_event_extra.py took 0.118 seconds
[2026-07-29T16:52:06.438+0000] {processor.py:186} INFO - Started process (PID=8070) to work on /home/airflow/.local/lib/python3.12/site-packages/airflow/example_dags/example_inlet_event_extra.py
[2026-07-29T16:52:06.438+0000] {processor.py:914} INFO - Processing file /home/airflow/.local/lib/python3.12/site-packages/airflow/example_dags/example_inlet_event_extra.py for tasks to queue
[2026-07-29T16:52:06.439+0000] {logging_mixin.py:190} INFO - [2026-07-29T16:52:06.439+0000] {dagbag.py:587} INFO - Filling up the DagBag from /home/airflow/.local/lib/python3.12/site-packages/airflow/example_dags/example_inlet_event_extra.py
[2026-07-29T16:52:06.493+0000] {processor.py:925} INFO - DAG(s) 'read_dataset_event_from_classic', 'read_dataset_event' retrieved from /home/airflow/.local/lib/python3.12/site-packages/airflow/example_dags/example_inlet_event_extra.py
[2026-07-29T16:52:06.503+0000] {logging_mixin.py:190} INFO - [2026-07-29T16:52:06.503+0000] {dag.py:3211} INFO - Sync 2 DAGs
[2026-07-29T16:52:06.512+0000] {logging_mixin.py:190} INFO - [2026-07-29T16:52:06.511+0000] {dag.py:4138} INFO - Setting next_dagrun for read_dataset_event to 2026-07-28 00:00:00+00:00, run_after=2026-07-29 00:00:00+00:00
[2026-07-29T16:52:06.514+0000] {logging_mixin.py:190} INFO - [2026-07-29T16:52:06.513+0000] {dag.py:4138} INFO - Setting next_dagrun for read_dataset_event_from_classic to 2026-07-28 00:00:00+00:00, run_after=2026-07-29 00:00:00+00:00
[2026-07-29T16:52:06.519+0000] {processor.py:208} INFO - Processing /home/airflow/.local/lib/python3.12/site-packages/airflow/example_dags/example_inlet_event_extra.py took 0.084 seconds
[2026-07-29T16:52:37.506+0000] {processor.py:186} INFO - Started process (PID=8136) to work on /home/airflow/.local/lib/python3.12/site-packages/airflow/example_dags/example_inlet_event_extra.py
[2026-07-29T16:52:37.507+0000] {processor.py:914} INFO - Processing file /home/airflow/.local/lib/python3.12/site-packages/airflow/example_dags/example_inlet_event_extra.py for tasks to queue
[2026-07-29T16:52:37.508+0000] {logging_mixin.py:190} INFO - [2026-07-29T16:52:37.508+0000] {dagbag.py:587} INFO - Filling up the DagBag from /home/airflow/.local/lib/python3.12/site-packages/airflow/example_dags/example_inlet_event_extra.py
[2026-07-29T16:52:37.571+0000] {processor.py:925} INFO - DAG(s) 'read_dataset_event', 'read_dataset_event_from_classic' retrieved from /home/airflow/.local/lib/python3.12/site-packages/airflow/example_dags/example_inlet_event_extra.py
[2026-07-29T16:52:37.585+0000] {logging_mixin.py:190} INFO - [2026-07-29T16:52:37.585+0000] {dag.py:3211} INFO - Sync 2 DAGs
[2026-07-29T16:52:37.595+0000] {logging_mixin.py:190} INFO - [2026-07-29T16:52:37.595+0000] {dag.py:4138} INFO - Setting next_dagrun for read_dataset_event to 2026-07-28 00:00:00+00:00, run_after=2026-07-29 00:00:00+00:00
[2026-07-29T16:52:37.596+0000] {logging_mixin.py:190} INFO - [2026-07-29T16:52:37.596+0000] {dag.py:4138} INFO - Setting next_dagrun for read_dataset_event_from_classic to 2026-07-28 00:00:00+00:00, run_after=2026-07-29 00:00:00+00:00
[2026-07-29T16:52:37.602+0000] {processor.py:208} INFO - Processing /home/airflow/.local/lib/python3.12/site-packages/airflow/example_dags/example_inlet_event_extra.py took 0.098 seconds
[2026-07-29T16:53:08.582+0000] {processor.py:186} INFO - Started process (PID=8203) to work on /home/airflow/.local/lib/python3.12/site-packages/airflow/example_dags/example_inlet_event_extra.py
[2026-07-29T16:53:08.584+0000] {processor.py:914} INFO - Processing file /home/airflow/.local/lib/python3.12/site-packages/airflow/example_dags/example_inlet_event_extra.py for tasks to queue
[2026-07-29T16:53:08.585+0000] {logging_mixin.py:190} INFO - [2026-07-29T16:53:08.585+0000] {dagbag.py:587} INFO - Filling up the DagBag from /home/airflow/.local/lib/python3.12/site-packages/airflow/example_dags/example_inlet_event_extra.py
[2026-07-29T16:53:08.644+0000] {processor.py:925} INFO - DAG(s) 'read_dataset_event_from_classic', 'read_dataset_event' retrieved from /home/airflow/.local/lib/python3.12/site-packages/airflow/example_dags/example_inlet_event_extra.py
[2026-07-29T16:53:08.659+0000] {logging_mixin.py:190} INFO - [2026-07-29T16:53:08.658+0000] {dag.py:3211} INFO - Sync 2 DAGs
[2026-07-29T16:53:08.667+0000] {logging_mixin.py:190} INFO - [2026-07-29T16:53:08.667+0000] {dag.py:4138} INFO - Setting next_dagrun for read_dataset_event to 2026-07-28 00:00:00+00:00, run_after=2026-07-29 00:00:00+00:00
[2026-07-29T16:53:08.669+0000] {logging_mixin.py:190} INFO - [2026-07-29T16:53:08.669+0000] {dag.py:4138} INFO - Setting next_dagrun for read_dataset_event_from_classic to 2026-07-28 00:00:00+00:00, run_after=2026-07-29 00:00:00+00:00
[2026-07-29T16:53:08.676+0000] {processor.py:208} INFO - Processing /home/airflow/.local/lib/python3.12/site-packages/airflow/example_dags/example_inlet_event_extra.py took 0.097 seconds
[2026-07-29T16:53:39.737+0000] {processor.py:186} INFO - Started process (PID=8269) to work on /home/airflow/.local/lib/python3.12/site-packages/airflow/example_dags/example_inlet_event_extra.py
[2026-07-29T16:53:39.737+0000] {processor.py:914} INFO - Processing file /home/airflow/.local/lib/python3.12/site-packages/airflow/example_dags/example_inlet_event_extra.py for tasks to queue
[2026-07-29T16:53:39.738+0000] {logging_mixin.py:190} INFO - [2026-07-29T16:53:39.738+0000] {dagbag.py:587} INFO - Filling up the DagBag from /home/airflow/.local/lib/python3.12/site-packages/airflow/example_dags/example_inlet_event_extra.py
[2026-07-29T16:53:39.807+0000] {processor.py:925} INFO - DAG(s) 'read_dataset_event_from_classic', 'read_dataset_event' retrieved from /home/airflow/.local/lib/python3.12/site-packages/airflow/example_dags/example_inlet_event_extra.py
[2026-07-29T16:53:39.818+0000] {logging_mixin.py:190} INFO - [2026-07-29T16:53:39.817+0000] {dag.py:3211} INFO - Sync 2 DAGs
[2026-07-29T16:53:39.828+0000] {logging_mixin.py:190} INFO - [2026-07-29T16:53:39.828+0000] {dag.py:4138} INFO - Setting next_dagrun for read_dataset_event to 2026-07-28 00:00:00+00:00, run_after=2026-07-29 00:00:00+00:00
[2026-07-29T16:53:39.830+0000] {logging_mixin.py:190} INFO - [2026-07-29T16:53:39.830+0000] {dag.py:4138} INFO - Setting next_dagrun for read_dataset_event_from_classic to 2026-07-28 00:00:00+00:00, run_after=2026-07-29 00:00:00+00:00
[2026-07-29T16:53:39.841+0000] {processor.py:208} INFO - Processing /home/airflow/.local/lib/python3.12/site-packages/airflow/example_dags/example_inlet_event_extra.py took 0.107 seconds
[2026-07-29T16:54:09.883+0000] {processor.py:186} INFO - Started process (PID=8336) to work on /home/airflow/.local/lib/python3.12/site-packages/airflow/example_dags/example_inlet_event_extra.py
[2026-07-29T16:54:09.883+0000] {processor.py:914} INFO - Processing file /home/airflow/.local/lib/python3.12/site-packages/airflow/example_dags/example_inlet_event_extra.py for tasks to queue
[2026-07-29T16:54:09.884+0000] {logging_mixin.py:190} INFO - [2026-07-29T16:54:09.884+0000] {dagbag.py:587} INFO - Filling up the DagBag from /home/airflow/.local/lib/python3.12/site-packages/airflow/example_dags/example_inlet_event_extra.py
[2026-07-29T16:54:09.933+0000] {processor.py:925} INFO - DAG(s) 'read_dataset_event_from_classic', 'read_dataset_event' retrieved from /home/airflow/.local/lib/python3.12/site-packages/airflow/example_dags/example_inlet_event_extra.py
[2026-07-29T16:54:09.942+0000] {logging_mixin.py:190} INFO - [2026-07-29T16:54:09.942+0000] {dag.py:3211} INFO - Sync 2 DAGs
[2026-07-29T16:54:09.950+0000] {logging_mixin.py:190} INFO - [2026-07-29T16:54:09.950+0000] {dag.py:4138} INFO - Setting next_dagrun for read_dataset_event to 2026-07-28 00:00:00+00:00, run_after=2026-07-29 00:00:00+00:00
[2026-07-29T16:54:09.952+0000] {logging_mixin.py:190} INFO - [2026-07-29T16:54:09.952+0000] {dag.py:4138} INFO - Setting next_dagrun for read_dataset_event_from_classic to 2026-07-28 00:00:00+00:00, run_after=2026-07-29 00:00:00+00:00
[2026-07-29T16:54:09.958+0000] {processor.py:208} INFO - Processing /home/airflow/.local/lib/python3.12/site-packages/airflow/example_dags/example_inlet_event_extra.py took 0.077 seconds
[2026-07-29T16:54:40.346+0000] {processor.py:186} INFO - Started process (PID=8402) to work on /home/airflow/.local/lib/python3.12/site-packages/airflow/example_dags/example_inlet_event_extra.py
[2026-07-29T16:54:40.347+0000] {processor.py:914} INFO - Processing file /home/airflow/.local/lib/python3.12/site-packages/airflow/example_dags/example_inlet_event_extra.py for tasks to queue
[2026-07-29T16:54:40.348+0000] {logging_mixin.py:190} INFO - [2026-07-29T16:54:40.348+0000] {dagbag.py:587} INFO - Filling up the DagBag from /home/airflow/.local/lib/python3.12/site-packages/airflow/example_dags/example_inlet_event_extra.py
[2026-07-29T16:54:40.406+0000] {processor.py:925} INFO - DAG(s) 'read_dataset_event', 'read_dataset_event_from_classic' retrieved from /home/airflow/.local/lib/python3.12/site-packages/airflow/example_dags/example_inlet_event_extra.py
[2026-07-29T16:54:40.417+0000] {logging_mixin.py:190} INFO - [2026-07-29T16:54:40.417+0000] {dag.py:3211} INFO - Sync 2 DAGs
[2026-07-29T16:54:40.426+0000] {logging_mixin.py:190} INFO - [2026-07-29T16:54:40.426+0000] {dag.py:4138} INFO - Setting next_dagrun for read_dataset_event to 2026-07-28 00:00:00+00:00, run_after=2026-07-29 00:00:00+00:00
[2026-07-29T16:54:40.428+0000] {logging_mixin.py:190} INFO - [2026-07-29T16:54:40.428+0000] {dag.py:4138} INFO - Setting next_dagrun for read_dataset_event_from_classic to 2026-07-28 00:00:00+00:00, run_after=2026-07-29 00:00:00+00:00
[2026-07-29T16:54:40.433+0000] {processor.py:208} INFO - Processing /home/airflow/.local/lib/python3.12/site-packages/airflow/example_dags/example_inlet_event_extra.py took 0.090 seconds
[2026-07-29T16:55:10.488+0000] {processor.py:186} INFO - Started process (PID=8465) to work on /home/airflow/.local/lib/python3.12/site-packages/airflow/example_dags/example_inlet_event_extra.py
[2026-07-29T16:55:10.489+0000] {processor.py:914} INFO - Processing file /home/airflow/.local/lib/python3.12/site-packages/airflow/example_dags/example_inlet_event_extra.py for tasks to queue
[2026-07-29T16:55:10.491+0000] {logging_mixin.py:190} INFO - [2026-07-29T16:55:10.490+0000] {dagbag.py:587} INFO - Filling up the DagBag from /home/airflow/.local/lib/python3.12/site-packages/airflow/example_dags/example_inlet_event_extra.py
[2026-07-29T16:55:10.554+0000] {processor.py:925} INFO - DAG(s) 'read_dataset_event_from_classic', 'read_dataset_event' retrieved from /home/airflow/.local/lib/python3.12/site-packages/airflow/example_dags/example_inlet_event_extra.py
[2026-07-29T16:55:10.569+0000] {logging_mixin.py:190} INFO - [2026-07-29T16:55:10.569+0000] {dag.py:3211} INFO - Sync 2 DAGs
[2026-07-29T16:55:10.584+0000] {logging_mixin.py:190} INFO - [2026-07-29T16:55:10.584+0000] {dag.py:4138} INFO - Setting next_dagrun for read_dataset_event to 2026-07-28 00:00:00+00:00, run_after=2026-07-29 00:00:00+00:00
[2026-07-29T16:55:10.586+0000] {logging_mixin.py:190} INFO - [2026-07-29T16:55:10.586+0000] {dag.py:4138} INFO - Setting next_dagrun for read_dataset_event_from_classic to 2026-07-28 00:00:00+00:00, run_after=2026-07-29 00:00:00+00:00
[2026-07-29T16:55:10.597+0000] {processor.py:208} INFO - Processing /home/airflow/.local/lib/python3.12/site-packages/airflow/example_dags/example_inlet_event_extra.py took 0.112 seconds
[2026-07-29T16:55:40.612+0000] {processor.py:186} INFO - Started process (PID=8531) to work on /home/airflow/.local/lib/python3.12/site-packages/airflow/example_dags/example_inlet_event_extra.py
[2026-07-29T16:55:40.613+0000] {processor.py:914} INFO - Processing file /home/airflow/.local/lib/python3.12/site-packages/airflow/example_dags/example_inlet_event_extra.py for tasks to queue
[2026-07-29T16:55:40.615+0000] {logging_mixin.py:190} INFO - [2026-07-29T16:55:40.615+0000] {dagbag.py:587} INFO - Filling up the DagBag from /home/airflow/.local/lib/python3.12/site-packages/airflow/example_dags/example_inlet_event_extra.py
[2026-07-29T16:55:40.673+0000] {processor.py:925} INFO - DAG(s) 'read_dataset_event_from_classic', 'read_dataset_event' retrieved from /home/airflow/.local/lib/python3.12/site-packages/airflow/example_dags/example_inlet_event_extra.py
[2026-07-29T16:55:40.682+0000] {logging_mixin.py:190} INFO - [2026-07-29T16:55:40.682+0000] {dag.py:3211} INFO - Sync 2 DAGs
[2026-07-29T16:55:40.695+0000] {logging_mixin.py:190} INFO - [2026-07-29T16:55:40.695+0000] {dag.py:4138} INFO - Setting next_dagrun for read_dataset_event to 2026-07-28 00:00:00+00:00, run_after=2026-07-29 00:00:00+00:00
[2026-07-29T16:55:40.697+0000] {logging_mixin.py:190} INFO - [2026-07-29T16:55:40.697+0000] {dag.py:4138} INFO - Setting next_dagrun for read_dataset_event_from_classic to 2026-07-28 00:00:00+00:00, run_after=2026-07-29 00:00:00+00:00
[2026-07-29T16:55:40.709+0000] {processor.py:208} INFO - Processing /home/airflow/.local/lib/python3.12/site-packages/airflow/example_dags/example_inlet_event_extra.py took 0.100 seconds
[2026-07-29T16:56:10.751+0000] {processor.py:186} INFO - Started process (PID=8597) to work on /home/airflow/.local/lib/python3.12/site-packages/airflow/example_dags/example_inlet_event_extra.py
[2026-07-29T16:56:10.752+0000] {processor.py:914} INFO - Processing file /home/airflow/.local/lib/python3.12/site-packages/airflow/example_dags/example_inlet_event_extra.py for tasks to queue
[2026-07-29T16:56:10.754+0000] {logging_mixin.py:190} INFO - [2026-07-29T16:56:10.754+0000] {dagbag.py:587} INFO - Filling up the DagBag from /home/airflow/.local/lib/python3.12/site-packages/airflow/example_dags/example_inlet_event_extra.py
[2026-07-29T16:56:10.813+0000] {processor.py:925} INFO - DAG(s) 'read_dataset_event_from_classic', 'read_dataset_event' retrieved from /home/airflow/.local/lib/python3.12/site-packages/airflow/example_dags/example_inlet_event_extra.py
[2026-07-29T16:56:10.828+0000] {logging_mixin.py:190} INFO - [2026-07-29T16:56:10.828+0000] {dag.py:3211} INFO - Sync 2 DAGs
[2026-07-29T16:56:10.838+0000] {logging_mixin.py:190} INFO - [2026-07-29T16:56:10.838+0000] {dag.py:4138} INFO - Setting next_dagrun for read_dataset_event to 2026-07-28 00:00:00+00:00, run_after=2026-07-29 00:00:00+00:00
[2026-07-29T16:56:10.840+0000] {logging_mixin.py:190} INFO - [2026-07-29T16:56:10.840+0000] {dag.py:4138} INFO - Setting next_dagrun for read_dataset_event_from_classic to 2026-07-28 00:00:00+00:00, run_after=2026-07-29 00:00:00+00:00
[2026-07-29T16:56:10.852+0000] {processor.py:208} INFO - Processing /home/airflow/.local/lib/python3.12/site-packages/airflow/example_dags/example_inlet_event_extra.py took 0.104 seconds
[2026-07-29T16:56:40.925+0000] {processor.py:186} INFO - Started process (PID=8664) to work on /home/airflow/.local/lib/python3.12/site-packages/airflow/example_dags/example_inlet_event_extra.py
[2026-07-29T16:56:40.926+0000] {processor.py:914} INFO - Processing file /home/airflow/.local/lib/python3.12/site-packages/airflow/example_dags/example_inlet_event_extra.py for tasks to queue
[2026-07-29T16:56:40.927+0000] {logging_mixin.py:190} INFO - [2026-07-29T16:56:40.927+0000] {dagbag.py:587} INFO - Filling up the DagBag from /home/airflow/.local/lib/python3.12/site-packages/airflow/example_dags/example_inlet_event_extra.py
[2026-07-29T16:56:40.987+0000] {processor.py:925} INFO - DAG(s) 'read_dataset_event', 'read_dataset_event_from_classic' retrieved from /home/airflow/.local/lib/python3.12/site-packages/airflow/example_dags/example_inlet_event_extra.py
[2026-07-29T16:56:40.995+0000] {logging_mixin.py:190} INFO - [2026-07-29T16:56:40.995+0000] {dag.py:3211} INFO - Sync 2 DAGs
[2026-07-29T16:56:41.004+0000] {logging_mixin.py:190} INFO - [2026-07-29T16:56:41.004+0000] {dag.py:4138} INFO - Setting next_dagrun for read_dataset_event to 2026-07-28 00:00:00+00:00, run_after=2026-07-29 00:00:00+00:00
[2026-07-29T16:56:41.009+0000] {logging_mixin.py:190} INFO - [2026-07-29T16:56:41.009+0000] {dag.py:4138} INFO - Setting next_dagrun for read_dataset_event_from_classic to 2026-07-28 00:00:00+00:00, run_after=2026-07-29 00:00:00+00:00
[2026-07-29T16:56:41.017+0000] {processor.py:208} INFO - Processing /home/airflow/.local/lib/python3.12/site-packages/airflow/example_dags/example_inlet_event_extra.py took 0.094 seconds
[2026-07-29T16:57:11.164+0000] {processor.py:186} INFO - Started process (PID=8727) to work on /home/airflow/.local/lib/python3.12/site-packages/airflow/example_dags/example_inlet_event_extra.py
[2026-07-29T16:57:11.165+0000] {processor.py:914} INFO - Processing file /home/airflow/.local/lib/python3.12/site-packages/airflow/example_dags/example_inlet_event_extra.py for tasks to queue
[2026-07-29T16:57:11.166+0000] {logging_mixin.py:190} INFO - [2026-07-29T16:57:11.166+0000] {dagbag.py:587} INFO - Filling up the DagBag from /home/airflow/.local/lib/python3.12/site-packages/airflow/example_dags/example_inlet_event_extra.py
[2026-07-29T16:57:11.236+0000] {processor.py:925} INFO - DAG(s) 'read_dataset_event', 'read_dataset_event_from_classic' retrieved from /home/airflow/.local/lib/python3.12/site-packages/airflow/example_dags/example_inlet_event_extra.py
[2026-07-29T16:57:11.250+0000] {logging_mixin.py:190} INFO - [2026-07-29T16:57:11.250+0000] {dag.py:3211} INFO - Sync 2 DAGs
[2026-07-29T16:57:11.262+0000] {logging_mixin.py:190} INFO - [2026-07-29T16:57:11.262+0000] {dag.py:4138} INFO - Setting next_dagrun for read_dataset_event to 2026-07-28 00:00:00+00:00, run_after=2026-07-29 00:00:00+00:00
[2026-07-29T16:57:11.264+0000] {logging_mixin.py:190} INFO - [2026-07-29T16:57:11.264+0000] {dag.py:4138} INFO - Setting next_dagrun for read_dataset_event_from_classic to 2026-07-28 00:00:00+00:00, run_after=2026-07-29 00:00:00+00:00
[2026-07-29T16:57:11.270+0000] {processor.py:208} INFO - Processing /home/airflow/.local/lib/python3.12/site-packages/airflow/example_dags/example_inlet_event_extra.py took 0.109 seconds
[2026-07-29T16:57:41.305+0000] {processor.py:186} INFO - Started process (PID=8793) to work on /home/airflow/.local/lib/python3.12/site-packages/airflow/example_dags/example_inlet_event_extra.py
[2026-07-29T16:57:41.306+0000] {processor.py:914} INFO - Processing file /home/airflow/.local/lib/python3.12/site-packages/airflow/example_dags/example_inlet_event_extra.py for tasks to queue
[2026-07-29T16:57:41.307+0000] {logging_mixin.py:190} INFO - [2026-07-29T16:57:41.306+0000] {dagbag.py:587} INFO - Filling up the DagBag from /home/airflow/.local/lib/python3.12/site-packages/airflow/example_dags/example_inlet_event_extra.py
[2026-07-29T16:57:41.364+0000] {processor.py:925} INFO - DAG(s) 'read_dataset_event', 'read_dataset_event_from_classic' retrieved from /home/airflow/.local/lib/python3.12/site-packages/airflow/example_dags/example_inlet_event_extra.py
[2026-07-29T16:57:41.378+0000] {logging_mixin.py:190} INFO - [2026-07-29T16:57:41.378+0000] {dag.py:3211} INFO - Sync 2 DAGs
[2026-07-29T16:57:41.392+0000] {logging_mixin.py:190} INFO - [2026-07-29T16:57:41.392+0000] {dag.py:4138} INFO - Setting next_dagrun for read_dataset_event to 2026-07-28 00:00:00+00:00, run_after=2026-07-29 00:00:00+00:00
[2026-07-29T16:57:41.394+0000] {logging_mixin.py:190} INFO - [2026-07-29T16:57:41.394+0000] {dag.py:4138} INFO - Setting next_dagrun for read_dataset_event_from_classic to 2026-07-28 00:00:00+00:00, run_after=2026-07-29 00:00:00+00:00
[2026-07-29T16:57:41.399+0000] {processor.py:208} INFO - Processing /home/airflow/.local/lib/python3.12/site-packages/airflow/example_dags/example_inlet_event_extra.py took 0.097 seconds
[2026-07-29T16:58:11.619+0000] {processor.py:186} INFO - Started process (PID=8859) to work on /home/airflow/.local/lib/python3.12/site-packages/airflow/example_dags/example_inlet_event_extra.py
[2026-07-29T16:58:11.619+0000] {processor.py:914} INFO - Processing file /home/airflow/.local/lib/python3.12/site-packages/airflow/example_dags/example_inlet_event_extra.py for tasks to queue
[2026-07-29T16:58:11.620+0000] {logging_mixin.py:190} INFO - [2026-07-29T16:58:11.620+0000] {dagbag.py:587} INFO - Filling up the DagBag from /home/airflow/.local/lib/python3.12/site-packages/airflow/example_dags/example_inlet_event_extra.py
[2026-07-29T16:58:11.688+0000] {processor.py:925} INFO - DAG(s) 'read_dataset_event_from_classic', 'read_dataset_event' retrieved from /home/airflow/.local/lib/python3.12/site-packages/airflow/example_dags/example_inlet_event_extra.py
[2026-07-29T16:58:11.699+0000] {logging_mixin.py:190} INFO - [2026-07-29T16:58:11.699+0000] {dag.py:3211} INFO - Sync 2 DAGs
[2026-07-29T16:58:11.710+0000] {logging_mixin.py:190} INFO - [2026-07-29T16:58:11.710+0000] {dag.py:4138} INFO - Setting next_dagrun for read_dataset_event to 2026-07-28 00:00:00+00:00, run_after=2026-07-29 00:00:00+00:00
[2026-07-29T16:58:11.714+0000] {logging_mixin.py:190} INFO - [2026-07-29T16:58:11.714+0000] {dag.py:4138} INFO - Setting next_dagrun for read_dataset_event_from_classic to 2026-07-28 00:00:00+00:00, run_after=2026-07-29 00:00:00+00:00
[2026-07-29T16:58:11.724+0000] {processor.py:208} INFO - Processing /home/airflow/.local/lib/python3.12/site-packages/airflow/example_dags/example_inlet_event_extra.py took 0.109 seconds
[2026-07-29T16:58:41.743+0000] {processor.py:186} INFO - Started process (PID=8926) to work on /home/airflow/.local/lib/python3.12/site-packages/airflow/example_dags/example_inlet_event_extra.py
[2026-07-29T16:58:41.743+0000] {processor.py:914} INFO - Processing file /home/airflow/.local/lib/python3.12/site-packages/airflow/example_dags/example_inlet_event_extra.py for tasks to queue
[2026-07-29T16:58:41.745+0000] {logging_mixin.py:190} INFO - [2026-07-29T16:58:41.744+0000] {dagbag.py:587} INFO - Filling up the DagBag from /home/airflow/.local/lib/python3.12/site-packages/airflow/example_dags/example_inlet_event_extra.py
[2026-07-29T16:58:41.801+0000] {processor.py:925} INFO - DAG(s) 'read_dataset_event', 'read_dataset_event_from_classic' retrieved from /home/airflow/.local/lib/python3.12/site-packages/airflow/example_dags/example_inlet_event_extra.py
[2026-07-29T16:58:41.811+0000] {logging_mixin.py:190} INFO - [2026-07-29T16:58:41.810+0000] {dag.py:3211} INFO - Sync 2 DAGs
[2026-07-29T16:58:41.820+0000] {logging_mixin.py:190} INFO - [2026-07-29T16:58:41.820+0000] {dag.py:4138} INFO - Setting next_dagrun for read_dataset_event to 2026-07-28 00:00:00+00:00, run_after=2026-07-29 00:00:00+00:00
[2026-07-29T16:58:41.821+0000] {logging_mixin.py:190} INFO - [2026-07-29T16:58:41.821+0000] {dag.py:4138} INFO - Setting next_dagrun for read_dataset_event_from_classic to 2026-07-28 00:00:00+00:00, run_after=2026-07-29 00:00:00+00:00
[2026-07-29T16:58:41.827+0000] {processor.py:208} INFO - Processing /home/airflow/.local/lib/python3.12/site-packages/airflow/example_dags/example_inlet_event_extra.py took 0.087 seconds
[2026-07-29T16:59:12.558+0000] {processor.py:186} INFO - Started process (PID=8991) to work on /home/airflow/.local/lib/python3.12/site-packages/airflow/example_dags/example_inlet_event_extra.py
[2026-07-29T16:59:12.559+0000] {processor.py:914} INFO - Processing file /home/airflow/.local/lib/python3.12/site-packages/airflow/example_dags/example_inlet_event_extra.py for tasks to queue
[2026-07-29T16:59:12.560+0000] {logging_mixin.py:190} INFO - [2026-07-29T16:59:12.559+0000] {dagbag.py:587} INFO - Filling up the DagBag from /home/airflow/.local/lib/python3.12/site-packages/airflow/example_dags/example_inlet_event_extra.py
[2026-07-29T16:59:12.618+0000] {processor.py:925} INFO - DAG(s) 'read_dataset_event_from_classic', 'read_dataset_event' retrieved from /home/airflow/.local/lib/python3.12/site-packages/airflow/example_dags/example_inlet_event_extra.py
[2026-07-29T16:59:12.635+0000] {logging_mixin.py:190} INFO - [2026-07-29T16:59:12.634+0000] {dag.py:3211} INFO - Sync 2 DAGs
[2026-07-29T16:59:12.644+0000] {logging_mixin.py:190} INFO - [2026-07-29T16:59:12.644+0000] {dag.py:4138} INFO - Setting next_dagrun for read_dataset_event to 2026-07-28 00:00:00+00:00, run_after=2026-07-29 00:00:00+00:00
[2026-07-29T16:59:12.645+0000] {logging_mixin.py:190} INFO - [2026-07-29T16:59:12.645+0000] {dag.py:4138} INFO - Setting next_dagrun for read_dataset_event_from_classic to 2026-07-28 00:00:00+00:00, run_after=2026-07-29 00:00:00+00:00
[2026-07-29T16:59:12.650+0000] {processor.py:208} INFO - Processing /home/airflow/.local/lib/python3.12/site-packages/airflow/example_dags/example_inlet_event_extra.py took 0.094 seconds
[2026-07-29T16:59:43.484+0000] {processor.py:186} INFO - Started process (PID=9057) to work on /home/airflow/.local/lib/python3.12/site-packages/airflow/example_dags/example_inlet_event_extra.py
[2026-07-29T16:59:43.485+0000] {processor.py:914} INFO - Processing file /home/airflow/.local/lib/python3.12/site-packages/airflow/example_dags/example_inlet_event_extra.py for tasks to queue
[2026-07-29T16:59:43.487+0000] {logging_mixin.py:190} INFO - [2026-07-29T16:59:43.486+0000] {dagbag.py:587} INFO - Filling up the DagBag from /home/airflow/.local/lib/python3.12/site-packages/airflow/example_dags/example_inlet_event_extra.py
[2026-07-29T16:59:43.551+0000] {processor.py:925} INFO - DAG(s) 'read_dataset_event', 'read_dataset_event_from_classic' retrieved from /home/airflow/.local/lib/python3.12/site-packages/airflow/example_dags/example_inlet_event_extra.py
[2026-07-29T16:59:43.562+0000] {logging_mixin.py:190} INFO - [2026-07-29T16:59:43.562+0000] {dag.py:3211} INFO - Sync 2 DAGs
[2026-07-29T16:59:43.570+0000] {logging_mixin.py:190} INFO - [2026-07-29T16:59:43.570+0000] {dag.py:4138} INFO - Setting next_dagrun for read_dataset_event to 2026-07-28 00:00:00+00:00, run_after=2026-07-29 00:00:00+00:00
[2026-07-29T16:59:43.572+0000] {logging_mixin.py:190} INFO - [2026-07-29T16:59:43.572+0000] {dag.py:4138} INFO - Setting next_dagrun for read_dataset_event_from_classic to 2026-07-28 00:00:00+00:00, run_after=2026-07-29 00:00:00+00:00
[2026-07-29T16:59:43.578+0000] {processor.py:208} INFO - Processing /home/airflow/.local/lib/python3.12/site-packages/airflow/example_dags/example_inlet_event_extra.py took 0.097 seconds
[2026-07-29T17:00:14.702+0000] {processor.py:186} INFO - Started process (PID=9124) to work on /home/airflow/.local/lib/python3.12/site-packages/airflow/example_dags/example_inlet_event_extra.py
[2026-07-29T17:00:14.702+0000] {processor.py:914} INFO - Processing file /home/airflow/.local/lib/python3.12/site-packages/airflow/example_dags/example_inlet_event_extra.py for tasks to queue
[2026-07-29T17:00:14.704+0000] {logging_mixin.py:190} INFO - [2026-07-29T17:00:14.703+0000] {dagbag.py:587} INFO - Filling up the DagBag from /home/airflow/.local/lib/python3.12/site-packages/airflow/example_dags/example_inlet_event_extra.py
[2026-07-29T17:00:14.766+0000] {processor.py:925} INFO - DAG(s) 'read_dataset_event_from_classic', 'read_dataset_event' retrieved from /home/airflow/.local/lib/python3.12/site-packages/airflow/example_dags/example_inlet_event_extra.py
[2026-07-29T17:00:14.780+0000] {logging_mixin.py:190} INFO - [2026-07-29T17:00:14.780+0000] {dag.py:3211} INFO - Sync 2 DAGs
[2026-07-29T17:00:14.789+0000] {logging_mixin.py:190} INFO - [2026-07-29T17:00:14.789+0000] {dag.py:4138} INFO - Setting next_dagrun for read_dataset_event to 2026-07-28 00:00:00+00:00, run_after=2026-07-29 00:00:00+00:00
[2026-07-29T17:00:14.793+0000] {logging_mixin.py:190} INFO - [2026-07-29T17:00:14.793+0000] {dag.py:4138} INFO - Setting next_dagrun for read_dataset_event_from_classic to 2026-07-28 00:00:00+00:00, run_after=2026-07-29 00:00:00+00:00
[2026-07-29T17:00:14.799+0000] {processor.py:208} INFO - Processing /home/airflow/.local/lib/python3.12/site-packages/airflow/example_dags/example_inlet_event_extra.py took 0.100 seconds
[2026-07-29T17:00:45.682+0000] {processor.py:186} INFO - Started process (PID=9189) to work on /home/airflow/.local/lib/python3.12/site-packages/airflow/example_dags/example_inlet_event_extra.py
[2026-07-29T17:00:45.683+0000] {processor.py:914} INFO - Processing file /home/airflow/.local/lib/python3.12/site-packages/airflow/example_dags/example_inlet_event_extra.py for tasks to queue
[2026-07-29T17:00:45.684+0000] {logging_mixin.py:190} INFO - [2026-07-29T17:00:45.683+0000] {dagbag.py:587} INFO - Filling up the DagBag from /home/airflow/.local/lib/python3.12/site-packages/airflow/example_dags/example_inlet_event_extra.py
[2026-07-29T17:00:45.742+0000] {processor.py:925} INFO - DAG(s) 'read_dataset_event_from_classic', 'read_dataset_event' retrieved from /home/airflow/.local/lib/python3.12/site-packages/airflow/example_dags/example_inlet_event_extra.py
[2026-07-29T17:00:45.754+0000] {logging_mixin.py:190} INFO - [2026-07-29T17:00:45.754+0000] {dag.py:3211} INFO - Sync 2 DAGs
[2026-07-29T17:00:45.763+0000] {logging_mixin.py:190} INFO - [2026-07-29T17:00:45.763+0000] {dag.py:4138} INFO - Setting next_dagrun for read_dataset_event to 2026-07-28 00:00:00+00:00, run_after=2026-07-29 00:00:00+00:00
[2026-07-29T17:00:45.765+0000] {logging_mixin.py:190} INFO - [2026-07-29T17:00:45.765+0000] {dag.py:4138} INFO - Setting next_dagrun for read_dataset_event_from_classic to 2026-07-28 00:00:00+00:00, run_after=2026-07-29 00:00:00+00:00
[2026-07-29T17:00:45.772+0000] {processor.py:208} INFO - Processing /home/airflow/.local/lib/python3.12/site-packages/airflow/example_dags/example_inlet_event_extra.py took 0.092 seconds
[2026-07-29T17:01:15.874+0000] {processor.py:186} INFO - Started process (PID=9255) to work on /home/airflow/.local/lib/python3.12/site-packages/airflow/example_dags/example_inlet_event_extra.py
[2026-07-29T17:01:15.874+0000] {processor.py:914} INFO - Processing file /home/airflow/.local/lib/python3.12/site-packages/airflow/example_dags/example_inlet_event_extra.py for tasks to queue
[2026-07-29T17:01:15.876+0000] {logging_mixin.py:190} INFO - [2026-07-29T17:01:15.876+0000] {dagbag.py:587} INFO - Filling up the DagBag from /home/airflow/.local/lib/python3.12/site-packages/airflow/example_dags/example_inlet_event_extra.py
[2026-07-29T17:01:15.948+0000] {processor.py:925} INFO - DAG(s) 'read_dataset_event', 'read_dataset_event_from_classic' retrieved from /home/airflow/.local/lib/python3.12/site-packages/airflow/example_dags/example_inlet_event_extra.py
[2026-07-29T17:01:15.963+0000] {logging_mixin.py:190} INFO - [2026-07-29T17:01:15.963+0000] {dag.py:3211} INFO - Sync 2 DAGs
[2026-07-29T17:01:15.974+0000] {logging_mixin.py:190} INFO - [2026-07-29T17:01:15.974+0000] {dag.py:4138} INFO - Setting next_dagrun for read_dataset_event to 2026-07-28 00:00:00+00:00, run_after=2026-07-29 00:00:00+00:00
[2026-07-29T17:01:15.978+0000] {logging_mixin.py:190} INFO - [2026-07-29T17:01:15.977+0000] {dag.py:4138} INFO - Setting next_dagrun for read_dataset_event_from_classic to 2026-07-28 00:00:00+00:00, run_after=2026-07-29 00:00:00+00:00
[2026-07-29T17:01:15.984+0000] {processor.py:208} INFO - Processing /home/airflow/.local/lib/python3.12/site-packages/airflow/example_dags/example_inlet_event_extra.py took 0.113 seconds
[2026-07-29T17:01:46.962+0000] {processor.py:186} INFO - Started process (PID=9322) to work on /home/airflow/.local/lib/python3.12/site-packages/airflow/example_dags/example_inlet_event_extra.py
[2026-07-29T17:01:46.962+0000] {processor.py:914} INFO - Processing file /home/airflow/.local/lib/python3.12/site-packages/airflow/example_dags/example_inlet_event_extra.py for tasks to queue
[2026-07-29T17:01:46.965+0000] {logging_mixin.py:190} INFO - [2026-07-29T17:01:46.964+0000] {dagbag.py:587} INFO - Filling up the DagBag from /home/airflow/.local/lib/python3.12/site-packages/airflow/example_dags/example_inlet_event_extra.py
[2026-07-29T17:01:47.050+0000] {processor.py:925} INFO - DAG(s) 'read_dataset_event_from_classic', 'read_dataset_event' retrieved from /home/airflow/.local/lib/python3.12/site-packages/airflow/example_dags/example_inlet_event_extra.py
[2026-07-29T17:01:47.065+0000] {logging_mixin.py:190} INFO - [2026-07-29T17:01:47.064+0000] {dag.py:3211} INFO - Sync 2 DAGs
[2026-07-29T17:01:47.077+0000] {logging_mixin.py:190} INFO - [2026-07-29T17:01:47.077+0000] {dag.py:4138} INFO - Setting next_dagrun for read_dataset_event to 2026-07-28 00:00:00+00:00, run_after=2026-07-29 00:00:00+00:00
[2026-07-29T17:01:47.079+0000] {logging_mixin.py:190} INFO - [2026-07-29T17:01:47.079+0000] {dag.py:4138} INFO - Setting next_dagrun for read_dataset_event_from_classic to 2026-07-28 00:00:00+00:00, run_after=2026-07-29 00:00:00+00:00
[2026-07-29T17:01:47.085+0000] {processor.py:208} INFO - Processing /home/airflow/.local/lib/python3.12/site-packages/airflow/example_dags/example_inlet_event_extra.py took 0.128 seconds
[2026-07-29T17:02:18.061+0000] {processor.py:186} INFO - Started process (PID=9389) to work on /home/airflow/.local/lib/python3.12/site-packages/airflow/example_dags/example_inlet_event_extra.py
[2026-07-29T17:02:18.061+0000] {processor.py:914} INFO - Processing file /home/airflow/.local/lib/python3.12/site-packages/airflow/example_dags/example_inlet_event_extra.py for tasks to queue
[2026-07-29T17:02:18.063+0000] {logging_mixin.py:190} INFO - [2026-07-29T17:02:18.063+0000] {dagbag.py:587} INFO - Filling up the DagBag from /home/airflow/.local/lib/python3.12/site-packages/airflow/example_dags/example_inlet_event_extra.py
[2026-07-29T17:02:18.137+0000] {processor.py:925} INFO - DAG(s) 'read_dataset_event', 'read_dataset_event_from_classic' retrieved from /home/airflow/.local/lib/python3.12/site-packages/airflow/example_dags/example_inlet_event_extra.py
[2026-07-29T17:02:18.151+0000] {logging_mixin.py:190} INFO - [2026-07-29T17:02:18.150+0000] {dag.py:3211} INFO - Sync 2 DAGs
[2026-07-29T17:02:18.159+0000] {logging_mixin.py:190} INFO - [2026-07-29T17:02:18.159+0000] {dag.py:4138} INFO - Setting next_dagrun for read_dataset_event to 2026-07-28 00:00:00+00:00, run_after=2026-07-29 00:00:00+00:00
[2026-07-29T17:02:18.161+0000] {logging_mixin.py:190} INFO - [2026-07-29T17:02:18.161+0000] {dag.py:4138} INFO - Setting next_dagrun for read_dataset_event_from_classic to 2026-07-28 00:00:00+00:00, run_after=2026-07-29 00:00:00+00:00
[2026-07-29T17:02:18.168+0000] {processor.py:208} INFO - Processing /home/airflow/.local/lib/python3.12/site-packages/airflow/example_dags/example_inlet_event_extra.py took 0.113 seconds
[2026-07-29T17:02:49.023+0000] {processor.py:186} INFO - Started process (PID=9455) to work on /home/airflow/.local/lib/python3.12/site-packages/airflow/example_dags/example_inlet_event_extra.py
[2026-07-29T17:02:49.023+0000] {processor.py:914} INFO - Processing file /home/airflow/.local/lib/python3.12/site-packages/airflow/example_dags/example_inlet_event_extra.py for tasks to queue
[2026-07-29T17:02:49.025+0000] {logging_mixin.py:190} INFO - [2026-07-29T17:02:49.025+0000] {dagbag.py:587} INFO - Filling up the DagBag from /home/airflow/.local/lib/python3.12/site-packages/airflow/example_dags/example_inlet_event_extra.py
[2026-07-29T17:02:49.093+0000] {processor.py:925} INFO - DAG(s) 'read_dataset_event', 'read_dataset_event_from_classic' retrieved from /home/airflow/.local/lib/python3.12/site-packages/airflow/example_dags/example_inlet_event_extra.py
[2026-07-29T17:02:49.108+0000] {logging_mixin.py:190} INFO - [2026-07-29T17:02:49.108+0000] {dag.py:3211} INFO - Sync 2 DAGs
[2026-07-29T17:02:49.118+0000] {logging_mixin.py:190} INFO - [2026-07-29T17:02:49.118+0000] {dag.py:4138} INFO - Setting next_dagrun for read_dataset_event to 2026-07-28 00:00:00+00:00, run_after=2026-07-29 00:00:00+00:00
[2026-07-29T17:02:49.119+0000] {logging_mixin.py:190} INFO - [2026-07-29T17:02:49.119+0000] {dag.py:4138} INFO - Setting next_dagrun for read_dataset_event_from_classic to 2026-07-28 00:00:00+00:00, run_after=2026-07-29 00:00:00+00:00
[2026-07-29T17:02:49.125+0000] {processor.py:208} INFO - Processing /home/airflow/.local/lib/python3.12/site-packages/airflow/example_dags/example_inlet_event_extra.py took 0.106 seconds
[2026-07-29T17:03:20.041+0000] {processor.py:186} INFO - Started process (PID=9521) to work on /home/airflow/.local/lib/python3.12/site-packages/airflow/example_dags/example_inlet_event_extra.py
[2026-07-29T17:03:20.041+0000] {processor.py:914} INFO - Processing file /home/airflow/.local/lib/python3.12/site-packages/airflow/example_dags/example_inlet_event_extra.py for tasks to queue
[2026-07-29T17:03:20.043+0000] {logging_mixin.py:190} INFO - [2026-07-29T17:03:20.042+0000] {dagbag.py:587} INFO - Filling up the DagBag from /home/airflow/.local/lib/python3.12/site-packages/airflow/example_dags/example_inlet_event_extra.py
[2026-07-29T17:03:20.109+0000] {processor.py:925} INFO - DAG(s) 'read_dataset_event', 'read_dataset_event_from_classic' retrieved from /home/airflow/.local/lib/python3.12/site-packages/airflow/example_dags/example_inlet_event_extra.py
[2026-07-29T17:03:20.122+0000] {logging_mixin.py:190} INFO - [2026-07-29T17:03:20.122+0000] {dag.py:3211} INFO - Sync 2 DAGs
[2026-07-29T17:03:20.132+0000] {logging_mixin.py:190} INFO - [2026-07-29T17:03:20.132+0000] {dag.py:4138} INFO - Setting next_dagrun for read_dataset_event to 2026-07-28 00:00:00+00:00, run_after=2026-07-29 00:00:00+00:00
[2026-07-29T17:03:20.134+0000] {logging_mixin.py:190} INFO - [2026-07-29T17:03:20.134+0000] {dag.py:4138} INFO - Setting next_dagrun for read_dataset_event_from_classic to 2026-07-28 00:00:00+00:00, run_after=2026-07-29 00:00:00+00:00
[2026-07-29T17:03:20.139+0000] {processor.py:208} INFO - Processing /home/airflow/.local/lib/python3.12/site-packages/airflow/example_dags/example_inlet_event_extra.py took 0.103 seconds
[2026-07-29T17:03:54.528+0000] {processor.py:186} INFO - Started process (PID=9591) to work on /home/airflow/.local/lib/python3.12/site-packages/airflow/example_dags/example_inlet_event_extra.py
[2026-07-29T17:03:54.529+0000] {processor.py:914} INFO - Processing file /home/airflow/.local/lib/python3.12/site-packages/airflow/example_dags/example_inlet_event_extra.py for tasks to queue
[2026-07-29T17:03:54.530+0000] {logging_mixin.py:190} INFO - [2026-07-29T17:03:54.530+0000] {dagbag.py:587} INFO - Filling up the DagBag from /home/airflow/.local/lib/python3.12/site-packages/airflow/example_dags/example_inlet_event_extra.py
[2026-07-29T17:03:54.588+0000] {processor.py:925} INFO - DAG(s) 'read_dataset_event_from_classic', 'read_dataset_event' retrieved from /home/airflow/.local/lib/python3.12/site-packages/airflow/example_dags/example_inlet_event_extra.py
[2026-07-29T17:03:54.605+0000] {logging_mixin.py:190} INFO - [2026-07-29T17:03:54.605+0000] {dag.py:3211} INFO - Sync 2 DAGs
[2026-07-29T17:03:54.619+0000] {logging_mixin.py:190} INFO - [2026-07-29T17:03:54.619+0000] {dag.py:4138} INFO - Setting next_dagrun for read_dataset_event to 2026-07-28 00:00:00+00:00, run_after=2026-07-29 00:00:00+00:00
[2026-07-29T17:03:54.622+0000] {logging_mixin.py:190} INFO - [2026-07-29T17:03:54.622+0000] {dag.py:4138} INFO - Setting next_dagrun for read_dataset_event_from_classic to 2026-07-28 00:00:00+00:00, run_after=2026-07-29 00:00:00+00:00
[2026-07-29T17:03:54.632+0000] {processor.py:208} INFO - Processing /home/airflow/.local/lib/python3.12/site-packages/airflow/example_dags/example_inlet_event_extra.py took 0.106 seconds
[2026-07-29T17:04:24.700+0000] {processor.py:186} INFO - Started process (PID=9659) to work on /home/airflow/.local/lib/python3.12/site-packages/airflow/example_dags/example_inlet_event_extra.py
[2026-07-29T17:04:24.702+0000] {processor.py:914} INFO - Processing file /home/airflow/.local/lib/python3.12/site-packages/airflow/example_dags/example_inlet_event_extra.py for tasks to queue
[2026-07-29T17:04:24.704+0000] {logging_mixin.py:190} INFO - [2026-07-29T17:04:24.704+0000] {dagbag.py:587} INFO - Filling up the DagBag from /home/airflow/.local/lib/python3.12/site-packages/airflow/example_dags/example_inlet_event_extra.py
[2026-07-29T17:04:24.769+0000] {processor.py:925} INFO - DAG(s) 'read_dataset_event', 'read_dataset_event_from_classic' retrieved from /home/airflow/.local/lib/python3.12/site-packages/airflow/example_dags/example_inlet_event_extra.py
[2026-07-29T17:04:24.781+0000] {logging_mixin.py:190} INFO - [2026-07-29T17:04:24.781+0000] {dag.py:3211} INFO - Sync 2 DAGs
[2026-07-29T17:04:24.791+0000] {logging_mixin.py:190} INFO - [2026-07-29T17:04:24.791+0000] {dag.py:4138} INFO - Setting next_dagrun for read_dataset_event to 2026-07-28 00:00:00+00:00, run_after=2026-07-29 00:00:00+00:00
[2026-07-29T17:04:24.793+0000] {logging_mixin.py:190} INFO - [2026-07-29T17:04:24.793+0000] {dag.py:4138} INFO - Setting next_dagrun for read_dataset_event_from_classic to 2026-07-28 00:00:00+00:00, run_after=2026-07-29 00:00:00+00:00
[2026-07-29T17:04:24.803+0000] {processor.py:208} INFO - Processing /home/airflow/.local/lib/python3.12/site-packages/airflow/example_dags/example_inlet_event_extra.py took 0.106 seconds
[2026-07-29T17:04:54.837+0000] {processor.py:186} INFO - Started process (PID=9725) to work on /home/airflow/.local/lib/python3.12/site-packages/airflow/example_dags/example_inlet_event_extra.py
[2026-07-29T17:04:54.839+0000] {processor.py:914} INFO - Processing file /home/airflow/.local/lib/python3.12/site-packages/airflow/example_dags/example_inlet_event_extra.py for tasks to queue
[2026-07-29T17:04:54.840+0000] {logging_mixin.py:190} INFO - [2026-07-29T17:04:54.840+0000] {dagbag.py:587} INFO - Filling up the DagBag from /home/airflow/.local/lib/python3.12/site-packages/airflow/example_dags/example_inlet_event_extra.py
[2026-07-29T17:04:54.897+0000] {processor.py:925} INFO - DAG(s) 'read_dataset_event_from_classic', 'read_dataset_event' retrieved from /home/airflow/.local/lib/python3.12/site-packages/airflow/example_dags/example_inlet_event_extra.py
[2026-07-29T17:04:54.912+0000] {logging_mixin.py:190} INFO - [2026-07-29T17:04:54.912+0000] {dag.py:3211} INFO - Sync 2 DAGs
[2026-07-29T17:04:54.922+0000] {logging_mixin.py:190} INFO - [2026-07-29T17:04:54.922+0000] {dag.py:4138} INFO - Setting next_dagrun for read_dataset_event to 2026-07-28 00:00:00+00:00, run_after=2026-07-29 00:00:00+00:00
[2026-07-29T17:04:54.924+0000] {logging_mixin.py:190} INFO - [2026-07-29T17:04:54.924+0000] {dag.py:4138} INFO - Setting next_dagrun for read_dataset_event_from_classic to 2026-07-28 00:00:00+00:00, run_after=2026-07-29 00:00:00+00:00
[2026-07-29T17:04:54.929+0000] {processor.py:208} INFO - Processing /home/airflow/.local/lib/python3.12/site-packages/airflow/example_dags/example_inlet_event_extra.py took 0.094 seconds
[2026-07-29T17:05:25.977+0000] {processor.py:186} INFO - Started process (PID=9792) to work on /home/airflow/.local/lib/python3.12/site-packages/airflow/example_dags/example_inlet_event_extra.py
[2026-07-29T17:05:25.977+0000] {processor.py:914} INFO - Processing file /home/airflow/.local/lib/python3.12/site-packages/airflow/example_dags/example_inlet_event_extra.py for tasks to queue
[2026-07-29T17:05:25.978+0000] {logging_mixin.py:190} INFO - [2026-07-29T17:05:25.978+0000] {dagbag.py:587} INFO - Filling up the DagBag from /home/airflow/.local/lib/python3.12/site-packages/airflow/example_dags/example_inlet_event_extra.py
[2026-07-29T17:05:26.036+0000] {processor.py:925} INFO - DAG(s) 'read_dataset_event_from_classic', 'read_dataset_event' retrieved from /home/airflow/.local/lib/python3.12/site-packages/airflow/example_dags/example_inlet_event_extra.py
[2026-07-29T17:05:26.053+0000] {logging_mixin.py:190} INFO - [2026-07-29T17:05:26.053+0000] {dag.py:3211} INFO - Sync 2 DAGs
[2026-07-29T17:05:26.064+0000] {logging_mixin.py:190} INFO - [2026-07-29T17:05:26.064+0000] {dag.py:4138} INFO - Setting next_dagrun for read_dataset_event to 2026-07-28 00:00:00+00:00, run_after=2026-07-29 00:00:00+00:00
[2026-07-29T17:05:26.068+0000] {logging_mixin.py:190} INFO - [2026-07-29T17:05:26.067+0000] {dag.py:4138} INFO - Setting next_dagrun for read_dataset_event_from_classic to 2026-07-28 00:00:00+00:00, run_after=2026-07-29 00:00:00+00:00
[2026-07-29T17:05:26.073+0000] {processor.py:208} INFO - Processing /home/airflow/.local/lib/python3.12/site-packages/airflow/example_dags/example_inlet_event_extra.py took 0.098 seconds
[2026-07-29T17:05:56.762+0000] {processor.py:186} INFO - Started process (PID=9855) to work on /home/airflow/.local/lib/python3.12/site-packages/airflow/example_dags/example_inlet_event_extra.py
[2026-07-29T17:05:56.763+0000] {processor.py:914} INFO - Processing file /home/airflow/.local/lib/python3.12/site-packages/airflow/example_dags/example_inlet_event_extra.py for tasks to queue
[2026-07-29T17:05:56.764+0000] {logging_mixin.py:190} INFO - [2026-07-29T17:05:56.764+0000] {dagbag.py:587} INFO - Filling up the DagBag from /home/airflow/.local/lib/python3.12/site-packages/airflow/example_dags/example_inlet_event_extra.py
[2026-07-29T17:05:56.824+0000] {processor.py:925} INFO - DAG(s) 'read_dataset_event_from_classic', 'read_dataset_event' retrieved from /home/airflow/.local/lib/python3.12/site-packages/airflow/example_dags/example_inlet_event_extra.py
[2026-07-29T17:05:56.833+0000] {logging_mixin.py:190} INFO - [2026-07-29T17:05:56.833+0000] {dag.py:3211} INFO - Sync 2 DAGs
[2026-07-29T17:05:56.954+0000] {logging_mixin.py:190} INFO - [2026-07-29T17:05:56.954+0000] {dag.py:4138} INFO - Setting next_dagrun for read_dataset_event to 2026-07-28 00:00:00+00:00, run_after=2026-07-29 00:00:00+00:00
[2026-07-29T17:05:56.956+0000] {logging_mixin.py:190} INFO - [2026-07-29T17:05:56.956+0000] {dag.py:4138} INFO - Setting next_dagrun for read_dataset_event_from_classic to 2026-07-28 00:00:00+00:00, run_after=2026-07-29 00:00:00+00:00
[2026-07-29T17:05:56.961+0000] {processor.py:208} INFO - Processing /home/airflow/.local/lib/python3.12/site-packages/airflow/example_dags/example_inlet_event_extra.py took 0.202 seconds
[2026-07-29T17:06:27.693+0000] {processor.py:186} INFO - Started process (PID=9921) to work on /home/airflow/.local/lib/python3.12/site-packages/airflow/example_dags/example_inlet_event_extra.py
[2026-07-29T17:06:27.695+0000] {processor.py:914} INFO - Processing file /home/airflow/.local/lib/python3.12/site-packages/airflow/example_dags/example_inlet_event_extra.py for tasks to queue
[2026-07-29T17:06:27.696+0000] {logging_mixin.py:190} INFO - [2026-07-29T17:06:27.695+0000] {dagbag.py:587} INFO - Filling up the DagBag from /home/airflow/.local/lib/python3.12/site-packages/airflow/example_dags/example_inlet_event_extra.py
[2026-07-29T17:06:27.750+0000] {processor.py:925} INFO - DAG(s) 'read_dataset_event', 'read_dataset_event_from_classic' retrieved from /home/airflow/.local/lib/python3.12/site-packages/airflow/example_dags/example_inlet_event_extra.py
[2026-07-29T17:06:27.761+0000] {logging_mixin.py:190} INFO - [2026-07-29T17:06:27.761+0000] {dag.py:3211} INFO - Sync 2 DAGs
[2026-07-29T17:06:27.770+0000] {logging_mixin.py:190} INFO - [2026-07-29T17:06:27.770+0000] {dag.py:4138} INFO - Setting next_dagrun for read_dataset_event to 2026-07-28 00:00:00+00:00, run_after=2026-07-29 00:00:00+00:00
[2026-07-29T17:06:27.772+0000] {logging_mixin.py:190} INFO - [2026-07-29T17:06:27.772+0000] {dag.py:4138} INFO - Setting next_dagrun for read_dataset_event_from_classic to 2026-07-28 00:00:00+00:00, run_after=2026-07-29 00:00:00+00:00
[2026-07-29T17:06:27.866+0000] {processor.py:208} INFO - Processing /home/airflow/.local/lib/python3.12/site-packages/airflow/example_dags/example_inlet_event_extra.py took 0.175 seconds
[2026-07-29T17:06:58.004+0000] {processor.py:186} INFO - Started process (PID=9987) to work on /home/airflow/.local/lib/python3.12/site-packages/airflow/example_dags/example_inlet_event_extra.py
[2026-07-29T17:06:58.005+0000] {processor.py:914} INFO - Processing file /home/airflow/.local/lib/python3.12/site-packages/airflow/example_dags/example_inlet_event_extra.py for tasks to queue
[2026-07-29T17:06:58.008+0000] {logging_mixin.py:190} INFO - [2026-07-29T17:06:58.008+0000] {dagbag.py:587} INFO - Filling up the DagBag from /home/airflow/.local/lib/python3.12/site-packages/airflow/example_dags/example_inlet_event_extra.py
[2026-07-29T17:06:58.081+0000] {processor.py:925} INFO - DAG(s) 'read_dataset_event', 'read_dataset_event_from_classic' retrieved from /home/airflow/.local/lib/python3.12/site-packages/airflow/example_dags/example_inlet_event_extra.py
[2026-07-29T17:06:58.096+0000] {logging_mixin.py:190} INFO - [2026-07-29T17:06:58.096+0000] {dag.py:3211} INFO - Sync 2 DAGs
[2026-07-29T17:06:58.112+0000] {logging_mixin.py:190} INFO - [2026-07-29T17:06:58.112+0000] {dag.py:4138} INFO - Setting next_dagrun for read_dataset_event to 2026-07-28 00:00:00+00:00, run_after=2026-07-29 00:00:00+00:00
[2026-07-29T17:06:58.116+0000] {logging_mixin.py:190} INFO - [2026-07-29T17:06:58.116+0000] {dag.py:4138} INFO - Setting next_dagrun for read_dataset_event_from_classic to 2026-07-28 00:00:00+00:00, run_after=2026-07-29 00:00:00+00:00
[2026-07-29T17:06:58.126+0000] {processor.py:208} INFO - Processing /home/airflow/.local/lib/python3.12/site-packages/airflow/example_dags/example_inlet_event_extra.py took 0.125 seconds
[2026-07-29T17:07:28.264+0000] {processor.py:186} INFO - Started process (PID=10054) to work on /home/airflow/.local/lib/python3.12/site-packages/airflow/example_dags/example_inlet_event_extra.py
[2026-07-29T17:07:28.264+0000] {processor.py:914} INFO - Processing file /home/airflow/.local/lib/python3.12/site-packages/airflow/example_dags/example_inlet_event_extra.py for tasks to queue
[2026-07-29T17:07:28.265+0000] {logging_mixin.py:190} INFO - [2026-07-29T17:07:28.265+0000] {dagbag.py:587} INFO - Filling up the DagBag from /home/airflow/.local/lib/python3.12/site-packages/airflow/example_dags/example_inlet_event_extra.py
[2026-07-29T17:07:28.327+0000] {processor.py:925} INFO - DAG(s) 'read_dataset_event_from_classic', 'read_dataset_event' retrieved from /home/airflow/.local/lib/python3.12/site-packages/airflow/example_dags/example_inlet_event_extra.py
[2026-07-29T17:07:28.429+0000] {logging_mixin.py:190} INFO - [2026-07-29T17:07:28.429+0000] {dag.py:3211} INFO - Sync 2 DAGs
[2026-07-29T17:07:28.438+0000] {logging_mixin.py:190} INFO - [2026-07-29T17:07:28.438+0000] {dag.py:4138} INFO - Setting next_dagrun for read_dataset_event to 2026-07-28 00:00:00+00:00, run_after=2026-07-29 00:00:00+00:00
[2026-07-29T17:07:28.441+0000] {logging_mixin.py:190} INFO - [2026-07-29T17:07:28.441+0000] {dag.py:4138} INFO - Setting next_dagrun for read_dataset_event_from_classic to 2026-07-28 00:00:00+00:00, run_after=2026-07-29 00:00:00+00:00
[2026-07-29T17:07:28.448+0000] {processor.py:208} INFO - Processing /home/airflow/.local/lib/python3.12/site-packages/airflow/example_dags/example_inlet_event_extra.py took 0.187 seconds
[2026-07-29T17:07:58.569+0000] {processor.py:186} INFO - Started process (PID=10120) to work on /home/airflow/.local/lib/python3.12/site-packages/airflow/example_dags/example_inlet_event_extra.py
[2026-07-29T17:07:58.569+0000] {processor.py:914} INFO - Processing file /home/airflow/.local/lib/python3.12/site-packages/airflow/example_dags/example_inlet_event_extra.py for tasks to queue
[2026-07-29T17:07:58.571+0000] {logging_mixin.py:190} INFO - [2026-07-29T17:07:58.571+0000] {dagbag.py:587} INFO - Filling up the DagBag from /home/airflow/.local/lib/python3.12/site-packages/airflow/example_dags/example_inlet_event_extra.py
[2026-07-29T17:07:58.640+0000] {processor.py:925} INFO - DAG(s) 'read_dataset_event', 'read_dataset_event_from_classic' retrieved from /home/airflow/.local/lib/python3.12/site-packages/airflow/example_dags/example_inlet_event_extra.py
[2026-07-29T17:07:58.818+0000] {logging_mixin.py:190} INFO - [2026-07-29T17:07:58.818+0000] {dag.py:3211} INFO - Sync 2 DAGs
[2026-07-29T17:07:58.830+0000] {logging_mixin.py:190} INFO - [2026-07-29T17:07:58.830+0000] {dag.py:4138} INFO - Setting next_dagrun for read_dataset_event to 2026-07-28 00:00:00+00:00, run_after=2026-07-29 00:00:00+00:00
[2026-07-29T17:07:58.833+0000] {logging_mixin.py:190} INFO - [2026-07-29T17:07:58.833+0000] {dag.py:4138} INFO - Setting next_dagrun for read_dataset_event_from_classic to 2026-07-28 00:00:00+00:00, run_after=2026-07-29 00:00:00+00:00
[2026-07-29T17:07:58.844+0000] {processor.py:208} INFO - Processing /home/airflow/.local/lib/python3.12/site-packages/airflow/example_dags/example_inlet_event_extra.py took 0.278 seconds
[2026-07-29T17:08:29.039+0000] {processor.py:186} INFO - Started process (PID=10185) to work on /home/airflow/.local/lib/python3.12/site-packages/airflow/example_dags/example_inlet_event_extra.py
[2026-07-29T17:08:29.040+0000] {processor.py:914} INFO - Processing file /home/airflow/.local/lib/python3.12/site-packages/airflow/example_dags/example_inlet_event_extra.py for tasks to queue
[2026-07-29T17:08:29.041+0000] {logging_mixin.py:190} INFO - [2026-07-29T17:08:29.041+0000] {dagbag.py:587} INFO - Filling up the DagBag from /home/airflow/.local/lib/python3.12/site-packages/airflow/example_dags/example_inlet_event_extra.py
[2026-07-29T17:08:29.101+0000] {processor.py:925} INFO - DAG(s) 'read_dataset_event_from_classic', 'read_dataset_event' retrieved from /home/airflow/.local/lib/python3.12/site-packages/airflow/example_dags/example_inlet_event_extra.py
[2026-07-29T17:08:29.112+0000] {logging_mixin.py:190} INFO - [2026-07-29T17:08:29.111+0000] {dag.py:3211} INFO - Sync 2 DAGs
[2026-07-29T17:08:29.211+0000] {logging_mixin.py:190} INFO - [2026-07-29T17:08:29.211+0000] {dag.py:4138} INFO - Setting next_dagrun for read_dataset_event to 2026-07-28 00:00:00+00:00, run_after=2026-07-29 00:00:00+00:00
[2026-07-29T17:08:29.213+0000] {logging_mixin.py:190} INFO - [2026-07-29T17:08:29.213+0000] {dag.py:4138} INFO - Setting next_dagrun for read_dataset_event_from_classic to 2026-07-28 00:00:00+00:00, run_after=2026-07-29 00:00:00+00:00
[2026-07-29T17:08:29.222+0000] {processor.py:208} INFO - Processing /home/airflow/.local/lib/python3.12/site-packages/airflow/example_dags/example_inlet_event_extra.py took 0.185 seconds
[2026-07-29T17:09:00.085+0000] {processor.py:186} INFO - Started process (PID=10252) to work on /home/airflow/.local/lib/python3.12/site-packages/airflow/example_dags/example_inlet_event_extra.py
[2026-07-29T17:09:00.087+0000] {processor.py:914} INFO - Processing file /home/airflow/.local/lib/python3.12/site-packages/airflow/example_dags/example_inlet_event_extra.py for tasks to queue
[2026-07-29T17:09:00.088+0000] {logging_mixin.py:190} INFO - [2026-07-29T17:09:00.088+0000] {dagbag.py:587} INFO - Filling up the DagBag from /home/airflow/.local/lib/python3.12/site-packages/airflow/example_dags/example_inlet_event_extra.py
[2026-07-29T17:09:00.262+0000] {processor.py:925} INFO - DAG(s) 'read_dataset_event_from_classic', 'read_dataset_event' retrieved from /home/airflow/.local/lib/python3.12/site-packages/airflow/example_dags/example_inlet_event_extra.py
[2026-07-29T17:09:00.277+0000] {logging_mixin.py:190} INFO - [2026-07-29T17:09:00.276+0000] {dag.py:3211} INFO - Sync 2 DAGs
[2026-07-29T17:09:00.287+0000] {logging_mixin.py:190} INFO - [2026-07-29T17:09:00.287+0000] {dag.py:4138} INFO - Setting next_dagrun for read_dataset_event to 2026-07-28 00:00:00+00:00, run_after=2026-07-29 00:00:00+00:00
[2026-07-29T17:09:00.289+0000] {logging_mixin.py:190} INFO - [2026-07-29T17:09:00.289+0000] {dag.py:4138} INFO - Setting next_dagrun for read_dataset_event_from_classic to 2026-07-28 00:00:00+00:00, run_after=2026-07-29 00:00:00+00:00
[2026-07-29T17:09:00.296+0000] {processor.py:208} INFO - Processing /home/airflow/.local/lib/python3.12/site-packages/airflow/example_dags/example_inlet_event_extra.py took 0.214 seconds
[2026-07-29T17:09:30.691+0000] {processor.py:186} INFO - Started process (PID=10317) to work on /home/airflow/.local/lib/python3.12/site-packages/airflow/example_dags/example_inlet_event_extra.py
[2026-07-29T17:09:30.693+0000] {processor.py:914} INFO - Processing file /home/airflow/.local/lib/python3.12/site-packages/airflow/example_dags/example_inlet_event_extra.py for tasks to queue
[2026-07-29T17:09:30.694+0000] {logging_mixin.py:190} INFO - [2026-07-29T17:09:30.694+0000] {dagbag.py:587} INFO - Filling up the DagBag from /home/airflow/.local/lib/python3.12/site-packages/airflow/example_dags/example_inlet_event_extra.py
[2026-07-29T17:09:30.847+0000] {processor.py:925} INFO - DAG(s) 'read_dataset_event_from_classic', 'read_dataset_event' retrieved from /home/airflow/.local/lib/python3.12/site-packages/airflow/example_dags/example_inlet_event_extra.py
[2026-07-29T17:09:30.856+0000] {logging_mixin.py:190} INFO - [2026-07-29T17:09:30.855+0000] {dag.py:3211} INFO - Sync 2 DAGs
[2026-07-29T17:09:30.866+0000] {logging_mixin.py:190} INFO - [2026-07-29T17:09:30.866+0000] {dag.py:4138} INFO - Setting next_dagrun for read_dataset_event to 2026-07-28 00:00:00+00:00, run_after=2026-07-29 00:00:00+00:00
[2026-07-29T17:09:30.868+0000] {logging_mixin.py:190} INFO - [2026-07-29T17:09:30.868+0000] {dag.py:4138} INFO - Setting next_dagrun for read_dataset_event_from_classic to 2026-07-28 00:00:00+00:00, run_after=2026-07-29 00:00:00+00:00
[2026-07-29T17:09:30.878+0000] {processor.py:208} INFO - Processing /home/airflow/.local/lib/python3.12/site-packages/airflow/example_dags/example_inlet_event_extra.py took 0.190 seconds
[2026-07-29T17:10:01.273+0000] {processor.py:186} INFO - Started process (PID=10383) to work on /home/airflow/.local/lib/python3.12/site-packages/airflow/example_dags/example_inlet_event_extra.py
[2026-07-29T17:10:01.274+0000] {processor.py:914} INFO - Processing file /home/airflow/.local/lib/python3.12/site-packages/airflow/example_dags/example_inlet_event_extra.py for tasks to queue
[2026-07-29T17:10:01.275+0000] {logging_mixin.py:190} INFO - [2026-07-29T17:10:01.275+0000] {dagbag.py:587} INFO - Filling up the DagBag from /home/airflow/.local/lib/python3.12/site-packages/airflow/example_dags/example_inlet_event_extra.py
[2026-07-29T17:10:01.417+0000] {processor.py:925} INFO - DAG(s) 'read_dataset_event', 'read_dataset_event_from_classic' retrieved from /home/airflow/.local/lib/python3.12/site-packages/airflow/example_dags/example_inlet_event_extra.py
[2026-07-29T17:10:01.426+0000] {logging_mixin.py:190} INFO - [2026-07-29T17:10:01.426+0000] {dag.py:3211} INFO - Sync 2 DAGs
[2026-07-29T17:10:01.434+0000] {logging_mixin.py:190} INFO - [2026-07-29T17:10:01.434+0000] {dag.py:4138} INFO - Setting next_dagrun for read_dataset_event to 2026-07-28 00:00:00+00:00, run_after=2026-07-29 00:00:00+00:00
[2026-07-29T17:10:01.436+0000] {logging_mixin.py:190} INFO - [2026-07-29T17:10:01.436+0000] {dag.py:4138} INFO - Setting next_dagrun for read_dataset_event_from_classic to 2026-07-28 00:00:00+00:00, run_after=2026-07-29 00:00:00+00:00
[2026-07-29T17:10:01.443+0000] {processor.py:208} INFO - Processing /home/airflow/.local/lib/python3.12/site-packages/airflow/example_dags/example_inlet_event_extra.py took 0.173 seconds
[2026-07-29T17:10:33.168+0000] {processor.py:186} INFO - Started process (PID=10449) to work on /home/airflow/.local/lib/python3.12/site-packages/airflow/example_dags/example_inlet_event_extra.py
[2026-07-29T17:10:33.169+0000] {processor.py:914} INFO - Processing file /home/airflow/.local/lib/python3.12/site-packages/airflow/example_dags/example_inlet_event_extra.py for tasks to queue
[2026-07-29T17:10:33.170+0000] {logging_mixin.py:190} INFO - [2026-07-29T17:10:33.170+0000] {dagbag.py:587} INFO - Filling up the DagBag from /home/airflow/.local/lib/python3.12/site-packages/airflow/example_dags/example_inlet_event_extra.py
[2026-07-29T17:10:33.310+0000] {processor.py:925} INFO - DAG(s) 'read_dataset_event', 'read_dataset_event_from_classic' retrieved from /home/airflow/.local/lib/python3.12/site-packages/airflow/example_dags/example_inlet_event_extra.py
[2026-07-29T17:10:33.326+0000] {logging_mixin.py:190} INFO - [2026-07-29T17:10:33.326+0000] {dag.py:3211} INFO - Sync 2 DAGs
[2026-07-29T17:10:33.333+0000] {logging_mixin.py:190} INFO - [2026-07-29T17:10:33.333+0000] {dag.py:4138} INFO - Setting next_dagrun for read_dataset_event to 2026-07-28 00:00:00+00:00, run_after=2026-07-29 00:00:00+00:00
[2026-07-29T17:10:33.335+0000] {logging_mixin.py:190} INFO - [2026-07-29T17:10:33.335+0000] {dag.py:4138} INFO - Setting next_dagrun for read_dataset_event_from_classic to 2026-07-28 00:00:00+00:00, run_after=2026-07-29 00:00:00+00:00
[2026-07-29T17:10:33.340+0000] {processor.py:208} INFO - Processing /home/airflow/.local/lib/python3.12/site-packages/airflow/example_dags/example_inlet_event_extra.py took 0.175 seconds
[2026-07-29T17:11:04.029+0000] {processor.py:186} INFO - Started process (PID=10515) to work on /home/airflow/.local/lib/python3.12/site-packages/airflow/example_dags/example_inlet_event_extra.py
[2026-07-29T17:11:04.030+0000] {processor.py:914} INFO - Processing file /home/airflow/.local/lib/python3.12/site-packages/airflow/example_dags/example_inlet_event_extra.py for tasks to queue
[2026-07-29T17:11:04.031+0000] {logging_mixin.py:190} INFO - [2026-07-29T17:11:04.031+0000] {dagbag.py:587} INFO - Filling up the DagBag from /home/airflow/.local/lib/python3.12/site-packages/airflow/example_dags/example_inlet_event_extra.py
[2026-07-29T17:11:04.171+0000] {processor.py:925} INFO - DAG(s) 'read_dataset_event', 'read_dataset_event_from_classic' retrieved from /home/airflow/.local/lib/python3.12/site-packages/airflow/example_dags/example_inlet_event_extra.py
[2026-07-29T17:11:04.182+0000] {logging_mixin.py:190} INFO - [2026-07-29T17:11:04.182+0000] {dag.py:3211} INFO - Sync 2 DAGs
[2026-07-29T17:11:04.190+0000] {logging_mixin.py:190} INFO - [2026-07-29T17:11:04.190+0000] {dag.py:4138} INFO - Setting next_dagrun for read_dataset_event to 2026-07-28 00:00:00+00:00, run_after=2026-07-29 00:00:00+00:00
[2026-07-29T17:11:04.192+0000] {logging_mixin.py:190} INFO - [2026-07-29T17:11:04.192+0000] {dag.py:4138} INFO - Setting next_dagrun for read_dataset_event_from_classic to 2026-07-28 00:00:00+00:00, run_after=2026-07-29 00:00:00+00:00
[2026-07-29T17:11:04.197+0000] {processor.py:208} INFO - Processing /home/airflow/.local/lib/python3.12/site-packages/airflow/example_dags/example_inlet_event_extra.py took 0.170 seconds
[2026-07-29T17:11:34.432+0000] {processor.py:186} INFO - Started process (PID=10581) to work on /home/airflow/.local/lib/python3.12/site-packages/airflow/example_dags/example_inlet_event_extra.py
[2026-07-29T17:11:34.433+0000] {processor.py:914} INFO - Processing file /home/airflow/.local/lib/python3.12/site-packages/airflow/example_dags/example_inlet_event_extra.py for tasks to queue
[2026-07-29T17:11:34.435+0000] {logging_mixin.py:190} INFO - [2026-07-29T17:11:34.434+0000] {dagbag.py:587} INFO - Filling up the DagBag from /home/airflow/.local/lib/python3.12/site-packages/airflow/example_dags/example_inlet_event_extra.py
[2026-07-29T17:11:34.499+0000] {processor.py:925} INFO - DAG(s) 'read_dataset_event_from_classic', 'read_dataset_event' retrieved from /home/airflow/.local/lib/python3.12/site-packages/airflow/example_dags/example_inlet_event_extra.py
[2026-07-29T17:11:34.510+0000] {logging_mixin.py:190} INFO - [2026-07-29T17:11:34.510+0000] {dag.py:3211} INFO - Sync 2 DAGs
[2026-07-29T17:11:34.521+0000] {logging_mixin.py:190} INFO - [2026-07-29T17:11:34.521+0000] {dag.py:4138} INFO - Setting next_dagrun for read_dataset_event to 2026-07-28 00:00:00+00:00, run_after=2026-07-29 00:00:00+00:00
[2026-07-29T17:11:34.523+0000] {logging_mixin.py:190} INFO - [2026-07-29T17:11:34.523+0000] {dag.py:4138} INFO - Setting next_dagrun for read_dataset_event_from_classic to 2026-07-28 00:00:00+00:00, run_after=2026-07-29 00:00:00+00:00
[2026-07-29T17:11:34.534+0000] {processor.py:208} INFO - Processing /home/airflow/.local/lib/python3.12/site-packages/airflow/example_dags/example_inlet_event_extra.py took 0.105 seconds
[2026-07-29T17:12:05.387+0000] {processor.py:186} INFO - Started process (PID=10647) to work on /home/airflow/.local/lib/python3.12/site-packages/airflow/example_dags/example_inlet_event_extra.py
[2026-07-29T17:12:05.389+0000] {processor.py:914} INFO - Processing file /home/airflow/.local/lib/python3.12/site-packages/airflow/example_dags/example_inlet_event_extra.py for tasks to queue
[2026-07-29T17:12:05.390+0000] {logging_mixin.py:190} INFO - [2026-07-29T17:12:05.390+0000] {dagbag.py:587} INFO - Filling up the DagBag from /home/airflow/.local/lib/python3.12/site-packages/airflow/example_dags/example_inlet_event_extra.py
[2026-07-29T17:12:05.447+0000] {processor.py:925} INFO - DAG(s) 'read_dataset_event', 'read_dataset_event_from_classic' retrieved from /home/airflow/.local/lib/python3.12/site-packages/airflow/example_dags/example_inlet_event_extra.py
[2026-07-29T17:12:05.456+0000] {logging_mixin.py:190} INFO - [2026-07-29T17:12:05.456+0000] {dag.py:3211} INFO - Sync 2 DAGs
[2026-07-29T17:12:05.465+0000] {logging_mixin.py:190} INFO - [2026-07-29T17:12:05.465+0000] {dag.py:4138} INFO - Setting next_dagrun for read_dataset_event to 2026-07-28 00:00:00+00:00, run_after=2026-07-29 00:00:00+00:00
[2026-07-29T17:12:05.467+0000] {logging_mixin.py:190} INFO - [2026-07-29T17:12:05.467+0000] {dag.py:4138} INFO - Setting next_dagrun for read_dataset_event_from_classic to 2026-07-28 00:00:00+00:00, run_after=2026-07-29 00:00:00+00:00
[2026-07-29T17:12:05.478+0000] {processor.py:208} INFO - Processing /home/airflow/.local/lib/python3.12/site-packages/airflow/example_dags/example_inlet_event_extra.py took 0.093 seconds
[2026-07-29T17:12:35.557+0000] {processor.py:186} INFO - Started process (PID=10713) to work on /home/airflow/.local/lib/python3.12/site-packages/airflow/example_dags/example_inlet_event_extra.py
[2026-07-29T17:12:35.558+0000] {processor.py:914} INFO - Processing file /home/airflow/.local/lib/python3.12/site-packages/airflow/example_dags/example_inlet_event_extra.py for tasks to queue
[2026-07-29T17:12:35.561+0000] {logging_mixin.py:190} INFO - [2026-07-29T17:12:35.561+0000] {dagbag.py:587} INFO - Filling up the DagBag from /home/airflow/.local/lib/python3.12/site-packages/airflow/example_dags/example_inlet_event_extra.py
[2026-07-29T17:12:35.619+0000] {processor.py:925} INFO - DAG(s) 'read_dataset_event', 'read_dataset_event_from_classic' retrieved from /home/airflow/.local/lib/python3.12/site-packages/airflow/example_dags/example_inlet_event_extra.py
[2026-07-29T17:12:35.630+0000] {logging_mixin.py:190} INFO - [2026-07-29T17:12:35.630+0000] {dag.py:3211} INFO - Sync 2 DAGs
[2026-07-29T17:12:35.641+0000] {logging_mixin.py:190} INFO - [2026-07-29T17:12:35.640+0000] {dag.py:4138} INFO - Setting next_dagrun for read_dataset_event to 2026-07-28 00:00:00+00:00, run_after=2026-07-29 00:00:00+00:00
[2026-07-29T17:12:35.644+0000] {logging_mixin.py:190} INFO - [2026-07-29T17:12:35.644+0000] {dag.py:4138} INFO - Setting next_dagrun for read_dataset_event_from_classic to 2026-07-28 00:00:00+00:00, run_after=2026-07-29 00:00:00+00:00
[2026-07-29T17:12:35.653+0000] {processor.py:208} INFO - Processing /home/airflow/.local/lib/python3.12/site-packages/airflow/example_dags/example_inlet_event_extra.py took 0.098 seconds
[2026-07-29T17:13:06.465+0000] {processor.py:186} INFO - Started process (PID=10779) to work on /home/airflow/.local/lib/python3.12/site-packages/airflow/example_dags/example_inlet_event_extra.py
[2026-07-29T17:13:06.466+0000] {processor.py:914} INFO - Processing file /home/airflow/.local/lib/python3.12/site-packages/airflow/example_dags/example_inlet_event_extra.py for tasks to queue
[2026-07-29T17:13:06.467+0000] {logging_mixin.py:190} INFO - [2026-07-29T17:13:06.467+0000] {dagbag.py:587} INFO - Filling up the DagBag from /home/airflow/.local/lib/python3.12/site-packages/airflow/example_dags/example_inlet_event_extra.py
[2026-07-29T17:13:06.526+0000] {processor.py:925} INFO - DAG(s) 'read_dataset_event_from_classic', 'read_dataset_event' retrieved from /home/airflow/.local/lib/python3.12/site-packages/airflow/example_dags/example_inlet_event_extra.py
[2026-07-29T17:13:06.535+0000] {logging_mixin.py:190} INFO - [2026-07-29T17:13:06.535+0000] {dag.py:3211} INFO - Sync 2 DAGs
[2026-07-29T17:13:06.546+0000] {logging_mixin.py:190} INFO - [2026-07-29T17:13:06.546+0000] {dag.py:4138} INFO - Setting next_dagrun for read_dataset_event to 2026-07-28 00:00:00+00:00, run_after=2026-07-29 00:00:00+00:00
[2026-07-29T17:13:06.548+0000] {logging_mixin.py:190} INFO - [2026-07-29T17:13:06.548+0000] {dag.py:4138} INFO - Setting next_dagrun for read_dataset_event_from_classic to 2026-07-28 00:00:00+00:00, run_after=2026-07-29 00:00:00+00:00
[2026-07-29T17:13:06.553+0000] {processor.py:208} INFO - Processing /home/airflow/.local/lib/python3.12/site-packages/airflow/example_dags/example_inlet_event_extra.py took 0.091 seconds
[2026-07-29T17:13:36.600+0000] {processor.py:186} INFO - Started process (PID=10845) to work on /home/airflow/.local/lib/python3.12/site-packages/airflow/example_dags/example_inlet_event_extra.py
[2026-07-29T17:13:36.600+0000] {processor.py:914} INFO - Processing file /home/airflow/.local/lib/python3.12/site-packages/airflow/example_dags/example_inlet_event_extra.py for tasks to queue
[2026-07-29T17:13:36.601+0000] {logging_mixin.py:190} INFO - [2026-07-29T17:13:36.601+0000] {dagbag.py:587} INFO - Filling up the DagBag from /home/airflow/.local/lib/python3.12/site-packages/airflow/example_dags/example_inlet_event_extra.py
[2026-07-29T17:13:36.661+0000] {processor.py:925} INFO - DAG(s) 'read_dataset_event_from_classic', 'read_dataset_event' retrieved from /home/airflow/.local/lib/python3.12/site-packages/airflow/example_dags/example_inlet_event_extra.py
[2026-07-29T17:13:36.678+0000] {logging_mixin.py:190} INFO - [2026-07-29T17:13:36.678+0000] {dag.py:3211} INFO - Sync 2 DAGs
[2026-07-29T17:13:36.687+0000] {logging_mixin.py:190} INFO - [2026-07-29T17:13:36.686+0000] {dag.py:4138} INFO - Setting next_dagrun for read_dataset_event to 2026-07-28 00:00:00+00:00, run_after=2026-07-29 00:00:00+00:00
[2026-07-29T17:13:36.689+0000] {logging_mixin.py:190} INFO - [2026-07-29T17:13:36.689+0000] {dag.py:4138} INFO - Setting next_dagrun for read_dataset_event_from_classic to 2026-07-28 00:00:00+00:00, run_after=2026-07-29 00:00:00+00:00
[2026-07-29T17:13:36.694+0000] {processor.py:208} INFO - Processing /home/airflow/.local/lib/python3.12/site-packages/airflow/example_dags/example_inlet_event_extra.py took 0.096 seconds
[2026-07-29T17:14:07.014+0000] {processor.py:186} INFO - Started process (PID=10911) to work on /home/airflow/.local/lib/python3.12/site-packages/airflow/example_dags/example_inlet_event_extra.py
[2026-07-29T17:14:07.015+0000] {processor.py:914} INFO - Processing file /home/airflow/.local/lib/python3.12/site-packages/airflow/example_dags/example_inlet_event_extra.py for tasks to queue
[2026-07-29T17:14:07.016+0000] {logging_mixin.py:190} INFO - [2026-07-29T17:14:07.016+0000] {dagbag.py:587} INFO - Filling up the DagBag from /home/airflow/.local/lib/python3.12/site-packages/airflow/example_dags/example_inlet_event_extra.py
[2026-07-29T17:14:07.079+0000] {processor.py:925} INFO - DAG(s) 'read_dataset_event', 'read_dataset_event_from_classic' retrieved from /home/airflow/.local/lib/python3.12/site-packages/airflow/example_dags/example_inlet_event_extra.py
[2026-07-29T17:14:07.091+0000] {logging_mixin.py:190} INFO - [2026-07-29T17:14:07.091+0000] {dag.py:3211} INFO - Sync 2 DAGs
[2026-07-29T17:14:07.102+0000] {logging_mixin.py:190} INFO - [2026-07-29T17:14:07.102+0000] {dag.py:4138} INFO - Setting next_dagrun for read_dataset_event to 2026-07-28 00:00:00+00:00, run_after=2026-07-29 00:00:00+00:00
[2026-07-29T17:14:07.105+0000] {logging_mixin.py:190} INFO - [2026-07-29T17:14:07.105+0000] {dag.py:4138} INFO - Setting next_dagrun for read_dataset_event_from_classic to 2026-07-28 00:00:00+00:00, run_after=2026-07-29 00:00:00+00:00
[2026-07-29T17:14:07.111+0000] {processor.py:208} INFO - Processing /home/airflow/.local/lib/python3.12/site-packages/airflow/example_dags/example_inlet_event_extra.py took 0.099 seconds
[2026-07-29T17:14:37.918+0000] {processor.py:186} INFO - Started process (PID=10977) to work on /home/airflow/.local/lib/python3.12/site-packages/airflow/example_dags/example_inlet_event_extra.py
[2026-07-29T17:14:37.919+0000] {processor.py:914} INFO - Processing file /home/airflow/.local/lib/python3.12/site-packages/airflow/example_dags/example_inlet_event_extra.py for tasks to queue
[2026-07-29T17:14:37.920+0000] {logging_mixin.py:190} INFO - [2026-07-29T17:14:37.920+0000] {dagbag.py:587} INFO - Filling up the DagBag from /home/airflow/.local/lib/python3.12/site-packages/airflow/example_dags/example_inlet_event_extra.py
[2026-07-29T17:14:37.980+0000] {processor.py:925} INFO - DAG(s) 'read_dataset_event_from_classic', 'read_dataset_event' retrieved from /home/airflow/.local/lib/python3.12/site-packages/airflow/example_dags/example_inlet_event_extra.py
[2026-07-29T17:14:37.990+0000] {logging_mixin.py:190} INFO - [2026-07-29T17:14:37.990+0000] {dag.py:3211} INFO - Sync 2 DAGs
[2026-07-29T17:14:38.000+0000] {logging_mixin.py:190} INFO - [2026-07-29T17:14:37.999+0000] {dag.py:4138} INFO - Setting next_dagrun for read_dataset_event to 2026-07-28 00:00:00+00:00, run_after=2026-07-29 00:00:00+00:00
[2026-07-29T17:14:38.001+0000] {logging_mixin.py:190} INFO - [2026-07-29T17:14:38.001+0000] {dag.py:4138} INFO - Setting next_dagrun for read_dataset_event_from_classic to 2026-07-28 00:00:00+00:00, run_after=2026-07-29 00:00:00+00:00
[2026-07-29T17:14:38.007+0000] {processor.py:208} INFO - Processing /home/airflow/.local/lib/python3.12/site-packages/airflow/example_dags/example_inlet_event_extra.py took 0.092 seconds
[2026-07-29T17:15:08.037+0000] {processor.py:186} INFO - Started process (PID=11043) to work on /home/airflow/.local/lib/python3.12/site-packages/airflow/example_dags/example_inlet_event_extra.py
[2026-07-29T17:15:08.037+0000] {processor.py:914} INFO - Processing file /home/airflow/.local/lib/python3.12/site-packages/airflow/example_dags/example_inlet_event_extra.py for tasks to queue
[2026-07-29T17:15:08.038+0000] {logging_mixin.py:190} INFO - [2026-07-29T17:15:08.038+0000] {dagbag.py:587} INFO - Filling up the DagBag from /home/airflow/.local/lib/python3.12/site-packages/airflow/example_dags/example_inlet_event_extra.py
[2026-07-29T17:15:08.097+0000] {processor.py:925} INFO - DAG(s) 'read_dataset_event_from_classic', 'read_dataset_event' retrieved from /home/airflow/.local/lib/python3.12/site-packages/airflow/example_dags/example_inlet_event_extra.py
[2026-07-29T17:15:08.111+0000] {logging_mixin.py:190} INFO - [2026-07-29T17:15:08.111+0000] {dag.py:3211} INFO - Sync 2 DAGs
[2026-07-29T17:15:08.120+0000] {logging_mixin.py:190} INFO - [2026-07-29T17:15:08.120+0000] {dag.py:4138} INFO - Setting next_dagrun for read_dataset_event to 2026-07-28 00:00:00+00:00, run_after=2026-07-29 00:00:00+00:00
[2026-07-29T17:15:08.122+0000] {logging_mixin.py:190} INFO - [2026-07-29T17:15:08.122+0000] {dag.py:4138} INFO - Setting next_dagrun for read_dataset_event_from_classic to 2026-07-28 00:00:00+00:00, run_after=2026-07-29 00:00:00+00:00
[2026-07-29T17:15:08.130+0000] {processor.py:208} INFO - Processing /home/airflow/.local/lib/python3.12/site-packages/airflow/example_dags/example_inlet_event_extra.py took 0.096 seconds
[2026-07-29T17:15:38.269+0000] {processor.py:186} INFO - Started process (PID=11109) to work on /home/airflow/.local/lib/python3.12/site-packages/airflow/example_dags/example_inlet_event_extra.py
[2026-07-29T17:15:38.270+0000] {processor.py:914} INFO - Processing file /home/airflow/.local/lib/python3.12/site-packages/airflow/example_dags/example_inlet_event_extra.py for tasks to queue
[2026-07-29T17:15:38.271+0000] {logging_mixin.py:190} INFO - [2026-07-29T17:15:38.271+0000] {dagbag.py:587} INFO - Filling up the DagBag from /home/airflow/.local/lib/python3.12/site-packages/airflow/example_dags/example_inlet_event_extra.py
[2026-07-29T17:15:38.328+0000] {processor.py:925} INFO - DAG(s) 'read_dataset_event_from_classic', 'read_dataset_event' retrieved from /home/airflow/.local/lib/python3.12/site-packages/airflow/example_dags/example_inlet_event_extra.py
[2026-07-29T17:15:38.342+0000] {logging_mixin.py:190} INFO - [2026-07-29T17:15:38.342+0000] {dag.py:3211} INFO - Sync 2 DAGs
[2026-07-29T17:15:38.351+0000] {logging_mixin.py:190} INFO - [2026-07-29T17:15:38.351+0000] {dag.py:4138} INFO - Setting next_dagrun for read_dataset_event to 2026-07-28 00:00:00+00:00, run_after=2026-07-29 00:00:00+00:00
[2026-07-29T17:15:38.353+0000] {logging_mixin.py:190} INFO - [2026-07-29T17:15:38.353+0000] {dag.py:4138} INFO - Setting next_dagrun for read_dataset_event_from_classic to 2026-07-28 00:00:00+00:00, run_after=2026-07-29 00:00:00+00:00
[2026-07-29T17:15:38.362+0000] {processor.py:208} INFO - Processing /home/airflow/.local/lib/python3.12/site-packages/airflow/example_dags/example_inlet_event_extra.py took 0.096 seconds
[2026-07-29T17:16:09.325+0000] {processor.py:186} INFO - Started process (PID=11175) to work on /home/airflow/.local/lib/python3.12/site-packages/airflow/example_dags/example_inlet_event_extra.py
[2026-07-29T17:16:09.326+0000] {processor.py:914} INFO - Processing file /home/airflow/.local/lib/python3.12/site-packages/airflow/example_dags/example_inlet_event_extra.py for tasks to queue
[2026-07-29T17:16:09.328+0000] {logging_mixin.py:190} INFO - [2026-07-29T17:16:09.328+0000] {dagbag.py:587} INFO - Filling up the DagBag from /home/airflow/.local/lib/python3.12/site-packages/airflow/example_dags/example_inlet_event_extra.py
[2026-07-29T17:16:09.384+0000] {processor.py:925} INFO - DAG(s) 'read_dataset_event_from_classic', 'read_dataset_event' retrieved from /home/airflow/.local/lib/python3.12/site-packages/airflow/example_dags/example_inlet_event_extra.py
[2026-07-29T17:16:09.393+0000] {logging_mixin.py:190} INFO - [2026-07-29T17:16:09.393+0000] {dag.py:3211} INFO - Sync 2 DAGs
[2026-07-29T17:16:09.405+0000] {logging_mixin.py:190} INFO - [2026-07-29T17:16:09.405+0000] {dag.py:4138} INFO - Setting next_dagrun for read_dataset_event to 2026-07-28 00:00:00+00:00, run_after=2026-07-29 00:00:00+00:00
[2026-07-29T17:16:09.407+0000] {logging_mixin.py:190} INFO - [2026-07-29T17:16:09.407+0000] {dag.py:4138} INFO - Setting next_dagrun for read_dataset_event_from_classic to 2026-07-28 00:00:00+00:00, run_after=2026-07-29 00:00:00+00:00
[2026-07-29T17:16:09.419+0000] {processor.py:208} INFO - Processing /home/airflow/.local/lib/python3.12/site-packages/airflow/example_dags/example_inlet_event_extra.py took 0.097 seconds
[2026-07-29T17:16:39.488+0000] {processor.py:186} INFO - Started process (PID=11241) to work on /home/airflow/.local/lib/python3.12/site-packages/airflow/example_dags/example_inlet_event_extra.py
[2026-07-29T17:16:39.489+0000] {processor.py:914} INFO - Processing file /home/airflow/.local/lib/python3.12/site-packages/airflow/example_dags/example_inlet_event_extra.py for tasks to queue
[2026-07-29T17:16:39.490+0000] {logging_mixin.py:190} INFO - [2026-07-29T17:16:39.490+0000] {dagbag.py:587} INFO - Filling up the DagBag from /home/airflow/.local/lib/python3.12/site-packages/airflow/example_dags/example_inlet_event_extra.py
[2026-07-29T17:16:39.551+0000] {processor.py:925} INFO - DAG(s) 'read_dataset_event', 'read_dataset_event_from_classic' retrieved from /home/airflow/.local/lib/python3.12/site-packages/airflow/example_dags/example_inlet_event_extra.py
[2026-07-29T17:16:39.565+0000] {logging_mixin.py:190} INFO - [2026-07-29T17:16:39.565+0000] {dag.py:3211} INFO - Sync 2 DAGs
[2026-07-29T17:16:39.579+0000] {logging_mixin.py:190} INFO - [2026-07-29T17:16:39.579+0000] {dag.py:4138} INFO - Setting next_dagrun for read_dataset_event to 2026-07-28 00:00:00+00:00, run_after=2026-07-29 00:00:00+00:00
[2026-07-29T17:16:39.582+0000] {logging_mixin.py:190} INFO - [2026-07-29T17:16:39.582+0000] {dag.py:4138} INFO - Setting next_dagrun for read_dataset_event_from_classic to 2026-07-28 00:00:00+00:00, run_after=2026-07-29 00:00:00+00:00
[2026-07-29T17:16:39.591+0000] {processor.py:208} INFO - Processing /home/airflow/.local/lib/python3.12/site-packages/airflow/example_dags/example_inlet_event_extra.py took 0.106 seconds
[2026-07-29T17:17:10.546+0000] {processor.py:186} INFO - Started process (PID=11307) to work on /home/airflow/.local/lib/python3.12/site-packages/airflow/example_dags/example_inlet_event_extra.py
[2026-07-29T17:17:10.549+0000] {processor.py:914} INFO - Processing file /home/airflow/.local/lib/python3.12/site-packages/airflow/example_dags/example_inlet_event_extra.py for tasks to queue
[2026-07-29T17:17:10.550+0000] {logging_mixin.py:190} INFO - [2026-07-29T17:17:10.549+0000] {dagbag.py:587} INFO - Filling up the DagBag from /home/airflow/.local/lib/python3.12/site-packages/airflow/example_dags/example_inlet_event_extra.py
[2026-07-29T17:17:10.609+0000] {processor.py:925} INFO - DAG(s) 'read_dataset_event_from_classic', 'read_dataset_event' retrieved from /home/airflow/.local/lib/python3.12/site-packages/airflow/example_dags/example_inlet_event_extra.py
[2026-07-29T17:17:10.618+0000] {logging_mixin.py:190} INFO - [2026-07-29T17:17:10.618+0000] {dag.py:3211} INFO - Sync 2 DAGs
[2026-07-29T17:17:10.628+0000] {logging_mixin.py:190} INFO - [2026-07-29T17:17:10.628+0000] {dag.py:4138} INFO - Setting next_dagrun for read_dataset_event to 2026-07-28 00:00:00+00:00, run_after=2026-07-29 00:00:00+00:00
[2026-07-29T17:17:10.631+0000] {logging_mixin.py:190} INFO - [2026-07-29T17:17:10.631+0000] {dag.py:4138} INFO - Setting next_dagrun for read_dataset_event_from_classic to 2026-07-28 00:00:00+00:00, run_after=2026-07-29 00:00:00+00:00
[2026-07-29T17:17:10.636+0000] {processor.py:208} INFO - Processing /home/airflow/.local/lib/python3.12/site-packages/airflow/example_dags/example_inlet_event_extra.py took 0.093 seconds
[2026-07-29T17:17:40.680+0000] {processor.py:186} INFO - Started process (PID=11373) to work on /home/airflow/.local/lib/python3.12/site-packages/airflow/example_dags/example_inlet_event_extra.py
[2026-07-29T17:17:40.682+0000] {processor.py:914} INFO - Processing file /home/airflow/.local/lib/python3.12/site-packages/airflow/example_dags/example_inlet_event_extra.py for tasks to queue
[2026-07-29T17:17:40.684+0000] {logging_mixin.py:190} INFO - [2026-07-29T17:17:40.684+0000] {dagbag.py:587} INFO - Filling up the DagBag from /home/airflow/.local/lib/python3.12/site-packages/airflow/example_dags/example_inlet_event_extra.py
[2026-07-29T17:17:40.758+0000] {processor.py:925} INFO - DAG(s) 'read_dataset_event_from_classic', 'read_dataset_event' retrieved from /home/airflow/.local/lib/python3.12/site-packages/airflow/example_dags/example_inlet_event_extra.py
[2026-07-29T17:17:40.768+0000] {logging_mixin.py:190} INFO - [2026-07-29T17:17:40.768+0000] {dag.py:3211} INFO - Sync 2 DAGs
[2026-07-29T17:17:40.776+0000] {logging_mixin.py:190} INFO - [2026-07-29T17:17:40.776+0000] {dag.py:4138} INFO - Setting next_dagrun for read_dataset_event to 2026-07-28 00:00:00+00:00, run_after=2026-07-29 00:00:00+00:00
[2026-07-29T17:17:40.779+0000] {logging_mixin.py:190} INFO - [2026-07-29T17:17:40.779+0000] {dag.py:4138} INFO - Setting next_dagrun for read_dataset_event_from_classic to 2026-07-28 00:00:00+00:00, run_after=2026-07-29 00:00:00+00:00
[2026-07-29T17:17:40.787+0000] {processor.py:208} INFO - Processing /home/airflow/.local/lib/python3.12/site-packages/airflow/example_dags/example_inlet_event_extra.py took 0.110 seconds
[2026-07-29T17:18:10.840+0000] {processor.py:186} INFO - Started process (PID=11440) to work on /home/airflow/.local/lib/python3.12/site-packages/airflow/example_dags/example_inlet_event_extra.py
[2026-07-29T17:18:10.840+0000] {processor.py:914} INFO - Processing file /home/airflow/.local/lib/python3.12/site-packages/airflow/example_dags/example_inlet_event_extra.py for tasks to queue
[2026-07-29T17:18:10.842+0000] {logging_mixin.py:190} INFO - [2026-07-29T17:18:10.842+0000] {dagbag.py:587} INFO - Filling up the DagBag from /home/airflow/.local/lib/python3.12/site-packages/airflow/example_dags/example_inlet_event_extra.py
[2026-07-29T17:18:10.904+0000] {processor.py:925} INFO - DAG(s) 'read_dataset_event_from_classic', 'read_dataset_event' retrieved from /home/airflow/.local/lib/python3.12/site-packages/airflow/example_dags/example_inlet_event_extra.py
[2026-07-29T17:18:10.920+0000] {logging_mixin.py:190} INFO - [2026-07-29T17:18:10.920+0000] {dag.py:3211} INFO - Sync 2 DAGs
[2026-07-29T17:18:10.931+0000] {logging_mixin.py:190} INFO - [2026-07-29T17:18:10.931+0000] {dag.py:4138} INFO - Setting next_dagrun for read_dataset_event to 2026-07-28 00:00:00+00:00, run_after=2026-07-29 00:00:00+00:00
[2026-07-29T17:18:10.932+0000] {logging_mixin.py:190} INFO - [2026-07-29T17:18:10.932+0000] {dag.py:4138} INFO - Setting next_dagrun for read_dataset_event_from_classic to 2026-07-28 00:00:00+00:00, run_after=2026-07-29 00:00:00+00:00
[2026-07-29T17:18:10.939+0000] {processor.py:208} INFO - Processing /home/airflow/.local/lib/python3.12/site-packages/airflow/example_dags/example_inlet_event_extra.py took 0.103 seconds
[2026-07-29T17:18:41.191+0000] {processor.py:186} INFO - Started process (PID=11505) to work on /home/airflow/.local/lib/python3.12/site-packages/airflow/example_dags/example_inlet_event_extra.py
[2026-07-29T17:18:41.192+0000] {processor.py:914} INFO - Processing file /home/airflow/.local/lib/python3.12/site-packages/airflow/example_dags/example_inlet_event_extra.py for tasks to queue
[2026-07-29T17:18:41.194+0000] {logging_mixin.py:190} INFO - [2026-07-29T17:18:41.194+0000] {dagbag.py:587} INFO - Filling up the DagBag from /home/airflow/.local/lib/python3.12/site-packages/airflow/example_dags/example_inlet_event_extra.py
[2026-07-29T17:18:41.285+0000] {processor.py:925} INFO - DAG(s) 'read_dataset_event', 'read_dataset_event_from_classic' retrieved from /home/airflow/.local/lib/python3.12/site-packages/airflow/example_dags/example_inlet_event_extra.py
[2026-07-29T17:18:41.299+0000] {logging_mixin.py:190} INFO - [2026-07-29T17:18:41.299+0000] {dag.py:3211} INFO - Sync 2 DAGs
[2026-07-29T17:18:41.311+0000] {logging_mixin.py:190} INFO - [2026-07-29T17:18:41.311+0000] {dag.py:4138} INFO - Setting next_dagrun for read_dataset_event to 2026-07-28 00:00:00+00:00, run_after=2026-07-29 00:00:00+00:00
[2026-07-29T17:18:41.313+0000] {logging_mixin.py:190} INFO - [2026-07-29T17:18:41.313+0000] {dag.py:4138} INFO - Setting next_dagrun for read_dataset_event_from_classic to 2026-07-28 00:00:00+00:00, run_after=2026-07-29 00:00:00+00:00
[2026-07-29T17:18:41.322+0000] {processor.py:208} INFO - Processing /home/airflow/.local/lib/python3.12/site-packages/airflow/example_dags/example_inlet_event_extra.py took 0.133 seconds
[2026-07-29T17:19:12.027+0000] {processor.py:186} INFO - Started process (PID=11571) to work on /home/airflow/.local/lib/python3.12/site-packages/airflow/example_dags/example_inlet_event_extra.py
[2026-07-29T17:19:12.028+0000] {processor.py:914} INFO - Processing file /home/airflow/.local/lib/python3.12/site-packages/airflow/example_dags/example_inlet_event_extra.py for tasks to queue
[2026-07-29T17:19:12.029+0000] {logging_mixin.py:190} INFO - [2026-07-29T17:19:12.029+0000] {dagbag.py:587} INFO - Filling up the DagBag from /home/airflow/.local/lib/python3.12/site-packages/airflow/example_dags/example_inlet_event_extra.py
[2026-07-29T17:19:12.091+0000] {processor.py:925} INFO - DAG(s) 'read_dataset_event', 'read_dataset_event_from_classic' retrieved from /home/airflow/.local/lib/python3.12/site-packages/airflow/example_dags/example_inlet_event_extra.py
[2026-07-29T17:19:12.100+0000] {logging_mixin.py:190} INFO - [2026-07-29T17:19:12.100+0000] {dag.py:3211} INFO - Sync 2 DAGs
[2026-07-29T17:19:12.116+0000] {logging_mixin.py:190} INFO - [2026-07-29T17:19:12.116+0000] {dag.py:4138} INFO - Setting next_dagrun for read_dataset_event to 2026-07-28 00:00:00+00:00, run_after=2026-07-29 00:00:00+00:00
[2026-07-29T17:19:12.119+0000] {logging_mixin.py:190} INFO - [2026-07-29T17:19:12.119+0000] {dag.py:4138} INFO - Setting next_dagrun for read_dataset_event_from_classic to 2026-07-28 00:00:00+00:00, run_after=2026-07-29 00:00:00+00:00
[2026-07-29T17:19:12.127+0000] {processor.py:208} INFO - Processing /home/airflow/.local/lib/python3.12/site-packages/airflow/example_dags/example_inlet_event_extra.py took 0.103 seconds
[2026-07-29T17:19:42.166+0000] {processor.py:186} INFO - Started process (PID=11638) to work on /home/airflow/.local/lib/python3.12/site-packages/airflow/example_dags/example_inlet_event_extra.py
[2026-07-29T17:19:42.167+0000] {processor.py:914} INFO - Processing file /home/airflow/.local/lib/python3.12/site-packages/airflow/example_dags/example_inlet_event_extra.py for tasks to queue
[2026-07-29T17:19:42.168+0000] {logging_mixin.py:190} INFO - [2026-07-29T17:19:42.168+0000] {dagbag.py:587} INFO - Filling up the DagBag from /home/airflow/.local/lib/python3.12/site-packages/airflow/example_dags/example_inlet_event_extra.py
[2026-07-29T17:19:42.232+0000] {processor.py:925} INFO - DAG(s) 'read_dataset_event', 'read_dataset_event_from_classic' retrieved from /home/airflow/.local/lib/python3.12/site-packages/airflow/example_dags/example_inlet_event_extra.py
[2026-07-29T17:19:42.248+0000] {logging_mixin.py:190} INFO - [2026-07-29T17:19:42.248+0000] {dag.py:3211} INFO - Sync 2 DAGs
[2026-07-29T17:19:42.258+0000] {logging_mixin.py:190} INFO - [2026-07-29T17:19:42.258+0000] {dag.py:4138} INFO - Setting next_dagrun for read_dataset_event to 2026-07-28 00:00:00+00:00, run_after=2026-07-29 00:00:00+00:00
[2026-07-29T17:19:42.260+0000] {logging_mixin.py:190} INFO - [2026-07-29T17:19:42.260+0000] {dag.py:4138} INFO - Setting next_dagrun for read_dataset_event_from_classic to 2026-07-28 00:00:00+00:00, run_after=2026-07-29 00:00:00+00:00
[2026-07-29T17:19:42.266+0000] {processor.py:208} INFO - Processing /home/airflow/.local/lib/python3.12/site-packages/airflow/example_dags/example_inlet_event_extra.py took 0.102 seconds
[2026-07-29T17:20:13.053+0000] {processor.py:186} INFO - Started process (PID=11703) to work on /home/airflow/.local/lib/python3.12/site-packages/airflow/example_dags/example_inlet_event_extra.py
[2026-07-29T17:20:13.054+0000] {processor.py:914} INFO - Processing file /home/airflow/.local/lib/python3.12/site-packages/airflow/example_dags/example_inlet_event_extra.py for tasks to queue
[2026-07-29T17:20:13.055+0000] {logging_mixin.py:190} INFO - [2026-07-29T17:20:13.055+0000] {dagbag.py:587} INFO - Filling up the DagBag from /home/airflow/.local/lib/python3.12/site-packages/airflow/example_dags/example_inlet_event_extra.py
[2026-07-29T17:20:13.113+0000] {processor.py:925} INFO - DAG(s) 'read_dataset_event_from_classic', 'read_dataset_event' retrieved from /home/airflow/.local/lib/python3.12/site-packages/airflow/example_dags/example_inlet_event_extra.py
[2026-07-29T17:20:13.124+0000] {logging_mixin.py:190} INFO - [2026-07-29T17:20:13.123+0000] {dag.py:3211} INFO - Sync 2 DAGs
[2026-07-29T17:20:13.132+0000] {logging_mixin.py:190} INFO - [2026-07-29T17:20:13.132+0000] {dag.py:4138} INFO - Setting next_dagrun for read_dataset_event to 2026-07-28 00:00:00+00:00, run_after=2026-07-29 00:00:00+00:00
[2026-07-29T17:20:13.134+0000] {logging_mixin.py:190} INFO - [2026-07-29T17:20:13.134+0000] {dag.py:4138} INFO - Setting next_dagrun for read_dataset_event_from_classic to 2026-07-28 00:00:00+00:00, run_after=2026-07-29 00:00:00+00:00
[2026-07-29T17:20:13.139+0000] {processor.py:208} INFO - Processing /home/airflow/.local/lib/python3.12/site-packages/airflow/example_dags/example_inlet_event_extra.py took 0.089 seconds
[2026-07-29T17:20:43.988+0000] {processor.py:186} INFO - Started process (PID=11759) to work on /home/airflow/.local/lib/python3.12/site-packages/airflow/example_dags/example_inlet_event_extra.py
[2026-07-29T17:20:43.989+0000] {processor.py:914} INFO - Processing file /home/airflow/.local/lib/python3.12/site-packages/airflow/example_dags/example_inlet_event_extra.py for tasks to queue
[2026-07-29T17:20:43.990+0000] {logging_mixin.py:190} INFO - [2026-07-29T17:20:43.990+0000] {dagbag.py:587} INFO - Filling up the DagBag from /home/airflow/.local/lib/python3.12/site-packages/airflow/example_dags/example_inlet_event_extra.py
[2026-07-29T17:20:44.055+0000] {processor.py:925} INFO - DAG(s) 'read_dataset_event_from_classic', 'read_dataset_event' retrieved from /home/airflow/.local/lib/python3.12/site-packages/airflow/example_dags/example_inlet_event_extra.py
[2026-07-29T17:20:44.070+0000] {logging_mixin.py:190} INFO - [2026-07-29T17:20:44.070+0000] {dag.py:3211} INFO - Sync 2 DAGs
[2026-07-29T17:20:44.083+0000] {logging_mixin.py:190} INFO - [2026-07-29T17:20:44.083+0000] {dag.py:4138} INFO - Setting next_dagrun for read_dataset_event to 2026-07-28 00:00:00+00:00, run_after=2026-07-29 00:00:00+00:00
[2026-07-29T17:20:44.085+0000] {logging_mixin.py:190} INFO - [2026-07-29T17:20:44.085+0000] {dag.py:4138} INFO - Setting next_dagrun for read_dataset_event_from_classic to 2026-07-28 00:00:00+00:00, run_after=2026-07-29 00:00:00+00:00
[2026-07-29T17:20:44.096+0000] {processor.py:208} INFO - Processing /home/airflow/.local/lib/python3.12/site-packages/airflow/example_dags/example_inlet_event_extra.py took 0.111 seconds
[2026-07-29T17:21:14.320+0000] {processor.py:186} INFO - Started process (PID=11825) to work on /home/airflow/.local/lib/python3.12/site-packages/airflow/example_dags/example_inlet_event_extra.py
[2026-07-29T17:21:14.321+0000] {processor.py:914} INFO - Processing file /home/airflow/.local/lib/python3.12/site-packages/airflow/example_dags/example_inlet_event_extra.py for tasks to queue
[2026-07-29T17:21:14.324+0000] {logging_mixin.py:190} INFO - [2026-07-29T17:21:14.324+0000] {dagbag.py:587} INFO - Filling up the DagBag from /home/airflow/.local/lib/python3.12/site-packages/airflow/example_dags/example_inlet_event_extra.py
[2026-07-29T17:21:14.393+0000] {processor.py:925} INFO - DAG(s) 'read_dataset_event', 'read_dataset_event_from_classic' retrieved from /home/airflow/.local/lib/python3.12/site-packages/airflow/example_dags/example_inlet_event_extra.py
[2026-07-29T17:21:14.408+0000] {logging_mixin.py:190} INFO - [2026-07-29T17:21:14.408+0000] {dag.py:3211} INFO - Sync 2 DAGs
[2026-07-29T17:21:14.421+0000] {logging_mixin.py:190} INFO - [2026-07-29T17:21:14.420+0000] {dag.py:4138} INFO - Setting next_dagrun for read_dataset_event to 2026-07-28 00:00:00+00:00, run_after=2026-07-29 00:00:00+00:00
[2026-07-29T17:21:14.423+0000] {logging_mixin.py:190} INFO - [2026-07-29T17:21:14.423+0000] {dag.py:4138} INFO - Setting next_dagrun for read_dataset_event_from_classic to 2026-07-28 00:00:00+00:00, run_after=2026-07-29 00:00:00+00:00
[2026-07-29T17:21:14.434+0000] {processor.py:208} INFO - Processing /home/airflow/.local/lib/python3.12/site-packages/airflow/example_dags/example_inlet_event_extra.py took 0.122 seconds
[2026-07-29T17:21:44.556+0000] {processor.py:186} INFO - Started process (PID=11891) to work on /home/airflow/.local/lib/python3.12/site-packages/airflow/example_dags/example_inlet_event_extra.py
[2026-07-29T17:21:44.557+0000] {processor.py:914} INFO - Processing file /home/airflow/.local/lib/python3.12/site-packages/airflow/example_dags/example_inlet_event_extra.py for tasks to queue
[2026-07-29T17:21:44.558+0000] {logging_mixin.py:190} INFO - [2026-07-29T17:21:44.558+0000] {dagbag.py:587} INFO - Filling up the DagBag from /home/airflow/.local/lib/python3.12/site-packages/airflow/example_dags/example_inlet_event_extra.py
[2026-07-29T17:21:44.614+0000] {processor.py:925} INFO - DAG(s) 'read_dataset_event', 'read_dataset_event_from_classic' retrieved from /home/airflow/.local/lib/python3.12/site-packages/airflow/example_dags/example_inlet_event_extra.py
[2026-07-29T17:21:44.623+0000] {logging_mixin.py:190} INFO - [2026-07-29T17:21:44.623+0000] {dag.py:3211} INFO - Sync 2 DAGs
[2026-07-29T17:21:44.632+0000] {logging_mixin.py:190} INFO - [2026-07-29T17:21:44.632+0000] {dag.py:4138} INFO - Setting next_dagrun for read_dataset_event to 2026-07-28 00:00:00+00:00, run_after=2026-07-29 00:00:00+00:00
[2026-07-29T17:21:44.633+0000] {logging_mixin.py:190} INFO - [2026-07-29T17:21:44.633+0000] {dag.py:4138} INFO - Setting next_dagrun for read_dataset_event_from_classic to 2026-07-28 00:00:00+00:00, run_after=2026-07-29 00:00:00+00:00
[2026-07-29T17:21:44.639+0000] {processor.py:208} INFO - Processing /home/airflow/.local/lib/python3.12/site-packages/airflow/example_dags/example_inlet_event_extra.py took 0.085 seconds
[2026-07-29T17:22:15.706+0000] {processor.py:186} INFO - Started process (PID=11957) to work on /home/airflow/.local/lib/python3.12/site-packages/airflow/example_dags/example_inlet_event_extra.py
[2026-07-29T17:22:15.706+0000] {processor.py:914} INFO - Processing file /home/airflow/.local/lib/python3.12/site-packages/airflow/example_dags/example_inlet_event_extra.py for tasks to queue
[2026-07-29T17:22:15.709+0000] {logging_mixin.py:190} INFO - [2026-07-29T17:22:15.709+0000] {dagbag.py:587} INFO - Filling up the DagBag from /home/airflow/.local/lib/python3.12/site-packages/airflow/example_dags/example_inlet_event_extra.py
[2026-07-29T17:22:15.774+0000] {processor.py:925} INFO - DAG(s) 'read_dataset_event_from_classic', 'read_dataset_event' retrieved from /home/airflow/.local/lib/python3.12/site-packages/airflow/example_dags/example_inlet_event_extra.py
[2026-07-29T17:22:15.789+0000] {logging_mixin.py:190} INFO - [2026-07-29T17:22:15.789+0000] {dag.py:3211} INFO - Sync 2 DAGs
[2026-07-29T17:22:15.802+0000] {logging_mixin.py:190} INFO - [2026-07-29T17:22:15.801+0000] {dag.py:4138} INFO - Setting next_dagrun for read_dataset_event to 2026-07-28 00:00:00+00:00, run_after=2026-07-29 00:00:00+00:00
[2026-07-29T17:22:15.803+0000] {logging_mixin.py:190} INFO - [2026-07-29T17:22:15.803+0000] {dag.py:4138} INFO - Setting next_dagrun for read_dataset_event_from_classic to 2026-07-28 00:00:00+00:00, run_after=2026-07-29 00:00:00+00:00
[2026-07-29T17:22:15.809+0000] {processor.py:208} INFO - Processing /home/airflow/.local/lib/python3.12/site-packages/airflow/example_dags/example_inlet_event_extra.py took 0.106 seconds
[2026-07-29T17:22:46.782+0000] {processor.py:186} INFO - Started process (PID=12023) to work on /home/airflow/.local/lib/python3.12/site-packages/airflow/example_dags/example_inlet_event_extra.py
[2026-07-29T17:22:46.782+0000] {processor.py:914} INFO - Processing file /home/airflow/.local/lib/python3.12/site-packages/airflow/example_dags/example_inlet_event_extra.py for tasks to queue
[2026-07-29T17:22:46.784+0000] {logging_mixin.py:190} INFO - [2026-07-29T17:22:46.784+0000] {dagbag.py:587} INFO - Filling up the DagBag from /home/airflow/.local/lib/python3.12/site-packages/airflow/example_dags/example_inlet_event_extra.py
[2026-07-29T17:22:46.861+0000] {processor.py:925} INFO - DAG(s) 'read_dataset_event', 'read_dataset_event_from_classic' retrieved from /home/airflow/.local/lib/python3.12/site-packages/airflow/example_dags/example_inlet_event_extra.py
[2026-07-29T17:22:46.873+0000] {logging_mixin.py:190} INFO - [2026-07-29T17:22:46.873+0000] {dag.py:3211} INFO - Sync 2 DAGs
[2026-07-29T17:22:46.882+0000] {logging_mixin.py:190} INFO - [2026-07-29T17:22:46.882+0000] {dag.py:4138} INFO - Setting next_dagrun for read_dataset_event to 2026-07-28 00:00:00+00:00, run_after=2026-07-29 00:00:00+00:00
[2026-07-29T17:22:46.885+0000] {logging_mixin.py:190} INFO - [2026-07-29T17:22:46.885+0000] {dag.py:4138} INFO - Setting next_dagrun for read_dataset_event_from_classic to 2026-07-28 00:00:00+00:00, run_after=2026-07-29 00:00:00+00:00
[2026-07-29T17:22:46.893+0000] {processor.py:208} INFO - Processing /home/airflow/.local/lib/python3.12/site-packages/airflow/example_dags/example_inlet_event_extra.py took 0.117 seconds
[2026-07-29T17:23:17.806+0000] {processor.py:186} INFO - Started process (PID=12089) to work on /home/airflow/.local/lib/python3.12/site-packages/airflow/example_dags/example_inlet_event_extra.py
[2026-07-29T17:23:17.806+0000] {processor.py:914} INFO - Processing file /home/airflow/.local/lib/python3.12/site-packages/airflow/example_dags/example_inlet_event_extra.py for tasks to queue
[2026-07-29T17:23:17.808+0000] {logging_mixin.py:190} INFO - [2026-07-29T17:23:17.808+0000] {dagbag.py:587} INFO - Filling up the DagBag from /home/airflow/.local/lib/python3.12/site-packages/airflow/example_dags/example_inlet_event_extra.py
[2026-07-29T17:23:17.883+0000] {processor.py:925} INFO - DAG(s) 'read_dataset_event', 'read_dataset_event_from_classic' retrieved from /home/airflow/.local/lib/python3.12/site-packages/airflow/example_dags/example_inlet_event_extra.py
[2026-07-29T17:23:17.896+0000] {logging_mixin.py:190} INFO - [2026-07-29T17:23:17.896+0000] {dag.py:3211} INFO - Sync 2 DAGs
[2026-07-29T17:23:17.905+0000] {logging_mixin.py:190} INFO - [2026-07-29T17:23:17.905+0000] {dag.py:4138} INFO - Setting next_dagrun for read_dataset_event to 2026-07-28 00:00:00+00:00, run_after=2026-07-29 00:00:00+00:00
[2026-07-29T17:23:17.910+0000] {logging_mixin.py:190} INFO - [2026-07-29T17:23:17.910+0000] {dag.py:4138} INFO - Setting next_dagrun for read_dataset_event_from_classic to 2026-07-28 00:00:00+00:00, run_after=2026-07-29 00:00:00+00:00
[2026-07-29T17:23:17.916+0000] {processor.py:208} INFO - Processing /home/airflow/.local/lib/python3.12/site-packages/airflow/example_dags/example_inlet_event_extra.py took 0.113 seconds
[2026-07-29T17:23:48.742+0000] {processor.py:186} INFO - Started process (PID=12155) to work on /home/airflow/.local/lib/python3.12/site-packages/airflow/example_dags/example_inlet_event_extra.py
[2026-07-29T17:23:48.743+0000] {processor.py:914} INFO - Processing file /home/airflow/.local/lib/python3.12/site-packages/airflow/example_dags/example_inlet_event_extra.py for tasks to queue
[2026-07-29T17:23:48.745+0000] {logging_mixin.py:190} INFO - [2026-07-29T17:23:48.744+0000] {dagbag.py:587} INFO - Filling up the DagBag from /home/airflow/.local/lib/python3.12/site-packages/airflow/example_dags/example_inlet_event_extra.py
[2026-07-29T17:23:48.828+0000] {processor.py:925} INFO - DAG(s) 'read_dataset_event', 'read_dataset_event_from_classic' retrieved from /home/airflow/.local/lib/python3.12/site-packages/airflow/example_dags/example_inlet_event_extra.py
[2026-07-29T17:23:48.838+0000] {logging_mixin.py:190} INFO - [2026-07-29T17:23:48.838+0000] {dag.py:3211} INFO - Sync 2 DAGs
[2026-07-29T17:23:48.847+0000] {logging_mixin.py:190} INFO - [2026-07-29T17:23:48.847+0000] {dag.py:4138} INFO - Setting next_dagrun for read_dataset_event to 2026-07-28 00:00:00+00:00, run_after=2026-07-29 00:00:00+00:00
[2026-07-29T17:23:48.849+0000] {logging_mixin.py:190} INFO - [2026-07-29T17:23:48.849+0000] {dag.py:4138} INFO - Setting next_dagrun for read_dataset_event_from_classic to 2026-07-28 00:00:00+00:00, run_after=2026-07-29 00:00:00+00:00
[2026-07-29T17:23:48.856+0000] {processor.py:208} INFO - Processing /home/airflow/.local/lib/python3.12/site-packages/airflow/example_dags/example_inlet_event_extra.py took 0.119 seconds
[2026-07-29T17:24:26.032+0000] {processor.py:186} INFO - Started process (PID=12228) to work on /home/airflow/.local/lib/python3.12/site-packages/airflow/example_dags/example_inlet_event_extra.py
[2026-07-29T17:24:26.033+0000] {processor.py:914} INFO - Processing file /home/airflow/.local/lib/python3.12/site-packages/airflow/example_dags/example_inlet_event_extra.py for tasks to queue
[2026-07-29T17:24:26.035+0000] {logging_mixin.py:190} INFO - [2026-07-29T17:24:26.035+0000] {dagbag.py:587} INFO - Filling up the DagBag from /home/airflow/.local/lib/python3.12/site-packages/airflow/example_dags/example_inlet_event_extra.py
[2026-07-29T17:24:26.101+0000] {processor.py:925} INFO - DAG(s) 'read_dataset_event_from_classic', 'read_dataset_event' retrieved from /home/airflow/.local/lib/python3.12/site-packages/airflow/example_dags/example_inlet_event_extra.py
[2026-07-29T17:24:26.113+0000] {logging_mixin.py:190} INFO - [2026-07-29T17:24:26.113+0000] {dag.py:3211} INFO - Sync 2 DAGs
[2026-07-29T17:24:26.122+0000] {logging_mixin.py:190} INFO - [2026-07-29T17:24:26.122+0000] {dag.py:4138} INFO - Setting next_dagrun for read_dataset_event to 2026-07-28 00:00:00+00:00, run_after=2026-07-29 00:00:00+00:00
[2026-07-29T17:24:26.124+0000] {logging_mixin.py:190} INFO - [2026-07-29T17:24:26.124+0000] {dag.py:4138} INFO - Setting next_dagrun for read_dataset_event_from_classic to 2026-07-28 00:00:00+00:00, run_after=2026-07-29 00:00:00+00:00
[2026-07-29T17:24:26.129+0000] {processor.py:208} INFO - Processing /home/airflow/.local/lib/python3.12/site-packages/airflow/example_dags/example_inlet_event_extra.py took 0.103 seconds
[2026-07-29T17:24:57.044+0000] {processor.py:186} INFO - Started process (PID=12294) to work on /home/airflow/.local/lib/python3.12/site-packages/airflow/example_dags/example_inlet_event_extra.py
[2026-07-29T17:24:57.049+0000] {processor.py:914} INFO - Processing file /home/airflow/.local/lib/python3.12/site-packages/airflow/example_dags/example_inlet_event_extra.py for tasks to queue
[2026-07-29T17:24:57.052+0000] {logging_mixin.py:190} INFO - [2026-07-29T17:24:57.052+0000] {dagbag.py:587} INFO - Filling up the DagBag from /home/airflow/.local/lib/python3.12/site-packages/airflow/example_dags/example_inlet_event_extra.py
[2026-07-29T17:24:57.119+0000] {processor.py:925} INFO - DAG(s) 'read_dataset_event_from_classic', 'read_dataset_event' retrieved from /home/airflow/.local/lib/python3.12/site-packages/airflow/example_dags/example_inlet_event_extra.py
[2026-07-29T17:24:57.133+0000] {logging_mixin.py:190} INFO - [2026-07-29T17:24:57.133+0000] {dag.py:3211} INFO - Sync 2 DAGs
[2026-07-29T17:24:57.144+0000] {logging_mixin.py:190} INFO - [2026-07-29T17:24:57.144+0000] {dag.py:4138} INFO - Setting next_dagrun for read_dataset_event to 2026-07-28 00:00:00+00:00, run_after=2026-07-29 00:00:00+00:00
[2026-07-29T17:24:57.146+0000] {logging_mixin.py:190} INFO - [2026-07-29T17:24:57.146+0000] {dag.py:4138} INFO - Setting next_dagrun for read_dataset_event_from_classic to 2026-07-28 00:00:00+00:00, run_after=2026-07-29 00:00:00+00:00
[2026-07-29T17:24:57.152+0000] {processor.py:208} INFO - Processing /home/airflow/.local/lib/python3.12/site-packages/airflow/example_dags/example_inlet_event_extra.py took 0.112 seconds
[2026-07-29T17:25:28.046+0000] {processor.py:186} INFO - Started process (PID=12360) to work on /home/airflow/.local/lib/python3.12/site-packages/airflow/example_dags/example_inlet_event_extra.py
[2026-07-29T17:25:28.047+0000] {processor.py:914} INFO - Processing file /home/airflow/.local/lib/python3.12/site-packages/airflow/example_dags/example_inlet_event_extra.py for tasks to queue
[2026-07-29T17:25:28.049+0000] {logging_mixin.py:190} INFO - [2026-07-29T17:25:28.049+0000] {dagbag.py:587} INFO - Filling up the DagBag from /home/airflow/.local/lib/python3.12/site-packages/airflow/example_dags/example_inlet_event_extra.py
[2026-07-29T17:25:28.124+0000] {processor.py:925} INFO - DAG(s) 'read_dataset_event_from_classic', 'read_dataset_event' retrieved from /home/airflow/.local/lib/python3.12/site-packages/airflow/example_dags/example_inlet_event_extra.py
[2026-07-29T17:25:28.137+0000] {logging_mixin.py:190} INFO - [2026-07-29T17:25:28.136+0000] {dag.py:3211} INFO - Sync 2 DAGs
[2026-07-29T17:25:28.147+0000] {logging_mixin.py:190} INFO - [2026-07-29T17:25:28.147+0000] {dag.py:4138} INFO - Setting next_dagrun for read_dataset_event to 2026-07-28 00:00:00+00:00, run_after=2026-07-29 00:00:00+00:00
[2026-07-29T17:25:28.149+0000] {logging_mixin.py:190} INFO - [2026-07-29T17:25:28.149+0000] {dag.py:4138} INFO - Setting next_dagrun for read_dataset_event_from_classic to 2026-07-28 00:00:00+00:00, run_after=2026-07-29 00:00:00+00:00
[2026-07-29T17:25:28.155+0000] {processor.py:208} INFO - Processing /home/airflow/.local/lib/python3.12/site-packages/airflow/example_dags/example_inlet_event_extra.py took 0.114 seconds
[2026-07-29T17:25:59.095+0000] {processor.py:186} INFO - Started process (PID=12426) to work on /home/airflow/.local/lib/python3.12/site-packages/airflow/example_dags/example_inlet_event_extra.py
[2026-07-29T17:25:59.096+0000] {processor.py:914} INFO - Processing file /home/airflow/.local/lib/python3.12/site-packages/airflow/example_dags/example_inlet_event_extra.py for tasks to queue
[2026-07-29T17:25:59.098+0000] {logging_mixin.py:190} INFO - [2026-07-29T17:25:59.098+0000] {dagbag.py:587} INFO - Filling up the DagBag from /home/airflow/.local/lib/python3.12/site-packages/airflow/example_dags/example_inlet_event_extra.py
[2026-07-29T17:25:59.174+0000] {processor.py:925} INFO - DAG(s) 'read_dataset_event_from_classic', 'read_dataset_event' retrieved from /home/airflow/.local/lib/python3.12/site-packages/airflow/example_dags/example_inlet_event_extra.py
[2026-07-29T17:25:59.186+0000] {logging_mixin.py:190} INFO - [2026-07-29T17:25:59.186+0000] {dag.py:3211} INFO - Sync 2 DAGs
[2026-07-29T17:25:59.197+0000] {logging_mixin.py:190} INFO - [2026-07-29T17:25:59.196+0000] {dag.py:4138} INFO - Setting next_dagrun for read_dataset_event to 2026-07-28 00:00:00+00:00, run_after=2026-07-29 00:00:00+00:00
[2026-07-29T17:25:59.199+0000] {logging_mixin.py:190} INFO - [2026-07-29T17:25:59.199+0000] {dag.py:4138} INFO - Setting next_dagrun for read_dataset_event_from_classic to 2026-07-28 00:00:00+00:00, run_after=2026-07-29 00:00:00+00:00
[2026-07-29T17:25:59.211+0000] {processor.py:208} INFO - Processing /home/airflow/.local/lib/python3.12/site-packages/airflow/example_dags/example_inlet_event_extra.py took 0.122 seconds
[2026-07-29T17:26:30.134+0000] {processor.py:186} INFO - Started process (PID=12492) to work on /home/airflow/.local/lib/python3.12/site-packages/airflow/example_dags/example_inlet_event_extra.py
[2026-07-29T17:26:30.135+0000] {processor.py:914} INFO - Processing file /home/airflow/.local/lib/python3.12/site-packages/airflow/example_dags/example_inlet_event_extra.py for tasks to queue
[2026-07-29T17:26:30.138+0000] {logging_mixin.py:190} INFO - [2026-07-29T17:26:30.137+0000] {dagbag.py:587} INFO - Filling up the DagBag from /home/airflow/.local/lib/python3.12/site-packages/airflow/example_dags/example_inlet_event_extra.py
[2026-07-29T17:26:30.207+0000] {processor.py:925} INFO - DAG(s) 'read_dataset_event', 'read_dataset_event_from_classic' retrieved from /home/airflow/.local/lib/python3.12/site-packages/airflow/example_dags/example_inlet_event_extra.py
[2026-07-29T17:26:30.219+0000] {logging_mixin.py:190} INFO - [2026-07-29T17:26:30.219+0000] {dag.py:3211} INFO - Sync 2 DAGs
[2026-07-29T17:26:30.229+0000] {logging_mixin.py:190} INFO - [2026-07-29T17:26:30.229+0000] {dag.py:4138} INFO - Setting next_dagrun for read_dataset_event to 2026-07-28 00:00:00+00:00, run_after=2026-07-29 00:00:00+00:00
[2026-07-29T17:26:30.231+0000] {logging_mixin.py:190} INFO - [2026-07-29T17:26:30.231+0000] {dag.py:4138} INFO - Setting next_dagrun for read_dataset_event_from_classic to 2026-07-28 00:00:00+00:00, run_after=2026-07-29 00:00:00+00:00
[2026-07-29T17:26:30.236+0000] {processor.py:208} INFO - Processing /home/airflow/.local/lib/python3.12/site-packages/airflow/example_dags/example_inlet_event_extra.py took 0.108 seconds
[2026-07-29T17:27:01.128+0000] {processor.py:186} INFO - Started process (PID=12558) to work on /home/airflow/.local/lib/python3.12/site-packages/airflow/example_dags/example_inlet_event_extra.py
[2026-07-29T17:27:01.129+0000] {processor.py:914} INFO - Processing file /home/airflow/.local/lib/python3.12/site-packages/airflow/example_dags/example_inlet_event_extra.py for tasks to queue
[2026-07-29T17:27:01.132+0000] {logging_mixin.py:190} INFO - [2026-07-29T17:27:01.131+0000] {dagbag.py:587} INFO - Filling up the DagBag from /home/airflow/.local/lib/python3.12/site-packages/airflow/example_dags/example_inlet_event_extra.py
[2026-07-29T17:27:01.200+0000] {processor.py:925} INFO - DAG(s) 'read_dataset_event_from_classic', 'read_dataset_event' retrieved from /home/airflow/.local/lib/python3.12/site-packages/airflow/example_dags/example_inlet_event_extra.py
[2026-07-29T17:27:01.212+0000] {logging_mixin.py:190} INFO - [2026-07-29T17:27:01.212+0000] {dag.py:3211} INFO - Sync 2 DAGs
[2026-07-29T17:27:01.221+0000] {logging_mixin.py:190} INFO - [2026-07-29T17:27:01.221+0000] {dag.py:4138} INFO - Setting next_dagrun for read_dataset_event to 2026-07-28 00:00:00+00:00, run_after=2026-07-29 00:00:00+00:00
[2026-07-29T17:27:01.223+0000] {logging_mixin.py:190} INFO - [2026-07-29T17:27:01.223+0000] {dag.py:4138} INFO - Setting next_dagrun for read_dataset_event_from_classic to 2026-07-28 00:00:00+00:00, run_after=2026-07-29 00:00:00+00:00
[2026-07-29T17:27:01.228+0000] {processor.py:208} INFO - Processing /home/airflow/.local/lib/python3.12/site-packages/airflow/example_dags/example_inlet_event_extra.py took 0.105 seconds
[2026-07-29T17:27:31.274+0000] {processor.py:186} INFO - Started process (PID=12625) to work on /home/airflow/.local/lib/python3.12/site-packages/airflow/example_dags/example_inlet_event_extra.py
[2026-07-29T17:27:31.274+0000] {processor.py:914} INFO - Processing file /home/airflow/.local/lib/python3.12/site-packages/airflow/example_dags/example_inlet_event_extra.py for tasks to queue
[2026-07-29T17:27:31.275+0000] {logging_mixin.py:190} INFO - [2026-07-29T17:27:31.275+0000] {dagbag.py:587} INFO - Filling up the DagBag from /home/airflow/.local/lib/python3.12/site-packages/airflow/example_dags/example_inlet_event_extra.py
[2026-07-29T17:27:31.338+0000] {processor.py:925} INFO - DAG(s) 'read_dataset_event_from_classic', 'read_dataset_event' retrieved from /home/airflow/.local/lib/python3.12/site-packages/airflow/example_dags/example_inlet_event_extra.py
[2026-07-29T17:27:31.352+0000] {logging_mixin.py:190} INFO - [2026-07-29T17:27:31.352+0000] {dag.py:3211} INFO - Sync 2 DAGs
[2026-07-29T17:27:31.363+0000] {logging_mixin.py:190} INFO - [2026-07-29T17:27:31.362+0000] {dag.py:4138} INFO - Setting next_dagrun for read_dataset_event to 2026-07-28 00:00:00+00:00, run_after=2026-07-29 00:00:00+00:00
[2026-07-29T17:27:31.367+0000] {logging_mixin.py:190} INFO - [2026-07-29T17:27:31.366+0000] {dag.py:4138} INFO - Setting next_dagrun for read_dataset_event_from_classic to 2026-07-28 00:00:00+00:00, run_after=2026-07-29 00:00:00+00:00
[2026-07-29T17:27:31.373+0000] {processor.py:208} INFO - Processing /home/airflow/.local/lib/python3.12/site-packages/airflow/example_dags/example_inlet_event_extra.py took 0.102 seconds
[2026-07-29T17:28:02.259+0000] {processor.py:186} INFO - Started process (PID=12690) to work on /home/airflow/.local/lib/python3.12/site-packages/airflow/example_dags/example_inlet_event_extra.py
[2026-07-29T17:28:02.259+0000] {processor.py:914} INFO - Processing file /home/airflow/.local/lib/python3.12/site-packages/airflow/example_dags/example_inlet_event_extra.py for tasks to queue
[2026-07-29T17:28:02.261+0000] {logging_mixin.py:190} INFO - [2026-07-29T17:28:02.261+0000] {dagbag.py:587} INFO - Filling up the DagBag from /home/airflow/.local/lib/python3.12/site-packages/airflow/example_dags/example_inlet_event_extra.py
[2026-07-29T17:28:02.335+0000] {processor.py:925} INFO - DAG(s) 'read_dataset_event', 'read_dataset_event_from_classic' retrieved from /home/airflow/.local/lib/python3.12/site-packages/airflow/example_dags/example_inlet_event_extra.py
[2026-07-29T17:28:02.345+0000] {logging_mixin.py:190} INFO - [2026-07-29T17:28:02.345+0000] {dag.py:3211} INFO - Sync 2 DAGs
[2026-07-29T17:28:02.354+0000] {logging_mixin.py:190} INFO - [2026-07-29T17:28:02.353+0000] {dag.py:4138} INFO - Setting next_dagrun for read_dataset_event to 2026-07-28 00:00:00+00:00, run_after=2026-07-29 00:00:00+00:00
[2026-07-29T17:28:02.355+0000] {logging_mixin.py:190} INFO - [2026-07-29T17:28:02.355+0000] {dag.py:4138} INFO - Setting next_dagrun for read_dataset_event_from_classic to 2026-07-28 00:00:00+00:00, run_after=2026-07-29 00:00:00+00:00
[2026-07-29T17:28:02.362+0000] {processor.py:208} INFO - Processing /home/airflow/.local/lib/python3.12/site-packages/airflow/example_dags/example_inlet_event_extra.py took 0.108 seconds
[2026-07-29T17:28:33.313+0000] {processor.py:186} INFO - Started process (PID=12756) to work on /home/airflow/.local/lib/python3.12/site-packages/airflow/example_dags/example_inlet_event_extra.py
[2026-07-29T17:28:33.316+0000] {processor.py:914} INFO - Processing file /home/airflow/.local/lib/python3.12/site-packages/airflow/example_dags/example_inlet_event_extra.py for tasks to queue
[2026-07-29T17:28:33.318+0000] {logging_mixin.py:190} INFO - [2026-07-29T17:28:33.318+0000] {dagbag.py:587} INFO - Filling up the DagBag from /home/airflow/.local/lib/python3.12/site-packages/airflow/example_dags/example_inlet_event_extra.py
[2026-07-29T17:28:33.389+0000] {processor.py:925} INFO - DAG(s) 'read_dataset_event', 'read_dataset_event_from_classic' retrieved from /home/airflow/.local/lib/python3.12/site-packages/airflow/example_dags/example_inlet_event_extra.py
[2026-07-29T17:28:33.400+0000] {logging_mixin.py:190} INFO - [2026-07-29T17:28:33.400+0000] {dag.py:3211} INFO - Sync 2 DAGs
[2026-07-29T17:28:33.413+0000] {logging_mixin.py:190} INFO - [2026-07-29T17:28:33.413+0000] {dag.py:4138} INFO - Setting next_dagrun for read_dataset_event to 2026-07-28 00:00:00+00:00, run_after=2026-07-29 00:00:00+00:00
[2026-07-29T17:28:33.414+0000] {logging_mixin.py:190} INFO - [2026-07-29T17:28:33.414+0000] {dag.py:4138} INFO - Setting next_dagrun for read_dataset_event_from_classic to 2026-07-28 00:00:00+00:00, run_after=2026-07-29 00:00:00+00:00
[2026-07-29T17:28:33.421+0000] {processor.py:208} INFO - Processing /home/airflow/.local/lib/python3.12/site-packages/airflow/example_dags/example_inlet_event_extra.py took 0.111 seconds
[2026-07-29T17:29:04.309+0000] {processor.py:186} INFO - Started process (PID=12822) to work on /home/airflow/.local/lib/python3.12/site-packages/airflow/example_dags/example_inlet_event_extra.py
[2026-07-29T17:29:04.311+0000] {processor.py:914} INFO - Processing file /home/airflow/.local/lib/python3.12/site-packages/airflow/example_dags/example_inlet_event_extra.py for tasks to queue
[2026-07-29T17:29:04.314+0000] {logging_mixin.py:190} INFO - [2026-07-29T17:29:04.314+0000] {dagbag.py:587} INFO - Filling up the DagBag from /home/airflow/.local/lib/python3.12/site-packages/airflow/example_dags/example_inlet_event_extra.py
[2026-07-29T17:29:04.383+0000] {processor.py:925} INFO - DAG(s) 'read_dataset_event', 'read_dataset_event_from_classic' retrieved from /home/airflow/.local/lib/python3.12/site-packages/airflow/example_dags/example_inlet_event_extra.py
[2026-07-29T17:29:04.395+0000] {logging_mixin.py:190} INFO - [2026-07-29T17:29:04.395+0000] {dag.py:3211} INFO - Sync 2 DAGs
[2026-07-29T17:29:04.527+0000] {logging_mixin.py:190} INFO - [2026-07-29T17:29:04.527+0000] {dag.py:4138} INFO - Setting next_dagrun for read_dataset_event to 2026-07-28 00:00:00+00:00, run_after=2026-07-29 00:00:00+00:00
[2026-07-29T17:29:04.532+0000] {logging_mixin.py:190} INFO - [2026-07-29T17:29:04.532+0000] {dag.py:4138} INFO - Setting next_dagrun for read_dataset_event_from_classic to 2026-07-28 00:00:00+00:00, run_after=2026-07-29 00:00:00+00:00
[2026-07-29T17:29:04.536+0000] {processor.py:208} INFO - Processing /home/airflow/.local/lib/python3.12/site-packages/airflow/example_dags/example_inlet_event_extra.py took 0.235 seconds
[2026-07-29T17:29:34.572+0000] {processor.py:186} INFO - Started process (PID=12892) to work on /home/airflow/.local/lib/python3.12/site-packages/airflow/example_dags/example_inlet_event_extra.py
[2026-07-29T17:29:34.572+0000] {processor.py:914} INFO - Processing file /home/airflow/.local/lib/python3.12/site-packages/airflow/example_dags/example_inlet_event_extra.py for tasks to queue
[2026-07-29T17:29:34.573+0000] {logging_mixin.py:190} INFO - [2026-07-29T17:29:34.573+0000] {dagbag.py:587} INFO - Filling up the DagBag from /home/airflow/.local/lib/python3.12/site-packages/airflow/example_dags/example_inlet_event_extra.py
[2026-07-29T17:29:34.634+0000] {processor.py:925} INFO - DAG(s) 'read_dataset_event_from_classic', 'read_dataset_event' retrieved from /home/airflow/.local/lib/python3.12/site-packages/airflow/example_dags/example_inlet_event_extra.py
[2026-07-29T17:29:34.648+0000] {logging_mixin.py:190} INFO - [2026-07-29T17:29:34.647+0000] {dag.py:3211} INFO - Sync 2 DAGs
[2026-07-29T17:29:34.757+0000] {logging_mixin.py:190} INFO - [2026-07-29T17:29:34.757+0000] {dag.py:4138} INFO - Setting next_dagrun for read_dataset_event to 2026-07-28 00:00:00+00:00, run_after=2026-07-29 00:00:00+00:00
[2026-07-29T17:29:34.759+0000] {logging_mixin.py:190} INFO - [2026-07-29T17:29:34.759+0000] {dag.py:4138} INFO - Setting next_dagrun for read_dataset_event_from_classic to 2026-07-28 00:00:00+00:00, run_after=2026-07-29 00:00:00+00:00
[2026-07-29T17:29:34.767+0000] {processor.py:208} INFO - Processing /home/airflow/.local/lib/python3.12/site-packages/airflow/example_dags/example_inlet_event_extra.py took 0.198 seconds
[2026-07-29T17:30:05.001+0000] {processor.py:186} INFO - Started process (PID=12962) to work on /home/airflow/.local/lib/python3.12/site-packages/airflow/example_dags/example_inlet_event_extra.py
[2026-07-29T17:30:05.001+0000] {processor.py:914} INFO - Processing file /home/airflow/.local/lib/python3.12/site-packages/airflow/example_dags/example_inlet_event_extra.py for tasks to queue
[2026-07-29T17:30:05.002+0000] {logging_mixin.py:190} INFO - [2026-07-29T17:30:05.002+0000] {dagbag.py:587} INFO - Filling up the DagBag from /home/airflow/.local/lib/python3.12/site-packages/airflow/example_dags/example_inlet_event_extra.py
[2026-07-29T17:30:05.061+0000] {processor.py:925} INFO - DAG(s) 'read_dataset_event', 'read_dataset_event_from_classic' retrieved from /home/airflow/.local/lib/python3.12/site-packages/airflow/example_dags/example_inlet_event_extra.py
[2026-07-29T17:30:05.071+0000] {logging_mixin.py:190} INFO - [2026-07-29T17:30:05.071+0000] {dag.py:3211} INFO - Sync 2 DAGs
[2026-07-29T17:30:05.083+0000] {logging_mixin.py:190} INFO - [2026-07-29T17:30:05.082+0000] {dag.py:4138} INFO - Setting next_dagrun for read_dataset_event to 2026-07-28 00:00:00+00:00, run_after=2026-07-29 00:00:00+00:00
[2026-07-29T17:30:05.086+0000] {logging_mixin.py:190} INFO - [2026-07-29T17:30:05.086+0000] {dag.py:4138} INFO - Setting next_dagrun for read_dataset_event_from_classic to 2026-07-28 00:00:00+00:00, run_after=2026-07-29 00:00:00+00:00
[2026-07-29T17:30:05.095+0000] {processor.py:208} INFO - Processing /home/airflow/.local/lib/python3.12/site-packages/airflow/example_dags/example_inlet_event_extra.py took 0.097 seconds
[2026-07-29T17:30:35.220+0000] {processor.py:186} INFO - Started process (PID=13029) to work on /home/airflow/.local/lib/python3.12/site-packages/airflow/example_dags/example_inlet_event_extra.py
[2026-07-29T17:30:35.221+0000] {processor.py:914} INFO - Processing file /home/airflow/.local/lib/python3.12/site-packages/airflow/example_dags/example_inlet_event_extra.py for tasks to queue
[2026-07-29T17:30:35.222+0000] {logging_mixin.py:190} INFO - [2026-07-29T17:30:35.221+0000] {dagbag.py:587} INFO - Filling up the DagBag from /home/airflow/.local/lib/python3.12/site-packages/airflow/example_dags/example_inlet_event_extra.py
[2026-07-29T17:30:35.373+0000] {processor.py:925} INFO - DAG(s) 'read_dataset_event_from_classic', 'read_dataset_event' retrieved from /home/airflow/.local/lib/python3.12/site-packages/airflow/example_dags/example_inlet_event_extra.py
[2026-07-29T17:30:35.385+0000] {logging_mixin.py:190} INFO - [2026-07-29T17:30:35.385+0000] {dag.py:3211} INFO - Sync 2 DAGs
[2026-07-29T17:30:35.394+0000] {logging_mixin.py:190} INFO - [2026-07-29T17:30:35.394+0000] {dag.py:4138} INFO - Setting next_dagrun for read_dataset_event to 2026-07-28 00:00:00+00:00, run_after=2026-07-29 00:00:00+00:00
[2026-07-29T17:30:35.397+0000] {logging_mixin.py:190} INFO - [2026-07-29T17:30:35.397+0000] {dag.py:4138} INFO - Setting next_dagrun for read_dataset_event_from_classic to 2026-07-28 00:00:00+00:00, run_after=2026-07-29 00:00:00+00:00
[2026-07-29T17:30:35.404+0000] {processor.py:208} INFO - Processing /home/airflow/.local/lib/python3.12/site-packages/airflow/example_dags/example_inlet_event_extra.py took 0.186 seconds
[2026-07-29T17:31:05.589+0000] {processor.py:186} INFO - Started process (PID=13096) to work on /home/airflow/.local/lib/python3.12/site-packages/airflow/example_dags/example_inlet_event_extra.py
[2026-07-29T17:31:05.590+0000] {processor.py:914} INFO - Processing file /home/airflow/.local/lib/python3.12/site-packages/airflow/example_dags/example_inlet_event_extra.py for tasks to queue
[2026-07-29T17:31:05.592+0000] {logging_mixin.py:190} INFO - [2026-07-29T17:31:05.592+0000] {dagbag.py:587} INFO - Filling up the DagBag from /home/airflow/.local/lib/python3.12/site-packages/airflow/example_dags/example_inlet_event_extra.py
[2026-07-29T17:31:05.655+0000] {processor.py:925} INFO - DAG(s) 'read_dataset_event_from_classic', 'read_dataset_event' retrieved from /home/airflow/.local/lib/python3.12/site-packages/airflow/example_dags/example_inlet_event_extra.py
[2026-07-29T17:31:05.773+0000] {logging_mixin.py:190} INFO - [2026-07-29T17:31:05.773+0000] {dag.py:3211} INFO - Sync 2 DAGs
[2026-07-29T17:31:05.782+0000] {logging_mixin.py:190} INFO - [2026-07-29T17:31:05.782+0000] {dag.py:4138} INFO - Setting next_dagrun for read_dataset_event to 2026-07-28 00:00:00+00:00, run_after=2026-07-29 00:00:00+00:00
[2026-07-29T17:31:05.786+0000] {logging_mixin.py:190} INFO - [2026-07-29T17:31:05.786+0000] {dag.py:4138} INFO - Setting next_dagrun for read_dataset_event_from_classic to 2026-07-28 00:00:00+00:00, run_after=2026-07-29 00:00:00+00:00
[2026-07-29T17:31:05.795+0000] {processor.py:208} INFO - Processing /home/airflow/.local/lib/python3.12/site-packages/airflow/example_dags/example_inlet_event_extra.py took 0.209 seconds
[2026-07-29T17:31:35.832+0000] {processor.py:186} INFO - Started process (PID=13165) to work on /home/airflow/.local/lib/python3.12/site-packages/airflow/example_dags/example_inlet_event_extra.py
[2026-07-29T17:31:35.833+0000] {processor.py:914} INFO - Processing file /home/airflow/.local/lib/python3.12/site-packages/airflow/example_dags/example_inlet_event_extra.py for tasks to queue
[2026-07-29T17:31:35.834+0000] {logging_mixin.py:190} INFO - [2026-07-29T17:31:35.834+0000] {dagbag.py:587} INFO - Filling up the DagBag from /home/airflow/.local/lib/python3.12/site-packages/airflow/example_dags/example_inlet_event_extra.py
[2026-07-29T17:31:35.894+0000] {processor.py:925} INFO - DAG(s) 'read_dataset_event_from_classic', 'read_dataset_event' retrieved from /home/airflow/.local/lib/python3.12/site-packages/airflow/example_dags/example_inlet_event_extra.py
[2026-07-29T17:31:35.905+0000] {logging_mixin.py:190} INFO - [2026-07-29T17:31:35.905+0000] {dag.py:3211} INFO - Sync 2 DAGs
[2026-07-29T17:31:35.998+0000] {logging_mixin.py:190} INFO - [2026-07-29T17:31:35.998+0000] {dag.py:4138} INFO - Setting next_dagrun for read_dataset_event to 2026-07-28 00:00:00+00:00, run_after=2026-07-29 00:00:00+00:00
[2026-07-29T17:31:36.000+0000] {logging_mixin.py:190} INFO - [2026-07-29T17:31:36.000+0000] {dag.py:4138} INFO - Setting next_dagrun for read_dataset_event_from_classic to 2026-07-28 00:00:00+00:00, run_after=2026-07-29 00:00:00+00:00
[2026-07-29T17:31:36.005+0000] {processor.py:208} INFO - Processing /home/airflow/.local/lib/python3.12/site-packages/airflow/example_dags/example_inlet_event_extra.py took 0.176 seconds
[2026-07-29T17:32:06.103+0000] {processor.py:186} INFO - Started process (PID=13232) to work on /home/airflow/.local/lib/python3.12/site-packages/airflow/example_dags/example_inlet_event_extra.py
[2026-07-29T17:32:06.105+0000] {processor.py:914} INFO - Processing file /home/airflow/.local/lib/python3.12/site-packages/airflow/example_dags/example_inlet_event_extra.py for tasks to queue
[2026-07-29T17:32:06.106+0000] {logging_mixin.py:190} INFO - [2026-07-29T17:32:06.106+0000] {dagbag.py:587} INFO - Filling up the DagBag from /home/airflow/.local/lib/python3.12/site-packages/airflow/example_dags/example_inlet_event_extra.py
[2026-07-29T17:32:06.255+0000] {processor.py:925} INFO - DAG(s) 'read_dataset_event_from_classic', 'read_dataset_event' retrieved from /home/airflow/.local/lib/python3.12/site-packages/airflow/example_dags/example_inlet_event_extra.py
[2026-07-29T17:32:06.262+0000] {logging_mixin.py:190} INFO - [2026-07-29T17:32:06.262+0000] {dag.py:3211} INFO - Sync 2 DAGs
[2026-07-29T17:32:06.271+0000] {logging_mixin.py:190} INFO - [2026-07-29T17:32:06.271+0000] {dag.py:4138} INFO - Setting next_dagrun for read_dataset_event to 2026-07-28 00:00:00+00:00, run_after=2026-07-29 00:00:00+00:00
[2026-07-29T17:32:06.273+0000] {logging_mixin.py:190} INFO - [2026-07-29T17:32:06.273+0000] {dag.py:4138} INFO - Setting next_dagrun for read_dataset_event_from_classic to 2026-07-28 00:00:00+00:00, run_after=2026-07-29 00:00:00+00:00
[2026-07-29T17:32:06.279+0000] {processor.py:208} INFO - Processing /home/airflow/.local/lib/python3.12/site-packages/airflow/example_dags/example_inlet_event_extra.py took 0.179 seconds
[2026-07-29T17:32:36.363+0000] {processor.py:186} INFO - Started process (PID=13298) to work on /home/airflow/.local/lib/python3.12/site-packages/airflow/example_dags/example_inlet_event_extra.py
[2026-07-29T17:32:36.363+0000] {processor.py:914} INFO - Processing file /home/airflow/.local/lib/python3.12/site-packages/airflow/example_dags/example_inlet_event_extra.py for tasks to queue
[2026-07-29T17:32:36.364+0000] {logging_mixin.py:190} INFO - [2026-07-29T17:32:36.364+0000] {dagbag.py:587} INFO - Filling up the DagBag from /home/airflow/.local/lib/python3.12/site-packages/airflow/example_dags/example_inlet_event_extra.py
[2026-07-29T17:32:36.522+0000] {processor.py:925} INFO - DAG(s) 'read_dataset_event', 'read_dataset_event_from_classic' retrieved from /home/airflow/.local/lib/python3.12/site-packages/airflow/example_dags/example_inlet_event_extra.py
[2026-07-29T17:32:36.531+0000] {logging_mixin.py:190} INFO - [2026-07-29T17:32:36.531+0000] {dag.py:3211} INFO - Sync 2 DAGs
[2026-07-29T17:32:36.540+0000] {logging_mixin.py:190} INFO - [2026-07-29T17:32:36.540+0000] {dag.py:4138} INFO - Setting next_dagrun for read_dataset_event to 2026-07-28 00:00:00+00:00, run_after=2026-07-29 00:00:00+00:00
[2026-07-29T17:32:36.543+0000] {logging_mixin.py:190} INFO - [2026-07-29T17:32:36.543+0000] {dag.py:4138} INFO - Setting next_dagrun for read_dataset_event_from_classic to 2026-07-28 00:00:00+00:00, run_after=2026-07-29 00:00:00+00:00
[2026-07-29T17:32:36.551+0000] {processor.py:208} INFO - Processing /home/airflow/.local/lib/python3.12/site-packages/airflow/example_dags/example_inlet_event_extra.py took 0.190 seconds
[2026-07-29T17:33:06.678+0000] {processor.py:186} INFO - Started process (PID=13362) to work on /home/airflow/.local/lib/python3.12/site-packages/airflow/example_dags/example_inlet_event_extra.py
[2026-07-29T17:33:06.680+0000] {processor.py:914} INFO - Processing file /home/airflow/.local/lib/python3.12/site-packages/airflow/example_dags/example_inlet_event_extra.py for tasks to queue
[2026-07-29T17:33:06.682+0000] {logging_mixin.py:190} INFO - [2026-07-29T17:33:06.682+0000] {dagbag.py:587} INFO - Filling up the DagBag from /home/airflow/.local/lib/python3.12/site-packages/airflow/example_dags/example_inlet_event_extra.py
[2026-07-29T17:33:06.861+0000] {processor.py:925} INFO - DAG(s) 'read_dataset_event', 'read_dataset_event_from_classic' retrieved from /home/airflow/.local/lib/python3.12/site-packages/airflow/example_dags/example_inlet_event_extra.py
[2026-07-29T17:33:06.870+0000] {logging_mixin.py:190} INFO - [2026-07-29T17:33:06.870+0000] {dag.py:3211} INFO - Sync 2 DAGs
[2026-07-29T17:33:06.879+0000] {logging_mixin.py:190} INFO - [2026-07-29T17:33:06.879+0000] {dag.py:4138} INFO - Setting next_dagrun for read_dataset_event to 2026-07-28 00:00:00+00:00, run_after=2026-07-29 00:00:00+00:00
[2026-07-29T17:33:06.882+0000] {logging_mixin.py:190} INFO - [2026-07-29T17:33:06.882+0000] {dag.py:4138} INFO - Setting next_dagrun for read_dataset_event_from_classic to 2026-07-28 00:00:00+00:00, run_after=2026-07-29 00:00:00+00:00
[2026-07-29T17:33:06.893+0000] {processor.py:208} INFO - Processing /home/airflow/.local/lib/python3.12/site-packages/airflow/example_dags/example_inlet_event_extra.py took 0.218 seconds
[2026-07-29T17:33:37.026+0000] {processor.py:186} INFO - Started process (PID=13431) to work on /home/airflow/.local/lib/python3.12/site-packages/airflow/example_dags/example_inlet_event_extra.py
[2026-07-29T17:33:37.028+0000] {processor.py:914} INFO - Processing file /home/airflow/.local/lib/python3.12/site-packages/airflow/example_dags/example_inlet_event_extra.py for tasks to queue
[2026-07-29T17:33:37.029+0000] {logging_mixin.py:190} INFO - [2026-07-29T17:33:37.029+0000] {dagbag.py:587} INFO - Filling up the DagBag from /home/airflow/.local/lib/python3.12/site-packages/airflow/example_dags/example_inlet_event_extra.py
[2026-07-29T17:33:37.189+0000] {processor.py:925} INFO - DAG(s) 'read_dataset_event', 'read_dataset_event_from_classic' retrieved from /home/airflow/.local/lib/python3.12/site-packages/airflow/example_dags/example_inlet_event_extra.py
[2026-07-29T17:33:37.203+0000] {logging_mixin.py:190} INFO - [2026-07-29T17:33:37.202+0000] {dag.py:3211} INFO - Sync 2 DAGs
[2026-07-29T17:33:37.213+0000] {logging_mixin.py:190} INFO - [2026-07-29T17:33:37.213+0000] {dag.py:4138} INFO - Setting next_dagrun for read_dataset_event to 2026-07-28 00:00:00+00:00, run_after=2026-07-29 00:00:00+00:00
[2026-07-29T17:33:37.215+0000] {logging_mixin.py:190} INFO - [2026-07-29T17:33:37.215+0000] {dag.py:4138} INFO - Setting next_dagrun for read_dataset_event_from_classic to 2026-07-28 00:00:00+00:00, run_after=2026-07-29 00:00:00+00:00
[2026-07-29T17:33:37.220+0000] {processor.py:208} INFO - Processing /home/airflow/.local/lib/python3.12/site-packages/airflow/example_dags/example_inlet_event_extra.py took 0.197 seconds
[2026-07-29T17:34:07.491+0000] {processor.py:186} INFO - Started process (PID=13498) to work on /home/airflow/.local/lib/python3.12/site-packages/airflow/example_dags/example_inlet_event_extra.py
[2026-07-29T17:34:07.492+0000] {processor.py:914} INFO - Processing file /home/airflow/.local/lib/python3.12/site-packages/airflow/example_dags/example_inlet_event_extra.py for tasks to queue
[2026-07-29T17:34:07.495+0000] {logging_mixin.py:190} INFO - [2026-07-29T17:34:07.495+0000] {dagbag.py:587} INFO - Filling up the DagBag from /home/airflow/.local/lib/python3.12/site-packages/airflow/example_dags/example_inlet_event_extra.py
[2026-07-29T17:34:07.549+0000] {processor.py:925} INFO - DAG(s) 'read_dataset_event_from_classic', 'read_dataset_event' retrieved from /home/airflow/.local/lib/python3.12/site-packages/airflow/example_dags/example_inlet_event_extra.py
[2026-07-29T17:34:07.559+0000] {logging_mixin.py:190} INFO - [2026-07-29T17:34:07.559+0000] {dag.py:3211} INFO - Sync 2 DAGs
[2026-07-29T17:34:07.572+0000] {logging_mixin.py:190} INFO - [2026-07-29T17:34:07.572+0000] {dag.py:4138} INFO - Setting next_dagrun for read_dataset_event to 2026-07-28 00:00:00+00:00, run_after=2026-07-29 00:00:00+00:00
[2026-07-29T17:34:07.574+0000] {logging_mixin.py:190} INFO - [2026-07-29T17:34:07.574+0000] {dag.py:4138} INFO - Setting next_dagrun for read_dataset_event_from_classic to 2026-07-28 00:00:00+00:00, run_after=2026-07-29 00:00:00+00:00
[2026-07-29T17:34:07.580+0000] {processor.py:208} INFO - Processing /home/airflow/.local/lib/python3.12/site-packages/airflow/example_dags/example_inlet_event_extra.py took 0.091 seconds
[2026-07-29T17:34:38.070+0000] {processor.py:186} INFO - Started process (PID=13548) to work on /home/airflow/.local/lib/python3.12/site-packages/airflow/example_dags/example_inlet_event_extra.py
[2026-07-29T17:34:38.070+0000] {processor.py:914} INFO - Processing file /home/airflow/.local/lib/python3.12/site-packages/airflow/example_dags/example_inlet_event_extra.py for tasks to queue
[2026-07-29T17:34:38.073+0000] {logging_mixin.py:190} INFO - [2026-07-29T17:34:38.072+0000] {dagbag.py:587} INFO - Filling up the DagBag from /home/airflow/.local/lib/python3.12/site-packages/airflow/example_dags/example_inlet_event_extra.py
[2026-07-29T17:34:38.145+0000] {processor.py:925} INFO - DAG(s) 'read_dataset_event', 'read_dataset_event_from_classic' retrieved from /home/airflow/.local/lib/python3.12/site-packages/airflow/example_dags/example_inlet_event_extra.py
[2026-07-29T17:34:38.155+0000] {logging_mixin.py:190} INFO - [2026-07-29T17:34:38.155+0000] {dag.py:3211} INFO - Sync 2 DAGs
[2026-07-29T17:34:38.165+0000] {logging_mixin.py:190} INFO - [2026-07-29T17:34:38.165+0000] {dag.py:4138} INFO - Setting next_dagrun for read_dataset_event to 2026-07-28 00:00:00+00:00, run_after=2026-07-29 00:00:00+00:00
[2026-07-29T17:34:38.166+0000] {logging_mixin.py:190} INFO - [2026-07-29T17:34:38.166+0000] {dag.py:4138} INFO - Setting next_dagrun for read_dataset_event_from_classic to 2026-07-28 00:00:00+00:00, run_after=2026-07-29 00:00:00+00:00
[2026-07-29T17:34:38.172+0000] {processor.py:208} INFO - Processing /home/airflow/.local/lib/python3.12/site-packages/airflow/example_dags/example_inlet_event_extra.py took 0.108 seconds
[2026-07-29T17:35:09.066+0000] {processor.py:186} INFO - Started process (PID=13614) to work on /home/airflow/.local/lib/python3.12/site-packages/airflow/example_dags/example_inlet_event_extra.py
[2026-07-29T17:35:09.069+0000] {processor.py:914} INFO - Processing file /home/airflow/.local/lib/python3.12/site-packages/airflow/example_dags/example_inlet_event_extra.py for tasks to queue
[2026-07-29T17:35:09.071+0000] {logging_mixin.py:190} INFO - [2026-07-29T17:35:09.071+0000] {dagbag.py:587} INFO - Filling up the DagBag from /home/airflow/.local/lib/python3.12/site-packages/airflow/example_dags/example_inlet_event_extra.py
[2026-07-29T17:35:09.141+0000] {processor.py:925} INFO - DAG(s) 'read_dataset_event_from_classic', 'read_dataset_event' retrieved from /home/airflow/.local/lib/python3.12/site-packages/airflow/example_dags/example_inlet_event_extra.py
[2026-07-29T17:35:09.151+0000] {logging_mixin.py:190} INFO - [2026-07-29T17:35:09.150+0000] {dag.py:3211} INFO - Sync 2 DAGs
[2026-07-29T17:35:09.159+0000] {logging_mixin.py:190} INFO - [2026-07-29T17:35:09.159+0000] {dag.py:4138} INFO - Setting next_dagrun for read_dataset_event to 2026-07-28 00:00:00+00:00, run_after=2026-07-29 00:00:00+00:00
[2026-07-29T17:35:09.161+0000] {logging_mixin.py:190} INFO - [2026-07-29T17:35:09.161+0000] {dag.py:4138} INFO - Setting next_dagrun for read_dataset_event_from_classic to 2026-07-28 00:00:00+00:00, run_after=2026-07-29 00:00:00+00:00
[2026-07-29T17:35:09.168+0000] {processor.py:208} INFO - Processing /home/airflow/.local/lib/python3.12/site-packages/airflow/example_dags/example_inlet_event_extra.py took 0.105 seconds
[2026-07-29T17:35:39.259+0000] {processor.py:186} INFO - Started process (PID=13680) to work on /home/airflow/.local/lib/python3.12/site-packages/airflow/example_dags/example_inlet_event_extra.py
[2026-07-29T17:35:39.260+0000] {processor.py:914} INFO - Processing file /home/airflow/.local/lib/python3.12/site-packages/airflow/example_dags/example_inlet_event_extra.py for tasks to queue
[2026-07-29T17:35:39.262+0000] {logging_mixin.py:190} INFO - [2026-07-29T17:35:39.262+0000] {dagbag.py:587} INFO - Filling up the DagBag from /home/airflow/.local/lib/python3.12/site-packages/airflow/example_dags/example_inlet_event_extra.py
[2026-07-29T17:35:39.332+0000] {processor.py:925} INFO - DAG(s) 'read_dataset_event_from_classic', 'read_dataset_event' retrieved from /home/airflow/.local/lib/python3.12/site-packages/airflow/example_dags/example_inlet_event_extra.py
[2026-07-29T17:35:39.345+0000] {logging_mixin.py:190} INFO - [2026-07-29T17:35:39.345+0000] {dag.py:3211} INFO - Sync 2 DAGs
[2026-07-29T17:35:39.356+0000] {logging_mixin.py:190} INFO - [2026-07-29T17:35:39.356+0000] {dag.py:4138} INFO - Setting next_dagrun for read_dataset_event to 2026-07-28 00:00:00+00:00, run_after=2026-07-29 00:00:00+00:00
[2026-07-29T17:35:39.357+0000] {logging_mixin.py:190} INFO - [2026-07-29T17:35:39.357+0000] {dag.py:4138} INFO - Setting next_dagrun for read_dataset_event_from_classic to 2026-07-28 00:00:00+00:00, run_after=2026-07-29 00:00:00+00:00
[2026-07-29T17:35:39.366+0000] {processor.py:208} INFO - Processing /home/airflow/.local/lib/python3.12/site-packages/airflow/example_dags/example_inlet_event_extra.py took 0.111 seconds
[2026-07-29T17:36:09.421+0000] {processor.py:186} INFO - Started process (PID=13747) to work on /home/airflow/.local/lib/python3.12/site-packages/airflow/example_dags/example_inlet_event_extra.py
[2026-07-29T17:36:09.422+0000] {processor.py:914} INFO - Processing file /home/airflow/.local/lib/python3.12/site-packages/airflow/example_dags/example_inlet_event_extra.py for tasks to queue
[2026-07-29T17:36:09.424+0000] {logging_mixin.py:190} INFO - [2026-07-29T17:36:09.424+0000] {dagbag.py:587} INFO - Filling up the DagBag from /home/airflow/.local/lib/python3.12/site-packages/airflow/example_dags/example_inlet_event_extra.py
[2026-07-29T17:36:09.516+0000] {processor.py:925} INFO - DAG(s) 'read_dataset_event', 'read_dataset_event_from_classic' retrieved from /home/airflow/.local/lib/python3.12/site-packages/airflow/example_dags/example_inlet_event_extra.py
[2026-07-29T17:36:09.534+0000] {logging_mixin.py:190} INFO - [2026-07-29T17:36:09.534+0000] {dag.py:3211} INFO - Sync 2 DAGs
[2026-07-29T17:36:09.546+0000] {logging_mixin.py:190} INFO - [2026-07-29T17:36:09.546+0000] {dag.py:4138} INFO - Setting next_dagrun for read_dataset_event to 2026-07-28 00:00:00+00:00, run_after=2026-07-29 00:00:00+00:00
[2026-07-29T17:36:09.548+0000] {logging_mixin.py:190} INFO - [2026-07-29T17:36:09.548+0000] {dag.py:4138} INFO - Setting next_dagrun for read_dataset_event_from_classic to 2026-07-28 00:00:00+00:00, run_after=2026-07-29 00:00:00+00:00
[2026-07-29T17:36:09.560+0000] {processor.py:208} INFO - Processing /home/airflow/.local/lib/python3.12/site-packages/airflow/example_dags/example_inlet_event_extra.py took 0.144 seconds
[2026-07-29T17:36:39.612+0000] {processor.py:186} INFO - Started process (PID=13815) to work on /home/airflow/.local/lib/python3.12/site-packages/airflow/example_dags/example_inlet_event_extra.py
[2026-07-29T17:36:39.614+0000] {processor.py:914} INFO - Processing file /home/airflow/.local/lib/python3.12/site-packages/airflow/example_dags/example_inlet_event_extra.py for tasks to queue
[2026-07-29T17:36:39.615+0000] {logging_mixin.py:190} INFO - [2026-07-29T17:36:39.615+0000] {dagbag.py:587} INFO - Filling up the DagBag from /home/airflow/.local/lib/python3.12/site-packages/airflow/example_dags/example_inlet_event_extra.py
[2026-07-29T17:36:39.671+0000] {processor.py:925} INFO - DAG(s) 'read_dataset_event_from_classic', 'read_dataset_event' retrieved from /home/airflow/.local/lib/python3.12/site-packages/airflow/example_dags/example_inlet_event_extra.py
[2026-07-29T17:36:39.680+0000] {logging_mixin.py:190} INFO - [2026-07-29T17:36:39.680+0000] {dag.py:3211} INFO - Sync 2 DAGs
[2026-07-29T17:36:39.690+0000] {logging_mixin.py:190} INFO - [2026-07-29T17:36:39.690+0000] {dag.py:4138} INFO - Setting next_dagrun for read_dataset_event to 2026-07-28 00:00:00+00:00, run_after=2026-07-29 00:00:00+00:00
[2026-07-29T17:36:39.692+0000] {logging_mixin.py:190} INFO - [2026-07-29T17:36:39.692+0000] {dag.py:4138} INFO - Setting next_dagrun for read_dataset_event_from_classic to 2026-07-28 00:00:00+00:00, run_after=2026-07-29 00:00:00+00:00
[2026-07-29T17:36:39.697+0000] {processor.py:208} INFO - Processing /home/airflow/.local/lib/python3.12/site-packages/airflow/example_dags/example_inlet_event_extra.py took 0.087 seconds
[2026-07-29T17:37:10.604+0000] {processor.py:186} INFO - Started process (PID=13878) to work on /home/airflow/.local/lib/python3.12/site-packages/airflow/example_dags/example_inlet_event_extra.py
[2026-07-29T17:37:10.605+0000] {processor.py:914} INFO - Processing file /home/airflow/.local/lib/python3.12/site-packages/airflow/example_dags/example_inlet_event_extra.py for tasks to queue
[2026-07-29T17:37:10.607+0000] {logging_mixin.py:190} INFO - [2026-07-29T17:37:10.606+0000] {dagbag.py:587} INFO - Filling up the DagBag from /home/airflow/.local/lib/python3.12/site-packages/airflow/example_dags/example_inlet_event_extra.py
[2026-07-29T17:37:10.679+0000] {processor.py:925} INFO - DAG(s) 'read_dataset_event_from_classic', 'read_dataset_event' retrieved from /home/airflow/.local/lib/python3.12/site-packages/airflow/example_dags/example_inlet_event_extra.py
[2026-07-29T17:37:10.691+0000] {logging_mixin.py:190} INFO - [2026-07-29T17:37:10.691+0000] {dag.py:3211} INFO - Sync 2 DAGs
[2026-07-29T17:37:10.704+0000] {logging_mixin.py:190} INFO - [2026-07-29T17:37:10.704+0000] {dag.py:4138} INFO - Setting next_dagrun for read_dataset_event to 2026-07-28 00:00:00+00:00, run_after=2026-07-29 00:00:00+00:00
[2026-07-29T17:37:10.706+0000] {logging_mixin.py:190} INFO - [2026-07-29T17:37:10.706+0000] {dag.py:4138} INFO - Setting next_dagrun for read_dataset_event_from_classic to 2026-07-28 00:00:00+00:00, run_after=2026-07-29 00:00:00+00:00
[2026-07-29T17:37:10.713+0000] {processor.py:208} INFO - Processing /home/airflow/.local/lib/python3.12/site-packages/airflow/example_dags/example_inlet_event_extra.py took 0.114 seconds
[2026-07-29T17:37:40.730+0000] {processor.py:186} INFO - Started process (PID=13945) to work on /home/airflow/.local/lib/python3.12/site-packages/airflow/example_dags/example_inlet_event_extra.py
[2026-07-29T17:37:40.730+0000] {processor.py:914} INFO - Processing file /home/airflow/.local/lib/python3.12/site-packages/airflow/example_dags/example_inlet_event_extra.py for tasks to queue
[2026-07-29T17:37:40.731+0000] {logging_mixin.py:190} INFO - [2026-07-29T17:37:40.731+0000] {dagbag.py:587} INFO - Filling up the DagBag from /home/airflow/.local/lib/python3.12/site-packages/airflow/example_dags/example_inlet_event_extra.py
[2026-07-29T17:37:40.786+0000] {processor.py:925} INFO - DAG(s) 'read_dataset_event', 'read_dataset_event_from_classic' retrieved from /home/airflow/.local/lib/python3.12/site-packages/airflow/example_dags/example_inlet_event_extra.py
[2026-07-29T17:37:40.799+0000] {logging_mixin.py:190} INFO - [2026-07-29T17:37:40.798+0000] {dag.py:3211} INFO - Sync 2 DAGs
[2026-07-29T17:37:40.809+0000] {logging_mixin.py:190} INFO - [2026-07-29T17:37:40.809+0000] {dag.py:4138} INFO - Setting next_dagrun for read_dataset_event to 2026-07-28 00:00:00+00:00, run_after=2026-07-29 00:00:00+00:00
[2026-07-29T17:37:40.811+0000] {logging_mixin.py:190} INFO - [2026-07-29T17:37:40.811+0000] {dag.py:4138} INFO - Setting next_dagrun for read_dataset_event_from_classic to 2026-07-28 00:00:00+00:00, run_after=2026-07-29 00:00:00+00:00
[2026-07-29T17:37:40.815+0000] {processor.py:208} INFO - Processing /home/airflow/.local/lib/python3.12/site-packages/airflow/example_dags/example_inlet_event_extra.py took 0.088 seconds
[2026-07-29T17:38:11.648+0000] {processor.py:186} INFO - Started process (PID=14010) to work on /home/airflow/.local/lib/python3.12/site-packages/airflow/example_dags/example_inlet_event_extra.py
[2026-07-29T17:38:11.648+0000] {processor.py:914} INFO - Processing file /home/airflow/.local/lib/python3.12/site-packages/airflow/example_dags/example_inlet_event_extra.py for tasks to queue
[2026-07-29T17:38:11.650+0000] {logging_mixin.py:190} INFO - [2026-07-29T17:38:11.650+0000] {dagbag.py:587} INFO - Filling up the DagBag from /home/airflow/.local/lib/python3.12/site-packages/airflow/example_dags/example_inlet_event_extra.py
[2026-07-29T17:38:11.720+0000] {processor.py:925} INFO - DAG(s) 'read_dataset_event', 'read_dataset_event_from_classic' retrieved from /home/airflow/.local/lib/python3.12/site-packages/airflow/example_dags/example_inlet_event_extra.py
[2026-07-29T17:38:11.733+0000] {logging_mixin.py:190} INFO - [2026-07-29T17:38:11.732+0000] {dag.py:3211} INFO - Sync 2 DAGs
[2026-07-29T17:38:11.742+0000] {logging_mixin.py:190} INFO - [2026-07-29T17:38:11.742+0000] {dag.py:4138} INFO - Setting next_dagrun for read_dataset_event to 2026-07-28 00:00:00+00:00, run_after=2026-07-29 00:00:00+00:00
[2026-07-29T17:38:11.743+0000] {logging_mixin.py:190} INFO - [2026-07-29T17:38:11.743+0000] {dag.py:4138} INFO - Setting next_dagrun for read_dataset_event_from_classic to 2026-07-28 00:00:00+00:00, run_after=2026-07-29 00:00:00+00:00
[2026-07-29T17:38:11.749+0000] {processor.py:208} INFO - Processing /home/airflow/.local/lib/python3.12/site-packages/airflow/example_dags/example_inlet_event_extra.py took 0.107 seconds
[2026-07-29T17:38:42.592+0000] {processor.py:186} INFO - Started process (PID=14076) to work on /home/airflow/.local/lib/python3.12/site-packages/airflow/example_dags/example_inlet_event_extra.py
[2026-07-29T17:38:42.593+0000] {processor.py:914} INFO - Processing file /home/airflow/.local/lib/python3.12/site-packages/airflow/example_dags/example_inlet_event_extra.py for tasks to queue
[2026-07-29T17:38:42.595+0000] {logging_mixin.py:190} INFO - [2026-07-29T17:38:42.595+0000] {dagbag.py:587} INFO - Filling up the DagBag from /home/airflow/.local/lib/python3.12/site-packages/airflow/example_dags/example_inlet_event_extra.py
[2026-07-29T17:38:42.664+0000] {processor.py:925} INFO - DAG(s) 'read_dataset_event_from_classic', 'read_dataset_event' retrieved from /home/airflow/.local/lib/python3.12/site-packages/airflow/example_dags/example_inlet_event_extra.py
[2026-07-29T17:38:42.679+0000] {logging_mixin.py:190} INFO - [2026-07-29T17:38:42.679+0000] {dag.py:3211} INFO - Sync 2 DAGs
[2026-07-29T17:38:42.688+0000] {logging_mixin.py:190} INFO - [2026-07-29T17:38:42.688+0000] {dag.py:4138} INFO - Setting next_dagrun for read_dataset_event to 2026-07-28 00:00:00+00:00, run_after=2026-07-29 00:00:00+00:00
[2026-07-29T17:38:42.689+0000] {logging_mixin.py:190} INFO - [2026-07-29T17:38:42.689+0000] {dag.py:4138} INFO - Setting next_dagrun for read_dataset_event_from_classic to 2026-07-28 00:00:00+00:00, run_after=2026-07-29 00:00:00+00:00
[2026-07-29T17:38:42.694+0000] {processor.py:208} INFO - Processing /home/airflow/.local/lib/python3.12/site-packages/airflow/example_dags/example_inlet_event_extra.py took 0.107 seconds
[2026-07-29T17:39:13.218+0000] {processor.py:186} INFO - Started process (PID=14142) to work on /home/airflow/.local/lib/python3.12/site-packages/airflow/example_dags/example_inlet_event_extra.py
[2026-07-29T17:39:13.220+0000] {processor.py:914} INFO - Processing file /home/airflow/.local/lib/python3.12/site-packages/airflow/example_dags/example_inlet_event_extra.py for tasks to queue
[2026-07-29T17:39:13.222+0000] {logging_mixin.py:190} INFO - [2026-07-29T17:39:13.222+0000] {dagbag.py:587} INFO - Filling up the DagBag from /home/airflow/.local/lib/python3.12/site-packages/airflow/example_dags/example_inlet_event_extra.py
[2026-07-29T17:39:13.299+0000] {processor.py:925} INFO - DAG(s) 'read_dataset_event', 'read_dataset_event_from_classic' retrieved from /home/airflow/.local/lib/python3.12/site-packages/airflow/example_dags/example_inlet_event_extra.py
[2026-07-29T17:39:13.317+0000] {logging_mixin.py:190} INFO - [2026-07-29T17:39:13.317+0000] {dag.py:3211} INFO - Sync 2 DAGs
[2026-07-29T17:39:13.329+0000] {logging_mixin.py:190} INFO - [2026-07-29T17:39:13.329+0000] {dag.py:4138} INFO - Setting next_dagrun for read_dataset_event to 2026-07-28 00:00:00+00:00, run_after=2026-07-29 00:00:00+00:00
[2026-07-29T17:39:13.331+0000] {logging_mixin.py:190} INFO - [2026-07-29T17:39:13.331+0000] {dag.py:4138} INFO - Setting next_dagrun for read_dataset_event_from_classic to 2026-07-28 00:00:00+00:00, run_after=2026-07-29 00:00:00+00:00
[2026-07-29T17:39:13.338+0000] {processor.py:208} INFO - Processing /home/airflow/.local/lib/python3.12/site-packages/airflow/example_dags/example_inlet_event_extra.py took 0.125 seconds
[2026-07-29T17:39:44.285+0000] {processor.py:186} INFO - Started process (PID=14208) to work on /home/airflow/.local/lib/python3.12/site-packages/airflow/example_dags/example_inlet_event_extra.py
[2026-07-29T17:39:44.285+0000] {processor.py:914} INFO - Processing file /home/airflow/.local/lib/python3.12/site-packages/airflow/example_dags/example_inlet_event_extra.py for tasks to queue
[2026-07-29T17:39:44.288+0000] {logging_mixin.py:190} INFO - [2026-07-29T17:39:44.287+0000] {dagbag.py:587} INFO - Filling up the DagBag from /home/airflow/.local/lib/python3.12/site-packages/airflow/example_dags/example_inlet_event_extra.py
[2026-07-29T17:39:44.358+0000] {processor.py:925} INFO - DAG(s) 'read_dataset_event_from_classic', 'read_dataset_event' retrieved from /home/airflow/.local/lib/python3.12/site-packages/airflow/example_dags/example_inlet_event_extra.py
[2026-07-29T17:39:44.374+0000] {logging_mixin.py:190} INFO - [2026-07-29T17:39:44.374+0000] {dag.py:3211} INFO - Sync 2 DAGs
[2026-07-29T17:39:44.383+0000] {logging_mixin.py:190} INFO - [2026-07-29T17:39:44.383+0000] {dag.py:4138} INFO - Setting next_dagrun for read_dataset_event to 2026-07-28 00:00:00+00:00, run_after=2026-07-29 00:00:00+00:00
[2026-07-29T17:39:44.384+0000] {logging_mixin.py:190} INFO - [2026-07-29T17:39:44.384+0000] {dag.py:4138} INFO - Setting next_dagrun for read_dataset_event_from_classic to 2026-07-28 00:00:00+00:00, run_after=2026-07-29 00:00:00+00:00
[2026-07-29T17:39:44.389+0000] {processor.py:208} INFO - Processing /home/airflow/.local/lib/python3.12/site-packages/airflow/example_dags/example_inlet_event_extra.py took 0.111 seconds
[2026-07-29T17:40:15.314+0000] {processor.py:186} INFO - Started process (PID=14274) to work on /home/airflow/.local/lib/python3.12/site-packages/airflow/example_dags/example_inlet_event_extra.py
[2026-07-29T17:40:15.315+0000] {processor.py:914} INFO - Processing file /home/airflow/.local/lib/python3.12/site-packages/airflow/example_dags/example_inlet_event_extra.py for tasks to queue
[2026-07-29T17:40:15.318+0000] {logging_mixin.py:190} INFO - [2026-07-29T17:40:15.318+0000] {dagbag.py:587} INFO - Filling up the DagBag from /home/airflow/.local/lib/python3.12/site-packages/airflow/example_dags/example_inlet_event_extra.py
[2026-07-29T17:40:15.387+0000] {processor.py:925} INFO - DAG(s) 'read_dataset_event', 'read_dataset_event_from_classic' retrieved from /home/airflow/.local/lib/python3.12/site-packages/airflow/example_dags/example_inlet_event_extra.py
[2026-07-29T17:40:15.400+0000] {logging_mixin.py:190} INFO - [2026-07-29T17:40:15.399+0000] {dag.py:3211} INFO - Sync 2 DAGs
[2026-07-29T17:40:15.409+0000] {logging_mixin.py:190} INFO - [2026-07-29T17:40:15.408+0000] {dag.py:4138} INFO - Setting next_dagrun for read_dataset_event to 2026-07-28 00:00:00+00:00, run_after=2026-07-29 00:00:00+00:00
[2026-07-29T17:40:15.410+0000] {logging_mixin.py:190} INFO - [2026-07-29T17:40:15.410+0000] {dag.py:4138} INFO - Setting next_dagrun for read_dataset_event_from_classic to 2026-07-28 00:00:00+00:00, run_after=2026-07-29 00:00:00+00:00
[2026-07-29T17:40:15.420+0000] {processor.py:208} INFO - Processing /home/airflow/.local/lib/python3.12/site-packages/airflow/example_dags/example_inlet_event_extra.py took 0.113 seconds
[2026-07-29T17:40:46.261+0000] {processor.py:186} INFO - Started process (PID=14340) to work on /home/airflow/.local/lib/python3.12/site-packages/airflow/example_dags/example_inlet_event_extra.py
[2026-07-29T17:40:46.263+0000] {processor.py:914} INFO - Processing file /home/airflow/.local/lib/python3.12/site-packages/airflow/example_dags/example_inlet_event_extra.py for tasks to queue
[2026-07-29T17:40:46.266+0000] {logging_mixin.py:190} INFO - [2026-07-29T17:40:46.265+0000] {dagbag.py:587} INFO - Filling up the DagBag from /home/airflow/.local/lib/python3.12/site-packages/airflow/example_dags/example_inlet_event_extra.py
[2026-07-29T17:40:46.337+0000] {processor.py:925} INFO - DAG(s) 'read_dataset_event', 'read_dataset_event_from_classic' retrieved from /home/airflow/.local/lib/python3.12/site-packages/airflow/example_dags/example_inlet_event_extra.py
[2026-07-29T17:40:46.347+0000] {logging_mixin.py:190} INFO - [2026-07-29T17:40:46.347+0000] {dag.py:3211} INFO - Sync 2 DAGs
[2026-07-29T17:40:46.360+0000] {logging_mixin.py:190} INFO - [2026-07-29T17:40:46.360+0000] {dag.py:4138} INFO - Setting next_dagrun for read_dataset_event to 2026-07-28 00:00:00+00:00, run_after=2026-07-29 00:00:00+00:00
[2026-07-29T17:40:46.361+0000] {logging_mixin.py:190} INFO - [2026-07-29T17:40:46.361+0000] {dag.py:4138} INFO - Setting next_dagrun for read_dataset_event_from_classic to 2026-07-28 00:00:00+00:00, run_after=2026-07-29 00:00:00+00:00
[2026-07-29T17:40:46.373+0000] {processor.py:208} INFO - Processing /home/airflow/.local/lib/python3.12/site-packages/airflow/example_dags/example_inlet_event_extra.py took 0.118 seconds
[2026-07-29T17:41:17.211+0000] {processor.py:186} INFO - Started process (PID=14406) to work on /home/airflow/.local/lib/python3.12/site-packages/airflow/example_dags/example_inlet_event_extra.py
[2026-07-29T17:41:17.212+0000] {processor.py:914} INFO - Processing file /home/airflow/.local/lib/python3.12/site-packages/airflow/example_dags/example_inlet_event_extra.py for tasks to queue
[2026-07-29T17:41:17.215+0000] {logging_mixin.py:190} INFO - [2026-07-29T17:41:17.214+0000] {dagbag.py:587} INFO - Filling up the DagBag from /home/airflow/.local/lib/python3.12/site-packages/airflow/example_dags/example_inlet_event_extra.py
[2026-07-29T17:41:17.285+0000] {processor.py:925} INFO - DAG(s) 'read_dataset_event_from_classic', 'read_dataset_event' retrieved from /home/airflow/.local/lib/python3.12/site-packages/airflow/example_dags/example_inlet_event_extra.py
[2026-07-29T17:41:17.299+0000] {logging_mixin.py:190} INFO - [2026-07-29T17:41:17.298+0000] {dag.py:3211} INFO - Sync 2 DAGs
[2026-07-29T17:41:17.310+0000] {logging_mixin.py:190} INFO - [2026-07-29T17:41:17.310+0000] {dag.py:4138} INFO - Setting next_dagrun for read_dataset_event to 2026-07-28 00:00:00+00:00, run_after=2026-07-29 00:00:00+00:00
[2026-07-29T17:41:17.312+0000] {logging_mixin.py:190} INFO - [2026-07-29T17:41:17.312+0000] {dag.py:4138} INFO - Setting next_dagrun for read_dataset_event_from_classic to 2026-07-28 00:00:00+00:00, run_after=2026-07-29 00:00:00+00:00
[2026-07-29T17:41:17.320+0000] {processor.py:208} INFO - Processing /home/airflow/.local/lib/python3.12/site-packages/airflow/example_dags/example_inlet_event_extra.py took 0.114 seconds
[2026-07-29T17:41:48.285+0000] {processor.py:186} INFO - Started process (PID=14472) to work on /home/airflow/.local/lib/python3.12/site-packages/airflow/example_dags/example_inlet_event_extra.py
[2026-07-29T17:41:48.286+0000] {processor.py:914} INFO - Processing file /home/airflow/.local/lib/python3.12/site-packages/airflow/example_dags/example_inlet_event_extra.py for tasks to queue
[2026-07-29T17:41:48.288+0000] {logging_mixin.py:190} INFO - [2026-07-29T17:41:48.288+0000] {dagbag.py:587} INFO - Filling up the DagBag from /home/airflow/.local/lib/python3.12/site-packages/airflow/example_dags/example_inlet_event_extra.py
[2026-07-29T17:41:48.359+0000] {processor.py:925} INFO - DAG(s) 'read_dataset_event', 'read_dataset_event_from_classic' retrieved from /home/airflow/.local/lib/python3.12/site-packages/airflow/example_dags/example_inlet_event_extra.py
[2026-07-29T17:41:48.373+0000] {logging_mixin.py:190} INFO - [2026-07-29T17:41:48.373+0000] {dag.py:3211} INFO - Sync 2 DAGs
[2026-07-29T17:41:48.383+0000] {logging_mixin.py:190} INFO - [2026-07-29T17:41:48.383+0000] {dag.py:4138} INFO - Setting next_dagrun for read_dataset_event to 2026-07-28 00:00:00+00:00, run_after=2026-07-29 00:00:00+00:00
[2026-07-29T17:41:48.384+0000] {logging_mixin.py:190} INFO - [2026-07-29T17:41:48.384+0000] {dag.py:4138} INFO - Setting next_dagrun for read_dataset_event_from_classic to 2026-07-28 00:00:00+00:00, run_after=2026-07-29 00:00:00+00:00
[2026-07-29T17:41:48.390+0000] {processor.py:208} INFO - Processing /home/airflow/.local/lib/python3.12/site-packages/airflow/example_dags/example_inlet_event_extra.py took 0.110 seconds
[2026-07-29T17:42:19.258+0000] {processor.py:186} INFO - Started process (PID=14538) to work on /home/airflow/.local/lib/python3.12/site-packages/airflow/example_dags/example_inlet_event_extra.py
[2026-07-29T17:42:19.259+0000] {processor.py:914} INFO - Processing file /home/airflow/.local/lib/python3.12/site-packages/airflow/example_dags/example_inlet_event_extra.py for tasks to queue
[2026-07-29T17:42:19.261+0000] {logging_mixin.py:190} INFO - [2026-07-29T17:42:19.261+0000] {dagbag.py:587} INFO - Filling up the DagBag from /home/airflow/.local/lib/python3.12/site-packages/airflow/example_dags/example_inlet_event_extra.py
[2026-07-29T17:42:19.333+0000] {processor.py:925} INFO - DAG(s) 'read_dataset_event_from_classic', 'read_dataset_event' retrieved from /home/airflow/.local/lib/python3.12/site-packages/airflow/example_dags/example_inlet_event_extra.py
[2026-07-29T17:42:19.346+0000] {logging_mixin.py:190} INFO - [2026-07-29T17:42:19.346+0000] {dag.py:3211} INFO - Sync 2 DAGs
[2026-07-29T17:42:19.356+0000] {logging_mixin.py:190} INFO - [2026-07-29T17:42:19.356+0000] {dag.py:4138} INFO - Setting next_dagrun for read_dataset_event to 2026-07-28 00:00:00+00:00, run_after=2026-07-29 00:00:00+00:00
[2026-07-29T17:42:19.357+0000] {logging_mixin.py:190} INFO - [2026-07-29T17:42:19.357+0000] {dag.py:4138} INFO - Setting next_dagrun for read_dataset_event_from_classic to 2026-07-28 00:00:00+00:00, run_after=2026-07-29 00:00:00+00:00
[2026-07-29T17:42:19.365+0000] {processor.py:208} INFO - Processing /home/airflow/.local/lib/python3.12/site-packages/airflow/example_dags/example_inlet_event_extra.py took 0.112 seconds
[2026-07-29T17:42:50.168+0000] {processor.py:186} INFO - Started process (PID=14604) to work on /home/airflow/.local/lib/python3.12/site-packages/airflow/example_dags/example_inlet_event_extra.py
[2026-07-29T17:42:50.169+0000] {processor.py:914} INFO - Processing file /home/airflow/.local/lib/python3.12/site-packages/airflow/example_dags/example_inlet_event_extra.py for tasks to queue
[2026-07-29T17:42:50.172+0000] {logging_mixin.py:190} INFO - [2026-07-29T17:42:50.171+0000] {dagbag.py:587} INFO - Filling up the DagBag from /home/airflow/.local/lib/python3.12/site-packages/airflow/example_dags/example_inlet_event_extra.py
[2026-07-29T17:42:50.248+0000] {processor.py:925} INFO - DAG(s) 'read_dataset_event', 'read_dataset_event_from_classic' retrieved from /home/airflow/.local/lib/python3.12/site-packages/airflow/example_dags/example_inlet_event_extra.py
[2026-07-29T17:42:50.266+0000] {logging_mixin.py:190} INFO - [2026-07-29T17:42:50.266+0000] {dag.py:3211} INFO - Sync 2 DAGs
[2026-07-29T17:42:50.282+0000] {logging_mixin.py:190} INFO - [2026-07-29T17:42:50.282+0000] {dag.py:4138} INFO - Setting next_dagrun for read_dataset_event to 2026-07-28 00:00:00+00:00, run_after=2026-07-29 00:00:00+00:00
[2026-07-29T17:42:50.285+0000] {logging_mixin.py:190} INFO - [2026-07-29T17:42:50.285+0000] {dag.py:4138} INFO - Setting next_dagrun for read_dataset_event_from_classic to 2026-07-28 00:00:00+00:00, run_after=2026-07-29 00:00:00+00:00
[2026-07-29T17:42:50.293+0000] {processor.py:208} INFO - Processing /home/airflow/.local/lib/python3.12/site-packages/airflow/example_dags/example_inlet_event_extra.py took 0.130 seconds
[2026-07-29T17:43:21.133+0000] {processor.py:186} INFO - Started process (PID=14670) to work on /home/airflow/.local/lib/python3.12/site-packages/airflow/example_dags/example_inlet_event_extra.py
[2026-07-29T17:43:21.133+0000] {processor.py:914} INFO - Processing file /home/airflow/.local/lib/python3.12/site-packages/airflow/example_dags/example_inlet_event_extra.py for tasks to queue
[2026-07-29T17:43:21.136+0000] {logging_mixin.py:190} INFO - [2026-07-29T17:43:21.135+0000] {dagbag.py:587} INFO - Filling up the DagBag from /home/airflow/.local/lib/python3.12/site-packages/airflow/example_dags/example_inlet_event_extra.py
[2026-07-29T17:43:21.202+0000] {processor.py:925} INFO - DAG(s) 'read_dataset_event_from_classic', 'read_dataset_event' retrieved from /home/airflow/.local/lib/python3.12/site-packages/airflow/example_dags/example_inlet_event_extra.py
[2026-07-29T17:43:21.215+0000] {logging_mixin.py:190} INFO - [2026-07-29T17:43:21.214+0000] {dag.py:3211} INFO - Sync 2 DAGs
[2026-07-29T17:43:21.224+0000] {logging_mixin.py:190} INFO - [2026-07-29T17:43:21.224+0000] {dag.py:4138} INFO - Setting next_dagrun for read_dataset_event to 2026-07-28 00:00:00+00:00, run_after=2026-07-29 00:00:00+00:00
[2026-07-29T17:43:21.226+0000] {logging_mixin.py:190} INFO - [2026-07-29T17:43:21.226+0000] {dag.py:4138} INFO - Setting next_dagrun for read_dataset_event_from_classic to 2026-07-28 00:00:00+00:00, run_after=2026-07-29 00:00:00+00:00
[2026-07-29T17:43:21.232+0000] {processor.py:208} INFO - Processing /home/airflow/.local/lib/python3.12/site-packages/airflow/example_dags/example_inlet_event_extra.py took 0.106 seconds
[2026-07-29T17:43:56.560+0000] {processor.py:186} INFO - Started process (PID=14742) to work on /home/airflow/.local/lib/python3.12/site-packages/airflow/example_dags/example_inlet_event_extra.py
[2026-07-29T17:43:56.561+0000] {processor.py:914} INFO - Processing file /home/airflow/.local/lib/python3.12/site-packages/airflow/example_dags/example_inlet_event_extra.py for tasks to queue
[2026-07-29T17:43:56.563+0000] {logging_mixin.py:190} INFO - [2026-07-29T17:43:56.563+0000] {dagbag.py:587} INFO - Filling up the DagBag from /home/airflow/.local/lib/python3.12/site-packages/airflow/example_dags/example_inlet_event_extra.py
[2026-07-29T17:43:56.624+0000] {processor.py:925} INFO - DAG(s) 'read_dataset_event_from_classic', 'read_dataset_event' retrieved from /home/airflow/.local/lib/python3.12/site-packages/airflow/example_dags/example_inlet_event_extra.py
[2026-07-29T17:43:56.639+0000] {logging_mixin.py:190} INFO - [2026-07-29T17:43:56.639+0000] {dag.py:3211} INFO - Sync 2 DAGs
[2026-07-29T17:43:56.650+0000] {logging_mixin.py:190} INFO - [2026-07-29T17:43:56.650+0000] {dag.py:4138} INFO - Setting next_dagrun for read_dataset_event to 2026-07-28 00:00:00+00:00, run_after=2026-07-29 00:00:00+00:00
[2026-07-29T17:43:56.653+0000] {logging_mixin.py:190} INFO - [2026-07-29T17:43:56.653+0000] {dag.py:4138} INFO - Setting next_dagrun for read_dataset_event_from_classic to 2026-07-28 00:00:00+00:00, run_after=2026-07-29 00:00:00+00:00
[2026-07-29T17:43:56.666+0000] {processor.py:208} INFO - Processing /home/airflow/.local/lib/python3.12/site-packages/airflow/example_dags/example_inlet_event_extra.py took 0.109 seconds
[2026-07-29T17:44:26.693+0000] {processor.py:186} INFO - Started process (PID=14809) to work on /home/airflow/.local/lib/python3.12/site-packages/airflow/example_dags/example_inlet_event_extra.py
[2026-07-29T17:44:26.693+0000] {processor.py:914} INFO - Processing file /home/airflow/.local/lib/python3.12/site-packages/airflow/example_dags/example_inlet_event_extra.py for tasks to queue
[2026-07-29T17:44:26.694+0000] {logging_mixin.py:190} INFO - [2026-07-29T17:44:26.694+0000] {dagbag.py:587} INFO - Filling up the DagBag from /home/airflow/.local/lib/python3.12/site-packages/airflow/example_dags/example_inlet_event_extra.py
[2026-07-29T17:44:26.750+0000] {processor.py:925} INFO - DAG(s) 'read_dataset_event', 'read_dataset_event_from_classic' retrieved from /home/airflow/.local/lib/python3.12/site-packages/airflow/example_dags/example_inlet_event_extra.py
[2026-07-29T17:44:26.758+0000] {logging_mixin.py:190} INFO - [2026-07-29T17:44:26.758+0000] {dag.py:3211} INFO - Sync 2 DAGs
[2026-07-29T17:44:26.766+0000] {logging_mixin.py:190} INFO - [2026-07-29T17:44:26.766+0000] {dag.py:4138} INFO - Setting next_dagrun for read_dataset_event to 2026-07-28 00:00:00+00:00, run_after=2026-07-29 00:00:00+00:00
[2026-07-29T17:44:26.767+0000] {logging_mixin.py:190} INFO - [2026-07-29T17:44:26.767+0000] {dag.py:4138} INFO - Setting next_dagrun for read_dataset_event_from_classic to 2026-07-28 00:00:00+00:00, run_after=2026-07-29 00:00:00+00:00
[2026-07-29T17:44:26.772+0000] {processor.py:208} INFO - Processing /home/airflow/.local/lib/python3.12/site-packages/airflow/example_dags/example_inlet_event_extra.py took 0.082 seconds
[2026-07-29T17:44:56.836+0000] {processor.py:186} INFO - Started process (PID=14876) to work on /home/airflow/.local/lib/python3.12/site-packages/airflow/example_dags/example_inlet_event_extra.py
[2026-07-29T17:44:56.837+0000] {processor.py:914} INFO - Processing file /home/airflow/.local/lib/python3.12/site-packages/airflow/example_dags/example_inlet_event_extra.py for tasks to queue
[2026-07-29T17:44:56.838+0000] {logging_mixin.py:190} INFO - [2026-07-29T17:44:56.837+0000] {dagbag.py:587} INFO - Filling up the DagBag from /home/airflow/.local/lib/python3.12/site-packages/airflow/example_dags/example_inlet_event_extra.py
[2026-07-29T17:44:56.890+0000] {processor.py:925} INFO - DAG(s) 'read_dataset_event', 'read_dataset_event_from_classic' retrieved from /home/airflow/.local/lib/python3.12/site-packages/airflow/example_dags/example_inlet_event_extra.py
[2026-07-29T17:44:56.900+0000] {logging_mixin.py:190} INFO - [2026-07-29T17:44:56.900+0000] {dag.py:3211} INFO - Sync 2 DAGs
[2026-07-29T17:44:56.908+0000] {logging_mixin.py:190} INFO - [2026-07-29T17:44:56.908+0000] {dag.py:4138} INFO - Setting next_dagrun for read_dataset_event to 2026-07-28 00:00:00+00:00, run_after=2026-07-29 00:00:00+00:00
[2026-07-29T17:44:56.909+0000] {logging_mixin.py:190} INFO - [2026-07-29T17:44:56.909+0000] {dag.py:4138} INFO - Setting next_dagrun for read_dataset_event_from_classic to 2026-07-28 00:00:00+00:00, run_after=2026-07-29 00:00:00+00:00
[2026-07-29T17:44:56.915+0000] {processor.py:208} INFO - Processing /home/airflow/.local/lib/python3.12/site-packages/airflow/example_dags/example_inlet_event_extra.py took 0.082 seconds
[2026-07-29T17:45:27.737+0000] {processor.py:186} INFO - Started process (PID=14940) to work on /home/airflow/.local/lib/python3.12/site-packages/airflow/example_dags/example_inlet_event_extra.py
[2026-07-29T17:45:27.737+0000] {processor.py:914} INFO - Processing file /home/airflow/.local/lib/python3.12/site-packages/airflow/example_dags/example_inlet_event_extra.py for tasks to queue
[2026-07-29T17:45:27.739+0000] {logging_mixin.py:190} INFO - [2026-07-29T17:45:27.739+0000] {dagbag.py:587} INFO - Filling up the DagBag from /home/airflow/.local/lib/python3.12/site-packages/airflow/example_dags/example_inlet_event_extra.py
[2026-07-29T17:45:27.810+0000] {processor.py:925} INFO - DAG(s) 'read_dataset_event_from_classic', 'read_dataset_event' retrieved from /home/airflow/.local/lib/python3.12/site-packages/airflow/example_dags/example_inlet_event_extra.py
[2026-07-29T17:45:27.822+0000] {logging_mixin.py:190} INFO - [2026-07-29T17:45:27.821+0000] {dag.py:3211} INFO - Sync 2 DAGs
[2026-07-29T17:45:27.834+0000] {logging_mixin.py:190} INFO - [2026-07-29T17:45:27.833+0000] {dag.py:4138} INFO - Setting next_dagrun for read_dataset_event to 2026-07-28 00:00:00+00:00, run_after=2026-07-29 00:00:00+00:00
[2026-07-29T17:45:27.835+0000] {logging_mixin.py:190} INFO - [2026-07-29T17:45:27.835+0000] {dag.py:4138} INFO - Setting next_dagrun for read_dataset_event_from_classic to 2026-07-28 00:00:00+00:00, run_after=2026-07-29 00:00:00+00:00
[2026-07-29T17:45:27.843+0000] {processor.py:208} INFO - Processing /home/airflow/.local/lib/python3.12/site-packages/airflow/example_dags/example_inlet_event_extra.py took 0.112 seconds
[2026-07-29T17:45:58.729+0000] {processor.py:186} INFO - Started process (PID=15006) to work on /home/airflow/.local/lib/python3.12/site-packages/airflow/example_dags/example_inlet_event_extra.py
[2026-07-29T17:45:58.729+0000] {processor.py:914} INFO - Processing file /home/airflow/.local/lib/python3.12/site-packages/airflow/example_dags/example_inlet_event_extra.py for tasks to queue
[2026-07-29T17:45:58.731+0000] {logging_mixin.py:190} INFO - [2026-07-29T17:45:58.731+0000] {dagbag.py:587} INFO - Filling up the DagBag from /home/airflow/.local/lib/python3.12/site-packages/airflow/example_dags/example_inlet_event_extra.py
[2026-07-29T17:45:58.804+0000] {processor.py:925} INFO - DAG(s) 'read_dataset_event_from_classic', 'read_dataset_event' retrieved from /home/airflow/.local/lib/python3.12/site-packages/airflow/example_dags/example_inlet_event_extra.py
[2026-07-29T17:45:58.816+0000] {logging_mixin.py:190} INFO - [2026-07-29T17:45:58.815+0000] {dag.py:3211} INFO - Sync 2 DAGs
[2026-07-29T17:45:58.825+0000] {logging_mixin.py:190} INFO - [2026-07-29T17:45:58.825+0000] {dag.py:4138} INFO - Setting next_dagrun for read_dataset_event to 2026-07-28 00:00:00+00:00, run_after=2026-07-29 00:00:00+00:00
[2026-07-29T17:45:58.827+0000] {logging_mixin.py:190} INFO - [2026-07-29T17:45:58.827+0000] {dag.py:4138} INFO - Setting next_dagrun for read_dataset_event_from_classic to 2026-07-28 00:00:00+00:00, run_after=2026-07-29 00:00:00+00:00
[2026-07-29T17:45:58.834+0000] {processor.py:208} INFO - Processing /home/airflow/.local/lib/python3.12/site-packages/airflow/example_dags/example_inlet_event_extra.py took 0.111 seconds
[2026-07-29T17:46:29.639+0000] {processor.py:186} INFO - Started process (PID=15072) to work on /home/airflow/.local/lib/python3.12/site-packages/airflow/example_dags/example_inlet_event_extra.py
[2026-07-29T17:46:29.640+0000] {processor.py:914} INFO - Processing file /home/airflow/.local/lib/python3.12/site-packages/airflow/example_dags/example_inlet_event_extra.py for tasks to queue
[2026-07-29T17:46:29.643+0000] {logging_mixin.py:190} INFO - [2026-07-29T17:46:29.643+0000] {dagbag.py:587} INFO - Filling up the DagBag from /home/airflow/.local/lib/python3.12/site-packages/airflow/example_dags/example_inlet_event_extra.py
[2026-07-29T17:46:29.714+0000] {processor.py:925} INFO - DAG(s) 'read_dataset_event', 'read_dataset_event_from_classic' retrieved from /home/airflow/.local/lib/python3.12/site-packages/airflow/example_dags/example_inlet_event_extra.py
[2026-07-29T17:46:29.729+0000] {logging_mixin.py:190} INFO - [2026-07-29T17:46:29.729+0000] {dag.py:3211} INFO - Sync 2 DAGs
[2026-07-29T17:46:29.739+0000] {logging_mixin.py:190} INFO - [2026-07-29T17:46:29.739+0000] {dag.py:4138} INFO - Setting next_dagrun for read_dataset_event to 2026-07-28 00:00:00+00:00, run_after=2026-07-29 00:00:00+00:00
[2026-07-29T17:46:29.741+0000] {logging_mixin.py:190} INFO - [2026-07-29T17:46:29.741+0000] {dag.py:4138} INFO - Setting next_dagrun for read_dataset_event_from_classic to 2026-07-28 00:00:00+00:00, run_after=2026-07-29 00:00:00+00:00
[2026-07-29T17:46:29.746+0000] {processor.py:208} INFO - Processing /home/airflow/.local/lib/python3.12/site-packages/airflow/example_dags/example_inlet_event_extra.py took 0.113 seconds
[2026-07-29T17:47:00.612+0000] {processor.py:186} INFO - Started process (PID=15138) to work on /home/airflow/.local/lib/python3.12/site-packages/airflow/example_dags/example_inlet_event_extra.py
[2026-07-29T17:47:00.613+0000] {processor.py:914} INFO - Processing file /home/airflow/.local/lib/python3.12/site-packages/airflow/example_dags/example_inlet_event_extra.py for tasks to queue
[2026-07-29T17:47:00.617+0000] {logging_mixin.py:190} INFO - [2026-07-29T17:47:00.616+0000] {dagbag.py:587} INFO - Filling up the DagBag from /home/airflow/.local/lib/python3.12/site-packages/airflow/example_dags/example_inlet_event_extra.py
[2026-07-29T17:47:00.691+0000] {processor.py:925} INFO - DAG(s) 'read_dataset_event', 'read_dataset_event_from_classic' retrieved from /home/airflow/.local/lib/python3.12/site-packages/airflow/example_dags/example_inlet_event_extra.py
[2026-07-29T17:47:00.706+0000] {logging_mixin.py:190} INFO - [2026-07-29T17:47:00.706+0000] {dag.py:3211} INFO - Sync 2 DAGs
[2026-07-29T17:47:00.715+0000] {logging_mixin.py:190} INFO - [2026-07-29T17:47:00.715+0000] {dag.py:4138} INFO - Setting next_dagrun for read_dataset_event to 2026-07-28 00:00:00+00:00, run_after=2026-07-29 00:00:00+00:00
[2026-07-29T17:47:00.716+0000] {logging_mixin.py:190} INFO - [2026-07-29T17:47:00.716+0000] {dag.py:4138} INFO - Setting next_dagrun for read_dataset_event_from_classic to 2026-07-28 00:00:00+00:00, run_after=2026-07-29 00:00:00+00:00
[2026-07-29T17:47:00.726+0000] {processor.py:208} INFO - Processing /home/airflow/.local/lib/python3.12/site-packages/airflow/example_dags/example_inlet_event_extra.py took 0.120 seconds
[2026-07-29T17:47:31.627+0000] {processor.py:186} INFO - Started process (PID=15204) to work on /home/airflow/.local/lib/python3.12/site-packages/airflow/example_dags/example_inlet_event_extra.py
[2026-07-29T17:47:31.628+0000] {processor.py:914} INFO - Processing file /home/airflow/.local/lib/python3.12/site-packages/airflow/example_dags/example_inlet_event_extra.py for tasks to queue
[2026-07-29T17:47:31.631+0000] {logging_mixin.py:190} INFO - [2026-07-29T17:47:31.631+0000] {dagbag.py:587} INFO - Filling up the DagBag from /home/airflow/.local/lib/python3.12/site-packages/airflow/example_dags/example_inlet_event_extra.py
[2026-07-29T17:47:31.698+0000] {processor.py:925} INFO - DAG(s) 'read_dataset_event', 'read_dataset_event_from_classic' retrieved from /home/airflow/.local/lib/python3.12/site-packages/airflow/example_dags/example_inlet_event_extra.py
[2026-07-29T17:47:31.713+0000] {logging_mixin.py:190} INFO - [2026-07-29T17:47:31.713+0000] {dag.py:3211} INFO - Sync 2 DAGs
[2026-07-29T17:47:31.724+0000] {logging_mixin.py:190} INFO - [2026-07-29T17:47:31.724+0000] {dag.py:4138} INFO - Setting next_dagrun for read_dataset_event to 2026-07-28 00:00:00+00:00, run_after=2026-07-29 00:00:00+00:00
[2026-07-29T17:47:31.727+0000] {logging_mixin.py:190} INFO - [2026-07-29T17:47:31.727+0000] {dag.py:4138} INFO - Setting next_dagrun for read_dataset_event_from_classic to 2026-07-28 00:00:00+00:00, run_after=2026-07-29 00:00:00+00:00
[2026-07-29T17:47:31.737+0000] {processor.py:208} INFO - Processing /home/airflow/.local/lib/python3.12/site-packages/airflow/example_dags/example_inlet_event_extra.py took 0.116 seconds
[2026-07-29T17:48:02.636+0000] {processor.py:186} INFO - Started process (PID=15270) to work on /home/airflow/.local/lib/python3.12/site-packages/airflow/example_dags/example_inlet_event_extra.py
[2026-07-29T17:48:02.636+0000] {processor.py:914} INFO - Processing file /home/airflow/.local/lib/python3.12/site-packages/airflow/example_dags/example_inlet_event_extra.py for tasks to queue
[2026-07-29T17:48:02.638+0000] {logging_mixin.py:190} INFO - [2026-07-29T17:48:02.638+0000] {dagbag.py:587} INFO - Filling up the DagBag from /home/airflow/.local/lib/python3.12/site-packages/airflow/example_dags/example_inlet_event_extra.py
[2026-07-29T17:48:02.711+0000] {processor.py:925} INFO - DAG(s) 'read_dataset_event', 'read_dataset_event_from_classic' retrieved from /home/airflow/.local/lib/python3.12/site-packages/airflow/example_dags/example_inlet_event_extra.py
[2026-07-29T17:48:02.723+0000] {logging_mixin.py:190} INFO - [2026-07-29T17:48:02.722+0000] {dag.py:3211} INFO - Sync 2 DAGs
[2026-07-29T17:48:02.734+0000] {logging_mixin.py:190} INFO - [2026-07-29T17:48:02.734+0000] {dag.py:4138} INFO - Setting next_dagrun for read_dataset_event to 2026-07-28 00:00:00+00:00, run_after=2026-07-29 00:00:00+00:00
[2026-07-29T17:48:02.735+0000] {logging_mixin.py:190} INFO - [2026-07-29T17:48:02.735+0000] {dag.py:4138} INFO - Setting next_dagrun for read_dataset_event_from_classic to 2026-07-28 00:00:00+00:00, run_after=2026-07-29 00:00:00+00:00
[2026-07-29T17:48:02.740+0000] {processor.py:208} INFO - Processing /home/airflow/.local/lib/python3.12/site-packages/airflow/example_dags/example_inlet_event_extra.py took 0.110 seconds
[2026-07-29T17:48:33.683+0000] {processor.py:186} INFO - Started process (PID=15336) to work on /home/airflow/.local/lib/python3.12/site-packages/airflow/example_dags/example_inlet_event_extra.py
[2026-07-29T17:48:33.684+0000] {processor.py:914} INFO - Processing file /home/airflow/.local/lib/python3.12/site-packages/airflow/example_dags/example_inlet_event_extra.py for tasks to queue
[2026-07-29T17:48:33.685+0000] {logging_mixin.py:190} INFO - [2026-07-29T17:48:33.685+0000] {dagbag.py:587} INFO - Filling up the DagBag from /home/airflow/.local/lib/python3.12/site-packages/airflow/example_dags/example_inlet_event_extra.py
[2026-07-29T17:48:33.759+0000] {processor.py:925} INFO - DAG(s) 'read_dataset_event', 'read_dataset_event_from_classic' retrieved from /home/airflow/.local/lib/python3.12/site-packages/airflow/example_dags/example_inlet_event_extra.py
[2026-07-29T17:48:33.774+0000] {logging_mixin.py:190} INFO - [2026-07-29T17:48:33.774+0000] {dag.py:3211} INFO - Sync 2 DAGs
[2026-07-29T17:48:33.785+0000] {logging_mixin.py:190} INFO - [2026-07-29T17:48:33.785+0000] {dag.py:4138} INFO - Setting next_dagrun for read_dataset_event to 2026-07-28 00:00:00+00:00, run_after=2026-07-29 00:00:00+00:00
[2026-07-29T17:48:33.788+0000] {logging_mixin.py:190} INFO - [2026-07-29T17:48:33.788+0000] {dag.py:4138} INFO - Setting next_dagrun for read_dataset_event_from_classic to 2026-07-28 00:00:00+00:00, run_after=2026-07-29 00:00:00+00:00
[2026-07-29T17:48:33.793+0000] {processor.py:208} INFO - Processing /home/airflow/.local/lib/python3.12/site-packages/airflow/example_dags/example_inlet_event_extra.py took 0.113 seconds
[2026-07-29T17:49:04.086+0000] {processor.py:186} INFO - Started process (PID=15402) to work on /home/airflow/.local/lib/python3.12/site-packages/airflow/example_dags/example_inlet_event_extra.py
[2026-07-29T17:49:04.086+0000] {processor.py:914} INFO - Processing file /home/airflow/.local/lib/python3.12/site-packages/airflow/example_dags/example_inlet_event_extra.py for tasks to queue
[2026-07-29T17:49:04.088+0000] {logging_mixin.py:190} INFO - [2026-07-29T17:49:04.088+0000] {dagbag.py:587} INFO - Filling up the DagBag from /home/airflow/.local/lib/python3.12/site-packages/airflow/example_dags/example_inlet_event_extra.py
[2026-07-29T17:49:04.158+0000] {processor.py:925} INFO - DAG(s) 'read_dataset_event_from_classic', 'read_dataset_event' retrieved from /home/airflow/.local/lib/python3.12/site-packages/airflow/example_dags/example_inlet_event_extra.py
[2026-07-29T17:49:04.174+0000] {logging_mixin.py:190} INFO - [2026-07-29T17:49:04.174+0000] {dag.py:3211} INFO - Sync 2 DAGs
[2026-07-29T17:49:04.186+0000] {logging_mixin.py:190} INFO - [2026-07-29T17:49:04.186+0000] {dag.py:4138} INFO - Setting next_dagrun for read_dataset_event to 2026-07-28 00:00:00+00:00, run_after=2026-07-29 00:00:00+00:00
[2026-07-29T17:49:04.189+0000] {logging_mixin.py:190} INFO - [2026-07-29T17:49:04.189+0000] {dag.py:4138} INFO - Setting next_dagrun for read_dataset_event_from_classic to 2026-07-28 00:00:00+00:00, run_after=2026-07-29 00:00:00+00:00
[2026-07-29T17:49:04.198+0000] {processor.py:208} INFO - Processing /home/airflow/.local/lib/python3.12/site-packages/airflow/example_dags/example_inlet_event_extra.py took 0.116 seconds
[2026-07-29T17:49:35.125+0000] {processor.py:186} INFO - Started process (PID=15468) to work on /home/airflow/.local/lib/python3.12/site-packages/airflow/example_dags/example_inlet_event_extra.py
[2026-07-29T17:49:35.126+0000] {processor.py:914} INFO - Processing file /home/airflow/.local/lib/python3.12/site-packages/airflow/example_dags/example_inlet_event_extra.py for tasks to queue
[2026-07-29T17:49:35.128+0000] {logging_mixin.py:190} INFO - [2026-07-29T17:49:35.128+0000] {dagbag.py:587} INFO - Filling up the DagBag from /home/airflow/.local/lib/python3.12/site-packages/airflow/example_dags/example_inlet_event_extra.py
[2026-07-29T17:49:35.198+0000] {processor.py:925} INFO - DAG(s) 'read_dataset_event_from_classic', 'read_dataset_event' retrieved from /home/airflow/.local/lib/python3.12/site-packages/airflow/example_dags/example_inlet_event_extra.py
[2026-07-29T17:49:35.209+0000] {logging_mixin.py:190} INFO - [2026-07-29T17:49:35.209+0000] {dag.py:3211} INFO - Sync 2 DAGs
[2026-07-29T17:49:35.219+0000] {logging_mixin.py:190} INFO - [2026-07-29T17:49:35.219+0000] {dag.py:4138} INFO - Setting next_dagrun for read_dataset_event to 2026-07-28 00:00:00+00:00, run_after=2026-07-29 00:00:00+00:00
[2026-07-29T17:49:35.221+0000] {logging_mixin.py:190} INFO - [2026-07-29T17:49:35.221+0000] {dag.py:4138} INFO - Setting next_dagrun for read_dataset_event_from_classic to 2026-07-28 00:00:00+00:00, run_after=2026-07-29 00:00:00+00:00
[2026-07-29T17:49:35.230+0000] {processor.py:208} INFO - Processing /home/airflow/.local/lib/python3.12/site-packages/airflow/example_dags/example_inlet_event_extra.py took 0.110 seconds
[2026-07-29T17:50:06.073+0000] {processor.py:186} INFO - Started process (PID=15534) to work on /home/airflow/.local/lib/python3.12/site-packages/airflow/example_dags/example_inlet_event_extra.py
[2026-07-29T17:50:06.074+0000] {processor.py:914} INFO - Processing file /home/airflow/.local/lib/python3.12/site-packages/airflow/example_dags/example_inlet_event_extra.py for tasks to queue
[2026-07-29T17:50:06.077+0000] {logging_mixin.py:190} INFO - [2026-07-29T17:50:06.076+0000] {dagbag.py:587} INFO - Filling up the DagBag from /home/airflow/.local/lib/python3.12/site-packages/airflow/example_dags/example_inlet_event_extra.py
[2026-07-29T17:50:06.147+0000] {processor.py:925} INFO - DAG(s) 'read_dataset_event', 'read_dataset_event_from_classic' retrieved from /home/airflow/.local/lib/python3.12/site-packages/airflow/example_dags/example_inlet_event_extra.py
[2026-07-29T17:50:06.160+0000] {logging_mixin.py:190} INFO - [2026-07-29T17:50:06.160+0000] {dag.py:3211} INFO - Sync 2 DAGs
[2026-07-29T17:50:06.170+0000] {logging_mixin.py:190} INFO - [2026-07-29T17:50:06.170+0000] {dag.py:4138} INFO - Setting next_dagrun for read_dataset_event to 2026-07-28 00:00:00+00:00, run_after=2026-07-29 00:00:00+00:00
[2026-07-29T17:50:06.173+0000] {logging_mixin.py:190} INFO - [2026-07-29T17:50:06.173+0000] {dag.py:4138} INFO - Setting next_dagrun for read_dataset_event_from_classic to 2026-07-28 00:00:00+00:00, run_after=2026-07-29 00:00:00+00:00
[2026-07-29T17:50:06.179+0000] {processor.py:208} INFO - Processing /home/airflow/.local/lib/python3.12/site-packages/airflow/example_dags/example_inlet_event_extra.py took 0.110 seconds
[2026-07-29T17:50:36.196+0000] {processor.py:186} INFO - Started process (PID=15601) to work on /home/airflow/.local/lib/python3.12/site-packages/airflow/example_dags/example_inlet_event_extra.py
[2026-07-29T17:50:36.197+0000] {processor.py:914} INFO - Processing file /home/airflow/.local/lib/python3.12/site-packages/airflow/example_dags/example_inlet_event_extra.py for tasks to queue
[2026-07-29T17:50:36.198+0000] {logging_mixin.py:190} INFO - [2026-07-29T17:50:36.198+0000] {dagbag.py:587} INFO - Filling up the DagBag from /home/airflow/.local/lib/python3.12/site-packages/airflow/example_dags/example_inlet_event_extra.py
[2026-07-29T17:50:36.258+0000] {processor.py:925} INFO - DAG(s) 'read_dataset_event', 'read_dataset_event_from_classic' retrieved from /home/airflow/.local/lib/python3.12/site-packages/airflow/example_dags/example_inlet_event_extra.py
[2026-07-29T17:50:36.272+0000] {logging_mixin.py:190} INFO - [2026-07-29T17:50:36.271+0000] {dag.py:3211} INFO - Sync 2 DAGs
[2026-07-29T17:50:36.284+0000] {logging_mixin.py:190} INFO - [2026-07-29T17:50:36.284+0000] {dag.py:4138} INFO - Setting next_dagrun for read_dataset_event to 2026-07-28 00:00:00+00:00, run_after=2026-07-29 00:00:00+00:00
[2026-07-29T17:50:36.287+0000] {logging_mixin.py:190} INFO - [2026-07-29T17:50:36.287+0000] {dag.py:4138} INFO - Setting next_dagrun for read_dataset_event_from_classic to 2026-07-28 00:00:00+00:00, run_after=2026-07-29 00:00:00+00:00
[2026-07-29T17:50:36.296+0000] {processor.py:208} INFO - Processing /home/airflow/.local/lib/python3.12/site-packages/airflow/example_dags/example_inlet_event_extra.py took 0.102 seconds
[2026-07-29T17:51:06.336+0000] {processor.py:186} INFO - Started process (PID=15669) to work on /home/airflow/.local/lib/python3.12/site-packages/airflow/example_dags/example_inlet_event_extra.py
[2026-07-29T17:51:06.337+0000] {processor.py:914} INFO - Processing file /home/airflow/.local/lib/python3.12/site-packages/airflow/example_dags/example_inlet_event_extra.py for tasks to queue
[2026-07-29T17:51:06.338+0000] {logging_mixin.py:190} INFO - [2026-07-29T17:51:06.338+0000] {dagbag.py:587} INFO - Filling up the DagBag from /home/airflow/.local/lib/python3.12/site-packages/airflow/example_dags/example_inlet_event_extra.py
[2026-07-29T17:51:06.388+0000] {processor.py:925} INFO - DAG(s) 'read_dataset_event', 'read_dataset_event_from_classic' retrieved from /home/airflow/.local/lib/python3.12/site-packages/airflow/example_dags/example_inlet_event_extra.py
[2026-07-29T17:51:06.397+0000] {logging_mixin.py:190} INFO - [2026-07-29T17:51:06.397+0000] {dag.py:3211} INFO - Sync 2 DAGs
[2026-07-29T17:51:06.405+0000] {logging_mixin.py:190} INFO - [2026-07-29T17:51:06.405+0000] {dag.py:4138} INFO - Setting next_dagrun for read_dataset_event to 2026-07-28 00:00:00+00:00, run_after=2026-07-29 00:00:00+00:00
[2026-07-29T17:51:06.407+0000] {logging_mixin.py:190} INFO - [2026-07-29T17:51:06.407+0000] {dag.py:4138} INFO - Setting next_dagrun for read_dataset_event_from_classic to 2026-07-28 00:00:00+00:00, run_after=2026-07-29 00:00:00+00:00
[2026-07-29T17:51:06.412+0000] {processor.py:208} INFO - Processing /home/airflow/.local/lib/python3.12/site-packages/airflow/example_dags/example_inlet_event_extra.py took 0.078 seconds
[2026-07-29T17:51:36.447+0000] {processor.py:186} INFO - Started process (PID=15735) to work on /home/airflow/.local/lib/python3.12/site-packages/airflow/example_dags/example_inlet_event_extra.py
[2026-07-29T17:51:36.447+0000] {processor.py:914} INFO - Processing file /home/airflow/.local/lib/python3.12/site-packages/airflow/example_dags/example_inlet_event_extra.py for tasks to queue
[2026-07-29T17:51:36.449+0000] {logging_mixin.py:190} INFO - [2026-07-29T17:51:36.449+0000] {dagbag.py:587} INFO - Filling up the DagBag from /home/airflow/.local/lib/python3.12/site-packages/airflow/example_dags/example_inlet_event_extra.py
[2026-07-29T17:51:36.508+0000] {processor.py:925} INFO - DAG(s) 'read_dataset_event_from_classic', 'read_dataset_event' retrieved from /home/airflow/.local/lib/python3.12/site-packages/airflow/example_dags/example_inlet_event_extra.py
[2026-07-29T17:51:36.518+0000] {logging_mixin.py:190} INFO - [2026-07-29T17:51:36.518+0000] {dag.py:3211} INFO - Sync 2 DAGs
[2026-07-29T17:51:36.529+0000] {logging_mixin.py:190} INFO - [2026-07-29T17:51:36.529+0000] {dag.py:4138} INFO - Setting next_dagrun for read_dataset_event to 2026-07-28 00:00:00+00:00, run_after=2026-07-29 00:00:00+00:00
[2026-07-29T17:51:36.533+0000] {logging_mixin.py:190} INFO - [2026-07-29T17:51:36.533+0000] {dag.py:4138} INFO - Setting next_dagrun for read_dataset_event_from_classic to 2026-07-28 00:00:00+00:00, run_after=2026-07-29 00:00:00+00:00
[2026-07-29T17:51:36.543+0000] {processor.py:208} INFO - Processing /home/airflow/.local/lib/python3.12/site-packages/airflow/example_dags/example_inlet_event_extra.py took 0.099 seconds
[2026-07-29T17:52:07.417+0000] {processor.py:186} INFO - Started process (PID=15798) to work on /home/airflow/.local/lib/python3.12/site-packages/airflow/example_dags/example_inlet_event_extra.py
[2026-07-29T17:52:07.418+0000] {processor.py:914} INFO - Processing file /home/airflow/.local/lib/python3.12/site-packages/airflow/example_dags/example_inlet_event_extra.py for tasks to queue
[2026-07-29T17:52:07.420+0000] {logging_mixin.py:190} INFO - [2026-07-29T17:52:07.419+0000] {dagbag.py:587} INFO - Filling up the DagBag from /home/airflow/.local/lib/python3.12/site-packages/airflow/example_dags/example_inlet_event_extra.py
[2026-07-29T17:52:07.487+0000] {processor.py:925} INFO - DAG(s) 'read_dataset_event', 'read_dataset_event_from_classic' retrieved from /home/airflow/.local/lib/python3.12/site-packages/airflow/example_dags/example_inlet_event_extra.py
[2026-07-29T17:52:07.503+0000] {logging_mixin.py:190} INFO - [2026-07-29T17:52:07.502+0000] {dag.py:3211} INFO - Sync 2 DAGs
[2026-07-29T17:52:07.518+0000] {logging_mixin.py:190} INFO - [2026-07-29T17:52:07.518+0000] {dag.py:4138} INFO - Setting next_dagrun for read_dataset_event to 2026-07-28 00:00:00+00:00, run_after=2026-07-29 00:00:00+00:00
[2026-07-29T17:52:07.520+0000] {logging_mixin.py:190} INFO - [2026-07-29T17:52:07.520+0000] {dag.py:4138} INFO - Setting next_dagrun for read_dataset_event_from_classic to 2026-07-28 00:00:00+00:00, run_after=2026-07-29 00:00:00+00:00
[2026-07-29T17:52:07.533+0000] {processor.py:208} INFO - Processing /home/airflow/.local/lib/python3.12/site-packages/airflow/example_dags/example_inlet_event_extra.py took 0.119 seconds
[2026-07-29T17:52:38.338+0000] {processor.py:186} INFO - Started process (PID=15864) to work on /home/airflow/.local/lib/python3.12/site-packages/airflow/example_dags/example_inlet_event_extra.py
[2026-07-29T17:52:38.339+0000] {processor.py:914} INFO - Processing file /home/airflow/.local/lib/python3.12/site-packages/airflow/example_dags/example_inlet_event_extra.py for tasks to queue
[2026-07-29T17:52:38.340+0000] {logging_mixin.py:190} INFO - [2026-07-29T17:52:38.340+0000] {dagbag.py:587} INFO - Filling up the DagBag from /home/airflow/.local/lib/python3.12/site-packages/airflow/example_dags/example_inlet_event_extra.py
[2026-07-29T17:52:38.406+0000] {processor.py:925} INFO - DAG(s) 'read_dataset_event_from_classic', 'read_dataset_event' retrieved from /home/airflow/.local/lib/python3.12/site-packages/airflow/example_dags/example_inlet_event_extra.py
[2026-07-29T17:52:38.421+0000] {logging_mixin.py:190} INFO - [2026-07-29T17:52:38.421+0000] {dag.py:3211} INFO - Sync 2 DAGs
[2026-07-29T17:52:38.432+0000] {logging_mixin.py:190} INFO - [2026-07-29T17:52:38.432+0000] {dag.py:4138} INFO - Setting next_dagrun for read_dataset_event to 2026-07-28 00:00:00+00:00, run_after=2026-07-29 00:00:00+00:00
[2026-07-29T17:52:38.435+0000] {logging_mixin.py:190} INFO - [2026-07-29T17:52:38.435+0000] {dag.py:4138} INFO - Setting next_dagrun for read_dataset_event_from_classic to 2026-07-28 00:00:00+00:00, run_after=2026-07-29 00:00:00+00:00
[2026-07-29T17:52:38.441+0000] {processor.py:208} INFO - Processing /home/airflow/.local/lib/python3.12/site-packages/airflow/example_dags/example_inlet_event_extra.py took 0.106 seconds
[2026-07-29T17:53:09.292+0000] {processor.py:186} INFO - Started process (PID=15930) to work on /home/airflow/.local/lib/python3.12/site-packages/airflow/example_dags/example_inlet_event_extra.py
[2026-07-29T17:53:09.294+0000] {processor.py:914} INFO - Processing file /home/airflow/.local/lib/python3.12/site-packages/airflow/example_dags/example_inlet_event_extra.py for tasks to queue
[2026-07-29T17:53:09.296+0000] {logging_mixin.py:190} INFO - [2026-07-29T17:53:09.296+0000] {dagbag.py:587} INFO - Filling up the DagBag from /home/airflow/.local/lib/python3.12/site-packages/airflow/example_dags/example_inlet_event_extra.py
[2026-07-29T17:53:09.363+0000] {processor.py:925} INFO - DAG(s) 'read_dataset_event_from_classic', 'read_dataset_event' retrieved from /home/airflow/.local/lib/python3.12/site-packages/airflow/example_dags/example_inlet_event_extra.py
[2026-07-29T17:53:09.377+0000] {logging_mixin.py:190} INFO - [2026-07-29T17:53:09.377+0000] {dag.py:3211} INFO - Sync 2 DAGs
[2026-07-29T17:53:09.390+0000] {logging_mixin.py:190} INFO - [2026-07-29T17:53:09.390+0000] {dag.py:4138} INFO - Setting next_dagrun for read_dataset_event to 2026-07-28 00:00:00+00:00, run_after=2026-07-29 00:00:00+00:00
[2026-07-29T17:53:09.392+0000] {logging_mixin.py:190} INFO - [2026-07-29T17:53:09.392+0000] {dag.py:4138} INFO - Setting next_dagrun for read_dataset_event_from_classic to 2026-07-28 00:00:00+00:00, run_after=2026-07-29 00:00:00+00:00
[2026-07-29T17:53:09.401+0000] {processor.py:208} INFO - Processing /home/airflow/.local/lib/python3.12/site-packages/airflow/example_dags/example_inlet_event_extra.py took 0.113 seconds
[2026-07-29T17:53:40.260+0000] {processor.py:186} INFO - Started process (PID=15996) to work on /home/airflow/.local/lib/python3.12/site-packages/airflow/example_dags/example_inlet_event_extra.py
[2026-07-29T17:53:40.261+0000] {processor.py:914} INFO - Processing file /home/airflow/.local/lib/python3.12/site-packages/airflow/example_dags/example_inlet_event_extra.py for tasks to queue
[2026-07-29T17:53:40.263+0000] {logging_mixin.py:190} INFO - [2026-07-29T17:53:40.262+0000] {dagbag.py:587} INFO - Filling up the DagBag from /home/airflow/.local/lib/python3.12/site-packages/airflow/example_dags/example_inlet_event_extra.py
[2026-07-29T17:53:40.326+0000] {processor.py:925} INFO - DAG(s) 'read_dataset_event', 'read_dataset_event_from_classic' retrieved from /home/airflow/.local/lib/python3.12/site-packages/airflow/example_dags/example_inlet_event_extra.py
[2026-07-29T17:53:40.341+0000] {logging_mixin.py:190} INFO - [2026-07-29T17:53:40.341+0000] {dag.py:3211} INFO - Sync 2 DAGs
[2026-07-29T17:53:40.350+0000] {logging_mixin.py:190} INFO - [2026-07-29T17:53:40.350+0000] {dag.py:4138} INFO - Setting next_dagrun for read_dataset_event to 2026-07-28 00:00:00+00:00, run_after=2026-07-29 00:00:00+00:00
[2026-07-29T17:53:40.352+0000] {logging_mixin.py:190} INFO - [2026-07-29T17:53:40.352+0000] {dag.py:4138} INFO - Setting next_dagrun for read_dataset_event_from_classic to 2026-07-28 00:00:00+00:00, run_after=2026-07-29 00:00:00+00:00
[2026-07-29T17:53:40.362+0000] {processor.py:208} INFO - Processing /home/airflow/.local/lib/python3.12/site-packages/airflow/example_dags/example_inlet_event_extra.py took 0.105 seconds
[2026-07-29T17:54:11.013+0000] {processor.py:186} INFO - Started process (PID=16062) to work on /home/airflow/.local/lib/python3.12/site-packages/airflow/example_dags/example_inlet_event_extra.py
[2026-07-29T17:54:11.014+0000] {processor.py:914} INFO - Processing file /home/airflow/.local/lib/python3.12/site-packages/airflow/example_dags/example_inlet_event_extra.py for tasks to queue
[2026-07-29T17:54:11.015+0000] {logging_mixin.py:190} INFO - [2026-07-29T17:54:11.015+0000] {dagbag.py:587} INFO - Filling up the DagBag from /home/airflow/.local/lib/python3.12/site-packages/airflow/example_dags/example_inlet_event_extra.py
[2026-07-29T17:54:11.094+0000] {processor.py:925} INFO - DAG(s) 'read_dataset_event_from_classic', 'read_dataset_event' retrieved from /home/airflow/.local/lib/python3.12/site-packages/airflow/example_dags/example_inlet_event_extra.py
[2026-07-29T17:54:11.108+0000] {logging_mixin.py:190} INFO - [2026-07-29T17:54:11.108+0000] {dag.py:3211} INFO - Sync 2 DAGs
[2026-07-29T17:54:11.118+0000] {logging_mixin.py:190} INFO - [2026-07-29T17:54:11.117+0000] {dag.py:4138} INFO - Setting next_dagrun for read_dataset_event to 2026-07-28 00:00:00+00:00, run_after=2026-07-29 00:00:00+00:00
[2026-07-29T17:54:11.120+0000] {logging_mixin.py:190} INFO - [2026-07-29T17:54:11.119+0000] {dag.py:4138} INFO - Setting next_dagrun for read_dataset_event_from_classic to 2026-07-28 00:00:00+00:00, run_after=2026-07-29 00:00:00+00:00
[2026-07-29T17:54:11.127+0000] {processor.py:208} INFO - Processing /home/airflow/.local/lib/python3.12/site-packages/airflow/example_dags/example_inlet_event_extra.py took 0.118 seconds
[2026-07-29T17:54:42.030+0000] {processor.py:186} INFO - Started process (PID=16128) to work on /home/airflow/.local/lib/python3.12/site-packages/airflow/example_dags/example_inlet_event_extra.py
[2026-07-29T17:54:42.030+0000] {processor.py:914} INFO - Processing file /home/airflow/.local/lib/python3.12/site-packages/airflow/example_dags/example_inlet_event_extra.py for tasks to queue
[2026-07-29T17:54:42.032+0000] {logging_mixin.py:190} INFO - [2026-07-29T17:54:42.032+0000] {dagbag.py:587} INFO - Filling up the DagBag from /home/airflow/.local/lib/python3.12/site-packages/airflow/example_dags/example_inlet_event_extra.py
[2026-07-29T17:54:42.103+0000] {processor.py:925} INFO - DAG(s) 'read_dataset_event', 'read_dataset_event_from_classic' retrieved from /home/airflow/.local/lib/python3.12/site-packages/airflow/example_dags/example_inlet_event_extra.py
[2026-07-29T17:54:42.118+0000] {logging_mixin.py:190} INFO - [2026-07-29T17:54:42.117+0000] {dag.py:3211} INFO - Sync 2 DAGs
[2026-07-29T17:54:42.128+0000] {logging_mixin.py:190} INFO - [2026-07-29T17:54:42.128+0000] {dag.py:4138} INFO - Setting next_dagrun for read_dataset_event to 2026-07-28 00:00:00+00:00, run_after=2026-07-29 00:00:00+00:00
[2026-07-29T17:54:42.130+0000] {logging_mixin.py:190} INFO - [2026-07-29T17:54:42.129+0000] {dag.py:4138} INFO - Setting next_dagrun for read_dataset_event_from_classic to 2026-07-28 00:00:00+00:00, run_after=2026-07-29 00:00:00+00:00
[2026-07-29T17:54:42.135+0000] {processor.py:208} INFO - Processing /home/airflow/.local/lib/python3.12/site-packages/airflow/example_dags/example_inlet_event_extra.py took 0.110 seconds
[2026-07-29T17:55:13.043+0000] {processor.py:186} INFO - Started process (PID=16194) to work on /home/airflow/.local/lib/python3.12/site-packages/airflow/example_dags/example_inlet_event_extra.py
[2026-07-29T17:55:13.043+0000] {processor.py:914} INFO - Processing file /home/airflow/.local/lib/python3.12/site-packages/airflow/example_dags/example_inlet_event_extra.py for tasks to queue
[2026-07-29T17:55:13.045+0000] {logging_mixin.py:190} INFO - [2026-07-29T17:55:13.045+0000] {dagbag.py:587} INFO - Filling up the DagBag from /home/airflow/.local/lib/python3.12/site-packages/airflow/example_dags/example_inlet_event_extra.py
[2026-07-29T17:55:13.113+0000] {processor.py:925} INFO - DAG(s) 'read_dataset_event_from_classic', 'read_dataset_event' retrieved from /home/airflow/.local/lib/python3.12/site-packages/airflow/example_dags/example_inlet_event_extra.py
[2026-07-29T17:55:13.129+0000] {logging_mixin.py:190} INFO - [2026-07-29T17:55:13.129+0000] {dag.py:3211} INFO - Sync 2 DAGs
[2026-07-29T17:55:13.139+0000] {logging_mixin.py:190} INFO - [2026-07-29T17:55:13.139+0000] {dag.py:4138} INFO - Setting next_dagrun for read_dataset_event to 2026-07-28 00:00:00+00:00, run_after=2026-07-29 00:00:00+00:00
[2026-07-29T17:55:13.141+0000] {logging_mixin.py:190} INFO - [2026-07-29T17:55:13.141+0000] {dag.py:4138} INFO - Setting next_dagrun for read_dataset_event_from_classic to 2026-07-28 00:00:00+00:00, run_after=2026-07-29 00:00:00+00:00
[2026-07-29T17:55:13.146+0000] {processor.py:208} INFO - Processing /home/airflow/.local/lib/python3.12/site-packages/airflow/example_dags/example_inlet_event_extra.py took 0.109 seconds
[2026-07-29T17:55:43.220+0000] {processor.py:186} INFO - Started process (PID=16260) to work on /home/airflow/.local/lib/python3.12/site-packages/airflow/example_dags/example_inlet_event_extra.py
[2026-07-29T17:55:43.221+0000] {processor.py:914} INFO - Processing file /home/airflow/.local/lib/python3.12/site-packages/airflow/example_dags/example_inlet_event_extra.py for tasks to queue
[2026-07-29T17:55:43.225+0000] {logging_mixin.py:190} INFO - [2026-07-29T17:55:43.225+0000] {dagbag.py:587} INFO - Filling up the DagBag from /home/airflow/.local/lib/python3.12/site-packages/airflow/example_dags/example_inlet_event_extra.py
[2026-07-29T17:55:43.322+0000] {processor.py:925} INFO - DAG(s) 'read_dataset_event_from_classic', 'read_dataset_event' retrieved from /home/airflow/.local/lib/python3.12/site-packages/airflow/example_dags/example_inlet_event_extra.py
[2026-07-29T17:55:43.334+0000] {logging_mixin.py:190} INFO - [2026-07-29T17:55:43.333+0000] {dag.py:3211} INFO - Sync 2 DAGs
[2026-07-29T17:55:43.344+0000] {logging_mixin.py:190} INFO - [2026-07-29T17:55:43.344+0000] {dag.py:4138} INFO - Setting next_dagrun for read_dataset_event to 2026-07-28 00:00:00+00:00, run_after=2026-07-29 00:00:00+00:00
[2026-07-29T17:55:43.346+0000] {logging_mixin.py:190} INFO - [2026-07-29T17:55:43.346+0000] {dag.py:4138} INFO - Setting next_dagrun for read_dataset_event_from_classic to 2026-07-28 00:00:00+00:00, run_after=2026-07-29 00:00:00+00:00
[2026-07-29T17:55:43.353+0000] {processor.py:208} INFO - Processing /home/airflow/.local/lib/python3.12/site-packages/airflow/example_dags/example_inlet_event_extra.py took 0.141 seconds
[2026-07-29T17:56:13.400+0000] {processor.py:186} INFO - Started process (PID=16327) to work on /home/airflow/.local/lib/python3.12/site-packages/airflow/example_dags/example_inlet_event_extra.py
[2026-07-29T17:56:13.401+0000] {processor.py:914} INFO - Processing file /home/airflow/.local/lib/python3.12/site-packages/airflow/example_dags/example_inlet_event_extra.py for tasks to queue
[2026-07-29T17:56:13.402+0000] {logging_mixin.py:190} INFO - [2026-07-29T17:56:13.402+0000] {dagbag.py:587} INFO - Filling up the DagBag from /home/airflow/.local/lib/python3.12/site-packages/airflow/example_dags/example_inlet_event_extra.py
[2026-07-29T17:56:13.460+0000] {processor.py:925} INFO - DAG(s) 'read_dataset_event_from_classic', 'read_dataset_event' retrieved from /home/airflow/.local/lib/python3.12/site-packages/airflow/example_dags/example_inlet_event_extra.py
[2026-07-29T17:56:13.472+0000] {logging_mixin.py:190} INFO - [2026-07-29T17:56:13.471+0000] {dag.py:3211} INFO - Sync 2 DAGs
[2026-07-29T17:56:13.481+0000] {logging_mixin.py:190} INFO - [2026-07-29T17:56:13.481+0000] {dag.py:4138} INFO - Setting next_dagrun for read_dataset_event to 2026-07-28 00:00:00+00:00, run_after=2026-07-29 00:00:00+00:00
[2026-07-29T17:56:13.483+0000] {logging_mixin.py:190} INFO - [2026-07-29T17:56:13.483+0000] {dag.py:4138} INFO - Setting next_dagrun for read_dataset_event_from_classic to 2026-07-28 00:00:00+00:00, run_after=2026-07-29 00:00:00+00:00
[2026-07-29T17:56:13.488+0000] {processor.py:208} INFO - Processing /home/airflow/.local/lib/python3.12/site-packages/airflow/example_dags/example_inlet_event_extra.py took 0.091 seconds
[2026-07-29T17:56:44.375+0000] {processor.py:186} INFO - Started process (PID=16392) to work on /home/airflow/.local/lib/python3.12/site-packages/airflow/example_dags/example_inlet_event_extra.py
[2026-07-29T17:56:44.376+0000] {processor.py:914} INFO - Processing file /home/airflow/.local/lib/python3.12/site-packages/airflow/example_dags/example_inlet_event_extra.py for tasks to queue
[2026-07-29T17:56:44.378+0000] {logging_mixin.py:190} INFO - [2026-07-29T17:56:44.378+0000] {dagbag.py:587} INFO - Filling up the DagBag from /home/airflow/.local/lib/python3.12/site-packages/airflow/example_dags/example_inlet_event_extra.py
[2026-07-29T17:56:44.444+0000] {processor.py:925} INFO - DAG(s) 'read_dataset_event_from_classic', 'read_dataset_event' retrieved from /home/airflow/.local/lib/python3.12/site-packages/airflow/example_dags/example_inlet_event_extra.py
[2026-07-29T17:56:44.457+0000] {logging_mixin.py:190} INFO - [2026-07-29T17:56:44.457+0000] {dag.py:3211} INFO - Sync 2 DAGs
[2026-07-29T17:56:44.558+0000] {logging_mixin.py:190} INFO - [2026-07-29T17:56:44.558+0000] {dag.py:4138} INFO - Setting next_dagrun for read_dataset_event to 2026-07-28 00:00:00+00:00, run_after=2026-07-29 00:00:00+00:00
[2026-07-29T17:56:44.561+0000] {logging_mixin.py:190} INFO - [2026-07-29T17:56:44.561+0000] {dag.py:4138} INFO - Setting next_dagrun for read_dataset_event_from_classic to 2026-07-28 00:00:00+00:00, run_after=2026-07-29 00:00:00+00:00
[2026-07-29T17:56:44.568+0000] {processor.py:208} INFO - Processing /home/airflow/.local/lib/python3.12/site-packages/airflow/example_dags/example_inlet_event_extra.py took 0.197 seconds
[2026-07-29T17:57:15.297+0000] {processor.py:186} INFO - Started process (PID=16458) to work on /home/airflow/.local/lib/python3.12/site-packages/airflow/example_dags/example_inlet_event_extra.py
[2026-07-29T17:57:15.298+0000] {processor.py:914} INFO - Processing file /home/airflow/.local/lib/python3.12/site-packages/airflow/example_dags/example_inlet_event_extra.py for tasks to queue
[2026-07-29T17:57:15.300+0000] {logging_mixin.py:190} INFO - [2026-07-29T17:57:15.300+0000] {dagbag.py:587} INFO - Filling up the DagBag from /home/airflow/.local/lib/python3.12/site-packages/airflow/example_dags/example_inlet_event_extra.py
[2026-07-29T17:57:15.370+0000] {processor.py:925} INFO - DAG(s) 'read_dataset_event', 'read_dataset_event_from_classic' retrieved from /home/airflow/.local/lib/python3.12/site-packages/airflow/example_dags/example_inlet_event_extra.py
[2026-07-29T17:57:15.382+0000] {logging_mixin.py:190} INFO - [2026-07-29T17:57:15.382+0000] {dag.py:3211} INFO - Sync 2 DAGs
[2026-07-29T17:57:15.391+0000] {logging_mixin.py:190} INFO - [2026-07-29T17:57:15.391+0000] {dag.py:4138} INFO - Setting next_dagrun for read_dataset_event to 2026-07-28 00:00:00+00:00, run_after=2026-07-29 00:00:00+00:00
[2026-07-29T17:57:15.393+0000] {logging_mixin.py:190} INFO - [2026-07-29T17:57:15.393+0000] {dag.py:4138} INFO - Setting next_dagrun for read_dataset_event_from_classic to 2026-07-28 00:00:00+00:00, run_after=2026-07-29 00:00:00+00:00
[2026-07-29T17:57:15.398+0000] {processor.py:208} INFO - Processing /home/airflow/.local/lib/python3.12/site-packages/airflow/example_dags/example_inlet_event_extra.py took 0.107 seconds
[2026-07-29T17:57:45.425+0000] {processor.py:186} INFO - Started process (PID=16525) to work on /home/airflow/.local/lib/python3.12/site-packages/airflow/example_dags/example_inlet_event_extra.py
[2026-07-29T17:57:45.426+0000] {processor.py:914} INFO - Processing file /home/airflow/.local/lib/python3.12/site-packages/airflow/example_dags/example_inlet_event_extra.py for tasks to queue
[2026-07-29T17:57:45.427+0000] {logging_mixin.py:190} INFO - [2026-07-29T17:57:45.427+0000] {dagbag.py:587} INFO - Filling up the DagBag from /home/airflow/.local/lib/python3.12/site-packages/airflow/example_dags/example_inlet_event_extra.py
[2026-07-29T17:57:45.492+0000] {processor.py:925} INFO - DAG(s) 'read_dataset_event_from_classic', 'read_dataset_event' retrieved from /home/airflow/.local/lib/python3.12/site-packages/airflow/example_dags/example_inlet_event_extra.py
[2026-07-29T17:57:45.510+0000] {logging_mixin.py:190} INFO - [2026-07-29T17:57:45.510+0000] {dag.py:3211} INFO - Sync 2 DAGs
[2026-07-29T17:57:45.524+0000] {logging_mixin.py:190} INFO - [2026-07-29T17:57:45.524+0000] {dag.py:4138} INFO - Setting next_dagrun for read_dataset_event to 2026-07-28 00:00:00+00:00, run_after=2026-07-29 00:00:00+00:00
[2026-07-29T17:57:45.526+0000] {logging_mixin.py:190} INFO - [2026-07-29T17:57:45.526+0000] {dag.py:4138} INFO - Setting next_dagrun for read_dataset_event_from_classic to 2026-07-28 00:00:00+00:00, run_after=2026-07-29 00:00:00+00:00
[2026-07-29T17:57:45.535+0000] {processor.py:208} INFO - Processing /home/airflow/.local/lib/python3.12/site-packages/airflow/example_dags/example_inlet_event_extra.py took 0.112 seconds
[2026-07-29T17:58:15.592+0000] {processor.py:186} INFO - Started process (PID=16590) to work on /home/airflow/.local/lib/python3.12/site-packages/airflow/example_dags/example_inlet_event_extra.py
[2026-07-29T17:58:15.592+0000] {processor.py:914} INFO - Processing file /home/airflow/.local/lib/python3.12/site-packages/airflow/example_dags/example_inlet_event_extra.py for tasks to queue
[2026-07-29T17:58:15.594+0000] {logging_mixin.py:190} INFO - [2026-07-29T17:58:15.593+0000] {dagbag.py:587} INFO - Filling up the DagBag from /home/airflow/.local/lib/python3.12/site-packages/airflow/example_dags/example_inlet_event_extra.py
[2026-07-29T17:58:15.655+0000] {processor.py:925} INFO - DAG(s) 'read_dataset_event', 'read_dataset_event_from_classic' retrieved from /home/airflow/.local/lib/python3.12/site-packages/airflow/example_dags/example_inlet_event_extra.py
[2026-07-29T17:58:15.667+0000] {logging_mixin.py:190} INFO - [2026-07-29T17:58:15.667+0000] {dag.py:3211} INFO - Sync 2 DAGs
[2026-07-29T17:58:15.766+0000] {logging_mixin.py:190} INFO - [2026-07-29T17:58:15.766+0000] {dag.py:4138} INFO - Setting next_dagrun for read_dataset_event to 2026-07-28 00:00:00+00:00, run_after=2026-07-29 00:00:00+00:00
[2026-07-29T17:58:15.768+0000] {logging_mixin.py:190} INFO - [2026-07-29T17:58:15.768+0000] {dag.py:4138} INFO - Setting next_dagrun for read_dataset_event_from_classic to 2026-07-28 00:00:00+00:00, run_after=2026-07-29 00:00:00+00:00
[2026-07-29T17:58:15.776+0000] {processor.py:208} INFO - Processing /home/airflow/.local/lib/python3.12/site-packages/airflow/example_dags/example_inlet_event_extra.py took 0.187 seconds
[2026-07-29T17:58:45.836+0000] {processor.py:186} INFO - Started process (PID=16659) to work on /home/airflow/.local/lib/python3.12/site-packages/airflow/example_dags/example_inlet_event_extra.py
[2026-07-29T17:58:45.837+0000] {processor.py:914} INFO - Processing file /home/airflow/.local/lib/python3.12/site-packages/airflow/example_dags/example_inlet_event_extra.py for tasks to queue
[2026-07-29T17:58:45.838+0000] {logging_mixin.py:190} INFO - [2026-07-29T17:58:45.838+0000] {dagbag.py:587} INFO - Filling up the DagBag from /home/airflow/.local/lib/python3.12/site-packages/airflow/example_dags/example_inlet_event_extra.py
[2026-07-29T17:58:45.898+0000] {processor.py:925} INFO - DAG(s) 'read_dataset_event', 'read_dataset_event_from_classic' retrieved from /home/airflow/.local/lib/python3.12/site-packages/airflow/example_dags/example_inlet_event_extra.py
[2026-07-29T17:58:45.908+0000] {logging_mixin.py:190} INFO - [2026-07-29T17:58:45.908+0000] {dag.py:3211} INFO - Sync 2 DAGs
[2026-07-29T17:58:46.013+0000] {logging_mixin.py:190} INFO - [2026-07-29T17:58:46.013+0000] {dag.py:4138} INFO - Setting next_dagrun for read_dataset_event to 2026-07-28 00:00:00+00:00, run_after=2026-07-29 00:00:00+00:00
[2026-07-29T17:58:46.015+0000] {logging_mixin.py:190} INFO - [2026-07-29T17:58:46.014+0000] {dag.py:4138} INFO - Setting next_dagrun for read_dataset_event_from_classic to 2026-07-28 00:00:00+00:00, run_after=2026-07-29 00:00:00+00:00
[2026-07-29T17:58:46.019+0000] {processor.py:208} INFO - Processing /home/airflow/.local/lib/python3.12/site-packages/airflow/example_dags/example_inlet_event_extra.py took 0.187 seconds
[2026-07-29T17:59:16.050+0000] {processor.py:186} INFO - Started process (PID=16722) to work on /home/airflow/.local/lib/python3.12/site-packages/airflow/example_dags/example_inlet_event_extra.py
[2026-07-29T17:59:16.050+0000] {processor.py:914} INFO - Processing file /home/airflow/.local/lib/python3.12/site-packages/airflow/example_dags/example_inlet_event_extra.py for tasks to queue
[2026-07-29T17:59:16.053+0000] {logging_mixin.py:190} INFO - [2026-07-29T17:59:16.052+0000] {dagbag.py:587} INFO - Filling up the DagBag from /home/airflow/.local/lib/python3.12/site-packages/airflow/example_dags/example_inlet_event_extra.py
[2026-07-29T17:59:16.212+0000] {processor.py:925} INFO - DAG(s) 'read_dataset_event', 'read_dataset_event_from_classic' retrieved from /home/airflow/.local/lib/python3.12/site-packages/airflow/example_dags/example_inlet_event_extra.py
[2026-07-29T17:59:16.222+0000] {logging_mixin.py:190} INFO - [2026-07-29T17:59:16.221+0000] {dag.py:3211} INFO - Sync 2 DAGs
[2026-07-29T17:59:16.232+0000] {logging_mixin.py:190} INFO - [2026-07-29T17:59:16.232+0000] {dag.py:4138} INFO - Setting next_dagrun for read_dataset_event to 2026-07-28 00:00:00+00:00, run_after=2026-07-29 00:00:00+00:00
[2026-07-29T17:59:16.233+0000] {logging_mixin.py:190} INFO - [2026-07-29T17:59:16.233+0000] {dag.py:4138} INFO - Setting next_dagrun for read_dataset_event_from_classic to 2026-07-28 00:00:00+00:00, run_after=2026-07-29 00:00:00+00:00
[2026-07-29T17:59:16.240+0000] {processor.py:208} INFO - Processing /home/airflow/.local/lib/python3.12/site-packages/airflow/example_dags/example_inlet_event_extra.py took 0.195 seconds
[2026-07-29T17:59:46.284+0000] {processor.py:186} INFO - Started process (PID=16791) to work on /home/airflow/.local/lib/python3.12/site-packages/airflow/example_dags/example_inlet_event_extra.py
[2026-07-29T17:59:46.284+0000] {processor.py:914} INFO - Processing file /home/airflow/.local/lib/python3.12/site-packages/airflow/example_dags/example_inlet_event_extra.py for tasks to queue
[2026-07-29T17:59:46.286+0000] {logging_mixin.py:190} INFO - [2026-07-29T17:59:46.286+0000] {dagbag.py:587} INFO - Filling up the DagBag from /home/airflow/.local/lib/python3.12/site-packages/airflow/example_dags/example_inlet_event_extra.py
[2026-07-29T17:59:46.432+0000] {processor.py:925} INFO - DAG(s) 'read_dataset_event', 'read_dataset_event_from_classic' retrieved from /home/airflow/.local/lib/python3.12/site-packages/airflow/example_dags/example_inlet_event_extra.py
[2026-07-29T17:59:46.443+0000] {logging_mixin.py:190} INFO - [2026-07-29T17:59:46.443+0000] {dag.py:3211} INFO - Sync 2 DAGs
[2026-07-29T17:59:46.452+0000] {logging_mixin.py:190} INFO - [2026-07-29T17:59:46.452+0000] {dag.py:4138} INFO - Setting next_dagrun for read_dataset_event to 2026-07-28 00:00:00+00:00, run_after=2026-07-29 00:00:00+00:00
[2026-07-29T17:59:46.457+0000] {logging_mixin.py:190} INFO - [2026-07-29T17:59:46.457+0000] {dag.py:4138} INFO - Setting next_dagrun for read_dataset_event_from_classic to 2026-07-28 00:00:00+00:00, run_after=2026-07-29 00:00:00+00:00
[2026-07-29T17:59:46.461+0000] {processor.py:208} INFO - Processing /home/airflow/.local/lib/python3.12/site-packages/airflow/example_dags/example_inlet_event_extra.py took 0.180 seconds
[2026-07-29T18:00:16.651+0000] {processor.py:186} INFO - Started process (PID=16860) to work on /home/airflow/.local/lib/python3.12/site-packages/airflow/example_dags/example_inlet_event_extra.py
[2026-07-29T18:00:16.652+0000] {processor.py:914} INFO - Processing file /home/airflow/.local/lib/python3.12/site-packages/airflow/example_dags/example_inlet_event_extra.py for tasks to queue
[2026-07-29T18:00:16.654+0000] {logging_mixin.py:190} INFO - [2026-07-29T18:00:16.654+0000] {dagbag.py:587} INFO - Filling up the DagBag from /home/airflow/.local/lib/python3.12/site-packages/airflow/example_dags/example_inlet_event_extra.py
[2026-07-29T18:00:16.804+0000] {processor.py:925} INFO - DAG(s) 'read_dataset_event', 'read_dataset_event_from_classic' retrieved from /home/airflow/.local/lib/python3.12/site-packages/airflow/example_dags/example_inlet_event_extra.py
[2026-07-29T18:00:16.817+0000] {logging_mixin.py:190} INFO - [2026-07-29T18:00:16.817+0000] {dag.py:3211} INFO - Sync 2 DAGs
[2026-07-29T18:00:16.826+0000] {logging_mixin.py:190} INFO - [2026-07-29T18:00:16.826+0000] {dag.py:4138} INFO - Setting next_dagrun for read_dataset_event to 2026-07-28 00:00:00+00:00, run_after=2026-07-29 00:00:00+00:00
[2026-07-29T18:00:16.828+0000] {logging_mixin.py:190} INFO - [2026-07-29T18:00:16.828+0000] {dag.py:4138} INFO - Setting next_dagrun for read_dataset_event_from_classic to 2026-07-28 00:00:00+00:00, run_after=2026-07-29 00:00:00+00:00
[2026-07-29T18:00:16.833+0000] {processor.py:208} INFO - Processing /home/airflow/.local/lib/python3.12/site-packages/airflow/example_dags/example_inlet_event_extra.py took 0.185 seconds
[2026-07-29T18:00:47.009+0000] {processor.py:186} INFO - Started process (PID=16927) to work on /home/airflow/.local/lib/python3.12/site-packages/airflow/example_dags/example_inlet_event_extra.py
[2026-07-29T18:00:47.010+0000] {processor.py:914} INFO - Processing file /home/airflow/.local/lib/python3.12/site-packages/airflow/example_dags/example_inlet_event_extra.py for tasks to queue
[2026-07-29T18:00:47.012+0000] {logging_mixin.py:190} INFO - [2026-07-29T18:00:47.011+0000] {dagbag.py:587} INFO - Filling up the DagBag from /home/airflow/.local/lib/python3.12/site-packages/airflow/example_dags/example_inlet_event_extra.py
[2026-07-29T18:00:47.166+0000] {processor.py:925} INFO - DAG(s) 'read_dataset_event_from_classic', 'read_dataset_event' retrieved from /home/airflow/.local/lib/python3.12/site-packages/airflow/example_dags/example_inlet_event_extra.py
[2026-07-29T18:00:47.175+0000] {logging_mixin.py:190} INFO - [2026-07-29T18:00:47.175+0000] {dag.py:3211} INFO - Sync 2 DAGs
[2026-07-29T18:00:47.184+0000] {logging_mixin.py:190} INFO - [2026-07-29T18:00:47.184+0000] {dag.py:4138} INFO - Setting next_dagrun for read_dataset_event to 2026-07-28 00:00:00+00:00, run_after=2026-07-29 00:00:00+00:00
[2026-07-29T18:00:47.189+0000] {logging_mixin.py:190} INFO - [2026-07-29T18:00:47.189+0000] {dag.py:4138} INFO - Setting next_dagrun for read_dataset_event_from_classic to 2026-07-28 00:00:00+00:00, run_after=2026-07-29 00:00:00+00:00
[2026-07-29T18:00:47.195+0000] {processor.py:208} INFO - Processing /home/airflow/.local/lib/python3.12/site-packages/airflow/example_dags/example_inlet_event_extra.py took 0.189 seconds
[2026-07-29T18:01:17.428+0000] {processor.py:186} INFO - Started process (PID=16994) to work on /home/airflow/.local/lib/python3.12/site-packages/airflow/example_dags/example_inlet_event_extra.py
[2026-07-29T18:01:17.431+0000] {processor.py:914} INFO - Processing file /home/airflow/.local/lib/python3.12/site-packages/airflow/example_dags/example_inlet_event_extra.py for tasks to queue
[2026-07-29T18:01:17.434+0000] {logging_mixin.py:190} INFO - [2026-07-29T18:01:17.433+0000] {dagbag.py:587} INFO - Filling up the DagBag from /home/airflow/.local/lib/python3.12/site-packages/airflow/example_dags/example_inlet_event_extra.py
[2026-07-29T18:01:17.590+0000] {processor.py:925} INFO - DAG(s) 'read_dataset_event_from_classic', 'read_dataset_event' retrieved from /home/airflow/.local/lib/python3.12/site-packages/airflow/example_dags/example_inlet_event_extra.py
[2026-07-29T18:01:17.598+0000] {logging_mixin.py:190} INFO - [2026-07-29T18:01:17.598+0000] {dag.py:3211} INFO - Sync 2 DAGs
[2026-07-29T18:01:17.605+0000] {logging_mixin.py:190} INFO - [2026-07-29T18:01:17.605+0000] {dag.py:4138} INFO - Setting next_dagrun for read_dataset_event to 2026-07-28 00:00:00+00:00, run_after=2026-07-29 00:00:00+00:00
[2026-07-29T18:01:17.607+0000] {logging_mixin.py:190} INFO - [2026-07-29T18:01:17.607+0000] {dag.py:4138} INFO - Setting next_dagrun for read_dataset_event_from_classic to 2026-07-28 00:00:00+00:00, run_after=2026-07-29 00:00:00+00:00
[2026-07-29T18:01:17.614+0000] {processor.py:208} INFO - Processing /home/airflow/.local/lib/python3.12/site-packages/airflow/example_dags/example_inlet_event_extra.py took 0.189 seconds
[2026-07-29T18:01:47.873+0000] {processor.py:186} INFO - Started process (PID=17062) to work on /home/airflow/.local/lib/python3.12/site-packages/airflow/example_dags/example_inlet_event_extra.py
[2026-07-29T18:01:47.874+0000] {processor.py:914} INFO - Processing file /home/airflow/.local/lib/python3.12/site-packages/airflow/example_dags/example_inlet_event_extra.py for tasks to queue
[2026-07-29T18:01:47.877+0000] {logging_mixin.py:190} INFO - [2026-07-29T18:01:47.877+0000] {dagbag.py:587} INFO - Filling up the DagBag from /home/airflow/.local/lib/python3.12/site-packages/airflow/example_dags/example_inlet_event_extra.py
[2026-07-29T18:01:48.015+0000] {processor.py:925} INFO - DAG(s) 'read_dataset_event', 'read_dataset_event_from_classic' retrieved from /home/airflow/.local/lib/python3.12/site-packages/airflow/example_dags/example_inlet_event_extra.py
[2026-07-29T18:01:48.022+0000] {logging_mixin.py:190} INFO - [2026-07-29T18:01:48.022+0000] {dag.py:3211} INFO - Sync 2 DAGs
[2026-07-29T18:01:48.029+0000] {logging_mixin.py:190} INFO - [2026-07-29T18:01:48.029+0000] {dag.py:4138} INFO - Setting next_dagrun for read_dataset_event to 2026-07-28 00:00:00+00:00, run_after=2026-07-29 00:00:00+00:00
[2026-07-29T18:01:48.031+0000] {logging_mixin.py:190} INFO - [2026-07-29T18:01:48.031+0000] {dag.py:4138} INFO - Setting next_dagrun for read_dataset_event_from_classic to 2026-07-28 00:00:00+00:00, run_after=2026-07-29 00:00:00+00:00
[2026-07-29T18:01:48.036+0000] {processor.py:208} INFO - Processing /home/airflow/.local/lib/python3.12/site-packages/airflow/example_dags/example_inlet_event_extra.py took 0.166 seconds
[2026-07-29T18:02:18.311+0000] {processor.py:186} INFO - Started process (PID=17117) to work on /home/airflow/.local/lib/python3.12/site-packages/airflow/example_dags/example_inlet_event_extra.py
[2026-07-29T18:02:18.312+0000] {processor.py:914} INFO - Processing file /home/airflow/.local/lib/python3.12/site-packages/airflow/example_dags/example_inlet_event_extra.py for tasks to queue
[2026-07-29T18:02:18.313+0000] {logging_mixin.py:190} INFO - [2026-07-29T18:02:18.313+0000] {dagbag.py:587} INFO - Filling up the DagBag from /home/airflow/.local/lib/python3.12/site-packages/airflow/example_dags/example_inlet_event_extra.py
[2026-07-29T18:02:18.470+0000] {processor.py:925} INFO - DAG(s) 'read_dataset_event', 'read_dataset_event_from_classic' retrieved from /home/airflow/.local/lib/python3.12/site-packages/airflow/example_dags/example_inlet_event_extra.py
[2026-07-29T18:02:18.486+0000] {logging_mixin.py:190} INFO - [2026-07-29T18:02:18.486+0000] {dag.py:3211} INFO - Sync 2 DAGs
[2026-07-29T18:02:18.494+0000] {logging_mixin.py:190} INFO - [2026-07-29T18:02:18.493+0000] {dag.py:4138} INFO - Setting next_dagrun for read_dataset_event to 2026-07-28 00:00:00+00:00, run_after=2026-07-29 00:00:00+00:00
[2026-07-29T18:02:18.495+0000] {logging_mixin.py:190} INFO - [2026-07-29T18:02:18.495+0000] {dag.py:4138} INFO - Setting next_dagrun for read_dataset_event_from_classic to 2026-07-28 00:00:00+00:00, run_after=2026-07-29 00:00:00+00:00
[2026-07-29T18:02:18.500+0000] {processor.py:208} INFO - Processing /home/airflow/.local/lib/python3.12/site-packages/airflow/example_dags/example_inlet_event_extra.py took 0.191 seconds
[2026-07-29T18:02:48.656+0000] {processor.py:186} INFO - Started process (PID=17183) to work on /home/airflow/.local/lib/python3.12/site-packages/airflow/example_dags/example_inlet_event_extra.py
[2026-07-29T18:02:48.657+0000] {processor.py:914} INFO - Processing file /home/airflow/.local/lib/python3.12/site-packages/airflow/example_dags/example_inlet_event_extra.py for tasks to queue
[2026-07-29T18:02:48.659+0000] {logging_mixin.py:190} INFO - [2026-07-29T18:02:48.658+0000] {dagbag.py:587} INFO - Filling up the DagBag from /home/airflow/.local/lib/python3.12/site-packages/airflow/example_dags/example_inlet_event_extra.py
[2026-07-29T18:02:48.819+0000] {processor.py:925} INFO - DAG(s) 'read_dataset_event_from_classic', 'read_dataset_event' retrieved from /home/airflow/.local/lib/python3.12/site-packages/airflow/example_dags/example_inlet_event_extra.py
[2026-07-29T18:02:48.832+0000] {logging_mixin.py:190} INFO - [2026-07-29T18:02:48.832+0000] {dag.py:3211} INFO - Sync 2 DAGs
[2026-07-29T18:02:48.841+0000] {logging_mixin.py:190} INFO - [2026-07-29T18:02:48.840+0000] {dag.py:4138} INFO - Setting next_dagrun for read_dataset_event to 2026-07-28 00:00:00+00:00, run_after=2026-07-29 00:00:00+00:00
[2026-07-29T18:02:48.843+0000] {logging_mixin.py:190} INFO - [2026-07-29T18:02:48.843+0000] {dag.py:4138} INFO - Setting next_dagrun for read_dataset_event_from_classic to 2026-07-28 00:00:00+00:00, run_after=2026-07-29 00:00:00+00:00
[2026-07-29T18:02:48.850+0000] {processor.py:208} INFO - Processing /home/airflow/.local/lib/python3.12/site-packages/airflow/example_dags/example_inlet_event_extra.py took 0.199 seconds
[2026-07-29T18:03:19.217+0000] {processor.py:186} INFO - Started process (PID=17249) to work on /home/airflow/.local/lib/python3.12/site-packages/airflow/example_dags/example_inlet_event_extra.py
[2026-07-29T18:03:19.219+0000] {processor.py:914} INFO - Processing file /home/airflow/.local/lib/python3.12/site-packages/airflow/example_dags/example_inlet_event_extra.py for tasks to queue
[2026-07-29T18:03:19.222+0000] {logging_mixin.py:190} INFO - [2026-07-29T18:03:19.221+0000] {dagbag.py:587} INFO - Filling up the DagBag from /home/airflow/.local/lib/python3.12/site-packages/airflow/example_dags/example_inlet_event_extra.py
[2026-07-29T18:03:19.381+0000] {processor.py:925} INFO - DAG(s) 'read_dataset_event_from_classic', 'read_dataset_event' retrieved from /home/airflow/.local/lib/python3.12/site-packages/airflow/example_dags/example_inlet_event_extra.py
[2026-07-29T18:03:19.395+0000] {logging_mixin.py:190} INFO - [2026-07-29T18:03:19.395+0000] {dag.py:3211} INFO - Sync 2 DAGs
[2026-07-29T18:03:19.403+0000] {logging_mixin.py:190} INFO - [2026-07-29T18:03:19.403+0000] {dag.py:4138} INFO - Setting next_dagrun for read_dataset_event to 2026-07-28 00:00:00+00:00, run_after=2026-07-29 00:00:00+00:00
[2026-07-29T18:03:19.406+0000] {logging_mixin.py:190} INFO - [2026-07-29T18:03:19.406+0000] {dag.py:4138} INFO - Setting next_dagrun for read_dataset_event_from_classic to 2026-07-28 00:00:00+00:00, run_after=2026-07-29 00:00:00+00:00
[2026-07-29T18:03:19.412+0000] {processor.py:208} INFO - Processing /home/airflow/.local/lib/python3.12/site-packages/airflow/example_dags/example_inlet_event_extra.py took 0.199 seconds
[2026-07-29T18:03:49.922+0000] {processor.py:186} INFO - Started process (PID=17314) to work on /home/airflow/.local/lib/python3.12/site-packages/airflow/example_dags/example_inlet_event_extra.py
[2026-07-29T18:03:49.923+0000] {processor.py:914} INFO - Processing file /home/airflow/.local/lib/python3.12/site-packages/airflow/example_dags/example_inlet_event_extra.py for tasks to queue
[2026-07-29T18:03:49.924+0000] {logging_mixin.py:190} INFO - [2026-07-29T18:03:49.924+0000] {dagbag.py:587} INFO - Filling up the DagBag from /home/airflow/.local/lib/python3.12/site-packages/airflow/example_dags/example_inlet_event_extra.py
[2026-07-29T18:03:50.095+0000] {processor.py:925} INFO - DAG(s) 'read_dataset_event', 'read_dataset_event_from_classic' retrieved from /home/airflow/.local/lib/python3.12/site-packages/airflow/example_dags/example_inlet_event_extra.py
[2026-07-29T18:03:50.106+0000] {logging_mixin.py:190} INFO - [2026-07-29T18:03:50.106+0000] {dag.py:3211} INFO - Sync 2 DAGs
[2026-07-29T18:03:50.114+0000] {logging_mixin.py:190} INFO - [2026-07-29T18:03:50.114+0000] {dag.py:4138} INFO - Setting next_dagrun for read_dataset_event to 2026-07-28 00:00:00+00:00, run_after=2026-07-29 00:00:00+00:00
[2026-07-29T18:03:50.116+0000] {logging_mixin.py:190} INFO - [2026-07-29T18:03:50.116+0000] {dag.py:4138} INFO - Setting next_dagrun for read_dataset_event_from_classic to 2026-07-28 00:00:00+00:00, run_after=2026-07-29 00:00:00+00:00
[2026-07-29T18:03:50.122+0000] {processor.py:208} INFO - Processing /home/airflow/.local/lib/python3.12/site-packages/airflow/example_dags/example_inlet_event_extra.py took 0.203 seconds
[2026-07-29T18:04:20.840+0000] {processor.py:186} INFO - Started process (PID=17380) to work on /home/airflow/.local/lib/python3.12/site-packages/airflow/example_dags/example_inlet_event_extra.py
[2026-07-29T18:04:20.841+0000] {processor.py:914} INFO - Processing file /home/airflow/.local/lib/python3.12/site-packages/airflow/example_dags/example_inlet_event_extra.py for tasks to queue
[2026-07-29T18:04:20.842+0000] {logging_mixin.py:190} INFO - [2026-07-29T18:04:20.842+0000] {dagbag.py:587} INFO - Filling up the DagBag from /home/airflow/.local/lib/python3.12/site-packages/airflow/example_dags/example_inlet_event_extra.py
[2026-07-29T18:04:20.906+0000] {processor.py:925} INFO - DAG(s) 'read_dataset_event_from_classic', 'read_dataset_event' retrieved from /home/airflow/.local/lib/python3.12/site-packages/airflow/example_dags/example_inlet_event_extra.py
[2026-07-29T18:04:20.922+0000] {logging_mixin.py:190} INFO - [2026-07-29T18:04:20.922+0000] {dag.py:3211} INFO - Sync 2 DAGs
[2026-07-29T18:04:20.933+0000] {logging_mixin.py:190} INFO - [2026-07-29T18:04:20.933+0000] {dag.py:4138} INFO - Setting next_dagrun for read_dataset_event to 2026-07-28 00:00:00+00:00, run_after=2026-07-29 00:00:00+00:00
[2026-07-29T18:04:20.935+0000] {logging_mixin.py:190} INFO - [2026-07-29T18:04:20.935+0000] {dag.py:4138} INFO - Setting next_dagrun for read_dataset_event_from_classic to 2026-07-28 00:00:00+00:00, run_after=2026-07-29 00:00:00+00:00
[2026-07-29T18:04:20.942+0000] {processor.py:208} INFO - Processing /home/airflow/.local/lib/python3.12/site-packages/airflow/example_dags/example_inlet_event_extra.py took 0.106 seconds
[2026-07-29T18:04:50.967+0000] {processor.py:186} INFO - Started process (PID=17447) to work on /home/airflow/.local/lib/python3.12/site-packages/airflow/example_dags/example_inlet_event_extra.py
[2026-07-29T18:04:50.968+0000] {processor.py:914} INFO - Processing file /home/airflow/.local/lib/python3.12/site-packages/airflow/example_dags/example_inlet_event_extra.py for tasks to queue
[2026-07-29T18:04:50.969+0000] {logging_mixin.py:190} INFO - [2026-07-29T18:04:50.969+0000] {dagbag.py:587} INFO - Filling up the DagBag from /home/airflow/.local/lib/python3.12/site-packages/airflow/example_dags/example_inlet_event_extra.py
[2026-07-29T18:04:51.028+0000] {processor.py:925} INFO - DAG(s) 'read_dataset_event_from_classic', 'read_dataset_event' retrieved from /home/airflow/.local/lib/python3.12/site-packages/airflow/example_dags/example_inlet_event_extra.py
[2026-07-29T18:04:51.045+0000] {logging_mixin.py:190} INFO - [2026-07-29T18:04:51.045+0000] {dag.py:3211} INFO - Sync 2 DAGs
[2026-07-29T18:04:51.062+0000] {logging_mixin.py:190} INFO - [2026-07-29T18:04:51.062+0000] {dag.py:4138} INFO - Setting next_dagrun for read_dataset_event to 2026-07-28 00:00:00+00:00, run_after=2026-07-29 00:00:00+00:00
[2026-07-29T18:04:51.065+0000] {logging_mixin.py:190} INFO - [2026-07-29T18:04:51.065+0000] {dag.py:4138} INFO - Setting next_dagrun for read_dataset_event_from_classic to 2026-07-28 00:00:00+00:00, run_after=2026-07-29 00:00:00+00:00
[2026-07-29T18:04:51.072+0000] {processor.py:208} INFO - Processing /home/airflow/.local/lib/python3.12/site-packages/airflow/example_dags/example_inlet_event_extra.py took 0.108 seconds
[2026-07-29T18:05:21.106+0000] {processor.py:186} INFO - Started process (PID=17514) to work on /home/airflow/.local/lib/python3.12/site-packages/airflow/example_dags/example_inlet_event_extra.py
[2026-07-29T18:05:21.106+0000] {processor.py:914} INFO - Processing file /home/airflow/.local/lib/python3.12/site-packages/airflow/example_dags/example_inlet_event_extra.py for tasks to queue
[2026-07-29T18:05:21.108+0000] {logging_mixin.py:190} INFO - [2026-07-29T18:05:21.108+0000] {dagbag.py:587} INFO - Filling up the DagBag from /home/airflow/.local/lib/python3.12/site-packages/airflow/example_dags/example_inlet_event_extra.py
[2026-07-29T18:05:21.171+0000] {processor.py:925} INFO - DAG(s) 'read_dataset_event_from_classic', 'read_dataset_event' retrieved from /home/airflow/.local/lib/python3.12/site-packages/airflow/example_dags/example_inlet_event_extra.py
[2026-07-29T18:05:21.183+0000] {logging_mixin.py:190} INFO - [2026-07-29T18:05:21.183+0000] {dag.py:3211} INFO - Sync 2 DAGs
[2026-07-29T18:05:21.196+0000] {logging_mixin.py:190} INFO - [2026-07-29T18:05:21.195+0000] {dag.py:4138} INFO - Setting next_dagrun for read_dataset_event to 2026-07-28 00:00:00+00:00, run_after=2026-07-29 00:00:00+00:00
[2026-07-29T18:05:21.199+0000] {logging_mixin.py:190} INFO - [2026-07-29T18:05:21.199+0000] {dag.py:4138} INFO - Setting next_dagrun for read_dataset_event_from_classic to 2026-07-28 00:00:00+00:00, run_after=2026-07-29 00:00:00+00:00
[2026-07-29T18:05:21.208+0000] {processor.py:208} INFO - Processing /home/airflow/.local/lib/python3.12/site-packages/airflow/example_dags/example_inlet_event_extra.py took 0.105 seconds
[2026-07-29T18:05:51.248+0000] {processor.py:186} INFO - Started process (PID=17578) to work on /home/airflow/.local/lib/python3.12/site-packages/airflow/example_dags/example_inlet_event_extra.py
[2026-07-29T18:05:51.248+0000] {processor.py:914} INFO - Processing file /home/airflow/.local/lib/python3.12/site-packages/airflow/example_dags/example_inlet_event_extra.py for tasks to queue
[2026-07-29T18:05:51.250+0000] {logging_mixin.py:190} INFO - [2026-07-29T18:05:51.250+0000] {dagbag.py:587} INFO - Filling up the DagBag from /home/airflow/.local/lib/python3.12/site-packages/airflow/example_dags/example_inlet_event_extra.py
[2026-07-29T18:05:51.317+0000] {processor.py:925} INFO - DAG(s) 'read_dataset_event_from_classic', 'read_dataset_event' retrieved from /home/airflow/.local/lib/python3.12/site-packages/airflow/example_dags/example_inlet_event_extra.py
[2026-07-29T18:05:51.328+0000] {logging_mixin.py:190} INFO - [2026-07-29T18:05:51.328+0000] {dag.py:3211} INFO - Sync 2 DAGs
[2026-07-29T18:05:51.340+0000] {logging_mixin.py:190} INFO - [2026-07-29T18:05:51.339+0000] {dag.py:4138} INFO - Setting next_dagrun for read_dataset_event to 2026-07-28 00:00:00+00:00, run_after=2026-07-29 00:00:00+00:00
[2026-07-29T18:05:51.343+0000] {logging_mixin.py:190} INFO - [2026-07-29T18:05:51.343+0000] {dag.py:4138} INFO - Setting next_dagrun for read_dataset_event_from_classic to 2026-07-28 00:00:00+00:00, run_after=2026-07-29 00:00:00+00:00
[2026-07-29T18:05:51.349+0000] {processor.py:208} INFO - Processing /home/airflow/.local/lib/python3.12/site-packages/airflow/example_dags/example_inlet_event_extra.py took 0.106 seconds
[2026-07-29T18:06:21.392+0000] {processor.py:186} INFO - Started process (PID=17646) to work on /home/airflow/.local/lib/python3.12/site-packages/airflow/example_dags/example_inlet_event_extra.py
[2026-07-29T18:06:21.393+0000] {processor.py:914} INFO - Processing file /home/airflow/.local/lib/python3.12/site-packages/airflow/example_dags/example_inlet_event_extra.py for tasks to queue
[2026-07-29T18:06:21.394+0000] {logging_mixin.py:190} INFO - [2026-07-29T18:06:21.394+0000] {dagbag.py:587} INFO - Filling up the DagBag from /home/airflow/.local/lib/python3.12/site-packages/airflow/example_dags/example_inlet_event_extra.py
[2026-07-29T18:06:21.447+0000] {processor.py:925} INFO - DAG(s) 'read_dataset_event_from_classic', 'read_dataset_event' retrieved from /home/airflow/.local/lib/python3.12/site-packages/airflow/example_dags/example_inlet_event_extra.py
[2026-07-29T18:06:21.456+0000] {logging_mixin.py:190} INFO - [2026-07-29T18:06:21.455+0000] {dag.py:3211} INFO - Sync 2 DAGs
[2026-07-29T18:06:21.463+0000] {logging_mixin.py:190} INFO - [2026-07-29T18:06:21.463+0000] {dag.py:4138} INFO - Setting next_dagrun for read_dataset_event to 2026-07-28 00:00:00+00:00, run_after=2026-07-29 00:00:00+00:00
[2026-07-29T18:06:21.465+0000] {logging_mixin.py:190} INFO - [2026-07-29T18:06:21.465+0000] {dag.py:4138} INFO - Setting next_dagrun for read_dataset_event_from_classic to 2026-07-28 00:00:00+00:00, run_after=2026-07-29 00:00:00+00:00
[2026-07-29T18:06:21.471+0000] {processor.py:208} INFO - Processing /home/airflow/.local/lib/python3.12/site-packages/airflow/example_dags/example_inlet_event_extra.py took 0.081 seconds
[2026-07-29T18:06:51.523+0000] {processor.py:186} INFO - Started process (PID=17710) to work on /home/airflow/.local/lib/python3.12/site-packages/airflow/example_dags/example_inlet_event_extra.py
[2026-07-29T18:06:51.524+0000] {processor.py:914} INFO - Processing file /home/airflow/.local/lib/python3.12/site-packages/airflow/example_dags/example_inlet_event_extra.py for tasks to queue
[2026-07-29T18:06:51.525+0000] {logging_mixin.py:190} INFO - [2026-07-29T18:06:51.525+0000] {dagbag.py:587} INFO - Filling up the DagBag from /home/airflow/.local/lib/python3.12/site-packages/airflow/example_dags/example_inlet_event_extra.py
[2026-07-29T18:06:51.599+0000] {processor.py:925} INFO - DAG(s) 'read_dataset_event_from_classic', 'read_dataset_event' retrieved from /home/airflow/.local/lib/python3.12/site-packages/airflow/example_dags/example_inlet_event_extra.py
[2026-07-29T18:06:51.617+0000] {logging_mixin.py:190} INFO - [2026-07-29T18:06:51.617+0000] {dag.py:3211} INFO - Sync 2 DAGs
[2026-07-29T18:06:51.628+0000] {logging_mixin.py:190} INFO - [2026-07-29T18:06:51.627+0000] {dag.py:4138} INFO - Setting next_dagrun for read_dataset_event to 2026-07-28 00:00:00+00:00, run_after=2026-07-29 00:00:00+00:00
[2026-07-29T18:06:51.631+0000] {logging_mixin.py:190} INFO - [2026-07-29T18:06:51.631+0000] {dag.py:4138} INFO - Setting next_dagrun for read_dataset_event_from_classic to 2026-07-28 00:00:00+00:00, run_after=2026-07-29 00:00:00+00:00
[2026-07-29T18:06:51.640+0000] {processor.py:208} INFO - Processing /home/airflow/.local/lib/python3.12/site-packages/airflow/example_dags/example_inlet_event_extra.py took 0.121 seconds
[2026-07-29T18:07:21.672+0000] {processor.py:186} INFO - Started process (PID=17777) to work on /home/airflow/.local/lib/python3.12/site-packages/airflow/example_dags/example_inlet_event_extra.py
[2026-07-29T18:07:21.673+0000] {processor.py:914} INFO - Processing file /home/airflow/.local/lib/python3.12/site-packages/airflow/example_dags/example_inlet_event_extra.py for tasks to queue
[2026-07-29T18:07:21.674+0000] {logging_mixin.py:190} INFO - [2026-07-29T18:07:21.674+0000] {dagbag.py:587} INFO - Filling up the DagBag from /home/airflow/.local/lib/python3.12/site-packages/airflow/example_dags/example_inlet_event_extra.py
[2026-07-29T18:07:21.735+0000] {processor.py:925} INFO - DAG(s) 'read_dataset_event_from_classic', 'read_dataset_event' retrieved from /home/airflow/.local/lib/python3.12/site-packages/airflow/example_dags/example_inlet_event_extra.py
[2026-07-29T18:07:21.748+0000] {logging_mixin.py:190} INFO - [2026-07-29T18:07:21.747+0000] {dag.py:3211} INFO - Sync 2 DAGs
[2026-07-29T18:07:21.758+0000] {logging_mixin.py:190} INFO - [2026-07-29T18:07:21.758+0000] {dag.py:4138} INFO - Setting next_dagrun for read_dataset_event to 2026-07-28 00:00:00+00:00, run_after=2026-07-29 00:00:00+00:00
[2026-07-29T18:07:21.760+0000] {logging_mixin.py:190} INFO - [2026-07-29T18:07:21.760+0000] {dag.py:4138} INFO - Setting next_dagrun for read_dataset_event_from_classic to 2026-07-28 00:00:00+00:00, run_after=2026-07-29 00:00:00+00:00
[2026-07-29T18:07:21.766+0000] {processor.py:208} INFO - Processing /home/airflow/.local/lib/python3.12/site-packages/airflow/example_dags/example_inlet_event_extra.py took 0.097 seconds
[2026-07-29T18:07:51.821+0000] {processor.py:186} INFO - Started process (PID=17844) to work on /home/airflow/.local/lib/python3.12/site-packages/airflow/example_dags/example_inlet_event_extra.py
[2026-07-29T18:07:51.821+0000] {processor.py:914} INFO - Processing file /home/airflow/.local/lib/python3.12/site-packages/airflow/example_dags/example_inlet_event_extra.py for tasks to queue
[2026-07-29T18:07:51.823+0000] {logging_mixin.py:190} INFO - [2026-07-29T18:07:51.822+0000] {dagbag.py:587} INFO - Filling up the DagBag from /home/airflow/.local/lib/python3.12/site-packages/airflow/example_dags/example_inlet_event_extra.py
[2026-07-29T18:07:51.884+0000] {processor.py:925} INFO - DAG(s) 'read_dataset_event', 'read_dataset_event_from_classic' retrieved from /home/airflow/.local/lib/python3.12/site-packages/airflow/example_dags/example_inlet_event_extra.py
[2026-07-29T18:07:51.896+0000] {logging_mixin.py:190} INFO - [2026-07-29T18:07:51.896+0000] {dag.py:3211} INFO - Sync 2 DAGs
[2026-07-29T18:07:51.907+0000] {logging_mixin.py:190} INFO - [2026-07-29T18:07:51.907+0000] {dag.py:4138} INFO - Setting next_dagrun for read_dataset_event to 2026-07-28 00:00:00+00:00, run_after=2026-07-29 00:00:00+00:00
[2026-07-29T18:07:51.910+0000] {logging_mixin.py:190} INFO - [2026-07-29T18:07:51.910+0000] {dag.py:4138} INFO - Setting next_dagrun for read_dataset_event_from_classic to 2026-07-28 00:00:00+00:00, run_after=2026-07-29 00:00:00+00:00
[2026-07-29T18:07:51.918+0000] {processor.py:208} INFO - Processing /home/airflow/.local/lib/python3.12/site-packages/airflow/example_dags/example_inlet_event_extra.py took 0.100 seconds
[2026-07-29T18:08:22.779+0000] {processor.py:186} INFO - Started process (PID=17908) to work on /home/airflow/.local/lib/python3.12/site-packages/airflow/example_dags/example_inlet_event_extra.py
[2026-07-29T18:08:22.780+0000] {processor.py:914} INFO - Processing file /home/airflow/.local/lib/python3.12/site-packages/airflow/example_dags/example_inlet_event_extra.py for tasks to queue
[2026-07-29T18:08:22.783+0000] {logging_mixin.py:190} INFO - [2026-07-29T18:08:22.783+0000] {dagbag.py:587} INFO - Filling up the DagBag from /home/airflow/.local/lib/python3.12/site-packages/airflow/example_dags/example_inlet_event_extra.py
[2026-07-29T18:08:22.849+0000] {processor.py:925} INFO - DAG(s) 'read_dataset_event_from_classic', 'read_dataset_event' retrieved from /home/airflow/.local/lib/python3.12/site-packages/airflow/example_dags/example_inlet_event_extra.py
[2026-07-29T18:08:22.861+0000] {logging_mixin.py:190} INFO - [2026-07-29T18:08:22.860+0000] {dag.py:3211} INFO - Sync 2 DAGs
[2026-07-29T18:08:22.875+0000] {logging_mixin.py:190} INFO - [2026-07-29T18:08:22.875+0000] {dag.py:4138} INFO - Setting next_dagrun for read_dataset_event to 2026-07-28 00:00:00+00:00, run_after=2026-07-29 00:00:00+00:00
[2026-07-29T18:08:22.877+0000] {logging_mixin.py:190} INFO - [2026-07-29T18:08:22.877+0000] {dag.py:4138} INFO - Setting next_dagrun for read_dataset_event_from_classic to 2026-07-28 00:00:00+00:00, run_after=2026-07-29 00:00:00+00:00
[2026-07-29T18:08:22.886+0000] {processor.py:208} INFO - Processing /home/airflow/.local/lib/python3.12/site-packages/airflow/example_dags/example_inlet_event_extra.py took 0.111 seconds
[2026-07-29T18:08:59.580+0000] {processor.py:186} INFO - Started process (PID=17979) to work on /home/airflow/.local/lib/python3.12/site-packages/airflow/example_dags/example_inlet_event_extra.py
[2026-07-29T18:08:59.581+0000] {processor.py:914} INFO - Processing file /home/airflow/.local/lib/python3.12/site-packages/airflow/example_dags/example_inlet_event_extra.py for tasks to queue
[2026-07-29T18:08:59.582+0000] {logging_mixin.py:190} INFO - [2026-07-29T18:08:59.581+0000] {dagbag.py:587} INFO - Filling up the DagBag from /home/airflow/.local/lib/python3.12/site-packages/airflow/example_dags/example_inlet_event_extra.py
[2026-07-29T18:08:59.643+0000] {processor.py:925} INFO - DAG(s) 'read_dataset_event', 'read_dataset_event_from_classic' retrieved from /home/airflow/.local/lib/python3.12/site-packages/airflow/example_dags/example_inlet_event_extra.py
[2026-07-29T18:08:59.662+0000] {logging_mixin.py:190} INFO - [2026-07-29T18:08:59.661+0000] {dag.py:3211} INFO - Sync 2 DAGs
[2026-07-29T18:08:59.674+0000] {logging_mixin.py:190} INFO - [2026-07-29T18:08:59.674+0000] {dag.py:4138} INFO - Setting next_dagrun for read_dataset_event to 2026-07-28 00:00:00+00:00, run_after=2026-07-29 00:00:00+00:00
[2026-07-29T18:08:59.677+0000] {logging_mixin.py:190} INFO - [2026-07-29T18:08:59.677+0000] {dag.py:4138} INFO - Setting next_dagrun for read_dataset_event_from_classic to 2026-07-28 00:00:00+00:00, run_after=2026-07-29 00:00:00+00:00
[2026-07-29T18:08:59.685+0000] {processor.py:208} INFO - Processing /home/airflow/.local/lib/python3.12/site-packages/airflow/example_dags/example_inlet_event_extra.py took 0.108 seconds
[2026-07-29T18:09:30.598+0000] {processor.py:186} INFO - Started process (PID=18045) to work on /home/airflow/.local/lib/python3.12/site-packages/airflow/example_dags/example_inlet_event_extra.py
[2026-07-29T18:09:30.599+0000] {processor.py:914} INFO - Processing file /home/airflow/.local/lib/python3.12/site-packages/airflow/example_dags/example_inlet_event_extra.py for tasks to queue
[2026-07-29T18:09:30.600+0000] {logging_mixin.py:190} INFO - [2026-07-29T18:09:30.600+0000] {dagbag.py:587} INFO - Filling up the DagBag from /home/airflow/.local/lib/python3.12/site-packages/airflow/example_dags/example_inlet_event_extra.py
[2026-07-29T18:09:30.674+0000] {processor.py:925} INFO - DAG(s) 'read_dataset_event_from_classic', 'read_dataset_event' retrieved from /home/airflow/.local/lib/python3.12/site-packages/airflow/example_dags/example_inlet_event_extra.py
[2026-07-29T18:09:30.688+0000] {logging_mixin.py:190} INFO - [2026-07-29T18:09:30.688+0000] {dag.py:3211} INFO - Sync 2 DAGs
[2026-07-29T18:09:30.700+0000] {logging_mixin.py:190} INFO - [2026-07-29T18:09:30.700+0000] {dag.py:4138} INFO - Setting next_dagrun for read_dataset_event to 2026-07-28 00:00:00+00:00, run_after=2026-07-29 00:00:00+00:00
[2026-07-29T18:09:30.701+0000] {logging_mixin.py:190} INFO - [2026-07-29T18:09:30.701+0000] {dag.py:4138} INFO - Setting next_dagrun for read_dataset_event_from_classic to 2026-07-28 00:00:00+00:00, run_after=2026-07-29 00:00:00+00:00
[2026-07-29T18:09:30.707+0000] {processor.py:208} INFO - Processing /home/airflow/.local/lib/python3.12/site-packages/airflow/example_dags/example_inlet_event_extra.py took 0.113 seconds
[2026-07-29T18:10:01.543+0000] {processor.py:186} INFO - Started process (PID=18111) to work on /home/airflow/.local/lib/python3.12/site-packages/airflow/example_dags/example_inlet_event_extra.py
[2026-07-29T18:10:01.544+0000] {processor.py:914} INFO - Processing file /home/airflow/.local/lib/python3.12/site-packages/airflow/example_dags/example_inlet_event_extra.py for tasks to queue
[2026-07-29T18:10:01.546+0000] {logging_mixin.py:190} INFO - [2026-07-29T18:10:01.545+0000] {dagbag.py:587} INFO - Filling up the DagBag from /home/airflow/.local/lib/python3.12/site-packages/airflow/example_dags/example_inlet_event_extra.py
[2026-07-29T18:10:01.620+0000] {processor.py:925} INFO - DAG(s) 'read_dataset_event', 'read_dataset_event_from_classic' retrieved from /home/airflow/.local/lib/python3.12/site-packages/airflow/example_dags/example_inlet_event_extra.py
[2026-07-29T18:10:01.636+0000] {logging_mixin.py:190} INFO - [2026-07-29T18:10:01.635+0000] {dag.py:3211} INFO - Sync 2 DAGs
[2026-07-29T18:10:01.646+0000] {logging_mixin.py:190} INFO - [2026-07-29T18:10:01.646+0000] {dag.py:4138} INFO - Setting next_dagrun for read_dataset_event to 2026-07-28 00:00:00+00:00, run_after=2026-07-29 00:00:00+00:00
[2026-07-29T18:10:01.648+0000] {logging_mixin.py:190} INFO - [2026-07-29T18:10:01.648+0000] {dag.py:4138} INFO - Setting next_dagrun for read_dataset_event_from_classic to 2026-07-28 00:00:00+00:00, run_after=2026-07-29 00:00:00+00:00
[2026-07-29T18:10:01.654+0000] {processor.py:208} INFO - Processing /home/airflow/.local/lib/python3.12/site-packages/airflow/example_dags/example_inlet_event_extra.py took 0.115 seconds
[2026-07-29T18:10:32.552+0000] {processor.py:186} INFO - Started process (PID=18177) to work on /home/airflow/.local/lib/python3.12/site-packages/airflow/example_dags/example_inlet_event_extra.py
[2026-07-29T18:10:32.553+0000] {processor.py:914} INFO - Processing file /home/airflow/.local/lib/python3.12/site-packages/airflow/example_dags/example_inlet_event_extra.py for tasks to queue
[2026-07-29T18:10:32.554+0000] {logging_mixin.py:190} INFO - [2026-07-29T18:10:32.554+0000] {dagbag.py:587} INFO - Filling up the DagBag from /home/airflow/.local/lib/python3.12/site-packages/airflow/example_dags/example_inlet_event_extra.py
[2026-07-29T18:10:32.626+0000] {processor.py:925} INFO - DAG(s) 'read_dataset_event', 'read_dataset_event_from_classic' retrieved from /home/airflow/.local/lib/python3.12/site-packages/airflow/example_dags/example_inlet_event_extra.py
[2026-07-29T18:10:32.637+0000] {logging_mixin.py:190} INFO - [2026-07-29T18:10:32.637+0000] {dag.py:3211} INFO - Sync 2 DAGs
[2026-07-29T18:10:32.647+0000] {logging_mixin.py:190} INFO - [2026-07-29T18:10:32.647+0000] {dag.py:4138} INFO - Setting next_dagrun for read_dataset_event to 2026-07-28 00:00:00+00:00, run_after=2026-07-29 00:00:00+00:00
[2026-07-29T18:10:32.650+0000] {logging_mixin.py:190} INFO - [2026-07-29T18:10:32.650+0000] {dag.py:4138} INFO - Setting next_dagrun for read_dataset_event_from_classic to 2026-07-28 00:00:00+00:00, run_after=2026-07-29 00:00:00+00:00
[2026-07-29T18:10:32.655+0000] {processor.py:208} INFO - Processing /home/airflow/.local/lib/python3.12/site-packages/airflow/example_dags/example_inlet_event_extra.py took 0.108 seconds
[2026-07-29T18:11:03.512+0000] {processor.py:186} INFO - Started process (PID=18243) to work on /home/airflow/.local/lib/python3.12/site-packages/airflow/example_dags/example_inlet_event_extra.py
[2026-07-29T18:11:03.513+0000] {processor.py:914} INFO - Processing file /home/airflow/.local/lib/python3.12/site-packages/airflow/example_dags/example_inlet_event_extra.py for tasks to queue
[2026-07-29T18:11:03.514+0000] {logging_mixin.py:190} INFO - [2026-07-29T18:11:03.514+0000] {dagbag.py:587} INFO - Filling up the DagBag from /home/airflow/.local/lib/python3.12/site-packages/airflow/example_dags/example_inlet_event_extra.py
[2026-07-29T18:11:03.586+0000] {processor.py:925} INFO - DAG(s) 'read_dataset_event', 'read_dataset_event_from_classic' retrieved from /home/airflow/.local/lib/python3.12/site-packages/airflow/example_dags/example_inlet_event_extra.py
[2026-07-29T18:11:03.601+0000] {logging_mixin.py:190} INFO - [2026-07-29T18:11:03.600+0000] {dag.py:3211} INFO - Sync 2 DAGs
[2026-07-29T18:11:03.609+0000] {logging_mixin.py:190} INFO - [2026-07-29T18:11:03.609+0000] {dag.py:4138} INFO - Setting next_dagrun for read_dataset_event to 2026-07-28 00:00:00+00:00, run_after=2026-07-29 00:00:00+00:00
[2026-07-29T18:11:03.611+0000] {logging_mixin.py:190} INFO - [2026-07-29T18:11:03.611+0000] {dag.py:4138} INFO - Setting next_dagrun for read_dataset_event_from_classic to 2026-07-28 00:00:00+00:00, run_after=2026-07-29 00:00:00+00:00
[2026-07-29T18:11:03.618+0000] {processor.py:208} INFO - Processing /home/airflow/.local/lib/python3.12/site-packages/airflow/example_dags/example_inlet_event_extra.py took 0.110 seconds
[2026-07-29T18:11:34.526+0000] {processor.py:186} INFO - Started process (PID=18308) to work on /home/airflow/.local/lib/python3.12/site-packages/airflow/example_dags/example_inlet_event_extra.py
[2026-07-29T18:11:34.527+0000] {processor.py:914} INFO - Processing file /home/airflow/.local/lib/python3.12/site-packages/airflow/example_dags/example_inlet_event_extra.py for tasks to queue
[2026-07-29T18:11:34.528+0000] {logging_mixin.py:190} INFO - [2026-07-29T18:11:34.528+0000] {dagbag.py:587} INFO - Filling up the DagBag from /home/airflow/.local/lib/python3.12/site-packages/airflow/example_dags/example_inlet_event_extra.py
[2026-07-29T18:11:34.596+0000] {processor.py:925} INFO - DAG(s) 'read_dataset_event', 'read_dataset_event_from_classic' retrieved from /home/airflow/.local/lib/python3.12/site-packages/airflow/example_dags/example_inlet_event_extra.py
[2026-07-29T18:11:34.612+0000] {logging_mixin.py:190} INFO - [2026-07-29T18:11:34.612+0000] {dag.py:3211} INFO - Sync 2 DAGs
[2026-07-29T18:11:34.625+0000] {logging_mixin.py:190} INFO - [2026-07-29T18:11:34.625+0000] {dag.py:4138} INFO - Setting next_dagrun for read_dataset_event to 2026-07-28 00:00:00+00:00, run_after=2026-07-29 00:00:00+00:00
[2026-07-29T18:11:34.627+0000] {logging_mixin.py:190} INFO - [2026-07-29T18:11:34.627+0000] {dag.py:4138} INFO - Setting next_dagrun for read_dataset_event_from_classic to 2026-07-28 00:00:00+00:00, run_after=2026-07-29 00:00:00+00:00
[2026-07-29T18:11:34.634+0000] {processor.py:208} INFO - Processing /home/airflow/.local/lib/python3.12/site-packages/airflow/example_dags/example_inlet_event_extra.py took 0.112 seconds
[2026-07-29T18:12:05.556+0000] {processor.py:186} INFO - Started process (PID=18374) to work on /home/airflow/.local/lib/python3.12/site-packages/airflow/example_dags/example_inlet_event_extra.py
[2026-07-29T18:12:05.557+0000] {processor.py:914} INFO - Processing file /home/airflow/.local/lib/python3.12/site-packages/airflow/example_dags/example_inlet_event_extra.py for tasks to queue
[2026-07-29T18:12:05.559+0000] {logging_mixin.py:190} INFO - [2026-07-29T18:12:05.559+0000] {dagbag.py:587} INFO - Filling up the DagBag from /home/airflow/.local/lib/python3.12/site-packages/airflow/example_dags/example_inlet_event_extra.py
[2026-07-29T18:12:05.627+0000] {processor.py:925} INFO - DAG(s) 'read_dataset_event_from_classic', 'read_dataset_event' retrieved from /home/airflow/.local/lib/python3.12/site-packages/airflow/example_dags/example_inlet_event_extra.py
[2026-07-29T18:12:05.638+0000] {logging_mixin.py:190} INFO - [2026-07-29T18:12:05.638+0000] {dag.py:3211} INFO - Sync 2 DAGs
[2026-07-29T18:12:05.649+0000] {logging_mixin.py:190} INFO - [2026-07-29T18:12:05.649+0000] {dag.py:4138} INFO - Setting next_dagrun for read_dataset_event to 2026-07-28 00:00:00+00:00, run_after=2026-07-29 00:00:00+00:00
[2026-07-29T18:12:05.651+0000] {logging_mixin.py:190} INFO - [2026-07-29T18:12:05.651+0000] {dag.py:4138} INFO - Setting next_dagrun for read_dataset_event_from_classic to 2026-07-28 00:00:00+00:00, run_after=2026-07-29 00:00:00+00:00
[2026-07-29T18:12:05.663+0000] {processor.py:208} INFO - Processing /home/airflow/.local/lib/python3.12/site-packages/airflow/example_dags/example_inlet_event_extra.py took 0.113 seconds
[2026-07-29T18:12:36.515+0000] {processor.py:186} INFO - Started process (PID=18440) to work on /home/airflow/.local/lib/python3.12/site-packages/airflow/example_dags/example_inlet_event_extra.py
[2026-07-29T18:12:36.516+0000] {processor.py:914} INFO - Processing file /home/airflow/.local/lib/python3.12/site-packages/airflow/example_dags/example_inlet_event_extra.py for tasks to queue
[2026-07-29T18:12:36.517+0000] {logging_mixin.py:190} INFO - [2026-07-29T18:12:36.517+0000] {dagbag.py:587} INFO - Filling up the DagBag from /home/airflow/.local/lib/python3.12/site-packages/airflow/example_dags/example_inlet_event_extra.py
[2026-07-29T18:12:36.583+0000] {processor.py:925} INFO - DAG(s) 'read_dataset_event', 'read_dataset_event_from_classic' retrieved from /home/airflow/.local/lib/python3.12/site-packages/airflow/example_dags/example_inlet_event_extra.py
[2026-07-29T18:12:36.594+0000] {logging_mixin.py:190} INFO - [2026-07-29T18:12:36.593+0000] {dag.py:3211} INFO - Sync 2 DAGs
[2026-07-29T18:12:36.606+0000] {logging_mixin.py:190} INFO - [2026-07-29T18:12:36.606+0000] {dag.py:4138} INFO - Setting next_dagrun for read_dataset_event to 2026-07-28 00:00:00+00:00, run_after=2026-07-29 00:00:00+00:00
[2026-07-29T18:12:36.609+0000] {logging_mixin.py:190} INFO - [2026-07-29T18:12:36.609+0000] {dag.py:4138} INFO - Setting next_dagrun for read_dataset_event_from_classic to 2026-07-28 00:00:00+00:00, run_after=2026-07-29 00:00:00+00:00
[2026-07-29T18:12:36.614+0000] {processor.py:208} INFO - Processing /home/airflow/.local/lib/python3.12/site-packages/airflow/example_dags/example_inlet_event_extra.py took 0.103 seconds
[2026-07-29T18:13:07.549+0000] {processor.py:186} INFO - Started process (PID=18506) to work on /home/airflow/.local/lib/python3.12/site-packages/airflow/example_dags/example_inlet_event_extra.py
[2026-07-29T18:13:07.553+0000] {processor.py:914} INFO - Processing file /home/airflow/.local/lib/python3.12/site-packages/airflow/example_dags/example_inlet_event_extra.py for tasks to queue
[2026-07-29T18:13:07.554+0000] {logging_mixin.py:190} INFO - [2026-07-29T18:13:07.554+0000] {dagbag.py:587} INFO - Filling up the DagBag from /home/airflow/.local/lib/python3.12/site-packages/airflow/example_dags/example_inlet_event_extra.py
[2026-07-29T18:13:07.624+0000] {processor.py:925} INFO - DAG(s) 'read_dataset_event_from_classic', 'read_dataset_event' retrieved from /home/airflow/.local/lib/python3.12/site-packages/airflow/example_dags/example_inlet_event_extra.py
[2026-07-29T18:13:07.640+0000] {logging_mixin.py:190} INFO - [2026-07-29T18:13:07.640+0000] {dag.py:3211} INFO - Sync 2 DAGs
[2026-07-29T18:13:07.651+0000] {logging_mixin.py:190} INFO - [2026-07-29T18:13:07.651+0000] {dag.py:4138} INFO - Setting next_dagrun for read_dataset_event to 2026-07-28 00:00:00+00:00, run_after=2026-07-29 00:00:00+00:00
[2026-07-29T18:13:07.653+0000] {logging_mixin.py:190} INFO - [2026-07-29T18:13:07.652+0000] {dag.py:4138} INFO - Setting next_dagrun for read_dataset_event_from_classic to 2026-07-28 00:00:00+00:00, run_after=2026-07-29 00:00:00+00:00
[2026-07-29T18:13:07.659+0000] {processor.py:208} INFO - Processing /home/airflow/.local/lib/python3.12/site-packages/airflow/example_dags/example_inlet_event_extra.py took 0.116 seconds
[2026-07-29T18:13:37.676+0000] {processor.py:186} INFO - Started process (PID=18573) to work on /home/airflow/.local/lib/python3.12/site-packages/airflow/example_dags/example_inlet_event_extra.py
[2026-07-29T18:13:37.677+0000] {processor.py:914} INFO - Processing file /home/airflow/.local/lib/python3.12/site-packages/airflow/example_dags/example_inlet_event_extra.py for tasks to queue
[2026-07-29T18:13:37.678+0000] {logging_mixin.py:190} INFO - [2026-07-29T18:13:37.678+0000] {dagbag.py:587} INFO - Filling up the DagBag from /home/airflow/.local/lib/python3.12/site-packages/airflow/example_dags/example_inlet_event_extra.py
[2026-07-29T18:13:37.745+0000] {processor.py:925} INFO - DAG(s) 'read_dataset_event', 'read_dataset_event_from_classic' retrieved from /home/airflow/.local/lib/python3.12/site-packages/airflow/example_dags/example_inlet_event_extra.py
[2026-07-29T18:13:37.760+0000] {logging_mixin.py:190} INFO - [2026-07-29T18:13:37.760+0000] {dag.py:3211} INFO - Sync 2 DAGs
[2026-07-29T18:13:37.772+0000] {logging_mixin.py:190} INFO - [2026-07-29T18:13:37.771+0000] {dag.py:4138} INFO - Setting next_dagrun for read_dataset_event to 2026-07-28 00:00:00+00:00, run_after=2026-07-29 00:00:00+00:00
[2026-07-29T18:13:37.773+0000] {logging_mixin.py:190} INFO - [2026-07-29T18:13:37.773+0000] {dag.py:4138} INFO - Setting next_dagrun for read_dataset_event_from_classic to 2026-07-28 00:00:00+00:00, run_after=2026-07-29 00:00:00+00:00
[2026-07-29T18:13:37.780+0000] {processor.py:208} INFO - Processing /home/airflow/.local/lib/python3.12/site-packages/airflow/example_dags/example_inlet_event_extra.py took 0.107 seconds
[2026-07-29T18:14:08.471+0000] {processor.py:186} INFO - Started process (PID=18638) to work on /home/airflow/.local/lib/python3.12/site-packages/airflow/example_dags/example_inlet_event_extra.py
[2026-07-29T18:14:08.472+0000] {processor.py:914} INFO - Processing file /home/airflow/.local/lib/python3.12/site-packages/airflow/example_dags/example_inlet_event_extra.py for tasks to queue
[2026-07-29T18:14:08.473+0000] {logging_mixin.py:190} INFO - [2026-07-29T18:14:08.473+0000] {dagbag.py:587} INFO - Filling up the DagBag from /home/airflow/.local/lib/python3.12/site-packages/airflow/example_dags/example_inlet_event_extra.py
[2026-07-29T18:14:08.544+0000] {processor.py:925} INFO - DAG(s) 'read_dataset_event_from_classic', 'read_dataset_event' retrieved from /home/airflow/.local/lib/python3.12/site-packages/airflow/example_dags/example_inlet_event_extra.py
[2026-07-29T18:14:08.561+0000] {logging_mixin.py:190} INFO - [2026-07-29T18:14:08.561+0000] {dag.py:3211} INFO - Sync 2 DAGs
[2026-07-29T18:14:08.573+0000] {logging_mixin.py:190} INFO - [2026-07-29T18:14:08.573+0000] {dag.py:4138} INFO - Setting next_dagrun for read_dataset_event to 2026-07-28 00:00:00+00:00, run_after=2026-07-29 00:00:00+00:00
[2026-07-29T18:14:08.576+0000] {logging_mixin.py:190} INFO - [2026-07-29T18:14:08.576+0000] {dag.py:4138} INFO - Setting next_dagrun for read_dataset_event_from_classic to 2026-07-28 00:00:00+00:00, run_after=2026-07-29 00:00:00+00:00
[2026-07-29T18:14:08.583+0000] {processor.py:208} INFO - Processing /home/airflow/.local/lib/python3.12/site-packages/airflow/example_dags/example_inlet_event_extra.py took 0.115 seconds
[2026-07-29T18:14:39.542+0000] {processor.py:186} INFO - Started process (PID=18704) to work on /home/airflow/.local/lib/python3.12/site-packages/airflow/example_dags/example_inlet_event_extra.py
[2026-07-29T18:14:39.542+0000] {processor.py:914} INFO - Processing file /home/airflow/.local/lib/python3.12/site-packages/airflow/example_dags/example_inlet_event_extra.py for tasks to queue
[2026-07-29T18:14:39.545+0000] {logging_mixin.py:190} INFO - [2026-07-29T18:14:39.544+0000] {dagbag.py:587} INFO - Filling up the DagBag from /home/airflow/.local/lib/python3.12/site-packages/airflow/example_dags/example_inlet_event_extra.py
[2026-07-29T18:14:39.615+0000] {processor.py:925} INFO - DAG(s) 'read_dataset_event', 'read_dataset_event_from_classic' retrieved from /home/airflow/.local/lib/python3.12/site-packages/airflow/example_dags/example_inlet_event_extra.py
[2026-07-29T18:14:39.629+0000] {logging_mixin.py:190} INFO - [2026-07-29T18:14:39.628+0000] {dag.py:3211} INFO - Sync 2 DAGs
[2026-07-29T18:14:39.639+0000] {logging_mixin.py:190} INFO - [2026-07-29T18:14:39.639+0000] {dag.py:4138} INFO - Setting next_dagrun for read_dataset_event to 2026-07-28 00:00:00+00:00, run_after=2026-07-29 00:00:00+00:00
[2026-07-29T18:14:39.641+0000] {logging_mixin.py:190} INFO - [2026-07-29T18:14:39.640+0000] {dag.py:4138} INFO - Setting next_dagrun for read_dataset_event_from_classic to 2026-07-28 00:00:00+00:00, run_after=2026-07-29 00:00:00+00:00
[2026-07-29T18:14:39.646+0000] {processor.py:208} INFO - Processing /home/airflow/.local/lib/python3.12/site-packages/airflow/example_dags/example_inlet_event_extra.py took 0.110 seconds
[2026-07-29T18:15:10.530+0000] {processor.py:186} INFO - Started process (PID=18770) to work on /home/airflow/.local/lib/python3.12/site-packages/airflow/example_dags/example_inlet_event_extra.py
[2026-07-29T18:15:10.530+0000] {processor.py:914} INFO - Processing file /home/airflow/.local/lib/python3.12/site-packages/airflow/example_dags/example_inlet_event_extra.py for tasks to queue
[2026-07-29T18:15:10.533+0000] {logging_mixin.py:190} INFO - [2026-07-29T18:15:10.532+0000] {dagbag.py:587} INFO - Filling up the DagBag from /home/airflow/.local/lib/python3.12/site-packages/airflow/example_dags/example_inlet_event_extra.py
[2026-07-29T18:15:10.603+0000] {processor.py:925} INFO - DAG(s) 'read_dataset_event', 'read_dataset_event_from_classic' retrieved from /home/airflow/.local/lib/python3.12/site-packages/airflow/example_dags/example_inlet_event_extra.py
[2026-07-29T18:15:10.613+0000] {logging_mixin.py:190} INFO - [2026-07-29T18:15:10.613+0000] {dag.py:3211} INFO - Sync 2 DAGs
[2026-07-29T18:15:10.626+0000] {logging_mixin.py:190} INFO - [2026-07-29T18:15:10.626+0000] {dag.py:4138} INFO - Setting next_dagrun for read_dataset_event to 2026-07-28 00:00:00+00:00, run_after=2026-07-29 00:00:00+00:00
[2026-07-29T18:15:10.629+0000] {logging_mixin.py:190} INFO - [2026-07-29T18:15:10.629+0000] {dag.py:4138} INFO - Setting next_dagrun for read_dataset_event_from_classic to 2026-07-28 00:00:00+00:00, run_after=2026-07-29 00:00:00+00:00
[2026-07-29T18:15:10.639+0000] {processor.py:208} INFO - Processing /home/airflow/.local/lib/python3.12/site-packages/airflow/example_dags/example_inlet_event_extra.py took 0.114 seconds
[2026-07-29T18:15:41.511+0000] {processor.py:186} INFO - Started process (PID=18836) to work on /home/airflow/.local/lib/python3.12/site-packages/airflow/example_dags/example_inlet_event_extra.py
[2026-07-29T18:15:41.512+0000] {processor.py:914} INFO - Processing file /home/airflow/.local/lib/python3.12/site-packages/airflow/example_dags/example_inlet_event_extra.py for tasks to queue
[2026-07-29T18:15:41.514+0000] {logging_mixin.py:190} INFO - [2026-07-29T18:15:41.514+0000] {dagbag.py:587} INFO - Filling up the DagBag from /home/airflow/.local/lib/python3.12/site-packages/airflow/example_dags/example_inlet_event_extra.py
[2026-07-29T18:15:41.585+0000] {processor.py:925} INFO - DAG(s) 'read_dataset_event_from_classic', 'read_dataset_event' retrieved from /home/airflow/.local/lib/python3.12/site-packages/airflow/example_dags/example_inlet_event_extra.py
[2026-07-29T18:15:41.599+0000] {logging_mixin.py:190} INFO - [2026-07-29T18:15:41.599+0000] {dag.py:3211} INFO - Sync 2 DAGs
[2026-07-29T18:15:41.609+0000] {logging_mixin.py:190} INFO - [2026-07-29T18:15:41.609+0000] {dag.py:4138} INFO - Setting next_dagrun for read_dataset_event to 2026-07-28 00:00:00+00:00, run_after=2026-07-29 00:00:00+00:00
[2026-07-29T18:15:41.610+0000] {logging_mixin.py:190} INFO - [2026-07-29T18:15:41.610+0000] {dag.py:4138} INFO - Setting next_dagrun for read_dataset_event_from_classic to 2026-07-28 00:00:00+00:00, run_after=2026-07-29 00:00:00+00:00
[2026-07-29T18:15:41.616+0000] {processor.py:208} INFO - Processing /home/airflow/.local/lib/python3.12/site-packages/airflow/example_dags/example_inlet_event_extra.py took 0.110 seconds
[2026-07-29T18:16:12.427+0000] {processor.py:186} INFO - Started process (PID=18902) to work on /home/airflow/.local/lib/python3.12/site-packages/airflow/example_dags/example_inlet_event_extra.py
[2026-07-29T18:16:12.428+0000] {processor.py:914} INFO - Processing file /home/airflow/.local/lib/python3.12/site-packages/airflow/example_dags/example_inlet_event_extra.py for tasks to queue
[2026-07-29T18:16:12.431+0000] {logging_mixin.py:190} INFO - [2026-07-29T18:16:12.431+0000] {dagbag.py:587} INFO - Filling up the DagBag from /home/airflow/.local/lib/python3.12/site-packages/airflow/example_dags/example_inlet_event_extra.py
[2026-07-29T18:16:12.529+0000] {processor.py:925} INFO - DAG(s) 'read_dataset_event_from_classic', 'read_dataset_event' retrieved from /home/airflow/.local/lib/python3.12/site-packages/airflow/example_dags/example_inlet_event_extra.py
[2026-07-29T18:16:12.542+0000] {logging_mixin.py:190} INFO - [2026-07-29T18:16:12.542+0000] {dag.py:3211} INFO - Sync 2 DAGs
[2026-07-29T18:16:12.554+0000] {logging_mixin.py:190} INFO - [2026-07-29T18:16:12.553+0000] {dag.py:4138} INFO - Setting next_dagrun for read_dataset_event to 2026-07-28 00:00:00+00:00, run_after=2026-07-29 00:00:00+00:00
[2026-07-29T18:16:12.555+0000] {logging_mixin.py:190} INFO - [2026-07-29T18:16:12.555+0000] {dag.py:4138} INFO - Setting next_dagrun for read_dataset_event_from_classic to 2026-07-28 00:00:00+00:00, run_after=2026-07-29 00:00:00+00:00
[2026-07-29T18:16:12.562+0000] {processor.py:208} INFO - Processing /home/airflow/.local/lib/python3.12/site-packages/airflow/example_dags/example_inlet_event_extra.py took 0.145 seconds
[2026-07-29T18:16:43.479+0000] {processor.py:186} INFO - Started process (PID=18968) to work on /home/airflow/.local/lib/python3.12/site-packages/airflow/example_dags/example_inlet_event_extra.py
[2026-07-29T18:16:43.480+0000] {processor.py:914} INFO - Processing file /home/airflow/.local/lib/python3.12/site-packages/airflow/example_dags/example_inlet_event_extra.py for tasks to queue
[2026-07-29T18:16:43.482+0000] {logging_mixin.py:190} INFO - [2026-07-29T18:16:43.482+0000] {dagbag.py:587} INFO - Filling up the DagBag from /home/airflow/.local/lib/python3.12/site-packages/airflow/example_dags/example_inlet_event_extra.py
[2026-07-29T18:16:43.557+0000] {processor.py:925} INFO - DAG(s) 'read_dataset_event', 'read_dataset_event_from_classic' retrieved from /home/airflow/.local/lib/python3.12/site-packages/airflow/example_dags/example_inlet_event_extra.py
[2026-07-29T18:16:43.571+0000] {logging_mixin.py:190} INFO - [2026-07-29T18:16:43.570+0000] {dag.py:3211} INFO - Sync 2 DAGs
[2026-07-29T18:16:43.582+0000] {logging_mixin.py:190} INFO - [2026-07-29T18:16:43.582+0000] {dag.py:4138} INFO - Setting next_dagrun for read_dataset_event to 2026-07-28 00:00:00+00:00, run_after=2026-07-29 00:00:00+00:00
[2026-07-29T18:16:43.584+0000] {logging_mixin.py:190} INFO - [2026-07-29T18:16:43.583+0000] {dag.py:4138} INFO - Setting next_dagrun for read_dataset_event_from_classic to 2026-07-28 00:00:00+00:00, run_after=2026-07-29 00:00:00+00:00
[2026-07-29T18:16:43.593+0000] {processor.py:208} INFO - Processing /home/airflow/.local/lib/python3.12/site-packages/airflow/example_dags/example_inlet_event_extra.py took 0.118 seconds
[2026-07-29T18:17:14.505+0000] {processor.py:186} INFO - Started process (PID=19034) to work on /home/airflow/.local/lib/python3.12/site-packages/airflow/example_dags/example_inlet_event_extra.py
[2026-07-29T18:17:14.506+0000] {processor.py:914} INFO - Processing file /home/airflow/.local/lib/python3.12/site-packages/airflow/example_dags/example_inlet_event_extra.py for tasks to queue
[2026-07-29T18:17:14.508+0000] {logging_mixin.py:190} INFO - [2026-07-29T18:17:14.508+0000] {dagbag.py:587} INFO - Filling up the DagBag from /home/airflow/.local/lib/python3.12/site-packages/airflow/example_dags/example_inlet_event_extra.py
[2026-07-29T18:17:14.578+0000] {processor.py:925} INFO - DAG(s) 'read_dataset_event_from_classic', 'read_dataset_event' retrieved from /home/airflow/.local/lib/python3.12/site-packages/airflow/example_dags/example_inlet_event_extra.py
[2026-07-29T18:17:14.591+0000] {logging_mixin.py:190} INFO - [2026-07-29T18:17:14.591+0000] {dag.py:3211} INFO - Sync 2 DAGs
[2026-07-29T18:17:14.602+0000] {logging_mixin.py:190} INFO - [2026-07-29T18:17:14.602+0000] {dag.py:4138} INFO - Setting next_dagrun for read_dataset_event to 2026-07-28 00:00:00+00:00, run_after=2026-07-29 00:00:00+00:00
[2026-07-29T18:17:14.603+0000] {logging_mixin.py:190} INFO - [2026-07-29T18:17:14.603+0000] {dag.py:4138} INFO - Setting next_dagrun for read_dataset_event_from_classic to 2026-07-28 00:00:00+00:00, run_after=2026-07-29 00:00:00+00:00
[2026-07-29T18:17:14.609+0000] {processor.py:208} INFO - Processing /home/airflow/.local/lib/python3.12/site-packages/airflow/example_dags/example_inlet_event_extra.py took 0.109 seconds
[2026-07-29T18:17:45.425+0000] {processor.py:186} INFO - Started process (PID=19100) to work on /home/airflow/.local/lib/python3.12/site-packages/airflow/example_dags/example_inlet_event_extra.py
[2026-07-29T18:17:45.426+0000] {processor.py:914} INFO - Processing file /home/airflow/.local/lib/python3.12/site-packages/airflow/example_dags/example_inlet_event_extra.py for tasks to queue
[2026-07-29T18:17:45.428+0000] {logging_mixin.py:190} INFO - [2026-07-29T18:17:45.428+0000] {dagbag.py:587} INFO - Filling up the DagBag from /home/airflow/.local/lib/python3.12/site-packages/airflow/example_dags/example_inlet_event_extra.py
[2026-07-29T18:17:45.498+0000] {processor.py:925} INFO - DAG(s) 'read_dataset_event_from_classic', 'read_dataset_event' retrieved from /home/airflow/.local/lib/python3.12/site-packages/airflow/example_dags/example_inlet_event_extra.py
[2026-07-29T18:17:45.511+0000] {logging_mixin.py:190} INFO - [2026-07-29T18:17:45.511+0000] {dag.py:3211} INFO - Sync 2 DAGs
[2026-07-29T18:17:45.522+0000] {logging_mixin.py:190} INFO - [2026-07-29T18:17:45.522+0000] {dag.py:4138} INFO - Setting next_dagrun for read_dataset_event to 2026-07-28 00:00:00+00:00, run_after=2026-07-29 00:00:00+00:00
[2026-07-29T18:17:45.523+0000] {logging_mixin.py:190} INFO - [2026-07-29T18:17:45.523+0000] {dag.py:4138} INFO - Setting next_dagrun for read_dataset_event_from_classic to 2026-07-28 00:00:00+00:00, run_after=2026-07-29 00:00:00+00:00
[2026-07-29T18:17:45.529+0000] {processor.py:208} INFO - Processing /home/airflow/.local/lib/python3.12/site-packages/airflow/example_dags/example_inlet_event_extra.py took 0.109 seconds
[2026-07-29T18:18:16.335+0000] {processor.py:186} INFO - Started process (PID=19166) to work on /home/airflow/.local/lib/python3.12/site-packages/airflow/example_dags/example_inlet_event_extra.py
[2026-07-29T18:18:16.335+0000] {processor.py:914} INFO - Processing file /home/airflow/.local/lib/python3.12/site-packages/airflow/example_dags/example_inlet_event_extra.py for tasks to queue
[2026-07-29T18:18:16.337+0000] {logging_mixin.py:190} INFO - [2026-07-29T18:18:16.337+0000] {dagbag.py:587} INFO - Filling up the DagBag from /home/airflow/.local/lib/python3.12/site-packages/airflow/example_dags/example_inlet_event_extra.py
[2026-07-29T18:18:16.406+0000] {processor.py:925} INFO - DAG(s) 'read_dataset_event_from_classic', 'read_dataset_event' retrieved from /home/airflow/.local/lib/python3.12/site-packages/airflow/example_dags/example_inlet_event_extra.py
[2026-07-29T18:18:16.419+0000] {logging_mixin.py:190} INFO - [2026-07-29T18:18:16.419+0000] {dag.py:3211} INFO - Sync 2 DAGs
[2026-07-29T18:18:16.428+0000] {logging_mixin.py:190} INFO - [2026-07-29T18:18:16.428+0000] {dag.py:4138} INFO - Setting next_dagrun for read_dataset_event to 2026-07-28 00:00:00+00:00, run_after=2026-07-29 00:00:00+00:00
[2026-07-29T18:18:16.430+0000] {logging_mixin.py:190} INFO - [2026-07-29T18:18:16.430+0000] {dag.py:4138} INFO - Setting next_dagrun for read_dataset_event_from_classic to 2026-07-28 00:00:00+00:00, run_after=2026-07-29 00:00:00+00:00
[2026-07-29T18:18:16.435+0000] {processor.py:208} INFO - Processing /home/airflow/.local/lib/python3.12/site-packages/airflow/example_dags/example_inlet_event_extra.py took 0.105 seconds
[2026-07-29T18:18:47.242+0000] {processor.py:186} INFO - Started process (PID=19232) to work on /home/airflow/.local/lib/python3.12/site-packages/airflow/example_dags/example_inlet_event_extra.py
[2026-07-29T18:18:47.243+0000] {processor.py:914} INFO - Processing file /home/airflow/.local/lib/python3.12/site-packages/airflow/example_dags/example_inlet_event_extra.py for tasks to queue
[2026-07-29T18:18:47.245+0000] {logging_mixin.py:190} INFO - [2026-07-29T18:18:47.245+0000] {dagbag.py:587} INFO - Filling up the DagBag from /home/airflow/.local/lib/python3.12/site-packages/airflow/example_dags/example_inlet_event_extra.py
[2026-07-29T18:18:47.312+0000] {processor.py:925} INFO - DAG(s) 'read_dataset_event_from_classic', 'read_dataset_event' retrieved from /home/airflow/.local/lib/python3.12/site-packages/airflow/example_dags/example_inlet_event_extra.py
[2026-07-29T18:18:47.326+0000] {logging_mixin.py:190} INFO - [2026-07-29T18:18:47.326+0000] {dag.py:3211} INFO - Sync 2 DAGs
[2026-07-29T18:18:47.338+0000] {logging_mixin.py:190} INFO - [2026-07-29T18:18:47.338+0000] {dag.py:4138} INFO - Setting next_dagrun for read_dataset_event to 2026-07-28 00:00:00+00:00, run_after=2026-07-29 00:00:00+00:00
[2026-07-29T18:18:47.341+0000] {logging_mixin.py:190} INFO - [2026-07-29T18:18:47.341+0000] {dag.py:4138} INFO - Setting next_dagrun for read_dataset_event_from_classic to 2026-07-28 00:00:00+00:00, run_after=2026-07-29 00:00:00+00:00
[2026-07-29T18:18:47.352+0000] {processor.py:208} INFO - Processing /home/airflow/.local/lib/python3.12/site-packages/airflow/example_dags/example_inlet_event_extra.py took 0.114 seconds
[2026-07-29T18:19:17.651+0000] {processor.py:186} INFO - Started process (PID=19298) to work on /home/airflow/.local/lib/python3.12/site-packages/airflow/example_dags/example_inlet_event_extra.py
[2026-07-29T18:19:17.652+0000] {processor.py:914} INFO - Processing file /home/airflow/.local/lib/python3.12/site-packages/airflow/example_dags/example_inlet_event_extra.py for tasks to queue
[2026-07-29T18:19:17.653+0000] {logging_mixin.py:190} INFO - [2026-07-29T18:19:17.653+0000] {dagbag.py:587} INFO - Filling up the DagBag from /home/airflow/.local/lib/python3.12/site-packages/airflow/example_dags/example_inlet_event_extra.py
[2026-07-29T18:19:17.711+0000] {processor.py:925} INFO - DAG(s) 'read_dataset_event', 'read_dataset_event_from_classic' retrieved from /home/airflow/.local/lib/python3.12/site-packages/airflow/example_dags/example_inlet_event_extra.py
[2026-07-29T18:19:17.725+0000] {logging_mixin.py:190} INFO - [2026-07-29T18:19:17.725+0000] {dag.py:3211} INFO - Sync 2 DAGs
[2026-07-29T18:19:17.737+0000] {logging_mixin.py:190} INFO - [2026-07-29T18:19:17.737+0000] {dag.py:4138} INFO - Setting next_dagrun for read_dataset_event to 2026-07-28 00:00:00+00:00, run_after=2026-07-29 00:00:00+00:00
[2026-07-29T18:19:17.739+0000] {logging_mixin.py:190} INFO - [2026-07-29T18:19:17.739+0000] {dag.py:4138} INFO - Setting next_dagrun for read_dataset_event_from_classic to 2026-07-28 00:00:00+00:00, run_after=2026-07-29 00:00:00+00:00
[2026-07-29T18:19:17.744+0000] {processor.py:208} INFO - Processing /home/airflow/.local/lib/python3.12/site-packages/airflow/example_dags/example_inlet_event_extra.py took 0.096 seconds
[2026-07-29T18:19:48.586+0000] {processor.py:186} INFO - Started process (PID=19364) to work on /home/airflow/.local/lib/python3.12/site-packages/airflow/example_dags/example_inlet_event_extra.py
[2026-07-29T18:19:48.587+0000] {processor.py:914} INFO - Processing file /home/airflow/.local/lib/python3.12/site-packages/airflow/example_dags/example_inlet_event_extra.py for tasks to queue
[2026-07-29T18:19:48.589+0000] {logging_mixin.py:190} INFO - [2026-07-29T18:19:48.589+0000] {dagbag.py:587} INFO - Filling up the DagBag from /home/airflow/.local/lib/python3.12/site-packages/airflow/example_dags/example_inlet_event_extra.py
[2026-07-29T18:19:48.664+0000] {processor.py:925} INFO - DAG(s) 'read_dataset_event_from_classic', 'read_dataset_event' retrieved from /home/airflow/.local/lib/python3.12/site-packages/airflow/example_dags/example_inlet_event_extra.py
[2026-07-29T18:19:48.679+0000] {logging_mixin.py:190} INFO - [2026-07-29T18:19:48.679+0000] {dag.py:3211} INFO - Sync 2 DAGs
[2026-07-29T18:19:48.689+0000] {logging_mixin.py:190} INFO - [2026-07-29T18:19:48.689+0000] {dag.py:4138} INFO - Setting next_dagrun for read_dataset_event to 2026-07-28 00:00:00+00:00, run_after=2026-07-29 00:00:00+00:00
[2026-07-29T18:19:48.693+0000] {logging_mixin.py:190} INFO - [2026-07-29T18:19:48.693+0000] {dag.py:4138} INFO - Setting next_dagrun for read_dataset_event_from_classic to 2026-07-28 00:00:00+00:00, run_after=2026-07-29 00:00:00+00:00
[2026-07-29T18:19:48.699+0000] {processor.py:208} INFO - Processing /home/airflow/.local/lib/python3.12/site-packages/airflow/example_dags/example_inlet_event_extra.py took 0.118 seconds
[2026-07-29T18:20:19.539+0000] {processor.py:186} INFO - Started process (PID=19430) to work on /home/airflow/.local/lib/python3.12/site-packages/airflow/example_dags/example_inlet_event_extra.py
[2026-07-29T18:20:19.540+0000] {processor.py:914} INFO - Processing file /home/airflow/.local/lib/python3.12/site-packages/airflow/example_dags/example_inlet_event_extra.py for tasks to queue
[2026-07-29T18:20:19.542+0000] {logging_mixin.py:190} INFO - [2026-07-29T18:20:19.542+0000] {dagbag.py:587} INFO - Filling up the DagBag from /home/airflow/.local/lib/python3.12/site-packages/airflow/example_dags/example_inlet_event_extra.py
[2026-07-29T18:20:19.613+0000] {processor.py:925} INFO - DAG(s) 'read_dataset_event_from_classic', 'read_dataset_event' retrieved from /home/airflow/.local/lib/python3.12/site-packages/airflow/example_dags/example_inlet_event_extra.py
[2026-07-29T18:20:19.624+0000] {logging_mixin.py:190} INFO - [2026-07-29T18:20:19.624+0000] {dag.py:3211} INFO - Sync 2 DAGs
[2026-07-29T18:20:19.634+0000] {logging_mixin.py:190} INFO - [2026-07-29T18:20:19.634+0000] {dag.py:4138} INFO - Setting next_dagrun for read_dataset_event to 2026-07-28 00:00:00+00:00, run_after=2026-07-29 00:00:00+00:00
[2026-07-29T18:20:19.635+0000] {logging_mixin.py:190} INFO - [2026-07-29T18:20:19.635+0000] {dag.py:4138} INFO - Setting next_dagrun for read_dataset_event_from_classic to 2026-07-28 00:00:00+00:00, run_after=2026-07-29 00:00:00+00:00
[2026-07-29T18:20:19.641+0000] {processor.py:208} INFO - Processing /home/airflow/.local/lib/python3.12/site-packages/airflow/example_dags/example_inlet_event_extra.py took 0.107 seconds
[2026-07-29T18:20:50.384+0000] {processor.py:186} INFO - Started process (PID=19496) to work on /home/airflow/.local/lib/python3.12/site-packages/airflow/example_dags/example_inlet_event_extra.py
[2026-07-29T18:20:50.385+0000] {processor.py:914} INFO - Processing file /home/airflow/.local/lib/python3.12/site-packages/airflow/example_dags/example_inlet_event_extra.py for tasks to queue
[2026-07-29T18:20:50.386+0000] {logging_mixin.py:190} INFO - [2026-07-29T18:20:50.386+0000] {dagbag.py:587} INFO - Filling up the DagBag from /home/airflow/.local/lib/python3.12/site-packages/airflow/example_dags/example_inlet_event_extra.py
[2026-07-29T18:20:50.447+0000] {processor.py:925} INFO - DAG(s) 'read_dataset_event', 'read_dataset_event_from_classic' retrieved from /home/airflow/.local/lib/python3.12/site-packages/airflow/example_dags/example_inlet_event_extra.py
[2026-07-29T18:20:50.458+0000] {logging_mixin.py:190} INFO - [2026-07-29T18:20:50.458+0000] {dag.py:3211} INFO - Sync 2 DAGs
[2026-07-29T18:20:50.467+0000] {logging_mixin.py:190} INFO - [2026-07-29T18:20:50.467+0000] {dag.py:4138} INFO - Setting next_dagrun for read_dataset_event to 2026-07-28 00:00:00+00:00, run_after=2026-07-29 00:00:00+00:00
[2026-07-29T18:20:50.468+0000] {logging_mixin.py:190} INFO - [2026-07-29T18:20:50.468+0000] {dag.py:4138} INFO - Setting next_dagrun for read_dataset_event_from_classic to 2026-07-28 00:00:00+00:00, run_after=2026-07-29 00:00:00+00:00
[2026-07-29T18:20:50.473+0000] {processor.py:208} INFO - Processing /home/airflow/.local/lib/python3.12/site-packages/airflow/example_dags/example_inlet_event_extra.py took 0.093 seconds
[2026-07-29T18:21:21.307+0000] {processor.py:186} INFO - Started process (PID=19562) to work on /home/airflow/.local/lib/python3.12/site-packages/airflow/example_dags/example_inlet_event_extra.py
[2026-07-29T18:21:21.308+0000] {processor.py:914} INFO - Processing file /home/airflow/.local/lib/python3.12/site-packages/airflow/example_dags/example_inlet_event_extra.py for tasks to queue
[2026-07-29T18:21:21.310+0000] {logging_mixin.py:190} INFO - [2026-07-29T18:21:21.309+0000] {dagbag.py:587} INFO - Filling up the DagBag from /home/airflow/.local/lib/python3.12/site-packages/airflow/example_dags/example_inlet_event_extra.py
[2026-07-29T18:21:21.370+0000] {processor.py:925} INFO - DAG(s) 'read_dataset_event_from_classic', 'read_dataset_event' retrieved from /home/airflow/.local/lib/python3.12/site-packages/airflow/example_dags/example_inlet_event_extra.py
[2026-07-29T18:21:21.384+0000] {logging_mixin.py:190} INFO - [2026-07-29T18:21:21.384+0000] {dag.py:3211} INFO - Sync 2 DAGs
[2026-07-29T18:21:21.393+0000] {logging_mixin.py:190} INFO - [2026-07-29T18:21:21.393+0000] {dag.py:4138} INFO - Setting next_dagrun for read_dataset_event to 2026-07-28 00:00:00+00:00, run_after=2026-07-29 00:00:00+00:00
[2026-07-29T18:21:21.394+0000] {logging_mixin.py:190} INFO - [2026-07-29T18:21:21.394+0000] {dag.py:4138} INFO - Setting next_dagrun for read_dataset_event_from_classic to 2026-07-28 00:00:00+00:00, run_after=2026-07-29 00:00:00+00:00
[2026-07-29T18:21:21.402+0000] {processor.py:208} INFO - Processing /home/airflow/.local/lib/python3.12/site-packages/airflow/example_dags/example_inlet_event_extra.py took 0.098 seconds
[2026-07-29T18:21:52.219+0000] {processor.py:186} INFO - Started process (PID=19628) to work on /home/airflow/.local/lib/python3.12/site-packages/airflow/example_dags/example_inlet_event_extra.py
[2026-07-29T18:21:52.220+0000] {processor.py:914} INFO - Processing file /home/airflow/.local/lib/python3.12/site-packages/airflow/example_dags/example_inlet_event_extra.py for tasks to queue
[2026-07-29T18:21:52.222+0000] {logging_mixin.py:190} INFO - [2026-07-29T18:21:52.221+0000] {dagbag.py:587} INFO - Filling up the DagBag from /home/airflow/.local/lib/python3.12/site-packages/airflow/example_dags/example_inlet_event_extra.py
[2026-07-29T18:21:52.305+0000] {processor.py:925} INFO - DAG(s) 'read_dataset_event_from_classic', 'read_dataset_event' retrieved from /home/airflow/.local/lib/python3.12/site-packages/airflow/example_dags/example_inlet_event_extra.py
[2026-07-29T18:21:52.319+0000] {logging_mixin.py:190} INFO - [2026-07-29T18:21:52.319+0000] {dag.py:3211} INFO - Sync 2 DAGs
[2026-07-29T18:21:52.333+0000] {logging_mixin.py:190} INFO - [2026-07-29T18:21:52.333+0000] {dag.py:4138} INFO - Setting next_dagrun for read_dataset_event to 2026-07-28 00:00:00+00:00, run_after=2026-07-29 00:00:00+00:00
[2026-07-29T18:21:52.334+0000] {logging_mixin.py:190} INFO - [2026-07-29T18:21:52.334+0000] {dag.py:4138} INFO - Setting next_dagrun for read_dataset_event_from_classic to 2026-07-28 00:00:00+00:00, run_after=2026-07-29 00:00:00+00:00
[2026-07-29T18:21:52.343+0000] {processor.py:208} INFO - Processing /home/airflow/.local/lib/python3.12/site-packages/airflow/example_dags/example_inlet_event_extra.py took 0.130 seconds
[2026-07-29T18:22:22.373+0000] {processor.py:186} INFO - Started process (PID=19695) to work on /home/airflow/.local/lib/python3.12/site-packages/airflow/example_dags/example_inlet_event_extra.py
[2026-07-29T18:22:22.373+0000] {processor.py:914} INFO - Processing file /home/airflow/.local/lib/python3.12/site-packages/airflow/example_dags/example_inlet_event_extra.py for tasks to queue
[2026-07-29T18:22:22.375+0000] {logging_mixin.py:190} INFO - [2026-07-29T18:22:22.374+0000] {dagbag.py:587} INFO - Filling up the DagBag from /home/airflow/.local/lib/python3.12/site-packages/airflow/example_dags/example_inlet_event_extra.py
[2026-07-29T18:22:22.453+0000] {processor.py:925} INFO - DAG(s) 'read_dataset_event_from_classic', 'read_dataset_event' retrieved from /home/airflow/.local/lib/python3.12/site-packages/airflow/example_dags/example_inlet_event_extra.py
[2026-07-29T18:22:22.467+0000] {logging_mixin.py:190} INFO - [2026-07-29T18:22:22.467+0000] {dag.py:3211} INFO - Sync 2 DAGs
[2026-07-29T18:22:22.479+0000] {logging_mixin.py:190} INFO - [2026-07-29T18:22:22.479+0000] {dag.py:4138} INFO - Setting next_dagrun for read_dataset_event to 2026-07-28 00:00:00+00:00, run_after=2026-07-29 00:00:00+00:00
[2026-07-29T18:22:22.483+0000] {logging_mixin.py:190} INFO - [2026-07-29T18:22:22.483+0000] {dag.py:4138} INFO - Setting next_dagrun for read_dataset_event_from_classic to 2026-07-28 00:00:00+00:00, run_after=2026-07-29 00:00:00+00:00
[2026-07-29T18:22:22.491+0000] {processor.py:208} INFO - Processing /home/airflow/.local/lib/python3.12/site-packages/airflow/example_dags/example_inlet_event_extra.py took 0.122 seconds
[2026-07-29T18:22:53.439+0000] {processor.py:186} INFO - Started process (PID=19762) to work on /home/airflow/.local/lib/python3.12/site-packages/airflow/example_dags/example_inlet_event_extra.py
[2026-07-29T18:22:53.440+0000] {processor.py:914} INFO - Processing file /home/airflow/.local/lib/python3.12/site-packages/airflow/example_dags/example_inlet_event_extra.py for tasks to queue
[2026-07-29T18:22:53.441+0000] {logging_mixin.py:190} INFO - [2026-07-29T18:22:53.441+0000] {dagbag.py:587} INFO - Filling up the DagBag from /home/airflow/.local/lib/python3.12/site-packages/airflow/example_dags/example_inlet_event_extra.py
[2026-07-29T18:22:53.525+0000] {processor.py:925} INFO - DAG(s) 'read_dataset_event_from_classic', 'read_dataset_event' retrieved from /home/airflow/.local/lib/python3.12/site-packages/airflow/example_dags/example_inlet_event_extra.py
[2026-07-29T18:22:53.547+0000] {logging_mixin.py:190} INFO - [2026-07-29T18:22:53.546+0000] {dag.py:3211} INFO - Sync 2 DAGs
[2026-07-29T18:22:53.569+0000] {logging_mixin.py:190} INFO - [2026-07-29T18:22:53.569+0000] {dag.py:4138} INFO - Setting next_dagrun for read_dataset_event to 2026-07-28 00:00:00+00:00, run_after=2026-07-29 00:00:00+00:00
[2026-07-29T18:22:53.577+0000] {logging_mixin.py:190} INFO - [2026-07-29T18:22:53.577+0000] {dag.py:4138} INFO - Setting next_dagrun for read_dataset_event_from_classic to 2026-07-28 00:00:00+00:00, run_after=2026-07-29 00:00:00+00:00
[2026-07-29T18:22:53.591+0000] {processor.py:208} INFO - Processing /home/airflow/.local/lib/python3.12/site-packages/airflow/example_dags/example_inlet_event_extra.py took 0.155 seconds
[2026-07-29T18:23:23.617+0000] {processor.py:186} INFO - Started process (PID=19829) to work on /home/airflow/.local/lib/python3.12/site-packages/airflow/example_dags/example_inlet_event_extra.py
[2026-07-29T18:23:23.618+0000] {processor.py:914} INFO - Processing file /home/airflow/.local/lib/python3.12/site-packages/airflow/example_dags/example_inlet_event_extra.py for tasks to queue
[2026-07-29T18:23:23.619+0000] {logging_mixin.py:190} INFO - [2026-07-29T18:23:23.619+0000] {dagbag.py:587} INFO - Filling up the DagBag from /home/airflow/.local/lib/python3.12/site-packages/airflow/example_dags/example_inlet_event_extra.py
[2026-07-29T18:23:23.687+0000] {processor.py:925} INFO - DAG(s) 'read_dataset_event_from_classic', 'read_dataset_event' retrieved from /home/airflow/.local/lib/python3.12/site-packages/airflow/example_dags/example_inlet_event_extra.py
[2026-07-29T18:23:23.700+0000] {logging_mixin.py:190} INFO - [2026-07-29T18:23:23.700+0000] {dag.py:3211} INFO - Sync 2 DAGs
[2026-07-29T18:23:23.709+0000] {logging_mixin.py:190} INFO - [2026-07-29T18:23:23.709+0000] {dag.py:4138} INFO - Setting next_dagrun for read_dataset_event to 2026-07-28 00:00:00+00:00, run_after=2026-07-29 00:00:00+00:00
[2026-07-29T18:23:23.712+0000] {logging_mixin.py:190} INFO - [2026-07-29T18:23:23.712+0000] {dag.py:4138} INFO - Setting next_dagrun for read_dataset_event_from_classic to 2026-07-28 00:00:00+00:00, run_after=2026-07-29 00:00:00+00:00
[2026-07-29T18:23:23.718+0000] {processor.py:208} INFO - Processing /home/airflow/.local/lib/python3.12/site-packages/airflow/example_dags/example_inlet_event_extra.py took 0.104 seconds
[2026-07-29T18:23:54.669+0000] {processor.py:186} INFO - Started process (PID=19895) to work on /home/airflow/.local/lib/python3.12/site-packages/airflow/example_dags/example_inlet_event_extra.py
[2026-07-29T18:23:54.670+0000] {processor.py:914} INFO - Processing file /home/airflow/.local/lib/python3.12/site-packages/airflow/example_dags/example_inlet_event_extra.py for tasks to queue
[2026-07-29T18:23:54.671+0000] {logging_mixin.py:190} INFO - [2026-07-29T18:23:54.671+0000] {dagbag.py:587} INFO - Filling up the DagBag from /home/airflow/.local/lib/python3.12/site-packages/airflow/example_dags/example_inlet_event_extra.py
[2026-07-29T18:23:54.737+0000] {processor.py:925} INFO - DAG(s) 'read_dataset_event_from_classic', 'read_dataset_event' retrieved from /home/airflow/.local/lib/python3.12/site-packages/airflow/example_dags/example_inlet_event_extra.py
[2026-07-29T18:23:54.750+0000] {logging_mixin.py:190} INFO - [2026-07-29T18:23:54.750+0000] {dag.py:3211} INFO - Sync 2 DAGs
[2026-07-29T18:23:54.762+0000] {logging_mixin.py:190} INFO - [2026-07-29T18:23:54.762+0000] {dag.py:4138} INFO - Setting next_dagrun for read_dataset_event to 2026-07-28 00:00:00+00:00, run_after=2026-07-29 00:00:00+00:00
[2026-07-29T18:23:54.764+0000] {logging_mixin.py:190} INFO - [2026-07-29T18:23:54.764+0000] {dag.py:4138} INFO - Setting next_dagrun for read_dataset_event_from_classic to 2026-07-28 00:00:00+00:00, run_after=2026-07-29 00:00:00+00:00
[2026-07-29T18:23:54.770+0000] {processor.py:208} INFO - Processing /home/airflow/.local/lib/python3.12/site-packages/airflow/example_dags/example_inlet_event_extra.py took 0.107 seconds
[2026-07-29T18:24:30.533+0000] {processor.py:186} INFO - Started process (PID=19968) to work on /home/airflow/.local/lib/python3.12/site-packages/airflow/example_dags/example_inlet_event_extra.py
[2026-07-29T18:24:30.534+0000] {processor.py:914} INFO - Processing file /home/airflow/.local/lib/python3.12/site-packages/airflow/example_dags/example_inlet_event_extra.py for tasks to queue
[2026-07-29T18:24:30.536+0000] {logging_mixin.py:190} INFO - [2026-07-29T18:24:30.536+0000] {dagbag.py:587} INFO - Filling up the DagBag from /home/airflow/.local/lib/python3.12/site-packages/airflow/example_dags/example_inlet_event_extra.py
[2026-07-29T18:24:30.606+0000] {processor.py:925} INFO - DAG(s) 'read_dataset_event_from_classic', 'read_dataset_event' retrieved from /home/airflow/.local/lib/python3.12/site-packages/airflow/example_dags/example_inlet_event_extra.py
[2026-07-29T18:24:30.712+0000] {logging_mixin.py:190} INFO - [2026-07-29T18:24:30.712+0000] {dag.py:3211} INFO - Sync 2 DAGs
[2026-07-29T18:24:30.719+0000] {logging_mixin.py:190} INFO - [2026-07-29T18:24:30.719+0000] {dag.py:4138} INFO - Setting next_dagrun for read_dataset_event to 2026-07-28 00:00:00+00:00, run_after=2026-07-29 00:00:00+00:00
[2026-07-29T18:24:30.721+0000] {logging_mixin.py:190} INFO - [2026-07-29T18:24:30.720+0000] {dag.py:4138} INFO - Setting next_dagrun for read_dataset_event_from_classic to 2026-07-28 00:00:00+00:00, run_after=2026-07-29 00:00:00+00:00
[2026-07-29T18:24:30.727+0000] {processor.py:208} INFO - Processing /home/airflow/.local/lib/python3.12/site-packages/airflow/example_dags/example_inlet_event_extra.py took 0.199 seconds
[2026-07-29T18:25:00.799+0000] {processor.py:186} INFO - Started process (PID=20037) to work on /home/airflow/.local/lib/python3.12/site-packages/airflow/example_dags/example_inlet_event_extra.py
[2026-07-29T18:25:00.800+0000] {processor.py:914} INFO - Processing file /home/airflow/.local/lib/python3.12/site-packages/airflow/example_dags/example_inlet_event_extra.py for tasks to queue
[2026-07-29T18:25:00.805+0000] {logging_mixin.py:190} INFO - [2026-07-29T18:25:00.805+0000] {dagbag.py:587} INFO - Filling up the DagBag from /home/airflow/.local/lib/python3.12/site-packages/airflow/example_dags/example_inlet_event_extra.py
[2026-07-29T18:25:00.868+0000] {processor.py:925} INFO - DAG(s) 'read_dataset_event_from_classic', 'read_dataset_event' retrieved from /home/airflow/.local/lib/python3.12/site-packages/airflow/example_dags/example_inlet_event_extra.py
[2026-07-29T18:25:00.882+0000] {logging_mixin.py:190} INFO - [2026-07-29T18:25:00.882+0000] {dag.py:3211} INFO - Sync 2 DAGs
[2026-07-29T18:25:00.986+0000] {logging_mixin.py:190} INFO - [2026-07-29T18:25:00.986+0000] {dag.py:4138} INFO - Setting next_dagrun for read_dataset_event to 2026-07-28 00:00:00+00:00, run_after=2026-07-29 00:00:00+00:00
[2026-07-29T18:25:00.989+0000] {logging_mixin.py:190} INFO - [2026-07-29T18:25:00.989+0000] {dag.py:4138} INFO - Setting next_dagrun for read_dataset_event_from_classic to 2026-07-28 00:00:00+00:00, run_after=2026-07-29 00:00:00+00:00
[2026-07-29T18:25:00.997+0000] {processor.py:208} INFO - Processing /home/airflow/.local/lib/python3.12/site-packages/airflow/example_dags/example_inlet_event_extra.py took 0.201 seconds
[2026-07-29T18:25:31.035+0000] {processor.py:186} INFO - Started process (PID=20104) to work on /home/airflow/.local/lib/python3.12/site-packages/airflow/example_dags/example_inlet_event_extra.py
[2026-07-29T18:25:31.035+0000] {processor.py:914} INFO - Processing file /home/airflow/.local/lib/python3.12/site-packages/airflow/example_dags/example_inlet_event_extra.py for tasks to queue
[2026-07-29T18:25:31.036+0000] {logging_mixin.py:190} INFO - [2026-07-29T18:25:31.036+0000] {dagbag.py:587} INFO - Filling up the DagBag from /home/airflow/.local/lib/python3.12/site-packages/airflow/example_dags/example_inlet_event_extra.py
[2026-07-29T18:25:31.197+0000] {processor.py:925} INFO - DAG(s) 'read_dataset_event', 'read_dataset_event_from_classic' retrieved from /home/airflow/.local/lib/python3.12/site-packages/airflow/example_dags/example_inlet_event_extra.py
[2026-07-29T18:25:31.208+0000] {logging_mixin.py:190} INFO - [2026-07-29T18:25:31.208+0000] {dag.py:3211} INFO - Sync 2 DAGs
[2026-07-29T18:25:31.217+0000] {logging_mixin.py:190} INFO - [2026-07-29T18:25:31.217+0000] {dag.py:4138} INFO - Setting next_dagrun for read_dataset_event to 2026-07-28 00:00:00+00:00, run_after=2026-07-29 00:00:00+00:00
[2026-07-29T18:25:31.220+0000] {logging_mixin.py:190} INFO - [2026-07-29T18:25:31.220+0000] {dag.py:4138} INFO - Setting next_dagrun for read_dataset_event_from_classic to 2026-07-28 00:00:00+00:00, run_after=2026-07-29 00:00:00+00:00
[2026-07-29T18:25:31.226+0000] {processor.py:208} INFO - Processing /home/airflow/.local/lib/python3.12/site-packages/airflow/example_dags/example_inlet_event_extra.py took 0.194 seconds
[2026-07-29T18:26:01.441+0000] {processor.py:186} INFO - Started process (PID=20166) to work on /home/airflow/.local/lib/python3.12/site-packages/airflow/example_dags/example_inlet_event_extra.py
[2026-07-29T18:26:01.441+0000] {processor.py:914} INFO - Processing file /home/airflow/.local/lib/python3.12/site-packages/airflow/example_dags/example_inlet_event_extra.py for tasks to queue
[2026-07-29T18:26:01.443+0000] {logging_mixin.py:190} INFO - [2026-07-29T18:26:01.443+0000] {dagbag.py:587} INFO - Filling up the DagBag from /home/airflow/.local/lib/python3.12/site-packages/airflow/example_dags/example_inlet_event_extra.py
[2026-07-29T18:26:01.611+0000] {processor.py:925} INFO - DAG(s) 'read_dataset_event', 'read_dataset_event_from_classic' retrieved from /home/airflow/.local/lib/python3.12/site-packages/airflow/example_dags/example_inlet_event_extra.py
[2026-07-29T18:26:01.620+0000] {logging_mixin.py:190} INFO - [2026-07-29T18:26:01.620+0000] {dag.py:3211} INFO - Sync 2 DAGs
[2026-07-29T18:26:01.628+0000] {logging_mixin.py:190} INFO - [2026-07-29T18:26:01.628+0000] {dag.py:4138} INFO - Setting next_dagrun for read_dataset_event to 2026-07-28 00:00:00+00:00, run_after=2026-07-29 00:00:00+00:00
[2026-07-29T18:26:01.629+0000] {logging_mixin.py:190} INFO - [2026-07-29T18:26:01.629+0000] {dag.py:4138} INFO - Setting next_dagrun for read_dataset_event_from_classic to 2026-07-28 00:00:00+00:00, run_after=2026-07-29 00:00:00+00:00
[2026-07-29T18:26:01.638+0000] {processor.py:208} INFO - Processing /home/airflow/.local/lib/python3.12/site-packages/airflow/example_dags/example_inlet_event_extra.py took 0.204 seconds
[2026-07-29T18:26:31.704+0000] {processor.py:186} INFO - Started process (PID=20235) to work on /home/airflow/.local/lib/python3.12/site-packages/airflow/example_dags/example_inlet_event_extra.py
[2026-07-29T18:26:31.705+0000] {processor.py:914} INFO - Processing file /home/airflow/.local/lib/python3.12/site-packages/airflow/example_dags/example_inlet_event_extra.py for tasks to queue
[2026-07-29T18:26:31.707+0000] {logging_mixin.py:190} INFO - [2026-07-29T18:26:31.707+0000] {dagbag.py:587} INFO - Filling up the DagBag from /home/airflow/.local/lib/python3.12/site-packages/airflow/example_dags/example_inlet_event_extra.py
[2026-07-29T18:26:31.898+0000] {processor.py:925} INFO - DAG(s) 'read_dataset_event_from_classic', 'read_dataset_event' retrieved from /home/airflow/.local/lib/python3.12/site-packages/airflow/example_dags/example_inlet_event_extra.py
[2026-07-29T18:26:31.911+0000] {logging_mixin.py:190} INFO - [2026-07-29T18:26:31.911+0000] {dag.py:3211} INFO - Sync 2 DAGs
[2026-07-29T18:26:31.921+0000] {logging_mixin.py:190} INFO - [2026-07-29T18:26:31.921+0000] {dag.py:4138} INFO - Setting next_dagrun for read_dataset_event to 2026-07-28 00:00:00+00:00, run_after=2026-07-29 00:00:00+00:00
[2026-07-29T18:26:31.925+0000] {logging_mixin.py:190} INFO - [2026-07-29T18:26:31.924+0000] {dag.py:4138} INFO - Setting next_dagrun for read_dataset_event_from_classic to 2026-07-28 00:00:00+00:00, run_after=2026-07-29 00:00:00+00:00
[2026-07-29T18:26:31.934+0000] {processor.py:208} INFO - Processing /home/airflow/.local/lib/python3.12/site-packages/airflow/example_dags/example_inlet_event_extra.py took 0.234 seconds
[2026-07-29T18:27:02.012+0000] {processor.py:186} INFO - Started process (PID=20298) to work on /home/airflow/.local/lib/python3.12/site-packages/airflow/example_dags/example_inlet_event_extra.py
[2026-07-29T18:27:02.013+0000] {processor.py:914} INFO - Processing file /home/airflow/.local/lib/python3.12/site-packages/airflow/example_dags/example_inlet_event_extra.py for tasks to queue
[2026-07-29T18:27:02.015+0000] {logging_mixin.py:190} INFO - [2026-07-29T18:27:02.014+0000] {dagbag.py:587} INFO - Filling up the DagBag from /home/airflow/.local/lib/python3.12/site-packages/airflow/example_dags/example_inlet_event_extra.py
[2026-07-29T18:27:02.170+0000] {processor.py:925} INFO - DAG(s) 'read_dataset_event_from_classic', 'read_dataset_event' retrieved from /home/airflow/.local/lib/python3.12/site-packages/airflow/example_dags/example_inlet_event_extra.py
[2026-07-29T18:27:02.184+0000] {logging_mixin.py:190} INFO - [2026-07-29T18:27:02.184+0000] {dag.py:3211} INFO - Sync 2 DAGs
[2026-07-29T18:27:02.194+0000] {logging_mixin.py:190} INFO - [2026-07-29T18:27:02.194+0000] {dag.py:4138} INFO - Setting next_dagrun for read_dataset_event to 2026-07-28 00:00:00+00:00, run_after=2026-07-29 00:00:00+00:00
[2026-07-29T18:27:02.196+0000] {logging_mixin.py:190} INFO - [2026-07-29T18:27:02.196+0000] {dag.py:4138} INFO - Setting next_dagrun for read_dataset_event_from_classic to 2026-07-28 00:00:00+00:00, run_after=2026-07-29 00:00:00+00:00
[2026-07-29T18:27:02.202+0000] {processor.py:208} INFO - Processing /home/airflow/.local/lib/python3.12/site-packages/airflow/example_dags/example_inlet_event_extra.py took 0.192 seconds
[2026-07-29T18:27:32.241+0000] {processor.py:186} INFO - Started process (PID=20364) to work on /home/airflow/.local/lib/python3.12/site-packages/airflow/example_dags/example_inlet_event_extra.py
[2026-07-29T18:27:32.242+0000] {processor.py:914} INFO - Processing file /home/airflow/.local/lib/python3.12/site-packages/airflow/example_dags/example_inlet_event_extra.py for tasks to queue
[2026-07-29T18:27:32.245+0000] {logging_mixin.py:190} INFO - [2026-07-29T18:27:32.244+0000] {dagbag.py:587} INFO - Filling up the DagBag from /home/airflow/.local/lib/python3.12/site-packages/airflow/example_dags/example_inlet_event_extra.py
[2026-07-29T18:27:32.410+0000] {processor.py:925} INFO - DAG(s) 'read_dataset_event_from_classic', 'read_dataset_event' retrieved from /home/airflow/.local/lib/python3.12/site-packages/airflow/example_dags/example_inlet_event_extra.py
[2026-07-29T18:27:32.420+0000] {logging_mixin.py:190} INFO - [2026-07-29T18:27:32.420+0000] {dag.py:3211} INFO - Sync 2 DAGs
[2026-07-29T18:27:32.428+0000] {logging_mixin.py:190} INFO - [2026-07-29T18:27:32.428+0000] {dag.py:4138} INFO - Setting next_dagrun for read_dataset_event to 2026-07-28 00:00:00+00:00, run_after=2026-07-29 00:00:00+00:00
[2026-07-29T18:27:32.431+0000] {logging_mixin.py:190} INFO - [2026-07-29T18:27:32.430+0000] {dag.py:4138} INFO - Setting next_dagrun for read_dataset_event_from_classic to 2026-07-28 00:00:00+00:00, run_after=2026-07-29 00:00:00+00:00
[2026-07-29T18:27:32.440+0000] {processor.py:208} INFO - Processing /home/airflow/.local/lib/python3.12/site-packages/airflow/example_dags/example_inlet_event_extra.py took 0.204 seconds
[2026-07-29T18:28:02.559+0000] {processor.py:186} INFO - Started process (PID=20430) to work on /home/airflow/.local/lib/python3.12/site-packages/airflow/example_dags/example_inlet_event_extra.py
[2026-07-29T18:28:02.560+0000] {processor.py:914} INFO - Processing file /home/airflow/.local/lib/python3.12/site-packages/airflow/example_dags/example_inlet_event_extra.py for tasks to queue
[2026-07-29T18:28:02.563+0000] {logging_mixin.py:190} INFO - [2026-07-29T18:28:02.563+0000] {dagbag.py:587} INFO - Filling up the DagBag from /home/airflow/.local/lib/python3.12/site-packages/airflow/example_dags/example_inlet_event_extra.py
[2026-07-29T18:28:02.765+0000] {processor.py:925} INFO - DAG(s) 'read_dataset_event_from_classic', 'read_dataset_event' retrieved from /home/airflow/.local/lib/python3.12/site-packages/airflow/example_dags/example_inlet_event_extra.py
[2026-07-29T18:28:02.780+0000] {logging_mixin.py:190} INFO - [2026-07-29T18:28:02.779+0000] {dag.py:3211} INFO - Sync 2 DAGs
[2026-07-29T18:28:02.793+0000] {logging_mixin.py:190} INFO - [2026-07-29T18:28:02.793+0000] {dag.py:4138} INFO - Setting next_dagrun for read_dataset_event to 2026-07-28 00:00:00+00:00, run_after=2026-07-29 00:00:00+00:00
[2026-07-29T18:28:02.796+0000] {logging_mixin.py:190} INFO - [2026-07-29T18:28:02.796+0000] {dag.py:4138} INFO - Setting next_dagrun for read_dataset_event_from_classic to 2026-07-28 00:00:00+00:00, run_after=2026-07-29 00:00:00+00:00
[2026-07-29T18:28:02.808+0000] {processor.py:208} INFO - Processing /home/airflow/.local/lib/python3.12/site-packages/airflow/example_dags/example_inlet_event_extra.py took 0.256 seconds
[2026-07-29T18:28:32.943+0000] {processor.py:186} INFO - Started process (PID=20500) to work on /home/airflow/.local/lib/python3.12/site-packages/airflow/example_dags/example_inlet_event_extra.py
[2026-07-29T18:28:32.944+0000] {processor.py:914} INFO - Processing file /home/airflow/.local/lib/python3.12/site-packages/airflow/example_dags/example_inlet_event_extra.py for tasks to queue
[2026-07-29T18:28:32.945+0000] {logging_mixin.py:190} INFO - [2026-07-29T18:28:32.945+0000] {dagbag.py:587} INFO - Filling up the DagBag from /home/airflow/.local/lib/python3.12/site-packages/airflow/example_dags/example_inlet_event_extra.py
[2026-07-29T18:28:33.076+0000] {processor.py:925} INFO - DAG(s) 'read_dataset_event', 'read_dataset_event_from_classic' retrieved from /home/airflow/.local/lib/python3.12/site-packages/airflow/example_dags/example_inlet_event_extra.py
[2026-07-29T18:28:33.083+0000] {logging_mixin.py:190} INFO - [2026-07-29T18:28:33.083+0000] {dag.py:3211} INFO - Sync 2 DAGs
[2026-07-29T18:28:33.090+0000] {logging_mixin.py:190} INFO - [2026-07-29T18:28:33.090+0000] {dag.py:4138} INFO - Setting next_dagrun for read_dataset_event to 2026-07-28 00:00:00+00:00, run_after=2026-07-29 00:00:00+00:00
[2026-07-29T18:28:33.091+0000] {logging_mixin.py:190} INFO - [2026-07-29T18:28:33.091+0000] {dag.py:4138} INFO - Setting next_dagrun for read_dataset_event_from_classic to 2026-07-28 00:00:00+00:00, run_after=2026-07-29 00:00:00+00:00
[2026-07-29T18:28:33.096+0000] {processor.py:208} INFO - Processing /home/airflow/.local/lib/python3.12/site-packages/airflow/example_dags/example_inlet_event_extra.py took 0.155 seconds
[2026-07-29T18:29:04.053+0000] {processor.py:186} INFO - Started process (PID=20566) to work on /home/airflow/.local/lib/python3.12/site-packages/airflow/example_dags/example_inlet_event_extra.py
[2026-07-29T18:29:04.056+0000] {processor.py:914} INFO - Processing file /home/airflow/.local/lib/python3.12/site-packages/airflow/example_dags/example_inlet_event_extra.py for tasks to queue
[2026-07-29T18:29:04.058+0000] {logging_mixin.py:190} INFO - [2026-07-29T18:29:04.058+0000] {dagbag.py:587} INFO - Filling up the DagBag from /home/airflow/.local/lib/python3.12/site-packages/airflow/example_dags/example_inlet_event_extra.py
[2026-07-29T18:29:04.129+0000] {processor.py:925} INFO - DAG(s) 'read_dataset_event', 'read_dataset_event_from_classic' retrieved from /home/airflow/.local/lib/python3.12/site-packages/airflow/example_dags/example_inlet_event_extra.py
[2026-07-29T18:29:04.143+0000] {logging_mixin.py:190} INFO - [2026-07-29T18:29:04.143+0000] {dag.py:3211} INFO - Sync 2 DAGs
[2026-07-29T18:29:04.154+0000] {logging_mixin.py:190} INFO - [2026-07-29T18:29:04.154+0000] {dag.py:4138} INFO - Setting next_dagrun for read_dataset_event to 2026-07-28 00:00:00+00:00, run_after=2026-07-29 00:00:00+00:00
[2026-07-29T18:29:04.157+0000] {logging_mixin.py:190} INFO - [2026-07-29T18:29:04.157+0000] {dag.py:4138} INFO - Setting next_dagrun for read_dataset_event_from_classic to 2026-07-28 00:00:00+00:00, run_after=2026-07-29 00:00:00+00:00
[2026-07-29T18:29:04.164+0000] {processor.py:208} INFO - Processing /home/airflow/.local/lib/python3.12/site-packages/airflow/example_dags/example_inlet_event_extra.py took 0.115 seconds
[2026-07-29T18:29:35.080+0000] {processor.py:186} INFO - Started process (PID=20632) to work on /home/airflow/.local/lib/python3.12/site-packages/airflow/example_dags/example_inlet_event_extra.py
[2026-07-29T18:29:35.081+0000] {processor.py:914} INFO - Processing file /home/airflow/.local/lib/python3.12/site-packages/airflow/example_dags/example_inlet_event_extra.py for tasks to queue
[2026-07-29T18:29:35.084+0000] {logging_mixin.py:190} INFO - [2026-07-29T18:29:35.084+0000] {dagbag.py:587} INFO - Filling up the DagBag from /home/airflow/.local/lib/python3.12/site-packages/airflow/example_dags/example_inlet_event_extra.py
[2026-07-29T18:29:35.163+0000] {processor.py:925} INFO - DAG(s) 'read_dataset_event_from_classic', 'read_dataset_event' retrieved from /home/airflow/.local/lib/python3.12/site-packages/airflow/example_dags/example_inlet_event_extra.py
[2026-07-29T18:29:35.177+0000] {logging_mixin.py:190} INFO - [2026-07-29T18:29:35.177+0000] {dag.py:3211} INFO - Sync 2 DAGs
[2026-07-29T18:29:35.186+0000] {logging_mixin.py:190} INFO - [2026-07-29T18:29:35.186+0000] {dag.py:4138} INFO - Setting next_dagrun for read_dataset_event to 2026-07-28 00:00:00+00:00, run_after=2026-07-29 00:00:00+00:00
[2026-07-29T18:29:35.190+0000] {logging_mixin.py:190} INFO - [2026-07-29T18:29:35.190+0000] {dag.py:4138} INFO - Setting next_dagrun for read_dataset_event_from_classic to 2026-07-28 00:00:00+00:00, run_after=2026-07-29 00:00:00+00:00
[2026-07-29T18:29:35.201+0000] {processor.py:208} INFO - Processing /home/airflow/.local/lib/python3.12/site-packages/airflow/example_dags/example_inlet_event_extra.py took 0.127 seconds
[2026-07-29T18:30:06.077+0000] {processor.py:186} INFO - Started process (PID=20698) to work on /home/airflow/.local/lib/python3.12/site-packages/airflow/example_dags/example_inlet_event_extra.py
[2026-07-29T18:30:06.078+0000] {processor.py:914} INFO - Processing file /home/airflow/.local/lib/python3.12/site-packages/airflow/example_dags/example_inlet_event_extra.py for tasks to queue
[2026-07-29T18:30:06.080+0000] {logging_mixin.py:190} INFO - [2026-07-29T18:30:06.080+0000] {dagbag.py:587} INFO - Filling up the DagBag from /home/airflow/.local/lib/python3.12/site-packages/airflow/example_dags/example_inlet_event_extra.py
[2026-07-29T18:30:06.151+0000] {processor.py:925} INFO - DAG(s) 'read_dataset_event_from_classic', 'read_dataset_event' retrieved from /home/airflow/.local/lib/python3.12/site-packages/airflow/example_dags/example_inlet_event_extra.py
[2026-07-29T18:30:06.165+0000] {logging_mixin.py:190} INFO - [2026-07-29T18:30:06.165+0000] {dag.py:3211} INFO - Sync 2 DAGs
[2026-07-29T18:30:06.174+0000] {logging_mixin.py:190} INFO - [2026-07-29T18:30:06.174+0000] {dag.py:4138} INFO - Setting next_dagrun for read_dataset_event to 2026-07-28 00:00:00+00:00, run_after=2026-07-29 00:00:00+00:00
[2026-07-29T18:30:06.176+0000] {logging_mixin.py:190} INFO - [2026-07-29T18:30:06.176+0000] {dag.py:4138} INFO - Setting next_dagrun for read_dataset_event_from_classic to 2026-07-28 00:00:00+00:00, run_after=2026-07-29 00:00:00+00:00
[2026-07-29T18:30:06.184+0000] {processor.py:208} INFO - Processing /home/airflow/.local/lib/python3.12/site-packages/airflow/example_dags/example_inlet_event_extra.py took 0.112 seconds
[2026-07-29T18:30:36.997+0000] {processor.py:186} INFO - Started process (PID=20764) to work on /home/airflow/.local/lib/python3.12/site-packages/airflow/example_dags/example_inlet_event_extra.py
[2026-07-29T18:30:36.998+0000] {processor.py:914} INFO - Processing file /home/airflow/.local/lib/python3.12/site-packages/airflow/example_dags/example_inlet_event_extra.py for tasks to queue
[2026-07-29T18:30:36.999+0000] {logging_mixin.py:190} INFO - [2026-07-29T18:30:36.999+0000] {dagbag.py:587} INFO - Filling up the DagBag from /home/airflow/.local/lib/python3.12/site-packages/airflow/example_dags/example_inlet_event_extra.py
[2026-07-29T18:30:37.070+0000] {processor.py:925} INFO - DAG(s) 'read_dataset_event', 'read_dataset_event_from_classic' retrieved from /home/airflow/.local/lib/python3.12/site-packages/airflow/example_dags/example_inlet_event_extra.py
[2026-07-29T18:30:37.083+0000] {logging_mixin.py:190} INFO - [2026-07-29T18:30:37.083+0000] {dag.py:3211} INFO - Sync 2 DAGs
[2026-07-29T18:30:37.094+0000] {logging_mixin.py:190} INFO - [2026-07-29T18:30:37.094+0000] {dag.py:4138} INFO - Setting next_dagrun for read_dataset_event to 2026-07-28 00:00:00+00:00, run_after=2026-07-29 00:00:00+00:00
[2026-07-29T18:30:37.095+0000] {logging_mixin.py:190} INFO - [2026-07-29T18:30:37.095+0000] {dag.py:4138} INFO - Setting next_dagrun for read_dataset_event_from_classic to 2026-07-28 00:00:00+00:00, run_after=2026-07-29 00:00:00+00:00
[2026-07-29T18:30:37.102+0000] {processor.py:208} INFO - Processing /home/airflow/.local/lib/python3.12/site-packages/airflow/example_dags/example_inlet_event_extra.py took 0.108 seconds
[2026-07-29T18:31:07.936+0000] {processor.py:186} INFO - Started process (PID=20830) to work on /home/airflow/.local/lib/python3.12/site-packages/airflow/example_dags/example_inlet_event_extra.py
[2026-07-29T18:31:07.937+0000] {processor.py:914} INFO - Processing file /home/airflow/.local/lib/python3.12/site-packages/airflow/example_dags/example_inlet_event_extra.py for tasks to queue
[2026-07-29T18:31:07.939+0000] {logging_mixin.py:190} INFO - [2026-07-29T18:31:07.939+0000] {dagbag.py:587} INFO - Filling up the DagBag from /home/airflow/.local/lib/python3.12/site-packages/airflow/example_dags/example_inlet_event_extra.py
[2026-07-29T18:31:08.010+0000] {processor.py:925} INFO - DAG(s) 'read_dataset_event', 'read_dataset_event_from_classic' retrieved from /home/airflow/.local/lib/python3.12/site-packages/airflow/example_dags/example_inlet_event_extra.py
[2026-07-29T18:31:08.022+0000] {logging_mixin.py:190} INFO - [2026-07-29T18:31:08.022+0000] {dag.py:3211} INFO - Sync 2 DAGs
[2026-07-29T18:31:08.031+0000] {logging_mixin.py:190} INFO - [2026-07-29T18:31:08.030+0000] {dag.py:4138} INFO - Setting next_dagrun for read_dataset_event to 2026-07-28 00:00:00+00:00, run_after=2026-07-29 00:00:00+00:00
[2026-07-29T18:31:08.033+0000] {logging_mixin.py:190} INFO - [2026-07-29T18:31:08.033+0000] {dag.py:4138} INFO - Setting next_dagrun for read_dataset_event_from_classic to 2026-07-28 00:00:00+00:00, run_after=2026-07-29 00:00:00+00:00
[2026-07-29T18:31:08.042+0000] {processor.py:208} INFO - Processing /home/airflow/.local/lib/python3.12/site-packages/airflow/example_dags/example_inlet_event_extra.py took 0.111 seconds
[2026-07-29T18:31:38.875+0000] {processor.py:186} INFO - Started process (PID=20896) to work on /home/airflow/.local/lib/python3.12/site-packages/airflow/example_dags/example_inlet_event_extra.py
[2026-07-29T18:31:38.876+0000] {processor.py:914} INFO - Processing file /home/airflow/.local/lib/python3.12/site-packages/airflow/example_dags/example_inlet_event_extra.py for tasks to queue
[2026-07-29T18:31:38.879+0000] {logging_mixin.py:190} INFO - [2026-07-29T18:31:38.879+0000] {dagbag.py:587} INFO - Filling up the DagBag from /home/airflow/.local/lib/python3.12/site-packages/airflow/example_dags/example_inlet_event_extra.py
[2026-07-29T18:31:38.978+0000] {processor.py:925} INFO - DAG(s) 'read_dataset_event', 'read_dataset_event_from_classic' retrieved from /home/airflow/.local/lib/python3.12/site-packages/airflow/example_dags/example_inlet_event_extra.py
[2026-07-29T18:31:38.994+0000] {logging_mixin.py:190} INFO - [2026-07-29T18:31:38.994+0000] {dag.py:3211} INFO - Sync 2 DAGs
[2026-07-29T18:31:39.007+0000] {logging_mixin.py:190} INFO - [2026-07-29T18:31:39.007+0000] {dag.py:4138} INFO - Setting next_dagrun for read_dataset_event to 2026-07-28 00:00:00+00:00, run_after=2026-07-29 00:00:00+00:00
[2026-07-29T18:31:39.010+0000] {logging_mixin.py:190} INFO - [2026-07-29T18:31:39.010+0000] {dag.py:4138} INFO - Setting next_dagrun for read_dataset_event_from_classic to 2026-07-28 00:00:00+00:00, run_after=2026-07-29 00:00:00+00:00
[2026-07-29T18:31:39.022+0000] {processor.py:208} INFO - Processing /home/airflow/.local/lib/python3.12/site-packages/airflow/example_dags/example_inlet_event_extra.py took 0.153 seconds
[2026-07-29T18:32:09.987+0000] {processor.py:186} INFO - Started process (PID=20963) to work on /home/airflow/.local/lib/python3.12/site-packages/airflow/example_dags/example_inlet_event_extra.py
[2026-07-29T18:32:09.988+0000] {processor.py:914} INFO - Processing file /home/airflow/.local/lib/python3.12/site-packages/airflow/example_dags/example_inlet_event_extra.py for tasks to queue
[2026-07-29T18:32:09.990+0000] {logging_mixin.py:190} INFO - [2026-07-29T18:32:09.990+0000] {dagbag.py:587} INFO - Filling up the DagBag from /home/airflow/.local/lib/python3.12/site-packages/airflow/example_dags/example_inlet_event_extra.py
[2026-07-29T18:32:10.061+0000] {processor.py:925} INFO - DAG(s) 'read_dataset_event', 'read_dataset_event_from_classic' retrieved from /home/airflow/.local/lib/python3.12/site-packages/airflow/example_dags/example_inlet_event_extra.py
[2026-07-29T18:32:10.076+0000] {logging_mixin.py:190} INFO - [2026-07-29T18:32:10.075+0000] {dag.py:3211} INFO - Sync 2 DAGs
[2026-07-29T18:32:10.087+0000] {logging_mixin.py:190} INFO - [2026-07-29T18:32:10.087+0000] {dag.py:4138} INFO - Setting next_dagrun for read_dataset_event to 2026-07-28 00:00:00+00:00, run_after=2026-07-29 00:00:00+00:00
[2026-07-29T18:32:10.089+0000] {logging_mixin.py:190} INFO - [2026-07-29T18:32:10.089+0000] {dag.py:4138} INFO - Setting next_dagrun for read_dataset_event_from_classic to 2026-07-28 00:00:00+00:00, run_after=2026-07-29 00:00:00+00:00
[2026-07-29T18:32:10.098+0000] {processor.py:208} INFO - Processing /home/airflow/.local/lib/python3.12/site-packages/airflow/example_dags/example_inlet_event_extra.py took 0.115 seconds
[2026-07-29T18:32:40.977+0000] {processor.py:186} INFO - Started process (PID=21029) to work on /home/airflow/.local/lib/python3.12/site-packages/airflow/example_dags/example_inlet_event_extra.py
[2026-07-29T18:32:40.978+0000] {processor.py:914} INFO - Processing file /home/airflow/.local/lib/python3.12/site-packages/airflow/example_dags/example_inlet_event_extra.py for tasks to queue
[2026-07-29T18:32:40.980+0000] {logging_mixin.py:190} INFO - [2026-07-29T18:32:40.979+0000] {dagbag.py:587} INFO - Filling up the DagBag from /home/airflow/.local/lib/python3.12/site-packages/airflow/example_dags/example_inlet_event_extra.py
[2026-07-29T18:32:41.059+0000] {processor.py:925} INFO - DAG(s) 'read_dataset_event', 'read_dataset_event_from_classic' retrieved from /home/airflow/.local/lib/python3.12/site-packages/airflow/example_dags/example_inlet_event_extra.py
[2026-07-29T18:32:41.072+0000] {logging_mixin.py:190} INFO - [2026-07-29T18:32:41.071+0000] {dag.py:3211} INFO - Sync 2 DAGs
[2026-07-29T18:32:41.084+0000] {logging_mixin.py:190} INFO - [2026-07-29T18:32:41.083+0000] {dag.py:4138} INFO - Setting next_dagrun for read_dataset_event to 2026-07-28 00:00:00+00:00, run_after=2026-07-29 00:00:00+00:00
[2026-07-29T18:32:41.087+0000] {logging_mixin.py:190} INFO - [2026-07-29T18:32:41.087+0000] {dag.py:4138} INFO - Setting next_dagrun for read_dataset_event_from_classic to 2026-07-28 00:00:00+00:00, run_after=2026-07-29 00:00:00+00:00
[2026-07-29T18:32:41.099+0000] {processor.py:208} INFO - Processing /home/airflow/.local/lib/python3.12/site-packages/airflow/example_dags/example_inlet_event_extra.py took 0.126 seconds
[2026-07-29T18:33:12.008+0000] {processor.py:186} INFO - Started process (PID=21095) to work on /home/airflow/.local/lib/python3.12/site-packages/airflow/example_dags/example_inlet_event_extra.py
[2026-07-29T18:33:12.013+0000] {processor.py:914} INFO - Processing file /home/airflow/.local/lib/python3.12/site-packages/airflow/example_dags/example_inlet_event_extra.py for tasks to queue
[2026-07-29T18:33:12.015+0000] {logging_mixin.py:190} INFO - [2026-07-29T18:33:12.015+0000] {dagbag.py:587} INFO - Filling up the DagBag from /home/airflow/.local/lib/python3.12/site-packages/airflow/example_dags/example_inlet_event_extra.py
[2026-07-29T18:33:12.084+0000] {processor.py:925} INFO - DAG(s) 'read_dataset_event', 'read_dataset_event_from_classic' retrieved from /home/airflow/.local/lib/python3.12/site-packages/airflow/example_dags/example_inlet_event_extra.py
[2026-07-29T18:33:12.095+0000] {logging_mixin.py:190} INFO - [2026-07-29T18:33:12.095+0000] {dag.py:3211} INFO - Sync 2 DAGs
[2026-07-29T18:33:12.103+0000] {logging_mixin.py:190} INFO - [2026-07-29T18:33:12.103+0000] {dag.py:4138} INFO - Setting next_dagrun for read_dataset_event to 2026-07-28 00:00:00+00:00, run_after=2026-07-29 00:00:00+00:00
[2026-07-29T18:33:12.105+0000] {logging_mixin.py:190} INFO - [2026-07-29T18:33:12.105+0000] {dag.py:4138} INFO - Setting next_dagrun for read_dataset_event_from_classic to 2026-07-28 00:00:00+00:00, run_after=2026-07-29 00:00:00+00:00
[2026-07-29T18:33:12.116+0000] {processor.py:208} INFO - Processing /home/airflow/.local/lib/python3.12/site-packages/airflow/example_dags/example_inlet_event_extra.py took 0.115 seconds
[2026-07-29T18:33:43.033+0000] {processor.py:186} INFO - Started process (PID=21161) to work on /home/airflow/.local/lib/python3.12/site-packages/airflow/example_dags/example_inlet_event_extra.py
[2026-07-29T18:33:43.035+0000] {processor.py:914} INFO - Processing file /home/airflow/.local/lib/python3.12/site-packages/airflow/example_dags/example_inlet_event_extra.py for tasks to queue
[2026-07-29T18:33:43.037+0000] {logging_mixin.py:190} INFO - [2026-07-29T18:33:43.037+0000] {dagbag.py:587} INFO - Filling up the DagBag from /home/airflow/.local/lib/python3.12/site-packages/airflow/example_dags/example_inlet_event_extra.py
[2026-07-29T18:33:43.107+0000] {processor.py:925} INFO - DAG(s) 'read_dataset_event', 'read_dataset_event_from_classic' retrieved from /home/airflow/.local/lib/python3.12/site-packages/airflow/example_dags/example_inlet_event_extra.py
[2026-07-29T18:33:43.116+0000] {logging_mixin.py:190} INFO - [2026-07-29T18:33:43.116+0000] {dag.py:3211} INFO - Sync 2 DAGs
[2026-07-29T18:33:43.127+0000] {logging_mixin.py:190} INFO - [2026-07-29T18:33:43.127+0000] {dag.py:4138} INFO - Setting next_dagrun for read_dataset_event to 2026-07-28 00:00:00+00:00, run_after=2026-07-29 00:00:00+00:00
[2026-07-29T18:33:43.130+0000] {logging_mixin.py:190} INFO - [2026-07-29T18:33:43.129+0000] {dag.py:4138} INFO - Setting next_dagrun for read_dataset_event_from_classic to 2026-07-28 00:00:00+00:00, run_after=2026-07-29 00:00:00+00:00
[2026-07-29T18:33:43.139+0000] {processor.py:208} INFO - Processing /home/airflow/.local/lib/python3.12/site-packages/airflow/example_dags/example_inlet_event_extra.py took 0.111 seconds
[2026-07-29T18:34:13.447+0000] {processor.py:186} INFO - Started process (PID=21227) to work on /home/airflow/.local/lib/python3.12/site-packages/airflow/example_dags/example_inlet_event_extra.py
[2026-07-29T18:34:13.448+0000] {processor.py:914} INFO - Processing file /home/airflow/.local/lib/python3.12/site-packages/airflow/example_dags/example_inlet_event_extra.py for tasks to queue
[2026-07-29T18:34:13.450+0000] {logging_mixin.py:190} INFO - [2026-07-29T18:34:13.450+0000] {dagbag.py:587} INFO - Filling up the DagBag from /home/airflow/.local/lib/python3.12/site-packages/airflow/example_dags/example_inlet_event_extra.py
[2026-07-29T18:34:13.529+0000] {processor.py:925} INFO - DAG(s) 'read_dataset_event', 'read_dataset_event_from_classic' retrieved from /home/airflow/.local/lib/python3.12/site-packages/airflow/example_dags/example_inlet_event_extra.py
[2026-07-29T18:34:13.542+0000] {logging_mixin.py:190} INFO - [2026-07-29T18:34:13.542+0000] {dag.py:3211} INFO - Sync 2 DAGs
[2026-07-29T18:34:13.551+0000] {logging_mixin.py:190} INFO - [2026-07-29T18:34:13.551+0000] {dag.py:4138} INFO - Setting next_dagrun for read_dataset_event to 2026-07-28 00:00:00+00:00, run_after=2026-07-29 00:00:00+00:00
[2026-07-29T18:34:13.555+0000] {logging_mixin.py:190} INFO - [2026-07-29T18:34:13.555+0000] {dag.py:4138} INFO - Setting next_dagrun for read_dataset_event_from_classic to 2026-07-28 00:00:00+00:00, run_after=2026-07-29 00:00:00+00:00
[2026-07-29T18:34:13.561+0000] {processor.py:208} INFO - Processing /home/airflow/.local/lib/python3.12/site-packages/airflow/example_dags/example_inlet_event_extra.py took 0.120 seconds
[2026-07-29T18:34:44.393+0000] {processor.py:186} INFO - Started process (PID=21293) to work on /home/airflow/.local/lib/python3.12/site-packages/airflow/example_dags/example_inlet_event_extra.py
[2026-07-29T18:34:44.393+0000] {processor.py:914} INFO - Processing file /home/airflow/.local/lib/python3.12/site-packages/airflow/example_dags/example_inlet_event_extra.py for tasks to queue
[2026-07-29T18:34:44.395+0000] {logging_mixin.py:190} INFO - [2026-07-29T18:34:44.395+0000] {dagbag.py:587} INFO - Filling up the DagBag from /home/airflow/.local/lib/python3.12/site-packages/airflow/example_dags/example_inlet_event_extra.py
[2026-07-29T18:34:44.472+0000] {processor.py:925} INFO - DAG(s) 'read_dataset_event_from_classic', 'read_dataset_event' retrieved from /home/airflow/.local/lib/python3.12/site-packages/airflow/example_dags/example_inlet_event_extra.py
[2026-07-29T18:34:44.487+0000] {logging_mixin.py:190} INFO - [2026-07-29T18:34:44.487+0000] {dag.py:3211} INFO - Sync 2 DAGs
[2026-07-29T18:34:44.495+0000] {logging_mixin.py:190} INFO - [2026-07-29T18:34:44.495+0000] {dag.py:4138} INFO - Setting next_dagrun for read_dataset_event to 2026-07-28 00:00:00+00:00, run_after=2026-07-29 00:00:00+00:00
[2026-07-29T18:34:44.497+0000] {logging_mixin.py:190} INFO - [2026-07-29T18:34:44.497+0000] {dag.py:4138} INFO - Setting next_dagrun for read_dataset_event_from_classic to 2026-07-28 00:00:00+00:00, run_after=2026-07-29 00:00:00+00:00
[2026-07-29T18:34:44.504+0000] {processor.py:208} INFO - Processing /home/airflow/.local/lib/python3.12/site-packages/airflow/example_dags/example_inlet_event_extra.py took 0.116 seconds
[2026-07-29T18:35:15.331+0000] {processor.py:186} INFO - Started process (PID=21359) to work on /home/airflow/.local/lib/python3.12/site-packages/airflow/example_dags/example_inlet_event_extra.py
[2026-07-29T18:35:15.332+0000] {processor.py:914} INFO - Processing file /home/airflow/.local/lib/python3.12/site-packages/airflow/example_dags/example_inlet_event_extra.py for tasks to queue
[2026-07-29T18:35:15.336+0000] {logging_mixin.py:190} INFO - [2026-07-29T18:35:15.335+0000] {dagbag.py:587} INFO - Filling up the DagBag from /home/airflow/.local/lib/python3.12/site-packages/airflow/example_dags/example_inlet_event_extra.py
[2026-07-29T18:35:15.415+0000] {processor.py:925} INFO - DAG(s) 'read_dataset_event', 'read_dataset_event_from_classic' retrieved from /home/airflow/.local/lib/python3.12/site-packages/airflow/example_dags/example_inlet_event_extra.py
[2026-07-29T18:35:15.429+0000] {logging_mixin.py:190} INFO - [2026-07-29T18:35:15.429+0000] {dag.py:3211} INFO - Sync 2 DAGs
[2026-07-29T18:35:15.441+0000] {logging_mixin.py:190} INFO - [2026-07-29T18:35:15.441+0000] {dag.py:4138} INFO - Setting next_dagrun for read_dataset_event to 2026-07-28 00:00:00+00:00, run_after=2026-07-29 00:00:00+00:00
[2026-07-29T18:35:15.443+0000] {logging_mixin.py:190} INFO - [2026-07-29T18:35:15.443+0000] {dag.py:4138} INFO - Setting next_dagrun for read_dataset_event_from_classic to 2026-07-28 00:00:00+00:00, run_after=2026-07-29 00:00:00+00:00
[2026-07-29T18:35:15.453+0000] {processor.py:208} INFO - Processing /home/airflow/.local/lib/python3.12/site-packages/airflow/example_dags/example_inlet_event_extra.py took 0.126 seconds
[2026-07-29T18:35:46.379+0000] {processor.py:186} INFO - Started process (PID=21425) to work on /home/airflow/.local/lib/python3.12/site-packages/airflow/example_dags/example_inlet_event_extra.py
[2026-07-29T18:35:46.380+0000] {processor.py:914} INFO - Processing file /home/airflow/.local/lib/python3.12/site-packages/airflow/example_dags/example_inlet_event_extra.py for tasks to queue
[2026-07-29T18:35:46.383+0000] {logging_mixin.py:190} INFO - [2026-07-29T18:35:46.383+0000] {dagbag.py:587} INFO - Filling up the DagBag from /home/airflow/.local/lib/python3.12/site-packages/airflow/example_dags/example_inlet_event_extra.py
[2026-07-29T18:35:46.452+0000] {processor.py:925} INFO - DAG(s) 'read_dataset_event_from_classic', 'read_dataset_event' retrieved from /home/airflow/.local/lib/python3.12/site-packages/airflow/example_dags/example_inlet_event_extra.py
[2026-07-29T18:35:46.460+0000] {logging_mixin.py:190} INFO - [2026-07-29T18:35:46.460+0000] {dag.py:3211} INFO - Sync 2 DAGs
[2026-07-29T18:35:46.470+0000] {logging_mixin.py:190} INFO - [2026-07-29T18:35:46.470+0000] {dag.py:4138} INFO - Setting next_dagrun for read_dataset_event to 2026-07-28 00:00:00+00:00, run_after=2026-07-29 00:00:00+00:00
[2026-07-29T18:35:46.472+0000] {logging_mixin.py:190} INFO - [2026-07-29T18:35:46.472+0000] {dag.py:4138} INFO - Setting next_dagrun for read_dataset_event_from_classic to 2026-07-28 00:00:00+00:00, run_after=2026-07-29 00:00:00+00:00
[2026-07-29T18:35:46.481+0000] {processor.py:208} INFO - Processing /home/airflow/.local/lib/python3.12/site-packages/airflow/example_dags/example_inlet_event_extra.py took 0.111 seconds
[2026-07-29T18:36:17.388+0000] {processor.py:186} INFO - Started process (PID=21491) to work on /home/airflow/.local/lib/python3.12/site-packages/airflow/example_dags/example_inlet_event_extra.py
[2026-07-29T18:36:17.389+0000] {processor.py:914} INFO - Processing file /home/airflow/.local/lib/python3.12/site-packages/airflow/example_dags/example_inlet_event_extra.py for tasks to queue
[2026-07-29T18:36:17.391+0000] {logging_mixin.py:190} INFO - [2026-07-29T18:36:17.391+0000] {dagbag.py:587} INFO - Filling up the DagBag from /home/airflow/.local/lib/python3.12/site-packages/airflow/example_dags/example_inlet_event_extra.py
[2026-07-29T18:36:17.472+0000] {processor.py:925} INFO - DAG(s) 'read_dataset_event', 'read_dataset_event_from_classic' retrieved from /home/airflow/.local/lib/python3.12/site-packages/airflow/example_dags/example_inlet_event_extra.py
[2026-07-29T18:36:17.487+0000] {logging_mixin.py:190} INFO - [2026-07-29T18:36:17.487+0000] {dag.py:3211} INFO - Sync 2 DAGs
[2026-07-29T18:36:17.498+0000] {logging_mixin.py:190} INFO - [2026-07-29T18:36:17.498+0000] {dag.py:4138} INFO - Setting next_dagrun for read_dataset_event to 2026-07-28 00:00:00+00:00, run_after=2026-07-29 00:00:00+00:00
[2026-07-29T18:36:17.500+0000] {logging_mixin.py:190} INFO - [2026-07-29T18:36:17.500+0000] {dag.py:4138} INFO - Setting next_dagrun for read_dataset_event_from_classic to 2026-07-28 00:00:00+00:00, run_after=2026-07-29 00:00:00+00:00
[2026-07-29T18:36:17.505+0000] {processor.py:208} INFO - Processing /home/airflow/.local/lib/python3.12/site-packages/airflow/example_dags/example_inlet_event_extra.py took 0.123 seconds
[2026-07-29T18:36:48.380+0000] {processor.py:186} INFO - Started process (PID=21557) to work on /home/airflow/.local/lib/python3.12/site-packages/airflow/example_dags/example_inlet_event_extra.py
[2026-07-29T18:36:48.381+0000] {processor.py:914} INFO - Processing file /home/airflow/.local/lib/python3.12/site-packages/airflow/example_dags/example_inlet_event_extra.py for tasks to queue
[2026-07-29T18:36:48.383+0000] {logging_mixin.py:190} INFO - [2026-07-29T18:36:48.382+0000] {dagbag.py:587} INFO - Filling up the DagBag from /home/airflow/.local/lib/python3.12/site-packages/airflow/example_dags/example_inlet_event_extra.py
[2026-07-29T18:36:48.458+0000] {processor.py:925} INFO - DAG(s) 'read_dataset_event', 'read_dataset_event_from_classic' retrieved from /home/airflow/.local/lib/python3.12/site-packages/airflow/example_dags/example_inlet_event_extra.py
[2026-07-29T18:36:48.470+0000] {logging_mixin.py:190} INFO - [2026-07-29T18:36:48.470+0000] {dag.py:3211} INFO - Sync 2 DAGs
[2026-07-29T18:36:48.482+0000] {logging_mixin.py:190} INFO - [2026-07-29T18:36:48.482+0000] {dag.py:4138} INFO - Setting next_dagrun for read_dataset_event to 2026-07-28 00:00:00+00:00, run_after=2026-07-29 00:00:00+00:00
[2026-07-29T18:36:48.485+0000] {logging_mixin.py:190} INFO - [2026-07-29T18:36:48.485+0000] {dag.py:4138} INFO - Setting next_dagrun for read_dataset_event_from_classic to 2026-07-28 00:00:00+00:00, run_after=2026-07-29 00:00:00+00:00
[2026-07-29T18:36:48.494+0000] {processor.py:208} INFO - Processing /home/airflow/.local/lib/python3.12/site-packages/airflow/example_dags/example_inlet_event_extra.py took 0.120 seconds
[2026-07-29T18:37:19.402+0000] {processor.py:186} INFO - Started process (PID=21623) to work on /home/airflow/.local/lib/python3.12/site-packages/airflow/example_dags/example_inlet_event_extra.py
[2026-07-29T18:37:19.402+0000] {processor.py:914} INFO - Processing file /home/airflow/.local/lib/python3.12/site-packages/airflow/example_dags/example_inlet_event_extra.py for tasks to queue
[2026-07-29T18:37:19.405+0000] {logging_mixin.py:190} INFO - [2026-07-29T18:37:19.405+0000] {dagbag.py:587} INFO - Filling up the DagBag from /home/airflow/.local/lib/python3.12/site-packages/airflow/example_dags/example_inlet_event_extra.py
[2026-07-29T18:37:19.479+0000] {processor.py:925} INFO - DAG(s) 'read_dataset_event_from_classic', 'read_dataset_event' retrieved from /home/airflow/.local/lib/python3.12/site-packages/airflow/example_dags/example_inlet_event_extra.py
[2026-07-29T18:37:19.489+0000] {logging_mixin.py:190} INFO - [2026-07-29T18:37:19.489+0000] {dag.py:3211} INFO - Sync 2 DAGs
[2026-07-29T18:37:19.504+0000] {logging_mixin.py:190} INFO - [2026-07-29T18:37:19.504+0000] {dag.py:4138} INFO - Setting next_dagrun for read_dataset_event to 2026-07-28 00:00:00+00:00, run_after=2026-07-29 00:00:00+00:00
[2026-07-29T18:37:19.506+0000] {logging_mixin.py:190} INFO - [2026-07-29T18:37:19.506+0000] {dag.py:4138} INFO - Setting next_dagrun for read_dataset_event_from_classic to 2026-07-28 00:00:00+00:00, run_after=2026-07-29 00:00:00+00:00
[2026-07-29T18:37:19.515+0000] {processor.py:208} INFO - Processing /home/airflow/.local/lib/python3.12/site-packages/airflow/example_dags/example_inlet_event_extra.py took 0.120 seconds
[2026-07-29T18:37:49.552+0000] {processor.py:186} INFO - Started process (PID=21690) to work on /home/airflow/.local/lib/python3.12/site-packages/airflow/example_dags/example_inlet_event_extra.py
[2026-07-29T18:37:49.553+0000] {processor.py:914} INFO - Processing file /home/airflow/.local/lib/python3.12/site-packages/airflow/example_dags/example_inlet_event_extra.py for tasks to queue
[2026-07-29T18:37:49.554+0000] {logging_mixin.py:190} INFO - [2026-07-29T18:37:49.554+0000] {dagbag.py:587} INFO - Filling up the DagBag from /home/airflow/.local/lib/python3.12/site-packages/airflow/example_dags/example_inlet_event_extra.py
[2026-07-29T18:37:49.615+0000] {processor.py:925} INFO - DAG(s) 'read_dataset_event', 'read_dataset_event_from_classic' retrieved from /home/airflow/.local/lib/python3.12/site-packages/airflow/example_dags/example_inlet_event_extra.py
[2026-07-29T18:37:49.627+0000] {logging_mixin.py:190} INFO - [2026-07-29T18:37:49.627+0000] {dag.py:3211} INFO - Sync 2 DAGs
[2026-07-29T18:37:49.637+0000] {logging_mixin.py:190} INFO - [2026-07-29T18:37:49.637+0000] {dag.py:4138} INFO - Setting next_dagrun for read_dataset_event to 2026-07-28 00:00:00+00:00, run_after=2026-07-29 00:00:00+00:00
[2026-07-29T18:37:49.639+0000] {logging_mixin.py:190} INFO - [2026-07-29T18:37:49.639+0000] {dag.py:4138} INFO - Setting next_dagrun for read_dataset_event_from_classic to 2026-07-28 00:00:00+00:00, run_after=2026-07-29 00:00:00+00:00
[2026-07-29T18:37:49.644+0000] {processor.py:208} INFO - Processing /home/airflow/.local/lib/python3.12/site-packages/airflow/example_dags/example_inlet_event_extra.py took 0.095 seconds
[2026-07-29T18:38:19.682+0000] {processor.py:186} INFO - Started process (PID=21757) to work on /home/airflow/.local/lib/python3.12/site-packages/airflow/example_dags/example_inlet_event_extra.py
[2026-07-29T18:38:19.683+0000] {processor.py:914} INFO - Processing file /home/airflow/.local/lib/python3.12/site-packages/airflow/example_dags/example_inlet_event_extra.py for tasks to queue
[2026-07-29T18:38:19.685+0000] {logging_mixin.py:190} INFO - [2026-07-29T18:38:19.684+0000] {dagbag.py:587} INFO - Filling up the DagBag from /home/airflow/.local/lib/python3.12/site-packages/airflow/example_dags/example_inlet_event_extra.py
[2026-07-29T18:38:19.748+0000] {processor.py:925} INFO - DAG(s) 'read_dataset_event', 'read_dataset_event_from_classic' retrieved from /home/airflow/.local/lib/python3.12/site-packages/airflow/example_dags/example_inlet_event_extra.py
[2026-07-29T18:38:19.761+0000] {logging_mixin.py:190} INFO - [2026-07-29T18:38:19.760+0000] {dag.py:3211} INFO - Sync 2 DAGs
[2026-07-29T18:38:19.773+0000] {logging_mixin.py:190} INFO - [2026-07-29T18:38:19.773+0000] {dag.py:4138} INFO - Setting next_dagrun for read_dataset_event to 2026-07-28 00:00:00+00:00, run_after=2026-07-29 00:00:00+00:00
[2026-07-29T18:38:19.775+0000] {logging_mixin.py:190} INFO - [2026-07-29T18:38:19.775+0000] {dag.py:4138} INFO - Setting next_dagrun for read_dataset_event_from_classic to 2026-07-28 00:00:00+00:00, run_after=2026-07-29 00:00:00+00:00
[2026-07-29T18:38:19.782+0000] {processor.py:208} INFO - Processing /home/airflow/.local/lib/python3.12/site-packages/airflow/example_dags/example_inlet_event_extra.py took 0.102 seconds
[2026-07-29T18:38:50.634+0000] {processor.py:186} INFO - Started process (PID=21821) to work on /home/airflow/.local/lib/python3.12/site-packages/airflow/example_dags/example_inlet_event_extra.py
[2026-07-29T18:38:50.635+0000] {processor.py:914} INFO - Processing file /home/airflow/.local/lib/python3.12/site-packages/airflow/example_dags/example_inlet_event_extra.py for tasks to queue
[2026-07-29T18:38:50.637+0000] {logging_mixin.py:190} INFO - [2026-07-29T18:38:50.637+0000] {dagbag.py:587} INFO - Filling up the DagBag from /home/airflow/.local/lib/python3.12/site-packages/airflow/example_dags/example_inlet_event_extra.py
[2026-07-29T18:38:50.719+0000] {processor.py:925} INFO - DAG(s) 'read_dataset_event_from_classic', 'read_dataset_event' retrieved from /home/airflow/.local/lib/python3.12/site-packages/airflow/example_dags/example_inlet_event_extra.py
[2026-07-29T18:38:50.731+0000] {logging_mixin.py:190} INFO - [2026-07-29T18:38:50.731+0000] {dag.py:3211} INFO - Sync 2 DAGs
[2026-07-29T18:38:50.744+0000] {logging_mixin.py:190} INFO - [2026-07-29T18:38:50.744+0000] {dag.py:4138} INFO - Setting next_dagrun for read_dataset_event to 2026-07-28 00:00:00+00:00, run_after=2026-07-29 00:00:00+00:00
[2026-07-29T18:38:50.746+0000] {logging_mixin.py:190} INFO - [2026-07-29T18:38:50.746+0000] {dag.py:4138} INFO - Setting next_dagrun for read_dataset_event_from_classic to 2026-07-28 00:00:00+00:00, run_after=2026-07-29 00:00:00+00:00
[2026-07-29T18:38:50.754+0000] {processor.py:208} INFO - Processing /home/airflow/.local/lib/python3.12/site-packages/airflow/example_dags/example_inlet_event_extra.py took 0.125 seconds
[2026-07-29T18:39:21.526+0000] {processor.py:186} INFO - Started process (PID=21887) to work on /home/airflow/.local/lib/python3.12/site-packages/airflow/example_dags/example_inlet_event_extra.py
[2026-07-29T18:39:21.526+0000] {processor.py:914} INFO - Processing file /home/airflow/.local/lib/python3.12/site-packages/airflow/example_dags/example_inlet_event_extra.py for tasks to queue
[2026-07-29T18:39:21.528+0000] {logging_mixin.py:190} INFO - [2026-07-29T18:39:21.528+0000] {dagbag.py:587} INFO - Filling up the DagBag from /home/airflow/.local/lib/python3.12/site-packages/airflow/example_dags/example_inlet_event_extra.py
[2026-07-29T18:39:21.600+0000] {processor.py:925} INFO - DAG(s) 'read_dataset_event', 'read_dataset_event_from_classic' retrieved from /home/airflow/.local/lib/python3.12/site-packages/airflow/example_dags/example_inlet_event_extra.py
[2026-07-29T18:39:21.610+0000] {logging_mixin.py:190} INFO - [2026-07-29T18:39:21.610+0000] {dag.py:3211} INFO - Sync 2 DAGs
[2026-07-29T18:39:21.622+0000] {logging_mixin.py:190} INFO - [2026-07-29T18:39:21.622+0000] {dag.py:4138} INFO - Setting next_dagrun for read_dataset_event to 2026-07-28 00:00:00+00:00, run_after=2026-07-29 00:00:00+00:00
[2026-07-29T18:39:21.625+0000] {logging_mixin.py:190} INFO - [2026-07-29T18:39:21.625+0000] {dag.py:4138} INFO - Setting next_dagrun for read_dataset_event_from_classic to 2026-07-28 00:00:00+00:00, run_after=2026-07-29 00:00:00+00:00
[2026-07-29T18:39:21.635+0000] {processor.py:208} INFO - Processing /home/airflow/.local/lib/python3.12/site-packages/airflow/example_dags/example_inlet_event_extra.py took 0.114 seconds
[2026-07-29T18:39:51.671+0000] {processor.py:186} INFO - Started process (PID=21954) to work on /home/airflow/.local/lib/python3.12/site-packages/airflow/example_dags/example_inlet_event_extra.py
[2026-07-29T18:39:51.673+0000] {processor.py:914} INFO - Processing file /home/airflow/.local/lib/python3.12/site-packages/airflow/example_dags/example_inlet_event_extra.py for tasks to queue
[2026-07-29T18:39:51.674+0000] {logging_mixin.py:190} INFO - [2026-07-29T18:39:51.674+0000] {dagbag.py:587} INFO - Filling up the DagBag from /home/airflow/.local/lib/python3.12/site-packages/airflow/example_dags/example_inlet_event_extra.py
[2026-07-29T18:39:51.734+0000] {processor.py:925} INFO - DAG(s) 'read_dataset_event', 'read_dataset_event_from_classic' retrieved from /home/airflow/.local/lib/python3.12/site-packages/airflow/example_dags/example_inlet_event_extra.py
[2026-07-29T18:39:51.749+0000] {logging_mixin.py:190} INFO - [2026-07-29T18:39:51.749+0000] {dag.py:3211} INFO - Sync 2 DAGs
[2026-07-29T18:39:51.762+0000] {logging_mixin.py:190} INFO - [2026-07-29T18:39:51.761+0000] {dag.py:4138} INFO - Setting next_dagrun for read_dataset_event to 2026-07-28 00:00:00+00:00, run_after=2026-07-29 00:00:00+00:00
[2026-07-29T18:39:51.764+0000] {logging_mixin.py:190} INFO - [2026-07-29T18:39:51.764+0000] {dag.py:4138} INFO - Setting next_dagrun for read_dataset_event_from_classic to 2026-07-28 00:00:00+00:00, run_after=2026-07-29 00:00:00+00:00
[2026-07-29T18:39:51.772+0000] {processor.py:208} INFO - Processing /home/airflow/.local/lib/python3.12/site-packages/airflow/example_dags/example_inlet_event_extra.py took 0.103 seconds
[2026-07-29T18:40:21.856+0000] {processor.py:186} INFO - Started process (PID=22021) to work on /home/airflow/.local/lib/python3.12/site-packages/airflow/example_dags/example_inlet_event_extra.py
[2026-07-29T18:40:21.856+0000] {processor.py:914} INFO - Processing file /home/airflow/.local/lib/python3.12/site-packages/airflow/example_dags/example_inlet_event_extra.py for tasks to queue
[2026-07-29T18:40:21.860+0000] {logging_mixin.py:190} INFO - [2026-07-29T18:40:21.859+0000] {dagbag.py:587} INFO - Filling up the DagBag from /home/airflow/.local/lib/python3.12/site-packages/airflow/example_dags/example_inlet_event_extra.py
[2026-07-29T18:40:21.930+0000] {processor.py:925} INFO - DAG(s) 'read_dataset_event', 'read_dataset_event_from_classic' retrieved from /home/airflow/.local/lib/python3.12/site-packages/airflow/example_dags/example_inlet_event_extra.py
[2026-07-29T18:40:21.943+0000] {logging_mixin.py:190} INFO - [2026-07-29T18:40:21.943+0000] {dag.py:3211} INFO - Sync 2 DAGs
[2026-07-29T18:40:21.958+0000] {logging_mixin.py:190} INFO - [2026-07-29T18:40:21.958+0000] {dag.py:4138} INFO - Setting next_dagrun for read_dataset_event to 2026-07-28 00:00:00+00:00, run_after=2026-07-29 00:00:00+00:00
[2026-07-29T18:40:21.964+0000] {logging_mixin.py:190} INFO - [2026-07-29T18:40:21.963+0000] {dag.py:4138} INFO - Setting next_dagrun for read_dataset_event_from_classic to 2026-07-28 00:00:00+00:00, run_after=2026-07-29 00:00:00+00:00
[2026-07-29T18:40:21.976+0000] {processor.py:208} INFO - Processing /home/airflow/.local/lib/python3.12/site-packages/airflow/example_dags/example_inlet_event_extra.py took 0.123 seconds
[2026-07-29T18:40:52.036+0000] {processor.py:186} INFO - Started process (PID=22088) to work on /home/airflow/.local/lib/python3.12/site-packages/airflow/example_dags/example_inlet_event_extra.py
[2026-07-29T18:40:52.037+0000] {processor.py:914} INFO - Processing file /home/airflow/.local/lib/python3.12/site-packages/airflow/example_dags/example_inlet_event_extra.py for tasks to queue
[2026-07-29T18:40:52.039+0000] {logging_mixin.py:190} INFO - [2026-07-29T18:40:52.039+0000] {dagbag.py:587} INFO - Filling up the DagBag from /home/airflow/.local/lib/python3.12/site-packages/airflow/example_dags/example_inlet_event_extra.py
[2026-07-29T18:40:52.119+0000] {processor.py:925} INFO - DAG(s) 'read_dataset_event_from_classic', 'read_dataset_event' retrieved from /home/airflow/.local/lib/python3.12/site-packages/airflow/example_dags/example_inlet_event_extra.py
[2026-07-29T18:40:52.130+0000] {logging_mixin.py:190} INFO - [2026-07-29T18:40:52.129+0000] {dag.py:3211} INFO - Sync 2 DAGs
[2026-07-29T18:40:52.140+0000] {logging_mixin.py:190} INFO - [2026-07-29T18:40:52.140+0000] {dag.py:4138} INFO - Setting next_dagrun for read_dataset_event to 2026-07-28 00:00:00+00:00, run_after=2026-07-29 00:00:00+00:00
[2026-07-29T18:40:52.143+0000] {logging_mixin.py:190} INFO - [2026-07-29T18:40:52.143+0000] {dag.py:4138} INFO - Setting next_dagrun for read_dataset_event_from_classic to 2026-07-28 00:00:00+00:00, run_after=2026-07-29 00:00:00+00:00
[2026-07-29T18:40:52.153+0000] {processor.py:208} INFO - Processing /home/airflow/.local/lib/python3.12/site-packages/airflow/example_dags/example_inlet_event_extra.py took 0.121 seconds
[2026-07-29T18:41:22.237+0000] {processor.py:186} INFO - Started process (PID=22151) to work on /home/airflow/.local/lib/python3.12/site-packages/airflow/example_dags/example_inlet_event_extra.py
[2026-07-29T18:41:22.239+0000] {processor.py:914} INFO - Processing file /home/airflow/.local/lib/python3.12/site-packages/airflow/example_dags/example_inlet_event_extra.py for tasks to queue
[2026-07-29T18:41:22.241+0000] {logging_mixin.py:190} INFO - [2026-07-29T18:41:22.241+0000] {dagbag.py:587} INFO - Filling up the DagBag from /home/airflow/.local/lib/python3.12/site-packages/airflow/example_dags/example_inlet_event_extra.py
[2026-07-29T18:41:22.315+0000] {processor.py:925} INFO - DAG(s) 'read_dataset_event_from_classic', 'read_dataset_event' retrieved from /home/airflow/.local/lib/python3.12/site-packages/airflow/example_dags/example_inlet_event_extra.py
[2026-07-29T18:41:22.326+0000] {logging_mixin.py:190} INFO - [2026-07-29T18:41:22.326+0000] {dag.py:3211} INFO - Sync 2 DAGs
[2026-07-29T18:41:22.337+0000] {logging_mixin.py:190} INFO - [2026-07-29T18:41:22.336+0000] {dag.py:4138} INFO - Setting next_dagrun for read_dataset_event to 2026-07-28 00:00:00+00:00, run_after=2026-07-29 00:00:00+00:00
[2026-07-29T18:41:22.338+0000] {logging_mixin.py:190} INFO - [2026-07-29T18:41:22.338+0000] {dag.py:4138} INFO - Setting next_dagrun for read_dataset_event_from_classic to 2026-07-28 00:00:00+00:00, run_after=2026-07-29 00:00:00+00:00
[2026-07-29T18:41:22.347+0000] {processor.py:208} INFO - Processing /home/airflow/.local/lib/python3.12/site-packages/airflow/example_dags/example_inlet_event_extra.py took 0.115 seconds
[2026-07-29T18:41:52.661+0000] {processor.py:186} INFO - Started process (PID=22217) to work on /home/airflow/.local/lib/python3.12/site-packages/airflow/example_dags/example_inlet_event_extra.py
[2026-07-29T18:41:52.663+0000] {processor.py:914} INFO - Processing file /home/airflow/.local/lib/python3.12/site-packages/airflow/example_dags/example_inlet_event_extra.py for tasks to queue
[2026-07-29T18:41:52.664+0000] {logging_mixin.py:190} INFO - [2026-07-29T18:41:52.664+0000] {dagbag.py:587} INFO - Filling up the DagBag from /home/airflow/.local/lib/python3.12/site-packages/airflow/example_dags/example_inlet_event_extra.py
[2026-07-29T18:41:52.771+0000] {processor.py:925} INFO - DAG(s) 'read_dataset_event', 'read_dataset_event_from_classic' retrieved from /home/airflow/.local/lib/python3.12/site-packages/airflow/example_dags/example_inlet_event_extra.py
[2026-07-29T18:41:52.781+0000] {logging_mixin.py:190} INFO - [2026-07-29T18:41:52.781+0000] {dag.py:3211} INFO - Sync 2 DAGs
[2026-07-29T18:41:52.792+0000] {logging_mixin.py:190} INFO - [2026-07-29T18:41:52.792+0000] {dag.py:4138} INFO - Setting next_dagrun for read_dataset_event to 2026-07-28 00:00:00+00:00, run_after=2026-07-29 00:00:00+00:00
[2026-07-29T18:41:52.796+0000] {logging_mixin.py:190} INFO - [2026-07-29T18:41:52.796+0000] {dag.py:4138} INFO - Setting next_dagrun for read_dataset_event_from_classic to 2026-07-28 00:00:00+00:00, run_after=2026-07-29 00:00:00+00:00
[2026-07-29T18:41:52.805+0000] {processor.py:208} INFO - Processing /home/airflow/.local/lib/python3.12/site-packages/airflow/example_dags/example_inlet_event_extra.py took 0.147 seconds
[2026-07-29T18:42:22.987+0000] {processor.py:186} INFO - Started process (PID=22283) to work on /home/airflow/.local/lib/python3.12/site-packages/airflow/example_dags/example_inlet_event_extra.py
[2026-07-29T18:42:22.989+0000] {processor.py:914} INFO - Processing file /home/airflow/.local/lib/python3.12/site-packages/airflow/example_dags/example_inlet_event_extra.py for tasks to queue
[2026-07-29T18:42:22.993+0000] {logging_mixin.py:190} INFO - [2026-07-29T18:42:22.993+0000] {dagbag.py:587} INFO - Filling up the DagBag from /home/airflow/.local/lib/python3.12/site-packages/airflow/example_dags/example_inlet_event_extra.py
[2026-07-29T18:42:23.061+0000] {processor.py:925} INFO - DAG(s) 'read_dataset_event_from_classic', 'read_dataset_event' retrieved from /home/airflow/.local/lib/python3.12/site-packages/airflow/example_dags/example_inlet_event_extra.py
[2026-07-29T18:42:23.073+0000] {logging_mixin.py:190} INFO - [2026-07-29T18:42:23.073+0000] {dag.py:3211} INFO - Sync 2 DAGs
[2026-07-29T18:42:23.083+0000] {logging_mixin.py:190} INFO - [2026-07-29T18:42:23.082+0000] {dag.py:4138} INFO - Setting next_dagrun for read_dataset_event to 2026-07-28 00:00:00+00:00, run_after=2026-07-29 00:00:00+00:00
[2026-07-29T18:42:23.085+0000] {logging_mixin.py:190} INFO - [2026-07-29T18:42:23.085+0000] {dag.py:4138} INFO - Setting next_dagrun for read_dataset_event_from_classic to 2026-07-28 00:00:00+00:00, run_after=2026-07-29 00:00:00+00:00
[2026-07-29T18:42:23.095+0000] {processor.py:208} INFO - Processing /home/airflow/.local/lib/python3.12/site-packages/airflow/example_dags/example_inlet_event_extra.py took 0.113 seconds
[2026-07-29T18:42:53.124+0000] {processor.py:186} INFO - Started process (PID=22350) to work on /home/airflow/.local/lib/python3.12/site-packages/airflow/example_dags/example_inlet_event_extra.py
[2026-07-29T18:42:53.125+0000] {processor.py:914} INFO - Processing file /home/airflow/.local/lib/python3.12/site-packages/airflow/example_dags/example_inlet_event_extra.py for tasks to queue
[2026-07-29T18:42:53.127+0000] {logging_mixin.py:190} INFO - [2026-07-29T18:42:53.127+0000] {dagbag.py:587} INFO - Filling up the DagBag from /home/airflow/.local/lib/python3.12/site-packages/airflow/example_dags/example_inlet_event_extra.py
[2026-07-29T18:42:53.192+0000] {processor.py:925} INFO - DAG(s) 'read_dataset_event', 'read_dataset_event_from_classic' retrieved from /home/airflow/.local/lib/python3.12/site-packages/airflow/example_dags/example_inlet_event_extra.py
[2026-07-29T18:42:53.206+0000] {logging_mixin.py:190} INFO - [2026-07-29T18:42:53.206+0000] {dag.py:3211} INFO - Sync 2 DAGs
[2026-07-29T18:42:53.216+0000] {logging_mixin.py:190} INFO - [2026-07-29T18:42:53.216+0000] {dag.py:4138} INFO - Setting next_dagrun for read_dataset_event to 2026-07-28 00:00:00+00:00, run_after=2026-07-29 00:00:00+00:00
[2026-07-29T18:42:53.219+0000] {logging_mixin.py:190} INFO - [2026-07-29T18:42:53.219+0000] {dag.py:4138} INFO - Setting next_dagrun for read_dataset_event_from_classic to 2026-07-28 00:00:00+00:00, run_after=2026-07-29 00:00:00+00:00
[2026-07-29T18:42:53.226+0000] {processor.py:208} INFO - Processing /home/airflow/.local/lib/python3.12/site-packages/airflow/example_dags/example_inlet_event_extra.py took 0.105 seconds
[2026-07-29T18:43:23.338+0000] {processor.py:186} INFO - Started process (PID=22418) to work on /home/airflow/.local/lib/python3.12/site-packages/airflow/example_dags/example_inlet_event_extra.py
[2026-07-29T18:43:23.339+0000] {processor.py:914} INFO - Processing file /home/airflow/.local/lib/python3.12/site-packages/airflow/example_dags/example_inlet_event_extra.py for tasks to queue
[2026-07-29T18:43:23.341+0000] {logging_mixin.py:190} INFO - [2026-07-29T18:43:23.341+0000] {dagbag.py:587} INFO - Filling up the DagBag from /home/airflow/.local/lib/python3.12/site-packages/airflow/example_dags/example_inlet_event_extra.py
[2026-07-29T18:43:23.422+0000] {processor.py:925} INFO - DAG(s) 'read_dataset_event', 'read_dataset_event_from_classic' retrieved from /home/airflow/.local/lib/python3.12/site-packages/airflow/example_dags/example_inlet_event_extra.py
[2026-07-29T18:43:23.437+0000] {logging_mixin.py:190} INFO - [2026-07-29T18:43:23.437+0000] {dag.py:3211} INFO - Sync 2 DAGs
[2026-07-29T18:43:23.451+0000] {logging_mixin.py:190} INFO - [2026-07-29T18:43:23.451+0000] {dag.py:4138} INFO - Setting next_dagrun for read_dataset_event to 2026-07-28 00:00:00+00:00, run_after=2026-07-29 00:00:00+00:00
[2026-07-29T18:43:23.455+0000] {logging_mixin.py:190} INFO - [2026-07-29T18:43:23.455+0000] {dag.py:4138} INFO - Setting next_dagrun for read_dataset_event_from_classic to 2026-07-28 00:00:00+00:00, run_after=2026-07-29 00:00:00+00:00
[2026-07-29T18:43:23.466+0000] {processor.py:208} INFO - Processing /home/airflow/.local/lib/python3.12/site-packages/airflow/example_dags/example_inlet_event_extra.py took 0.131 seconds
[2026-07-29T18:43:53.498+0000] {processor.py:186} INFO - Started process (PID=22484) to work on /home/airflow/.local/lib/python3.12/site-packages/airflow/example_dags/example_inlet_event_extra.py
[2026-07-29T18:43:53.499+0000] {processor.py:914} INFO - Processing file /home/airflow/.local/lib/python3.12/site-packages/airflow/example_dags/example_inlet_event_extra.py for tasks to queue
[2026-07-29T18:43:53.500+0000] {logging_mixin.py:190} INFO - [2026-07-29T18:43:53.500+0000] {dagbag.py:587} INFO - Filling up the DagBag from /home/airflow/.local/lib/python3.12/site-packages/airflow/example_dags/example_inlet_event_extra.py
[2026-07-29T18:43:53.572+0000] {processor.py:925} INFO - DAG(s) 'read_dataset_event', 'read_dataset_event_from_classic' retrieved from /home/airflow/.local/lib/python3.12/site-packages/airflow/example_dags/example_inlet_event_extra.py
[2026-07-29T18:43:53.584+0000] {logging_mixin.py:190} INFO - [2026-07-29T18:43:53.584+0000] {dag.py:3211} INFO - Sync 2 DAGs
[2026-07-29T18:43:53.593+0000] {logging_mixin.py:190} INFO - [2026-07-29T18:43:53.593+0000] {dag.py:4138} INFO - Setting next_dagrun for read_dataset_event to 2026-07-28 00:00:00+00:00, run_after=2026-07-29 00:00:00+00:00
[2026-07-29T18:43:53.594+0000] {logging_mixin.py:190} INFO - [2026-07-29T18:43:53.594+0000] {dag.py:4138} INFO - Setting next_dagrun for read_dataset_event_from_classic to 2026-07-28 00:00:00+00:00, run_after=2026-07-29 00:00:00+00:00
[2026-07-29T18:43:53.603+0000] {processor.py:208} INFO - Processing /home/airflow/.local/lib/python3.12/site-packages/airflow/example_dags/example_inlet_event_extra.py took 0.108 seconds
[2026-07-29T18:44:23.950+0000] {processor.py:186} INFO - Started process (PID=22547) to work on /home/airflow/.local/lib/python3.12/site-packages/airflow/example_dags/example_inlet_event_extra.py
[2026-07-29T18:44:23.951+0000] {processor.py:914} INFO - Processing file /home/airflow/.local/lib/python3.12/site-packages/airflow/example_dags/example_inlet_event_extra.py for tasks to queue
[2026-07-29T18:44:23.954+0000] {logging_mixin.py:190} INFO - [2026-07-29T18:44:23.954+0000] {dagbag.py:587} INFO - Filling up the DagBag from /home/airflow/.local/lib/python3.12/site-packages/airflow/example_dags/example_inlet_event_extra.py
[2026-07-29T18:44:24.039+0000] {processor.py:925} INFO - DAG(s) 'read_dataset_event', 'read_dataset_event_from_classic' retrieved from /home/airflow/.local/lib/python3.12/site-packages/airflow/example_dags/example_inlet_event_extra.py
[2026-07-29T18:44:24.052+0000] {logging_mixin.py:190} INFO - [2026-07-29T18:44:24.052+0000] {dag.py:3211} INFO - Sync 2 DAGs
[2026-07-29T18:44:24.064+0000] {logging_mixin.py:190} INFO - [2026-07-29T18:44:24.064+0000] {dag.py:4138} INFO - Setting next_dagrun for read_dataset_event to 2026-07-28 00:00:00+00:00, run_after=2026-07-29 00:00:00+00:00
[2026-07-29T18:44:24.067+0000] {logging_mixin.py:190} INFO - [2026-07-29T18:44:24.067+0000] {dag.py:4138} INFO - Setting next_dagrun for read_dataset_event_from_classic to 2026-07-28 00:00:00+00:00, run_after=2026-07-29 00:00:00+00:00
[2026-07-29T18:44:24.075+0000] {processor.py:208} INFO - Processing /home/airflow/.local/lib/python3.12/site-packages/airflow/example_dags/example_inlet_event_extra.py took 0.133 seconds
[2026-07-29T18:44:54.292+0000] {processor.py:186} INFO - Started process (PID=22613) to work on /home/airflow/.local/lib/python3.12/site-packages/airflow/example_dags/example_inlet_event_extra.py
[2026-07-29T18:44:54.294+0000] {processor.py:914} INFO - Processing file /home/airflow/.local/lib/python3.12/site-packages/airflow/example_dags/example_inlet_event_extra.py for tasks to queue
[2026-07-29T18:44:54.298+0000] {logging_mixin.py:190} INFO - [2026-07-29T18:44:54.298+0000] {dagbag.py:587} INFO - Filling up the DagBag from /home/airflow/.local/lib/python3.12/site-packages/airflow/example_dags/example_inlet_event_extra.py
[2026-07-29T18:44:54.393+0000] {processor.py:925} INFO - DAG(s) 'read_dataset_event', 'read_dataset_event_from_classic' retrieved from /home/airflow/.local/lib/python3.12/site-packages/airflow/example_dags/example_inlet_event_extra.py
[2026-07-29T18:44:54.406+0000] {logging_mixin.py:190} INFO - [2026-07-29T18:44:54.406+0000] {dag.py:3211} INFO - Sync 2 DAGs
[2026-07-29T18:44:54.416+0000] {logging_mixin.py:190} INFO - [2026-07-29T18:44:54.416+0000] {dag.py:4138} INFO - Setting next_dagrun for read_dataset_event to 2026-07-28 00:00:00+00:00, run_after=2026-07-29 00:00:00+00:00
[2026-07-29T18:44:54.420+0000] {logging_mixin.py:190} INFO - [2026-07-29T18:44:54.420+0000] {dag.py:4138} INFO - Setting next_dagrun for read_dataset_event_from_classic to 2026-07-28 00:00:00+00:00, run_after=2026-07-29 00:00:00+00:00
[2026-07-29T18:44:54.426+0000] {processor.py:208} INFO - Processing /home/airflow/.local/lib/python3.12/site-packages/airflow/example_dags/example_inlet_event_extra.py took 0.141 seconds
[2026-07-29T18:45:24.459+0000] {processor.py:186} INFO - Started process (PID=22680) to work on /home/airflow/.local/lib/python3.12/site-packages/airflow/example_dags/example_inlet_event_extra.py
[2026-07-29T18:45:24.461+0000] {processor.py:914} INFO - Processing file /home/airflow/.local/lib/python3.12/site-packages/airflow/example_dags/example_inlet_event_extra.py for tasks to queue
[2026-07-29T18:45:24.462+0000] {logging_mixin.py:190} INFO - [2026-07-29T18:45:24.462+0000] {dagbag.py:587} INFO - Filling up the DagBag from /home/airflow/.local/lib/python3.12/site-packages/airflow/example_dags/example_inlet_event_extra.py
[2026-07-29T18:45:24.544+0000] {processor.py:925} INFO - DAG(s) 'read_dataset_event_from_classic', 'read_dataset_event' retrieved from /home/airflow/.local/lib/python3.12/site-packages/airflow/example_dags/example_inlet_event_extra.py
[2026-07-29T18:45:24.555+0000] {logging_mixin.py:190} INFO - [2026-07-29T18:45:24.555+0000] {dag.py:3211} INFO - Sync 2 DAGs
[2026-07-29T18:45:24.565+0000] {logging_mixin.py:190} INFO - [2026-07-29T18:45:24.565+0000] {dag.py:4138} INFO - Setting next_dagrun for read_dataset_event to 2026-07-28 00:00:00+00:00, run_after=2026-07-29 00:00:00+00:00
[2026-07-29T18:45:24.567+0000] {logging_mixin.py:190} INFO - [2026-07-29T18:45:24.567+0000] {dag.py:4138} INFO - Setting next_dagrun for read_dataset_event_from_classic to 2026-07-28 00:00:00+00:00, run_after=2026-07-29 00:00:00+00:00
[2026-07-29T18:45:24.572+0000] {processor.py:208} INFO - Processing /home/airflow/.local/lib/python3.12/site-packages/airflow/example_dags/example_inlet_event_extra.py took 0.117 seconds
[2026-07-29T18:45:55.430+0000] {processor.py:186} INFO - Started process (PID=22745) to work on /home/airflow/.local/lib/python3.12/site-packages/airflow/example_dags/example_inlet_event_extra.py
[2026-07-29T18:45:55.430+0000] {processor.py:914} INFO - Processing file /home/airflow/.local/lib/python3.12/site-packages/airflow/example_dags/example_inlet_event_extra.py for tasks to queue
[2026-07-29T18:45:55.432+0000] {logging_mixin.py:190} INFO - [2026-07-29T18:45:55.432+0000] {dagbag.py:587} INFO - Filling up the DagBag from /home/airflow/.local/lib/python3.12/site-packages/airflow/example_dags/example_inlet_event_extra.py
[2026-07-29T18:45:55.504+0000] {processor.py:925} INFO - DAG(s) 'read_dataset_event_from_classic', 'read_dataset_event' retrieved from /home/airflow/.local/lib/python3.12/site-packages/airflow/example_dags/example_inlet_event_extra.py
[2026-07-29T18:45:55.515+0000] {logging_mixin.py:190} INFO - [2026-07-29T18:45:55.515+0000] {dag.py:3211} INFO - Sync 2 DAGs
[2026-07-29T18:45:55.525+0000] {logging_mixin.py:190} INFO - [2026-07-29T18:45:55.525+0000] {dag.py:4138} INFO - Setting next_dagrun for read_dataset_event to 2026-07-28 00:00:00+00:00, run_after=2026-07-29 00:00:00+00:00
[2026-07-29T18:45:55.528+0000] {logging_mixin.py:190} INFO - [2026-07-29T18:45:55.528+0000] {dag.py:4138} INFO - Setting next_dagrun for read_dataset_event_from_classic to 2026-07-28 00:00:00+00:00, run_after=2026-07-29 00:00:00+00:00
[2026-07-29T18:45:55.538+0000] {processor.py:208} INFO - Processing /home/airflow/.local/lib/python3.12/site-packages/airflow/example_dags/example_inlet_event_extra.py took 0.112 seconds
[2026-07-29T18:46:25.591+0000] {processor.py:186} INFO - Started process (PID=22812) to work on /home/airflow/.local/lib/python3.12/site-packages/airflow/example_dags/example_inlet_event_extra.py
[2026-07-29T18:46:25.591+0000] {processor.py:914} INFO - Processing file /home/airflow/.local/lib/python3.12/site-packages/airflow/example_dags/example_inlet_event_extra.py for tasks to queue
[2026-07-29T18:46:25.592+0000] {logging_mixin.py:190} INFO - [2026-07-29T18:46:25.592+0000] {dagbag.py:587} INFO - Filling up the DagBag from /home/airflow/.local/lib/python3.12/site-packages/airflow/example_dags/example_inlet_event_extra.py
[2026-07-29T18:46:25.650+0000] {processor.py:925} INFO - DAG(s) 'read_dataset_event', 'read_dataset_event_from_classic' retrieved from /home/airflow/.local/lib/python3.12/site-packages/airflow/example_dags/example_inlet_event_extra.py
[2026-07-29T18:46:25.662+0000] {logging_mixin.py:190} INFO - [2026-07-29T18:46:25.662+0000] {dag.py:3211} INFO - Sync 2 DAGs
[2026-07-29T18:46:25.671+0000] {logging_mixin.py:190} INFO - [2026-07-29T18:46:25.671+0000] {dag.py:4138} INFO - Setting next_dagrun for read_dataset_event to 2026-07-28 00:00:00+00:00, run_after=2026-07-29 00:00:00+00:00
[2026-07-29T18:46:25.673+0000] {logging_mixin.py:190} INFO - [2026-07-29T18:46:25.673+0000] {dag.py:4138} INFO - Setting next_dagrun for read_dataset_event_from_classic to 2026-07-28 00:00:00+00:00, run_after=2026-07-29 00:00:00+00:00
[2026-07-29T18:46:25.678+0000] {processor.py:208} INFO - Processing /home/airflow/.local/lib/python3.12/site-packages/airflow/example_dags/example_inlet_event_extra.py took 0.090 seconds
[2026-07-29T18:46:56.550+0000] {processor.py:186} INFO - Started process (PID=22877) to work on /home/airflow/.local/lib/python3.12/site-packages/airflow/example_dags/example_inlet_event_extra.py
[2026-07-29T18:46:56.555+0000] {processor.py:914} INFO - Processing file /home/airflow/.local/lib/python3.12/site-packages/airflow/example_dags/example_inlet_event_extra.py for tasks to queue
[2026-07-29T18:46:56.557+0000] {logging_mixin.py:190} INFO - [2026-07-29T18:46:56.557+0000] {dagbag.py:587} INFO - Filling up the DagBag from /home/airflow/.local/lib/python3.12/site-packages/airflow/example_dags/example_inlet_event_extra.py
[2026-07-29T18:46:56.622+0000] {processor.py:925} INFO - DAG(s) 'read_dataset_event_from_classic', 'read_dataset_event' retrieved from /home/airflow/.local/lib/python3.12/site-packages/airflow/example_dags/example_inlet_event_extra.py
[2026-07-29T18:46:56.635+0000] {logging_mixin.py:190} INFO - [2026-07-29T18:46:56.635+0000] {dag.py:3211} INFO - Sync 2 DAGs
[2026-07-29T18:46:56.644+0000] {logging_mixin.py:190} INFO - [2026-07-29T18:46:56.644+0000] {dag.py:4138} INFO - Setting next_dagrun for read_dataset_event to 2026-07-28 00:00:00+00:00, run_after=2026-07-29 00:00:00+00:00
[2026-07-29T18:46:56.646+0000] {logging_mixin.py:190} INFO - [2026-07-29T18:46:56.646+0000] {dag.py:4138} INFO - Setting next_dagrun for read_dataset_event_from_classic to 2026-07-28 00:00:00+00:00, run_after=2026-07-29 00:00:00+00:00
[2026-07-29T18:46:56.655+0000] {processor.py:208} INFO - Processing /home/airflow/.local/lib/python3.12/site-packages/airflow/example_dags/example_inlet_event_extra.py took 0.114 seconds
[2026-07-29T18:47:27.528+0000] {processor.py:186} INFO - Started process (PID=22943) to work on /home/airflow/.local/lib/python3.12/site-packages/airflow/example_dags/example_inlet_event_extra.py
[2026-07-29T18:47:27.529+0000] {processor.py:914} INFO - Processing file /home/airflow/.local/lib/python3.12/site-packages/airflow/example_dags/example_inlet_event_extra.py for tasks to queue
[2026-07-29T18:47:27.531+0000] {logging_mixin.py:190} INFO - [2026-07-29T18:47:27.531+0000] {dagbag.py:587} INFO - Filling up the DagBag from /home/airflow/.local/lib/python3.12/site-packages/airflow/example_dags/example_inlet_event_extra.py
[2026-07-29T18:47:27.597+0000] {processor.py:925} INFO - DAG(s) 'read_dataset_event', 'read_dataset_event_from_classic' retrieved from /home/airflow/.local/lib/python3.12/site-packages/airflow/example_dags/example_inlet_event_extra.py
[2026-07-29T18:47:27.607+0000] {logging_mixin.py:190} INFO - [2026-07-29T18:47:27.607+0000] {dag.py:3211} INFO - Sync 2 DAGs
[2026-07-29T18:47:27.617+0000] {logging_mixin.py:190} INFO - [2026-07-29T18:47:27.617+0000] {dag.py:4138} INFO - Setting next_dagrun for read_dataset_event to 2026-07-28 00:00:00+00:00, run_after=2026-07-29 00:00:00+00:00
[2026-07-29T18:47:27.619+0000] {logging_mixin.py:190} INFO - [2026-07-29T18:47:27.619+0000] {dag.py:4138} INFO - Setting next_dagrun for read_dataset_event_from_classic to 2026-07-28 00:00:00+00:00, run_after=2026-07-29 00:00:00+00:00
[2026-07-29T18:47:27.627+0000] {processor.py:208} INFO - Processing /home/airflow/.local/lib/python3.12/site-packages/airflow/example_dags/example_inlet_event_extra.py took 0.105 seconds
[2026-07-29T18:47:58.527+0000] {processor.py:186} INFO - Started process (PID=23009) to work on /home/airflow/.local/lib/python3.12/site-packages/airflow/example_dags/example_inlet_event_extra.py
[2026-07-29T18:47:58.529+0000] {processor.py:914} INFO - Processing file /home/airflow/.local/lib/python3.12/site-packages/airflow/example_dags/example_inlet_event_extra.py for tasks to queue
[2026-07-29T18:47:58.531+0000] {logging_mixin.py:190} INFO - [2026-07-29T18:47:58.530+0000] {dagbag.py:587} INFO - Filling up the DagBag from /home/airflow/.local/lib/python3.12/site-packages/airflow/example_dags/example_inlet_event_extra.py
[2026-07-29T18:47:58.606+0000] {processor.py:925} INFO - DAG(s) 'read_dataset_event', 'read_dataset_event_from_classic' retrieved from /home/airflow/.local/lib/python3.12/site-packages/airflow/example_dags/example_inlet_event_extra.py
[2026-07-29T18:47:58.624+0000] {logging_mixin.py:190} INFO - [2026-07-29T18:47:58.623+0000] {dag.py:3211} INFO - Sync 2 DAGs
[2026-07-29T18:47:58.636+0000] {logging_mixin.py:190} INFO - [2026-07-29T18:47:58.636+0000] {dag.py:4138} INFO - Setting next_dagrun for read_dataset_event to 2026-07-28 00:00:00+00:00, run_after=2026-07-29 00:00:00+00:00
[2026-07-29T18:47:58.639+0000] {logging_mixin.py:190} INFO - [2026-07-29T18:47:58.638+0000] {dag.py:4138} INFO - Setting next_dagrun for read_dataset_event_from_classic to 2026-07-28 00:00:00+00:00, run_after=2026-07-29 00:00:00+00:00
[2026-07-29T18:47:58.647+0000] {processor.py:208} INFO - Processing /home/airflow/.local/lib/python3.12/site-packages/airflow/example_dags/example_inlet_event_extra.py took 0.123 seconds
[2026-07-29T18:48:29.490+0000] {processor.py:186} INFO - Started process (PID=23075) to work on /home/airflow/.local/lib/python3.12/site-packages/airflow/example_dags/example_inlet_event_extra.py
[2026-07-29T18:48:29.491+0000] {processor.py:914} INFO - Processing file /home/airflow/.local/lib/python3.12/site-packages/airflow/example_dags/example_inlet_event_extra.py for tasks to queue
[2026-07-29T18:48:29.493+0000] {logging_mixin.py:190} INFO - [2026-07-29T18:48:29.493+0000] {dagbag.py:587} INFO - Filling up the DagBag from /home/airflow/.local/lib/python3.12/site-packages/airflow/example_dags/example_inlet_event_extra.py
[2026-07-29T18:48:29.566+0000] {processor.py:925} INFO - DAG(s) 'read_dataset_event_from_classic', 'read_dataset_event' retrieved from /home/airflow/.local/lib/python3.12/site-packages/airflow/example_dags/example_inlet_event_extra.py
[2026-07-29T18:48:29.577+0000] {logging_mixin.py:190} INFO - [2026-07-29T18:48:29.577+0000] {dag.py:3211} INFO - Sync 2 DAGs
[2026-07-29T18:48:29.591+0000] {logging_mixin.py:190} INFO - [2026-07-29T18:48:29.590+0000] {dag.py:4138} INFO - Setting next_dagrun for read_dataset_event to 2026-07-28 00:00:00+00:00, run_after=2026-07-29 00:00:00+00:00
[2026-07-29T18:48:29.593+0000] {logging_mixin.py:190} INFO - [2026-07-29T18:48:29.593+0000] {dag.py:4138} INFO - Setting next_dagrun for read_dataset_event_from_classic to 2026-07-28 00:00:00+00:00, run_after=2026-07-29 00:00:00+00:00
[2026-07-29T18:48:29.600+0000] {processor.py:208} INFO - Processing /home/airflow/.local/lib/python3.12/site-packages/airflow/example_dags/example_inlet_event_extra.py took 0.115 seconds
[2026-07-29T18:49:04.496+0000] {processor.py:186} INFO - Started process (PID=23142) to work on /home/airflow/.local/lib/python3.12/site-packages/airflow/example_dags/example_inlet_event_extra.py
[2026-07-29T18:49:04.497+0000] {processor.py:914} INFO - Processing file /home/airflow/.local/lib/python3.12/site-packages/airflow/example_dags/example_inlet_event_extra.py for tasks to queue
[2026-07-29T18:49:04.498+0000] {logging_mixin.py:190} INFO - [2026-07-29T18:49:04.498+0000] {dagbag.py:587} INFO - Filling up the DagBag from /home/airflow/.local/lib/python3.12/site-packages/airflow/example_dags/example_inlet_event_extra.py
[2026-07-29T18:49:04.561+0000] {processor.py:925} INFO - DAG(s) 'read_dataset_event', 'read_dataset_event_from_classic' retrieved from /home/airflow/.local/lib/python3.12/site-packages/airflow/example_dags/example_inlet_event_extra.py
[2026-07-29T18:49:04.576+0000] {logging_mixin.py:190} INFO - [2026-07-29T18:49:04.576+0000] {dag.py:3211} INFO - Sync 2 DAGs
[2026-07-29T18:49:04.741+0000] {logging_mixin.py:190} INFO - [2026-07-29T18:49:04.741+0000] {dag.py:4138} INFO - Setting next_dagrun for read_dataset_event to 2026-07-28 00:00:00+00:00, run_after=2026-07-29 00:00:00+00:00
[2026-07-29T18:49:04.743+0000] {logging_mixin.py:190} INFO - [2026-07-29T18:49:04.743+0000] {dag.py:4138} INFO - Setting next_dagrun for read_dataset_event_from_classic to 2026-07-28 00:00:00+00:00, run_after=2026-07-29 00:00:00+00:00
[2026-07-29T18:49:04.754+0000] {processor.py:208} INFO - Processing /home/airflow/.local/lib/python3.12/site-packages/airflow/example_dags/example_inlet_event_extra.py took 0.261 seconds
[2026-07-29T18:49:34.818+0000] {processor.py:186} INFO - Started process (PID=23212) to work on /home/airflow/.local/lib/python3.12/site-packages/airflow/example_dags/example_inlet_event_extra.py
[2026-07-29T18:49:34.818+0000] {processor.py:914} INFO - Processing file /home/airflow/.local/lib/python3.12/site-packages/airflow/example_dags/example_inlet_event_extra.py for tasks to queue
[2026-07-29T18:49:34.819+0000] {logging_mixin.py:190} INFO - [2026-07-29T18:49:34.819+0000] {dagbag.py:587} INFO - Filling up the DagBag from /home/airflow/.local/lib/python3.12/site-packages/airflow/example_dags/example_inlet_event_extra.py
[2026-07-29T18:49:34.885+0000] {processor.py:925} INFO - DAG(s) 'read_dataset_event', 'read_dataset_event_from_classic' retrieved from /home/airflow/.local/lib/python3.12/site-packages/airflow/example_dags/example_inlet_event_extra.py
[2026-07-29T18:49:34.895+0000] {logging_mixin.py:190} INFO - [2026-07-29T18:49:34.895+0000] {dag.py:3211} INFO - Sync 2 DAGs
[2026-07-29T18:49:34.904+0000] {logging_mixin.py:190} INFO - [2026-07-29T18:49:34.904+0000] {dag.py:4138} INFO - Setting next_dagrun for read_dataset_event to 2026-07-28 00:00:00+00:00, run_after=2026-07-29 00:00:00+00:00
[2026-07-29T18:49:34.907+0000] {logging_mixin.py:190} INFO - [2026-07-29T18:49:34.907+0000] {dag.py:4138} INFO - Setting next_dagrun for read_dataset_event_from_classic to 2026-07-28 00:00:00+00:00, run_after=2026-07-29 00:00:00+00:00
[2026-07-29T18:49:34.916+0000] {processor.py:208} INFO - Processing /home/airflow/.local/lib/python3.12/site-packages/airflow/example_dags/example_inlet_event_extra.py took 0.100 seconds
[2026-07-29T18:50:04.994+0000] {processor.py:186} INFO - Started process (PID=23274) to work on /home/airflow/.local/lib/python3.12/site-packages/airflow/example_dags/example_inlet_event_extra.py
[2026-07-29T18:50:04.994+0000] {processor.py:914} INFO - Processing file /home/airflow/.local/lib/python3.12/site-packages/airflow/example_dags/example_inlet_event_extra.py for tasks to queue
[2026-07-29T18:50:04.997+0000] {logging_mixin.py:190} INFO - [2026-07-29T18:50:04.997+0000] {dagbag.py:587} INFO - Filling up the DagBag from /home/airflow/.local/lib/python3.12/site-packages/airflow/example_dags/example_inlet_event_extra.py
[2026-07-29T18:50:05.066+0000] {processor.py:925} INFO - DAG(s) 'read_dataset_event_from_classic', 'read_dataset_event' retrieved from /home/airflow/.local/lib/python3.12/site-packages/airflow/example_dags/example_inlet_event_extra.py
[2026-07-29T18:50:05.169+0000] {logging_mixin.py:190} INFO - [2026-07-29T18:50:05.169+0000] {dag.py:3211} INFO - Sync 2 DAGs
[2026-07-29T18:50:05.177+0000] {logging_mixin.py:190} INFO - [2026-07-29T18:50:05.176+0000] {dag.py:4138} INFO - Setting next_dagrun for read_dataset_event to 2026-07-28 00:00:00+00:00, run_after=2026-07-29 00:00:00+00:00
[2026-07-29T18:50:05.178+0000] {logging_mixin.py:190} INFO - [2026-07-29T18:50:05.178+0000] {dag.py:4138} INFO - Setting next_dagrun for read_dataset_event_from_classic to 2026-07-28 00:00:00+00:00, run_after=2026-07-29 00:00:00+00:00
[2026-07-29T18:50:05.188+0000] {processor.py:208} INFO - Processing /home/airflow/.local/lib/python3.12/site-packages/airflow/example_dags/example_inlet_event_extra.py took 0.199 seconds
[2026-07-29T18:50:35.211+0000] {processor.py:186} INFO - Started process (PID=23343) to work on /home/airflow/.local/lib/python3.12/site-packages/airflow/example_dags/example_inlet_event_extra.py
[2026-07-29T18:50:35.212+0000] {processor.py:914} INFO - Processing file /home/airflow/.local/lib/python3.12/site-packages/airflow/example_dags/example_inlet_event_extra.py for tasks to queue
[2026-07-29T18:50:35.213+0000] {logging_mixin.py:190} INFO - [2026-07-29T18:50:35.213+0000] {dagbag.py:587} INFO - Filling up the DagBag from /home/airflow/.local/lib/python3.12/site-packages/airflow/example_dags/example_inlet_event_extra.py
[2026-07-29T18:50:35.263+0000] {processor.py:925} INFO - DAG(s) 'read_dataset_event_from_classic', 'read_dataset_event' retrieved from /home/airflow/.local/lib/python3.12/site-packages/airflow/example_dags/example_inlet_event_extra.py
[2026-07-29T18:50:35.272+0000] {logging_mixin.py:190} INFO - [2026-07-29T18:50:35.272+0000] {dag.py:3211} INFO - Sync 2 DAGs
[2026-07-29T18:50:35.374+0000] {logging_mixin.py:190} INFO - [2026-07-29T18:50:35.374+0000] {dag.py:4138} INFO - Setting next_dagrun for read_dataset_event to 2026-07-28 00:00:00+00:00, run_after=2026-07-29 00:00:00+00:00
[2026-07-29T18:50:35.375+0000] {logging_mixin.py:190} INFO - [2026-07-29T18:50:35.375+0000] {dag.py:4138} INFO - Setting next_dagrun for read_dataset_event_from_classic to 2026-07-28 00:00:00+00:00, run_after=2026-07-29 00:00:00+00:00
[2026-07-29T18:50:35.380+0000] {processor.py:208} INFO - Processing /home/airflow/.local/lib/python3.12/site-packages/airflow/example_dags/example_inlet_event_extra.py took 0.171 seconds
[2026-07-29T18:51:05.512+0000] {processor.py:186} INFO - Started process (PID=23409) to work on /home/airflow/.local/lib/python3.12/site-packages/airflow/example_dags/example_inlet_event_extra.py
[2026-07-29T18:51:05.513+0000] {processor.py:914} INFO - Processing file /home/airflow/.local/lib/python3.12/site-packages/airflow/example_dags/example_inlet_event_extra.py for tasks to queue
[2026-07-29T18:51:05.515+0000] {logging_mixin.py:190} INFO - [2026-07-29T18:51:05.514+0000] {dagbag.py:587} INFO - Filling up the DagBag from /home/airflow/.local/lib/python3.12/site-packages/airflow/example_dags/example_inlet_event_extra.py
[2026-07-29T18:51:05.696+0000] {processor.py:925} INFO - DAG(s) 'read_dataset_event', 'read_dataset_event_from_classic' retrieved from /home/airflow/.local/lib/python3.12/site-packages/airflow/example_dags/example_inlet_event_extra.py
[2026-07-29T18:51:05.709+0000] {logging_mixin.py:190} INFO - [2026-07-29T18:51:05.709+0000] {dag.py:3211} INFO - Sync 2 DAGs
[2026-07-29T18:51:05.718+0000] {logging_mixin.py:190} INFO - [2026-07-29T18:51:05.718+0000] {dag.py:4138} INFO - Setting next_dagrun for read_dataset_event to 2026-07-28 00:00:00+00:00, run_after=2026-07-29 00:00:00+00:00
[2026-07-29T18:51:05.722+0000] {logging_mixin.py:190} INFO - [2026-07-29T18:51:05.722+0000] {dag.py:4138} INFO - Setting next_dagrun for read_dataset_event_from_classic to 2026-07-28 00:00:00+00:00, run_after=2026-07-29 00:00:00+00:00
[2026-07-29T18:51:05.731+0000] {processor.py:208} INFO - Processing /home/airflow/.local/lib/python3.12/site-packages/airflow/example_dags/example_inlet_event_extra.py took 0.223 seconds
[2026-07-29T18:51:35.986+0000] {processor.py:186} INFO - Started process (PID=23478) to work on /home/airflow/.local/lib/python3.12/site-packages/airflow/example_dags/example_inlet_event_extra.py
[2026-07-29T18:51:35.987+0000] {processor.py:914} INFO - Processing file /home/airflow/.local/lib/python3.12/site-packages/airflow/example_dags/example_inlet_event_extra.py for tasks to queue
[2026-07-29T18:51:35.988+0000] {logging_mixin.py:190} INFO - [2026-07-29T18:51:35.988+0000] {dagbag.py:587} INFO - Filling up the DagBag from /home/airflow/.local/lib/python3.12/site-packages/airflow/example_dags/example_inlet_event_extra.py
[2026-07-29T18:51:36.171+0000] {processor.py:925} INFO - DAG(s) 'read_dataset_event', 'read_dataset_event_from_classic' retrieved from /home/airflow/.local/lib/python3.12/site-packages/airflow/example_dags/example_inlet_event_extra.py
[2026-07-29T18:51:36.182+0000] {logging_mixin.py:190} INFO - [2026-07-29T18:51:36.182+0000] {dag.py:3211} INFO - Sync 2 DAGs
[2026-07-29T18:51:36.191+0000] {logging_mixin.py:190} INFO - [2026-07-29T18:51:36.191+0000] {dag.py:4138} INFO - Setting next_dagrun for read_dataset_event to 2026-07-28 00:00:00+00:00, run_after=2026-07-29 00:00:00+00:00
[2026-07-29T18:51:36.192+0000] {logging_mixin.py:190} INFO - [2026-07-29T18:51:36.192+0000] {dag.py:4138} INFO - Setting next_dagrun for read_dataset_event_from_classic to 2026-07-28 00:00:00+00:00, run_after=2026-07-29 00:00:00+00:00
[2026-07-29T18:51:36.197+0000] {processor.py:208} INFO - Processing /home/airflow/.local/lib/python3.12/site-packages/airflow/example_dags/example_inlet_event_extra.py took 0.214 seconds
[2026-07-29T18:52:06.291+0000] {processor.py:186} INFO - Started process (PID=23548) to work on /home/airflow/.local/lib/python3.12/site-packages/airflow/example_dags/example_inlet_event_extra.py
[2026-07-29T18:52:06.292+0000] {processor.py:914} INFO - Processing file /home/airflow/.local/lib/python3.12/site-packages/airflow/example_dags/example_inlet_event_extra.py for tasks to queue
[2026-07-29T18:52:06.294+0000] {logging_mixin.py:190} INFO - [2026-07-29T18:52:06.293+0000] {dagbag.py:587} INFO - Filling up the DagBag from /home/airflow/.local/lib/python3.12/site-packages/airflow/example_dags/example_inlet_event_extra.py
[2026-07-29T18:52:06.471+0000] {processor.py:925} INFO - DAG(s) 'read_dataset_event_from_classic', 'read_dataset_event' retrieved from /home/airflow/.local/lib/python3.12/site-packages/airflow/example_dags/example_inlet_event_extra.py
[2026-07-29T18:52:06.478+0000] {logging_mixin.py:190} INFO - [2026-07-29T18:52:06.478+0000] {dag.py:3211} INFO - Sync 2 DAGs
[2026-07-29T18:52:06.485+0000] {logging_mixin.py:190} INFO - [2026-07-29T18:52:06.485+0000] {dag.py:4138} INFO - Setting next_dagrun for read_dataset_event to 2026-07-28 00:00:00+00:00, run_after=2026-07-29 00:00:00+00:00
[2026-07-29T18:52:06.487+0000] {logging_mixin.py:190} INFO - [2026-07-29T18:52:06.487+0000] {dag.py:4138} INFO - Setting next_dagrun for read_dataset_event_from_classic to 2026-07-28 00:00:00+00:00, run_after=2026-07-29 00:00:00+00:00
[2026-07-29T18:52:06.491+0000] {processor.py:208} INFO - Processing /home/airflow/.local/lib/python3.12/site-packages/airflow/example_dags/example_inlet_event_extra.py took 0.203 seconds
[2026-07-29T18:52:37.427+0000] {processor.py:186} INFO - Started process (PID=23614) to work on /home/airflow/.local/lib/python3.12/site-packages/airflow/example_dags/example_inlet_event_extra.py
[2026-07-29T18:52:37.427+0000] {processor.py:914} INFO - Processing file /home/airflow/.local/lib/python3.12/site-packages/airflow/example_dags/example_inlet_event_extra.py for tasks to queue
[2026-07-29T18:52:37.430+0000] {logging_mixin.py:190} INFO - [2026-07-29T18:52:37.430+0000] {dagbag.py:587} INFO - Filling up the DagBag from /home/airflow/.local/lib/python3.12/site-packages/airflow/example_dags/example_inlet_event_extra.py
[2026-07-29T18:52:37.586+0000] {processor.py:925} INFO - DAG(s) 'read_dataset_event_from_classic', 'read_dataset_event' retrieved from /home/airflow/.local/lib/python3.12/site-packages/airflow/example_dags/example_inlet_event_extra.py
[2026-07-29T18:52:37.593+0000] {logging_mixin.py:190} INFO - [2026-07-29T18:52:37.593+0000] {dag.py:3211} INFO - Sync 2 DAGs
[2026-07-29T18:52:37.600+0000] {logging_mixin.py:190} INFO - [2026-07-29T18:52:37.600+0000] {dag.py:4138} INFO - Setting next_dagrun for read_dataset_event to 2026-07-28 00:00:00+00:00, run_after=2026-07-29 00:00:00+00:00
[2026-07-29T18:52:37.601+0000] {logging_mixin.py:190} INFO - [2026-07-29T18:52:37.601+0000] {dag.py:4138} INFO - Setting next_dagrun for read_dataset_event_from_classic to 2026-07-28 00:00:00+00:00, run_after=2026-07-29 00:00:00+00:00
[2026-07-29T18:52:37.606+0000] {processor.py:208} INFO - Processing /home/airflow/.local/lib/python3.12/site-packages/airflow/example_dags/example_inlet_event_extra.py took 0.184 seconds
[2026-07-29T18:53:07.634+0000] {processor.py:186} INFO - Started process (PID=23680) to work on /home/airflow/.local/lib/python3.12/site-packages/airflow/example_dags/example_inlet_event_extra.py
[2026-07-29T18:53:07.635+0000] {processor.py:914} INFO - Processing file /home/airflow/.local/lib/python3.12/site-packages/airflow/example_dags/example_inlet_event_extra.py for tasks to queue
[2026-07-29T18:53:07.637+0000] {logging_mixin.py:190} INFO - [2026-07-29T18:53:07.636+0000] {dagbag.py:587} INFO - Filling up the DagBag from /home/airflow/.local/lib/python3.12/site-packages/airflow/example_dags/example_inlet_event_extra.py
[2026-07-29T18:53:07.802+0000] {processor.py:925} INFO - DAG(s) 'read_dataset_event_from_classic', 'read_dataset_event' retrieved from /home/airflow/.local/lib/python3.12/site-packages/airflow/example_dags/example_inlet_event_extra.py
[2026-07-29T18:53:07.811+0000] {logging_mixin.py:190} INFO - [2026-07-29T18:53:07.811+0000] {dag.py:3211} INFO - Sync 2 DAGs
[2026-07-29T18:53:07.820+0000] {logging_mixin.py:190} INFO - [2026-07-29T18:53:07.820+0000] {dag.py:4138} INFO - Setting next_dagrun for read_dataset_event to 2026-07-28 00:00:00+00:00, run_after=2026-07-29 00:00:00+00:00
[2026-07-29T18:53:07.821+0000] {logging_mixin.py:190} INFO - [2026-07-29T18:53:07.821+0000] {dag.py:4138} INFO - Setting next_dagrun for read_dataset_event_from_classic to 2026-07-28 00:00:00+00:00, run_after=2026-07-29 00:00:00+00:00
[2026-07-29T18:53:07.827+0000] {processor.py:208} INFO - Processing /home/airflow/.local/lib/python3.12/site-packages/airflow/example_dags/example_inlet_event_extra.py took 0.199 seconds
[2026-07-29T18:53:37.844+0000] {processor.py:186} INFO - Started process (PID=23746) to work on /home/airflow/.local/lib/python3.12/site-packages/airflow/example_dags/example_inlet_event_extra.py
[2026-07-29T18:53:37.844+0000] {processor.py:914} INFO - Processing file /home/airflow/.local/lib/python3.12/site-packages/airflow/example_dags/example_inlet_event_extra.py for tasks to queue
[2026-07-29T18:53:37.845+0000] {logging_mixin.py:190} INFO - [2026-07-29T18:53:37.845+0000] {dagbag.py:587} INFO - Filling up the DagBag from /home/airflow/.local/lib/python3.12/site-packages/airflow/example_dags/example_inlet_event_extra.py
[2026-07-29T18:53:38.032+0000] {processor.py:925} INFO - DAG(s) 'read_dataset_event_from_classic', 'read_dataset_event' retrieved from /home/airflow/.local/lib/python3.12/site-packages/airflow/example_dags/example_inlet_event_extra.py
[2026-07-29T18:53:38.041+0000] {logging_mixin.py:190} INFO - [2026-07-29T18:53:38.041+0000] {dag.py:3211} INFO - Sync 2 DAGs
[2026-07-29T18:53:38.049+0000] {logging_mixin.py:190} INFO - [2026-07-29T18:53:38.049+0000] {dag.py:4138} INFO - Setting next_dagrun for read_dataset_event to 2026-07-28 00:00:00+00:00, run_after=2026-07-29 00:00:00+00:00
[2026-07-29T18:53:38.051+0000] {logging_mixin.py:190} INFO - [2026-07-29T18:53:38.051+0000] {dag.py:4138} INFO - Setting next_dagrun for read_dataset_event_from_classic to 2026-07-28 00:00:00+00:00, run_after=2026-07-29 00:00:00+00:00
[2026-07-29T18:53:38.057+0000] {processor.py:208} INFO - Processing /home/airflow/.local/lib/python3.12/site-packages/airflow/example_dags/example_inlet_event_extra.py took 0.216 seconds
[2026-07-29T18:54:09.082+0000] {processor.py:186} INFO - Started process (PID=23812) to work on /home/airflow/.local/lib/python3.12/site-packages/airflow/example_dags/example_inlet_event_extra.py
[2026-07-29T18:54:09.083+0000] {processor.py:914} INFO - Processing file /home/airflow/.local/lib/python3.12/site-packages/airflow/example_dags/example_inlet_event_extra.py for tasks to queue
[2026-07-29T18:54:09.085+0000] {logging_mixin.py:190} INFO - [2026-07-29T18:54:09.085+0000] {dagbag.py:587} INFO - Filling up the DagBag from /home/airflow/.local/lib/python3.12/site-packages/airflow/example_dags/example_inlet_event_extra.py
[2026-07-29T18:54:09.156+0000] {processor.py:925} INFO - DAG(s) 'read_dataset_event', 'read_dataset_event_from_classic' retrieved from /home/airflow/.local/lib/python3.12/site-packages/airflow/example_dags/example_inlet_event_extra.py
[2026-07-29T18:54:09.166+0000] {logging_mixin.py:190} INFO - [2026-07-29T18:54:09.166+0000] {dag.py:3211} INFO - Sync 2 DAGs
[2026-07-29T18:54:09.175+0000] {logging_mixin.py:190} INFO - [2026-07-29T18:54:09.175+0000] {dag.py:4138} INFO - Setting next_dagrun for read_dataset_event to 2026-07-28 00:00:00+00:00, run_after=2026-07-29 00:00:00+00:00
[2026-07-29T18:54:09.176+0000] {logging_mixin.py:190} INFO - [2026-07-29T18:54:09.176+0000] {dag.py:4138} INFO - Setting next_dagrun for read_dataset_event_from_classic to 2026-07-28 00:00:00+00:00, run_after=2026-07-29 00:00:00+00:00
[2026-07-29T18:54:09.181+0000] {processor.py:208} INFO - Processing /home/airflow/.local/lib/python3.12/site-packages/airflow/example_dags/example_inlet_event_extra.py took 0.104 seconds
[2026-07-29T18:54:40.030+0000] {processor.py:186} INFO - Started process (PID=23878) to work on /home/airflow/.local/lib/python3.12/site-packages/airflow/example_dags/example_inlet_event_extra.py
[2026-07-29T18:54:40.031+0000] {processor.py:914} INFO - Processing file /home/airflow/.local/lib/python3.12/site-packages/airflow/example_dags/example_inlet_event_extra.py for tasks to queue
[2026-07-29T18:54:40.033+0000] {logging_mixin.py:190} INFO - [2026-07-29T18:54:40.032+0000] {dagbag.py:587} INFO - Filling up the DagBag from /home/airflow/.local/lib/python3.12/site-packages/airflow/example_dags/example_inlet_event_extra.py
[2026-07-29T18:54:40.114+0000] {processor.py:925} INFO - DAG(s) 'read_dataset_event', 'read_dataset_event_from_classic' retrieved from /home/airflow/.local/lib/python3.12/site-packages/airflow/example_dags/example_inlet_event_extra.py
[2026-07-29T18:54:40.122+0000] {logging_mixin.py:190} INFO - [2026-07-29T18:54:40.122+0000] {dag.py:3211} INFO - Sync 2 DAGs
[2026-07-29T18:54:40.131+0000] {logging_mixin.py:190} INFO - [2026-07-29T18:54:40.131+0000] {dag.py:4138} INFO - Setting next_dagrun for read_dataset_event to 2026-07-28 00:00:00+00:00, run_after=2026-07-29 00:00:00+00:00
[2026-07-29T18:54:40.132+0000] {logging_mixin.py:190} INFO - [2026-07-29T18:54:40.132+0000] {dag.py:4138} INFO - Setting next_dagrun for read_dataset_event_from_classic to 2026-07-28 00:00:00+00:00, run_after=2026-07-29 00:00:00+00:00
[2026-07-29T18:54:40.137+0000] {processor.py:208} INFO - Processing /home/airflow/.local/lib/python3.12/site-packages/airflow/example_dags/example_inlet_event_extra.py took 0.114 seconds
[2026-07-29T18:55:11.111+0000] {processor.py:186} INFO - Started process (PID=23944) to work on /home/airflow/.local/lib/python3.12/site-packages/airflow/example_dags/example_inlet_event_extra.py
[2026-07-29T18:55:11.111+0000] {processor.py:914} INFO - Processing file /home/airflow/.local/lib/python3.12/site-packages/airflow/example_dags/example_inlet_event_extra.py for tasks to queue
[2026-07-29T18:55:11.113+0000] {logging_mixin.py:190} INFO - [2026-07-29T18:55:11.113+0000] {dagbag.py:587} INFO - Filling up the DagBag from /home/airflow/.local/lib/python3.12/site-packages/airflow/example_dags/example_inlet_event_extra.py
[2026-07-29T18:55:11.175+0000] {processor.py:925} INFO - DAG(s) 'read_dataset_event', 'read_dataset_event_from_classic' retrieved from /home/airflow/.local/lib/python3.12/site-packages/airflow/example_dags/example_inlet_event_extra.py
[2026-07-29T18:55:11.186+0000] {logging_mixin.py:190} INFO - [2026-07-29T18:55:11.186+0000] {dag.py:3211} INFO - Sync 2 DAGs
[2026-07-29T18:55:11.196+0000] {logging_mixin.py:190} INFO - [2026-07-29T18:55:11.196+0000] {dag.py:4138} INFO - Setting next_dagrun for read_dataset_event to 2026-07-28 00:00:00+00:00, run_after=2026-07-29 00:00:00+00:00
[2026-07-29T18:55:11.198+0000] {logging_mixin.py:190} INFO - [2026-07-29T18:55:11.198+0000] {dag.py:4138} INFO - Setting next_dagrun for read_dataset_event_from_classic to 2026-07-28 00:00:00+00:00, run_after=2026-07-29 00:00:00+00:00
[2026-07-29T18:55:11.205+0000] {processor.py:208} INFO - Processing /home/airflow/.local/lib/python3.12/site-packages/airflow/example_dags/example_inlet_event_extra.py took 0.098 seconds
[2026-07-29T18:55:41.296+0000] {processor.py:186} INFO - Started process (PID=24010) to work on /home/airflow/.local/lib/python3.12/site-packages/airflow/example_dags/example_inlet_event_extra.py
[2026-07-29T18:55:41.297+0000] {processor.py:914} INFO - Processing file /home/airflow/.local/lib/python3.12/site-packages/airflow/example_dags/example_inlet_event_extra.py for tasks to queue
[2026-07-29T18:55:41.299+0000] {logging_mixin.py:190} INFO - [2026-07-29T18:55:41.298+0000] {dagbag.py:587} INFO - Filling up the DagBag from /home/airflow/.local/lib/python3.12/site-packages/airflow/example_dags/example_inlet_event_extra.py
[2026-07-29T18:55:41.384+0000] {processor.py:925} INFO - DAG(s) 'read_dataset_event_from_classic', 'read_dataset_event' retrieved from /home/airflow/.local/lib/python3.12/site-packages/airflow/example_dags/example_inlet_event_extra.py
[2026-07-29T18:55:41.393+0000] {logging_mixin.py:190} INFO - [2026-07-29T18:55:41.393+0000] {dag.py:3211} INFO - Sync 2 DAGs
[2026-07-29T18:55:41.402+0000] {logging_mixin.py:190} INFO - [2026-07-29T18:55:41.402+0000] {dag.py:4138} INFO - Setting next_dagrun for read_dataset_event to 2026-07-28 00:00:00+00:00, run_after=2026-07-29 00:00:00+00:00
[2026-07-29T18:55:41.404+0000] {logging_mixin.py:190} INFO - [2026-07-29T18:55:41.404+0000] {dag.py:4138} INFO - Setting next_dagrun for read_dataset_event_from_classic to 2026-07-28 00:00:00+00:00, run_after=2026-07-29 00:00:00+00:00
[2026-07-29T18:55:41.409+0000] {processor.py:208} INFO - Processing /home/airflow/.local/lib/python3.12/site-packages/airflow/example_dags/example_inlet_event_extra.py took 0.118 seconds
[2026-07-29T18:56:12.403+0000] {processor.py:186} INFO - Started process (PID=24076) to work on /home/airflow/.local/lib/python3.12/site-packages/airflow/example_dags/example_inlet_event_extra.py
[2026-07-29T18:56:12.403+0000] {processor.py:914} INFO - Processing file /home/airflow/.local/lib/python3.12/site-packages/airflow/example_dags/example_inlet_event_extra.py for tasks to queue
[2026-07-29T18:56:12.405+0000] {logging_mixin.py:190} INFO - [2026-07-29T18:56:12.405+0000] {dagbag.py:587} INFO - Filling up the DagBag from /home/airflow/.local/lib/python3.12/site-packages/airflow/example_dags/example_inlet_event_extra.py
[2026-07-29T18:56:12.468+0000] {processor.py:925} INFO - DAG(s) 'read_dataset_event', 'read_dataset_event_from_classic' retrieved from /home/airflow/.local/lib/python3.12/site-packages/airflow/example_dags/example_inlet_event_extra.py
[2026-07-29T18:56:12.476+0000] {logging_mixin.py:190} INFO - [2026-07-29T18:56:12.476+0000] {dag.py:3211} INFO - Sync 2 DAGs
[2026-07-29T18:56:12.484+0000] {logging_mixin.py:190} INFO - [2026-07-29T18:56:12.484+0000] {dag.py:4138} INFO - Setting next_dagrun for read_dataset_event to 2026-07-28 00:00:00+00:00, run_after=2026-07-29 00:00:00+00:00
[2026-07-29T18:56:12.486+0000] {logging_mixin.py:190} INFO - [2026-07-29T18:56:12.486+0000] {dag.py:4138} INFO - Setting next_dagrun for read_dataset_event_from_classic to 2026-07-28 00:00:00+00:00, run_after=2026-07-29 00:00:00+00:00
[2026-07-29T18:56:12.491+0000] {processor.py:208} INFO - Processing /home/airflow/.local/lib/python3.12/site-packages/airflow/example_dags/example_inlet_event_extra.py took 0.092 seconds
[2026-07-29T18:56:42.600+0000] {processor.py:186} INFO - Started process (PID=24142) to work on /home/airflow/.local/lib/python3.12/site-packages/airflow/example_dags/example_inlet_event_extra.py
[2026-07-29T18:56:42.601+0000] {processor.py:914} INFO - Processing file /home/airflow/.local/lib/python3.12/site-packages/airflow/example_dags/example_inlet_event_extra.py for tasks to queue
[2026-07-29T18:56:42.603+0000] {logging_mixin.py:190} INFO - [2026-07-29T18:56:42.602+0000] {dagbag.py:587} INFO - Filling up the DagBag from /home/airflow/.local/lib/python3.12/site-packages/airflow/example_dags/example_inlet_event_extra.py
[2026-07-29T18:56:42.665+0000] {processor.py:925} INFO - DAG(s) 'read_dataset_event_from_classic', 'read_dataset_event' retrieved from /home/airflow/.local/lib/python3.12/site-packages/airflow/example_dags/example_inlet_event_extra.py
[2026-07-29T18:56:42.673+0000] {logging_mixin.py:190} INFO - [2026-07-29T18:56:42.673+0000] {dag.py:3211} INFO - Sync 2 DAGs
[2026-07-29T18:56:42.681+0000] {logging_mixin.py:190} INFO - [2026-07-29T18:56:42.681+0000] {dag.py:4138} INFO - Setting next_dagrun for read_dataset_event to 2026-07-28 00:00:00+00:00, run_after=2026-07-29 00:00:00+00:00
[2026-07-29T18:56:42.683+0000] {logging_mixin.py:190} INFO - [2026-07-29T18:56:42.683+0000] {dag.py:4138} INFO - Setting next_dagrun for read_dataset_event_from_classic to 2026-07-28 00:00:00+00:00, run_after=2026-07-29 00:00:00+00:00
[2026-07-29T18:56:42.688+0000] {processor.py:208} INFO - Processing /home/airflow/.local/lib/python3.12/site-packages/airflow/example_dags/example_inlet_event_extra.py took 0.093 seconds
[2026-07-29T18:57:12.747+0000] {processor.py:186} INFO - Started process (PID=24208) to work on /home/airflow/.local/lib/python3.12/site-packages/airflow/example_dags/example_inlet_event_extra.py
[2026-07-29T18:57:12.748+0000] {processor.py:914} INFO - Processing file /home/airflow/.local/lib/python3.12/site-packages/airflow/example_dags/example_inlet_event_extra.py for tasks to queue
[2026-07-29T18:57:12.750+0000] {logging_mixin.py:190} INFO - [2026-07-29T18:57:12.750+0000] {dagbag.py:587} INFO - Filling up the DagBag from /home/airflow/.local/lib/python3.12/site-packages/airflow/example_dags/example_inlet_event_extra.py
[2026-07-29T18:57:12.811+0000] {processor.py:925} INFO - DAG(s) 'read_dataset_event_from_classic', 'read_dataset_event' retrieved from /home/airflow/.local/lib/python3.12/site-packages/airflow/example_dags/example_inlet_event_extra.py
[2026-07-29T18:57:12.819+0000] {logging_mixin.py:190} INFO - [2026-07-29T18:57:12.819+0000] {dag.py:3211} INFO - Sync 2 DAGs
[2026-07-29T18:57:12.828+0000] {logging_mixin.py:190} INFO - [2026-07-29T18:57:12.828+0000] {dag.py:4138} INFO - Setting next_dagrun for read_dataset_event to 2026-07-28 00:00:00+00:00, run_after=2026-07-29 00:00:00+00:00
[2026-07-29T18:57:12.829+0000] {logging_mixin.py:190} INFO - [2026-07-29T18:57:12.829+0000] {dag.py:4138} INFO - Setting next_dagrun for read_dataset_event_from_classic to 2026-07-28 00:00:00+00:00, run_after=2026-07-29 00:00:00+00:00
[2026-07-29T18:57:12.834+0000] {processor.py:208} INFO - Processing /home/airflow/.local/lib/python3.12/site-packages/airflow/example_dags/example_inlet_event_extra.py took 0.092 seconds
[2026-07-29T18:57:42.878+0000] {processor.py:186} INFO - Started process (PID=24274) to work on /home/airflow/.local/lib/python3.12/site-packages/airflow/example_dags/example_inlet_event_extra.py
[2026-07-29T18:57:42.879+0000] {processor.py:914} INFO - Processing file /home/airflow/.local/lib/python3.12/site-packages/airflow/example_dags/example_inlet_event_extra.py for tasks to queue
[2026-07-29T18:57:42.881+0000] {logging_mixin.py:190} INFO - [2026-07-29T18:57:42.881+0000] {dagbag.py:587} INFO - Filling up the DagBag from /home/airflow/.local/lib/python3.12/site-packages/airflow/example_dags/example_inlet_event_extra.py
[2026-07-29T18:57:42.942+0000] {processor.py:925} INFO - DAG(s) 'read_dataset_event_from_classic', 'read_dataset_event' retrieved from /home/airflow/.local/lib/python3.12/site-packages/airflow/example_dags/example_inlet_event_extra.py
[2026-07-29T18:57:42.951+0000] {logging_mixin.py:190} INFO - [2026-07-29T18:57:42.951+0000] {dag.py:3211} INFO - Sync 2 DAGs
[2026-07-29T18:57:42.959+0000] {logging_mixin.py:190} INFO - [2026-07-29T18:57:42.959+0000] {dag.py:4138} INFO - Setting next_dagrun for read_dataset_event to 2026-07-28 00:00:00+00:00, run_after=2026-07-29 00:00:00+00:00
[2026-07-29T18:57:42.961+0000] {logging_mixin.py:190} INFO - [2026-07-29T18:57:42.961+0000] {dag.py:4138} INFO - Setting next_dagrun for read_dataset_event_from_classic to 2026-07-28 00:00:00+00:00, run_after=2026-07-29 00:00:00+00:00
[2026-07-29T18:57:42.967+0000] {processor.py:208} INFO - Processing /home/airflow/.local/lib/python3.12/site-packages/airflow/example_dags/example_inlet_event_extra.py took 0.095 seconds
[2026-07-29T18:58:13.794+0000] {processor.py:186} INFO - Started process (PID=24340) to work on /home/airflow/.local/lib/python3.12/site-packages/airflow/example_dags/example_inlet_event_extra.py
[2026-07-29T18:58:13.795+0000] {processor.py:914} INFO - Processing file /home/airflow/.local/lib/python3.12/site-packages/airflow/example_dags/example_inlet_event_extra.py for tasks to queue
[2026-07-29T18:58:13.796+0000] {logging_mixin.py:190} INFO - [2026-07-29T18:58:13.796+0000] {dagbag.py:587} INFO - Filling up the DagBag from /home/airflow/.local/lib/python3.12/site-packages/airflow/example_dags/example_inlet_event_extra.py
[2026-07-29T18:58:13.863+0000] {processor.py:925} INFO - DAG(s) 'read_dataset_event', 'read_dataset_event_from_classic' retrieved from /home/airflow/.local/lib/python3.12/site-packages/airflow/example_dags/example_inlet_event_extra.py
[2026-07-29T18:58:13.872+0000] {logging_mixin.py:190} INFO - [2026-07-29T18:58:13.872+0000] {dag.py:3211} INFO - Sync 2 DAGs
[2026-07-29T18:58:13.881+0000] {logging_mixin.py:190} INFO - [2026-07-29T18:58:13.881+0000] {dag.py:4138} INFO - Setting next_dagrun for read_dataset_event to 2026-07-28 00:00:00+00:00, run_after=2026-07-29 00:00:00+00:00
[2026-07-29T18:58:13.883+0000] {logging_mixin.py:190} INFO - [2026-07-29T18:58:13.883+0000] {dag.py:4138} INFO - Setting next_dagrun for read_dataset_event_from_classic to 2026-07-28 00:00:00+00:00, run_after=2026-07-29 00:00:00+00:00
[2026-07-29T18:58:13.888+0000] {processor.py:208} INFO - Processing /home/airflow/.local/lib/python3.12/site-packages/airflow/example_dags/example_inlet_event_extra.py took 0.098 seconds
[2026-07-29T18:58:44.750+0000] {processor.py:186} INFO - Started process (PID=24406) to work on /home/airflow/.local/lib/python3.12/site-packages/airflow/example_dags/example_inlet_event_extra.py
[2026-07-29T18:58:44.751+0000] {processor.py:914} INFO - Processing file /home/airflow/.local/lib/python3.12/site-packages/airflow/example_dags/example_inlet_event_extra.py for tasks to queue
[2026-07-29T18:58:44.752+0000] {logging_mixin.py:190} INFO - [2026-07-29T18:58:44.752+0000] {dagbag.py:587} INFO - Filling up the DagBag from /home/airflow/.local/lib/python3.12/site-packages/airflow/example_dags/example_inlet_event_extra.py
[2026-07-29T18:58:44.814+0000] {processor.py:925} INFO - DAG(s) 'read_dataset_event_from_classic', 'read_dataset_event' retrieved from /home/airflow/.local/lib/python3.12/site-packages/airflow/example_dags/example_inlet_event_extra.py
[2026-07-29T18:58:44.822+0000] {logging_mixin.py:190} INFO - [2026-07-29T18:58:44.822+0000] {dag.py:3211} INFO - Sync 2 DAGs
[2026-07-29T18:58:44.830+0000] {logging_mixin.py:190} INFO - [2026-07-29T18:58:44.829+0000] {dag.py:4138} INFO - Setting next_dagrun for read_dataset_event to 2026-07-28 00:00:00+00:00, run_after=2026-07-29 00:00:00+00:00
[2026-07-29T18:58:44.831+0000] {logging_mixin.py:190} INFO - [2026-07-29T18:58:44.831+0000] {dag.py:4138} INFO - Setting next_dagrun for read_dataset_event_from_classic to 2026-07-28 00:00:00+00:00, run_after=2026-07-29 00:00:00+00:00
[2026-07-29T18:58:44.836+0000] {processor.py:208} INFO - Processing /home/airflow/.local/lib/python3.12/site-packages/airflow/example_dags/example_inlet_event_extra.py took 0.092 seconds
[2026-07-29T18:59:15.787+0000] {processor.py:186} INFO - Started process (PID=24472) to work on /home/airflow/.local/lib/python3.12/site-packages/airflow/example_dags/example_inlet_event_extra.py
[2026-07-29T18:59:15.787+0000] {processor.py:914} INFO - Processing file /home/airflow/.local/lib/python3.12/site-packages/airflow/example_dags/example_inlet_event_extra.py for tasks to queue
[2026-07-29T18:59:15.789+0000] {logging_mixin.py:190} INFO - [2026-07-29T18:59:15.789+0000] {dagbag.py:587} INFO - Filling up the DagBag from /home/airflow/.local/lib/python3.12/site-packages/airflow/example_dags/example_inlet_event_extra.py
[2026-07-29T18:59:15.852+0000] {processor.py:925} INFO - DAG(s) 'read_dataset_event', 'read_dataset_event_from_classic' retrieved from /home/airflow/.local/lib/python3.12/site-packages/airflow/example_dags/example_inlet_event_extra.py
[2026-07-29T18:59:15.860+0000] {logging_mixin.py:190} INFO - [2026-07-29T18:59:15.860+0000] {dag.py:3211} INFO - Sync 2 DAGs
[2026-07-29T18:59:15.868+0000] {logging_mixin.py:190} INFO - [2026-07-29T18:59:15.868+0000] {dag.py:4138} INFO - Setting next_dagrun for read_dataset_event to 2026-07-28 00:00:00+00:00, run_after=2026-07-29 00:00:00+00:00
[2026-07-29T18:59:15.869+0000] {logging_mixin.py:190} INFO - [2026-07-29T18:59:15.869+0000] {dag.py:4138} INFO - Setting next_dagrun for read_dataset_event_from_classic to 2026-07-28 00:00:00+00:00, run_after=2026-07-29 00:00:00+00:00
[2026-07-29T18:59:15.874+0000] {processor.py:208} INFO - Processing /home/airflow/.local/lib/python3.12/site-packages/airflow/example_dags/example_inlet_event_extra.py took 0.093 seconds
[2026-07-29T18:59:47.029+0000] {processor.py:186} INFO - Started process (PID=24549) to work on /home/airflow/.local/lib/python3.12/site-packages/airflow/example_dags/example_inlet_event_extra.py
[2026-07-29T18:59:47.029+0000] {processor.py:914} INFO - Processing file /home/airflow/.local/lib/python3.12/site-packages/airflow/example_dags/example_inlet_event_extra.py for tasks to queue
[2026-07-29T18:59:47.031+0000] {logging_mixin.py:190} INFO - [2026-07-29T18:59:47.031+0000] {dagbag.py:587} INFO - Filling up the DagBag from /home/airflow/.local/lib/python3.12/site-packages/airflow/example_dags/example_inlet_event_extra.py
[2026-07-29T18:59:47.093+0000] {processor.py:925} INFO - DAG(s) 'read_dataset_event_from_classic', 'read_dataset_event' retrieved from /home/airflow/.local/lib/python3.12/site-packages/airflow/example_dags/example_inlet_event_extra.py
[2026-07-29T18:59:47.102+0000] {logging_mixin.py:190} INFO - [2026-07-29T18:59:47.102+0000] {dag.py:3211} INFO - Sync 2 DAGs
[2026-07-29T18:59:47.109+0000] {logging_mixin.py:190} INFO - [2026-07-29T18:59:47.109+0000] {dag.py:4138} INFO - Setting next_dagrun for read_dataset_event to 2026-07-28 00:00:00+00:00, run_after=2026-07-29 00:00:00+00:00
[2026-07-29T18:59:47.111+0000] {logging_mixin.py:190} INFO - [2026-07-29T18:59:47.110+0000] {dag.py:4138} INFO - Setting next_dagrun for read_dataset_event_from_classic to 2026-07-28 00:00:00+00:00, run_after=2026-07-29 00:00:00+00:00
[2026-07-29T18:59:47.115+0000] {processor.py:208} INFO - Processing /home/airflow/.local/lib/python3.12/site-packages/airflow/example_dags/example_inlet_event_extra.py took 0.089 seconds
[2026-07-29T19:00:18.073+0000] {processor.py:186} INFO - Started process (PID=24615) to work on /home/airflow/.local/lib/python3.12/site-packages/airflow/example_dags/example_inlet_event_extra.py
[2026-07-29T19:00:18.074+0000] {processor.py:914} INFO - Processing file /home/airflow/.local/lib/python3.12/site-packages/airflow/example_dags/example_inlet_event_extra.py for tasks to queue
[2026-07-29T19:00:18.076+0000] {logging_mixin.py:190} INFO - [2026-07-29T19:00:18.076+0000] {dagbag.py:587} INFO - Filling up the DagBag from /home/airflow/.local/lib/python3.12/site-packages/airflow/example_dags/example_inlet_event_extra.py
[2026-07-29T19:00:18.137+0000] {processor.py:925} INFO - DAG(s) 'read_dataset_event', 'read_dataset_event_from_classic' retrieved from /home/airflow/.local/lib/python3.12/site-packages/airflow/example_dags/example_inlet_event_extra.py
[2026-07-29T19:00:18.146+0000] {logging_mixin.py:190} INFO - [2026-07-29T19:00:18.146+0000] {dag.py:3211} INFO - Sync 2 DAGs
[2026-07-29T19:00:18.157+0000] {logging_mixin.py:190} INFO - [2026-07-29T19:00:18.157+0000] {dag.py:4138} INFO - Setting next_dagrun for read_dataset_event to 2026-07-28 00:00:00+00:00, run_after=2026-07-29 00:00:00+00:00
[2026-07-29T19:00:18.159+0000] {logging_mixin.py:190} INFO - [2026-07-29T19:00:18.159+0000] {dag.py:4138} INFO - Setting next_dagrun for read_dataset_event_from_classic to 2026-07-28 00:00:00+00:00, run_after=2026-07-29 00:00:00+00:00
[2026-07-29T19:00:18.166+0000] {processor.py:208} INFO - Processing /home/airflow/.local/lib/python3.12/site-packages/airflow/example_dags/example_inlet_event_extra.py took 0.096 seconds
[2026-07-29T19:00:48.240+0000] {processor.py:186} INFO - Started process (PID=24681) to work on /home/airflow/.local/lib/python3.12/site-packages/airflow/example_dags/example_inlet_event_extra.py
[2026-07-29T19:00:48.241+0000] {processor.py:914} INFO - Processing file /home/airflow/.local/lib/python3.12/site-packages/airflow/example_dags/example_inlet_event_extra.py for tasks to queue
[2026-07-29T19:00:48.244+0000] {logging_mixin.py:190} INFO - [2026-07-29T19:00:48.244+0000] {dagbag.py:587} INFO - Filling up the DagBag from /home/airflow/.local/lib/python3.12/site-packages/airflow/example_dags/example_inlet_event_extra.py
[2026-07-29T19:00:48.300+0000] {processor.py:925} INFO - DAG(s) 'read_dataset_event', 'read_dataset_event_from_classic' retrieved from /home/airflow/.local/lib/python3.12/site-packages/airflow/example_dags/example_inlet_event_extra.py
[2026-07-29T19:00:48.309+0000] {logging_mixin.py:190} INFO - [2026-07-29T19:00:48.309+0000] {dag.py:3211} INFO - Sync 2 DAGs
[2026-07-29T19:00:48.318+0000] {logging_mixin.py:190} INFO - [2026-07-29T19:00:48.318+0000] {dag.py:4138} INFO - Setting next_dagrun for read_dataset_event to 2026-07-28 00:00:00+00:00, run_after=2026-07-29 00:00:00+00:00
[2026-07-29T19:00:48.319+0000] {logging_mixin.py:190} INFO - [2026-07-29T19:00:48.319+0000] {dag.py:4138} INFO - Setting next_dagrun for read_dataset_event_from_classic to 2026-07-28 00:00:00+00:00, run_after=2026-07-29 00:00:00+00:00
[2026-07-29T19:00:48.325+0000] {processor.py:208} INFO - Processing /home/airflow/.local/lib/python3.12/site-packages/airflow/example_dags/example_inlet_event_extra.py took 0.088 seconds
[2026-07-29T19:01:18.414+0000] {processor.py:186} INFO - Started process (PID=24747) to work on /home/airflow/.local/lib/python3.12/site-packages/airflow/example_dags/example_inlet_event_extra.py
[2026-07-29T19:01:18.415+0000] {processor.py:914} INFO - Processing file /home/airflow/.local/lib/python3.12/site-packages/airflow/example_dags/example_inlet_event_extra.py for tasks to queue
[2026-07-29T19:01:18.416+0000] {logging_mixin.py:190} INFO - [2026-07-29T19:01:18.416+0000] {dagbag.py:587} INFO - Filling up the DagBag from /home/airflow/.local/lib/python3.12/site-packages/airflow/example_dags/example_inlet_event_extra.py
[2026-07-29T19:01:18.473+0000] {processor.py:925} INFO - DAG(s) 'read_dataset_event_from_classic', 'read_dataset_event' retrieved from /home/airflow/.local/lib/python3.12/site-packages/airflow/example_dags/example_inlet_event_extra.py
[2026-07-29T19:01:18.481+0000] {logging_mixin.py:190} INFO - [2026-07-29T19:01:18.480+0000] {dag.py:3211} INFO - Sync 2 DAGs
[2026-07-29T19:01:18.488+0000] {logging_mixin.py:190} INFO - [2026-07-29T19:01:18.488+0000] {dag.py:4138} INFO - Setting next_dagrun for read_dataset_event to 2026-07-28 00:00:00+00:00, run_after=2026-07-29 00:00:00+00:00
[2026-07-29T19:01:18.489+0000] {logging_mixin.py:190} INFO - [2026-07-29T19:01:18.489+0000] {dag.py:4138} INFO - Setting next_dagrun for read_dataset_event_from_classic to 2026-07-28 00:00:00+00:00, run_after=2026-07-29 00:00:00+00:00
[2026-07-29T19:01:18.494+0000] {processor.py:208} INFO - Processing /home/airflow/.local/lib/python3.12/site-packages/airflow/example_dags/example_inlet_event_extra.py took 0.082 seconds
[2026-07-29T19:01:49.357+0000] {processor.py:186} INFO - Started process (PID=24813) to work on /home/airflow/.local/lib/python3.12/site-packages/airflow/example_dags/example_inlet_event_extra.py
[2026-07-29T19:01:49.358+0000] {processor.py:914} INFO - Processing file /home/airflow/.local/lib/python3.12/site-packages/airflow/example_dags/example_inlet_event_extra.py for tasks to queue
[2026-07-29T19:01:49.359+0000] {logging_mixin.py:190} INFO - [2026-07-29T19:01:49.359+0000] {dagbag.py:587} INFO - Filling up the DagBag from /home/airflow/.local/lib/python3.12/site-packages/airflow/example_dags/example_inlet_event_extra.py
[2026-07-29T19:01:49.413+0000] {processor.py:925} INFO - DAG(s) 'read_dataset_event_from_classic', 'read_dataset_event' retrieved from /home/airflow/.local/lib/python3.12/site-packages/airflow/example_dags/example_inlet_event_extra.py
[2026-07-29T19:01:49.421+0000] {logging_mixin.py:190} INFO - [2026-07-29T19:01:49.421+0000] {dag.py:3211} INFO - Sync 2 DAGs
[2026-07-29T19:01:49.428+0000] {logging_mixin.py:190} INFO - [2026-07-29T19:01:49.428+0000] {dag.py:4138} INFO - Setting next_dagrun for read_dataset_event to 2026-07-28 00:00:00+00:00, run_after=2026-07-29 00:00:00+00:00
[2026-07-29T19:01:49.429+0000] {logging_mixin.py:190} INFO - [2026-07-29T19:01:49.429+0000] {dag.py:4138} INFO - Setting next_dagrun for read_dataset_event_from_classic to 2026-07-28 00:00:00+00:00, run_after=2026-07-29 00:00:00+00:00
[2026-07-29T19:01:49.434+0000] {processor.py:208} INFO - Processing /home/airflow/.local/lib/python3.12/site-packages/airflow/example_dags/example_inlet_event_extra.py took 0.079 seconds
[2026-07-29T19:02:20.393+0000] {processor.py:186} INFO - Started process (PID=24879) to work on /home/airflow/.local/lib/python3.12/site-packages/airflow/example_dags/example_inlet_event_extra.py
[2026-07-29T19:02:20.393+0000] {processor.py:914} INFO - Processing file /home/airflow/.local/lib/python3.12/site-packages/airflow/example_dags/example_inlet_event_extra.py for tasks to queue
[2026-07-29T19:02:20.394+0000] {logging_mixin.py:190} INFO - [2026-07-29T19:02:20.394+0000] {dagbag.py:587} INFO - Filling up the DagBag from /home/airflow/.local/lib/python3.12/site-packages/airflow/example_dags/example_inlet_event_extra.py
[2026-07-29T19:02:20.441+0000] {processor.py:925} INFO - DAG(s) 'read_dataset_event_from_classic', 'read_dataset_event' retrieved from /home/airflow/.local/lib/python3.12/site-packages/airflow/example_dags/example_inlet_event_extra.py
[2026-07-29T19:02:20.448+0000] {logging_mixin.py:190} INFO - [2026-07-29T19:02:20.448+0000] {dag.py:3211} INFO - Sync 2 DAGs
[2026-07-29T19:02:20.457+0000] {logging_mixin.py:190} INFO - [2026-07-29T19:02:20.456+0000] {dag.py:4138} INFO - Setting next_dagrun for read_dataset_event to 2026-07-28 00:00:00+00:00, run_after=2026-07-29 00:00:00+00:00
[2026-07-29T19:02:20.458+0000] {logging_mixin.py:190} INFO - [2026-07-29T19:02:20.458+0000] {dag.py:4138} INFO - Setting next_dagrun for read_dataset_event_from_classic to 2026-07-28 00:00:00+00:00, run_after=2026-07-29 00:00:00+00:00
[2026-07-29T19:02:20.463+0000] {processor.py:208} INFO - Processing /home/airflow/.local/lib/python3.12/site-packages/airflow/example_dags/example_inlet_event_extra.py took 0.072 seconds
[2026-07-29T19:02:51.278+0000] {processor.py:186} INFO - Started process (PID=24946) to work on /home/airflow/.local/lib/python3.12/site-packages/airflow/example_dags/example_inlet_event_extra.py
[2026-07-29T19:02:51.279+0000] {processor.py:914} INFO - Processing file /home/airflow/.local/lib/python3.12/site-packages/airflow/example_dags/example_inlet_event_extra.py for tasks to queue
[2026-07-29T19:02:51.280+0000] {logging_mixin.py:190} INFO - [2026-07-29T19:02:51.280+0000] {dagbag.py:587} INFO - Filling up the DagBag from /home/airflow/.local/lib/python3.12/site-packages/airflow/example_dags/example_inlet_event_extra.py
[2026-07-29T19:02:51.334+0000] {processor.py:925} INFO - DAG(s) 'read_dataset_event', 'read_dataset_event_from_classic' retrieved from /home/airflow/.local/lib/python3.12/site-packages/airflow/example_dags/example_inlet_event_extra.py
[2026-07-29T19:02:51.342+0000] {logging_mixin.py:190} INFO - [2026-07-29T19:02:51.341+0000] {dag.py:3211} INFO - Sync 2 DAGs
[2026-07-29T19:02:51.349+0000] {logging_mixin.py:190} INFO - [2026-07-29T19:02:51.349+0000] {dag.py:4138} INFO - Setting next_dagrun for read_dataset_event to 2026-07-28 00:00:00+00:00, run_after=2026-07-29 00:00:00+00:00
[2026-07-29T19:02:51.350+0000] {logging_mixin.py:190} INFO - [2026-07-29T19:02:51.350+0000] {dag.py:4138} INFO - Setting next_dagrun for read_dataset_event_from_classic to 2026-07-28 00:00:00+00:00, run_after=2026-07-29 00:00:00+00:00
[2026-07-29T19:02:51.355+0000] {processor.py:208} INFO - Processing /home/airflow/.local/lib/python3.12/site-packages/airflow/example_dags/example_inlet_event_extra.py took 0.079 seconds
[2026-07-29T19:03:21.569+0000] {processor.py:186} INFO - Started process (PID=25012) to work on /home/airflow/.local/lib/python3.12/site-packages/airflow/example_dags/example_inlet_event_extra.py
[2026-07-29T19:03:21.570+0000] {processor.py:914} INFO - Processing file /home/airflow/.local/lib/python3.12/site-packages/airflow/example_dags/example_inlet_event_extra.py for tasks to queue
[2026-07-29T19:03:21.571+0000] {logging_mixin.py:190} INFO - [2026-07-29T19:03:21.571+0000] {dagbag.py:587} INFO - Filling up the DagBag from /home/airflow/.local/lib/python3.12/site-packages/airflow/example_dags/example_inlet_event_extra.py
[2026-07-29T19:03:21.629+0000] {processor.py:925} INFO - DAG(s) 'read_dataset_event', 'read_dataset_event_from_classic' retrieved from /home/airflow/.local/lib/python3.12/site-packages/airflow/example_dags/example_inlet_event_extra.py
[2026-07-29T19:03:21.637+0000] {logging_mixin.py:190} INFO - [2026-07-29T19:03:21.637+0000] {dag.py:3211} INFO - Sync 2 DAGs
[2026-07-29T19:03:21.645+0000] {logging_mixin.py:190} INFO - [2026-07-29T19:03:21.645+0000] {dag.py:4138} INFO - Setting next_dagrun for read_dataset_event to 2026-07-28 00:00:00+00:00, run_after=2026-07-29 00:00:00+00:00
[2026-07-29T19:03:21.646+0000] {logging_mixin.py:190} INFO - [2026-07-29T19:03:21.646+0000] {dag.py:4138} INFO - Setting next_dagrun for read_dataset_event_from_classic to 2026-07-28 00:00:00+00:00, run_after=2026-07-29 00:00:00+00:00
[2026-07-29T19:03:21.651+0000] {processor.py:208} INFO - Processing /home/airflow/.local/lib/python3.12/site-packages/airflow/example_dags/example_inlet_event_extra.py took 0.084 seconds
[2026-07-29T19:03:51.670+0000] {processor.py:186} INFO - Started process (PID=25078) to work on /home/airflow/.local/lib/python3.12/site-packages/airflow/example_dags/example_inlet_event_extra.py
[2026-07-29T19:03:51.671+0000] {processor.py:914} INFO - Processing file /home/airflow/.local/lib/python3.12/site-packages/airflow/example_dags/example_inlet_event_extra.py for tasks to queue
[2026-07-29T19:03:51.672+0000] {logging_mixin.py:190} INFO - [2026-07-29T19:03:51.672+0000] {dagbag.py:587} INFO - Filling up the DagBag from /home/airflow/.local/lib/python3.12/site-packages/airflow/example_dags/example_inlet_event_extra.py
[2026-07-29T19:03:51.728+0000] {processor.py:925} INFO - DAG(s) 'read_dataset_event', 'read_dataset_event_from_classic' retrieved from /home/airflow/.local/lib/python3.12/site-packages/airflow/example_dags/example_inlet_event_extra.py
[2026-07-29T19:03:51.737+0000] {logging_mixin.py:190} INFO - [2026-07-29T19:03:51.737+0000] {dag.py:3211} INFO - Sync 2 DAGs
[2026-07-29T19:03:51.745+0000] {logging_mixin.py:190} INFO - [2026-07-29T19:03:51.745+0000] {dag.py:4138} INFO - Setting next_dagrun for read_dataset_event to 2026-07-28 00:00:00+00:00, run_after=2026-07-29 00:00:00+00:00
[2026-07-29T19:03:51.746+0000] {logging_mixin.py:190} INFO - [2026-07-29T19:03:51.746+0000] {dag.py:4138} INFO - Setting next_dagrun for read_dataset_event_from_classic to 2026-07-28 00:00:00+00:00, run_after=2026-07-29 00:00:00+00:00
[2026-07-29T19:03:51.751+0000] {processor.py:208} INFO - Processing /home/airflow/.local/lib/python3.12/site-packages/airflow/example_dags/example_inlet_event_extra.py took 0.084 seconds
[2026-07-29T19:04:22.533+0000] {processor.py:186} INFO - Started process (PID=25144) to work on /home/airflow/.local/lib/python3.12/site-packages/airflow/example_dags/example_inlet_event_extra.py
[2026-07-29T19:04:22.534+0000] {processor.py:914} INFO - Processing file /home/airflow/.local/lib/python3.12/site-packages/airflow/example_dags/example_inlet_event_extra.py for tasks to queue
[2026-07-29T19:04:22.536+0000] {logging_mixin.py:190} INFO - [2026-07-29T19:04:22.536+0000] {dagbag.py:587} INFO - Filling up the DagBag from /home/airflow/.local/lib/python3.12/site-packages/airflow/example_dags/example_inlet_event_extra.py
[2026-07-29T19:04:22.598+0000] {processor.py:925} INFO - DAG(s) 'read_dataset_event_from_classic', 'read_dataset_event' retrieved from /home/airflow/.local/lib/python3.12/site-packages/airflow/example_dags/example_inlet_event_extra.py
[2026-07-29T19:04:22.608+0000] {logging_mixin.py:190} INFO - [2026-07-29T19:04:22.608+0000] {dag.py:3211} INFO - Sync 2 DAGs
[2026-07-29T19:04:22.618+0000] {logging_mixin.py:190} INFO - [2026-07-29T19:04:22.618+0000] {dag.py:4138} INFO - Setting next_dagrun for read_dataset_event to 2026-07-28 00:00:00+00:00, run_after=2026-07-29 00:00:00+00:00
[2026-07-29T19:04:22.620+0000] {logging_mixin.py:190} INFO - [2026-07-29T19:04:22.620+0000] {dag.py:4138} INFO - Setting next_dagrun for read_dataset_event_from_classic to 2026-07-28 00:00:00+00:00, run_after=2026-07-29 00:00:00+00:00
[2026-07-29T19:04:22.627+0000] {processor.py:208} INFO - Processing /home/airflow/.local/lib/python3.12/site-packages/airflow/example_dags/example_inlet_event_extra.py took 0.097 seconds
[2026-07-29T19:04:53.610+0000] {processor.py:186} INFO - Started process (PID=25210) to work on /home/airflow/.local/lib/python3.12/site-packages/airflow/example_dags/example_inlet_event_extra.py
[2026-07-29T19:04:53.611+0000] {processor.py:914} INFO - Processing file /home/airflow/.local/lib/python3.12/site-packages/airflow/example_dags/example_inlet_event_extra.py for tasks to queue
[2026-07-29T19:04:53.613+0000] {logging_mixin.py:190} INFO - [2026-07-29T19:04:53.612+0000] {dagbag.py:587} INFO - Filling up the DagBag from /home/airflow/.local/lib/python3.12/site-packages/airflow/example_dags/example_inlet_event_extra.py
[2026-07-29T19:04:53.680+0000] {processor.py:925} INFO - DAG(s) 'read_dataset_event', 'read_dataset_event_from_classic' retrieved from /home/airflow/.local/lib/python3.12/site-packages/airflow/example_dags/example_inlet_event_extra.py
[2026-07-29T19:04:53.689+0000] {logging_mixin.py:190} INFO - [2026-07-29T19:04:53.688+0000] {dag.py:3211} INFO - Sync 2 DAGs
[2026-07-29T19:04:53.697+0000] {logging_mixin.py:190} INFO - [2026-07-29T19:04:53.697+0000] {dag.py:4138} INFO - Setting next_dagrun for read_dataset_event to 2026-07-28 00:00:00+00:00, run_after=2026-07-29 00:00:00+00:00
[2026-07-29T19:04:53.698+0000] {logging_mixin.py:190} INFO - [2026-07-29T19:04:53.698+0000] {dag.py:4138} INFO - Setting next_dagrun for read_dataset_event_from_classic to 2026-07-28 00:00:00+00:00, run_after=2026-07-29 00:00:00+00:00
[2026-07-29T19:04:53.704+0000] {processor.py:208} INFO - Processing /home/airflow/.local/lib/python3.12/site-packages/airflow/example_dags/example_inlet_event_extra.py took 0.100 seconds
[2026-07-29T19:05:23.827+0000] {processor.py:186} INFO - Started process (PID=25276) to work on /home/airflow/.local/lib/python3.12/site-packages/airflow/example_dags/example_inlet_event_extra.py
[2026-07-29T19:05:23.828+0000] {processor.py:914} INFO - Processing file /home/airflow/.local/lib/python3.12/site-packages/airflow/example_dags/example_inlet_event_extra.py for tasks to queue
[2026-07-29T19:05:23.829+0000] {logging_mixin.py:190} INFO - [2026-07-29T19:05:23.829+0000] {dagbag.py:587} INFO - Filling up the DagBag from /home/airflow/.local/lib/python3.12/site-packages/airflow/example_dags/example_inlet_event_extra.py
[2026-07-29T19:05:23.906+0000] {processor.py:925} INFO - DAG(s) 'read_dataset_event_from_classic', 'read_dataset_event' retrieved from /home/airflow/.local/lib/python3.12/site-packages/airflow/example_dags/example_inlet_event_extra.py
[2026-07-29T19:05:23.917+0000] {logging_mixin.py:190} INFO - [2026-07-29T19:05:23.916+0000] {dag.py:3211} INFO - Sync 2 DAGs
[2026-07-29T19:05:23.924+0000] {logging_mixin.py:190} INFO - [2026-07-29T19:05:23.924+0000] {dag.py:4138} INFO - Setting next_dagrun for read_dataset_event to 2026-07-28 00:00:00+00:00, run_after=2026-07-29 00:00:00+00:00
[2026-07-29T19:05:23.926+0000] {logging_mixin.py:190} INFO - [2026-07-29T19:05:23.926+0000] {dag.py:4138} INFO - Setting next_dagrun for read_dataset_event_from_classic to 2026-07-28 00:00:00+00:00, run_after=2026-07-29 00:00:00+00:00
[2026-07-29T19:05:23.932+0000] {processor.py:208} INFO - Processing /home/airflow/.local/lib/python3.12/site-packages/airflow/example_dags/example_inlet_event_extra.py took 0.111 seconds
[2026-07-29T19:05:53.950+0000] {processor.py:186} INFO - Started process (PID=25342) to work on /home/airflow/.local/lib/python3.12/site-packages/airflow/example_dags/example_inlet_event_extra.py
[2026-07-29T19:05:53.950+0000] {processor.py:914} INFO - Processing file /home/airflow/.local/lib/python3.12/site-packages/airflow/example_dags/example_inlet_event_extra.py for tasks to queue
[2026-07-29T19:05:53.952+0000] {logging_mixin.py:190} INFO - [2026-07-29T19:05:53.952+0000] {dagbag.py:587} INFO - Filling up the DagBag from /home/airflow/.local/lib/python3.12/site-packages/airflow/example_dags/example_inlet_event_extra.py
[2026-07-29T19:05:54.022+0000] {processor.py:925} INFO - DAG(s) 'read_dataset_event_from_classic', 'read_dataset_event' retrieved from /home/airflow/.local/lib/python3.12/site-packages/airflow/example_dags/example_inlet_event_extra.py
[2026-07-29T19:05:54.031+0000] {logging_mixin.py:190} INFO - [2026-07-29T19:05:54.031+0000] {dag.py:3211} INFO - Sync 2 DAGs
[2026-07-29T19:05:54.041+0000] {logging_mixin.py:190} INFO - [2026-07-29T19:05:54.041+0000] {dag.py:4138} INFO - Setting next_dagrun for read_dataset_event to 2026-07-28 00:00:00+00:00, run_after=2026-07-29 00:00:00+00:00
[2026-07-29T19:05:54.043+0000] {logging_mixin.py:190} INFO - [2026-07-29T19:05:54.043+0000] {dag.py:4138} INFO - Setting next_dagrun for read_dataset_event_from_classic to 2026-07-28 00:00:00+00:00, run_after=2026-07-29 00:00:00+00:00
[2026-07-29T19:05:54.049+0000] {processor.py:208} INFO - Processing /home/airflow/.local/lib/python3.12/site-packages/airflow/example_dags/example_inlet_event_extra.py took 0.102 seconds
[2026-07-29T19:06:24.211+0000] {processor.py:186} INFO - Started process (PID=25408) to work on /home/airflow/.local/lib/python3.12/site-packages/airflow/example_dags/example_inlet_event_extra.py
[2026-07-29T19:06:24.212+0000] {processor.py:914} INFO - Processing file /home/airflow/.local/lib/python3.12/site-packages/airflow/example_dags/example_inlet_event_extra.py for tasks to queue
[2026-07-29T19:06:24.214+0000] {logging_mixin.py:190} INFO - [2026-07-29T19:06:24.213+0000] {dagbag.py:587} INFO - Filling up the DagBag from /home/airflow/.local/lib/python3.12/site-packages/airflow/example_dags/example_inlet_event_extra.py
[2026-07-29T19:06:24.289+0000] {processor.py:925} INFO - DAG(s) 'read_dataset_event_from_classic', 'read_dataset_event' retrieved from /home/airflow/.local/lib/python3.12/site-packages/airflow/example_dags/example_inlet_event_extra.py
[2026-07-29T19:06:24.298+0000] {logging_mixin.py:190} INFO - [2026-07-29T19:06:24.297+0000] {dag.py:3211} INFO - Sync 2 DAGs
[2026-07-29T19:06:24.306+0000] {logging_mixin.py:190} INFO - [2026-07-29T19:06:24.306+0000] {dag.py:4138} INFO - Setting next_dagrun for read_dataset_event to 2026-07-28 00:00:00+00:00, run_after=2026-07-29 00:00:00+00:00
[2026-07-29T19:06:24.307+0000] {logging_mixin.py:190} INFO - [2026-07-29T19:06:24.307+0000] {dag.py:4138} INFO - Setting next_dagrun for read_dataset_event_from_classic to 2026-07-28 00:00:00+00:00, run_after=2026-07-29 00:00:00+00:00
[2026-07-29T19:06:24.312+0000] {processor.py:208} INFO - Processing /home/airflow/.local/lib/python3.12/site-packages/airflow/example_dags/example_inlet_event_extra.py took 0.107 seconds
[2026-07-29T19:06:55.151+0000] {processor.py:186} INFO - Started process (PID=25474) to work on /home/airflow/.local/lib/python3.12/site-packages/airflow/example_dags/example_inlet_event_extra.py
[2026-07-29T19:06:55.152+0000] {processor.py:914} INFO - Processing file /home/airflow/.local/lib/python3.12/site-packages/airflow/example_dags/example_inlet_event_extra.py for tasks to queue
[2026-07-29T19:06:55.153+0000] {logging_mixin.py:190} INFO - [2026-07-29T19:06:55.153+0000] {dagbag.py:587} INFO - Filling up the DagBag from /home/airflow/.local/lib/python3.12/site-packages/airflow/example_dags/example_inlet_event_extra.py
[2026-07-29T19:06:55.216+0000] {processor.py:925} INFO - DAG(s) 'read_dataset_event', 'read_dataset_event_from_classic' retrieved from /home/airflow/.local/lib/python3.12/site-packages/airflow/example_dags/example_inlet_event_extra.py
[2026-07-29T19:06:55.224+0000] {logging_mixin.py:190} INFO - [2026-07-29T19:06:55.224+0000] {dag.py:3211} INFO - Sync 2 DAGs
[2026-07-29T19:06:55.233+0000] {logging_mixin.py:190} INFO - [2026-07-29T19:06:55.233+0000] {dag.py:4138} INFO - Setting next_dagrun for read_dataset_event to 2026-07-28 00:00:00+00:00, run_after=2026-07-29 00:00:00+00:00
[2026-07-29T19:06:55.234+0000] {logging_mixin.py:190} INFO - [2026-07-29T19:06:55.234+0000] {dag.py:4138} INFO - Setting next_dagrun for read_dataset_event_from_classic to 2026-07-28 00:00:00+00:00, run_after=2026-07-29 00:00:00+00:00
[2026-07-29T19:06:55.240+0000] {processor.py:208} INFO - Processing /home/airflow/.local/lib/python3.12/site-packages/airflow/example_dags/example_inlet_event_extra.py took 0.094 seconds
[2026-07-29T19:07:26.204+0000] {processor.py:186} INFO - Started process (PID=25540) to work on /home/airflow/.local/lib/python3.12/site-packages/airflow/example_dags/example_inlet_event_extra.py
[2026-07-29T19:07:26.205+0000] {processor.py:914} INFO - Processing file /home/airflow/.local/lib/python3.12/site-packages/airflow/example_dags/example_inlet_event_extra.py for tasks to queue
[2026-07-29T19:07:26.207+0000] {logging_mixin.py:190} INFO - [2026-07-29T19:07:26.206+0000] {dagbag.py:587} INFO - Filling up the DagBag from /home/airflow/.local/lib/python3.12/site-packages/airflow/example_dags/example_inlet_event_extra.py
[2026-07-29T19:07:26.278+0000] {processor.py:925} INFO - DAG(s) 'read_dataset_event_from_classic', 'read_dataset_event' retrieved from /home/airflow/.local/lib/python3.12/site-packages/airflow/example_dags/example_inlet_event_extra.py
[2026-07-29T19:07:26.287+0000] {logging_mixin.py:190} INFO - [2026-07-29T19:07:26.287+0000] {dag.py:3211} INFO - Sync 2 DAGs
[2026-07-29T19:07:26.295+0000] {logging_mixin.py:190} INFO - [2026-07-29T19:07:26.295+0000] {dag.py:4138} INFO - Setting next_dagrun for read_dataset_event to 2026-07-28 00:00:00+00:00, run_after=2026-07-29 00:00:00+00:00
[2026-07-29T19:07:26.297+0000] {logging_mixin.py:190} INFO - [2026-07-29T19:07:26.297+0000] {dag.py:4138} INFO - Setting next_dagrun for read_dataset_event_from_classic to 2026-07-28 00:00:00+00:00, run_after=2026-07-29 00:00:00+00:00
[2026-07-29T19:07:26.303+0000] {processor.py:208} INFO - Processing /home/airflow/.local/lib/python3.12/site-packages/airflow/example_dags/example_inlet_event_extra.py took 0.103 seconds
[2026-07-29T19:07:57.253+0000] {processor.py:186} INFO - Started process (PID=25606) to work on /home/airflow/.local/lib/python3.12/site-packages/airflow/example_dags/example_inlet_event_extra.py
[2026-07-29T19:07:57.254+0000] {processor.py:914} INFO - Processing file /home/airflow/.local/lib/python3.12/site-packages/airflow/example_dags/example_inlet_event_extra.py for tasks to queue
[2026-07-29T19:07:57.256+0000] {logging_mixin.py:190} INFO - [2026-07-29T19:07:57.256+0000] {dagbag.py:587} INFO - Filling up the DagBag from /home/airflow/.local/lib/python3.12/site-packages/airflow/example_dags/example_inlet_event_extra.py
[2026-07-29T19:07:57.319+0000] {processor.py:925} INFO - DAG(s) 'read_dataset_event_from_classic', 'read_dataset_event' retrieved from /home/airflow/.local/lib/python3.12/site-packages/airflow/example_dags/example_inlet_event_extra.py
[2026-07-29T19:07:57.327+0000] {logging_mixin.py:190} INFO - [2026-07-29T19:07:57.327+0000] {dag.py:3211} INFO - Sync 2 DAGs
[2026-07-29T19:07:57.335+0000] {logging_mixin.py:190} INFO - [2026-07-29T19:07:57.335+0000] {dag.py:4138} INFO - Setting next_dagrun for read_dataset_event to 2026-07-28 00:00:00+00:00, run_after=2026-07-29 00:00:00+00:00
[2026-07-29T19:07:57.336+0000] {logging_mixin.py:190} INFO - [2026-07-29T19:07:57.336+0000] {dag.py:4138} INFO - Setting next_dagrun for read_dataset_event_from_classic to 2026-07-28 00:00:00+00:00, run_after=2026-07-29 00:00:00+00:00
[2026-07-29T19:07:57.341+0000] {processor.py:208} INFO - Processing /home/airflow/.local/lib/python3.12/site-packages/airflow/example_dags/example_inlet_event_extra.py took 0.093 seconds
[2026-07-29T19:08:28.197+0000] {processor.py:186} INFO - Started process (PID=25672) to work on /home/airflow/.local/lib/python3.12/site-packages/airflow/example_dags/example_inlet_event_extra.py
[2026-07-29T19:08:28.198+0000] {processor.py:914} INFO - Processing file /home/airflow/.local/lib/python3.12/site-packages/airflow/example_dags/example_inlet_event_extra.py for tasks to queue
[2026-07-29T19:08:28.201+0000] {logging_mixin.py:190} INFO - [2026-07-29T19:08:28.201+0000] {dagbag.py:587} INFO - Filling up the DagBag from /home/airflow/.local/lib/python3.12/site-packages/airflow/example_dags/example_inlet_event_extra.py
[2026-07-29T19:08:28.278+0000] {processor.py:925} INFO - DAG(s) 'read_dataset_event', 'read_dataset_event_from_classic' retrieved from /home/airflow/.local/lib/python3.12/site-packages/airflow/example_dags/example_inlet_event_extra.py
[2026-07-29T19:08:28.291+0000] {logging_mixin.py:190} INFO - [2026-07-29T19:08:28.291+0000] {dag.py:3211} INFO - Sync 2 DAGs
[2026-07-29T19:08:28.300+0000] {logging_mixin.py:190} INFO - [2026-07-29T19:08:28.300+0000] {dag.py:4138} INFO - Setting next_dagrun for read_dataset_event to 2026-07-28 00:00:00+00:00, run_after=2026-07-29 00:00:00+00:00
[2026-07-29T19:08:28.302+0000] {logging_mixin.py:190} INFO - [2026-07-29T19:08:28.302+0000] {dag.py:4138} INFO - Setting next_dagrun for read_dataset_event_from_classic to 2026-07-28 00:00:00+00:00, run_after=2026-07-29 00:00:00+00:00
[2026-07-29T19:08:28.310+0000] {processor.py:208} INFO - Processing /home/airflow/.local/lib/python3.12/site-packages/airflow/example_dags/example_inlet_event_extra.py took 0.119 seconds
[2026-07-29T19:08:58.470+0000] {processor.py:186} INFO - Started process (PID=25738) to work on /home/airflow/.local/lib/python3.12/site-packages/airflow/example_dags/example_inlet_event_extra.py
[2026-07-29T19:08:58.471+0000] {processor.py:914} INFO - Processing file /home/airflow/.local/lib/python3.12/site-packages/airflow/example_dags/example_inlet_event_extra.py for tasks to queue
[2026-07-29T19:08:58.474+0000] {logging_mixin.py:190} INFO - [2026-07-29T19:08:58.473+0000] {dagbag.py:587} INFO - Filling up the DagBag from /home/airflow/.local/lib/python3.12/site-packages/airflow/example_dags/example_inlet_event_extra.py
[2026-07-29T19:08:58.548+0000] {processor.py:925} INFO - DAG(s) 'read_dataset_event_from_classic', 'read_dataset_event' retrieved from /home/airflow/.local/lib/python3.12/site-packages/airflow/example_dags/example_inlet_event_extra.py
[2026-07-29T19:08:58.559+0000] {logging_mixin.py:190} INFO - [2026-07-29T19:08:58.559+0000] {dag.py:3211} INFO - Sync 2 DAGs
[2026-07-29T19:08:58.572+0000] {logging_mixin.py:190} INFO - [2026-07-29T19:08:58.571+0000] {dag.py:4138} INFO - Setting next_dagrun for read_dataset_event to 2026-07-28 00:00:00+00:00, run_after=2026-07-29 00:00:00+00:00
[2026-07-29T19:08:58.573+0000] {logging_mixin.py:190} INFO - [2026-07-29T19:08:58.573+0000] {dag.py:4138} INFO - Setting next_dagrun for read_dataset_event_from_classic to 2026-07-28 00:00:00+00:00, run_after=2026-07-29 00:00:00+00:00
[2026-07-29T19:08:58.579+0000] {processor.py:208} INFO - Processing /home/airflow/.local/lib/python3.12/site-packages/airflow/example_dags/example_inlet_event_extra.py took 0.119 seconds
[2026-07-29T19:09:29.372+0000] {processor.py:186} INFO - Started process (PID=25804) to work on /home/airflow/.local/lib/python3.12/site-packages/airflow/example_dags/example_inlet_event_extra.py
[2026-07-29T19:09:29.373+0000] {processor.py:914} INFO - Processing file /home/airflow/.local/lib/python3.12/site-packages/airflow/example_dags/example_inlet_event_extra.py for tasks to queue
[2026-07-29T19:09:29.375+0000] {logging_mixin.py:190} INFO - [2026-07-29T19:09:29.375+0000] {dagbag.py:587} INFO - Filling up the DagBag from /home/airflow/.local/lib/python3.12/site-packages/airflow/example_dags/example_inlet_event_extra.py
[2026-07-29T19:09:29.456+0000] {processor.py:925} INFO - DAG(s) 'read_dataset_event_from_classic', 'read_dataset_event' retrieved from /home/airflow/.local/lib/python3.12/site-packages/airflow/example_dags/example_inlet_event_extra.py
[2026-07-29T19:09:29.469+0000] {logging_mixin.py:190} INFO - [2026-07-29T19:09:29.469+0000] {dag.py:3211} INFO - Sync 2 DAGs
[2026-07-29T19:09:29.478+0000] {logging_mixin.py:190} INFO - [2026-07-29T19:09:29.478+0000] {dag.py:4138} INFO - Setting next_dagrun for read_dataset_event to 2026-07-28 00:00:00+00:00, run_after=2026-07-29 00:00:00+00:00
[2026-07-29T19:09:29.479+0000] {logging_mixin.py:190} INFO - [2026-07-29T19:09:29.479+0000] {dag.py:4138} INFO - Setting next_dagrun for read_dataset_event_from_classic to 2026-07-28 00:00:00+00:00, run_after=2026-07-29 00:00:00+00:00
[2026-07-29T19:09:29.485+0000] {processor.py:208} INFO - Processing /home/airflow/.local/lib/python3.12/site-packages/airflow/example_dags/example_inlet_event_extra.py took 0.118 seconds
[2026-07-29T19:10:00.445+0000] {processor.py:186} INFO - Started process (PID=25870) to work on /home/airflow/.local/lib/python3.12/site-packages/airflow/example_dags/example_inlet_event_extra.py
[2026-07-29T19:10:00.446+0000] {processor.py:914} INFO - Processing file /home/airflow/.local/lib/python3.12/site-packages/airflow/example_dags/example_inlet_event_extra.py for tasks to queue
[2026-07-29T19:10:00.450+0000] {logging_mixin.py:190} INFO - [2026-07-29T19:10:00.450+0000] {dagbag.py:587} INFO - Filling up the DagBag from /home/airflow/.local/lib/python3.12/site-packages/airflow/example_dags/example_inlet_event_extra.py
[2026-07-29T19:10:00.515+0000] {processor.py:925} INFO - DAG(s) 'read_dataset_event', 'read_dataset_event_from_classic' retrieved from /home/airflow/.local/lib/python3.12/site-packages/airflow/example_dags/example_inlet_event_extra.py
[2026-07-29T19:10:00.524+0000] {logging_mixin.py:190} INFO - [2026-07-29T19:10:00.524+0000] {dag.py:3211} INFO - Sync 2 DAGs
[2026-07-29T19:10:00.532+0000] {logging_mixin.py:190} INFO - [2026-07-29T19:10:00.532+0000] {dag.py:4138} INFO - Setting next_dagrun for read_dataset_event to 2026-07-28 00:00:00+00:00, run_after=2026-07-29 00:00:00+00:00
[2026-07-29T19:10:00.534+0000] {logging_mixin.py:190} INFO - [2026-07-29T19:10:00.534+0000] {dag.py:4138} INFO - Setting next_dagrun for read_dataset_event_from_classic to 2026-07-28 00:00:00+00:00, run_after=2026-07-29 00:00:00+00:00
[2026-07-29T19:10:00.539+0000] {processor.py:208} INFO - Processing /home/airflow/.local/lib/python3.12/site-packages/airflow/example_dags/example_inlet_event_extra.py took 0.100 seconds
[2026-07-29T19:10:30.725+0000] {processor.py:186} INFO - Started process (PID=25936) to work on /home/airflow/.local/lib/python3.12/site-packages/airflow/example_dags/example_inlet_event_extra.py
[2026-07-29T19:10:30.726+0000] {processor.py:914} INFO - Processing file /home/airflow/.local/lib/python3.12/site-packages/airflow/example_dags/example_inlet_event_extra.py for tasks to queue
[2026-07-29T19:10:30.727+0000] {logging_mixin.py:190} INFO - [2026-07-29T19:10:30.727+0000] {dagbag.py:587} INFO - Filling up the DagBag from /home/airflow/.local/lib/python3.12/site-packages/airflow/example_dags/example_inlet_event_extra.py
[2026-07-29T19:10:30.797+0000] {processor.py:925} INFO - DAG(s) 'read_dataset_event_from_classic', 'read_dataset_event' retrieved from /home/airflow/.local/lib/python3.12/site-packages/airflow/example_dags/example_inlet_event_extra.py
[2026-07-29T19:10:30.806+0000] {logging_mixin.py:190} INFO - [2026-07-29T19:10:30.806+0000] {dag.py:3211} INFO - Sync 2 DAGs
[2026-07-29T19:10:30.815+0000] {logging_mixin.py:190} INFO - [2026-07-29T19:10:30.815+0000] {dag.py:4138} INFO - Setting next_dagrun for read_dataset_event to 2026-07-28 00:00:00+00:00, run_after=2026-07-29 00:00:00+00:00
[2026-07-29T19:10:30.817+0000] {logging_mixin.py:190} INFO - [2026-07-29T19:10:30.817+0000] {dag.py:4138} INFO - Setting next_dagrun for read_dataset_event_from_classic to 2026-07-28 00:00:00+00:00, run_after=2026-07-29 00:00:00+00:00
[2026-07-29T19:10:30.823+0000] {processor.py:208} INFO - Processing /home/airflow/.local/lib/python3.12/site-packages/airflow/example_dags/example_inlet_event_extra.py took 0.102 seconds
[2026-07-29T19:11:00.874+0000] {processor.py:186} INFO - Started process (PID=26002) to work on /home/airflow/.local/lib/python3.12/site-packages/airflow/example_dags/example_inlet_event_extra.py
[2026-07-29T19:11:00.875+0000] {processor.py:914} INFO - Processing file /home/airflow/.local/lib/python3.12/site-packages/airflow/example_dags/example_inlet_event_extra.py for tasks to queue
[2026-07-29T19:11:00.876+0000] {logging_mixin.py:190} INFO - [2026-07-29T19:11:00.876+0000] {dagbag.py:587} INFO - Filling up the DagBag from /home/airflow/.local/lib/python3.12/site-packages/airflow/example_dags/example_inlet_event_extra.py
[2026-07-29T19:11:00.943+0000] {processor.py:925} INFO - DAG(s) 'read_dataset_event_from_classic', 'read_dataset_event' retrieved from /home/airflow/.local/lib/python3.12/site-packages/airflow/example_dags/example_inlet_event_extra.py
[2026-07-29T19:11:00.953+0000] {logging_mixin.py:190} INFO - [2026-07-29T19:11:00.953+0000] {dag.py:3211} INFO - Sync 2 DAGs
[2026-07-29T19:11:00.963+0000] {logging_mixin.py:190} INFO - [2026-07-29T19:11:00.963+0000] {dag.py:4138} INFO - Setting next_dagrun for read_dataset_event to 2026-07-28 00:00:00+00:00, run_after=2026-07-29 00:00:00+00:00
[2026-07-29T19:11:00.965+0000] {logging_mixin.py:190} INFO - [2026-07-29T19:11:00.965+0000] {dag.py:4138} INFO - Setting next_dagrun for read_dataset_event_from_classic to 2026-07-28 00:00:00+00:00, run_after=2026-07-29 00:00:00+00:00
[2026-07-29T19:11:00.973+0000] {processor.py:208} INFO - Processing /home/airflow/.local/lib/python3.12/site-packages/airflow/example_dags/example_inlet_event_extra.py took 0.102 seconds
[2026-07-29T19:11:31.794+0000] {processor.py:186} INFO - Started process (PID=26068) to work on /home/airflow/.local/lib/python3.12/site-packages/airflow/example_dags/example_inlet_event_extra.py
[2026-07-29T19:11:31.796+0000] {processor.py:914} INFO - Processing file /home/airflow/.local/lib/python3.12/site-packages/airflow/example_dags/example_inlet_event_extra.py for tasks to queue
[2026-07-29T19:11:31.800+0000] {logging_mixin.py:190} INFO - [2026-07-29T19:11:31.799+0000] {dagbag.py:587} INFO - Filling up the DagBag from /home/airflow/.local/lib/python3.12/site-packages/airflow/example_dags/example_inlet_event_extra.py
[2026-07-29T19:11:31.869+0000] {processor.py:925} INFO - DAG(s) 'read_dataset_event', 'read_dataset_event_from_classic' retrieved from /home/airflow/.local/lib/python3.12/site-packages/airflow/example_dags/example_inlet_event_extra.py
[2026-07-29T19:11:31.878+0000] {logging_mixin.py:190} INFO - [2026-07-29T19:11:31.878+0000] {dag.py:3211} INFO - Sync 2 DAGs
[2026-07-29T19:11:31.887+0000] {logging_mixin.py:190} INFO - [2026-07-29T19:11:31.887+0000] {dag.py:4138} INFO - Setting next_dagrun for read_dataset_event to 2026-07-28 00:00:00+00:00, run_after=2026-07-29 00:00:00+00:00
[2026-07-29T19:11:31.888+0000] {logging_mixin.py:190} INFO - [2026-07-29T19:11:31.888+0000] {dag.py:4138} INFO - Setting next_dagrun for read_dataset_event_from_classic to 2026-07-28 00:00:00+00:00, run_after=2026-07-29 00:00:00+00:00
[2026-07-29T19:11:31.894+0000] {processor.py:208} INFO - Processing /home/airflow/.local/lib/python3.12/site-packages/airflow/example_dags/example_inlet_event_extra.py took 0.103 seconds
[2026-07-29T19:12:02.805+0000] {processor.py:186} INFO - Started process (PID=26134) to work on /home/airflow/.local/lib/python3.12/site-packages/airflow/example_dags/example_inlet_event_extra.py
[2026-07-29T19:12:02.806+0000] {processor.py:914} INFO - Processing file /home/airflow/.local/lib/python3.12/site-packages/airflow/example_dags/example_inlet_event_extra.py for tasks to queue
[2026-07-29T19:12:02.808+0000] {logging_mixin.py:190} INFO - [2026-07-29T19:12:02.807+0000] {dagbag.py:587} INFO - Filling up the DagBag from /home/airflow/.local/lib/python3.12/site-packages/airflow/example_dags/example_inlet_event_extra.py
[2026-07-29T19:12:02.877+0000] {processor.py:925} INFO - DAG(s) 'read_dataset_event', 'read_dataset_event_from_classic' retrieved from /home/airflow/.local/lib/python3.12/site-packages/airflow/example_dags/example_inlet_event_extra.py
[2026-07-29T19:12:02.889+0000] {logging_mixin.py:190} INFO - [2026-07-29T19:12:02.889+0000] {dag.py:3211} INFO - Sync 2 DAGs
[2026-07-29T19:12:02.899+0000] {logging_mixin.py:190} INFO - [2026-07-29T19:12:02.899+0000] {dag.py:4138} INFO - Setting next_dagrun for read_dataset_event to 2026-07-28 00:00:00+00:00, run_after=2026-07-29 00:00:00+00:00
[2026-07-29T19:12:02.901+0000] {logging_mixin.py:190} INFO - [2026-07-29T19:12:02.901+0000] {dag.py:4138} INFO - Setting next_dagrun for read_dataset_event_from_classic to 2026-07-28 00:00:00+00:00, run_after=2026-07-29 00:00:00+00:00
[2026-07-29T19:12:02.908+0000] {processor.py:208} INFO - Processing /home/airflow/.local/lib/python3.12/site-packages/airflow/example_dags/example_inlet_event_extra.py took 0.108 seconds
[2026-07-29T19:12:33.877+0000] {processor.py:186} INFO - Started process (PID=26200) to work on /home/airflow/.local/lib/python3.12/site-packages/airflow/example_dags/example_inlet_event_extra.py
[2026-07-29T19:12:33.877+0000] {processor.py:914} INFO - Processing file /home/airflow/.local/lib/python3.12/site-packages/airflow/example_dags/example_inlet_event_extra.py for tasks to queue
[2026-07-29T19:12:33.879+0000] {logging_mixin.py:190} INFO - [2026-07-29T19:12:33.878+0000] {dagbag.py:587} INFO - Filling up the DagBag from /home/airflow/.local/lib/python3.12/site-packages/airflow/example_dags/example_inlet_event_extra.py
[2026-07-29T19:12:33.931+0000] {processor.py:925} INFO - DAG(s) 'read_dataset_event', 'read_dataset_event_from_classic' retrieved from /home/airflow/.local/lib/python3.12/site-packages/airflow/example_dags/example_inlet_event_extra.py
[2026-07-29T19:12:33.939+0000] {logging_mixin.py:190} INFO - [2026-07-29T19:12:33.939+0000] {dag.py:3211} INFO - Sync 2 DAGs
[2026-07-29T19:12:33.948+0000] {logging_mixin.py:190} INFO - [2026-07-29T19:12:33.947+0000] {dag.py:4138} INFO - Setting next_dagrun for read_dataset_event to 2026-07-28 00:00:00+00:00, run_after=2026-07-29 00:00:00+00:00
[2026-07-29T19:12:33.949+0000] {logging_mixin.py:190} INFO - [2026-07-29T19:12:33.949+0000] {dag.py:4138} INFO - Setting next_dagrun for read_dataset_event_from_classic to 2026-07-28 00:00:00+00:00, run_after=2026-07-29 00:00:00+00:00
[2026-07-29T19:12:33.955+0000] {processor.py:208} INFO - Processing /home/airflow/.local/lib/python3.12/site-packages/airflow/example_dags/example_inlet_event_extra.py took 0.080 seconds
[2026-07-29T19:13:04.802+0000] {processor.py:186} INFO - Started process (PID=26272) to work on /home/airflow/.local/lib/python3.12/site-packages/airflow/example_dags/example_inlet_event_extra.py
[2026-07-29T19:13:04.802+0000] {processor.py:914} INFO - Processing file /home/airflow/.local/lib/python3.12/site-packages/airflow/example_dags/example_inlet_event_extra.py for tasks to queue
[2026-07-29T19:13:04.804+0000] {logging_mixin.py:190} INFO - [2026-07-29T19:13:04.804+0000] {dagbag.py:587} INFO - Filling up the DagBag from /home/airflow/.local/lib/python3.12/site-packages/airflow/example_dags/example_inlet_event_extra.py
[2026-07-29T19:13:04.859+0000] {processor.py:925} INFO - DAG(s) 'read_dataset_event', 'read_dataset_event_from_classic' retrieved from /home/airflow/.local/lib/python3.12/site-packages/airflow/example_dags/example_inlet_event_extra.py
[2026-07-29T19:13:04.868+0000] {logging_mixin.py:190} INFO - [2026-07-29T19:13:04.868+0000] {dag.py:3211} INFO - Sync 2 DAGs
[2026-07-29T19:13:04.877+0000] {logging_mixin.py:190} INFO - [2026-07-29T19:13:04.877+0000] {dag.py:4138} INFO - Setting next_dagrun for read_dataset_event to 2026-07-28 00:00:00+00:00, run_after=2026-07-29 00:00:00+00:00
[2026-07-29T19:13:04.879+0000] {logging_mixin.py:190} INFO - [2026-07-29T19:13:04.878+0000] {dag.py:4138} INFO - Setting next_dagrun for read_dataset_event_from_classic to 2026-07-28 00:00:00+00:00, run_after=2026-07-29 00:00:00+00:00
[2026-07-29T19:13:04.885+0000] {processor.py:208} INFO - Processing /home/airflow/.local/lib/python3.12/site-packages/airflow/example_dags/example_inlet_event_extra.py took 0.087 seconds
[2026-07-29T19:13:35.789+0000] {processor.py:186} INFO - Started process (PID=26337) to work on /home/airflow/.local/lib/python3.12/site-packages/airflow/example_dags/example_inlet_event_extra.py
[2026-07-29T19:13:35.789+0000] {processor.py:914} INFO - Processing file /home/airflow/.local/lib/python3.12/site-packages/airflow/example_dags/example_inlet_event_extra.py for tasks to queue
[2026-07-29T19:13:35.790+0000] {logging_mixin.py:190} INFO - [2026-07-29T19:13:35.790+0000] {dagbag.py:587} INFO - Filling up the DagBag from /home/airflow/.local/lib/python3.12/site-packages/airflow/example_dags/example_inlet_event_extra.py
[2026-07-29T19:13:35.849+0000] {processor.py:925} INFO - DAG(s) 'read_dataset_event', 'read_dataset_event_from_classic' retrieved from /home/airflow/.local/lib/python3.12/site-packages/airflow/example_dags/example_inlet_event_extra.py
[2026-07-29T19:13:35.859+0000] {logging_mixin.py:190} INFO - [2026-07-29T19:13:35.859+0000] {dag.py:3211} INFO - Sync 2 DAGs
[2026-07-29T19:13:35.869+0000] {logging_mixin.py:190} INFO - [2026-07-29T19:13:35.869+0000] {dag.py:4138} INFO - Setting next_dagrun for read_dataset_event to 2026-07-28 00:00:00+00:00, run_after=2026-07-29 00:00:00+00:00
[2026-07-29T19:13:35.871+0000] {logging_mixin.py:190} INFO - [2026-07-29T19:13:35.871+0000] {dag.py:4138} INFO - Setting next_dagrun for read_dataset_event_from_classic to 2026-07-28 00:00:00+00:00, run_after=2026-07-29 00:00:00+00:00
[2026-07-29T19:13:35.877+0000] {processor.py:208} INFO - Processing /home/airflow/.local/lib/python3.12/site-packages/airflow/example_dags/example_inlet_event_extra.py took 0.091 seconds
[2026-07-29T19:14:06.553+0000] {processor.py:186} INFO - Started process (PID=26403) to work on /home/airflow/.local/lib/python3.12/site-packages/airflow/example_dags/example_inlet_event_extra.py
[2026-07-29T19:14:06.554+0000] {processor.py:914} INFO - Processing file /home/airflow/.local/lib/python3.12/site-packages/airflow/example_dags/example_inlet_event_extra.py for tasks to queue
[2026-07-29T19:14:06.555+0000] {logging_mixin.py:190} INFO - [2026-07-29T19:14:06.555+0000] {dagbag.py:587} INFO - Filling up the DagBag from /home/airflow/.local/lib/python3.12/site-packages/airflow/example_dags/example_inlet_event_extra.py
[2026-07-29T19:14:06.613+0000] {processor.py:925} INFO - DAG(s) 'read_dataset_event', 'read_dataset_event_from_classic' retrieved from /home/airflow/.local/lib/python3.12/site-packages/airflow/example_dags/example_inlet_event_extra.py
[2026-07-29T19:14:06.622+0000] {logging_mixin.py:190} INFO - [2026-07-29T19:14:06.622+0000] {dag.py:3211} INFO - Sync 2 DAGs
[2026-07-29T19:14:06.632+0000] {logging_mixin.py:190} INFO - [2026-07-29T19:14:06.632+0000] {dag.py:4138} INFO - Setting next_dagrun for read_dataset_event to 2026-07-28 00:00:00+00:00, run_after=2026-07-29 00:00:00+00:00
[2026-07-29T19:14:06.634+0000] {logging_mixin.py:190} INFO - [2026-07-29T19:14:06.634+0000] {dag.py:4138} INFO - Setting next_dagrun for read_dataset_event_from_classic to 2026-07-28 00:00:00+00:00, run_after=2026-07-29 00:00:00+00:00
[2026-07-29T19:14:06.757+0000] {processor.py:208} INFO - Processing /home/airflow/.local/lib/python3.12/site-packages/airflow/example_dags/example_inlet_event_extra.py took 0.207 seconds
[2026-07-29T19:14:37.455+0000] {processor.py:186} INFO - Started process (PID=26464) to work on /home/airflow/.local/lib/python3.12/site-packages/airflow/example_dags/example_inlet_event_extra.py
[2026-07-29T19:14:37.457+0000] {processor.py:914} INFO - Processing file /home/airflow/.local/lib/python3.12/site-packages/airflow/example_dags/example_inlet_event_extra.py for tasks to queue
[2026-07-29T19:14:37.459+0000] {logging_mixin.py:190} INFO - [2026-07-29T19:14:37.458+0000] {dagbag.py:587} INFO - Filling up the DagBag from /home/airflow/.local/lib/python3.12/site-packages/airflow/example_dags/example_inlet_event_extra.py
[2026-07-29T19:14:37.531+0000] {processor.py:925} INFO - DAG(s) 'read_dataset_event', 'read_dataset_event_from_classic' retrieved from /home/airflow/.local/lib/python3.12/site-packages/airflow/example_dags/example_inlet_event_extra.py
[2026-07-29T19:14:37.545+0000] {logging_mixin.py:190} INFO - [2026-07-29T19:14:37.545+0000] {dag.py:3211} INFO - Sync 2 DAGs
[2026-07-29T19:14:37.555+0000] {logging_mixin.py:190} INFO - [2026-07-29T19:14:37.555+0000] {dag.py:4138} INFO - Setting next_dagrun for read_dataset_event to 2026-07-28 00:00:00+00:00, run_after=2026-07-29 00:00:00+00:00
[2026-07-29T19:14:37.557+0000] {logging_mixin.py:190} INFO - [2026-07-29T19:14:37.557+0000] {dag.py:4138} INFO - Setting next_dagrun for read_dataset_event_from_classic to 2026-07-28 00:00:00+00:00, run_after=2026-07-29 00:00:00+00:00
[2026-07-29T19:14:37.562+0000] {processor.py:208} INFO - Processing /home/airflow/.local/lib/python3.12/site-packages/airflow/example_dags/example_inlet_event_extra.py took 0.112 seconds
[2026-07-29T19:15:07.963+0000] {processor.py:186} INFO - Started process (PID=26530) to work on /home/airflow/.local/lib/python3.12/site-packages/airflow/example_dags/example_inlet_event_extra.py
[2026-07-29T19:15:07.965+0000] {processor.py:914} INFO - Processing file /home/airflow/.local/lib/python3.12/site-packages/airflow/example_dags/example_inlet_event_extra.py for tasks to queue
[2026-07-29T19:15:07.966+0000] {logging_mixin.py:190} INFO - [2026-07-29T19:15:07.966+0000] {dagbag.py:587} INFO - Filling up the DagBag from /home/airflow/.local/lib/python3.12/site-packages/airflow/example_dags/example_inlet_event_extra.py
[2026-07-29T19:15:08.038+0000] {processor.py:925} INFO - DAG(s) 'read_dataset_event', 'read_dataset_event_from_classic' retrieved from /home/airflow/.local/lib/python3.12/site-packages/airflow/example_dags/example_inlet_event_extra.py
[2026-07-29T19:15:08.142+0000] {logging_mixin.py:190} INFO - [2026-07-29T19:15:08.142+0000] {dag.py:3211} INFO - Sync 2 DAGs
[2026-07-29T19:15:08.151+0000] {logging_mixin.py:190} INFO - [2026-07-29T19:15:08.151+0000] {dag.py:4138} INFO - Setting next_dagrun for read_dataset_event to 2026-07-28 00:00:00+00:00, run_after=2026-07-29 00:00:00+00:00
[2026-07-29T19:15:08.152+0000] {logging_mixin.py:190} INFO - [2026-07-29T19:15:08.152+0000] {dag.py:4138} INFO - Setting next_dagrun for read_dataset_event_from_classic to 2026-07-28 00:00:00+00:00, run_after=2026-07-29 00:00:00+00:00
[2026-07-29T19:15:08.157+0000] {processor.py:208} INFO - Processing /home/airflow/.local/lib/python3.12/site-packages/airflow/example_dags/example_inlet_event_extra.py took 0.199 seconds
[2026-07-29T19:15:38.210+0000] {processor.py:186} INFO - Started process (PID=26596) to work on /home/airflow/.local/lib/python3.12/site-packages/airflow/example_dags/example_inlet_event_extra.py
[2026-07-29T19:15:38.211+0000] {processor.py:914} INFO - Processing file /home/airflow/.local/lib/python3.12/site-packages/airflow/example_dags/example_inlet_event_extra.py for tasks to queue
[2026-07-29T19:15:38.216+0000] {logging_mixin.py:190} INFO - [2026-07-29T19:15:38.215+0000] {dagbag.py:587} INFO - Filling up the DagBag from /home/airflow/.local/lib/python3.12/site-packages/airflow/example_dags/example_inlet_event_extra.py
[2026-07-29T19:15:38.296+0000] {processor.py:925} INFO - DAG(s) 'read_dataset_event', 'read_dataset_event_from_classic' retrieved from /home/airflow/.local/lib/python3.12/site-packages/airflow/example_dags/example_inlet_event_extra.py
[2026-07-29T19:15:38.404+0000] {logging_mixin.py:190} INFO - [2026-07-29T19:15:38.404+0000] {dag.py:3211} INFO - Sync 2 DAGs
[2026-07-29T19:15:38.413+0000] {logging_mixin.py:190} INFO - [2026-07-29T19:15:38.413+0000] {dag.py:4138} INFO - Setting next_dagrun for read_dataset_event to 2026-07-28 00:00:00+00:00, run_after=2026-07-29 00:00:00+00:00
[2026-07-29T19:15:38.415+0000] {logging_mixin.py:190} INFO - [2026-07-29T19:15:38.415+0000] {dag.py:4138} INFO - Setting next_dagrun for read_dataset_event_from_classic to 2026-07-28 00:00:00+00:00, run_after=2026-07-29 00:00:00+00:00
[2026-07-29T19:15:38.419+0000] {processor.py:208} INFO - Processing /home/airflow/.local/lib/python3.12/site-packages/airflow/example_dags/example_inlet_event_extra.py took 0.214 seconds
[2026-07-29T19:16:08.464+0000] {processor.py:186} INFO - Started process (PID=26665) to work on /home/airflow/.local/lib/python3.12/site-packages/airflow/example_dags/example_inlet_event_extra.py
[2026-07-29T19:16:08.465+0000] {processor.py:914} INFO - Processing file /home/airflow/.local/lib/python3.12/site-packages/airflow/example_dags/example_inlet_event_extra.py for tasks to queue
[2026-07-29T19:16:08.469+0000] {logging_mixin.py:190} INFO - [2026-07-29T19:16:08.469+0000] {dagbag.py:587} INFO - Filling up the DagBag from /home/airflow/.local/lib/python3.12/site-packages/airflow/example_dags/example_inlet_event_extra.py
[2026-07-29T19:16:08.547+0000] {processor.py:925} INFO - DAG(s) 'read_dataset_event', 'read_dataset_event_from_classic' retrieved from /home/airflow/.local/lib/python3.12/site-packages/airflow/example_dags/example_inlet_event_extra.py
[2026-07-29T19:16:08.564+0000] {logging_mixin.py:190} INFO - [2026-07-29T19:16:08.563+0000] {dag.py:3211} INFO - Sync 2 DAGs
[2026-07-29T19:16:08.681+0000] {logging_mixin.py:190} INFO - [2026-07-29T19:16:08.681+0000] {dag.py:4138} INFO - Setting next_dagrun for read_dataset_event to 2026-07-28 00:00:00+00:00, run_after=2026-07-29 00:00:00+00:00
[2026-07-29T19:16:08.683+0000] {logging_mixin.py:190} INFO - [2026-07-29T19:16:08.682+0000] {dag.py:4138} INFO - Setting next_dagrun for read_dataset_event_from_classic to 2026-07-28 00:00:00+00:00, run_after=2026-07-29 00:00:00+00:00
[2026-07-29T19:16:08.688+0000] {processor.py:208} INFO - Processing /home/airflow/.local/lib/python3.12/site-packages/airflow/example_dags/example_inlet_event_extra.py took 0.226 seconds
[2026-07-29T19:16:38.753+0000] {processor.py:186} INFO - Started process (PID=26732) to work on /home/airflow/.local/lib/python3.12/site-packages/airflow/example_dags/example_inlet_event_extra.py
[2026-07-29T19:16:38.754+0000] {processor.py:914} INFO - Processing file /home/airflow/.local/lib/python3.12/site-packages/airflow/example_dags/example_inlet_event_extra.py for tasks to queue
[2026-07-29T19:16:38.756+0000] {logging_mixin.py:190} INFO - [2026-07-29T19:16:38.756+0000] {dagbag.py:587} INFO - Filling up the DagBag from /home/airflow/.local/lib/python3.12/site-packages/airflow/example_dags/example_inlet_event_extra.py
[2026-07-29T19:16:38.827+0000] {processor.py:925} INFO - DAG(s) 'read_dataset_event', 'read_dataset_event_from_classic' retrieved from /home/airflow/.local/lib/python3.12/site-packages/airflow/example_dags/example_inlet_event_extra.py
[2026-07-29T19:16:38.852+0000] {logging_mixin.py:190} INFO - [2026-07-29T19:16:38.852+0000] {dag.py:3211} INFO - Sync 2 DAGs
[2026-07-29T19:16:38.955+0000] {logging_mixin.py:190} INFO - [2026-07-29T19:16:38.954+0000] {dag.py:4138} INFO - Setting next_dagrun for read_dataset_event to 2026-07-28 00:00:00+00:00, run_after=2026-07-29 00:00:00+00:00
[2026-07-29T19:16:38.956+0000] {logging_mixin.py:190} INFO - [2026-07-29T19:16:38.956+0000] {dag.py:4138} INFO - Setting next_dagrun for read_dataset_event_from_classic to 2026-07-28 00:00:00+00:00, run_after=2026-07-29 00:00:00+00:00
[2026-07-29T19:16:38.962+0000] {processor.py:208} INFO - Processing /home/airflow/.local/lib/python3.12/site-packages/airflow/example_dags/example_inlet_event_extra.py took 0.213 seconds
[2026-07-29T19:17:09.207+0000] {processor.py:186} INFO - Started process (PID=26799) to work on /home/airflow/.local/lib/python3.12/site-packages/airflow/example_dags/example_inlet_event_extra.py
[2026-07-29T19:17:09.207+0000] {processor.py:914} INFO - Processing file /home/airflow/.local/lib/python3.12/site-packages/airflow/example_dags/example_inlet_event_extra.py for tasks to queue
[2026-07-29T19:17:09.208+0000] {logging_mixin.py:190} INFO - [2026-07-29T19:17:09.208+0000] {dagbag.py:587} INFO - Filling up the DagBag from /home/airflow/.local/lib/python3.12/site-packages/airflow/example_dags/example_inlet_event_extra.py
[2026-07-29T19:17:09.377+0000] {processor.py:925} INFO - DAG(s) 'read_dataset_event_from_classic', 'read_dataset_event' retrieved from /home/airflow/.local/lib/python3.12/site-packages/airflow/example_dags/example_inlet_event_extra.py
[2026-07-29T19:17:09.386+0000] {logging_mixin.py:190} INFO - [2026-07-29T19:17:09.386+0000] {dag.py:3211} INFO - Sync 2 DAGs
[2026-07-29T19:17:09.394+0000] {logging_mixin.py:190} INFO - [2026-07-29T19:17:09.394+0000] {dag.py:4138} INFO - Setting next_dagrun for read_dataset_event to 2026-07-28 00:00:00+00:00, run_after=2026-07-29 00:00:00+00:00
[2026-07-29T19:17:09.396+0000] {logging_mixin.py:190} INFO - [2026-07-29T19:17:09.396+0000] {dag.py:4138} INFO - Setting next_dagrun for read_dataset_event_from_classic to 2026-07-28 00:00:00+00:00, run_after=2026-07-29 00:00:00+00:00
[2026-07-29T19:17:09.402+0000] {processor.py:208} INFO - Processing /home/airflow/.local/lib/python3.12/site-packages/airflow/example_dags/example_inlet_event_extra.py took 0.198 seconds
[2026-07-29T19:17:39.433+0000] {processor.py:186} INFO - Started process (PID=26865) to work on /home/airflow/.local/lib/python3.12/site-packages/airflow/example_dags/example_inlet_event_extra.py
[2026-07-29T19:17:39.433+0000] {processor.py:914} INFO - Processing file /home/airflow/.local/lib/python3.12/site-packages/airflow/example_dags/example_inlet_event_extra.py for tasks to queue
[2026-07-29T19:17:39.434+0000] {logging_mixin.py:190} INFO - [2026-07-29T19:17:39.434+0000] {dagbag.py:587} INFO - Filling up the DagBag from /home/airflow/.local/lib/python3.12/site-packages/airflow/example_dags/example_inlet_event_extra.py
[2026-07-29T19:17:39.571+0000] {processor.py:925} INFO - DAG(s) 'read_dataset_event', 'read_dataset_event_from_classic' retrieved from /home/airflow/.local/lib/python3.12/site-packages/airflow/example_dags/example_inlet_event_extra.py
[2026-07-29T19:17:39.578+0000] {logging_mixin.py:190} INFO - [2026-07-29T19:17:39.578+0000] {dag.py:3211} INFO - Sync 2 DAGs
[2026-07-29T19:17:39.586+0000] {logging_mixin.py:190} INFO - [2026-07-29T19:17:39.586+0000] {dag.py:4138} INFO - Setting next_dagrun for read_dataset_event to 2026-07-28 00:00:00+00:00, run_after=2026-07-29 00:00:00+00:00
[2026-07-29T19:17:39.587+0000] {logging_mixin.py:190} INFO - [2026-07-29T19:17:39.587+0000] {dag.py:4138} INFO - Setting next_dagrun for read_dataset_event_from_classic to 2026-07-28 00:00:00+00:00, run_after=2026-07-29 00:00:00+00:00
[2026-07-29T19:17:39.593+0000] {processor.py:208} INFO - Processing /home/airflow/.local/lib/python3.12/site-packages/airflow/example_dags/example_inlet_event_extra.py took 0.162 seconds
[2026-07-29T19:18:10.541+0000] {processor.py:186} INFO - Started process (PID=26931) to work on /home/airflow/.local/lib/python3.12/site-packages/airflow/example_dags/example_inlet_event_extra.py
[2026-07-29T19:18:10.542+0000] {processor.py:914} INFO - Processing file /home/airflow/.local/lib/python3.12/site-packages/airflow/example_dags/example_inlet_event_extra.py for tasks to queue
[2026-07-29T19:18:10.543+0000] {logging_mixin.py:190} INFO - [2026-07-29T19:18:10.543+0000] {dagbag.py:587} INFO - Filling up the DagBag from /home/airflow/.local/lib/python3.12/site-packages/airflow/example_dags/example_inlet_event_extra.py
[2026-07-29T19:18:10.718+0000] {processor.py:925} INFO - DAG(s) 'read_dataset_event_from_classic', 'read_dataset_event' retrieved from /home/airflow/.local/lib/python3.12/site-packages/airflow/example_dags/example_inlet_event_extra.py
[2026-07-29T19:18:10.726+0000] {logging_mixin.py:190} INFO - [2026-07-29T19:18:10.726+0000] {dag.py:3211} INFO - Sync 2 DAGs
[2026-07-29T19:18:10.736+0000] {logging_mixin.py:190} INFO - [2026-07-29T19:18:10.736+0000] {dag.py:4138} INFO - Setting next_dagrun for read_dataset_event to 2026-07-28 00:00:00+00:00, run_after=2026-07-29 00:00:00+00:00
[2026-07-29T19:18:10.738+0000] {logging_mixin.py:190} INFO - [2026-07-29T19:18:10.738+0000] {dag.py:4138} INFO - Setting next_dagrun for read_dataset_event_from_classic to 2026-07-28 00:00:00+00:00, run_after=2026-07-29 00:00:00+00:00
[2026-07-29T19:18:10.744+0000] {processor.py:208} INFO - Processing /home/airflow/.local/lib/python3.12/site-packages/airflow/example_dags/example_inlet_event_extra.py took 0.206 seconds
[2026-07-29T19:18:41.709+0000] {processor.py:186} INFO - Started process (PID=26997) to work on /home/airflow/.local/lib/python3.12/site-packages/airflow/example_dags/example_inlet_event_extra.py
[2026-07-29T19:18:41.710+0000] {processor.py:914} INFO - Processing file /home/airflow/.local/lib/python3.12/site-packages/airflow/example_dags/example_inlet_event_extra.py for tasks to queue
[2026-07-29T19:18:41.712+0000] {logging_mixin.py:190} INFO - [2026-07-29T19:18:41.712+0000] {dagbag.py:587} INFO - Filling up the DagBag from /home/airflow/.local/lib/python3.12/site-packages/airflow/example_dags/example_inlet_event_extra.py
[2026-07-29T19:18:41.880+0000] {processor.py:925} INFO - DAG(s) 'read_dataset_event', 'read_dataset_event_from_classic' retrieved from /home/airflow/.local/lib/python3.12/site-packages/airflow/example_dags/example_inlet_event_extra.py
[2026-07-29T19:18:41.887+0000] {logging_mixin.py:190} INFO - [2026-07-29T19:18:41.887+0000] {dag.py:3211} INFO - Sync 2 DAGs
[2026-07-29T19:18:41.895+0000] {logging_mixin.py:190} INFO - [2026-07-29T19:18:41.895+0000] {dag.py:4138} INFO - Setting next_dagrun for read_dataset_event to 2026-07-28 00:00:00+00:00, run_after=2026-07-29 00:00:00+00:00
[2026-07-29T19:18:41.897+0000] {logging_mixin.py:190} INFO - [2026-07-29T19:18:41.897+0000] {dag.py:4138} INFO - Setting next_dagrun for read_dataset_event_from_classic to 2026-07-28 00:00:00+00:00, run_after=2026-07-29 00:00:00+00:00
[2026-07-29T19:18:41.904+0000] {processor.py:208} INFO - Processing /home/airflow/.local/lib/python3.12/site-packages/airflow/example_dags/example_inlet_event_extra.py took 0.199 seconds
[2026-07-29T19:19:12.688+0000] {processor.py:186} INFO - Started process (PID=27063) to work on /home/airflow/.local/lib/python3.12/site-packages/airflow/example_dags/example_inlet_event_extra.py
[2026-07-29T19:19:12.688+0000] {processor.py:914} INFO - Processing file /home/airflow/.local/lib/python3.12/site-packages/airflow/example_dags/example_inlet_event_extra.py for tasks to queue
[2026-07-29T19:19:12.690+0000] {logging_mixin.py:190} INFO - [2026-07-29T19:19:12.690+0000] {dagbag.py:587} INFO - Filling up the DagBag from /home/airflow/.local/lib/python3.12/site-packages/airflow/example_dags/example_inlet_event_extra.py
[2026-07-29T19:19:12.829+0000] {processor.py:925} INFO - DAG(s) 'read_dataset_event', 'read_dataset_event_from_classic' retrieved from /home/airflow/.local/lib/python3.12/site-packages/airflow/example_dags/example_inlet_event_extra.py
[2026-07-29T19:19:12.838+0000] {logging_mixin.py:190} INFO - [2026-07-29T19:19:12.837+0000] {dag.py:3211} INFO - Sync 2 DAGs
[2026-07-29T19:19:12.845+0000] {logging_mixin.py:190} INFO - [2026-07-29T19:19:12.845+0000] {dag.py:4138} INFO - Setting next_dagrun for read_dataset_event to 2026-07-28 00:00:00+00:00, run_after=2026-07-29 00:00:00+00:00
[2026-07-29T19:19:12.846+0000] {logging_mixin.py:190} INFO - [2026-07-29T19:19:12.846+0000] {dag.py:4138} INFO - Setting next_dagrun for read_dataset_event_from_classic to 2026-07-28 00:00:00+00:00, run_after=2026-07-29 00:00:00+00:00
[2026-07-29T19:19:12.851+0000] {processor.py:208} INFO - Processing /home/airflow/.local/lib/python3.12/site-packages/airflow/example_dags/example_inlet_event_extra.py took 0.167 seconds
[2026-07-29T19:19:42.966+0000] {processor.py:186} INFO - Started process (PID=27129) to work on /home/airflow/.local/lib/python3.12/site-packages/airflow/example_dags/example_inlet_event_extra.py
[2026-07-29T19:19:42.967+0000] {processor.py:914} INFO - Processing file /home/airflow/.local/lib/python3.12/site-packages/airflow/example_dags/example_inlet_event_extra.py for tasks to queue
[2026-07-29T19:19:42.969+0000] {logging_mixin.py:190} INFO - [2026-07-29T19:19:42.969+0000] {dagbag.py:587} INFO - Filling up the DagBag from /home/airflow/.local/lib/python3.12/site-packages/airflow/example_dags/example_inlet_event_extra.py
[2026-07-29T19:19:43.037+0000] {processor.py:925} INFO - DAG(s) 'read_dataset_event_from_classic', 'read_dataset_event' retrieved from /home/airflow/.local/lib/python3.12/site-packages/airflow/example_dags/example_inlet_event_extra.py
[2026-07-29T19:19:43.047+0000] {logging_mixin.py:190} INFO - [2026-07-29T19:19:43.047+0000] {dag.py:3211} INFO - Sync 2 DAGs
[2026-07-29T19:19:43.055+0000] {logging_mixin.py:190} INFO - [2026-07-29T19:19:43.055+0000] {dag.py:4138} INFO - Setting next_dagrun for read_dataset_event to 2026-07-28 00:00:00+00:00, run_after=2026-07-29 00:00:00+00:00
[2026-07-29T19:19:43.057+0000] {logging_mixin.py:190} INFO - [2026-07-29T19:19:43.057+0000] {dag.py:4138} INFO - Setting next_dagrun for read_dataset_event_from_classic to 2026-07-28 00:00:00+00:00, run_after=2026-07-29 00:00:00+00:00
[2026-07-29T19:19:43.062+0000] {processor.py:208} INFO - Processing /home/airflow/.local/lib/python3.12/site-packages/airflow/example_dags/example_inlet_event_extra.py took 0.101 seconds
[2026-07-29T19:20:13.164+0000] {processor.py:186} INFO - Started process (PID=27195) to work on /home/airflow/.local/lib/python3.12/site-packages/airflow/example_dags/example_inlet_event_extra.py
[2026-07-29T19:20:13.165+0000] {processor.py:914} INFO - Processing file /home/airflow/.local/lib/python3.12/site-packages/airflow/example_dags/example_inlet_event_extra.py for tasks to queue
[2026-07-29T19:20:13.167+0000] {logging_mixin.py:190} INFO - [2026-07-29T19:20:13.167+0000] {dagbag.py:587} INFO - Filling up the DagBag from /home/airflow/.local/lib/python3.12/site-packages/airflow/example_dags/example_inlet_event_extra.py
[2026-07-29T19:20:13.235+0000] {processor.py:925} INFO - DAG(s) 'read_dataset_event_from_classic', 'read_dataset_event' retrieved from /home/airflow/.local/lib/python3.12/site-packages/airflow/example_dags/example_inlet_event_extra.py
[2026-07-29T19:20:13.243+0000] {logging_mixin.py:190} INFO - [2026-07-29T19:20:13.243+0000] {dag.py:3211} INFO - Sync 2 DAGs
[2026-07-29T19:20:13.252+0000] {logging_mixin.py:190} INFO - [2026-07-29T19:20:13.252+0000] {dag.py:4138} INFO - Setting next_dagrun for read_dataset_event to 2026-07-28 00:00:00+00:00, run_after=2026-07-29 00:00:00+00:00
[2026-07-29T19:20:13.253+0000] {logging_mixin.py:190} INFO - [2026-07-29T19:20:13.253+0000] {dag.py:4138} INFO - Setting next_dagrun for read_dataset_event_from_classic to 2026-07-28 00:00:00+00:00, run_after=2026-07-29 00:00:00+00:00
[2026-07-29T19:20:13.258+0000] {processor.py:208} INFO - Processing /home/airflow/.local/lib/python3.12/site-packages/airflow/example_dags/example_inlet_event_extra.py took 0.100 seconds
[2026-07-29T19:20:43.311+0000] {processor.py:186} INFO - Started process (PID=27261) to work on /home/airflow/.local/lib/python3.12/site-packages/airflow/example_dags/example_inlet_event_extra.py
[2026-07-29T19:20:43.312+0000] {processor.py:914} INFO - Processing file /home/airflow/.local/lib/python3.12/site-packages/airflow/example_dags/example_inlet_event_extra.py for tasks to queue
[2026-07-29T19:20:43.313+0000] {logging_mixin.py:190} INFO - [2026-07-29T19:20:43.313+0000] {dagbag.py:587} INFO - Filling up the DagBag from /home/airflow/.local/lib/python3.12/site-packages/airflow/example_dags/example_inlet_event_extra.py
[2026-07-29T19:20:43.376+0000] {processor.py:925} INFO - DAG(s) 'read_dataset_event', 'read_dataset_event_from_classic' retrieved from /home/airflow/.local/lib/python3.12/site-packages/airflow/example_dags/example_inlet_event_extra.py
[2026-07-29T19:20:43.388+0000] {logging_mixin.py:190} INFO - [2026-07-29T19:20:43.388+0000] {dag.py:3211} INFO - Sync 2 DAGs
[2026-07-29T19:20:43.399+0000] {logging_mixin.py:190} INFO - [2026-07-29T19:20:43.399+0000] {dag.py:4138} INFO - Setting next_dagrun for read_dataset_event to 2026-07-28 00:00:00+00:00, run_after=2026-07-29 00:00:00+00:00
[2026-07-29T19:20:43.401+0000] {logging_mixin.py:190} INFO - [2026-07-29T19:20:43.401+0000] {dag.py:4138} INFO - Setting next_dagrun for read_dataset_event_from_classic to 2026-07-28 00:00:00+00:00, run_after=2026-07-29 00:00:00+00:00
[2026-07-29T19:20:43.407+0000] {processor.py:208} INFO - Processing /home/airflow/.local/lib/python3.12/site-packages/airflow/example_dags/example_inlet_event_extra.py took 0.099 seconds
[2026-07-29T19:21:13.459+0000] {processor.py:186} INFO - Started process (PID=27327) to work on /home/airflow/.local/lib/python3.12/site-packages/airflow/example_dags/example_inlet_event_extra.py
[2026-07-29T19:21:13.460+0000] {processor.py:914} INFO - Processing file /home/airflow/.local/lib/python3.12/site-packages/airflow/example_dags/example_inlet_event_extra.py for tasks to queue
[2026-07-29T19:21:13.462+0000] {logging_mixin.py:190} INFO - [2026-07-29T19:21:13.461+0000] {dagbag.py:587} INFO - Filling up the DagBag from /home/airflow/.local/lib/python3.12/site-packages/airflow/example_dags/example_inlet_event_extra.py
[2026-07-29T19:21:13.525+0000] {processor.py:925} INFO - DAG(s) 'read_dataset_event_from_classic', 'read_dataset_event' retrieved from /home/airflow/.local/lib/python3.12/site-packages/airflow/example_dags/example_inlet_event_extra.py
[2026-07-29T19:21:13.534+0000] {logging_mixin.py:190} INFO - [2026-07-29T19:21:13.534+0000] {dag.py:3211} INFO - Sync 2 DAGs
[2026-07-29T19:21:13.542+0000] {logging_mixin.py:190} INFO - [2026-07-29T19:21:13.542+0000] {dag.py:4138} INFO - Setting next_dagrun for read_dataset_event to 2026-07-28 00:00:00+00:00, run_after=2026-07-29 00:00:00+00:00
[2026-07-29T19:21:13.543+0000] {logging_mixin.py:190} INFO - [2026-07-29T19:21:13.543+0000] {dag.py:4138} INFO - Setting next_dagrun for read_dataset_event_from_classic to 2026-07-28 00:00:00+00:00, run_after=2026-07-29 00:00:00+00:00
[2026-07-29T19:21:13.548+0000] {processor.py:208} INFO - Processing /home/airflow/.local/lib/python3.12/site-packages/airflow/example_dags/example_inlet_event_extra.py took 0.093 seconds
[2026-07-29T19:21:44.531+0000] {processor.py:186} INFO - Started process (PID=27393) to work on /home/airflow/.local/lib/python3.12/site-packages/airflow/example_dags/example_inlet_event_extra.py
[2026-07-29T19:21:44.532+0000] {processor.py:914} INFO - Processing file /home/airflow/.local/lib/python3.12/site-packages/airflow/example_dags/example_inlet_event_extra.py for tasks to queue
[2026-07-29T19:21:44.533+0000] {logging_mixin.py:190} INFO - [2026-07-29T19:21:44.533+0000] {dagbag.py:587} INFO - Filling up the DagBag from /home/airflow/.local/lib/python3.12/site-packages/airflow/example_dags/example_inlet_event_extra.py
[2026-07-29T19:21:44.600+0000] {processor.py:925} INFO - DAG(s) 'read_dataset_event', 'read_dataset_event_from_classic' retrieved from /home/airflow/.local/lib/python3.12/site-packages/airflow/example_dags/example_inlet_event_extra.py
[2026-07-29T19:21:44.610+0000] {logging_mixin.py:190} INFO - [2026-07-29T19:21:44.610+0000] {dag.py:3211} INFO - Sync 2 DAGs
[2026-07-29T19:21:44.619+0000] {logging_mixin.py:190} INFO - [2026-07-29T19:21:44.619+0000] {dag.py:4138} INFO - Setting next_dagrun for read_dataset_event to 2026-07-28 00:00:00+00:00, run_after=2026-07-29 00:00:00+00:00
[2026-07-29T19:21:44.621+0000] {logging_mixin.py:190} INFO - [2026-07-29T19:21:44.621+0000] {dag.py:4138} INFO - Setting next_dagrun for read_dataset_event_from_classic to 2026-07-28 00:00:00+00:00, run_after=2026-07-29 00:00:00+00:00
[2026-07-29T19:21:44.628+0000] {processor.py:208} INFO - Processing /home/airflow/.local/lib/python3.12/site-packages/airflow/example_dags/example_inlet_event_extra.py took 0.100 seconds
[2026-07-29T19:22:15.623+0000] {processor.py:186} INFO - Started process (PID=27459) to work on /home/airflow/.local/lib/python3.12/site-packages/airflow/example_dags/example_inlet_event_extra.py
[2026-07-29T19:22:15.624+0000] {processor.py:914} INFO - Processing file /home/airflow/.local/lib/python3.12/site-packages/airflow/example_dags/example_inlet_event_extra.py for tasks to queue
[2026-07-29T19:22:15.625+0000] {logging_mixin.py:190} INFO - [2026-07-29T19:22:15.625+0000] {dagbag.py:587} INFO - Filling up the DagBag from /home/airflow/.local/lib/python3.12/site-packages/airflow/example_dags/example_inlet_event_extra.py
[2026-07-29T19:22:15.689+0000] {processor.py:925} INFO - DAG(s) 'read_dataset_event_from_classic', 'read_dataset_event' retrieved from /home/airflow/.local/lib/python3.12/site-packages/airflow/example_dags/example_inlet_event_extra.py
[2026-07-29T19:22:15.698+0000] {logging_mixin.py:190} INFO - [2026-07-29T19:22:15.698+0000] {dag.py:3211} INFO - Sync 2 DAGs
[2026-07-29T19:22:15.707+0000] {logging_mixin.py:190} INFO - [2026-07-29T19:22:15.707+0000] {dag.py:4138} INFO - Setting next_dagrun for read_dataset_event to 2026-07-28 00:00:00+00:00, run_after=2026-07-29 00:00:00+00:00
[2026-07-29T19:22:15.708+0000] {logging_mixin.py:190} INFO - [2026-07-29T19:22:15.708+0000] {dag.py:4138} INFO - Setting next_dagrun for read_dataset_event_from_classic to 2026-07-28 00:00:00+00:00, run_after=2026-07-29 00:00:00+00:00
[2026-07-29T19:22:15.713+0000] {processor.py:208} INFO - Processing /home/airflow/.local/lib/python3.12/site-packages/airflow/example_dags/example_inlet_event_extra.py took 0.095 seconds
[2026-07-29T19:22:45.755+0000] {processor.py:186} INFO - Started process (PID=27525) to work on /home/airflow/.local/lib/python3.12/site-packages/airflow/example_dags/example_inlet_event_extra.py
[2026-07-29T19:22:45.756+0000] {processor.py:914} INFO - Processing file /home/airflow/.local/lib/python3.12/site-packages/airflow/example_dags/example_inlet_event_extra.py for tasks to queue
[2026-07-29T19:22:45.758+0000] {logging_mixin.py:190} INFO - [2026-07-29T19:22:45.757+0000] {dagbag.py:587} INFO - Filling up the DagBag from /home/airflow/.local/lib/python3.12/site-packages/airflow/example_dags/example_inlet_event_extra.py
[2026-07-29T19:22:45.822+0000] {processor.py:925} INFO - DAG(s) 'read_dataset_event_from_classic', 'read_dataset_event' retrieved from /home/airflow/.local/lib/python3.12/site-packages/airflow/example_dags/example_inlet_event_extra.py
[2026-07-29T19:22:45.831+0000] {logging_mixin.py:190} INFO - [2026-07-29T19:22:45.831+0000] {dag.py:3211} INFO - Sync 2 DAGs
[2026-07-29T19:22:45.840+0000] {logging_mixin.py:190} INFO - [2026-07-29T19:22:45.840+0000] {dag.py:4138} INFO - Setting next_dagrun for read_dataset_event to 2026-07-28 00:00:00+00:00, run_after=2026-07-29 00:00:00+00:00
[2026-07-29T19:22:45.842+0000] {logging_mixin.py:190} INFO - [2026-07-29T19:22:45.842+0000] {dag.py:4138} INFO - Setting next_dagrun for read_dataset_event_from_classic to 2026-07-28 00:00:00+00:00, run_after=2026-07-29 00:00:00+00:00
[2026-07-29T19:22:45.848+0000] {processor.py:208} INFO - Processing /home/airflow/.local/lib/python3.12/site-packages/airflow/example_dags/example_inlet_event_extra.py took 0.097 seconds
[2026-07-29T19:23:16.027+0000] {processor.py:186} INFO - Started process (PID=27591) to work on /home/airflow/.local/lib/python3.12/site-packages/airflow/example_dags/example_inlet_event_extra.py
[2026-07-29T19:23:16.028+0000] {processor.py:914} INFO - Processing file /home/airflow/.local/lib/python3.12/site-packages/airflow/example_dags/example_inlet_event_extra.py for tasks to queue
[2026-07-29T19:23:16.030+0000] {logging_mixin.py:190} INFO - [2026-07-29T19:23:16.029+0000] {dagbag.py:587} INFO - Filling up the DagBag from /home/airflow/.local/lib/python3.12/site-packages/airflow/example_dags/example_inlet_event_extra.py
[2026-07-29T19:23:16.098+0000] {processor.py:925} INFO - DAG(s) 'read_dataset_event', 'read_dataset_event_from_classic' retrieved from /home/airflow/.local/lib/python3.12/site-packages/airflow/example_dags/example_inlet_event_extra.py
[2026-07-29T19:23:16.107+0000] {logging_mixin.py:190} INFO - [2026-07-29T19:23:16.107+0000] {dag.py:3211} INFO - Sync 2 DAGs
[2026-07-29T19:23:16.115+0000] {logging_mixin.py:190} INFO - [2026-07-29T19:23:16.115+0000] {dag.py:4138} INFO - Setting next_dagrun for read_dataset_event to 2026-07-28 00:00:00+00:00, run_after=2026-07-29 00:00:00+00:00
[2026-07-29T19:23:16.116+0000] {logging_mixin.py:190} INFO - [2026-07-29T19:23:16.116+0000] {dag.py:4138} INFO - Setting next_dagrun for read_dataset_event_from_classic to 2026-07-28 00:00:00+00:00, run_after=2026-07-29 00:00:00+00:00
[2026-07-29T19:23:16.122+0000] {processor.py:208} INFO - Processing /home/airflow/.local/lib/python3.12/site-packages/airflow/example_dags/example_inlet_event_extra.py took 0.100 seconds
[2026-07-29T19:23:46.185+0000] {processor.py:186} INFO - Started process (PID=27657) to work on /home/airflow/.local/lib/python3.12/site-packages/airflow/example_dags/example_inlet_event_extra.py
[2026-07-29T19:23:46.186+0000] {processor.py:914} INFO - Processing file /home/airflow/.local/lib/python3.12/site-packages/airflow/example_dags/example_inlet_event_extra.py for tasks to queue
[2026-07-29T19:23:46.188+0000] {logging_mixin.py:190} INFO - [2026-07-29T19:23:46.187+0000] {dagbag.py:587} INFO - Filling up the DagBag from /home/airflow/.local/lib/python3.12/site-packages/airflow/example_dags/example_inlet_event_extra.py
[2026-07-29T19:23:46.253+0000] {processor.py:925} INFO - DAG(s) 'read_dataset_event_from_classic', 'read_dataset_event' retrieved from /home/airflow/.local/lib/python3.12/site-packages/airflow/example_dags/example_inlet_event_extra.py
[2026-07-29T19:23:46.263+0000] {logging_mixin.py:190} INFO - [2026-07-29T19:23:46.262+0000] {dag.py:3211} INFO - Sync 2 DAGs
[2026-07-29T19:23:46.273+0000] {logging_mixin.py:190} INFO - [2026-07-29T19:23:46.273+0000] {dag.py:4138} INFO - Setting next_dagrun for read_dataset_event to 2026-07-28 00:00:00+00:00, run_after=2026-07-29 00:00:00+00:00
[2026-07-29T19:23:46.275+0000] {logging_mixin.py:190} INFO - [2026-07-29T19:23:46.275+0000] {dag.py:4138} INFO - Setting next_dagrun for read_dataset_event_from_classic to 2026-07-28 00:00:00+00:00, run_after=2026-07-29 00:00:00+00:00
[2026-07-29T19:23:46.281+0000] {processor.py:208} INFO - Processing /home/airflow/.local/lib/python3.12/site-packages/airflow/example_dags/example_inlet_event_extra.py took 0.099 seconds
[2026-07-29T19:24:16.357+0000] {processor.py:186} INFO - Started process (PID=27723) to work on /home/airflow/.local/lib/python3.12/site-packages/airflow/example_dags/example_inlet_event_extra.py
[2026-07-29T19:24:16.358+0000] {processor.py:914} INFO - Processing file /home/airflow/.local/lib/python3.12/site-packages/airflow/example_dags/example_inlet_event_extra.py for tasks to queue
[2026-07-29T19:24:16.360+0000] {logging_mixin.py:190} INFO - [2026-07-29T19:24:16.360+0000] {dagbag.py:587} INFO - Filling up the DagBag from /home/airflow/.local/lib/python3.12/site-packages/airflow/example_dags/example_inlet_event_extra.py
[2026-07-29T19:24:16.432+0000] {processor.py:925} INFO - DAG(s) 'read_dataset_event', 'read_dataset_event_from_classic' retrieved from /home/airflow/.local/lib/python3.12/site-packages/airflow/example_dags/example_inlet_event_extra.py
[2026-07-29T19:24:16.441+0000] {logging_mixin.py:190} INFO - [2026-07-29T19:24:16.441+0000] {dag.py:3211} INFO - Sync 2 DAGs
[2026-07-29T19:24:16.449+0000] {logging_mixin.py:190} INFO - [2026-07-29T19:24:16.449+0000] {dag.py:4138} INFO - Setting next_dagrun for read_dataset_event to 2026-07-28 00:00:00+00:00, run_after=2026-07-29 00:00:00+00:00
[2026-07-29T19:24:16.450+0000] {logging_mixin.py:190} INFO - [2026-07-29T19:24:16.450+0000] {dag.py:4138} INFO - Setting next_dagrun for read_dataset_event_from_classic to 2026-07-28 00:00:00+00:00, run_after=2026-07-29 00:00:00+00:00
[2026-07-29T19:24:16.455+0000] {processor.py:208} INFO - Processing /home/airflow/.local/lib/python3.12/site-packages/airflow/example_dags/example_inlet_event_extra.py took 0.104 seconds
[2026-07-29T19:24:46.489+0000] {processor.py:186} INFO - Started process (PID=27789) to work on /home/airflow/.local/lib/python3.12/site-packages/airflow/example_dags/example_inlet_event_extra.py
[2026-07-29T19:24:46.490+0000] {processor.py:914} INFO - Processing file /home/airflow/.local/lib/python3.12/site-packages/airflow/example_dags/example_inlet_event_extra.py for tasks to queue
[2026-07-29T19:24:46.492+0000] {logging_mixin.py:190} INFO - [2026-07-29T19:24:46.492+0000] {dagbag.py:587} INFO - Filling up the DagBag from /home/airflow/.local/lib/python3.12/site-packages/airflow/example_dags/example_inlet_event_extra.py
[2026-07-29T19:24:46.555+0000] {processor.py:925} INFO - DAG(s) 'read_dataset_event_from_classic', 'read_dataset_event' retrieved from /home/airflow/.local/lib/python3.12/site-packages/airflow/example_dags/example_inlet_event_extra.py
[2026-07-29T19:24:46.565+0000] {logging_mixin.py:190} INFO - [2026-07-29T19:24:46.565+0000] {dag.py:3211} INFO - Sync 2 DAGs
[2026-07-29T19:24:46.574+0000] {logging_mixin.py:190} INFO - [2026-07-29T19:24:46.574+0000] {dag.py:4138} INFO - Setting next_dagrun for read_dataset_event to 2026-07-28 00:00:00+00:00, run_after=2026-07-29 00:00:00+00:00
[2026-07-29T19:24:46.575+0000] {logging_mixin.py:190} INFO - [2026-07-29T19:24:46.575+0000] {dag.py:4138} INFO - Setting next_dagrun for read_dataset_event_from_classic to 2026-07-28 00:00:00+00:00, run_after=2026-07-29 00:00:00+00:00
[2026-07-29T19:24:46.580+0000] {processor.py:208} INFO - Processing /home/airflow/.local/lib/python3.12/site-packages/airflow/example_dags/example_inlet_event_extra.py took 0.096 seconds
[2026-07-29T19:25:17.507+0000] {processor.py:186} INFO - Started process (PID=27855) to work on /home/airflow/.local/lib/python3.12/site-packages/airflow/example_dags/example_inlet_event_extra.py
[2026-07-29T19:25:17.508+0000] {processor.py:914} INFO - Processing file /home/airflow/.local/lib/python3.12/site-packages/airflow/example_dags/example_inlet_event_extra.py for tasks to queue
[2026-07-29T19:25:17.510+0000] {logging_mixin.py:190} INFO - [2026-07-29T19:25:17.510+0000] {dagbag.py:587} INFO - Filling up the DagBag from /home/airflow/.local/lib/python3.12/site-packages/airflow/example_dags/example_inlet_event_extra.py
[2026-07-29T19:25:17.585+0000] {processor.py:925} INFO - DAG(s) 'read_dataset_event_from_classic', 'read_dataset_event' retrieved from /home/airflow/.local/lib/python3.12/site-packages/airflow/example_dags/example_inlet_event_extra.py
[2026-07-29T19:25:17.595+0000] {logging_mixin.py:190} INFO - [2026-07-29T19:25:17.595+0000] {dag.py:3211} INFO - Sync 2 DAGs
[2026-07-29T19:25:17.604+0000] {logging_mixin.py:190} INFO - [2026-07-29T19:25:17.604+0000] {dag.py:4138} INFO - Setting next_dagrun for read_dataset_event to 2026-07-28 00:00:00+00:00, run_after=2026-07-29 00:00:00+00:00
[2026-07-29T19:25:17.605+0000] {logging_mixin.py:190} INFO - [2026-07-29T19:25:17.605+0000] {dag.py:4138} INFO - Setting next_dagrun for read_dataset_event_from_classic to 2026-07-28 00:00:00+00:00, run_after=2026-07-29 00:00:00+00:00
[2026-07-29T19:25:17.612+0000] {processor.py:208} INFO - Processing /home/airflow/.local/lib/python3.12/site-packages/airflow/example_dags/example_inlet_event_extra.py took 0.109 seconds
[2026-07-29T19:25:47.648+0000] {processor.py:186} INFO - Started process (PID=27921) to work on /home/airflow/.local/lib/python3.12/site-packages/airflow/example_dags/example_inlet_event_extra.py
[2026-07-29T19:25:47.650+0000] {processor.py:914} INFO - Processing file /home/airflow/.local/lib/python3.12/site-packages/airflow/example_dags/example_inlet_event_extra.py for tasks to queue
[2026-07-29T19:25:47.652+0000] {logging_mixin.py:190} INFO - [2026-07-29T19:25:47.651+0000] {dagbag.py:587} INFO - Filling up the DagBag from /home/airflow/.local/lib/python3.12/site-packages/airflow/example_dags/example_inlet_event_extra.py
[2026-07-29T19:25:47.714+0000] {processor.py:925} INFO - DAG(s) 'read_dataset_event_from_classic', 'read_dataset_event' retrieved from /home/airflow/.local/lib/python3.12/site-packages/airflow/example_dags/example_inlet_event_extra.py
[2026-07-29T19:25:47.723+0000] {logging_mixin.py:190} INFO - [2026-07-29T19:25:47.723+0000] {dag.py:3211} INFO - Sync 2 DAGs
[2026-07-29T19:25:47.734+0000] {logging_mixin.py:190} INFO - [2026-07-29T19:25:47.734+0000] {dag.py:4138} INFO - Setting next_dagrun for read_dataset_event to 2026-07-28 00:00:00+00:00, run_after=2026-07-29 00:00:00+00:00
[2026-07-29T19:25:47.735+0000] {logging_mixin.py:190} INFO - [2026-07-29T19:25:47.735+0000] {dag.py:4138} INFO - Setting next_dagrun for read_dataset_event_from_classic to 2026-07-28 00:00:00+00:00, run_after=2026-07-29 00:00:00+00:00
[2026-07-29T19:25:47.741+0000] {processor.py:208} INFO - Processing /home/airflow/.local/lib/python3.12/site-packages/airflow/example_dags/example_inlet_event_extra.py took 0.098 seconds
[2026-07-29T19:26:17.809+0000] {processor.py:186} INFO - Started process (PID=27987) to work on /home/airflow/.local/lib/python3.12/site-packages/airflow/example_dags/example_inlet_event_extra.py
[2026-07-29T19:26:17.809+0000] {processor.py:914} INFO - Processing file /home/airflow/.local/lib/python3.12/site-packages/airflow/example_dags/example_inlet_event_extra.py for tasks to queue
[2026-07-29T19:26:17.810+0000] {logging_mixin.py:190} INFO - [2026-07-29T19:26:17.810+0000] {dagbag.py:587} INFO - Filling up the DagBag from /home/airflow/.local/lib/python3.12/site-packages/airflow/example_dags/example_inlet_event_extra.py
[2026-07-29T19:26:17.873+0000] {processor.py:925} INFO - DAG(s) 'read_dataset_event_from_classic', 'read_dataset_event' retrieved from /home/airflow/.local/lib/python3.12/site-packages/airflow/example_dags/example_inlet_event_extra.py
[2026-07-29T19:26:17.881+0000] {logging_mixin.py:190} INFO - [2026-07-29T19:26:17.881+0000] {dag.py:3211} INFO - Sync 2 DAGs
[2026-07-29T19:26:17.890+0000] {logging_mixin.py:190} INFO - [2026-07-29T19:26:17.890+0000] {dag.py:4138} INFO - Setting next_dagrun for read_dataset_event to 2026-07-28 00:00:00+00:00, run_after=2026-07-29 00:00:00+00:00
[2026-07-29T19:26:17.892+0000] {logging_mixin.py:190} INFO - [2026-07-29T19:26:17.892+0000] {dag.py:4138} INFO - Setting next_dagrun for read_dataset_event_from_classic to 2026-07-28 00:00:00+00:00, run_after=2026-07-29 00:00:00+00:00
[2026-07-29T19:26:17.897+0000] {processor.py:208} INFO - Processing /home/airflow/.local/lib/python3.12/site-packages/airflow/example_dags/example_inlet_event_extra.py took 0.093 seconds
[2026-07-29T19:26:48.903+0000] {processor.py:186} INFO - Started process (PID=28053) to work on /home/airflow/.local/lib/python3.12/site-packages/airflow/example_dags/example_inlet_event_extra.py
[2026-07-29T19:26:48.904+0000] {processor.py:914} INFO - Processing file /home/airflow/.local/lib/python3.12/site-packages/airflow/example_dags/example_inlet_event_extra.py for tasks to queue
[2026-07-29T19:26:48.906+0000] {logging_mixin.py:190} INFO - [2026-07-29T19:26:48.906+0000] {dagbag.py:587} INFO - Filling up the DagBag from /home/airflow/.local/lib/python3.12/site-packages/airflow/example_dags/example_inlet_event_extra.py
[2026-07-29T19:26:48.974+0000] {processor.py:925} INFO - DAG(s) 'read_dataset_event_from_classic', 'read_dataset_event' retrieved from /home/airflow/.local/lib/python3.12/site-packages/airflow/example_dags/example_inlet_event_extra.py
[2026-07-29T19:26:48.983+0000] {logging_mixin.py:190} INFO - [2026-07-29T19:26:48.983+0000] {dag.py:3211} INFO - Sync 2 DAGs
[2026-07-29T19:26:48.992+0000] {logging_mixin.py:190} INFO - [2026-07-29T19:26:48.992+0000] {dag.py:4138} INFO - Setting next_dagrun for read_dataset_event to 2026-07-28 00:00:00+00:00, run_after=2026-07-29 00:00:00+00:00
[2026-07-29T19:26:48.994+0000] {logging_mixin.py:190} INFO - [2026-07-29T19:26:48.994+0000] {dag.py:4138} INFO - Setting next_dagrun for read_dataset_event_from_classic to 2026-07-28 00:00:00+00:00, run_after=2026-07-29 00:00:00+00:00
[2026-07-29T19:26:49.000+0000] {processor.py:208} INFO - Processing /home/airflow/.local/lib/python3.12/site-packages/airflow/example_dags/example_inlet_event_extra.py took 0.101 seconds
[2026-07-29T19:27:19.050+0000] {processor.py:186} INFO - Started process (PID=28119) to work on /home/airflow/.local/lib/python3.12/site-packages/airflow/example_dags/example_inlet_event_extra.py
[2026-07-29T19:27:19.050+0000] {processor.py:914} INFO - Processing file /home/airflow/.local/lib/python3.12/site-packages/airflow/example_dags/example_inlet_event_extra.py for tasks to queue
[2026-07-29T19:27:19.053+0000] {logging_mixin.py:190} INFO - [2026-07-29T19:27:19.053+0000] {dagbag.py:587} INFO - Filling up the DagBag from /home/airflow/.local/lib/python3.12/site-packages/airflow/example_dags/example_inlet_event_extra.py
[2026-07-29T19:27:19.115+0000] {processor.py:925} INFO - DAG(s) 'read_dataset_event_from_classic', 'read_dataset_event' retrieved from /home/airflow/.local/lib/python3.12/site-packages/airflow/example_dags/example_inlet_event_extra.py
[2026-07-29T19:27:19.123+0000] {logging_mixin.py:190} INFO - [2026-07-29T19:27:19.123+0000] {dag.py:3211} INFO - Sync 2 DAGs
[2026-07-29T19:27:19.131+0000] {logging_mixin.py:190} INFO - [2026-07-29T19:27:19.131+0000] {dag.py:4138} INFO - Setting next_dagrun for read_dataset_event to 2026-07-28 00:00:00+00:00, run_after=2026-07-29 00:00:00+00:00
[2026-07-29T19:27:19.133+0000] {logging_mixin.py:190} INFO - [2026-07-29T19:27:19.133+0000] {dag.py:4138} INFO - Setting next_dagrun for read_dataset_event_from_classic to 2026-07-28 00:00:00+00:00, run_after=2026-07-29 00:00:00+00:00
[2026-07-29T19:27:19.138+0000] {processor.py:208} INFO - Processing /home/airflow/.local/lib/python3.12/site-packages/airflow/example_dags/example_inlet_event_extra.py took 0.094 seconds
[2026-07-29T19:27:49.181+0000] {processor.py:186} INFO - Started process (PID=28185) to work on /home/airflow/.local/lib/python3.12/site-packages/airflow/example_dags/example_inlet_event_extra.py
[2026-07-29T19:27:49.182+0000] {processor.py:914} INFO - Processing file /home/airflow/.local/lib/python3.12/site-packages/airflow/example_dags/example_inlet_event_extra.py for tasks to queue
[2026-07-29T19:27:49.183+0000] {logging_mixin.py:190} INFO - [2026-07-29T19:27:49.183+0000] {dagbag.py:587} INFO - Filling up the DagBag from /home/airflow/.local/lib/python3.12/site-packages/airflow/example_dags/example_inlet_event_extra.py
[2026-07-29T19:27:49.244+0000] {processor.py:925} INFO - DAG(s) 'read_dataset_event', 'read_dataset_event_from_classic' retrieved from /home/airflow/.local/lib/python3.12/site-packages/airflow/example_dags/example_inlet_event_extra.py
[2026-07-29T19:27:49.254+0000] {logging_mixin.py:190} INFO - [2026-07-29T19:27:49.254+0000] {dag.py:3211} INFO - Sync 2 DAGs
[2026-07-29T19:27:49.263+0000] {logging_mixin.py:190} INFO - [2026-07-29T19:27:49.263+0000] {dag.py:4138} INFO - Setting next_dagrun for read_dataset_event to 2026-07-28 00:00:00+00:00, run_after=2026-07-29 00:00:00+00:00
[2026-07-29T19:27:49.265+0000] {logging_mixin.py:190} INFO - [2026-07-29T19:27:49.265+0000] {dag.py:4138} INFO - Setting next_dagrun for read_dataset_event_from_classic to 2026-07-28 00:00:00+00:00, run_after=2026-07-29 00:00:00+00:00
[2026-07-29T19:27:49.271+0000] {processor.py:208} INFO - Processing /home/airflow/.local/lib/python3.12/site-packages/airflow/example_dags/example_inlet_event_extra.py took 0.093 seconds
[2026-07-29T19:28:19.307+0000] {processor.py:186} INFO - Started process (PID=28251) to work on /home/airflow/.local/lib/python3.12/site-packages/airflow/example_dags/example_inlet_event_extra.py
[2026-07-29T19:28:19.308+0000] {processor.py:914} INFO - Processing file /home/airflow/.local/lib/python3.12/site-packages/airflow/example_dags/example_inlet_event_extra.py for tasks to queue
[2026-07-29T19:28:19.310+0000] {logging_mixin.py:190} INFO - [2026-07-29T19:28:19.309+0000] {dagbag.py:587} INFO - Filling up the DagBag from /home/airflow/.local/lib/python3.12/site-packages/airflow/example_dags/example_inlet_event_extra.py
[2026-07-29T19:28:19.377+0000] {processor.py:925} INFO - DAG(s) 'read_dataset_event', 'read_dataset_event_from_classic' retrieved from /home/airflow/.local/lib/python3.12/site-packages/airflow/example_dags/example_inlet_event_extra.py
[2026-07-29T19:28:19.386+0000] {logging_mixin.py:190} INFO - [2026-07-29T19:28:19.386+0000] {dag.py:3211} INFO - Sync 2 DAGs
[2026-07-29T19:28:19.395+0000] {logging_mixin.py:190} INFO - [2026-07-29T19:28:19.395+0000] {dag.py:4138} INFO - Setting next_dagrun for read_dataset_event to 2026-07-28 00:00:00+00:00, run_after=2026-07-29 00:00:00+00:00
[2026-07-29T19:28:19.396+0000] {logging_mixin.py:190} INFO - [2026-07-29T19:28:19.396+0000] {dag.py:4138} INFO - Setting next_dagrun for read_dataset_event_from_classic to 2026-07-28 00:00:00+00:00, run_after=2026-07-29 00:00:00+00:00
[2026-07-29T19:28:19.402+0000] {processor.py:208} INFO - Processing /home/airflow/.local/lib/python3.12/site-packages/airflow/example_dags/example_inlet_event_extra.py took 0.098 seconds
[2026-07-29T19:28:49.567+0000] {processor.py:186} INFO - Started process (PID=28319) to work on /home/airflow/.local/lib/python3.12/site-packages/airflow/example_dags/example_inlet_event_extra.py
[2026-07-29T19:28:49.567+0000] {processor.py:914} INFO - Processing file /home/airflow/.local/lib/python3.12/site-packages/airflow/example_dags/example_inlet_event_extra.py for tasks to queue
[2026-07-29T19:28:49.568+0000] {logging_mixin.py:190} INFO - [2026-07-29T19:28:49.568+0000] {dagbag.py:587} INFO - Filling up the DagBag from /home/airflow/.local/lib/python3.12/site-packages/airflow/example_dags/example_inlet_event_extra.py
[2026-07-29T19:28:49.619+0000] {processor.py:925} INFO - DAG(s) 'read_dataset_event', 'read_dataset_event_from_classic' retrieved from /home/airflow/.local/lib/python3.12/site-packages/airflow/example_dags/example_inlet_event_extra.py
[2026-07-29T19:28:49.627+0000] {logging_mixin.py:190} INFO - [2026-07-29T19:28:49.627+0000] {dag.py:3211} INFO - Sync 2 DAGs
[2026-07-29T19:28:49.635+0000] {logging_mixin.py:190} INFO - [2026-07-29T19:28:49.635+0000] {dag.py:4138} INFO - Setting next_dagrun for read_dataset_event to 2026-07-28 00:00:00+00:00, run_after=2026-07-29 00:00:00+00:00
[2026-07-29T19:28:49.637+0000] {logging_mixin.py:190} INFO - [2026-07-29T19:28:49.637+0000] {dag.py:4138} INFO - Setting next_dagrun for read_dataset_event_from_classic to 2026-07-28 00:00:00+00:00, run_after=2026-07-29 00:00:00+00:00
[2026-07-29T19:28:49.642+0000] {processor.py:208} INFO - Processing /home/airflow/.local/lib/python3.12/site-packages/airflow/example_dags/example_inlet_event_extra.py took 0.078 seconds
[2026-07-29T19:29:20.017+0000] {processor.py:186} INFO - Started process (PID=28390) to work on /home/airflow/.local/lib/python3.12/site-packages/airflow/example_dags/example_inlet_event_extra.py
[2026-07-29T19:29:20.018+0000] {processor.py:914} INFO - Processing file /home/airflow/.local/lib/python3.12/site-packages/airflow/example_dags/example_inlet_event_extra.py for tasks to queue
[2026-07-29T19:29:20.021+0000] {logging_mixin.py:190} INFO - [2026-07-29T19:29:20.020+0000] {dagbag.py:587} INFO - Filling up the DagBag from /home/airflow/.local/lib/python3.12/site-packages/airflow/example_dags/example_inlet_event_extra.py
[2026-07-29T19:29:20.079+0000] {processor.py:925} INFO - DAG(s) 'read_dataset_event_from_classic', 'read_dataset_event' retrieved from /home/airflow/.local/lib/python3.12/site-packages/airflow/example_dags/example_inlet_event_extra.py
[2026-07-29T19:29:20.087+0000] {logging_mixin.py:190} INFO - [2026-07-29T19:29:20.087+0000] {dag.py:3211} INFO - Sync 2 DAGs
[2026-07-29T19:29:20.095+0000] {logging_mixin.py:190} INFO - [2026-07-29T19:29:20.095+0000] {dag.py:4138} INFO - Setting next_dagrun for read_dataset_event to 2026-07-28 00:00:00+00:00, run_after=2026-07-29 00:00:00+00:00
[2026-07-29T19:29:20.097+0000] {logging_mixin.py:190} INFO - [2026-07-29T19:29:20.097+0000] {dag.py:4138} INFO - Setting next_dagrun for read_dataset_event_from_classic to 2026-07-28 00:00:00+00:00, run_after=2026-07-29 00:00:00+00:00
[2026-07-29T19:29:20.102+0000] {processor.py:208} INFO - Processing /home/airflow/.local/lib/python3.12/site-packages/airflow/example_dags/example_inlet_event_extra.py took 0.087 seconds
[2026-07-29T19:29:50.169+0000] {processor.py:186} INFO - Started process (PID=28457) to work on /home/airflow/.local/lib/python3.12/site-packages/airflow/example_dags/example_inlet_event_extra.py
[2026-07-29T19:29:50.170+0000] {processor.py:914} INFO - Processing file /home/airflow/.local/lib/python3.12/site-packages/airflow/example_dags/example_inlet_event_extra.py for tasks to queue
[2026-07-29T19:29:50.171+0000] {logging_mixin.py:190} INFO - [2026-07-29T19:29:50.171+0000] {dagbag.py:587} INFO - Filling up the DagBag from /home/airflow/.local/lib/python3.12/site-packages/airflow/example_dags/example_inlet_event_extra.py
[2026-07-29T19:29:50.244+0000] {processor.py:925} INFO - DAG(s) 'read_dataset_event', 'read_dataset_event_from_classic' retrieved from /home/airflow/.local/lib/python3.12/site-packages/airflow/example_dags/example_inlet_event_extra.py
[2026-07-29T19:29:50.253+0000] {logging_mixin.py:190} INFO - [2026-07-29T19:29:50.253+0000] {dag.py:3211} INFO - Sync 2 DAGs
[2026-07-29T19:29:50.262+0000] {logging_mixin.py:190} INFO - [2026-07-29T19:29:50.262+0000] {dag.py:4138} INFO - Setting next_dagrun for read_dataset_event to 2026-07-28 00:00:00+00:00, run_after=2026-07-29 00:00:00+00:00
[2026-07-29T19:29:50.264+0000] {logging_mixin.py:190} INFO - [2026-07-29T19:29:50.264+0000] {dag.py:4138} INFO - Setting next_dagrun for read_dataset_event_from_classic to 2026-07-28 00:00:00+00:00, run_after=2026-07-29 00:00:00+00:00
[2026-07-29T19:29:50.274+0000] {processor.py:208} INFO - Processing /home/airflow/.local/lib/python3.12/site-packages/airflow/example_dags/example_inlet_event_extra.py took 0.107 seconds
[2026-07-29T19:30:20.331+0000] {processor.py:186} INFO - Started process (PID=28525) to work on /home/airflow/.local/lib/python3.12/site-packages/airflow/example_dags/example_inlet_event_extra.py
[2026-07-29T19:30:20.332+0000] {processor.py:914} INFO - Processing file /home/airflow/.local/lib/python3.12/site-packages/airflow/example_dags/example_inlet_event_extra.py for tasks to queue
[2026-07-29T19:30:20.333+0000] {logging_mixin.py:190} INFO - [2026-07-29T19:30:20.333+0000] {dagbag.py:587} INFO - Filling up the DagBag from /home/airflow/.local/lib/python3.12/site-packages/airflow/example_dags/example_inlet_event_extra.py
[2026-07-29T19:30:20.380+0000] {processor.py:925} INFO - DAG(s) 'read_dataset_event', 'read_dataset_event_from_classic' retrieved from /home/airflow/.local/lib/python3.12/site-packages/airflow/example_dags/example_inlet_event_extra.py
[2026-07-29T19:30:20.388+0000] {logging_mixin.py:190} INFO - [2026-07-29T19:30:20.388+0000] {dag.py:3211} INFO - Sync 2 DAGs
[2026-07-29T19:30:20.395+0000] {logging_mixin.py:190} INFO - [2026-07-29T19:30:20.395+0000] {dag.py:4138} INFO - Setting next_dagrun for read_dataset_event to 2026-07-28 00:00:00+00:00, run_after=2026-07-29 00:00:00+00:00
[2026-07-29T19:30:20.397+0000] {logging_mixin.py:190} INFO - [2026-07-29T19:30:20.397+0000] {dag.py:4138} INFO - Setting next_dagrun for read_dataset_event_from_classic to 2026-07-28 00:00:00+00:00, run_after=2026-07-29 00:00:00+00:00
[2026-07-29T19:30:20.402+0000] {processor.py:208} INFO - Processing /home/airflow/.local/lib/python3.12/site-packages/airflow/example_dags/example_inlet_event_extra.py took 0.072 seconds
[2026-07-29T19:30:50.528+0000] {processor.py:186} INFO - Started process (PID=28591) to work on /home/airflow/.local/lib/python3.12/site-packages/airflow/example_dags/example_inlet_event_extra.py
[2026-07-29T19:30:50.528+0000] {processor.py:914} INFO - Processing file /home/airflow/.local/lib/python3.12/site-packages/airflow/example_dags/example_inlet_event_extra.py for tasks to queue
[2026-07-29T19:30:50.530+0000] {logging_mixin.py:190} INFO - [2026-07-29T19:30:50.530+0000] {dagbag.py:587} INFO - Filling up the DagBag from /home/airflow/.local/lib/python3.12/site-packages/airflow/example_dags/example_inlet_event_extra.py
[2026-07-29T19:30:50.591+0000] {processor.py:925} INFO - DAG(s) 'read_dataset_event_from_classic', 'read_dataset_event' retrieved from /home/airflow/.local/lib/python3.12/site-packages/airflow/example_dags/example_inlet_event_extra.py
[2026-07-29T19:30:50.603+0000] {logging_mixin.py:190} INFO - [2026-07-29T19:30:50.603+0000] {dag.py:3211} INFO - Sync 2 DAGs
[2026-07-29T19:30:50.614+0000] {logging_mixin.py:190} INFO - [2026-07-29T19:30:50.614+0000] {dag.py:4138} INFO - Setting next_dagrun for read_dataset_event to 2026-07-28 00:00:00+00:00, run_after=2026-07-29 00:00:00+00:00
[2026-07-29T19:30:50.617+0000] {logging_mixin.py:190} INFO - [2026-07-29T19:30:50.617+0000] {dag.py:4138} INFO - Setting next_dagrun for read_dataset_event_from_classic to 2026-07-28 00:00:00+00:00, run_after=2026-07-29 00:00:00+00:00
[2026-07-29T19:30:50.625+0000] {processor.py:208} INFO - Processing /home/airflow/.local/lib/python3.12/site-packages/airflow/example_dags/example_inlet_event_extra.py took 0.100 seconds
[2026-07-29T19:31:21.462+0000] {processor.py:186} INFO - Started process (PID=28657) to work on /home/airflow/.local/lib/python3.12/site-packages/airflow/example_dags/example_inlet_event_extra.py
[2026-07-29T19:31:21.463+0000] {processor.py:914} INFO - Processing file /home/airflow/.local/lib/python3.12/site-packages/airflow/example_dags/example_inlet_event_extra.py for tasks to queue
[2026-07-29T19:31:21.464+0000] {logging_mixin.py:190} INFO - [2026-07-29T19:31:21.464+0000] {dagbag.py:587} INFO - Filling up the DagBag from /home/airflow/.local/lib/python3.12/site-packages/airflow/example_dags/example_inlet_event_extra.py
[2026-07-29T19:31:21.526+0000] {processor.py:925} INFO - DAG(s) 'read_dataset_event_from_classic', 'read_dataset_event' retrieved from /home/airflow/.local/lib/python3.12/site-packages/airflow/example_dags/example_inlet_event_extra.py
[2026-07-29T19:31:21.535+0000] {logging_mixin.py:190} INFO - [2026-07-29T19:31:21.535+0000] {dag.py:3211} INFO - Sync 2 DAGs
[2026-07-29T19:31:21.544+0000] {logging_mixin.py:190} INFO - [2026-07-29T19:31:21.544+0000] {dag.py:4138} INFO - Setting next_dagrun for read_dataset_event to 2026-07-28 00:00:00+00:00, run_after=2026-07-29 00:00:00+00:00
[2026-07-29T19:31:21.545+0000] {logging_mixin.py:190} INFO - [2026-07-29T19:31:21.545+0000] {dag.py:4138} INFO - Setting next_dagrun for read_dataset_event_from_classic to 2026-07-28 00:00:00+00:00, run_after=2026-07-29 00:00:00+00:00
[2026-07-29T19:31:21.552+0000] {processor.py:208} INFO - Processing /home/airflow/.local/lib/python3.12/site-packages/airflow/example_dags/example_inlet_event_extra.py took 0.092 seconds
[2026-07-29T19:31:52.472+0000] {processor.py:186} INFO - Started process (PID=28723) to work on /home/airflow/.local/lib/python3.12/site-packages/airflow/example_dags/example_inlet_event_extra.py
[2026-07-29T19:31:52.472+0000] {processor.py:914} INFO - Processing file /home/airflow/.local/lib/python3.12/site-packages/airflow/example_dags/example_inlet_event_extra.py for tasks to queue
[2026-07-29T19:31:52.473+0000] {logging_mixin.py:190} INFO - [2026-07-29T19:31:52.473+0000] {dagbag.py:587} INFO - Filling up the DagBag from /home/airflow/.local/lib/python3.12/site-packages/airflow/example_dags/example_inlet_event_extra.py
[2026-07-29T19:31:52.523+0000] {processor.py:925} INFO - DAG(s) 'read_dataset_event_from_classic', 'read_dataset_event' retrieved from /home/airflow/.local/lib/python3.12/site-packages/airflow/example_dags/example_inlet_event_extra.py
[2026-07-29T19:31:52.530+0000] {logging_mixin.py:190} INFO - [2026-07-29T19:31:52.530+0000] {dag.py:3211} INFO - Sync 2 DAGs
[2026-07-29T19:31:52.538+0000] {logging_mixin.py:190} INFO - [2026-07-29T19:31:52.538+0000] {dag.py:4138} INFO - Setting next_dagrun for read_dataset_event to 2026-07-28 00:00:00+00:00, run_after=2026-07-29 00:00:00+00:00
[2026-07-29T19:31:52.539+0000] {logging_mixin.py:190} INFO - [2026-07-29T19:31:52.539+0000] {dag.py:4138} INFO - Setting next_dagrun for read_dataset_event_from_classic to 2026-07-28 00:00:00+00:00, run_after=2026-07-29 00:00:00+00:00
[2026-07-29T19:31:52.545+0000] {processor.py:208} INFO - Processing /home/airflow/.local/lib/python3.12/site-packages/airflow/example_dags/example_inlet_event_extra.py took 0.076 seconds
