[2026-07-29T15:21:24.698+0000] {processor.py:186} INFO - Started process (PID=107) to work on /home/airflow/.local/lib/python3.12/site-packages/airflow/example_dags/plugins/decreasing_priority_weight_strategy.py
[2026-07-29T15:21:24.699+0000] {processor.py:914} INFO - Processing file /home/airflow/.local/lib/python3.12/site-packages/airflow/example_dags/plugins/decreasing_priority_weight_strategy.py for tasks to queue
[2026-07-29T15:21:24.700+0000] {logging_mixin.py:190} INFO - [2026-07-29T15:21:24.700+0000] {dagbag.py:587} INFO - Filling up the DagBag from /home/airflow/.local/lib/python3.12/site-packages/airflow/example_dags/plugins/decreasing_priority_weight_strategy.py
[2026-07-29T15:21:24.702+0000] {processor.py:927} WARNING - No viable dags retrieved from /home/airflow/.local/lib/python3.12/site-packages/airflow/example_dags/plugins/decreasing_priority_weight_strategy.py
[2026-07-29T15:21:24.710+0000] {processor.py:208} INFO - Processing /home/airflow/.local/lib/python3.12/site-packages/airflow/example_dags/plugins/decreasing_priority_weight_strategy.py took 0.016 seconds
[2026-07-29T15:21:54.801+0000] {processor.py:186} INFO - Started process (PID=172) to work on /home/airflow/.local/lib/python3.12/site-packages/airflow/example_dags/plugins/decreasing_priority_weight_strategy.py
[2026-07-29T15:21:54.802+0000] {processor.py:914} INFO - Processing file /home/airflow/.local/lib/python3.12/site-packages/airflow/example_dags/plugins/decreasing_priority_weight_strategy.py for tasks to queue
[2026-07-29T15:21:54.805+0000] {logging_mixin.py:190} INFO - [2026-07-29T15:21:54.805+0000] {dagbag.py:587} INFO - Filling up the DagBag from /home/airflow/.local/lib/python3.12/site-packages/airflow/example_dags/plugins/decreasing_priority_weight_strategy.py
[2026-07-29T15:21:54.807+0000] {processor.py:927} WARNING - No viable dags retrieved from /home/airflow/.local/lib/python3.12/site-packages/airflow/example_dags/plugins/decreasing_priority_weight_strategy.py
[2026-07-29T15:21:54.818+0000] {processor.py:208} INFO - Processing /home/airflow/.local/lib/python3.12/site-packages/airflow/example_dags/plugins/decreasing_priority_weight_strategy.py took 0.020 seconds
[2026-07-29T15:23:05.704+0000] {processor.py:186} INFO - Started process (PID=107) to work on /home/airflow/.local/lib/python3.12/site-packages/airflow/example_dags/plugins/decreasing_priority_weight_strategy.py
[2026-07-29T15:23:05.705+0000] {processor.py:914} INFO - Processing file /home/airflow/.local/lib/python3.12/site-packages/airflow/example_dags/plugins/decreasing_priority_weight_strategy.py for tasks to queue
[2026-07-29T15:23:05.706+0000] {logging_mixin.py:190} INFO - [2026-07-29T15:23:05.706+0000] {dagbag.py:587} INFO - Filling up the DagBag from /home/airflow/.local/lib/python3.12/site-packages/airflow/example_dags/plugins/decreasing_priority_weight_strategy.py
[2026-07-29T15:23:05.707+0000] {processor.py:927} WARNING - No viable dags retrieved from /home/airflow/.local/lib/python3.12/site-packages/airflow/example_dags/plugins/decreasing_priority_weight_strategy.py
[2026-07-29T15:23:05.715+0000] {processor.py:208} INFO - Processing /home/airflow/.local/lib/python3.12/site-packages/airflow/example_dags/plugins/decreasing_priority_weight_strategy.py took 0.013 seconds
[2026-07-29T15:23:36.642+0000] {processor.py:186} INFO - Started process (PID=173) to work on /home/airflow/.local/lib/python3.12/site-packages/airflow/example_dags/plugins/decreasing_priority_weight_strategy.py
[2026-07-29T15:23:36.642+0000] {processor.py:914} INFO - Processing file /home/airflow/.local/lib/python3.12/site-packages/airflow/example_dags/plugins/decreasing_priority_weight_strategy.py for tasks to queue
[2026-07-29T15:23:36.643+0000] {logging_mixin.py:190} INFO - [2026-07-29T15:23:36.643+0000] {dagbag.py:587} INFO - Filling up the DagBag from /home/airflow/.local/lib/python3.12/site-packages/airflow/example_dags/plugins/decreasing_priority_weight_strategy.py
[2026-07-29T15:23:36.644+0000] {processor.py:927} WARNING - No viable dags retrieved from /home/airflow/.local/lib/python3.12/site-packages/airflow/example_dags/plugins/decreasing_priority_weight_strategy.py
[2026-07-29T15:23:36.649+0000] {processor.py:208} INFO - Processing /home/airflow/.local/lib/python3.12/site-packages/airflow/example_dags/plugins/decreasing_priority_weight_strategy.py took 0.009 seconds
[2026-07-29T15:24:07.509+0000] {processor.py:186} INFO - Started process (PID=239) to work on /home/airflow/.local/lib/python3.12/site-packages/airflow/example_dags/plugins/decreasing_priority_weight_strategy.py
[2026-07-29T15:24:07.510+0000] {processor.py:914} INFO - Processing file /home/airflow/.local/lib/python3.12/site-packages/airflow/example_dags/plugins/decreasing_priority_weight_strategy.py for tasks to queue
[2026-07-29T15:24:07.511+0000] {logging_mixin.py:190} INFO - [2026-07-29T15:24:07.511+0000] {dagbag.py:587} INFO - Filling up the DagBag from /home/airflow/.local/lib/python3.12/site-packages/airflow/example_dags/plugins/decreasing_priority_weight_strategy.py
[2026-07-29T15:24:07.512+0000] {processor.py:927} WARNING - No viable dags retrieved from /home/airflow/.local/lib/python3.12/site-packages/airflow/example_dags/plugins/decreasing_priority_weight_strategy.py
[2026-07-29T15:24:07.517+0000] {processor.py:208} INFO - Processing /home/airflow/.local/lib/python3.12/site-packages/airflow/example_dags/plugins/decreasing_priority_weight_strategy.py took 0.011 seconds
[2026-07-29T15:24:38.622+0000] {processor.py:186} INFO - Started process (PID=305) to work on /home/airflow/.local/lib/python3.12/site-packages/airflow/example_dags/plugins/decreasing_priority_weight_strategy.py
[2026-07-29T15:24:38.622+0000] {processor.py:914} INFO - Processing file /home/airflow/.local/lib/python3.12/site-packages/airflow/example_dags/plugins/decreasing_priority_weight_strategy.py for tasks to queue
[2026-07-29T15:24:38.623+0000] {logging_mixin.py:190} INFO - [2026-07-29T15:24:38.623+0000] {dagbag.py:587} INFO - Filling up the DagBag from /home/airflow/.local/lib/python3.12/site-packages/airflow/example_dags/plugins/decreasing_priority_weight_strategy.py
[2026-07-29T15:24:38.624+0000] {processor.py:927} WARNING - No viable dags retrieved from /home/airflow/.local/lib/python3.12/site-packages/airflow/example_dags/plugins/decreasing_priority_weight_strategy.py
[2026-07-29T15:24:38.629+0000] {processor.py:208} INFO - Processing /home/airflow/.local/lib/python3.12/site-packages/airflow/example_dags/plugins/decreasing_priority_weight_strategy.py took 0.010 seconds
[2026-07-29T15:25:08.752+0000] {processor.py:186} INFO - Started process (PID=371) to work on /home/airflow/.local/lib/python3.12/site-packages/airflow/example_dags/plugins/decreasing_priority_weight_strategy.py
[2026-07-29T15:25:08.752+0000] {processor.py:914} INFO - Processing file /home/airflow/.local/lib/python3.12/site-packages/airflow/example_dags/plugins/decreasing_priority_weight_strategy.py for tasks to queue
[2026-07-29T15:25:08.755+0000] {logging_mixin.py:190} INFO - [2026-07-29T15:25:08.754+0000] {dagbag.py:587} INFO - Filling up the DagBag from /home/airflow/.local/lib/python3.12/site-packages/airflow/example_dags/plugins/decreasing_priority_weight_strategy.py
[2026-07-29T15:25:08.756+0000] {processor.py:927} WARNING - No viable dags retrieved from /home/airflow/.local/lib/python3.12/site-packages/airflow/example_dags/plugins/decreasing_priority_weight_strategy.py
[2026-07-29T15:25:08.764+0000] {processor.py:208} INFO - Processing /home/airflow/.local/lib/python3.12/site-packages/airflow/example_dags/plugins/decreasing_priority_weight_strategy.py took 0.015 seconds
[2026-07-29T15:25:39.830+0000] {processor.py:186} INFO - Started process (PID=437) to work on /home/airflow/.local/lib/python3.12/site-packages/airflow/example_dags/plugins/decreasing_priority_weight_strategy.py
[2026-07-29T15:25:39.831+0000] {processor.py:914} INFO - Processing file /home/airflow/.local/lib/python3.12/site-packages/airflow/example_dags/plugins/decreasing_priority_weight_strategy.py for tasks to queue
[2026-07-29T15:25:39.832+0000] {logging_mixin.py:190} INFO - [2026-07-29T15:25:39.832+0000] {dagbag.py:587} INFO - Filling up the DagBag from /home/airflow/.local/lib/python3.12/site-packages/airflow/example_dags/plugins/decreasing_priority_weight_strategy.py
[2026-07-29T15:25:39.833+0000] {processor.py:927} WARNING - No viable dags retrieved from /home/airflow/.local/lib/python3.12/site-packages/airflow/example_dags/plugins/decreasing_priority_weight_strategy.py
[2026-07-29T15:25:39.839+0000] {processor.py:208} INFO - Processing /home/airflow/.local/lib/python3.12/site-packages/airflow/example_dags/plugins/decreasing_priority_weight_strategy.py took 0.012 seconds
[2026-07-29T15:26:10.918+0000] {processor.py:186} INFO - Started process (PID=503) to work on /home/airflow/.local/lib/python3.12/site-packages/airflow/example_dags/plugins/decreasing_priority_weight_strategy.py
[2026-07-29T15:26:10.918+0000] {processor.py:914} INFO - Processing file /home/airflow/.local/lib/python3.12/site-packages/airflow/example_dags/plugins/decreasing_priority_weight_strategy.py for tasks to queue
[2026-07-29T15:26:10.919+0000] {logging_mixin.py:190} INFO - [2026-07-29T15:26:10.919+0000] {dagbag.py:587} INFO - Filling up the DagBag from /home/airflow/.local/lib/python3.12/site-packages/airflow/example_dags/plugins/decreasing_priority_weight_strategy.py
[2026-07-29T15:26:10.920+0000] {processor.py:927} WARNING - No viable dags retrieved from /home/airflow/.local/lib/python3.12/site-packages/airflow/example_dags/plugins/decreasing_priority_weight_strategy.py
[2026-07-29T15:26:10.926+0000] {processor.py:208} INFO - Processing /home/airflow/.local/lib/python3.12/site-packages/airflow/example_dags/plugins/decreasing_priority_weight_strategy.py took 0.010 seconds
[2026-07-29T15:26:41.985+0000] {processor.py:186} INFO - Started process (PID=575) to work on /home/airflow/.local/lib/python3.12/site-packages/airflow/example_dags/plugins/decreasing_priority_weight_strategy.py
[2026-07-29T15:26:41.986+0000] {processor.py:914} INFO - Processing file /home/airflow/.local/lib/python3.12/site-packages/airflow/example_dags/plugins/decreasing_priority_weight_strategy.py for tasks to queue
[2026-07-29T15:26:41.987+0000] {logging_mixin.py:190} INFO - [2026-07-29T15:26:41.987+0000] {dagbag.py:587} INFO - Filling up the DagBag from /home/airflow/.local/lib/python3.12/site-packages/airflow/example_dags/plugins/decreasing_priority_weight_strategy.py
[2026-07-29T15:26:41.988+0000] {processor.py:927} WARNING - No viable dags retrieved from /home/airflow/.local/lib/python3.12/site-packages/airflow/example_dags/plugins/decreasing_priority_weight_strategy.py
[2026-07-29T15:26:41.997+0000] {processor.py:208} INFO - Processing /home/airflow/.local/lib/python3.12/site-packages/airflow/example_dags/plugins/decreasing_priority_weight_strategy.py took 0.014 seconds
[2026-07-29T15:27:13.108+0000] {processor.py:186} INFO - Started process (PID=641) to work on /home/airflow/.local/lib/python3.12/site-packages/airflow/example_dags/plugins/decreasing_priority_weight_strategy.py
[2026-07-29T15:27:13.108+0000] {processor.py:914} INFO - Processing file /home/airflow/.local/lib/python3.12/site-packages/airflow/example_dags/plugins/decreasing_priority_weight_strategy.py for tasks to queue
[2026-07-29T15:27:13.110+0000] {logging_mixin.py:190} INFO - [2026-07-29T15:27:13.110+0000] {dagbag.py:587} INFO - Filling up the DagBag from /home/airflow/.local/lib/python3.12/site-packages/airflow/example_dags/plugins/decreasing_priority_weight_strategy.py
[2026-07-29T15:27:13.111+0000] {processor.py:927} WARNING - No viable dags retrieved from /home/airflow/.local/lib/python3.12/site-packages/airflow/example_dags/plugins/decreasing_priority_weight_strategy.py
[2026-07-29T15:27:13.117+0000] {processor.py:208} INFO - Processing /home/airflow/.local/lib/python3.12/site-packages/airflow/example_dags/plugins/decreasing_priority_weight_strategy.py took 0.012 seconds
[2026-07-29T15:27:44.100+0000] {processor.py:186} INFO - Started process (PID=707) to work on /home/airflow/.local/lib/python3.12/site-packages/airflow/example_dags/plugins/decreasing_priority_weight_strategy.py
[2026-07-29T15:27:44.100+0000] {processor.py:914} INFO - Processing file /home/airflow/.local/lib/python3.12/site-packages/airflow/example_dags/plugins/decreasing_priority_weight_strategy.py for tasks to queue
[2026-07-29T15:27:44.102+0000] {logging_mixin.py:190} INFO - [2026-07-29T15:27:44.102+0000] {dagbag.py:587} INFO - Filling up the DagBag from /home/airflow/.local/lib/python3.12/site-packages/airflow/example_dags/plugins/decreasing_priority_weight_strategy.py
[2026-07-29T15:27:44.103+0000] {processor.py:927} WARNING - No viable dags retrieved from /home/airflow/.local/lib/python3.12/site-packages/airflow/example_dags/plugins/decreasing_priority_weight_strategy.py
[2026-07-29T15:27:44.110+0000] {processor.py:208} INFO - Processing /home/airflow/.local/lib/python3.12/site-packages/airflow/example_dags/plugins/decreasing_priority_weight_strategy.py took 0.013 seconds
[2026-07-29T15:28:25.642+0000] {processor.py:186} INFO - Started process (PID=107) to work on /home/airflow/.local/lib/python3.12/site-packages/airflow/example_dags/plugins/decreasing_priority_weight_strategy.py
[2026-07-29T15:28:25.643+0000] {processor.py:914} INFO - Processing file /home/airflow/.local/lib/python3.12/site-packages/airflow/example_dags/plugins/decreasing_priority_weight_strategy.py for tasks to queue
[2026-07-29T15:28:25.643+0000] {logging_mixin.py:190} INFO - [2026-07-29T15:28:25.643+0000] {dagbag.py:587} INFO - Filling up the DagBag from /home/airflow/.local/lib/python3.12/site-packages/airflow/example_dags/plugins/decreasing_priority_weight_strategy.py
[2026-07-29T15:28:25.645+0000] {processor.py:927} WARNING - No viable dags retrieved from /home/airflow/.local/lib/python3.12/site-packages/airflow/example_dags/plugins/decreasing_priority_weight_strategy.py
[2026-07-29T15:28:25.650+0000] {processor.py:208} INFO - Processing /home/airflow/.local/lib/python3.12/site-packages/airflow/example_dags/plugins/decreasing_priority_weight_strategy.py took 0.011 seconds
[2026-07-29T15:28:55.729+0000] {processor.py:186} INFO - Started process (PID=173) to work on /home/airflow/.local/lib/python3.12/site-packages/airflow/example_dags/plugins/decreasing_priority_weight_strategy.py
[2026-07-29T15:28:55.729+0000] {processor.py:914} INFO - Processing file /home/airflow/.local/lib/python3.12/site-packages/airflow/example_dags/plugins/decreasing_priority_weight_strategy.py for tasks to queue
[2026-07-29T15:28:55.730+0000] {logging_mixin.py:190} INFO - [2026-07-29T15:28:55.730+0000] {dagbag.py:587} INFO - Filling up the DagBag from /home/airflow/.local/lib/python3.12/site-packages/airflow/example_dags/plugins/decreasing_priority_weight_strategy.py
[2026-07-29T15:28:55.731+0000] {processor.py:927} WARNING - No viable dags retrieved from /home/airflow/.local/lib/python3.12/site-packages/airflow/example_dags/plugins/decreasing_priority_weight_strategy.py
[2026-07-29T15:28:55.737+0000] {processor.py:208} INFO - Processing /home/airflow/.local/lib/python3.12/site-packages/airflow/example_dags/plugins/decreasing_priority_weight_strategy.py took 0.011 seconds
[2026-07-29T15:29:26.412+0000] {processor.py:186} INFO - Started process (PID=239) to work on /home/airflow/.local/lib/python3.12/site-packages/airflow/example_dags/plugins/decreasing_priority_weight_strategy.py
[2026-07-29T15:29:26.413+0000] {processor.py:914} INFO - Processing file /home/airflow/.local/lib/python3.12/site-packages/airflow/example_dags/plugins/decreasing_priority_weight_strategy.py for tasks to queue
[2026-07-29T15:29:26.414+0000] {logging_mixin.py:190} INFO - [2026-07-29T15:29:26.414+0000] {dagbag.py:587} INFO - Filling up the DagBag from /home/airflow/.local/lib/python3.12/site-packages/airflow/example_dags/plugins/decreasing_priority_weight_strategy.py
[2026-07-29T15:29:26.415+0000] {processor.py:927} WARNING - No viable dags retrieved from /home/airflow/.local/lib/python3.12/site-packages/airflow/example_dags/plugins/decreasing_priority_weight_strategy.py
[2026-07-29T15:29:26.421+0000] {processor.py:208} INFO - Processing /home/airflow/.local/lib/python3.12/site-packages/airflow/example_dags/plugins/decreasing_priority_weight_strategy.py took 0.012 seconds
[2026-07-29T15:29:57.563+0000] {processor.py:186} INFO - Started process (PID=305) to work on /home/airflow/.local/lib/python3.12/site-packages/airflow/example_dags/plugins/decreasing_priority_weight_strategy.py
[2026-07-29T15:29:57.564+0000] {processor.py:914} INFO - Processing file /home/airflow/.local/lib/python3.12/site-packages/airflow/example_dags/plugins/decreasing_priority_weight_strategy.py for tasks to queue
[2026-07-29T15:29:57.565+0000] {logging_mixin.py:190} INFO - [2026-07-29T15:29:57.565+0000] {dagbag.py:587} INFO - Filling up the DagBag from /home/airflow/.local/lib/python3.12/site-packages/airflow/example_dags/plugins/decreasing_priority_weight_strategy.py
[2026-07-29T15:29:57.567+0000] {processor.py:927} WARNING - No viable dags retrieved from /home/airflow/.local/lib/python3.12/site-packages/airflow/example_dags/plugins/decreasing_priority_weight_strategy.py
[2026-07-29T15:29:57.576+0000] {processor.py:208} INFO - Processing /home/airflow/.local/lib/python3.12/site-packages/airflow/example_dags/plugins/decreasing_priority_weight_strategy.py took 0.016 seconds
[2026-07-29T15:30:28.417+0000] {processor.py:186} INFO - Started process (PID=371) to work on /home/airflow/.local/lib/python3.12/site-packages/airflow/example_dags/plugins/decreasing_priority_weight_strategy.py
[2026-07-29T15:30:28.418+0000] {processor.py:914} INFO - Processing file /home/airflow/.local/lib/python3.12/site-packages/airflow/example_dags/plugins/decreasing_priority_weight_strategy.py for tasks to queue
[2026-07-29T15:30:28.419+0000] {logging_mixin.py:190} INFO - [2026-07-29T15:30:28.418+0000] {dagbag.py:587} INFO - Filling up the DagBag from /home/airflow/.local/lib/python3.12/site-packages/airflow/example_dags/plugins/decreasing_priority_weight_strategy.py
[2026-07-29T15:30:28.420+0000] {processor.py:927} WARNING - No viable dags retrieved from /home/airflow/.local/lib/python3.12/site-packages/airflow/example_dags/plugins/decreasing_priority_weight_strategy.py
[2026-07-29T15:30:28.425+0000] {processor.py:208} INFO - Processing /home/airflow/.local/lib/python3.12/site-packages/airflow/example_dags/plugins/decreasing_priority_weight_strategy.py took 0.011 seconds
[2026-07-29T15:30:58.945+0000] {processor.py:186} INFO - Started process (PID=437) to work on /home/airflow/.local/lib/python3.12/site-packages/airflow/example_dags/plugins/decreasing_priority_weight_strategy.py
[2026-07-29T15:30:58.946+0000] {processor.py:914} INFO - Processing file /home/airflow/.local/lib/python3.12/site-packages/airflow/example_dags/plugins/decreasing_priority_weight_strategy.py for tasks to queue
[2026-07-29T15:30:58.947+0000] {logging_mixin.py:190} INFO - [2026-07-29T15:30:58.947+0000] {dagbag.py:587} INFO - Filling up the DagBag from /home/airflow/.local/lib/python3.12/site-packages/airflow/example_dags/plugins/decreasing_priority_weight_strategy.py
[2026-07-29T15:30:58.948+0000] {processor.py:927} WARNING - No viable dags retrieved from /home/airflow/.local/lib/python3.12/site-packages/airflow/example_dags/plugins/decreasing_priority_weight_strategy.py
[2026-07-29T15:30:58.954+0000] {processor.py:208} INFO - Processing /home/airflow/.local/lib/python3.12/site-packages/airflow/example_dags/plugins/decreasing_priority_weight_strategy.py took 0.011 seconds
[2026-07-29T15:31:29.657+0000] {processor.py:186} INFO - Started process (PID=503) to work on /home/airflow/.local/lib/python3.12/site-packages/airflow/example_dags/plugins/decreasing_priority_weight_strategy.py
[2026-07-29T15:31:29.657+0000] {processor.py:914} INFO - Processing file /home/airflow/.local/lib/python3.12/site-packages/airflow/example_dags/plugins/decreasing_priority_weight_strategy.py for tasks to queue
[2026-07-29T15:31:29.659+0000] {logging_mixin.py:190} INFO - [2026-07-29T15:31:29.658+0000] {dagbag.py:587} INFO - Filling up the DagBag from /home/airflow/.local/lib/python3.12/site-packages/airflow/example_dags/plugins/decreasing_priority_weight_strategy.py
[2026-07-29T15:31:29.660+0000] {processor.py:927} WARNING - No viable dags retrieved from /home/airflow/.local/lib/python3.12/site-packages/airflow/example_dags/plugins/decreasing_priority_weight_strategy.py
[2026-07-29T15:31:29.666+0000] {processor.py:208} INFO - Processing /home/airflow/.local/lib/python3.12/site-packages/airflow/example_dags/plugins/decreasing_priority_weight_strategy.py took 0.011 seconds
[2026-07-29T15:32:00.227+0000] {processor.py:186} INFO - Started process (PID=569) to work on /home/airflow/.local/lib/python3.12/site-packages/airflow/example_dags/plugins/decreasing_priority_weight_strategy.py
[2026-07-29T15:32:00.227+0000] {processor.py:914} INFO - Processing file /home/airflow/.local/lib/python3.12/site-packages/airflow/example_dags/plugins/decreasing_priority_weight_strategy.py for tasks to queue
[2026-07-29T15:32:00.228+0000] {logging_mixin.py:190} INFO - [2026-07-29T15:32:00.228+0000] {dagbag.py:587} INFO - Filling up the DagBag from /home/airflow/.local/lib/python3.12/site-packages/airflow/example_dags/plugins/decreasing_priority_weight_strategy.py
[2026-07-29T15:32:00.229+0000] {processor.py:927} WARNING - No viable dags retrieved from /home/airflow/.local/lib/python3.12/site-packages/airflow/example_dags/plugins/decreasing_priority_weight_strategy.py
[2026-07-29T15:32:00.234+0000] {processor.py:208} INFO - Processing /home/airflow/.local/lib/python3.12/site-packages/airflow/example_dags/plugins/decreasing_priority_weight_strategy.py took 0.010 seconds
[2026-07-29T15:32:31.246+0000] {processor.py:186} INFO - Started process (PID=635) to work on /home/airflow/.local/lib/python3.12/site-packages/airflow/example_dags/plugins/decreasing_priority_weight_strategy.py
[2026-07-29T15:32:31.246+0000] {processor.py:914} INFO - Processing file /home/airflow/.local/lib/python3.12/site-packages/airflow/example_dags/plugins/decreasing_priority_weight_strategy.py for tasks to queue
[2026-07-29T15:32:31.247+0000] {logging_mixin.py:190} INFO - [2026-07-29T15:32:31.247+0000] {dagbag.py:587} INFO - Filling up the DagBag from /home/airflow/.local/lib/python3.12/site-packages/airflow/example_dags/plugins/decreasing_priority_weight_strategy.py
[2026-07-29T15:32:31.248+0000] {processor.py:927} WARNING - No viable dags retrieved from /home/airflow/.local/lib/python3.12/site-packages/airflow/example_dags/plugins/decreasing_priority_weight_strategy.py
[2026-07-29T15:32:31.255+0000] {processor.py:208} INFO - Processing /home/airflow/.local/lib/python3.12/site-packages/airflow/example_dags/plugins/decreasing_priority_weight_strategy.py took 0.012 seconds
[2026-07-29T15:33:02.359+0000] {processor.py:186} INFO - Started process (PID=701) to work on /home/airflow/.local/lib/python3.12/site-packages/airflow/example_dags/plugins/decreasing_priority_weight_strategy.py
[2026-07-29T15:33:02.360+0000] {processor.py:914} INFO - Processing file /home/airflow/.local/lib/python3.12/site-packages/airflow/example_dags/plugins/decreasing_priority_weight_strategy.py for tasks to queue
[2026-07-29T15:33:02.361+0000] {logging_mixin.py:190} INFO - [2026-07-29T15:33:02.361+0000] {dagbag.py:587} INFO - Filling up the DagBag from /home/airflow/.local/lib/python3.12/site-packages/airflow/example_dags/plugins/decreasing_priority_weight_strategy.py
[2026-07-29T15:33:02.363+0000] {processor.py:927} WARNING - No viable dags retrieved from /home/airflow/.local/lib/python3.12/site-packages/airflow/example_dags/plugins/decreasing_priority_weight_strategy.py
[2026-07-29T15:33:02.372+0000] {processor.py:208} INFO - Processing /home/airflow/.local/lib/python3.12/site-packages/airflow/example_dags/plugins/decreasing_priority_weight_strategy.py took 0.016 seconds
[2026-07-29T15:33:33.058+0000] {processor.py:186} INFO - Started process (PID=767) to work on /home/airflow/.local/lib/python3.12/site-packages/airflow/example_dags/plugins/decreasing_priority_weight_strategy.py
[2026-07-29T15:33:33.058+0000] {processor.py:914} INFO - Processing file /home/airflow/.local/lib/python3.12/site-packages/airflow/example_dags/plugins/decreasing_priority_weight_strategy.py for tasks to queue
[2026-07-29T15:33:33.059+0000] {logging_mixin.py:190} INFO - [2026-07-29T15:33:33.059+0000] {dagbag.py:587} INFO - Filling up the DagBag from /home/airflow/.local/lib/python3.12/site-packages/airflow/example_dags/plugins/decreasing_priority_weight_strategy.py
[2026-07-29T15:33:33.061+0000] {processor.py:927} WARNING - No viable dags retrieved from /home/airflow/.local/lib/python3.12/site-packages/airflow/example_dags/plugins/decreasing_priority_weight_strategy.py
[2026-07-29T15:33:33.068+0000] {processor.py:208} INFO - Processing /home/airflow/.local/lib/python3.12/site-packages/airflow/example_dags/plugins/decreasing_priority_weight_strategy.py took 0.013 seconds
[2026-07-29T15:34:03.301+0000] {processor.py:186} INFO - Started process (PID=833) to work on /home/airflow/.local/lib/python3.12/site-packages/airflow/example_dags/plugins/decreasing_priority_weight_strategy.py
[2026-07-29T15:34:03.301+0000] {processor.py:914} INFO - Processing file /home/airflow/.local/lib/python3.12/site-packages/airflow/example_dags/plugins/decreasing_priority_weight_strategy.py for tasks to queue
[2026-07-29T15:34:03.302+0000] {logging_mixin.py:190} INFO - [2026-07-29T15:34:03.302+0000] {dagbag.py:587} INFO - Filling up the DagBag from /home/airflow/.local/lib/python3.12/site-packages/airflow/example_dags/plugins/decreasing_priority_weight_strategy.py
[2026-07-29T15:34:03.304+0000] {processor.py:927} WARNING - No viable dags retrieved from /home/airflow/.local/lib/python3.12/site-packages/airflow/example_dags/plugins/decreasing_priority_weight_strategy.py
[2026-07-29T15:34:03.310+0000] {processor.py:208} INFO - Processing /home/airflow/.local/lib/python3.12/site-packages/airflow/example_dags/plugins/decreasing_priority_weight_strategy.py took 0.012 seconds
[2026-07-29T15:34:33.750+0000] {processor.py:186} INFO - Started process (PID=898) to work on /home/airflow/.local/lib/python3.12/site-packages/airflow/example_dags/plugins/decreasing_priority_weight_strategy.py
[2026-07-29T15:34:33.751+0000] {processor.py:914} INFO - Processing file /home/airflow/.local/lib/python3.12/site-packages/airflow/example_dags/plugins/decreasing_priority_weight_strategy.py for tasks to queue
[2026-07-29T15:34:33.752+0000] {logging_mixin.py:190} INFO - [2026-07-29T15:34:33.752+0000] {dagbag.py:587} INFO - Filling up the DagBag from /home/airflow/.local/lib/python3.12/site-packages/airflow/example_dags/plugins/decreasing_priority_weight_strategy.py
[2026-07-29T15:34:33.753+0000] {processor.py:927} WARNING - No viable dags retrieved from /home/airflow/.local/lib/python3.12/site-packages/airflow/example_dags/plugins/decreasing_priority_weight_strategy.py
[2026-07-29T15:34:33.758+0000] {processor.py:208} INFO - Processing /home/airflow/.local/lib/python3.12/site-packages/airflow/example_dags/plugins/decreasing_priority_weight_strategy.py took 0.010 seconds
[2026-07-29T15:35:03.914+0000] {processor.py:186} INFO - Started process (PID=964) to work on /home/airflow/.local/lib/python3.12/site-packages/airflow/example_dags/plugins/decreasing_priority_weight_strategy.py
[2026-07-29T15:35:03.914+0000] {processor.py:914} INFO - Processing file /home/airflow/.local/lib/python3.12/site-packages/airflow/example_dags/plugins/decreasing_priority_weight_strategy.py for tasks to queue
[2026-07-29T15:35:03.915+0000] {logging_mixin.py:190} INFO - [2026-07-29T15:35:03.915+0000] {dagbag.py:587} INFO - Filling up the DagBag from /home/airflow/.local/lib/python3.12/site-packages/airflow/example_dags/plugins/decreasing_priority_weight_strategy.py
[2026-07-29T15:35:03.916+0000] {processor.py:927} WARNING - No viable dags retrieved from /home/airflow/.local/lib/python3.12/site-packages/airflow/example_dags/plugins/decreasing_priority_weight_strategy.py
[2026-07-29T15:35:03.923+0000] {processor.py:208} INFO - Processing /home/airflow/.local/lib/python3.12/site-packages/airflow/example_dags/plugins/decreasing_priority_weight_strategy.py took 0.011 seconds
[2026-07-29T15:35:35.116+0000] {processor.py:186} INFO - Started process (PID=1031) to work on /home/airflow/.local/lib/python3.12/site-packages/airflow/example_dags/plugins/decreasing_priority_weight_strategy.py
[2026-07-29T15:35:35.116+0000] {processor.py:914} INFO - Processing file /home/airflow/.local/lib/python3.12/site-packages/airflow/example_dags/plugins/decreasing_priority_weight_strategy.py for tasks to queue
[2026-07-29T15:35:35.117+0000] {logging_mixin.py:190} INFO - [2026-07-29T15:35:35.117+0000] {dagbag.py:587} INFO - Filling up the DagBag from /home/airflow/.local/lib/python3.12/site-packages/airflow/example_dags/plugins/decreasing_priority_weight_strategy.py
[2026-07-29T15:35:35.118+0000] {processor.py:927} WARNING - No viable dags retrieved from /home/airflow/.local/lib/python3.12/site-packages/airflow/example_dags/plugins/decreasing_priority_weight_strategy.py
[2026-07-29T15:35:35.124+0000] {processor.py:208} INFO - Processing /home/airflow/.local/lib/python3.12/site-packages/airflow/example_dags/plugins/decreasing_priority_weight_strategy.py took 0.012 seconds
[2026-07-29T15:36:05.832+0000] {processor.py:186} INFO - Started process (PID=1097) to work on /home/airflow/.local/lib/python3.12/site-packages/airflow/example_dags/plugins/decreasing_priority_weight_strategy.py
[2026-07-29T15:36:05.832+0000] {processor.py:914} INFO - Processing file /home/airflow/.local/lib/python3.12/site-packages/airflow/example_dags/plugins/decreasing_priority_weight_strategy.py for tasks to queue
[2026-07-29T15:36:05.833+0000] {logging_mixin.py:190} INFO - [2026-07-29T15:36:05.833+0000] {dagbag.py:587} INFO - Filling up the DagBag from /home/airflow/.local/lib/python3.12/site-packages/airflow/example_dags/plugins/decreasing_priority_weight_strategy.py
[2026-07-29T15:36:05.834+0000] {processor.py:927} WARNING - No viable dags retrieved from /home/airflow/.local/lib/python3.12/site-packages/airflow/example_dags/plugins/decreasing_priority_weight_strategy.py
[2026-07-29T15:36:05.840+0000] {processor.py:208} INFO - Processing /home/airflow/.local/lib/python3.12/site-packages/airflow/example_dags/plugins/decreasing_priority_weight_strategy.py took 0.012 seconds
[2026-07-29T15:36:36.027+0000] {processor.py:186} INFO - Started process (PID=1163) to work on /home/airflow/.local/lib/python3.12/site-packages/airflow/example_dags/plugins/decreasing_priority_weight_strategy.py
[2026-07-29T15:36:36.028+0000] {processor.py:914} INFO - Processing file /home/airflow/.local/lib/python3.12/site-packages/airflow/example_dags/plugins/decreasing_priority_weight_strategy.py for tasks to queue
[2026-07-29T15:36:36.029+0000] {logging_mixin.py:190} INFO - [2026-07-29T15:36:36.028+0000] {dagbag.py:587} INFO - Filling up the DagBag from /home/airflow/.local/lib/python3.12/site-packages/airflow/example_dags/plugins/decreasing_priority_weight_strategy.py
[2026-07-29T15:36:36.029+0000] {processor.py:927} WARNING - No viable dags retrieved from /home/airflow/.local/lib/python3.12/site-packages/airflow/example_dags/plugins/decreasing_priority_weight_strategy.py
[2026-07-29T15:36:36.035+0000] {processor.py:208} INFO - Processing /home/airflow/.local/lib/python3.12/site-packages/airflow/example_dags/plugins/decreasing_priority_weight_strategy.py took 0.011 seconds
[2026-07-29T15:37:06.308+0000] {processor.py:186} INFO - Started process (PID=1229) to work on /home/airflow/.local/lib/python3.12/site-packages/airflow/example_dags/plugins/decreasing_priority_weight_strategy.py
[2026-07-29T15:37:06.309+0000] {processor.py:914} INFO - Processing file /home/airflow/.local/lib/python3.12/site-packages/airflow/example_dags/plugins/decreasing_priority_weight_strategy.py for tasks to queue
[2026-07-29T15:37:06.310+0000] {logging_mixin.py:190} INFO - [2026-07-29T15:37:06.310+0000] {dagbag.py:587} INFO - Filling up the DagBag from /home/airflow/.local/lib/python3.12/site-packages/airflow/example_dags/plugins/decreasing_priority_weight_strategy.py
[2026-07-29T15:37:06.311+0000] {processor.py:927} WARNING - No viable dags retrieved from /home/airflow/.local/lib/python3.12/site-packages/airflow/example_dags/plugins/decreasing_priority_weight_strategy.py
[2026-07-29T15:37:06.320+0000] {processor.py:208} INFO - Processing /home/airflow/.local/lib/python3.12/site-packages/airflow/example_dags/plugins/decreasing_priority_weight_strategy.py took 0.014 seconds
[2026-07-29T15:37:37.437+0000] {processor.py:186} INFO - Started process (PID=1295) to work on /home/airflow/.local/lib/python3.12/site-packages/airflow/example_dags/plugins/decreasing_priority_weight_strategy.py
[2026-07-29T15:37:37.438+0000] {processor.py:914} INFO - Processing file /home/airflow/.local/lib/python3.12/site-packages/airflow/example_dags/plugins/decreasing_priority_weight_strategy.py for tasks to queue
[2026-07-29T15:37:37.440+0000] {logging_mixin.py:190} INFO - [2026-07-29T15:37:37.439+0000] {dagbag.py:587} INFO - Filling up the DagBag from /home/airflow/.local/lib/python3.12/site-packages/airflow/example_dags/plugins/decreasing_priority_weight_strategy.py
[2026-07-29T15:37:37.442+0000] {processor.py:927} WARNING - No viable dags retrieved from /home/airflow/.local/lib/python3.12/site-packages/airflow/example_dags/plugins/decreasing_priority_weight_strategy.py
[2026-07-29T15:37:37.447+0000] {processor.py:208} INFO - Processing /home/airflow/.local/lib/python3.12/site-packages/airflow/example_dags/plugins/decreasing_priority_weight_strategy.py took 0.013 seconds
[2026-07-29T15:38:07.705+0000] {processor.py:186} INFO - Started process (PID=1361) to work on /home/airflow/.local/lib/python3.12/site-packages/airflow/example_dags/plugins/decreasing_priority_weight_strategy.py
[2026-07-29T15:38:07.705+0000] {processor.py:914} INFO - Processing file /home/airflow/.local/lib/python3.12/site-packages/airflow/example_dags/plugins/decreasing_priority_weight_strategy.py for tasks to queue
[2026-07-29T15:38:07.707+0000] {logging_mixin.py:190} INFO - [2026-07-29T15:38:07.706+0000] {dagbag.py:587} INFO - Filling up the DagBag from /home/airflow/.local/lib/python3.12/site-packages/airflow/example_dags/plugins/decreasing_priority_weight_strategy.py
[2026-07-29T15:38:07.708+0000] {processor.py:927} WARNING - No viable dags retrieved from /home/airflow/.local/lib/python3.12/site-packages/airflow/example_dags/plugins/decreasing_priority_weight_strategy.py
[2026-07-29T15:38:07.713+0000] {processor.py:208} INFO - Processing /home/airflow/.local/lib/python3.12/site-packages/airflow/example_dags/plugins/decreasing_priority_weight_strategy.py took 0.011 seconds
[2026-07-29T15:38:38.065+0000] {processor.py:186} INFO - Started process (PID=1427) to work on /home/airflow/.local/lib/python3.12/site-packages/airflow/example_dags/plugins/decreasing_priority_weight_strategy.py
[2026-07-29T15:38:38.066+0000] {processor.py:914} INFO - Processing file /home/airflow/.local/lib/python3.12/site-packages/airflow/example_dags/plugins/decreasing_priority_weight_strategy.py for tasks to queue
[2026-07-29T15:38:38.067+0000] {logging_mixin.py:190} INFO - [2026-07-29T15:38:38.067+0000] {dagbag.py:587} INFO - Filling up the DagBag from /home/airflow/.local/lib/python3.12/site-packages/airflow/example_dags/plugins/decreasing_priority_weight_strategy.py
[2026-07-29T15:38:38.069+0000] {processor.py:927} WARNING - No viable dags retrieved from /home/airflow/.local/lib/python3.12/site-packages/airflow/example_dags/plugins/decreasing_priority_weight_strategy.py
[2026-07-29T15:38:38.076+0000] {processor.py:208} INFO - Processing /home/airflow/.local/lib/python3.12/site-packages/airflow/example_dags/plugins/decreasing_priority_weight_strategy.py took 0.015 seconds
[2026-07-29T15:39:09.008+0000] {processor.py:186} INFO - Started process (PID=1493) to work on /home/airflow/.local/lib/python3.12/site-packages/airflow/example_dags/plugins/decreasing_priority_weight_strategy.py
[2026-07-29T15:39:09.009+0000] {processor.py:914} INFO - Processing file /home/airflow/.local/lib/python3.12/site-packages/airflow/example_dags/plugins/decreasing_priority_weight_strategy.py for tasks to queue
[2026-07-29T15:39:09.010+0000] {logging_mixin.py:190} INFO - [2026-07-29T15:39:09.010+0000] {dagbag.py:587} INFO - Filling up the DagBag from /home/airflow/.local/lib/python3.12/site-packages/airflow/example_dags/plugins/decreasing_priority_weight_strategy.py
[2026-07-29T15:39:09.011+0000] {processor.py:927} WARNING - No viable dags retrieved from /home/airflow/.local/lib/python3.12/site-packages/airflow/example_dags/plugins/decreasing_priority_weight_strategy.py
[2026-07-29T15:39:09.016+0000] {processor.py:208} INFO - Processing /home/airflow/.local/lib/python3.12/site-packages/airflow/example_dags/plugins/decreasing_priority_weight_strategy.py took 0.011 seconds
[2026-07-29T15:39:39.965+0000] {processor.py:186} INFO - Started process (PID=1559) to work on /home/airflow/.local/lib/python3.12/site-packages/airflow/example_dags/plugins/decreasing_priority_weight_strategy.py
[2026-07-29T15:39:39.966+0000] {processor.py:914} INFO - Processing file /home/airflow/.local/lib/python3.12/site-packages/airflow/example_dags/plugins/decreasing_priority_weight_strategy.py for tasks to queue
[2026-07-29T15:39:39.967+0000] {logging_mixin.py:190} INFO - [2026-07-29T15:39:39.967+0000] {dagbag.py:587} INFO - Filling up the DagBag from /home/airflow/.local/lib/python3.12/site-packages/airflow/example_dags/plugins/decreasing_priority_weight_strategy.py
[2026-07-29T15:39:39.969+0000] {processor.py:927} WARNING - No viable dags retrieved from /home/airflow/.local/lib/python3.12/site-packages/airflow/example_dags/plugins/decreasing_priority_weight_strategy.py
[2026-07-29T15:39:39.977+0000] {processor.py:208} INFO - Processing /home/airflow/.local/lib/python3.12/site-packages/airflow/example_dags/plugins/decreasing_priority_weight_strategy.py took 0.014 seconds
[2026-07-29T15:40:11.055+0000] {processor.py:186} INFO - Started process (PID=1625) to work on /home/airflow/.local/lib/python3.12/site-packages/airflow/example_dags/plugins/decreasing_priority_weight_strategy.py
[2026-07-29T15:40:11.056+0000] {processor.py:914} INFO - Processing file /home/airflow/.local/lib/python3.12/site-packages/airflow/example_dags/plugins/decreasing_priority_weight_strategy.py for tasks to queue
[2026-07-29T15:40:11.057+0000] {logging_mixin.py:190} INFO - [2026-07-29T15:40:11.057+0000] {dagbag.py:587} INFO - Filling up the DagBag from /home/airflow/.local/lib/python3.12/site-packages/airflow/example_dags/plugins/decreasing_priority_weight_strategy.py
[2026-07-29T15:40:11.060+0000] {processor.py:927} WARNING - No viable dags retrieved from /home/airflow/.local/lib/python3.12/site-packages/airflow/example_dags/plugins/decreasing_priority_weight_strategy.py
[2026-07-29T15:40:11.065+0000] {processor.py:208} INFO - Processing /home/airflow/.local/lib/python3.12/site-packages/airflow/example_dags/plugins/decreasing_priority_weight_strategy.py took 0.014 seconds
[2026-07-29T15:40:42.015+0000] {processor.py:186} INFO - Started process (PID=1691) to work on /home/airflow/.local/lib/python3.12/site-packages/airflow/example_dags/plugins/decreasing_priority_weight_strategy.py
[2026-07-29T15:40:42.016+0000] {processor.py:914} INFO - Processing file /home/airflow/.local/lib/python3.12/site-packages/airflow/example_dags/plugins/decreasing_priority_weight_strategy.py for tasks to queue
[2026-07-29T15:40:42.018+0000] {logging_mixin.py:190} INFO - [2026-07-29T15:40:42.018+0000] {dagbag.py:587} INFO - Filling up the DagBag from /home/airflow/.local/lib/python3.12/site-packages/airflow/example_dags/plugins/decreasing_priority_weight_strategy.py
[2026-07-29T15:40:42.019+0000] {processor.py:927} WARNING - No viable dags retrieved from /home/airflow/.local/lib/python3.12/site-packages/airflow/example_dags/plugins/decreasing_priority_weight_strategy.py
[2026-07-29T15:40:42.025+0000] {processor.py:208} INFO - Processing /home/airflow/.local/lib/python3.12/site-packages/airflow/example_dags/plugins/decreasing_priority_weight_strategy.py took 0.012 seconds
[2026-07-29T15:41:12.997+0000] {processor.py:186} INFO - Started process (PID=1757) to work on /home/airflow/.local/lib/python3.12/site-packages/airflow/example_dags/plugins/decreasing_priority_weight_strategy.py
[2026-07-29T15:41:12.998+0000] {processor.py:914} INFO - Processing file /home/airflow/.local/lib/python3.12/site-packages/airflow/example_dags/plugins/decreasing_priority_weight_strategy.py for tasks to queue
[2026-07-29T15:41:13.000+0000] {logging_mixin.py:190} INFO - [2026-07-29T15:41:13.000+0000] {dagbag.py:587} INFO - Filling up the DagBag from /home/airflow/.local/lib/python3.12/site-packages/airflow/example_dags/plugins/decreasing_priority_weight_strategy.py
[2026-07-29T15:41:13.002+0000] {processor.py:927} WARNING - No viable dags retrieved from /home/airflow/.local/lib/python3.12/site-packages/airflow/example_dags/plugins/decreasing_priority_weight_strategy.py
[2026-07-29T15:41:13.007+0000] {processor.py:208} INFO - Processing /home/airflow/.local/lib/python3.12/site-packages/airflow/example_dags/plugins/decreasing_priority_weight_strategy.py took 0.013 seconds
[2026-07-29T15:41:43.954+0000] {processor.py:186} INFO - Started process (PID=1823) to work on /home/airflow/.local/lib/python3.12/site-packages/airflow/example_dags/plugins/decreasing_priority_weight_strategy.py
[2026-07-29T15:41:43.955+0000] {processor.py:914} INFO - Processing file /home/airflow/.local/lib/python3.12/site-packages/airflow/example_dags/plugins/decreasing_priority_weight_strategy.py for tasks to queue
[2026-07-29T15:41:43.957+0000] {logging_mixin.py:190} INFO - [2026-07-29T15:41:43.956+0000] {dagbag.py:587} INFO - Filling up the DagBag from /home/airflow/.local/lib/python3.12/site-packages/airflow/example_dags/plugins/decreasing_priority_weight_strategy.py
[2026-07-29T15:41:43.958+0000] {processor.py:927} WARNING - No viable dags retrieved from /home/airflow/.local/lib/python3.12/site-packages/airflow/example_dags/plugins/decreasing_priority_weight_strategy.py
[2026-07-29T15:41:43.965+0000] {processor.py:208} INFO - Processing /home/airflow/.local/lib/python3.12/site-packages/airflow/example_dags/plugins/decreasing_priority_weight_strategy.py took 0.014 seconds
[2026-07-29T15:42:14.948+0000] {processor.py:186} INFO - Started process (PID=1889) to work on /home/airflow/.local/lib/python3.12/site-packages/airflow/example_dags/plugins/decreasing_priority_weight_strategy.py
[2026-07-29T15:42:14.949+0000] {processor.py:914} INFO - Processing file /home/airflow/.local/lib/python3.12/site-packages/airflow/example_dags/plugins/decreasing_priority_weight_strategy.py for tasks to queue
[2026-07-29T15:42:14.951+0000] {logging_mixin.py:190} INFO - [2026-07-29T15:42:14.951+0000] {dagbag.py:587} INFO - Filling up the DagBag from /home/airflow/.local/lib/python3.12/site-packages/airflow/example_dags/plugins/decreasing_priority_weight_strategy.py
[2026-07-29T15:42:14.953+0000] {processor.py:927} WARNING - No viable dags retrieved from /home/airflow/.local/lib/python3.12/site-packages/airflow/example_dags/plugins/decreasing_priority_weight_strategy.py
[2026-07-29T15:42:14.960+0000] {processor.py:208} INFO - Processing /home/airflow/.local/lib/python3.12/site-packages/airflow/example_dags/plugins/decreasing_priority_weight_strategy.py took 0.014 seconds
[2026-07-29T15:42:45.892+0000] {processor.py:186} INFO - Started process (PID=1955) to work on /home/airflow/.local/lib/python3.12/site-packages/airflow/example_dags/plugins/decreasing_priority_weight_strategy.py
[2026-07-29T15:42:45.894+0000] {processor.py:914} INFO - Processing file /home/airflow/.local/lib/python3.12/site-packages/airflow/example_dags/plugins/decreasing_priority_weight_strategy.py for tasks to queue
[2026-07-29T15:42:45.895+0000] {logging_mixin.py:190} INFO - [2026-07-29T15:42:45.895+0000] {dagbag.py:587} INFO - Filling up the DagBag from /home/airflow/.local/lib/python3.12/site-packages/airflow/example_dags/plugins/decreasing_priority_weight_strategy.py
[2026-07-29T15:42:45.896+0000] {processor.py:927} WARNING - No viable dags retrieved from /home/airflow/.local/lib/python3.12/site-packages/airflow/example_dags/plugins/decreasing_priority_weight_strategy.py
[2026-07-29T15:42:45.902+0000] {processor.py:208} INFO - Processing /home/airflow/.local/lib/python3.12/site-packages/airflow/example_dags/plugins/decreasing_priority_weight_strategy.py took 0.013 seconds
[2026-07-29T15:43:16.885+0000] {processor.py:186} INFO - Started process (PID=2021) to work on /home/airflow/.local/lib/python3.12/site-packages/airflow/example_dags/plugins/decreasing_priority_weight_strategy.py
[2026-07-29T15:43:16.887+0000] {processor.py:914} INFO - Processing file /home/airflow/.local/lib/python3.12/site-packages/airflow/example_dags/plugins/decreasing_priority_weight_strategy.py for tasks to queue
[2026-07-29T15:43:16.888+0000] {logging_mixin.py:190} INFO - [2026-07-29T15:43:16.888+0000] {dagbag.py:587} INFO - Filling up the DagBag from /home/airflow/.local/lib/python3.12/site-packages/airflow/example_dags/plugins/decreasing_priority_weight_strategy.py
[2026-07-29T15:43:16.889+0000] {processor.py:927} WARNING - No viable dags retrieved from /home/airflow/.local/lib/python3.12/site-packages/airflow/example_dags/plugins/decreasing_priority_weight_strategy.py
[2026-07-29T15:43:16.894+0000] {processor.py:208} INFO - Processing /home/airflow/.local/lib/python3.12/site-packages/airflow/example_dags/plugins/decreasing_priority_weight_strategy.py took 0.012 seconds
[2026-07-29T15:58:53.754+0000] {processor.py:186} INFO - Started process (PID=2147) to work on /home/airflow/.local/lib/python3.12/site-packages/airflow/example_dags/plugins/decreasing_priority_weight_strategy.py
[2026-07-29T15:58:53.755+0000] {processor.py:914} INFO - Processing file /home/airflow/.local/lib/python3.12/site-packages/airflow/example_dags/plugins/decreasing_priority_weight_strategy.py for tasks to queue
[2026-07-29T15:58:53.757+0000] {logging_mixin.py:190} INFO - [2026-07-29T15:58:53.757+0000] {dagbag.py:587} INFO - Filling up the DagBag from /home/airflow/.local/lib/python3.12/site-packages/airflow/example_dags/plugins/decreasing_priority_weight_strategy.py
[2026-07-29T15:58:53.758+0000] {processor.py:927} WARNING - No viable dags retrieved from /home/airflow/.local/lib/python3.12/site-packages/airflow/example_dags/plugins/decreasing_priority_weight_strategy.py
[2026-07-29T15:58:53.764+0000] {processor.py:208} INFO - Processing /home/airflow/.local/lib/python3.12/site-packages/airflow/example_dags/plugins/decreasing_priority_weight_strategy.py took 0.013 seconds
[2026-07-29T15:59:23.812+0000] {processor.py:186} INFO - Started process (PID=2213) to work on /home/airflow/.local/lib/python3.12/site-packages/airflow/example_dags/plugins/decreasing_priority_weight_strategy.py
[2026-07-29T15:59:23.813+0000] {processor.py:914} INFO - Processing file /home/airflow/.local/lib/python3.12/site-packages/airflow/example_dags/plugins/decreasing_priority_weight_strategy.py for tasks to queue
[2026-07-29T15:59:23.815+0000] {logging_mixin.py:190} INFO - [2026-07-29T15:59:23.815+0000] {dagbag.py:587} INFO - Filling up the DagBag from /home/airflow/.local/lib/python3.12/site-packages/airflow/example_dags/plugins/decreasing_priority_weight_strategy.py
[2026-07-29T15:59:23.816+0000] {processor.py:927} WARNING - No viable dags retrieved from /home/airflow/.local/lib/python3.12/site-packages/airflow/example_dags/plugins/decreasing_priority_weight_strategy.py
[2026-07-29T15:59:23.826+0000] {processor.py:208} INFO - Processing /home/airflow/.local/lib/python3.12/site-packages/airflow/example_dags/plugins/decreasing_priority_weight_strategy.py took 0.017 seconds
[2026-07-29T15:59:54.795+0000] {processor.py:186} INFO - Started process (PID=2279) to work on /home/airflow/.local/lib/python3.12/site-packages/airflow/example_dags/plugins/decreasing_priority_weight_strategy.py
[2026-07-29T15:59:54.796+0000] {processor.py:914} INFO - Processing file /home/airflow/.local/lib/python3.12/site-packages/airflow/example_dags/plugins/decreasing_priority_weight_strategy.py for tasks to queue
[2026-07-29T15:59:54.798+0000] {logging_mixin.py:190} INFO - [2026-07-29T15:59:54.798+0000] {dagbag.py:587} INFO - Filling up the DagBag from /home/airflow/.local/lib/python3.12/site-packages/airflow/example_dags/plugins/decreasing_priority_weight_strategy.py
[2026-07-29T15:59:54.799+0000] {processor.py:927} WARNING - No viable dags retrieved from /home/airflow/.local/lib/python3.12/site-packages/airflow/example_dags/plugins/decreasing_priority_weight_strategy.py
[2026-07-29T15:59:54.804+0000] {processor.py:208} INFO - Processing /home/airflow/.local/lib/python3.12/site-packages/airflow/example_dags/plugins/decreasing_priority_weight_strategy.py took 0.012 seconds
[2026-07-29T16:00:25.857+0000] {processor.py:186} INFO - Started process (PID=2345) to work on /home/airflow/.local/lib/python3.12/site-packages/airflow/example_dags/plugins/decreasing_priority_weight_strategy.py
[2026-07-29T16:00:25.859+0000] {processor.py:914} INFO - Processing file /home/airflow/.local/lib/python3.12/site-packages/airflow/example_dags/plugins/decreasing_priority_weight_strategy.py for tasks to queue
[2026-07-29T16:00:25.865+0000] {logging_mixin.py:190} INFO - [2026-07-29T16:00:25.864+0000] {dagbag.py:587} INFO - Filling up the DagBag from /home/airflow/.local/lib/python3.12/site-packages/airflow/example_dags/plugins/decreasing_priority_weight_strategy.py
[2026-07-29T16:00:25.868+0000] {processor.py:927} WARNING - No viable dags retrieved from /home/airflow/.local/lib/python3.12/site-packages/airflow/example_dags/plugins/decreasing_priority_weight_strategy.py
[2026-07-29T16:00:25.881+0000] {processor.py:208} INFO - Processing /home/airflow/.local/lib/python3.12/site-packages/airflow/example_dags/plugins/decreasing_priority_weight_strategy.py took 0.045 seconds
[2026-07-29T16:00:56.870+0000] {processor.py:186} INFO - Started process (PID=2411) to work on /home/airflow/.local/lib/python3.12/site-packages/airflow/example_dags/plugins/decreasing_priority_weight_strategy.py
[2026-07-29T16:00:56.871+0000] {processor.py:914} INFO - Processing file /home/airflow/.local/lib/python3.12/site-packages/airflow/example_dags/plugins/decreasing_priority_weight_strategy.py for tasks to queue
[2026-07-29T16:00:56.873+0000] {logging_mixin.py:190} INFO - [2026-07-29T16:00:56.872+0000] {dagbag.py:587} INFO - Filling up the DagBag from /home/airflow/.local/lib/python3.12/site-packages/airflow/example_dags/plugins/decreasing_priority_weight_strategy.py
[2026-07-29T16:00:56.874+0000] {processor.py:927} WARNING - No viable dags retrieved from /home/airflow/.local/lib/python3.12/site-packages/airflow/example_dags/plugins/decreasing_priority_weight_strategy.py
[2026-07-29T16:00:56.879+0000] {processor.py:208} INFO - Processing /home/airflow/.local/lib/python3.12/site-packages/airflow/example_dags/plugins/decreasing_priority_weight_strategy.py took 0.012 seconds
[2026-07-29T16:01:27.727+0000] {processor.py:186} INFO - Started process (PID=2477) to work on /home/airflow/.local/lib/python3.12/site-packages/airflow/example_dags/plugins/decreasing_priority_weight_strategy.py
[2026-07-29T16:01:27.727+0000] {processor.py:914} INFO - Processing file /home/airflow/.local/lib/python3.12/site-packages/airflow/example_dags/plugins/decreasing_priority_weight_strategy.py for tasks to queue
[2026-07-29T16:01:27.728+0000] {logging_mixin.py:190} INFO - [2026-07-29T16:01:27.728+0000] {dagbag.py:587} INFO - Filling up the DagBag from /home/airflow/.local/lib/python3.12/site-packages/airflow/example_dags/plugins/decreasing_priority_weight_strategy.py
[2026-07-29T16:01:27.731+0000] {processor.py:927} WARNING - No viable dags retrieved from /home/airflow/.local/lib/python3.12/site-packages/airflow/example_dags/plugins/decreasing_priority_weight_strategy.py
[2026-07-29T16:01:27.737+0000] {processor.py:208} INFO - Processing /home/airflow/.local/lib/python3.12/site-packages/airflow/example_dags/plugins/decreasing_priority_weight_strategy.py took 0.014 seconds
[2026-07-29T16:01:58.818+0000] {processor.py:186} INFO - Started process (PID=2543) to work on /home/airflow/.local/lib/python3.12/site-packages/airflow/example_dags/plugins/decreasing_priority_weight_strategy.py
[2026-07-29T16:01:58.819+0000] {processor.py:914} INFO - Processing file /home/airflow/.local/lib/python3.12/site-packages/airflow/example_dags/plugins/decreasing_priority_weight_strategy.py for tasks to queue
[2026-07-29T16:01:58.820+0000] {logging_mixin.py:190} INFO - [2026-07-29T16:01:58.820+0000] {dagbag.py:587} INFO - Filling up the DagBag from /home/airflow/.local/lib/python3.12/site-packages/airflow/example_dags/plugins/decreasing_priority_weight_strategy.py
[2026-07-29T16:01:58.823+0000] {processor.py:927} WARNING - No viable dags retrieved from /home/airflow/.local/lib/python3.12/site-packages/airflow/example_dags/plugins/decreasing_priority_weight_strategy.py
[2026-07-29T16:01:58.829+0000] {processor.py:208} INFO - Processing /home/airflow/.local/lib/python3.12/site-packages/airflow/example_dags/plugins/decreasing_priority_weight_strategy.py took 0.013 seconds
[2026-07-29T16:02:29.718+0000] {processor.py:186} INFO - Started process (PID=2609) to work on /home/airflow/.local/lib/python3.12/site-packages/airflow/example_dags/plugins/decreasing_priority_weight_strategy.py
[2026-07-29T16:02:29.719+0000] {processor.py:914} INFO - Processing file /home/airflow/.local/lib/python3.12/site-packages/airflow/example_dags/plugins/decreasing_priority_weight_strategy.py for tasks to queue
[2026-07-29T16:02:29.721+0000] {logging_mixin.py:190} INFO - [2026-07-29T16:02:29.720+0000] {dagbag.py:587} INFO - Filling up the DagBag from /home/airflow/.local/lib/python3.12/site-packages/airflow/example_dags/plugins/decreasing_priority_weight_strategy.py
[2026-07-29T16:02:29.722+0000] {processor.py:927} WARNING - No viable dags retrieved from /home/airflow/.local/lib/python3.12/site-packages/airflow/example_dags/plugins/decreasing_priority_weight_strategy.py
[2026-07-29T16:02:29.729+0000] {processor.py:208} INFO - Processing /home/airflow/.local/lib/python3.12/site-packages/airflow/example_dags/plugins/decreasing_priority_weight_strategy.py took 0.013 seconds
[2026-07-29T16:03:00.712+0000] {processor.py:186} INFO - Started process (PID=2675) to work on /home/airflow/.local/lib/python3.12/site-packages/airflow/example_dags/plugins/decreasing_priority_weight_strategy.py
[2026-07-29T16:03:00.713+0000] {processor.py:914} INFO - Processing file /home/airflow/.local/lib/python3.12/site-packages/airflow/example_dags/plugins/decreasing_priority_weight_strategy.py for tasks to queue
[2026-07-29T16:03:00.714+0000] {logging_mixin.py:190} INFO - [2026-07-29T16:03:00.714+0000] {dagbag.py:587} INFO - Filling up the DagBag from /home/airflow/.local/lib/python3.12/site-packages/airflow/example_dags/plugins/decreasing_priority_weight_strategy.py
[2026-07-29T16:03:00.715+0000] {processor.py:927} WARNING - No viable dags retrieved from /home/airflow/.local/lib/python3.12/site-packages/airflow/example_dags/plugins/decreasing_priority_weight_strategy.py
[2026-07-29T16:03:00.722+0000] {processor.py:208} INFO - Processing /home/airflow/.local/lib/python3.12/site-packages/airflow/example_dags/plugins/decreasing_priority_weight_strategy.py took 0.012 seconds
[2026-07-29T16:03:31.683+0000] {processor.py:186} INFO - Started process (PID=2741) to work on /home/airflow/.local/lib/python3.12/site-packages/airflow/example_dags/plugins/decreasing_priority_weight_strategy.py
[2026-07-29T16:03:31.683+0000] {processor.py:914} INFO - Processing file /home/airflow/.local/lib/python3.12/site-packages/airflow/example_dags/plugins/decreasing_priority_weight_strategy.py for tasks to queue
[2026-07-29T16:03:31.685+0000] {logging_mixin.py:190} INFO - [2026-07-29T16:03:31.685+0000] {dagbag.py:587} INFO - Filling up the DagBag from /home/airflow/.local/lib/python3.12/site-packages/airflow/example_dags/plugins/decreasing_priority_weight_strategy.py
[2026-07-29T16:03:31.686+0000] {processor.py:927} WARNING - No viable dags retrieved from /home/airflow/.local/lib/python3.12/site-packages/airflow/example_dags/plugins/decreasing_priority_weight_strategy.py
[2026-07-29T16:03:31.692+0000] {processor.py:208} INFO - Processing /home/airflow/.local/lib/python3.12/site-packages/airflow/example_dags/plugins/decreasing_priority_weight_strategy.py took 0.013 seconds
[2026-07-29T16:04:02.276+0000] {processor.py:186} INFO - Started process (PID=2807) to work on /home/airflow/.local/lib/python3.12/site-packages/airflow/example_dags/plugins/decreasing_priority_weight_strategy.py
[2026-07-29T16:04:02.277+0000] {processor.py:914} INFO - Processing file /home/airflow/.local/lib/python3.12/site-packages/airflow/example_dags/plugins/decreasing_priority_weight_strategy.py for tasks to queue
[2026-07-29T16:04:02.280+0000] {logging_mixin.py:190} INFO - [2026-07-29T16:04:02.280+0000] {dagbag.py:587} INFO - Filling up the DagBag from /home/airflow/.local/lib/python3.12/site-packages/airflow/example_dags/plugins/decreasing_priority_weight_strategy.py
[2026-07-29T16:04:02.281+0000] {processor.py:927} WARNING - No viable dags retrieved from /home/airflow/.local/lib/python3.12/site-packages/airflow/example_dags/plugins/decreasing_priority_weight_strategy.py
[2026-07-29T16:04:02.287+0000] {processor.py:208} INFO - Processing /home/airflow/.local/lib/python3.12/site-packages/airflow/example_dags/plugins/decreasing_priority_weight_strategy.py took 0.014 seconds
[2026-07-29T16:04:47.609+0000] {processor.py:186} INFO - Started process (PID=2867) to work on /home/airflow/.local/lib/python3.12/site-packages/airflow/example_dags/plugins/decreasing_priority_weight_strategy.py
[2026-07-29T16:04:47.609+0000] {processor.py:914} INFO - Processing file /home/airflow/.local/lib/python3.12/site-packages/airflow/example_dags/plugins/decreasing_priority_weight_strategy.py for tasks to queue
[2026-07-29T16:04:47.610+0000] {logging_mixin.py:190} INFO - [2026-07-29T16:04:47.610+0000] {dagbag.py:587} INFO - Filling up the DagBag from /home/airflow/.local/lib/python3.12/site-packages/airflow/example_dags/plugins/decreasing_priority_weight_strategy.py
[2026-07-29T16:04:47.611+0000] {processor.py:927} WARNING - No viable dags retrieved from /home/airflow/.local/lib/python3.12/site-packages/airflow/example_dags/plugins/decreasing_priority_weight_strategy.py
[2026-07-29T16:04:47.617+0000] {processor.py:208} INFO - Processing /home/airflow/.local/lib/python3.12/site-packages/airflow/example_dags/plugins/decreasing_priority_weight_strategy.py took 0.010 seconds
[2026-07-29T16:05:18.668+0000] {processor.py:186} INFO - Started process (PID=2933) to work on /home/airflow/.local/lib/python3.12/site-packages/airflow/example_dags/plugins/decreasing_priority_weight_strategy.py
[2026-07-29T16:05:18.669+0000] {processor.py:914} INFO - Processing file /home/airflow/.local/lib/python3.12/site-packages/airflow/example_dags/plugins/decreasing_priority_weight_strategy.py for tasks to queue
[2026-07-29T16:05:18.670+0000] {logging_mixin.py:190} INFO - [2026-07-29T16:05:18.670+0000] {dagbag.py:587} INFO - Filling up the DagBag from /home/airflow/.local/lib/python3.12/site-packages/airflow/example_dags/plugins/decreasing_priority_weight_strategy.py
[2026-07-29T16:05:18.671+0000] {processor.py:927} WARNING - No viable dags retrieved from /home/airflow/.local/lib/python3.12/site-packages/airflow/example_dags/plugins/decreasing_priority_weight_strategy.py
[2026-07-29T16:05:18.676+0000] {processor.py:208} INFO - Processing /home/airflow/.local/lib/python3.12/site-packages/airflow/example_dags/plugins/decreasing_priority_weight_strategy.py took 0.011 seconds
[2026-07-29T16:06:02.349+0000] {processor.py:186} INFO - Started process (PID=2999) to work on /home/airflow/.local/lib/python3.12/site-packages/airflow/example_dags/plugins/decreasing_priority_weight_strategy.py
[2026-07-29T16:06:02.350+0000] {processor.py:914} INFO - Processing file /home/airflow/.local/lib/python3.12/site-packages/airflow/example_dags/plugins/decreasing_priority_weight_strategy.py for tasks to queue
[2026-07-29T16:06:02.351+0000] {logging_mixin.py:190} INFO - [2026-07-29T16:06:02.351+0000] {dagbag.py:587} INFO - Filling up the DagBag from /home/airflow/.local/lib/python3.12/site-packages/airflow/example_dags/plugins/decreasing_priority_weight_strategy.py
[2026-07-29T16:06:02.352+0000] {processor.py:927} WARNING - No viable dags retrieved from /home/airflow/.local/lib/python3.12/site-packages/airflow/example_dags/plugins/decreasing_priority_weight_strategy.py
[2026-07-29T16:06:02.357+0000] {processor.py:208} INFO - Processing /home/airflow/.local/lib/python3.12/site-packages/airflow/example_dags/plugins/decreasing_priority_weight_strategy.py took 0.011 seconds
[2026-07-29T16:06:33.489+0000] {processor.py:186} INFO - Started process (PID=3065) to work on /home/airflow/.local/lib/python3.12/site-packages/airflow/example_dags/plugins/decreasing_priority_weight_strategy.py
[2026-07-29T16:06:33.489+0000] {processor.py:914} INFO - Processing file /home/airflow/.local/lib/python3.12/site-packages/airflow/example_dags/plugins/decreasing_priority_weight_strategy.py for tasks to queue
[2026-07-29T16:06:33.491+0000] {logging_mixin.py:190} INFO - [2026-07-29T16:06:33.491+0000] {dagbag.py:587} INFO - Filling up the DagBag from /home/airflow/.local/lib/python3.12/site-packages/airflow/example_dags/plugins/decreasing_priority_weight_strategy.py
[2026-07-29T16:06:33.493+0000] {processor.py:927} WARNING - No viable dags retrieved from /home/airflow/.local/lib/python3.12/site-packages/airflow/example_dags/plugins/decreasing_priority_weight_strategy.py
[2026-07-29T16:06:33.500+0000] {processor.py:208} INFO - Processing /home/airflow/.local/lib/python3.12/site-packages/airflow/example_dags/plugins/decreasing_priority_weight_strategy.py took 0.014 seconds
[2026-07-29T16:13:49.029+0000] {processor.py:186} INFO - Started process (PID=3137) to work on /home/airflow/.local/lib/python3.12/site-packages/airflow/example_dags/plugins/decreasing_priority_weight_strategy.py
[2026-07-29T16:13:49.030+0000] {processor.py:914} INFO - Processing file /home/airflow/.local/lib/python3.12/site-packages/airflow/example_dags/plugins/decreasing_priority_weight_strategy.py for tasks to queue
[2026-07-29T16:13:49.032+0000] {logging_mixin.py:190} INFO - [2026-07-29T16:13:49.031+0000] {dagbag.py:587} INFO - Filling up the DagBag from /home/airflow/.local/lib/python3.12/site-packages/airflow/example_dags/plugins/decreasing_priority_weight_strategy.py
[2026-07-29T16:13:49.033+0000] {processor.py:927} WARNING - No viable dags retrieved from /home/airflow/.local/lib/python3.12/site-packages/airflow/example_dags/plugins/decreasing_priority_weight_strategy.py
[2026-07-29T16:13:49.038+0000] {processor.py:208} INFO - Processing /home/airflow/.local/lib/python3.12/site-packages/airflow/example_dags/plugins/decreasing_priority_weight_strategy.py took 0.012 seconds
[2026-07-29T16:14:19.933+0000] {processor.py:186} INFO - Started process (PID=3203) to work on /home/airflow/.local/lib/python3.12/site-packages/airflow/example_dags/plugins/decreasing_priority_weight_strategy.py
[2026-07-29T16:14:19.933+0000] {processor.py:914} INFO - Processing file /home/airflow/.local/lib/python3.12/site-packages/airflow/example_dags/plugins/decreasing_priority_weight_strategy.py for tasks to queue
[2026-07-29T16:14:19.934+0000] {logging_mixin.py:190} INFO - [2026-07-29T16:14:19.934+0000] {dagbag.py:587} INFO - Filling up the DagBag from /home/airflow/.local/lib/python3.12/site-packages/airflow/example_dags/plugins/decreasing_priority_weight_strategy.py
[2026-07-29T16:14:19.935+0000] {processor.py:927} WARNING - No viable dags retrieved from /home/airflow/.local/lib/python3.12/site-packages/airflow/example_dags/plugins/decreasing_priority_weight_strategy.py
[2026-07-29T16:14:19.942+0000] {processor.py:208} INFO - Processing /home/airflow/.local/lib/python3.12/site-packages/airflow/example_dags/plugins/decreasing_priority_weight_strategy.py took 0.012 seconds
[2026-07-29T16:14:50.967+0000] {processor.py:186} INFO - Started process (PID=3269) to work on /home/airflow/.local/lib/python3.12/site-packages/airflow/example_dags/plugins/decreasing_priority_weight_strategy.py
[2026-07-29T16:14:50.968+0000] {processor.py:914} INFO - Processing file /home/airflow/.local/lib/python3.12/site-packages/airflow/example_dags/plugins/decreasing_priority_weight_strategy.py for tasks to queue
[2026-07-29T16:14:50.969+0000] {logging_mixin.py:190} INFO - [2026-07-29T16:14:50.969+0000] {dagbag.py:587} INFO - Filling up the DagBag from /home/airflow/.local/lib/python3.12/site-packages/airflow/example_dags/plugins/decreasing_priority_weight_strategy.py
[2026-07-29T16:14:50.970+0000] {processor.py:927} WARNING - No viable dags retrieved from /home/airflow/.local/lib/python3.12/site-packages/airflow/example_dags/plugins/decreasing_priority_weight_strategy.py
[2026-07-29T16:14:50.977+0000] {processor.py:208} INFO - Processing /home/airflow/.local/lib/python3.12/site-packages/airflow/example_dags/plugins/decreasing_priority_weight_strategy.py took 0.012 seconds
[2026-07-29T16:15:22.288+0000] {processor.py:186} INFO - Started process (PID=3335) to work on /home/airflow/.local/lib/python3.12/site-packages/airflow/example_dags/plugins/decreasing_priority_weight_strategy.py
[2026-07-29T16:15:22.289+0000] {processor.py:914} INFO - Processing file /home/airflow/.local/lib/python3.12/site-packages/airflow/example_dags/plugins/decreasing_priority_weight_strategy.py for tasks to queue
[2026-07-29T16:15:22.290+0000] {logging_mixin.py:190} INFO - [2026-07-29T16:15:22.290+0000] {dagbag.py:587} INFO - Filling up the DagBag from /home/airflow/.local/lib/python3.12/site-packages/airflow/example_dags/plugins/decreasing_priority_weight_strategy.py
[2026-07-29T16:15:22.291+0000] {processor.py:927} WARNING - No viable dags retrieved from /home/airflow/.local/lib/python3.12/site-packages/airflow/example_dags/plugins/decreasing_priority_weight_strategy.py
[2026-07-29T16:15:22.299+0000] {processor.py:208} INFO - Processing /home/airflow/.local/lib/python3.12/site-packages/airflow/example_dags/plugins/decreasing_priority_weight_strategy.py took 0.015 seconds
[2026-07-29T16:15:52.344+0000] {processor.py:186} INFO - Started process (PID=3400) to work on /home/airflow/.local/lib/python3.12/site-packages/airflow/example_dags/plugins/decreasing_priority_weight_strategy.py
[2026-07-29T16:15:52.345+0000] {processor.py:914} INFO - Processing file /home/airflow/.local/lib/python3.12/site-packages/airflow/example_dags/plugins/decreasing_priority_weight_strategy.py for tasks to queue
[2026-07-29T16:15:52.346+0000] {logging_mixin.py:190} INFO - [2026-07-29T16:15:52.346+0000] {dagbag.py:587} INFO - Filling up the DagBag from /home/airflow/.local/lib/python3.12/site-packages/airflow/example_dags/plugins/decreasing_priority_weight_strategy.py
[2026-07-29T16:15:52.347+0000] {processor.py:927} WARNING - No viable dags retrieved from /home/airflow/.local/lib/python3.12/site-packages/airflow/example_dags/plugins/decreasing_priority_weight_strategy.py
[2026-07-29T16:15:52.355+0000] {processor.py:208} INFO - Processing /home/airflow/.local/lib/python3.12/site-packages/airflow/example_dags/plugins/decreasing_priority_weight_strategy.py took 0.013 seconds
[2026-07-29T16:16:22.443+0000] {processor.py:186} INFO - Started process (PID=3465) to work on /home/airflow/.local/lib/python3.12/site-packages/airflow/example_dags/plugins/decreasing_priority_weight_strategy.py
[2026-07-29T16:16:22.443+0000] {processor.py:914} INFO - Processing file /home/airflow/.local/lib/python3.12/site-packages/airflow/example_dags/plugins/decreasing_priority_weight_strategy.py for tasks to queue
[2026-07-29T16:16:22.444+0000] {logging_mixin.py:190} INFO - [2026-07-29T16:16:22.444+0000] {dagbag.py:587} INFO - Filling up the DagBag from /home/airflow/.local/lib/python3.12/site-packages/airflow/example_dags/plugins/decreasing_priority_weight_strategy.py
[2026-07-29T16:16:22.445+0000] {processor.py:927} WARNING - No viable dags retrieved from /home/airflow/.local/lib/python3.12/site-packages/airflow/example_dags/plugins/decreasing_priority_weight_strategy.py
[2026-07-29T16:16:22.451+0000] {processor.py:208} INFO - Processing /home/airflow/.local/lib/python3.12/site-packages/airflow/example_dags/plugins/decreasing_priority_weight_strategy.py took 0.010 seconds
[2026-07-29T16:16:53.595+0000] {processor.py:186} INFO - Started process (PID=3532) to work on /home/airflow/.local/lib/python3.12/site-packages/airflow/example_dags/plugins/decreasing_priority_weight_strategy.py
[2026-07-29T16:16:53.595+0000] {processor.py:914} INFO - Processing file /home/airflow/.local/lib/python3.12/site-packages/airflow/example_dags/plugins/decreasing_priority_weight_strategy.py for tasks to queue
[2026-07-29T16:16:53.597+0000] {logging_mixin.py:190} INFO - [2026-07-29T16:16:53.596+0000] {dagbag.py:587} INFO - Filling up the DagBag from /home/airflow/.local/lib/python3.12/site-packages/airflow/example_dags/plugins/decreasing_priority_weight_strategy.py
[2026-07-29T16:16:53.598+0000] {processor.py:927} WARNING - No viable dags retrieved from /home/airflow/.local/lib/python3.12/site-packages/airflow/example_dags/plugins/decreasing_priority_weight_strategy.py
[2026-07-29T16:16:53.608+0000] {processor.py:208} INFO - Processing /home/airflow/.local/lib/python3.12/site-packages/airflow/example_dags/plugins/decreasing_priority_weight_strategy.py took 0.016 seconds
[2026-07-29T16:17:23.894+0000] {processor.py:186} INFO - Started process (PID=3599) to work on /home/airflow/.local/lib/python3.12/site-packages/airflow/example_dags/plugins/decreasing_priority_weight_strategy.py
[2026-07-29T16:17:23.894+0000] {processor.py:914} INFO - Processing file /home/airflow/.local/lib/python3.12/site-packages/airflow/example_dags/plugins/decreasing_priority_weight_strategy.py for tasks to queue
[2026-07-29T16:17:23.895+0000] {logging_mixin.py:190} INFO - [2026-07-29T16:17:23.895+0000] {dagbag.py:587} INFO - Filling up the DagBag from /home/airflow/.local/lib/python3.12/site-packages/airflow/example_dags/plugins/decreasing_priority_weight_strategy.py
[2026-07-29T16:17:23.896+0000] {processor.py:927} WARNING - No viable dags retrieved from /home/airflow/.local/lib/python3.12/site-packages/airflow/example_dags/plugins/decreasing_priority_weight_strategy.py
[2026-07-29T16:17:23.902+0000] {processor.py:208} INFO - Processing /home/airflow/.local/lib/python3.12/site-packages/airflow/example_dags/plugins/decreasing_priority_weight_strategy.py took 0.012 seconds
[2026-07-29T16:17:54.980+0000] {processor.py:186} INFO - Started process (PID=3665) to work on /home/airflow/.local/lib/python3.12/site-packages/airflow/example_dags/plugins/decreasing_priority_weight_strategy.py
[2026-07-29T16:17:54.981+0000] {processor.py:914} INFO - Processing file /home/airflow/.local/lib/python3.12/site-packages/airflow/example_dags/plugins/decreasing_priority_weight_strategy.py for tasks to queue
[2026-07-29T16:17:54.982+0000] {logging_mixin.py:190} INFO - [2026-07-29T16:17:54.982+0000] {dagbag.py:587} INFO - Filling up the DagBag from /home/airflow/.local/lib/python3.12/site-packages/airflow/example_dags/plugins/decreasing_priority_weight_strategy.py
[2026-07-29T16:17:54.983+0000] {processor.py:927} WARNING - No viable dags retrieved from /home/airflow/.local/lib/python3.12/site-packages/airflow/example_dags/plugins/decreasing_priority_weight_strategy.py
[2026-07-29T16:17:54.989+0000] {processor.py:208} INFO - Processing /home/airflow/.local/lib/python3.12/site-packages/airflow/example_dags/plugins/decreasing_priority_weight_strategy.py took 0.012 seconds
[2026-07-29T16:18:26.048+0000] {processor.py:186} INFO - Started process (PID=3731) to work on /home/airflow/.local/lib/python3.12/site-packages/airflow/example_dags/plugins/decreasing_priority_weight_strategy.py
[2026-07-29T16:18:26.049+0000] {processor.py:914} INFO - Processing file /home/airflow/.local/lib/python3.12/site-packages/airflow/example_dags/plugins/decreasing_priority_weight_strategy.py for tasks to queue
[2026-07-29T16:18:26.050+0000] {logging_mixin.py:190} INFO - [2026-07-29T16:18:26.050+0000] {dagbag.py:587} INFO - Filling up the DagBag from /home/airflow/.local/lib/python3.12/site-packages/airflow/example_dags/plugins/decreasing_priority_weight_strategy.py
[2026-07-29T16:18:26.051+0000] {processor.py:927} WARNING - No viable dags retrieved from /home/airflow/.local/lib/python3.12/site-packages/airflow/example_dags/plugins/decreasing_priority_weight_strategy.py
[2026-07-29T16:18:26.058+0000] {processor.py:208} INFO - Processing /home/airflow/.local/lib/python3.12/site-packages/airflow/example_dags/plugins/decreasing_priority_weight_strategy.py took 0.012 seconds
[2026-07-29T16:18:56.672+0000] {processor.py:186} INFO - Started process (PID=3797) to work on /home/airflow/.local/lib/python3.12/site-packages/airflow/example_dags/plugins/decreasing_priority_weight_strategy.py
[2026-07-29T16:18:56.672+0000] {processor.py:914} INFO - Processing file /home/airflow/.local/lib/python3.12/site-packages/airflow/example_dags/plugins/decreasing_priority_weight_strategy.py for tasks to queue
[2026-07-29T16:18:56.674+0000] {logging_mixin.py:190} INFO - [2026-07-29T16:18:56.674+0000] {dagbag.py:587} INFO - Filling up the DagBag from /home/airflow/.local/lib/python3.12/site-packages/airflow/example_dags/plugins/decreasing_priority_weight_strategy.py
[2026-07-29T16:18:56.675+0000] {processor.py:927} WARNING - No viable dags retrieved from /home/airflow/.local/lib/python3.12/site-packages/airflow/example_dags/plugins/decreasing_priority_weight_strategy.py
[2026-07-29T16:18:56.681+0000] {processor.py:208} INFO - Processing /home/airflow/.local/lib/python3.12/site-packages/airflow/example_dags/plugins/decreasing_priority_weight_strategy.py took 0.013 seconds
[2026-07-29T16:19:27.015+0000] {processor.py:186} INFO - Started process (PID=3863) to work on /home/airflow/.local/lib/python3.12/site-packages/airflow/example_dags/plugins/decreasing_priority_weight_strategy.py
[2026-07-29T16:19:27.016+0000] {processor.py:914} INFO - Processing file /home/airflow/.local/lib/python3.12/site-packages/airflow/example_dags/plugins/decreasing_priority_weight_strategy.py for tasks to queue
[2026-07-29T16:19:27.017+0000] {logging_mixin.py:190} INFO - [2026-07-29T16:19:27.017+0000] {dagbag.py:587} INFO - Filling up the DagBag from /home/airflow/.local/lib/python3.12/site-packages/airflow/example_dags/plugins/decreasing_priority_weight_strategy.py
[2026-07-29T16:19:27.018+0000] {processor.py:927} WARNING - No viable dags retrieved from /home/airflow/.local/lib/python3.12/site-packages/airflow/example_dags/plugins/decreasing_priority_weight_strategy.py
[2026-07-29T16:19:27.023+0000] {processor.py:208} INFO - Processing /home/airflow/.local/lib/python3.12/site-packages/airflow/example_dags/plugins/decreasing_priority_weight_strategy.py took 0.012 seconds
[2026-07-29T16:19:57.788+0000] {processor.py:186} INFO - Started process (PID=3929) to work on /home/airflow/.local/lib/python3.12/site-packages/airflow/example_dags/plugins/decreasing_priority_weight_strategy.py
[2026-07-29T16:19:57.789+0000] {processor.py:914} INFO - Processing file /home/airflow/.local/lib/python3.12/site-packages/airflow/example_dags/plugins/decreasing_priority_weight_strategy.py for tasks to queue
[2026-07-29T16:19:57.791+0000] {logging_mixin.py:190} INFO - [2026-07-29T16:19:57.791+0000] {dagbag.py:587} INFO - Filling up the DagBag from /home/airflow/.local/lib/python3.12/site-packages/airflow/example_dags/plugins/decreasing_priority_weight_strategy.py
[2026-07-29T16:19:57.792+0000] {processor.py:927} WARNING - No viable dags retrieved from /home/airflow/.local/lib/python3.12/site-packages/airflow/example_dags/plugins/decreasing_priority_weight_strategy.py
[2026-07-29T16:19:57.799+0000] {processor.py:208} INFO - Processing /home/airflow/.local/lib/python3.12/site-packages/airflow/example_dags/plugins/decreasing_priority_weight_strategy.py took 0.014 seconds
[2026-07-29T16:20:28.270+0000] {processor.py:186} INFO - Started process (PID=3995) to work on /home/airflow/.local/lib/python3.12/site-packages/airflow/example_dags/plugins/decreasing_priority_weight_strategy.py
[2026-07-29T16:20:28.270+0000] {processor.py:914} INFO - Processing file /home/airflow/.local/lib/python3.12/site-packages/airflow/example_dags/plugins/decreasing_priority_weight_strategy.py for tasks to queue
[2026-07-29T16:20:28.271+0000] {logging_mixin.py:190} INFO - [2026-07-29T16:20:28.271+0000] {dagbag.py:587} INFO - Filling up the DagBag from /home/airflow/.local/lib/python3.12/site-packages/airflow/example_dags/plugins/decreasing_priority_weight_strategy.py
[2026-07-29T16:20:28.272+0000] {processor.py:927} WARNING - No viable dags retrieved from /home/airflow/.local/lib/python3.12/site-packages/airflow/example_dags/plugins/decreasing_priority_weight_strategy.py
[2026-07-29T16:20:28.278+0000] {processor.py:208} INFO - Processing /home/airflow/.local/lib/python3.12/site-packages/airflow/example_dags/plugins/decreasing_priority_weight_strategy.py took 0.011 seconds
[2026-07-29T16:20:58.556+0000] {processor.py:186} INFO - Started process (PID=4060) to work on /home/airflow/.local/lib/python3.12/site-packages/airflow/example_dags/plugins/decreasing_priority_weight_strategy.py
[2026-07-29T16:20:58.556+0000] {processor.py:914} INFO - Processing file /home/airflow/.local/lib/python3.12/site-packages/airflow/example_dags/plugins/decreasing_priority_weight_strategy.py for tasks to queue
[2026-07-29T16:20:58.557+0000] {logging_mixin.py:190} INFO - [2026-07-29T16:20:58.557+0000] {dagbag.py:587} INFO - Filling up the DagBag from /home/airflow/.local/lib/python3.12/site-packages/airflow/example_dags/plugins/decreasing_priority_weight_strategy.py
[2026-07-29T16:20:58.559+0000] {processor.py:927} WARNING - No viable dags retrieved from /home/airflow/.local/lib/python3.12/site-packages/airflow/example_dags/plugins/decreasing_priority_weight_strategy.py
[2026-07-29T16:20:58.568+0000] {processor.py:208} INFO - Processing /home/airflow/.local/lib/python3.12/site-packages/airflow/example_dags/plugins/decreasing_priority_weight_strategy.py took 0.014 seconds
[2026-07-29T16:21:29.253+0000] {processor.py:186} INFO - Started process (PID=4127) to work on /home/airflow/.local/lib/python3.12/site-packages/airflow/example_dags/plugins/decreasing_priority_weight_strategy.py
[2026-07-29T16:21:29.253+0000] {processor.py:914} INFO - Processing file /home/airflow/.local/lib/python3.12/site-packages/airflow/example_dags/plugins/decreasing_priority_weight_strategy.py for tasks to queue
[2026-07-29T16:21:29.254+0000] {logging_mixin.py:190} INFO - [2026-07-29T16:21:29.254+0000] {dagbag.py:587} INFO - Filling up the DagBag from /home/airflow/.local/lib/python3.12/site-packages/airflow/example_dags/plugins/decreasing_priority_weight_strategy.py
[2026-07-29T16:21:29.255+0000] {processor.py:927} WARNING - No viable dags retrieved from /home/airflow/.local/lib/python3.12/site-packages/airflow/example_dags/plugins/decreasing_priority_weight_strategy.py
[2026-07-29T16:21:29.261+0000] {processor.py:208} INFO - Processing /home/airflow/.local/lib/python3.12/site-packages/airflow/example_dags/plugins/decreasing_priority_weight_strategy.py took 0.011 seconds
[2026-07-29T16:22:00.171+0000] {processor.py:186} INFO - Started process (PID=4193) to work on /home/airflow/.local/lib/python3.12/site-packages/airflow/example_dags/plugins/decreasing_priority_weight_strategy.py
[2026-07-29T16:22:00.171+0000] {processor.py:914} INFO - Processing file /home/airflow/.local/lib/python3.12/site-packages/airflow/example_dags/plugins/decreasing_priority_weight_strategy.py for tasks to queue
[2026-07-29T16:22:00.172+0000] {logging_mixin.py:190} INFO - [2026-07-29T16:22:00.172+0000] {dagbag.py:587} INFO - Filling up the DagBag from /home/airflow/.local/lib/python3.12/site-packages/airflow/example_dags/plugins/decreasing_priority_weight_strategy.py
[2026-07-29T16:22:00.173+0000] {processor.py:927} WARNING - No viable dags retrieved from /home/airflow/.local/lib/python3.12/site-packages/airflow/example_dags/plugins/decreasing_priority_weight_strategy.py
[2026-07-29T16:22:00.179+0000] {processor.py:208} INFO - Processing /home/airflow/.local/lib/python3.12/site-packages/airflow/example_dags/plugins/decreasing_priority_weight_strategy.py took 0.011 seconds
[2026-07-29T16:22:30.928+0000] {processor.py:186} INFO - Started process (PID=4259) to work on /home/airflow/.local/lib/python3.12/site-packages/airflow/example_dags/plugins/decreasing_priority_weight_strategy.py
[2026-07-29T16:22:30.928+0000] {processor.py:914} INFO - Processing file /home/airflow/.local/lib/python3.12/site-packages/airflow/example_dags/plugins/decreasing_priority_weight_strategy.py for tasks to queue
[2026-07-29T16:22:30.929+0000] {logging_mixin.py:190} INFO - [2026-07-29T16:22:30.929+0000] {dagbag.py:587} INFO - Filling up the DagBag from /home/airflow/.local/lib/python3.12/site-packages/airflow/example_dags/plugins/decreasing_priority_weight_strategy.py
[2026-07-29T16:22:30.930+0000] {processor.py:927} WARNING - No viable dags retrieved from /home/airflow/.local/lib/python3.12/site-packages/airflow/example_dags/plugins/decreasing_priority_weight_strategy.py
[2026-07-29T16:22:30.936+0000] {processor.py:208} INFO - Processing /home/airflow/.local/lib/python3.12/site-packages/airflow/example_dags/plugins/decreasing_priority_weight_strategy.py took 0.011 seconds
[2026-07-29T16:23:01.125+0000] {processor.py:186} INFO - Started process (PID=4325) to work on /home/airflow/.local/lib/python3.12/site-packages/airflow/example_dags/plugins/decreasing_priority_weight_strategy.py
[2026-07-29T16:23:01.125+0000] {processor.py:914} INFO - Processing file /home/airflow/.local/lib/python3.12/site-packages/airflow/example_dags/plugins/decreasing_priority_weight_strategy.py for tasks to queue
[2026-07-29T16:23:01.126+0000] {logging_mixin.py:190} INFO - [2026-07-29T16:23:01.126+0000] {dagbag.py:587} INFO - Filling up the DagBag from /home/airflow/.local/lib/python3.12/site-packages/airflow/example_dags/plugins/decreasing_priority_weight_strategy.py
[2026-07-29T16:23:01.128+0000] {processor.py:927} WARNING - No viable dags retrieved from /home/airflow/.local/lib/python3.12/site-packages/airflow/example_dags/plugins/decreasing_priority_weight_strategy.py
[2026-07-29T16:23:01.134+0000] {processor.py:208} INFO - Processing /home/airflow/.local/lib/python3.12/site-packages/airflow/example_dags/plugins/decreasing_priority_weight_strategy.py took 0.012 seconds
[2026-07-29T16:23:31.980+0000] {processor.py:186} INFO - Started process (PID=4391) to work on /home/airflow/.local/lib/python3.12/site-packages/airflow/example_dags/plugins/decreasing_priority_weight_strategy.py
[2026-07-29T16:23:31.981+0000] {processor.py:914} INFO - Processing file /home/airflow/.local/lib/python3.12/site-packages/airflow/example_dags/plugins/decreasing_priority_weight_strategy.py for tasks to queue
[2026-07-29T16:23:31.982+0000] {logging_mixin.py:190} INFO - [2026-07-29T16:23:31.982+0000] {dagbag.py:587} INFO - Filling up the DagBag from /home/airflow/.local/lib/python3.12/site-packages/airflow/example_dags/plugins/decreasing_priority_weight_strategy.py
[2026-07-29T16:23:31.983+0000] {processor.py:927} WARNING - No viable dags retrieved from /home/airflow/.local/lib/python3.12/site-packages/airflow/example_dags/plugins/decreasing_priority_weight_strategy.py
[2026-07-29T16:23:31.989+0000] {processor.py:208} INFO - Processing /home/airflow/.local/lib/python3.12/site-packages/airflow/example_dags/plugins/decreasing_priority_weight_strategy.py took 0.012 seconds
[2026-07-29T16:24:02.915+0000] {processor.py:186} INFO - Started process (PID=4457) to work on /home/airflow/.local/lib/python3.12/site-packages/airflow/example_dags/plugins/decreasing_priority_weight_strategy.py
[2026-07-29T16:24:02.915+0000] {processor.py:914} INFO - Processing file /home/airflow/.local/lib/python3.12/site-packages/airflow/example_dags/plugins/decreasing_priority_weight_strategy.py for tasks to queue
[2026-07-29T16:24:02.916+0000] {logging_mixin.py:190} INFO - [2026-07-29T16:24:02.916+0000] {dagbag.py:587} INFO - Filling up the DagBag from /home/airflow/.local/lib/python3.12/site-packages/airflow/example_dags/plugins/decreasing_priority_weight_strategy.py
[2026-07-29T16:24:02.917+0000] {processor.py:927} WARNING - No viable dags retrieved from /home/airflow/.local/lib/python3.12/site-packages/airflow/example_dags/plugins/decreasing_priority_weight_strategy.py
[2026-07-29T16:24:02.922+0000] {processor.py:208} INFO - Processing /home/airflow/.local/lib/python3.12/site-packages/airflow/example_dags/plugins/decreasing_priority_weight_strategy.py took 0.010 seconds
[2026-07-29T16:24:33.989+0000] {processor.py:186} INFO - Started process (PID=4523) to work on /home/airflow/.local/lib/python3.12/site-packages/airflow/example_dags/plugins/decreasing_priority_weight_strategy.py
[2026-07-29T16:24:33.990+0000] {processor.py:914} INFO - Processing file /home/airflow/.local/lib/python3.12/site-packages/airflow/example_dags/plugins/decreasing_priority_weight_strategy.py for tasks to queue
[2026-07-29T16:24:33.990+0000] {logging_mixin.py:190} INFO - [2026-07-29T16:24:33.990+0000] {dagbag.py:587} INFO - Filling up the DagBag from /home/airflow/.local/lib/python3.12/site-packages/airflow/example_dags/plugins/decreasing_priority_weight_strategy.py
[2026-07-29T16:24:33.991+0000] {processor.py:927} WARNING - No viable dags retrieved from /home/airflow/.local/lib/python3.12/site-packages/airflow/example_dags/plugins/decreasing_priority_weight_strategy.py
[2026-07-29T16:24:33.996+0000] {processor.py:208} INFO - Processing /home/airflow/.local/lib/python3.12/site-packages/airflow/example_dags/plugins/decreasing_priority_weight_strategy.py took 0.010 seconds
[2026-07-29T16:25:05.161+0000] {processor.py:186} INFO - Started process (PID=4589) to work on /home/airflow/.local/lib/python3.12/site-packages/airflow/example_dags/plugins/decreasing_priority_weight_strategy.py
[2026-07-29T16:25:05.162+0000] {processor.py:914} INFO - Processing file /home/airflow/.local/lib/python3.12/site-packages/airflow/example_dags/plugins/decreasing_priority_weight_strategy.py for tasks to queue
[2026-07-29T16:25:05.163+0000] {logging_mixin.py:190} INFO - [2026-07-29T16:25:05.163+0000] {dagbag.py:587} INFO - Filling up the DagBag from /home/airflow/.local/lib/python3.12/site-packages/airflow/example_dags/plugins/decreasing_priority_weight_strategy.py
[2026-07-29T16:25:05.164+0000] {processor.py:927} WARNING - No viable dags retrieved from /home/airflow/.local/lib/python3.12/site-packages/airflow/example_dags/plugins/decreasing_priority_weight_strategy.py
[2026-07-29T16:25:05.170+0000] {processor.py:208} INFO - Processing /home/airflow/.local/lib/python3.12/site-packages/airflow/example_dags/plugins/decreasing_priority_weight_strategy.py took 0.011 seconds
[2026-07-29T16:25:36.195+0000] {processor.py:186} INFO - Started process (PID=4655) to work on /home/airflow/.local/lib/python3.12/site-packages/airflow/example_dags/plugins/decreasing_priority_weight_strategy.py
[2026-07-29T16:25:36.196+0000] {processor.py:914} INFO - Processing file /home/airflow/.local/lib/python3.12/site-packages/airflow/example_dags/plugins/decreasing_priority_weight_strategy.py for tasks to queue
[2026-07-29T16:25:36.198+0000] {logging_mixin.py:190} INFO - [2026-07-29T16:25:36.197+0000] {dagbag.py:587} INFO - Filling up the DagBag from /home/airflow/.local/lib/python3.12/site-packages/airflow/example_dags/plugins/decreasing_priority_weight_strategy.py
[2026-07-29T16:25:36.199+0000] {processor.py:927} WARNING - No viable dags retrieved from /home/airflow/.local/lib/python3.12/site-packages/airflow/example_dags/plugins/decreasing_priority_weight_strategy.py
[2026-07-29T16:25:36.204+0000] {processor.py:208} INFO - Processing /home/airflow/.local/lib/python3.12/site-packages/airflow/example_dags/plugins/decreasing_priority_weight_strategy.py took 0.012 seconds
[2026-07-29T16:26:07.233+0000] {processor.py:186} INFO - Started process (PID=4721) to work on /home/airflow/.local/lib/python3.12/site-packages/airflow/example_dags/plugins/decreasing_priority_weight_strategy.py
[2026-07-29T16:26:07.233+0000] {processor.py:914} INFO - Processing file /home/airflow/.local/lib/python3.12/site-packages/airflow/example_dags/plugins/decreasing_priority_weight_strategy.py for tasks to queue
[2026-07-29T16:26:07.234+0000] {logging_mixin.py:190} INFO - [2026-07-29T16:26:07.234+0000] {dagbag.py:587} INFO - Filling up the DagBag from /home/airflow/.local/lib/python3.12/site-packages/airflow/example_dags/plugins/decreasing_priority_weight_strategy.py
[2026-07-29T16:26:07.235+0000] {processor.py:927} WARNING - No viable dags retrieved from /home/airflow/.local/lib/python3.12/site-packages/airflow/example_dags/plugins/decreasing_priority_weight_strategy.py
[2026-07-29T16:26:07.241+0000] {processor.py:208} INFO - Processing /home/airflow/.local/lib/python3.12/site-packages/airflow/example_dags/plugins/decreasing_priority_weight_strategy.py took 0.010 seconds
[2026-07-29T16:26:37.415+0000] {processor.py:186} INFO - Started process (PID=4787) to work on /home/airflow/.local/lib/python3.12/site-packages/airflow/example_dags/plugins/decreasing_priority_weight_strategy.py
[2026-07-29T16:26:37.416+0000] {processor.py:914} INFO - Processing file /home/airflow/.local/lib/python3.12/site-packages/airflow/example_dags/plugins/decreasing_priority_weight_strategy.py for tasks to queue
[2026-07-29T16:26:37.418+0000] {logging_mixin.py:190} INFO - [2026-07-29T16:26:37.418+0000] {dagbag.py:587} INFO - Filling up the DagBag from /home/airflow/.local/lib/python3.12/site-packages/airflow/example_dags/plugins/decreasing_priority_weight_strategy.py
[2026-07-29T16:26:37.420+0000] {processor.py:927} WARNING - No viable dags retrieved from /home/airflow/.local/lib/python3.12/site-packages/airflow/example_dags/plugins/decreasing_priority_weight_strategy.py
[2026-07-29T16:26:37.430+0000] {processor.py:208} INFO - Processing /home/airflow/.local/lib/python3.12/site-packages/airflow/example_dags/plugins/decreasing_priority_weight_strategy.py took 0.017 seconds
[2026-07-29T16:27:08.588+0000] {processor.py:186} INFO - Started process (PID=4853) to work on /home/airflow/.local/lib/python3.12/site-packages/airflow/example_dags/plugins/decreasing_priority_weight_strategy.py
[2026-07-29T16:27:08.588+0000] {processor.py:914} INFO - Processing file /home/airflow/.local/lib/python3.12/site-packages/airflow/example_dags/plugins/decreasing_priority_weight_strategy.py for tasks to queue
[2026-07-29T16:27:08.590+0000] {logging_mixin.py:190} INFO - [2026-07-29T16:27:08.589+0000] {dagbag.py:587} INFO - Filling up the DagBag from /home/airflow/.local/lib/python3.12/site-packages/airflow/example_dags/plugins/decreasing_priority_weight_strategy.py
[2026-07-29T16:27:08.591+0000] {processor.py:927} WARNING - No viable dags retrieved from /home/airflow/.local/lib/python3.12/site-packages/airflow/example_dags/plugins/decreasing_priority_weight_strategy.py
[2026-07-29T16:27:08.598+0000] {processor.py:208} INFO - Processing /home/airflow/.local/lib/python3.12/site-packages/airflow/example_dags/plugins/decreasing_priority_weight_strategy.py took 0.013 seconds
[2026-07-29T16:27:38.689+0000] {processor.py:186} INFO - Started process (PID=4919) to work on /home/airflow/.local/lib/python3.12/site-packages/airflow/example_dags/plugins/decreasing_priority_weight_strategy.py
[2026-07-29T16:27:38.690+0000] {processor.py:914} INFO - Processing file /home/airflow/.local/lib/python3.12/site-packages/airflow/example_dags/plugins/decreasing_priority_weight_strategy.py for tasks to queue
[2026-07-29T16:27:38.691+0000] {logging_mixin.py:190} INFO - [2026-07-29T16:27:38.691+0000] {dagbag.py:587} INFO - Filling up the DagBag from /home/airflow/.local/lib/python3.12/site-packages/airflow/example_dags/plugins/decreasing_priority_weight_strategy.py
[2026-07-29T16:27:38.693+0000] {processor.py:927} WARNING - No viable dags retrieved from /home/airflow/.local/lib/python3.12/site-packages/airflow/example_dags/plugins/decreasing_priority_weight_strategy.py
[2026-07-29T16:27:38.701+0000] {processor.py:208} INFO - Processing /home/airflow/.local/lib/python3.12/site-packages/airflow/example_dags/plugins/decreasing_priority_weight_strategy.py took 0.015 seconds
[2026-07-29T16:28:09.687+0000] {processor.py:186} INFO - Started process (PID=4985) to work on /home/airflow/.local/lib/python3.12/site-packages/airflow/example_dags/plugins/decreasing_priority_weight_strategy.py
[2026-07-29T16:28:09.688+0000] {processor.py:914} INFO - Processing file /home/airflow/.local/lib/python3.12/site-packages/airflow/example_dags/plugins/decreasing_priority_weight_strategy.py for tasks to queue
[2026-07-29T16:28:09.689+0000] {logging_mixin.py:190} INFO - [2026-07-29T16:28:09.689+0000] {dagbag.py:587} INFO - Filling up the DagBag from /home/airflow/.local/lib/python3.12/site-packages/airflow/example_dags/plugins/decreasing_priority_weight_strategy.py
[2026-07-29T16:28:09.691+0000] {processor.py:927} WARNING - No viable dags retrieved from /home/airflow/.local/lib/python3.12/site-packages/airflow/example_dags/plugins/decreasing_priority_weight_strategy.py
[2026-07-29T16:28:09.698+0000] {processor.py:208} INFO - Processing /home/airflow/.local/lib/python3.12/site-packages/airflow/example_dags/plugins/decreasing_priority_weight_strategy.py took 0.013 seconds
[2026-07-29T16:28:40.667+0000] {processor.py:186} INFO - Started process (PID=5051) to work on /home/airflow/.local/lib/python3.12/site-packages/airflow/example_dags/plugins/decreasing_priority_weight_strategy.py
[2026-07-29T16:28:40.667+0000] {processor.py:914} INFO - Processing file /home/airflow/.local/lib/python3.12/site-packages/airflow/example_dags/plugins/decreasing_priority_weight_strategy.py for tasks to queue
[2026-07-29T16:28:40.669+0000] {logging_mixin.py:190} INFO - [2026-07-29T16:28:40.668+0000] {dagbag.py:587} INFO - Filling up the DagBag from /home/airflow/.local/lib/python3.12/site-packages/airflow/example_dags/plugins/decreasing_priority_weight_strategy.py
[2026-07-29T16:28:40.670+0000] {processor.py:927} WARNING - No viable dags retrieved from /home/airflow/.local/lib/python3.12/site-packages/airflow/example_dags/plugins/decreasing_priority_weight_strategy.py
[2026-07-29T16:28:40.675+0000] {processor.py:208} INFO - Processing /home/airflow/.local/lib/python3.12/site-packages/airflow/example_dags/plugins/decreasing_priority_weight_strategy.py took 0.011 seconds
[2026-07-29T16:29:11.175+0000] {processor.py:186} INFO - Started process (PID=5117) to work on /home/airflow/.local/lib/python3.12/site-packages/airflow/example_dags/plugins/decreasing_priority_weight_strategy.py
[2026-07-29T16:29:11.176+0000] {processor.py:914} INFO - Processing file /home/airflow/.local/lib/python3.12/site-packages/airflow/example_dags/plugins/decreasing_priority_weight_strategy.py for tasks to queue
[2026-07-29T16:29:11.177+0000] {logging_mixin.py:190} INFO - [2026-07-29T16:29:11.177+0000] {dagbag.py:587} INFO - Filling up the DagBag from /home/airflow/.local/lib/python3.12/site-packages/airflow/example_dags/plugins/decreasing_priority_weight_strategy.py
[2026-07-29T16:29:11.178+0000] {processor.py:927} WARNING - No viable dags retrieved from /home/airflow/.local/lib/python3.12/site-packages/airflow/example_dags/plugins/decreasing_priority_weight_strategy.py
[2026-07-29T16:29:11.183+0000] {processor.py:208} INFO - Processing /home/airflow/.local/lib/python3.12/site-packages/airflow/example_dags/plugins/decreasing_priority_weight_strategy.py took 0.010 seconds
[2026-07-29T16:29:42.056+0000] {processor.py:186} INFO - Started process (PID=5183) to work on /home/airflow/.local/lib/python3.12/site-packages/airflow/example_dags/plugins/decreasing_priority_weight_strategy.py
[2026-07-29T16:29:42.056+0000] {processor.py:914} INFO - Processing file /home/airflow/.local/lib/python3.12/site-packages/airflow/example_dags/plugins/decreasing_priority_weight_strategy.py for tasks to queue
[2026-07-29T16:29:42.057+0000] {logging_mixin.py:190} INFO - [2026-07-29T16:29:42.057+0000] {dagbag.py:587} INFO - Filling up the DagBag from /home/airflow/.local/lib/python3.12/site-packages/airflow/example_dags/plugins/decreasing_priority_weight_strategy.py
[2026-07-29T16:29:42.058+0000] {processor.py:927} WARNING - No viable dags retrieved from /home/airflow/.local/lib/python3.12/site-packages/airflow/example_dags/plugins/decreasing_priority_weight_strategy.py
[2026-07-29T16:29:42.065+0000] {processor.py:208} INFO - Processing /home/airflow/.local/lib/python3.12/site-packages/airflow/example_dags/plugins/decreasing_priority_weight_strategy.py took 0.012 seconds
[2026-07-29T16:30:12.961+0000] {processor.py:186} INFO - Started process (PID=5249) to work on /home/airflow/.local/lib/python3.12/site-packages/airflow/example_dags/plugins/decreasing_priority_weight_strategy.py
[2026-07-29T16:30:12.962+0000] {processor.py:914} INFO - Processing file /home/airflow/.local/lib/python3.12/site-packages/airflow/example_dags/plugins/decreasing_priority_weight_strategy.py for tasks to queue
[2026-07-29T16:30:12.966+0000] {logging_mixin.py:190} INFO - [2026-07-29T16:30:12.966+0000] {dagbag.py:587} INFO - Filling up the DagBag from /home/airflow/.local/lib/python3.12/site-packages/airflow/example_dags/plugins/decreasing_priority_weight_strategy.py
[2026-07-29T16:30:12.967+0000] {processor.py:927} WARNING - No viable dags retrieved from /home/airflow/.local/lib/python3.12/site-packages/airflow/example_dags/plugins/decreasing_priority_weight_strategy.py
[2026-07-29T16:30:12.973+0000] {processor.py:208} INFO - Processing /home/airflow/.local/lib/python3.12/site-packages/airflow/example_dags/plugins/decreasing_priority_weight_strategy.py took 0.014 seconds
[2026-07-29T16:30:43.087+0000] {processor.py:186} INFO - Started process (PID=5315) to work on /home/airflow/.local/lib/python3.12/site-packages/airflow/example_dags/plugins/decreasing_priority_weight_strategy.py
[2026-07-29T16:30:43.089+0000] {processor.py:914} INFO - Processing file /home/airflow/.local/lib/python3.12/site-packages/airflow/example_dags/plugins/decreasing_priority_weight_strategy.py for tasks to queue
[2026-07-29T16:30:43.090+0000] {logging_mixin.py:190} INFO - [2026-07-29T16:30:43.090+0000] {dagbag.py:587} INFO - Filling up the DagBag from /home/airflow/.local/lib/python3.12/site-packages/airflow/example_dags/plugins/decreasing_priority_weight_strategy.py
[2026-07-29T16:30:43.091+0000] {processor.py:927} WARNING - No viable dags retrieved from /home/airflow/.local/lib/python3.12/site-packages/airflow/example_dags/plugins/decreasing_priority_weight_strategy.py
[2026-07-29T16:30:43.100+0000] {processor.py:208} INFO - Processing /home/airflow/.local/lib/python3.12/site-packages/airflow/example_dags/plugins/decreasing_priority_weight_strategy.py took 0.016 seconds
[2026-07-29T16:31:13.256+0000] {processor.py:186} INFO - Started process (PID=5380) to work on /home/airflow/.local/lib/python3.12/site-packages/airflow/example_dags/plugins/decreasing_priority_weight_strategy.py
[2026-07-29T16:31:13.256+0000] {processor.py:914} INFO - Processing file /home/airflow/.local/lib/python3.12/site-packages/airflow/example_dags/plugins/decreasing_priority_weight_strategy.py for tasks to queue
[2026-07-29T16:31:13.258+0000] {logging_mixin.py:190} INFO - [2026-07-29T16:31:13.257+0000] {dagbag.py:587} INFO - Filling up the DagBag from /home/airflow/.local/lib/python3.12/site-packages/airflow/example_dags/plugins/decreasing_priority_weight_strategy.py
[2026-07-29T16:31:13.259+0000] {processor.py:927} WARNING - No viable dags retrieved from /home/airflow/.local/lib/python3.12/site-packages/airflow/example_dags/plugins/decreasing_priority_weight_strategy.py
[2026-07-29T16:31:13.265+0000] {processor.py:208} INFO - Processing /home/airflow/.local/lib/python3.12/site-packages/airflow/example_dags/plugins/decreasing_priority_weight_strategy.py took 0.012 seconds
[2026-07-29T16:31:43.704+0000] {processor.py:186} INFO - Started process (PID=5447) to work on /home/airflow/.local/lib/python3.12/site-packages/airflow/example_dags/plugins/decreasing_priority_weight_strategy.py
[2026-07-29T16:31:43.704+0000] {processor.py:914} INFO - Processing file /home/airflow/.local/lib/python3.12/site-packages/airflow/example_dags/plugins/decreasing_priority_weight_strategy.py for tasks to queue
[2026-07-29T16:31:43.706+0000] {logging_mixin.py:190} INFO - [2026-07-29T16:31:43.706+0000] {dagbag.py:587} INFO - Filling up the DagBag from /home/airflow/.local/lib/python3.12/site-packages/airflow/example_dags/plugins/decreasing_priority_weight_strategy.py
[2026-07-29T16:31:43.707+0000] {processor.py:927} WARNING - No viable dags retrieved from /home/airflow/.local/lib/python3.12/site-packages/airflow/example_dags/plugins/decreasing_priority_weight_strategy.py
[2026-07-29T16:31:43.713+0000] {processor.py:208} INFO - Processing /home/airflow/.local/lib/python3.12/site-packages/airflow/example_dags/plugins/decreasing_priority_weight_strategy.py took 0.012 seconds
[2026-07-29T16:32:14.791+0000] {processor.py:186} INFO - Started process (PID=5513) to work on /home/airflow/.local/lib/python3.12/site-packages/airflow/example_dags/plugins/decreasing_priority_weight_strategy.py
[2026-07-29T16:32:14.791+0000] {processor.py:914} INFO - Processing file /home/airflow/.local/lib/python3.12/site-packages/airflow/example_dags/plugins/decreasing_priority_weight_strategy.py for tasks to queue
[2026-07-29T16:32:14.792+0000] {logging_mixin.py:190} INFO - [2026-07-29T16:32:14.792+0000] {dagbag.py:587} INFO - Filling up the DagBag from /home/airflow/.local/lib/python3.12/site-packages/airflow/example_dags/plugins/decreasing_priority_weight_strategy.py
[2026-07-29T16:32:14.793+0000] {processor.py:927} WARNING - No viable dags retrieved from /home/airflow/.local/lib/python3.12/site-packages/airflow/example_dags/plugins/decreasing_priority_weight_strategy.py
[2026-07-29T16:32:14.799+0000] {processor.py:208} INFO - Processing /home/airflow/.local/lib/python3.12/site-packages/airflow/example_dags/plugins/decreasing_priority_weight_strategy.py took 0.010 seconds
[2026-07-29T16:32:45.002+0000] {processor.py:186} INFO - Started process (PID=5579) to work on /home/airflow/.local/lib/python3.12/site-packages/airflow/example_dags/plugins/decreasing_priority_weight_strategy.py
[2026-07-29T16:32:45.003+0000] {processor.py:914} INFO - Processing file /home/airflow/.local/lib/python3.12/site-packages/airflow/example_dags/plugins/decreasing_priority_weight_strategy.py for tasks to queue
[2026-07-29T16:32:45.004+0000] {logging_mixin.py:190} INFO - [2026-07-29T16:32:45.004+0000] {dagbag.py:587} INFO - Filling up the DagBag from /home/airflow/.local/lib/python3.12/site-packages/airflow/example_dags/plugins/decreasing_priority_weight_strategy.py
[2026-07-29T16:32:45.005+0000] {processor.py:927} WARNING - No viable dags retrieved from /home/airflow/.local/lib/python3.12/site-packages/airflow/example_dags/plugins/decreasing_priority_weight_strategy.py
[2026-07-29T16:32:45.012+0000] {processor.py:208} INFO - Processing /home/airflow/.local/lib/python3.12/site-packages/airflow/example_dags/plugins/decreasing_priority_weight_strategy.py took 0.013 seconds
[2026-07-29T16:33:16.038+0000] {processor.py:186} INFO - Started process (PID=5645) to work on /home/airflow/.local/lib/python3.12/site-packages/airflow/example_dags/plugins/decreasing_priority_weight_strategy.py
[2026-07-29T16:33:16.038+0000] {processor.py:914} INFO - Processing file /home/airflow/.local/lib/python3.12/site-packages/airflow/example_dags/plugins/decreasing_priority_weight_strategy.py for tasks to queue
[2026-07-29T16:33:16.039+0000] {logging_mixin.py:190} INFO - [2026-07-29T16:33:16.039+0000] {dagbag.py:587} INFO - Filling up the DagBag from /home/airflow/.local/lib/python3.12/site-packages/airflow/example_dags/plugins/decreasing_priority_weight_strategy.py
[2026-07-29T16:33:16.041+0000] {processor.py:927} WARNING - No viable dags retrieved from /home/airflow/.local/lib/python3.12/site-packages/airflow/example_dags/plugins/decreasing_priority_weight_strategy.py
[2026-07-29T16:33:16.048+0000] {processor.py:208} INFO - Processing /home/airflow/.local/lib/python3.12/site-packages/airflow/example_dags/plugins/decreasing_priority_weight_strategy.py took 0.013 seconds
[2026-07-29T16:33:51.411+0000] {processor.py:186} INFO - Started process (PID=5717) to work on /home/airflow/.local/lib/python3.12/site-packages/airflow/example_dags/plugins/decreasing_priority_weight_strategy.py
[2026-07-29T16:33:51.413+0000] {processor.py:914} INFO - Processing file /home/airflow/.local/lib/python3.12/site-packages/airflow/example_dags/plugins/decreasing_priority_weight_strategy.py for tasks to queue
[2026-07-29T16:33:51.414+0000] {logging_mixin.py:190} INFO - [2026-07-29T16:33:51.414+0000] {dagbag.py:587} INFO - Filling up the DagBag from /home/airflow/.local/lib/python3.12/site-packages/airflow/example_dags/plugins/decreasing_priority_weight_strategy.py
[2026-07-29T16:33:51.415+0000] {processor.py:927} WARNING - No viable dags retrieved from /home/airflow/.local/lib/python3.12/site-packages/airflow/example_dags/plugins/decreasing_priority_weight_strategy.py
[2026-07-29T16:33:51.420+0000] {processor.py:208} INFO - Processing /home/airflow/.local/lib/python3.12/site-packages/airflow/example_dags/plugins/decreasing_priority_weight_strategy.py took 0.012 seconds
[2026-07-29T16:34:22.401+0000] {processor.py:186} INFO - Started process (PID=5783) to work on /home/airflow/.local/lib/python3.12/site-packages/airflow/example_dags/plugins/decreasing_priority_weight_strategy.py
[2026-07-29T16:34:22.402+0000] {processor.py:914} INFO - Processing file /home/airflow/.local/lib/python3.12/site-packages/airflow/example_dags/plugins/decreasing_priority_weight_strategy.py for tasks to queue
[2026-07-29T16:34:22.403+0000] {logging_mixin.py:190} INFO - [2026-07-29T16:34:22.403+0000] {dagbag.py:587} INFO - Filling up the DagBag from /home/airflow/.local/lib/python3.12/site-packages/airflow/example_dags/plugins/decreasing_priority_weight_strategy.py
[2026-07-29T16:34:22.404+0000] {processor.py:927} WARNING - No viable dags retrieved from /home/airflow/.local/lib/python3.12/site-packages/airflow/example_dags/plugins/decreasing_priority_weight_strategy.py
[2026-07-29T16:34:22.410+0000] {processor.py:208} INFO - Processing /home/airflow/.local/lib/python3.12/site-packages/airflow/example_dags/plugins/decreasing_priority_weight_strategy.py took 0.011 seconds
[2026-07-29T16:34:53.375+0000] {processor.py:186} INFO - Started process (PID=5849) to work on /home/airflow/.local/lib/python3.12/site-packages/airflow/example_dags/plugins/decreasing_priority_weight_strategy.py
[2026-07-29T16:34:53.377+0000] {processor.py:914} INFO - Processing file /home/airflow/.local/lib/python3.12/site-packages/airflow/example_dags/plugins/decreasing_priority_weight_strategy.py for tasks to queue
[2026-07-29T16:34:53.379+0000] {logging_mixin.py:190} INFO - [2026-07-29T16:34:53.378+0000] {dagbag.py:587} INFO - Filling up the DagBag from /home/airflow/.local/lib/python3.12/site-packages/airflow/example_dags/plugins/decreasing_priority_weight_strategy.py
[2026-07-29T16:34:53.380+0000] {processor.py:927} WARNING - No viable dags retrieved from /home/airflow/.local/lib/python3.12/site-packages/airflow/example_dags/plugins/decreasing_priority_weight_strategy.py
[2026-07-29T16:34:53.385+0000] {processor.py:208} INFO - Processing /home/airflow/.local/lib/python3.12/site-packages/airflow/example_dags/plugins/decreasing_priority_weight_strategy.py took 0.012 seconds
[2026-07-29T16:35:24.350+0000] {processor.py:186} INFO - Started process (PID=5915) to work on /home/airflow/.local/lib/python3.12/site-packages/airflow/example_dags/plugins/decreasing_priority_weight_strategy.py
[2026-07-29T16:35:24.351+0000] {processor.py:914} INFO - Processing file /home/airflow/.local/lib/python3.12/site-packages/airflow/example_dags/plugins/decreasing_priority_weight_strategy.py for tasks to queue
[2026-07-29T16:35:24.352+0000] {logging_mixin.py:190} INFO - [2026-07-29T16:35:24.352+0000] {dagbag.py:587} INFO - Filling up the DagBag from /home/airflow/.local/lib/python3.12/site-packages/airflow/example_dags/plugins/decreasing_priority_weight_strategy.py
[2026-07-29T16:35:24.354+0000] {processor.py:927} WARNING - No viable dags retrieved from /home/airflow/.local/lib/python3.12/site-packages/airflow/example_dags/plugins/decreasing_priority_weight_strategy.py
[2026-07-29T16:35:24.364+0000] {processor.py:208} INFO - Processing /home/airflow/.local/lib/python3.12/site-packages/airflow/example_dags/plugins/decreasing_priority_weight_strategy.py took 0.017 seconds
[2026-07-29T16:35:55.435+0000] {processor.py:186} INFO - Started process (PID=5981) to work on /home/airflow/.local/lib/python3.12/site-packages/airflow/example_dags/plugins/decreasing_priority_weight_strategy.py
[2026-07-29T16:35:55.435+0000] {processor.py:914} INFO - Processing file /home/airflow/.local/lib/python3.12/site-packages/airflow/example_dags/plugins/decreasing_priority_weight_strategy.py for tasks to queue
[2026-07-29T16:35:55.437+0000] {logging_mixin.py:190} INFO - [2026-07-29T16:35:55.436+0000] {dagbag.py:587} INFO - Filling up the DagBag from /home/airflow/.local/lib/python3.12/site-packages/airflow/example_dags/plugins/decreasing_priority_weight_strategy.py
[2026-07-29T16:35:55.438+0000] {processor.py:927} WARNING - No viable dags retrieved from /home/airflow/.local/lib/python3.12/site-packages/airflow/example_dags/plugins/decreasing_priority_weight_strategy.py
[2026-07-29T16:35:55.445+0000] {processor.py:208} INFO - Processing /home/airflow/.local/lib/python3.12/site-packages/airflow/example_dags/plugins/decreasing_priority_weight_strategy.py took 0.013 seconds
[2026-07-29T16:36:26.483+0000] {processor.py:186} INFO - Started process (PID=6047) to work on /home/airflow/.local/lib/python3.12/site-packages/airflow/example_dags/plugins/decreasing_priority_weight_strategy.py
[2026-07-29T16:36:26.484+0000] {processor.py:914} INFO - Processing file /home/airflow/.local/lib/python3.12/site-packages/airflow/example_dags/plugins/decreasing_priority_weight_strategy.py for tasks to queue
[2026-07-29T16:36:26.486+0000] {logging_mixin.py:190} INFO - [2026-07-29T16:36:26.486+0000] {dagbag.py:587} INFO - Filling up the DagBag from /home/airflow/.local/lib/python3.12/site-packages/airflow/example_dags/plugins/decreasing_priority_weight_strategy.py
[2026-07-29T16:36:26.487+0000] {processor.py:927} WARNING - No viable dags retrieved from /home/airflow/.local/lib/python3.12/site-packages/airflow/example_dags/plugins/decreasing_priority_weight_strategy.py
[2026-07-29T16:36:26.493+0000] {processor.py:208} INFO - Processing /home/airflow/.local/lib/python3.12/site-packages/airflow/example_dags/plugins/decreasing_priority_weight_strategy.py took 0.012 seconds
[2026-07-29T16:36:57.431+0000] {processor.py:186} INFO - Started process (PID=6113) to work on /home/airflow/.local/lib/python3.12/site-packages/airflow/example_dags/plugins/decreasing_priority_weight_strategy.py
[2026-07-29T16:36:57.431+0000] {processor.py:914} INFO - Processing file /home/airflow/.local/lib/python3.12/site-packages/airflow/example_dags/plugins/decreasing_priority_weight_strategy.py for tasks to queue
[2026-07-29T16:36:57.432+0000] {logging_mixin.py:190} INFO - [2026-07-29T16:36:57.432+0000] {dagbag.py:587} INFO - Filling up the DagBag from /home/airflow/.local/lib/python3.12/site-packages/airflow/example_dags/plugins/decreasing_priority_weight_strategy.py
[2026-07-29T16:36:57.433+0000] {processor.py:927} WARNING - No viable dags retrieved from /home/airflow/.local/lib/python3.12/site-packages/airflow/example_dags/plugins/decreasing_priority_weight_strategy.py
[2026-07-29T16:36:57.439+0000] {processor.py:208} INFO - Processing /home/airflow/.local/lib/python3.12/site-packages/airflow/example_dags/plugins/decreasing_priority_weight_strategy.py took 0.011 seconds
[2026-07-29T16:37:28.508+0000] {processor.py:186} INFO - Started process (PID=6179) to work on /home/airflow/.local/lib/python3.12/site-packages/airflow/example_dags/plugins/decreasing_priority_weight_strategy.py
[2026-07-29T16:37:28.509+0000] {processor.py:914} INFO - Processing file /home/airflow/.local/lib/python3.12/site-packages/airflow/example_dags/plugins/decreasing_priority_weight_strategy.py for tasks to queue
[2026-07-29T16:37:28.511+0000] {logging_mixin.py:190} INFO - [2026-07-29T16:37:28.511+0000] {dagbag.py:587} INFO - Filling up the DagBag from /home/airflow/.local/lib/python3.12/site-packages/airflow/example_dags/plugins/decreasing_priority_weight_strategy.py
[2026-07-29T16:37:28.512+0000] {processor.py:927} WARNING - No viable dags retrieved from /home/airflow/.local/lib/python3.12/site-packages/airflow/example_dags/plugins/decreasing_priority_weight_strategy.py
[2026-07-29T16:37:28.518+0000] {processor.py:208} INFO - Processing /home/airflow/.local/lib/python3.12/site-packages/airflow/example_dags/plugins/decreasing_priority_weight_strategy.py took 0.012 seconds
[2026-07-29T16:37:59.514+0000] {processor.py:186} INFO - Started process (PID=6245) to work on /home/airflow/.local/lib/python3.12/site-packages/airflow/example_dags/plugins/decreasing_priority_weight_strategy.py
[2026-07-29T16:37:59.514+0000] {processor.py:914} INFO - Processing file /home/airflow/.local/lib/python3.12/site-packages/airflow/example_dags/plugins/decreasing_priority_weight_strategy.py for tasks to queue
[2026-07-29T16:37:59.515+0000] {logging_mixin.py:190} INFO - [2026-07-29T16:37:59.515+0000] {dagbag.py:587} INFO - Filling up the DagBag from /home/airflow/.local/lib/python3.12/site-packages/airflow/example_dags/plugins/decreasing_priority_weight_strategy.py
[2026-07-29T16:37:59.516+0000] {processor.py:927} WARNING - No viable dags retrieved from /home/airflow/.local/lib/python3.12/site-packages/airflow/example_dags/plugins/decreasing_priority_weight_strategy.py
[2026-07-29T16:37:59.523+0000] {processor.py:208} INFO - Processing /home/airflow/.local/lib/python3.12/site-packages/airflow/example_dags/plugins/decreasing_priority_weight_strategy.py took 0.012 seconds
[2026-07-29T16:38:30.526+0000] {processor.py:186} INFO - Started process (PID=6311) to work on /home/airflow/.local/lib/python3.12/site-packages/airflow/example_dags/plugins/decreasing_priority_weight_strategy.py
[2026-07-29T16:38:30.526+0000] {processor.py:914} INFO - Processing file /home/airflow/.local/lib/python3.12/site-packages/airflow/example_dags/plugins/decreasing_priority_weight_strategy.py for tasks to queue
[2026-07-29T16:38:30.527+0000] {logging_mixin.py:190} INFO - [2026-07-29T16:38:30.527+0000] {dagbag.py:587} INFO - Filling up the DagBag from /home/airflow/.local/lib/python3.12/site-packages/airflow/example_dags/plugins/decreasing_priority_weight_strategy.py
[2026-07-29T16:38:30.528+0000] {processor.py:927} WARNING - No viable dags retrieved from /home/airflow/.local/lib/python3.12/site-packages/airflow/example_dags/plugins/decreasing_priority_weight_strategy.py
[2026-07-29T16:38:30.533+0000] {processor.py:208} INFO - Processing /home/airflow/.local/lib/python3.12/site-packages/airflow/example_dags/plugins/decreasing_priority_weight_strategy.py took 0.011 seconds
[2026-07-29T16:39:01.607+0000] {processor.py:186} INFO - Started process (PID=6377) to work on /home/airflow/.local/lib/python3.12/site-packages/airflow/example_dags/plugins/decreasing_priority_weight_strategy.py
[2026-07-29T16:39:01.608+0000] {processor.py:914} INFO - Processing file /home/airflow/.local/lib/python3.12/site-packages/airflow/example_dags/plugins/decreasing_priority_weight_strategy.py for tasks to queue
[2026-07-29T16:39:01.610+0000] {logging_mixin.py:190} INFO - [2026-07-29T16:39:01.610+0000] {dagbag.py:587} INFO - Filling up the DagBag from /home/airflow/.local/lib/python3.12/site-packages/airflow/example_dags/plugins/decreasing_priority_weight_strategy.py
[2026-07-29T16:39:01.611+0000] {processor.py:927} WARNING - No viable dags retrieved from /home/airflow/.local/lib/python3.12/site-packages/airflow/example_dags/plugins/decreasing_priority_weight_strategy.py
[2026-07-29T16:39:01.618+0000] {processor.py:208} INFO - Processing /home/airflow/.local/lib/python3.12/site-packages/airflow/example_dags/plugins/decreasing_priority_weight_strategy.py took 0.013 seconds
[2026-07-29T16:39:32.644+0000] {processor.py:186} INFO - Started process (PID=6443) to work on /home/airflow/.local/lib/python3.12/site-packages/airflow/example_dags/plugins/decreasing_priority_weight_strategy.py
[2026-07-29T16:39:32.644+0000] {processor.py:914} INFO - Processing file /home/airflow/.local/lib/python3.12/site-packages/airflow/example_dags/plugins/decreasing_priority_weight_strategy.py for tasks to queue
[2026-07-29T16:39:32.646+0000] {logging_mixin.py:190} INFO - [2026-07-29T16:39:32.645+0000] {dagbag.py:587} INFO - Filling up the DagBag from /home/airflow/.local/lib/python3.12/site-packages/airflow/example_dags/plugins/decreasing_priority_weight_strategy.py
[2026-07-29T16:39:32.647+0000] {processor.py:927} WARNING - No viable dags retrieved from /home/airflow/.local/lib/python3.12/site-packages/airflow/example_dags/plugins/decreasing_priority_weight_strategy.py
[2026-07-29T16:39:32.654+0000] {processor.py:208} INFO - Processing /home/airflow/.local/lib/python3.12/site-packages/airflow/example_dags/plugins/decreasing_priority_weight_strategy.py took 0.013 seconds
[2026-07-29T16:40:03.751+0000] {processor.py:186} INFO - Started process (PID=6509) to work on /home/airflow/.local/lib/python3.12/site-packages/airflow/example_dags/plugins/decreasing_priority_weight_strategy.py
[2026-07-29T16:40:03.751+0000] {processor.py:914} INFO - Processing file /home/airflow/.local/lib/python3.12/site-packages/airflow/example_dags/plugins/decreasing_priority_weight_strategy.py for tasks to queue
[2026-07-29T16:40:03.753+0000] {logging_mixin.py:190} INFO - [2026-07-29T16:40:03.753+0000] {dagbag.py:587} INFO - Filling up the DagBag from /home/airflow/.local/lib/python3.12/site-packages/airflow/example_dags/plugins/decreasing_priority_weight_strategy.py
[2026-07-29T16:40:03.754+0000] {processor.py:927} WARNING - No viable dags retrieved from /home/airflow/.local/lib/python3.12/site-packages/airflow/example_dags/plugins/decreasing_priority_weight_strategy.py
[2026-07-29T16:40:03.761+0000] {processor.py:208} INFO - Processing /home/airflow/.local/lib/python3.12/site-packages/airflow/example_dags/plugins/decreasing_priority_weight_strategy.py took 0.013 seconds
[2026-07-29T16:40:33.937+0000] {processor.py:186} INFO - Started process (PID=6575) to work on /home/airflow/.local/lib/python3.12/site-packages/airflow/example_dags/plugins/decreasing_priority_weight_strategy.py
[2026-07-29T16:40:33.939+0000] {processor.py:914} INFO - Processing file /home/airflow/.local/lib/python3.12/site-packages/airflow/example_dags/plugins/decreasing_priority_weight_strategy.py for tasks to queue
[2026-07-29T16:40:33.940+0000] {logging_mixin.py:190} INFO - [2026-07-29T16:40:33.940+0000] {dagbag.py:587} INFO - Filling up the DagBag from /home/airflow/.local/lib/python3.12/site-packages/airflow/example_dags/plugins/decreasing_priority_weight_strategy.py
[2026-07-29T16:40:33.943+0000] {processor.py:927} WARNING - No viable dags retrieved from /home/airflow/.local/lib/python3.12/site-packages/airflow/example_dags/plugins/decreasing_priority_weight_strategy.py
[2026-07-29T16:40:33.956+0000] {processor.py:208} INFO - Processing /home/airflow/.local/lib/python3.12/site-packages/airflow/example_dags/plugins/decreasing_priority_weight_strategy.py took 0.021 seconds
[2026-07-29T16:41:04.975+0000] {processor.py:186} INFO - Started process (PID=6641) to work on /home/airflow/.local/lib/python3.12/site-packages/airflow/example_dags/plugins/decreasing_priority_weight_strategy.py
[2026-07-29T16:41:04.976+0000] {processor.py:914} INFO - Processing file /home/airflow/.local/lib/python3.12/site-packages/airflow/example_dags/plugins/decreasing_priority_weight_strategy.py for tasks to queue
[2026-07-29T16:41:04.978+0000] {logging_mixin.py:190} INFO - [2026-07-29T16:41:04.977+0000] {dagbag.py:587} INFO - Filling up the DagBag from /home/airflow/.local/lib/python3.12/site-packages/airflow/example_dags/plugins/decreasing_priority_weight_strategy.py
[2026-07-29T16:41:04.980+0000] {processor.py:927} WARNING - No viable dags retrieved from /home/airflow/.local/lib/python3.12/site-packages/airflow/example_dags/plugins/decreasing_priority_weight_strategy.py
[2026-07-29T16:41:04.986+0000] {processor.py:208} INFO - Processing /home/airflow/.local/lib/python3.12/site-packages/airflow/example_dags/plugins/decreasing_priority_weight_strategy.py took 0.013 seconds
[2026-07-29T16:41:36.080+0000] {processor.py:186} INFO - Started process (PID=6707) to work on /home/airflow/.local/lib/python3.12/site-packages/airflow/example_dags/plugins/decreasing_priority_weight_strategy.py
[2026-07-29T16:41:36.081+0000] {processor.py:914} INFO - Processing file /home/airflow/.local/lib/python3.12/site-packages/airflow/example_dags/plugins/decreasing_priority_weight_strategy.py for tasks to queue
[2026-07-29T16:41:36.082+0000] {logging_mixin.py:190} INFO - [2026-07-29T16:41:36.082+0000] {dagbag.py:587} INFO - Filling up the DagBag from /home/airflow/.local/lib/python3.12/site-packages/airflow/example_dags/plugins/decreasing_priority_weight_strategy.py
[2026-07-29T16:41:36.083+0000] {processor.py:927} WARNING - No viable dags retrieved from /home/airflow/.local/lib/python3.12/site-packages/airflow/example_dags/plugins/decreasing_priority_weight_strategy.py
[2026-07-29T16:41:36.091+0000] {processor.py:208} INFO - Processing /home/airflow/.local/lib/python3.12/site-packages/airflow/example_dags/plugins/decreasing_priority_weight_strategy.py took 0.013 seconds
[2026-07-29T16:42:06.418+0000] {processor.py:186} INFO - Started process (PID=6773) to work on /home/airflow/.local/lib/python3.12/site-packages/airflow/example_dags/plugins/decreasing_priority_weight_strategy.py
[2026-07-29T16:42:06.419+0000] {processor.py:914} INFO - Processing file /home/airflow/.local/lib/python3.12/site-packages/airflow/example_dags/plugins/decreasing_priority_weight_strategy.py for tasks to queue
[2026-07-29T16:42:06.420+0000] {logging_mixin.py:190} INFO - [2026-07-29T16:42:06.420+0000] {dagbag.py:587} INFO - Filling up the DagBag from /home/airflow/.local/lib/python3.12/site-packages/airflow/example_dags/plugins/decreasing_priority_weight_strategy.py
[2026-07-29T16:42:06.421+0000] {processor.py:927} WARNING - No viable dags retrieved from /home/airflow/.local/lib/python3.12/site-packages/airflow/example_dags/plugins/decreasing_priority_weight_strategy.py
[2026-07-29T16:42:06.429+0000] {processor.py:208} INFO - Processing /home/airflow/.local/lib/python3.12/site-packages/airflow/example_dags/plugins/decreasing_priority_weight_strategy.py took 0.014 seconds
[2026-07-29T16:42:37.572+0000] {processor.py:186} INFO - Started process (PID=6839) to work on /home/airflow/.local/lib/python3.12/site-packages/airflow/example_dags/plugins/decreasing_priority_weight_strategy.py
[2026-07-29T16:42:37.572+0000] {processor.py:914} INFO - Processing file /home/airflow/.local/lib/python3.12/site-packages/airflow/example_dags/plugins/decreasing_priority_weight_strategy.py for tasks to queue
[2026-07-29T16:42:37.574+0000] {logging_mixin.py:190} INFO - [2026-07-29T16:42:37.574+0000] {dagbag.py:587} INFO - Filling up the DagBag from /home/airflow/.local/lib/python3.12/site-packages/airflow/example_dags/plugins/decreasing_priority_weight_strategy.py
[2026-07-29T16:42:37.575+0000] {processor.py:927} WARNING - No viable dags retrieved from /home/airflow/.local/lib/python3.12/site-packages/airflow/example_dags/plugins/decreasing_priority_weight_strategy.py
[2026-07-29T16:42:37.582+0000] {processor.py:208} INFO - Processing /home/airflow/.local/lib/python3.12/site-packages/airflow/example_dags/plugins/decreasing_priority_weight_strategy.py took 0.013 seconds
[2026-07-29T16:43:08.768+0000] {processor.py:186} INFO - Started process (PID=6905) to work on /home/airflow/.local/lib/python3.12/site-packages/airflow/example_dags/plugins/decreasing_priority_weight_strategy.py
[2026-07-29T16:43:08.768+0000] {processor.py:914} INFO - Processing file /home/airflow/.local/lib/python3.12/site-packages/airflow/example_dags/plugins/decreasing_priority_weight_strategy.py for tasks to queue
[2026-07-29T16:43:08.769+0000] {logging_mixin.py:190} INFO - [2026-07-29T16:43:08.769+0000] {dagbag.py:587} INFO - Filling up the DagBag from /home/airflow/.local/lib/python3.12/site-packages/airflow/example_dags/plugins/decreasing_priority_weight_strategy.py
[2026-07-29T16:43:08.771+0000] {processor.py:927} WARNING - No viable dags retrieved from /home/airflow/.local/lib/python3.12/site-packages/airflow/example_dags/plugins/decreasing_priority_weight_strategy.py
[2026-07-29T16:43:08.777+0000] {processor.py:208} INFO - Processing /home/airflow/.local/lib/python3.12/site-packages/airflow/example_dags/plugins/decreasing_priority_weight_strategy.py took 0.012 seconds
[2026-07-29T16:43:39.914+0000] {processor.py:186} INFO - Started process (PID=6971) to work on /home/airflow/.local/lib/python3.12/site-packages/airflow/example_dags/plugins/decreasing_priority_weight_strategy.py
[2026-07-29T16:43:39.917+0000] {processor.py:914} INFO - Processing file /home/airflow/.local/lib/python3.12/site-packages/airflow/example_dags/plugins/decreasing_priority_weight_strategy.py for tasks to queue
[2026-07-29T16:43:39.918+0000] {logging_mixin.py:190} INFO - [2026-07-29T16:43:39.918+0000] {dagbag.py:587} INFO - Filling up the DagBag from /home/airflow/.local/lib/python3.12/site-packages/airflow/example_dags/plugins/decreasing_priority_weight_strategy.py
[2026-07-29T16:43:39.919+0000] {processor.py:927} WARNING - No viable dags retrieved from /home/airflow/.local/lib/python3.12/site-packages/airflow/example_dags/plugins/decreasing_priority_weight_strategy.py
[2026-07-29T16:43:39.927+0000] {processor.py:208} INFO - Processing /home/airflow/.local/lib/python3.12/site-packages/airflow/example_dags/plugins/decreasing_priority_weight_strategy.py took 0.016 seconds
[2026-07-29T16:44:10.298+0000] {processor.py:186} INFO - Started process (PID=7036) to work on /home/airflow/.local/lib/python3.12/site-packages/airflow/example_dags/plugins/decreasing_priority_weight_strategy.py
[2026-07-29T16:44:10.298+0000] {processor.py:914} INFO - Processing file /home/airflow/.local/lib/python3.12/site-packages/airflow/example_dags/plugins/decreasing_priority_weight_strategy.py for tasks to queue
[2026-07-29T16:44:10.299+0000] {logging_mixin.py:190} INFO - [2026-07-29T16:44:10.299+0000] {dagbag.py:587} INFO - Filling up the DagBag from /home/airflow/.local/lib/python3.12/site-packages/airflow/example_dags/plugins/decreasing_priority_weight_strategy.py
[2026-07-29T16:44:10.300+0000] {processor.py:927} WARNING - No viable dags retrieved from /home/airflow/.local/lib/python3.12/site-packages/airflow/example_dags/plugins/decreasing_priority_weight_strategy.py
[2026-07-29T16:44:10.306+0000] {processor.py:208} INFO - Processing /home/airflow/.local/lib/python3.12/site-packages/airflow/example_dags/plugins/decreasing_priority_weight_strategy.py took 0.012 seconds
[2026-07-29T16:44:41.100+0000] {processor.py:186} INFO - Started process (PID=7103) to work on /home/airflow/.local/lib/python3.12/site-packages/airflow/example_dags/plugins/decreasing_priority_weight_strategy.py
[2026-07-29T16:44:41.101+0000] {processor.py:914} INFO - Processing file /home/airflow/.local/lib/python3.12/site-packages/airflow/example_dags/plugins/decreasing_priority_weight_strategy.py for tasks to queue
[2026-07-29T16:44:41.102+0000] {logging_mixin.py:190} INFO - [2026-07-29T16:44:41.102+0000] {dagbag.py:587} INFO - Filling up the DagBag from /home/airflow/.local/lib/python3.12/site-packages/airflow/example_dags/plugins/decreasing_priority_weight_strategy.py
[2026-07-29T16:44:41.103+0000] {processor.py:927} WARNING - No viable dags retrieved from /home/airflow/.local/lib/python3.12/site-packages/airflow/example_dags/plugins/decreasing_priority_weight_strategy.py
[2026-07-29T16:44:41.110+0000] {processor.py:208} INFO - Processing /home/airflow/.local/lib/python3.12/site-packages/airflow/example_dags/plugins/decreasing_priority_weight_strategy.py took 0.012 seconds
[2026-07-29T16:45:12.284+0000] {processor.py:186} INFO - Started process (PID=7169) to work on /home/airflow/.local/lib/python3.12/site-packages/airflow/example_dags/plugins/decreasing_priority_weight_strategy.py
[2026-07-29T16:45:12.285+0000] {processor.py:914} INFO - Processing file /home/airflow/.local/lib/python3.12/site-packages/airflow/example_dags/plugins/decreasing_priority_weight_strategy.py for tasks to queue
[2026-07-29T16:45:12.286+0000] {logging_mixin.py:190} INFO - [2026-07-29T16:45:12.286+0000] {dagbag.py:587} INFO - Filling up the DagBag from /home/airflow/.local/lib/python3.12/site-packages/airflow/example_dags/plugins/decreasing_priority_weight_strategy.py
[2026-07-29T16:45:12.287+0000] {processor.py:927} WARNING - No viable dags retrieved from /home/airflow/.local/lib/python3.12/site-packages/airflow/example_dags/plugins/decreasing_priority_weight_strategy.py
[2026-07-29T16:45:12.293+0000] {processor.py:208} INFO - Processing /home/airflow/.local/lib/python3.12/site-packages/airflow/example_dags/plugins/decreasing_priority_weight_strategy.py took 0.012 seconds
[2026-07-29T16:45:43.002+0000] {processor.py:186} INFO - Started process (PID=7235) to work on /home/airflow/.local/lib/python3.12/site-packages/airflow/example_dags/plugins/decreasing_priority_weight_strategy.py
[2026-07-29T16:45:43.002+0000] {processor.py:914} INFO - Processing file /home/airflow/.local/lib/python3.12/site-packages/airflow/example_dags/plugins/decreasing_priority_weight_strategy.py for tasks to queue
[2026-07-29T16:45:43.003+0000] {logging_mixin.py:190} INFO - [2026-07-29T16:45:43.003+0000] {dagbag.py:587} INFO - Filling up the DagBag from /home/airflow/.local/lib/python3.12/site-packages/airflow/example_dags/plugins/decreasing_priority_weight_strategy.py
[2026-07-29T16:45:43.004+0000] {processor.py:927} WARNING - No viable dags retrieved from /home/airflow/.local/lib/python3.12/site-packages/airflow/example_dags/plugins/decreasing_priority_weight_strategy.py
[2026-07-29T16:45:43.010+0000] {processor.py:208} INFO - Processing /home/airflow/.local/lib/python3.12/site-packages/airflow/example_dags/plugins/decreasing_priority_weight_strategy.py took 0.011 seconds
[2026-07-29T16:46:13.908+0000] {processor.py:186} INFO - Started process (PID=7301) to work on /home/airflow/.local/lib/python3.12/site-packages/airflow/example_dags/plugins/decreasing_priority_weight_strategy.py
[2026-07-29T16:46:13.909+0000] {processor.py:914} INFO - Processing file /home/airflow/.local/lib/python3.12/site-packages/airflow/example_dags/plugins/decreasing_priority_weight_strategy.py for tasks to queue
[2026-07-29T16:46:13.910+0000] {logging_mixin.py:190} INFO - [2026-07-29T16:46:13.910+0000] {dagbag.py:587} INFO - Filling up the DagBag from /home/airflow/.local/lib/python3.12/site-packages/airflow/example_dags/plugins/decreasing_priority_weight_strategy.py
[2026-07-29T16:46:13.911+0000] {processor.py:927} WARNING - No viable dags retrieved from /home/airflow/.local/lib/python3.12/site-packages/airflow/example_dags/plugins/decreasing_priority_weight_strategy.py
[2026-07-29T16:46:13.916+0000] {processor.py:208} INFO - Processing /home/airflow/.local/lib/python3.12/site-packages/airflow/example_dags/plugins/decreasing_priority_weight_strategy.py took 0.010 seconds
[2026-07-29T16:46:44.152+0000] {processor.py:186} INFO - Started process (PID=7367) to work on /home/airflow/.local/lib/python3.12/site-packages/airflow/example_dags/plugins/decreasing_priority_weight_strategy.py
[2026-07-29T16:46:44.153+0000] {processor.py:914} INFO - Processing file /home/airflow/.local/lib/python3.12/site-packages/airflow/example_dags/plugins/decreasing_priority_weight_strategy.py for tasks to queue
[2026-07-29T16:46:44.154+0000] {logging_mixin.py:190} INFO - [2026-07-29T16:46:44.154+0000] {dagbag.py:587} INFO - Filling up the DagBag from /home/airflow/.local/lib/python3.12/site-packages/airflow/example_dags/plugins/decreasing_priority_weight_strategy.py
[2026-07-29T16:46:44.155+0000] {processor.py:927} WARNING - No viable dags retrieved from /home/airflow/.local/lib/python3.12/site-packages/airflow/example_dags/plugins/decreasing_priority_weight_strategy.py
[2026-07-29T16:46:44.161+0000] {processor.py:208} INFO - Processing /home/airflow/.local/lib/python3.12/site-packages/airflow/example_dags/plugins/decreasing_priority_weight_strategy.py took 0.012 seconds
[2026-07-29T16:47:14.266+0000] {processor.py:186} INFO - Started process (PID=7433) to work on /home/airflow/.local/lib/python3.12/site-packages/airflow/example_dags/plugins/decreasing_priority_weight_strategy.py
[2026-07-29T16:47:14.266+0000] {processor.py:914} INFO - Processing file /home/airflow/.local/lib/python3.12/site-packages/airflow/example_dags/plugins/decreasing_priority_weight_strategy.py for tasks to queue
[2026-07-29T16:47:14.267+0000] {logging_mixin.py:190} INFO - [2026-07-29T16:47:14.267+0000] {dagbag.py:587} INFO - Filling up the DagBag from /home/airflow/.local/lib/python3.12/site-packages/airflow/example_dags/plugins/decreasing_priority_weight_strategy.py
[2026-07-29T16:47:14.268+0000] {processor.py:927} WARNING - No viable dags retrieved from /home/airflow/.local/lib/python3.12/site-packages/airflow/example_dags/plugins/decreasing_priority_weight_strategy.py
[2026-07-29T16:47:14.274+0000] {processor.py:208} INFO - Processing /home/airflow/.local/lib/python3.12/site-packages/airflow/example_dags/plugins/decreasing_priority_weight_strategy.py took 0.011 seconds
[2026-07-29T16:47:45.385+0000] {processor.py:186} INFO - Started process (PID=7499) to work on /home/airflow/.local/lib/python3.12/site-packages/airflow/example_dags/plugins/decreasing_priority_weight_strategy.py
[2026-07-29T16:47:45.385+0000] {processor.py:914} INFO - Processing file /home/airflow/.local/lib/python3.12/site-packages/airflow/example_dags/plugins/decreasing_priority_weight_strategy.py for tasks to queue
[2026-07-29T16:47:45.386+0000] {logging_mixin.py:190} INFO - [2026-07-29T16:47:45.386+0000] {dagbag.py:587} INFO - Filling up the DagBag from /home/airflow/.local/lib/python3.12/site-packages/airflow/example_dags/plugins/decreasing_priority_weight_strategy.py
[2026-07-29T16:47:45.387+0000] {processor.py:927} WARNING - No viable dags retrieved from /home/airflow/.local/lib/python3.12/site-packages/airflow/example_dags/plugins/decreasing_priority_weight_strategy.py
[2026-07-29T16:47:45.393+0000] {processor.py:208} INFO - Processing /home/airflow/.local/lib/python3.12/site-packages/airflow/example_dags/plugins/decreasing_priority_weight_strategy.py took 0.011 seconds
[2026-07-29T16:48:16.357+0000] {processor.py:186} INFO - Started process (PID=7565) to work on /home/airflow/.local/lib/python3.12/site-packages/airflow/example_dags/plugins/decreasing_priority_weight_strategy.py
[2026-07-29T16:48:16.357+0000] {processor.py:914} INFO - Processing file /home/airflow/.local/lib/python3.12/site-packages/airflow/example_dags/plugins/decreasing_priority_weight_strategy.py for tasks to queue
[2026-07-29T16:48:16.358+0000] {logging_mixin.py:190} INFO - [2026-07-29T16:48:16.358+0000] {dagbag.py:587} INFO - Filling up the DagBag from /home/airflow/.local/lib/python3.12/site-packages/airflow/example_dags/plugins/decreasing_priority_weight_strategy.py
[2026-07-29T16:48:16.359+0000] {processor.py:927} WARNING - No viable dags retrieved from /home/airflow/.local/lib/python3.12/site-packages/airflow/example_dags/plugins/decreasing_priority_weight_strategy.py
[2026-07-29T16:48:16.365+0000] {processor.py:208} INFO - Processing /home/airflow/.local/lib/python3.12/site-packages/airflow/example_dags/plugins/decreasing_priority_weight_strategy.py took 0.011 seconds
[2026-07-29T16:48:52.479+0000] {processor.py:186} INFO - Started process (PID=7637) to work on /home/airflow/.local/lib/python3.12/site-packages/airflow/example_dags/plugins/decreasing_priority_weight_strategy.py
[2026-07-29T16:48:52.480+0000] {processor.py:914} INFO - Processing file /home/airflow/.local/lib/python3.12/site-packages/airflow/example_dags/plugins/decreasing_priority_weight_strategy.py for tasks to queue
[2026-07-29T16:48:52.481+0000] {logging_mixin.py:190} INFO - [2026-07-29T16:48:52.481+0000] {dagbag.py:587} INFO - Filling up the DagBag from /home/airflow/.local/lib/python3.12/site-packages/airflow/example_dags/plugins/decreasing_priority_weight_strategy.py
[2026-07-29T16:48:52.482+0000] {processor.py:927} WARNING - No viable dags retrieved from /home/airflow/.local/lib/python3.12/site-packages/airflow/example_dags/plugins/decreasing_priority_weight_strategy.py
[2026-07-29T16:48:52.487+0000] {processor.py:208} INFO - Processing /home/airflow/.local/lib/python3.12/site-packages/airflow/example_dags/plugins/decreasing_priority_weight_strategy.py took 0.011 seconds
[2026-07-29T16:49:23.501+0000] {processor.py:186} INFO - Started process (PID=7703) to work on /home/airflow/.local/lib/python3.12/site-packages/airflow/example_dags/plugins/decreasing_priority_weight_strategy.py
[2026-07-29T16:49:23.501+0000] {processor.py:914} INFO - Processing file /home/airflow/.local/lib/python3.12/site-packages/airflow/example_dags/plugins/decreasing_priority_weight_strategy.py for tasks to queue
[2026-07-29T16:49:23.502+0000] {logging_mixin.py:190} INFO - [2026-07-29T16:49:23.502+0000] {dagbag.py:587} INFO - Filling up the DagBag from /home/airflow/.local/lib/python3.12/site-packages/airflow/example_dags/plugins/decreasing_priority_weight_strategy.py
[2026-07-29T16:49:23.503+0000] {processor.py:927} WARNING - No viable dags retrieved from /home/airflow/.local/lib/python3.12/site-packages/airflow/example_dags/plugins/decreasing_priority_weight_strategy.py
[2026-07-29T16:49:23.510+0000] {processor.py:208} INFO - Processing /home/airflow/.local/lib/python3.12/site-packages/airflow/example_dags/plugins/decreasing_priority_weight_strategy.py took 0.012 seconds
[2026-07-29T16:49:54.475+0000] {processor.py:186} INFO - Started process (PID=7769) to work on /home/airflow/.local/lib/python3.12/site-packages/airflow/example_dags/plugins/decreasing_priority_weight_strategy.py
[2026-07-29T16:49:54.476+0000] {processor.py:914} INFO - Processing file /home/airflow/.local/lib/python3.12/site-packages/airflow/example_dags/plugins/decreasing_priority_weight_strategy.py for tasks to queue
[2026-07-29T16:49:54.476+0000] {logging_mixin.py:190} INFO - [2026-07-29T16:49:54.476+0000] {dagbag.py:587} INFO - Filling up the DagBag from /home/airflow/.local/lib/python3.12/site-packages/airflow/example_dags/plugins/decreasing_priority_weight_strategy.py
[2026-07-29T16:49:54.477+0000] {processor.py:927} WARNING - No viable dags retrieved from /home/airflow/.local/lib/python3.12/site-packages/airflow/example_dags/plugins/decreasing_priority_weight_strategy.py
[2026-07-29T16:49:54.483+0000] {processor.py:208} INFO - Processing /home/airflow/.local/lib/python3.12/site-packages/airflow/example_dags/plugins/decreasing_priority_weight_strategy.py took 0.011 seconds
[2026-07-29T16:50:25.617+0000] {processor.py:186} INFO - Started process (PID=7835) to work on /home/airflow/.local/lib/python3.12/site-packages/airflow/example_dags/plugins/decreasing_priority_weight_strategy.py
[2026-07-29T16:50:25.618+0000] {processor.py:914} INFO - Processing file /home/airflow/.local/lib/python3.12/site-packages/airflow/example_dags/plugins/decreasing_priority_weight_strategy.py for tasks to queue
[2026-07-29T16:50:25.619+0000] {logging_mixin.py:190} INFO - [2026-07-29T16:50:25.619+0000] {dagbag.py:587} INFO - Filling up the DagBag from /home/airflow/.local/lib/python3.12/site-packages/airflow/example_dags/plugins/decreasing_priority_weight_strategy.py
[2026-07-29T16:50:25.620+0000] {processor.py:927} WARNING - No viable dags retrieved from /home/airflow/.local/lib/python3.12/site-packages/airflow/example_dags/plugins/decreasing_priority_weight_strategy.py
[2026-07-29T16:50:25.625+0000] {processor.py:208} INFO - Processing /home/airflow/.local/lib/python3.12/site-packages/airflow/example_dags/plugins/decreasing_priority_weight_strategy.py took 0.011 seconds
[2026-07-29T16:50:55.844+0000] {processor.py:186} INFO - Started process (PID=7901) to work on /home/airflow/.local/lib/python3.12/site-packages/airflow/example_dags/plugins/decreasing_priority_weight_strategy.py
[2026-07-29T16:50:55.844+0000] {processor.py:914} INFO - Processing file /home/airflow/.local/lib/python3.12/site-packages/airflow/example_dags/plugins/decreasing_priority_weight_strategy.py for tasks to queue
[2026-07-29T16:50:55.846+0000] {logging_mixin.py:190} INFO - [2026-07-29T16:50:55.845+0000] {dagbag.py:587} INFO - Filling up the DagBag from /home/airflow/.local/lib/python3.12/site-packages/airflow/example_dags/plugins/decreasing_priority_weight_strategy.py
[2026-07-29T16:50:55.847+0000] {processor.py:927} WARNING - No viable dags retrieved from /home/airflow/.local/lib/python3.12/site-packages/airflow/example_dags/plugins/decreasing_priority_weight_strategy.py
[2026-07-29T16:50:55.853+0000] {processor.py:208} INFO - Processing /home/airflow/.local/lib/python3.12/site-packages/airflow/example_dags/plugins/decreasing_priority_weight_strategy.py took 0.012 seconds
[2026-07-29T16:51:25.922+0000] {processor.py:186} INFO - Started process (PID=7966) to work on /home/airflow/.local/lib/python3.12/site-packages/airflow/example_dags/plugins/decreasing_priority_weight_strategy.py
[2026-07-29T16:51:25.922+0000] {processor.py:914} INFO - Processing file /home/airflow/.local/lib/python3.12/site-packages/airflow/example_dags/plugins/decreasing_priority_weight_strategy.py for tasks to queue
[2026-07-29T16:51:25.924+0000] {logging_mixin.py:190} INFO - [2026-07-29T16:51:25.923+0000] {dagbag.py:587} INFO - Filling up the DagBag from /home/airflow/.local/lib/python3.12/site-packages/airflow/example_dags/plugins/decreasing_priority_weight_strategy.py
[2026-07-29T16:51:25.925+0000] {processor.py:927} WARNING - No viable dags retrieved from /home/airflow/.local/lib/python3.12/site-packages/airflow/example_dags/plugins/decreasing_priority_weight_strategy.py
[2026-07-29T16:51:25.930+0000] {processor.py:208} INFO - Processing /home/airflow/.local/lib/python3.12/site-packages/airflow/example_dags/plugins/decreasing_priority_weight_strategy.py took 0.011 seconds
[2026-07-29T16:51:56.303+0000] {processor.py:186} INFO - Started process (PID=8033) to work on /home/airflow/.local/lib/python3.12/site-packages/airflow/example_dags/plugins/decreasing_priority_weight_strategy.py
[2026-07-29T16:51:56.304+0000] {processor.py:914} INFO - Processing file /home/airflow/.local/lib/python3.12/site-packages/airflow/example_dags/plugins/decreasing_priority_weight_strategy.py for tasks to queue
[2026-07-29T16:51:56.305+0000] {logging_mixin.py:190} INFO - [2026-07-29T16:51:56.305+0000] {dagbag.py:587} INFO - Filling up the DagBag from /home/airflow/.local/lib/python3.12/site-packages/airflow/example_dags/plugins/decreasing_priority_weight_strategy.py
[2026-07-29T16:51:56.306+0000] {processor.py:927} WARNING - No viable dags retrieved from /home/airflow/.local/lib/python3.12/site-packages/airflow/example_dags/plugins/decreasing_priority_weight_strategy.py
[2026-07-29T16:51:56.312+0000] {processor.py:208} INFO - Processing /home/airflow/.local/lib/python3.12/site-packages/airflow/example_dags/plugins/decreasing_priority_weight_strategy.py took 0.012 seconds
[2026-07-29T16:52:27.384+0000] {processor.py:186} INFO - Started process (PID=8099) to work on /home/airflow/.local/lib/python3.12/site-packages/airflow/example_dags/plugins/decreasing_priority_weight_strategy.py
[2026-07-29T16:52:27.385+0000] {processor.py:914} INFO - Processing file /home/airflow/.local/lib/python3.12/site-packages/airflow/example_dags/plugins/decreasing_priority_weight_strategy.py for tasks to queue
[2026-07-29T16:52:27.386+0000] {logging_mixin.py:190} INFO - [2026-07-29T16:52:27.386+0000] {dagbag.py:587} INFO - Filling up the DagBag from /home/airflow/.local/lib/python3.12/site-packages/airflow/example_dags/plugins/decreasing_priority_weight_strategy.py
[2026-07-29T16:52:27.387+0000] {processor.py:927} WARNING - No viable dags retrieved from /home/airflow/.local/lib/python3.12/site-packages/airflow/example_dags/plugins/decreasing_priority_weight_strategy.py
[2026-07-29T16:52:27.392+0000] {processor.py:208} INFO - Processing /home/airflow/.local/lib/python3.12/site-packages/airflow/example_dags/plugins/decreasing_priority_weight_strategy.py took 0.010 seconds
[2026-07-29T16:52:58.453+0000] {processor.py:186} INFO - Started process (PID=8165) to work on /home/airflow/.local/lib/python3.12/site-packages/airflow/example_dags/plugins/decreasing_priority_weight_strategy.py
[2026-07-29T16:52:58.453+0000] {processor.py:914} INFO - Processing file /home/airflow/.local/lib/python3.12/site-packages/airflow/example_dags/plugins/decreasing_priority_weight_strategy.py for tasks to queue
[2026-07-29T16:52:58.454+0000] {logging_mixin.py:190} INFO - [2026-07-29T16:52:58.454+0000] {dagbag.py:587} INFO - Filling up the DagBag from /home/airflow/.local/lib/python3.12/site-packages/airflow/example_dags/plugins/decreasing_priority_weight_strategy.py
[2026-07-29T16:52:58.455+0000] {processor.py:927} WARNING - No viable dags retrieved from /home/airflow/.local/lib/python3.12/site-packages/airflow/example_dags/plugins/decreasing_priority_weight_strategy.py
[2026-07-29T16:52:58.461+0000] {processor.py:208} INFO - Processing /home/airflow/.local/lib/python3.12/site-packages/airflow/example_dags/plugins/decreasing_priority_weight_strategy.py took 0.011 seconds
[2026-07-29T16:53:29.516+0000] {processor.py:186} INFO - Started process (PID=8231) to work on /home/airflow/.local/lib/python3.12/site-packages/airflow/example_dags/plugins/decreasing_priority_weight_strategy.py
[2026-07-29T16:53:29.516+0000] {processor.py:914} INFO - Processing file /home/airflow/.local/lib/python3.12/site-packages/airflow/example_dags/plugins/decreasing_priority_weight_strategy.py for tasks to queue
[2026-07-29T16:53:29.517+0000] {logging_mixin.py:190} INFO - [2026-07-29T16:53:29.517+0000] {dagbag.py:587} INFO - Filling up the DagBag from /home/airflow/.local/lib/python3.12/site-packages/airflow/example_dags/plugins/decreasing_priority_weight_strategy.py
[2026-07-29T16:53:29.518+0000] {processor.py:927} WARNING - No viable dags retrieved from /home/airflow/.local/lib/python3.12/site-packages/airflow/example_dags/plugins/decreasing_priority_weight_strategy.py
[2026-07-29T16:53:29.525+0000] {processor.py:208} INFO - Processing /home/airflow/.local/lib/python3.12/site-packages/airflow/example_dags/plugins/decreasing_priority_weight_strategy.py took 0.012 seconds
[2026-07-29T16:53:59.744+0000] {processor.py:186} INFO - Started process (PID=8297) to work on /home/airflow/.local/lib/python3.12/site-packages/airflow/example_dags/plugins/decreasing_priority_weight_strategy.py
[2026-07-29T16:53:59.744+0000] {processor.py:914} INFO - Processing file /home/airflow/.local/lib/python3.12/site-packages/airflow/example_dags/plugins/decreasing_priority_weight_strategy.py for tasks to queue
[2026-07-29T16:53:59.745+0000] {logging_mixin.py:190} INFO - [2026-07-29T16:53:59.745+0000] {dagbag.py:587} INFO - Filling up the DagBag from /home/airflow/.local/lib/python3.12/site-packages/airflow/example_dags/plugins/decreasing_priority_weight_strategy.py
[2026-07-29T16:53:59.746+0000] {processor.py:927} WARNING - No viable dags retrieved from /home/airflow/.local/lib/python3.12/site-packages/airflow/example_dags/plugins/decreasing_priority_weight_strategy.py
[2026-07-29T16:53:59.751+0000] {processor.py:208} INFO - Processing /home/airflow/.local/lib/python3.12/site-packages/airflow/example_dags/plugins/decreasing_priority_weight_strategy.py took 0.010 seconds
[2026-07-29T16:54:30.930+0000] {processor.py:186} INFO - Started process (PID=8363) to work on /home/airflow/.local/lib/python3.12/site-packages/airflow/example_dags/plugins/decreasing_priority_weight_strategy.py
[2026-07-29T16:54:30.931+0000] {processor.py:914} INFO - Processing file /home/airflow/.local/lib/python3.12/site-packages/airflow/example_dags/plugins/decreasing_priority_weight_strategy.py for tasks to queue
[2026-07-29T16:54:30.933+0000] {logging_mixin.py:190} INFO - [2026-07-29T16:54:30.933+0000] {dagbag.py:587} INFO - Filling up the DagBag from /home/airflow/.local/lib/python3.12/site-packages/airflow/example_dags/plugins/decreasing_priority_weight_strategy.py
[2026-07-29T16:54:30.934+0000] {processor.py:927} WARNING - No viable dags retrieved from /home/airflow/.local/lib/python3.12/site-packages/airflow/example_dags/plugins/decreasing_priority_weight_strategy.py
[2026-07-29T16:54:30.945+0000] {processor.py:208} INFO - Processing /home/airflow/.local/lib/python3.12/site-packages/airflow/example_dags/plugins/decreasing_priority_weight_strategy.py took 0.018 seconds
[2026-07-29T16:55:01.307+0000] {processor.py:186} INFO - Started process (PID=8429) to work on /home/airflow/.local/lib/python3.12/site-packages/airflow/example_dags/plugins/decreasing_priority_weight_strategy.py
[2026-07-29T16:55:01.308+0000] {processor.py:914} INFO - Processing file /home/airflow/.local/lib/python3.12/site-packages/airflow/example_dags/plugins/decreasing_priority_weight_strategy.py for tasks to queue
[2026-07-29T16:55:01.309+0000] {logging_mixin.py:190} INFO - [2026-07-29T16:55:01.309+0000] {dagbag.py:587} INFO - Filling up the DagBag from /home/airflow/.local/lib/python3.12/site-packages/airflow/example_dags/plugins/decreasing_priority_weight_strategy.py
[2026-07-29T16:55:01.310+0000] {processor.py:927} WARNING - No viable dags retrieved from /home/airflow/.local/lib/python3.12/site-packages/airflow/example_dags/plugins/decreasing_priority_weight_strategy.py
[2026-07-29T16:55:01.319+0000] {processor.py:208} INFO - Processing /home/airflow/.local/lib/python3.12/site-packages/airflow/example_dags/plugins/decreasing_priority_weight_strategy.py took 0.015 seconds
[2026-07-29T16:55:31.588+0000] {processor.py:186} INFO - Started process (PID=8494) to work on /home/airflow/.local/lib/python3.12/site-packages/airflow/example_dags/plugins/decreasing_priority_weight_strategy.py
[2026-07-29T16:55:31.589+0000] {processor.py:914} INFO - Processing file /home/airflow/.local/lib/python3.12/site-packages/airflow/example_dags/plugins/decreasing_priority_weight_strategy.py for tasks to queue
[2026-07-29T16:55:31.590+0000] {logging_mixin.py:190} INFO - [2026-07-29T16:55:31.590+0000] {dagbag.py:587} INFO - Filling up the DagBag from /home/airflow/.local/lib/python3.12/site-packages/airflow/example_dags/plugins/decreasing_priority_weight_strategy.py
[2026-07-29T16:55:31.592+0000] {processor.py:927} WARNING - No viable dags retrieved from /home/airflow/.local/lib/python3.12/site-packages/airflow/example_dags/plugins/decreasing_priority_weight_strategy.py
[2026-07-29T16:55:31.598+0000] {processor.py:208} INFO - Processing /home/airflow/.local/lib/python3.12/site-packages/airflow/example_dags/plugins/decreasing_priority_weight_strategy.py took 0.012 seconds
[2026-07-29T16:56:02.647+0000] {processor.py:186} INFO - Started process (PID=8560) to work on /home/airflow/.local/lib/python3.12/site-packages/airflow/example_dags/plugins/decreasing_priority_weight_strategy.py
[2026-07-29T16:56:02.647+0000] {processor.py:914} INFO - Processing file /home/airflow/.local/lib/python3.12/site-packages/airflow/example_dags/plugins/decreasing_priority_weight_strategy.py for tasks to queue
[2026-07-29T16:56:02.650+0000] {logging_mixin.py:190} INFO - [2026-07-29T16:56:02.650+0000] {dagbag.py:587} INFO - Filling up the DagBag from /home/airflow/.local/lib/python3.12/site-packages/airflow/example_dags/plugins/decreasing_priority_weight_strategy.py
[2026-07-29T16:56:02.653+0000] {processor.py:927} WARNING - No viable dags retrieved from /home/airflow/.local/lib/python3.12/site-packages/airflow/example_dags/plugins/decreasing_priority_weight_strategy.py
[2026-07-29T16:56:02.659+0000] {processor.py:208} INFO - Processing /home/airflow/.local/lib/python3.12/site-packages/airflow/example_dags/plugins/decreasing_priority_weight_strategy.py took 0.015 seconds
[2026-07-29T16:56:33.759+0000] {processor.py:186} INFO - Started process (PID=8626) to work on /home/airflow/.local/lib/python3.12/site-packages/airflow/example_dags/plugins/decreasing_priority_weight_strategy.py
[2026-07-29T16:56:33.760+0000] {processor.py:914} INFO - Processing file /home/airflow/.local/lib/python3.12/site-packages/airflow/example_dags/plugins/decreasing_priority_weight_strategy.py for tasks to queue
[2026-07-29T16:56:33.761+0000] {logging_mixin.py:190} INFO - [2026-07-29T16:56:33.761+0000] {dagbag.py:587} INFO - Filling up the DagBag from /home/airflow/.local/lib/python3.12/site-packages/airflow/example_dags/plugins/decreasing_priority_weight_strategy.py
[2026-07-29T16:56:33.762+0000] {processor.py:927} WARNING - No viable dags retrieved from /home/airflow/.local/lib/python3.12/site-packages/airflow/example_dags/plugins/decreasing_priority_weight_strategy.py
[2026-07-29T16:56:33.768+0000] {processor.py:208} INFO - Processing /home/airflow/.local/lib/python3.12/site-packages/airflow/example_dags/plugins/decreasing_priority_weight_strategy.py took 0.012 seconds
[2026-07-29T16:57:03.967+0000] {processor.py:186} INFO - Started process (PID=8691) to work on /home/airflow/.local/lib/python3.12/site-packages/airflow/example_dags/plugins/decreasing_priority_weight_strategy.py
[2026-07-29T16:57:03.967+0000] {processor.py:914} INFO - Processing file /home/airflow/.local/lib/python3.12/site-packages/airflow/example_dags/plugins/decreasing_priority_weight_strategy.py for tasks to queue
[2026-07-29T16:57:03.968+0000] {logging_mixin.py:190} INFO - [2026-07-29T16:57:03.968+0000] {dagbag.py:587} INFO - Filling up the DagBag from /home/airflow/.local/lib/python3.12/site-packages/airflow/example_dags/plugins/decreasing_priority_weight_strategy.py
[2026-07-29T16:57:03.970+0000] {processor.py:927} WARNING - No viable dags retrieved from /home/airflow/.local/lib/python3.12/site-packages/airflow/example_dags/plugins/decreasing_priority_weight_strategy.py
[2026-07-29T16:57:03.979+0000] {processor.py:208} INFO - Processing /home/airflow/.local/lib/python3.12/site-packages/airflow/example_dags/plugins/decreasing_priority_weight_strategy.py took 0.015 seconds
[2026-07-29T16:57:34.283+0000] {processor.py:186} INFO - Started process (PID=8757) to work on /home/airflow/.local/lib/python3.12/site-packages/airflow/example_dags/plugins/decreasing_priority_weight_strategy.py
[2026-07-29T16:57:34.284+0000] {processor.py:914} INFO - Processing file /home/airflow/.local/lib/python3.12/site-packages/airflow/example_dags/plugins/decreasing_priority_weight_strategy.py for tasks to queue
[2026-07-29T16:57:34.286+0000] {logging_mixin.py:190} INFO - [2026-07-29T16:57:34.286+0000] {dagbag.py:587} INFO - Filling up the DagBag from /home/airflow/.local/lib/python3.12/site-packages/airflow/example_dags/plugins/decreasing_priority_weight_strategy.py
[2026-07-29T16:57:34.288+0000] {processor.py:927} WARNING - No viable dags retrieved from /home/airflow/.local/lib/python3.12/site-packages/airflow/example_dags/plugins/decreasing_priority_weight_strategy.py
[2026-07-29T16:57:34.294+0000] {processor.py:208} INFO - Processing /home/airflow/.local/lib/python3.12/site-packages/airflow/example_dags/plugins/decreasing_priority_weight_strategy.py took 0.014 seconds
[2026-07-29T16:58:05.390+0000] {processor.py:186} INFO - Started process (PID=8823) to work on /home/airflow/.local/lib/python3.12/site-packages/airflow/example_dags/plugins/decreasing_priority_weight_strategy.py
[2026-07-29T16:58:05.391+0000] {processor.py:914} INFO - Processing file /home/airflow/.local/lib/python3.12/site-packages/airflow/example_dags/plugins/decreasing_priority_weight_strategy.py for tasks to queue
[2026-07-29T16:58:05.392+0000] {logging_mixin.py:190} INFO - [2026-07-29T16:58:05.392+0000] {dagbag.py:587} INFO - Filling up the DagBag from /home/airflow/.local/lib/python3.12/site-packages/airflow/example_dags/plugins/decreasing_priority_weight_strategy.py
[2026-07-29T16:58:05.393+0000] {processor.py:927} WARNING - No viable dags retrieved from /home/airflow/.local/lib/python3.12/site-packages/airflow/example_dags/plugins/decreasing_priority_weight_strategy.py
[2026-07-29T16:58:05.401+0000] {processor.py:208} INFO - Processing /home/airflow/.local/lib/python3.12/site-packages/airflow/example_dags/plugins/decreasing_priority_weight_strategy.py took 0.013 seconds
[2026-07-29T16:58:35.607+0000] {processor.py:186} INFO - Started process (PID=8889) to work on /home/airflow/.local/lib/python3.12/site-packages/airflow/example_dags/plugins/decreasing_priority_weight_strategy.py
[2026-07-29T16:58:35.607+0000] {processor.py:914} INFO - Processing file /home/airflow/.local/lib/python3.12/site-packages/airflow/example_dags/plugins/decreasing_priority_weight_strategy.py for tasks to queue
[2026-07-29T16:58:35.608+0000] {logging_mixin.py:190} INFO - [2026-07-29T16:58:35.608+0000] {dagbag.py:587} INFO - Filling up the DagBag from /home/airflow/.local/lib/python3.12/site-packages/airflow/example_dags/plugins/decreasing_priority_weight_strategy.py
[2026-07-29T16:58:35.609+0000] {processor.py:927} WARNING - No viable dags retrieved from /home/airflow/.local/lib/python3.12/site-packages/airflow/example_dags/plugins/decreasing_priority_weight_strategy.py
[2026-07-29T16:58:35.615+0000] {processor.py:208} INFO - Processing /home/airflow/.local/lib/python3.12/site-packages/airflow/example_dags/plugins/decreasing_priority_weight_strategy.py took 0.011 seconds
[2026-07-29T16:59:06.617+0000] {processor.py:186} INFO - Started process (PID=8955) to work on /home/airflow/.local/lib/python3.12/site-packages/airflow/example_dags/plugins/decreasing_priority_weight_strategy.py
[2026-07-29T16:59:06.618+0000] {processor.py:914} INFO - Processing file /home/airflow/.local/lib/python3.12/site-packages/airflow/example_dags/plugins/decreasing_priority_weight_strategy.py for tasks to queue
[2026-07-29T16:59:06.622+0000] {logging_mixin.py:190} INFO - [2026-07-29T16:59:06.621+0000] {dagbag.py:587} INFO - Filling up the DagBag from /home/airflow/.local/lib/python3.12/site-packages/airflow/example_dags/plugins/decreasing_priority_weight_strategy.py
[2026-07-29T16:59:06.624+0000] {processor.py:927} WARNING - No viable dags retrieved from /home/airflow/.local/lib/python3.12/site-packages/airflow/example_dags/plugins/decreasing_priority_weight_strategy.py
[2026-07-29T16:59:06.631+0000] {processor.py:208} INFO - Processing /home/airflow/.local/lib/python3.12/site-packages/airflow/example_dags/plugins/decreasing_priority_weight_strategy.py took 0.017 seconds
[2026-07-29T16:59:37.527+0000] {processor.py:186} INFO - Started process (PID=9021) to work on /home/airflow/.local/lib/python3.12/site-packages/airflow/example_dags/plugins/decreasing_priority_weight_strategy.py
[2026-07-29T16:59:37.528+0000] {processor.py:914} INFO - Processing file /home/airflow/.local/lib/python3.12/site-packages/airflow/example_dags/plugins/decreasing_priority_weight_strategy.py for tasks to queue
[2026-07-29T16:59:37.531+0000] {logging_mixin.py:190} INFO - [2026-07-29T16:59:37.531+0000] {dagbag.py:587} INFO - Filling up the DagBag from /home/airflow/.local/lib/python3.12/site-packages/airflow/example_dags/plugins/decreasing_priority_weight_strategy.py
[2026-07-29T16:59:37.533+0000] {processor.py:927} WARNING - No viable dags retrieved from /home/airflow/.local/lib/python3.12/site-packages/airflow/example_dags/plugins/decreasing_priority_weight_strategy.py
[2026-07-29T16:59:37.539+0000] {processor.py:208} INFO - Processing /home/airflow/.local/lib/python3.12/site-packages/airflow/example_dags/plugins/decreasing_priority_weight_strategy.py took 0.015 seconds
[2026-07-29T17:00:08.526+0000] {processor.py:186} INFO - Started process (PID=9087) to work on /home/airflow/.local/lib/python3.12/site-packages/airflow/example_dags/plugins/decreasing_priority_weight_strategy.py
[2026-07-29T17:00:08.526+0000] {processor.py:914} INFO - Processing file /home/airflow/.local/lib/python3.12/site-packages/airflow/example_dags/plugins/decreasing_priority_weight_strategy.py for tasks to queue
[2026-07-29T17:00:08.527+0000] {logging_mixin.py:190} INFO - [2026-07-29T17:00:08.527+0000] {dagbag.py:587} INFO - Filling up the DagBag from /home/airflow/.local/lib/python3.12/site-packages/airflow/example_dags/plugins/decreasing_priority_weight_strategy.py
[2026-07-29T17:00:08.528+0000] {processor.py:927} WARNING - No viable dags retrieved from /home/airflow/.local/lib/python3.12/site-packages/airflow/example_dags/plugins/decreasing_priority_weight_strategy.py
[2026-07-29T17:00:08.535+0000] {processor.py:208} INFO - Processing /home/airflow/.local/lib/python3.12/site-packages/airflow/example_dags/plugins/decreasing_priority_weight_strategy.py took 0.012 seconds
[2026-07-29T17:00:38.689+0000] {processor.py:186} INFO - Started process (PID=9153) to work on /home/airflow/.local/lib/python3.12/site-packages/airflow/example_dags/plugins/decreasing_priority_weight_strategy.py
[2026-07-29T17:00:38.690+0000] {processor.py:914} INFO - Processing file /home/airflow/.local/lib/python3.12/site-packages/airflow/example_dags/plugins/decreasing_priority_weight_strategy.py for tasks to queue
[2026-07-29T17:00:38.691+0000] {logging_mixin.py:190} INFO - [2026-07-29T17:00:38.691+0000] {dagbag.py:587} INFO - Filling up the DagBag from /home/airflow/.local/lib/python3.12/site-packages/airflow/example_dags/plugins/decreasing_priority_weight_strategy.py
[2026-07-29T17:00:38.693+0000] {processor.py:927} WARNING - No viable dags retrieved from /home/airflow/.local/lib/python3.12/site-packages/airflow/example_dags/plugins/decreasing_priority_weight_strategy.py
[2026-07-29T17:00:38.698+0000] {processor.py:208} INFO - Processing /home/airflow/.local/lib/python3.12/site-packages/airflow/example_dags/plugins/decreasing_priority_weight_strategy.py took 0.012 seconds
[2026-07-29T17:01:09.740+0000] {processor.py:186} INFO - Started process (PID=9219) to work on /home/airflow/.local/lib/python3.12/site-packages/airflow/example_dags/plugins/decreasing_priority_weight_strategy.py
[2026-07-29T17:01:09.741+0000] {processor.py:914} INFO - Processing file /home/airflow/.local/lib/python3.12/site-packages/airflow/example_dags/plugins/decreasing_priority_weight_strategy.py for tasks to queue
[2026-07-29T17:01:09.743+0000] {logging_mixin.py:190} INFO - [2026-07-29T17:01:09.742+0000] {dagbag.py:587} INFO - Filling up the DagBag from /home/airflow/.local/lib/python3.12/site-packages/airflow/example_dags/plugins/decreasing_priority_weight_strategy.py
[2026-07-29T17:01:09.744+0000] {processor.py:927} WARNING - No viable dags retrieved from /home/airflow/.local/lib/python3.12/site-packages/airflow/example_dags/plugins/decreasing_priority_weight_strategy.py
[2026-07-29T17:01:09.753+0000] {processor.py:208} INFO - Processing /home/airflow/.local/lib/python3.12/site-packages/airflow/example_dags/plugins/decreasing_priority_weight_strategy.py took 0.016 seconds
[2026-07-29T17:01:39.943+0000] {processor.py:186} INFO - Started process (PID=9285) to work on /home/airflow/.local/lib/python3.12/site-packages/airflow/example_dags/plugins/decreasing_priority_weight_strategy.py
[2026-07-29T17:01:39.944+0000] {processor.py:914} INFO - Processing file /home/airflow/.local/lib/python3.12/site-packages/airflow/example_dags/plugins/decreasing_priority_weight_strategy.py for tasks to queue
[2026-07-29T17:01:39.944+0000] {logging_mixin.py:190} INFO - [2026-07-29T17:01:39.944+0000] {dagbag.py:587} INFO - Filling up the DagBag from /home/airflow/.local/lib/python3.12/site-packages/airflow/example_dags/plugins/decreasing_priority_weight_strategy.py
[2026-07-29T17:01:39.945+0000] {processor.py:927} WARNING - No viable dags retrieved from /home/airflow/.local/lib/python3.12/site-packages/airflow/example_dags/plugins/decreasing_priority_weight_strategy.py
[2026-07-29T17:01:39.951+0000] {processor.py:208} INFO - Processing /home/airflow/.local/lib/python3.12/site-packages/airflow/example_dags/plugins/decreasing_priority_weight_strategy.py took 0.010 seconds
[2026-07-29T17:02:10.906+0000] {processor.py:186} INFO - Started process (PID=9351) to work on /home/airflow/.local/lib/python3.12/site-packages/airflow/example_dags/plugins/decreasing_priority_weight_strategy.py
[2026-07-29T17:02:10.907+0000] {processor.py:914} INFO - Processing file /home/airflow/.local/lib/python3.12/site-packages/airflow/example_dags/plugins/decreasing_priority_weight_strategy.py for tasks to queue
[2026-07-29T17:02:10.908+0000] {logging_mixin.py:190} INFO - [2026-07-29T17:02:10.908+0000] {dagbag.py:587} INFO - Filling up the DagBag from /home/airflow/.local/lib/python3.12/site-packages/airflow/example_dags/plugins/decreasing_priority_weight_strategy.py
[2026-07-29T17:02:10.910+0000] {processor.py:927} WARNING - No viable dags retrieved from /home/airflow/.local/lib/python3.12/site-packages/airflow/example_dags/plugins/decreasing_priority_weight_strategy.py
[2026-07-29T17:02:10.919+0000] {processor.py:208} INFO - Processing /home/airflow/.local/lib/python3.12/site-packages/airflow/example_dags/plugins/decreasing_priority_weight_strategy.py took 0.017 seconds
[2026-07-29T17:02:41.999+0000] {processor.py:186} INFO - Started process (PID=9417) to work on /home/airflow/.local/lib/python3.12/site-packages/airflow/example_dags/plugins/decreasing_priority_weight_strategy.py
[2026-07-29T17:02:42.000+0000] {processor.py:914} INFO - Processing file /home/airflow/.local/lib/python3.12/site-packages/airflow/example_dags/plugins/decreasing_priority_weight_strategy.py for tasks to queue
[2026-07-29T17:02:42.001+0000] {logging_mixin.py:190} INFO - [2026-07-29T17:02:42.001+0000] {dagbag.py:587} INFO - Filling up the DagBag from /home/airflow/.local/lib/python3.12/site-packages/airflow/example_dags/plugins/decreasing_priority_weight_strategy.py
[2026-07-29T17:02:42.002+0000] {processor.py:927} WARNING - No viable dags retrieved from /home/airflow/.local/lib/python3.12/site-packages/airflow/example_dags/plugins/decreasing_priority_weight_strategy.py
[2026-07-29T17:02:42.009+0000] {processor.py:208} INFO - Processing /home/airflow/.local/lib/python3.12/site-packages/airflow/example_dags/plugins/decreasing_priority_weight_strategy.py took 0.012 seconds
[2026-07-29T17:03:12.959+0000] {processor.py:186} INFO - Started process (PID=9483) to work on /home/airflow/.local/lib/python3.12/site-packages/airflow/example_dags/plugins/decreasing_priority_weight_strategy.py
[2026-07-29T17:03:12.960+0000] {processor.py:914} INFO - Processing file /home/airflow/.local/lib/python3.12/site-packages/airflow/example_dags/plugins/decreasing_priority_weight_strategy.py for tasks to queue
[2026-07-29T17:03:12.960+0000] {logging_mixin.py:190} INFO - [2026-07-29T17:03:12.960+0000] {dagbag.py:587} INFO - Filling up the DagBag from /home/airflow/.local/lib/python3.12/site-packages/airflow/example_dags/plugins/decreasing_priority_weight_strategy.py
[2026-07-29T17:03:12.961+0000] {processor.py:927} WARNING - No viable dags retrieved from /home/airflow/.local/lib/python3.12/site-packages/airflow/example_dags/plugins/decreasing_priority_weight_strategy.py
[2026-07-29T17:03:12.967+0000] {processor.py:208} INFO - Processing /home/airflow/.local/lib/python3.12/site-packages/airflow/example_dags/plugins/decreasing_priority_weight_strategy.py took 0.009 seconds
[2026-07-29T17:03:44.051+0000] {processor.py:186} INFO - Started process (PID=9549) to work on /home/airflow/.local/lib/python3.12/site-packages/airflow/example_dags/plugins/decreasing_priority_weight_strategy.py
[2026-07-29T17:03:44.052+0000] {processor.py:914} INFO - Processing file /home/airflow/.local/lib/python3.12/site-packages/airflow/example_dags/plugins/decreasing_priority_weight_strategy.py for tasks to queue
[2026-07-29T17:03:44.053+0000] {logging_mixin.py:190} INFO - [2026-07-29T17:03:44.053+0000] {dagbag.py:587} INFO - Filling up the DagBag from /home/airflow/.local/lib/python3.12/site-packages/airflow/example_dags/plugins/decreasing_priority_weight_strategy.py
[2026-07-29T17:03:44.054+0000] {processor.py:927} WARNING - No viable dags retrieved from /home/airflow/.local/lib/python3.12/site-packages/airflow/example_dags/plugins/decreasing_priority_weight_strategy.py
[2026-07-29T17:03:44.062+0000] {processor.py:208} INFO - Processing /home/airflow/.local/lib/python3.12/site-packages/airflow/example_dags/plugins/decreasing_priority_weight_strategy.py took 0.015 seconds
[2026-07-29T17:04:14.582+0000] {processor.py:186} INFO - Started process (PID=9615) to work on /home/airflow/.local/lib/python3.12/site-packages/airflow/example_dags/plugins/decreasing_priority_weight_strategy.py
[2026-07-29T17:04:14.583+0000] {processor.py:914} INFO - Processing file /home/airflow/.local/lib/python3.12/site-packages/airflow/example_dags/plugins/decreasing_priority_weight_strategy.py for tasks to queue
[2026-07-29T17:04:14.584+0000] {logging_mixin.py:190} INFO - [2026-07-29T17:04:14.584+0000] {dagbag.py:587} INFO - Filling up the DagBag from /home/airflow/.local/lib/python3.12/site-packages/airflow/example_dags/plugins/decreasing_priority_weight_strategy.py
[2026-07-29T17:04:14.586+0000] {processor.py:927} WARNING - No viable dags retrieved from /home/airflow/.local/lib/python3.12/site-packages/airflow/example_dags/plugins/decreasing_priority_weight_strategy.py
[2026-07-29T17:04:14.592+0000] {processor.py:208} INFO - Processing /home/airflow/.local/lib/python3.12/site-packages/airflow/example_dags/plugins/decreasing_priority_weight_strategy.py took 0.013 seconds
[2026-07-29T17:04:45.781+0000] {processor.py:186} INFO - Started process (PID=9681) to work on /home/airflow/.local/lib/python3.12/site-packages/airflow/example_dags/plugins/decreasing_priority_weight_strategy.py
[2026-07-29T17:04:45.782+0000] {processor.py:914} INFO - Processing file /home/airflow/.local/lib/python3.12/site-packages/airflow/example_dags/plugins/decreasing_priority_weight_strategy.py for tasks to queue
[2026-07-29T17:04:45.783+0000] {logging_mixin.py:190} INFO - [2026-07-29T17:04:45.783+0000] {dagbag.py:587} INFO - Filling up the DagBag from /home/airflow/.local/lib/python3.12/site-packages/airflow/example_dags/plugins/decreasing_priority_weight_strategy.py
[2026-07-29T17:04:45.784+0000] {processor.py:927} WARNING - No viable dags retrieved from /home/airflow/.local/lib/python3.12/site-packages/airflow/example_dags/plugins/decreasing_priority_weight_strategy.py
[2026-07-29T17:04:45.790+0000] {processor.py:208} INFO - Processing /home/airflow/.local/lib/python3.12/site-packages/airflow/example_dags/plugins/decreasing_priority_weight_strategy.py took 0.012 seconds
[2026-07-29T17:05:16.767+0000] {processor.py:186} INFO - Started process (PID=9747) to work on /home/airflow/.local/lib/python3.12/site-packages/airflow/example_dags/plugins/decreasing_priority_weight_strategy.py
[2026-07-29T17:05:16.768+0000] {processor.py:914} INFO - Processing file /home/airflow/.local/lib/python3.12/site-packages/airflow/example_dags/plugins/decreasing_priority_weight_strategy.py for tasks to queue
[2026-07-29T17:05:16.769+0000] {logging_mixin.py:190} INFO - [2026-07-29T17:05:16.769+0000] {dagbag.py:587} INFO - Filling up the DagBag from /home/airflow/.local/lib/python3.12/site-packages/airflow/example_dags/plugins/decreasing_priority_weight_strategy.py
[2026-07-29T17:05:16.771+0000] {processor.py:927} WARNING - No viable dags retrieved from /home/airflow/.local/lib/python3.12/site-packages/airflow/example_dags/plugins/decreasing_priority_weight_strategy.py
[2026-07-29T17:05:16.782+0000] {processor.py:208} INFO - Processing /home/airflow/.local/lib/python3.12/site-packages/airflow/example_dags/plugins/decreasing_priority_weight_strategy.py took 0.017 seconds
[2026-07-29T17:05:47.887+0000] {processor.py:186} INFO - Started process (PID=9813) to work on /home/airflow/.local/lib/python3.12/site-packages/airflow/example_dags/plugins/decreasing_priority_weight_strategy.py
[2026-07-29T17:05:47.887+0000] {processor.py:914} INFO - Processing file /home/airflow/.local/lib/python3.12/site-packages/airflow/example_dags/plugins/decreasing_priority_weight_strategy.py for tasks to queue
[2026-07-29T17:05:47.888+0000] {logging_mixin.py:190} INFO - [2026-07-29T17:05:47.888+0000] {dagbag.py:587} INFO - Filling up the DagBag from /home/airflow/.local/lib/python3.12/site-packages/airflow/example_dags/plugins/decreasing_priority_weight_strategy.py
[2026-07-29T17:05:47.889+0000] {processor.py:927} WARNING - No viable dags retrieved from /home/airflow/.local/lib/python3.12/site-packages/airflow/example_dags/plugins/decreasing_priority_weight_strategy.py
[2026-07-29T17:05:47.895+0000] {processor.py:208} INFO - Processing /home/airflow/.local/lib/python3.12/site-packages/airflow/example_dags/plugins/decreasing_priority_weight_strategy.py took 0.011 seconds
[2026-07-29T17:06:18.707+0000] {processor.py:186} INFO - Started process (PID=9879) to work on /home/airflow/.local/lib/python3.12/site-packages/airflow/example_dags/plugins/decreasing_priority_weight_strategy.py
[2026-07-29T17:06:18.708+0000] {processor.py:914} INFO - Processing file /home/airflow/.local/lib/python3.12/site-packages/airflow/example_dags/plugins/decreasing_priority_weight_strategy.py for tasks to queue
[2026-07-29T17:06:18.710+0000] {logging_mixin.py:190} INFO - [2026-07-29T17:06:18.710+0000] {dagbag.py:587} INFO - Filling up the DagBag from /home/airflow/.local/lib/python3.12/site-packages/airflow/example_dags/plugins/decreasing_priority_weight_strategy.py
[2026-07-29T17:06:18.711+0000] {processor.py:927} WARNING - No viable dags retrieved from /home/airflow/.local/lib/python3.12/site-packages/airflow/example_dags/plugins/decreasing_priority_weight_strategy.py
[2026-07-29T17:06:18.720+0000] {processor.py:208} INFO - Processing /home/airflow/.local/lib/python3.12/site-packages/airflow/example_dags/plugins/decreasing_priority_weight_strategy.py took 0.017 seconds
[2026-07-29T17:06:49.932+0000] {processor.py:186} INFO - Started process (PID=9945) to work on /home/airflow/.local/lib/python3.12/site-packages/airflow/example_dags/plugins/decreasing_priority_weight_strategy.py
[2026-07-29T17:06:49.932+0000] {processor.py:914} INFO - Processing file /home/airflow/.local/lib/python3.12/site-packages/airflow/example_dags/plugins/decreasing_priority_weight_strategy.py for tasks to queue
[2026-07-29T17:06:49.933+0000] {logging_mixin.py:190} INFO - [2026-07-29T17:06:49.933+0000] {dagbag.py:587} INFO - Filling up the DagBag from /home/airflow/.local/lib/python3.12/site-packages/airflow/example_dags/plugins/decreasing_priority_weight_strategy.py
[2026-07-29T17:06:49.935+0000] {processor.py:927} WARNING - No viable dags retrieved from /home/airflow/.local/lib/python3.12/site-packages/airflow/example_dags/plugins/decreasing_priority_weight_strategy.py
[2026-07-29T17:06:49.941+0000] {processor.py:208} INFO - Processing /home/airflow/.local/lib/python3.12/site-packages/airflow/example_dags/plugins/decreasing_priority_weight_strategy.py took 0.012 seconds
[2026-07-29T17:07:21.199+0000] {processor.py:186} INFO - Started process (PID=10011) to work on /home/airflow/.local/lib/python3.12/site-packages/airflow/example_dags/plugins/decreasing_priority_weight_strategy.py
[2026-07-29T17:07:21.199+0000] {processor.py:914} INFO - Processing file /home/airflow/.local/lib/python3.12/site-packages/airflow/example_dags/plugins/decreasing_priority_weight_strategy.py for tasks to queue
[2026-07-29T17:07:21.200+0000] {logging_mixin.py:190} INFO - [2026-07-29T17:07:21.200+0000] {dagbag.py:587} INFO - Filling up the DagBag from /home/airflow/.local/lib/python3.12/site-packages/airflow/example_dags/plugins/decreasing_priority_weight_strategy.py
[2026-07-29T17:07:21.201+0000] {processor.py:927} WARNING - No viable dags retrieved from /home/airflow/.local/lib/python3.12/site-packages/airflow/example_dags/plugins/decreasing_priority_weight_strategy.py
[2026-07-29T17:07:21.208+0000] {processor.py:208} INFO - Processing /home/airflow/.local/lib/python3.12/site-packages/airflow/example_dags/plugins/decreasing_priority_weight_strategy.py took 0.012 seconds
[2026-07-29T17:07:52.403+0000] {processor.py:186} INFO - Started process (PID=10083) to work on /home/airflow/.local/lib/python3.12/site-packages/airflow/example_dags/plugins/decreasing_priority_weight_strategy.py
[2026-07-29T17:07:52.404+0000] {processor.py:914} INFO - Processing file /home/airflow/.local/lib/python3.12/site-packages/airflow/example_dags/plugins/decreasing_priority_weight_strategy.py for tasks to queue
[2026-07-29T17:07:52.405+0000] {logging_mixin.py:190} INFO - [2026-07-29T17:07:52.405+0000] {dagbag.py:587} INFO - Filling up the DagBag from /home/airflow/.local/lib/python3.12/site-packages/airflow/example_dags/plugins/decreasing_priority_weight_strategy.py
[2026-07-29T17:07:52.406+0000] {processor.py:927} WARNING - No viable dags retrieved from /home/airflow/.local/lib/python3.12/site-packages/airflow/example_dags/plugins/decreasing_priority_weight_strategy.py
[2026-07-29T17:07:52.412+0000] {processor.py:208} INFO - Processing /home/airflow/.local/lib/python3.12/site-packages/airflow/example_dags/plugins/decreasing_priority_weight_strategy.py took 0.012 seconds
[2026-07-29T17:08:22.951+0000] {processor.py:186} INFO - Started process (PID=10148) to work on /home/airflow/.local/lib/python3.12/site-packages/airflow/example_dags/plugins/decreasing_priority_weight_strategy.py
[2026-07-29T17:08:22.952+0000] {processor.py:914} INFO - Processing file /home/airflow/.local/lib/python3.12/site-packages/airflow/example_dags/plugins/decreasing_priority_weight_strategy.py for tasks to queue
[2026-07-29T17:08:22.953+0000] {logging_mixin.py:190} INFO - [2026-07-29T17:08:22.953+0000] {dagbag.py:587} INFO - Filling up the DagBag from /home/airflow/.local/lib/python3.12/site-packages/airflow/example_dags/plugins/decreasing_priority_weight_strategy.py
[2026-07-29T17:08:22.955+0000] {processor.py:927} WARNING - No viable dags retrieved from /home/airflow/.local/lib/python3.12/site-packages/airflow/example_dags/plugins/decreasing_priority_weight_strategy.py
[2026-07-29T17:08:22.960+0000] {processor.py:208} INFO - Processing /home/airflow/.local/lib/python3.12/site-packages/airflow/example_dags/plugins/decreasing_priority_weight_strategy.py took 0.012 seconds
[2026-07-29T17:08:53.837+0000] {processor.py:186} INFO - Started process (PID=10215) to work on /home/airflow/.local/lib/python3.12/site-packages/airflow/example_dags/plugins/decreasing_priority_weight_strategy.py
[2026-07-29T17:08:53.837+0000] {processor.py:914} INFO - Processing file /home/airflow/.local/lib/python3.12/site-packages/airflow/example_dags/plugins/decreasing_priority_weight_strategy.py for tasks to queue
[2026-07-29T17:08:53.839+0000] {logging_mixin.py:190} INFO - [2026-07-29T17:08:53.839+0000] {dagbag.py:587} INFO - Filling up the DagBag from /home/airflow/.local/lib/python3.12/site-packages/airflow/example_dags/plugins/decreasing_priority_weight_strategy.py
[2026-07-29T17:08:53.840+0000] {processor.py:927} WARNING - No viable dags retrieved from /home/airflow/.local/lib/python3.12/site-packages/airflow/example_dags/plugins/decreasing_priority_weight_strategy.py
[2026-07-29T17:08:53.849+0000] {processor.py:208} INFO - Processing /home/airflow/.local/lib/python3.12/site-packages/airflow/example_dags/plugins/decreasing_priority_weight_strategy.py took 0.015 seconds
[2026-07-29T17:09:24.536+0000] {processor.py:186} INFO - Started process (PID=10281) to work on /home/airflow/.local/lib/python3.12/site-packages/airflow/example_dags/plugins/decreasing_priority_weight_strategy.py
[2026-07-29T17:09:24.537+0000] {processor.py:914} INFO - Processing file /home/airflow/.local/lib/python3.12/site-packages/airflow/example_dags/plugins/decreasing_priority_weight_strategy.py for tasks to queue
[2026-07-29T17:09:24.538+0000] {logging_mixin.py:190} INFO - [2026-07-29T17:09:24.538+0000] {dagbag.py:587} INFO - Filling up the DagBag from /home/airflow/.local/lib/python3.12/site-packages/airflow/example_dags/plugins/decreasing_priority_weight_strategy.py
[2026-07-29T17:09:24.539+0000] {processor.py:927} WARNING - No viable dags retrieved from /home/airflow/.local/lib/python3.12/site-packages/airflow/example_dags/plugins/decreasing_priority_weight_strategy.py
[2026-07-29T17:09:24.547+0000] {processor.py:208} INFO - Processing /home/airflow/.local/lib/python3.12/site-packages/airflow/example_dags/plugins/decreasing_priority_weight_strategy.py took 0.013 seconds
[2026-07-29T17:09:54.941+0000] {processor.py:186} INFO - Started process (PID=10347) to work on /home/airflow/.local/lib/python3.12/site-packages/airflow/example_dags/plugins/decreasing_priority_weight_strategy.py
[2026-07-29T17:09:54.941+0000] {processor.py:914} INFO - Processing file /home/airflow/.local/lib/python3.12/site-packages/airflow/example_dags/plugins/decreasing_priority_weight_strategy.py for tasks to queue
[2026-07-29T17:09:54.942+0000] {logging_mixin.py:190} INFO - [2026-07-29T17:09:54.942+0000] {dagbag.py:587} INFO - Filling up the DagBag from /home/airflow/.local/lib/python3.12/site-packages/airflow/example_dags/plugins/decreasing_priority_weight_strategy.py
[2026-07-29T17:09:54.944+0000] {processor.py:927} WARNING - No viable dags retrieved from /home/airflow/.local/lib/python3.12/site-packages/airflow/example_dags/plugins/decreasing_priority_weight_strategy.py
[2026-07-29T17:09:54.950+0000] {processor.py:208} INFO - Processing /home/airflow/.local/lib/python3.12/site-packages/airflow/example_dags/plugins/decreasing_priority_weight_strategy.py took 0.012 seconds
[2026-07-29T17:10:25.682+0000] {processor.py:186} INFO - Started process (PID=10412) to work on /home/airflow/.local/lib/python3.12/site-packages/airflow/example_dags/plugins/decreasing_priority_weight_strategy.py
[2026-07-29T17:10:25.683+0000] {processor.py:914} INFO - Processing file /home/airflow/.local/lib/python3.12/site-packages/airflow/example_dags/plugins/decreasing_priority_weight_strategy.py for tasks to queue
[2026-07-29T17:10:25.684+0000] {logging_mixin.py:190} INFO - [2026-07-29T17:10:25.684+0000] {dagbag.py:587} INFO - Filling up the DagBag from /home/airflow/.local/lib/python3.12/site-packages/airflow/example_dags/plugins/decreasing_priority_weight_strategy.py
[2026-07-29T17:10:25.686+0000] {processor.py:927} WARNING - No viable dags retrieved from /home/airflow/.local/lib/python3.12/site-packages/airflow/example_dags/plugins/decreasing_priority_weight_strategy.py
[2026-07-29T17:10:25.692+0000] {processor.py:208} INFO - Processing /home/airflow/.local/lib/python3.12/site-packages/airflow/example_dags/plugins/decreasing_priority_weight_strategy.py took 0.014 seconds
[2026-07-29T17:10:56.507+0000] {processor.py:186} INFO - Started process (PID=10479) to work on /home/airflow/.local/lib/python3.12/site-packages/airflow/example_dags/plugins/decreasing_priority_weight_strategy.py
[2026-07-29T17:10:56.508+0000] {processor.py:914} INFO - Processing file /home/airflow/.local/lib/python3.12/site-packages/airflow/example_dags/plugins/decreasing_priority_weight_strategy.py for tasks to queue
[2026-07-29T17:10:56.509+0000] {logging_mixin.py:190} INFO - [2026-07-29T17:10:56.509+0000] {dagbag.py:587} INFO - Filling up the DagBag from /home/airflow/.local/lib/python3.12/site-packages/airflow/example_dags/plugins/decreasing_priority_weight_strategy.py
[2026-07-29T17:10:56.510+0000] {processor.py:927} WARNING - No viable dags retrieved from /home/airflow/.local/lib/python3.12/site-packages/airflow/example_dags/plugins/decreasing_priority_weight_strategy.py
[2026-07-29T17:10:56.516+0000] {processor.py:208} INFO - Processing /home/airflow/.local/lib/python3.12/site-packages/airflow/example_dags/plugins/decreasing_priority_weight_strategy.py took 0.011 seconds
[2026-07-29T17:11:27.079+0000] {processor.py:186} INFO - Started process (PID=10544) to work on /home/airflow/.local/lib/python3.12/site-packages/airflow/example_dags/plugins/decreasing_priority_weight_strategy.py
[2026-07-29T17:11:27.080+0000] {processor.py:914} INFO - Processing file /home/airflow/.local/lib/python3.12/site-packages/airflow/example_dags/plugins/decreasing_priority_weight_strategy.py for tasks to queue
[2026-07-29T17:11:27.082+0000] {logging_mixin.py:190} INFO - [2026-07-29T17:11:27.082+0000] {dagbag.py:587} INFO - Filling up the DagBag from /home/airflow/.local/lib/python3.12/site-packages/airflow/example_dags/plugins/decreasing_priority_weight_strategy.py
[2026-07-29T17:11:27.083+0000] {processor.py:927} WARNING - No viable dags retrieved from /home/airflow/.local/lib/python3.12/site-packages/airflow/example_dags/plugins/decreasing_priority_weight_strategy.py
[2026-07-29T17:11:27.090+0000] {processor.py:208} INFO - Processing /home/airflow/.local/lib/python3.12/site-packages/airflow/example_dags/plugins/decreasing_priority_weight_strategy.py took 0.013 seconds
[2026-07-29T17:11:57.419+0000] {processor.py:186} INFO - Started process (PID=10610) to work on /home/airflow/.local/lib/python3.12/site-packages/airflow/example_dags/plugins/decreasing_priority_weight_strategy.py
[2026-07-29T17:11:57.419+0000] {processor.py:914} INFO - Processing file /home/airflow/.local/lib/python3.12/site-packages/airflow/example_dags/plugins/decreasing_priority_weight_strategy.py for tasks to queue
[2026-07-29T17:11:57.420+0000] {logging_mixin.py:190} INFO - [2026-07-29T17:11:57.420+0000] {dagbag.py:587} INFO - Filling up the DagBag from /home/airflow/.local/lib/python3.12/site-packages/airflow/example_dags/plugins/decreasing_priority_weight_strategy.py
[2026-07-29T17:11:57.422+0000] {processor.py:927} WARNING - No viable dags retrieved from /home/airflow/.local/lib/python3.12/site-packages/airflow/example_dags/plugins/decreasing_priority_weight_strategy.py
[2026-07-29T17:11:57.429+0000] {processor.py:208} INFO - Processing /home/airflow/.local/lib/python3.12/site-packages/airflow/example_dags/plugins/decreasing_priority_weight_strategy.py took 0.012 seconds
[2026-07-29T17:12:28.485+0000] {processor.py:186} INFO - Started process (PID=10677) to work on /home/airflow/.local/lib/python3.12/site-packages/airflow/example_dags/plugins/decreasing_priority_weight_strategy.py
[2026-07-29T17:12:28.486+0000] {processor.py:914} INFO - Processing file /home/airflow/.local/lib/python3.12/site-packages/airflow/example_dags/plugins/decreasing_priority_weight_strategy.py for tasks to queue
[2026-07-29T17:12:28.487+0000] {logging_mixin.py:190} INFO - [2026-07-29T17:12:28.487+0000] {dagbag.py:587} INFO - Filling up the DagBag from /home/airflow/.local/lib/python3.12/site-packages/airflow/example_dags/plugins/decreasing_priority_weight_strategy.py
[2026-07-29T17:12:28.489+0000] {processor.py:927} WARNING - No viable dags retrieved from /home/airflow/.local/lib/python3.12/site-packages/airflow/example_dags/plugins/decreasing_priority_weight_strategy.py
[2026-07-29T17:12:28.495+0000] {processor.py:208} INFO - Processing /home/airflow/.local/lib/python3.12/site-packages/airflow/example_dags/plugins/decreasing_priority_weight_strategy.py took 0.013 seconds
[2026-07-29T17:12:59.507+0000] {processor.py:186} INFO - Started process (PID=10743) to work on /home/airflow/.local/lib/python3.12/site-packages/airflow/example_dags/plugins/decreasing_priority_weight_strategy.py
[2026-07-29T17:12:59.508+0000] {processor.py:914} INFO - Processing file /home/airflow/.local/lib/python3.12/site-packages/airflow/example_dags/plugins/decreasing_priority_weight_strategy.py for tasks to queue
[2026-07-29T17:12:59.509+0000] {logging_mixin.py:190} INFO - [2026-07-29T17:12:59.509+0000] {dagbag.py:587} INFO - Filling up the DagBag from /home/airflow/.local/lib/python3.12/site-packages/airflow/example_dags/plugins/decreasing_priority_weight_strategy.py
[2026-07-29T17:12:59.510+0000] {processor.py:927} WARNING - No viable dags retrieved from /home/airflow/.local/lib/python3.12/site-packages/airflow/example_dags/plugins/decreasing_priority_weight_strategy.py
[2026-07-29T17:12:59.516+0000] {processor.py:208} INFO - Processing /home/airflow/.local/lib/python3.12/site-packages/airflow/example_dags/plugins/decreasing_priority_weight_strategy.py took 0.011 seconds
[2026-07-29T17:13:30.587+0000] {processor.py:186} INFO - Started process (PID=10809) to work on /home/airflow/.local/lib/python3.12/site-packages/airflow/example_dags/plugins/decreasing_priority_weight_strategy.py
[2026-07-29T17:13:30.588+0000] {processor.py:914} INFO - Processing file /home/airflow/.local/lib/python3.12/site-packages/airflow/example_dags/plugins/decreasing_priority_weight_strategy.py for tasks to queue
[2026-07-29T17:13:30.589+0000] {logging_mixin.py:190} INFO - [2026-07-29T17:13:30.589+0000] {dagbag.py:587} INFO - Filling up the DagBag from /home/airflow/.local/lib/python3.12/site-packages/airflow/example_dags/plugins/decreasing_priority_weight_strategy.py
[2026-07-29T17:13:30.590+0000] {processor.py:927} WARNING - No viable dags retrieved from /home/airflow/.local/lib/python3.12/site-packages/airflow/example_dags/plugins/decreasing_priority_weight_strategy.py
[2026-07-29T17:13:30.597+0000] {processor.py:208} INFO - Processing /home/airflow/.local/lib/python3.12/site-packages/airflow/example_dags/plugins/decreasing_priority_weight_strategy.py took 0.012 seconds
[2026-07-29T17:14:01.010+0000] {processor.py:186} INFO - Started process (PID=10875) to work on /home/airflow/.local/lib/python3.12/site-packages/airflow/example_dags/plugins/decreasing_priority_weight_strategy.py
[2026-07-29T17:14:01.011+0000] {processor.py:914} INFO - Processing file /home/airflow/.local/lib/python3.12/site-packages/airflow/example_dags/plugins/decreasing_priority_weight_strategy.py for tasks to queue
[2026-07-29T17:14:01.013+0000] {logging_mixin.py:190} INFO - [2026-07-29T17:14:01.013+0000] {dagbag.py:587} INFO - Filling up the DagBag from /home/airflow/.local/lib/python3.12/site-packages/airflow/example_dags/plugins/decreasing_priority_weight_strategy.py
[2026-07-29T17:14:01.014+0000] {processor.py:927} WARNING - No viable dags retrieved from /home/airflow/.local/lib/python3.12/site-packages/airflow/example_dags/plugins/decreasing_priority_weight_strategy.py
[2026-07-29T17:14:01.020+0000] {processor.py:208} INFO - Processing /home/airflow/.local/lib/python3.12/site-packages/airflow/example_dags/plugins/decreasing_priority_weight_strategy.py took 0.013 seconds
[2026-07-29T17:14:31.952+0000] {processor.py:186} INFO - Started process (PID=10941) to work on /home/airflow/.local/lib/python3.12/site-packages/airflow/example_dags/plugins/decreasing_priority_weight_strategy.py
[2026-07-29T17:14:31.953+0000] {processor.py:914} INFO - Processing file /home/airflow/.local/lib/python3.12/site-packages/airflow/example_dags/plugins/decreasing_priority_weight_strategy.py for tasks to queue
[2026-07-29T17:14:31.955+0000] {logging_mixin.py:190} INFO - [2026-07-29T17:14:31.954+0000] {dagbag.py:587} INFO - Filling up the DagBag from /home/airflow/.local/lib/python3.12/site-packages/airflow/example_dags/plugins/decreasing_priority_weight_strategy.py
[2026-07-29T17:14:31.956+0000] {processor.py:927} WARNING - No viable dags retrieved from /home/airflow/.local/lib/python3.12/site-packages/airflow/example_dags/plugins/decreasing_priority_weight_strategy.py
[2026-07-29T17:14:31.961+0000] {processor.py:208} INFO - Processing /home/airflow/.local/lib/python3.12/site-packages/airflow/example_dags/plugins/decreasing_priority_weight_strategy.py took 0.012 seconds
[2026-07-29T17:15:03.001+0000] {processor.py:186} INFO - Started process (PID=11007) to work on /home/airflow/.local/lib/python3.12/site-packages/airflow/example_dags/plugins/decreasing_priority_weight_strategy.py
[2026-07-29T17:15:03.002+0000] {processor.py:914} INFO - Processing file /home/airflow/.local/lib/python3.12/site-packages/airflow/example_dags/plugins/decreasing_priority_weight_strategy.py for tasks to queue
[2026-07-29T17:15:03.003+0000] {logging_mixin.py:190} INFO - [2026-07-29T17:15:03.003+0000] {dagbag.py:587} INFO - Filling up the DagBag from /home/airflow/.local/lib/python3.12/site-packages/airflow/example_dags/plugins/decreasing_priority_weight_strategy.py
[2026-07-29T17:15:03.004+0000] {processor.py:927} WARNING - No viable dags retrieved from /home/airflow/.local/lib/python3.12/site-packages/airflow/example_dags/plugins/decreasing_priority_weight_strategy.py
[2026-07-29T17:15:03.009+0000] {processor.py:208} INFO - Processing /home/airflow/.local/lib/python3.12/site-packages/airflow/example_dags/plugins/decreasing_priority_weight_strategy.py took 0.011 seconds
[2026-07-29T17:15:34.285+0000] {processor.py:186} INFO - Started process (PID=11073) to work on /home/airflow/.local/lib/python3.12/site-packages/airflow/example_dags/plugins/decreasing_priority_weight_strategy.py
[2026-07-29T17:15:34.286+0000] {processor.py:914} INFO - Processing file /home/airflow/.local/lib/python3.12/site-packages/airflow/example_dags/plugins/decreasing_priority_weight_strategy.py for tasks to queue
[2026-07-29T17:15:34.288+0000] {logging_mixin.py:190} INFO - [2026-07-29T17:15:34.288+0000] {dagbag.py:587} INFO - Filling up the DagBag from /home/airflow/.local/lib/python3.12/site-packages/airflow/example_dags/plugins/decreasing_priority_weight_strategy.py
[2026-07-29T17:15:34.290+0000] {processor.py:927} WARNING - No viable dags retrieved from /home/airflow/.local/lib/python3.12/site-packages/airflow/example_dags/plugins/decreasing_priority_weight_strategy.py
[2026-07-29T17:15:34.296+0000] {processor.py:208} INFO - Processing /home/airflow/.local/lib/python3.12/site-packages/airflow/example_dags/plugins/decreasing_priority_weight_strategy.py took 0.015 seconds
[2026-07-29T17:16:05.348+0000] {processor.py:186} INFO - Started process (PID=11139) to work on /home/airflow/.local/lib/python3.12/site-packages/airflow/example_dags/plugins/decreasing_priority_weight_strategy.py
[2026-07-29T17:16:05.349+0000] {processor.py:914} INFO - Processing file /home/airflow/.local/lib/python3.12/site-packages/airflow/example_dags/plugins/decreasing_priority_weight_strategy.py for tasks to queue
[2026-07-29T17:16:05.350+0000] {logging_mixin.py:190} INFO - [2026-07-29T17:16:05.350+0000] {dagbag.py:587} INFO - Filling up the DagBag from /home/airflow/.local/lib/python3.12/site-packages/airflow/example_dags/plugins/decreasing_priority_weight_strategy.py
[2026-07-29T17:16:05.351+0000] {processor.py:927} WARNING - No viable dags retrieved from /home/airflow/.local/lib/python3.12/site-packages/airflow/example_dags/plugins/decreasing_priority_weight_strategy.py
[2026-07-29T17:16:05.359+0000] {processor.py:208} INFO - Processing /home/airflow/.local/lib/python3.12/site-packages/airflow/example_dags/plugins/decreasing_priority_weight_strategy.py took 0.014 seconds
[2026-07-29T17:16:36.440+0000] {processor.py:186} INFO - Started process (PID=11205) to work on /home/airflow/.local/lib/python3.12/site-packages/airflow/example_dags/plugins/decreasing_priority_weight_strategy.py
[2026-07-29T17:16:36.441+0000] {processor.py:914} INFO - Processing file /home/airflow/.local/lib/python3.12/site-packages/airflow/example_dags/plugins/decreasing_priority_weight_strategy.py for tasks to queue
[2026-07-29T17:16:36.442+0000] {logging_mixin.py:190} INFO - [2026-07-29T17:16:36.441+0000] {dagbag.py:587} INFO - Filling up the DagBag from /home/airflow/.local/lib/python3.12/site-packages/airflow/example_dags/plugins/decreasing_priority_weight_strategy.py
[2026-07-29T17:16:36.443+0000] {processor.py:927} WARNING - No viable dags retrieved from /home/airflow/.local/lib/python3.12/site-packages/airflow/example_dags/plugins/decreasing_priority_weight_strategy.py
[2026-07-29T17:16:36.449+0000] {processor.py:208} INFO - Processing /home/airflow/.local/lib/python3.12/site-packages/airflow/example_dags/plugins/decreasing_priority_weight_strategy.py took 0.012 seconds
[2026-07-29T17:17:07.550+0000] {processor.py:186} INFO - Started process (PID=11271) to work on /home/airflow/.local/lib/python3.12/site-packages/airflow/example_dags/plugins/decreasing_priority_weight_strategy.py
[2026-07-29T17:17:07.550+0000] {processor.py:914} INFO - Processing file /home/airflow/.local/lib/python3.12/site-packages/airflow/example_dags/plugins/decreasing_priority_weight_strategy.py for tasks to queue
[2026-07-29T17:17:07.551+0000] {logging_mixin.py:190} INFO - [2026-07-29T17:17:07.551+0000] {dagbag.py:587} INFO - Filling up the DagBag from /home/airflow/.local/lib/python3.12/site-packages/airflow/example_dags/plugins/decreasing_priority_weight_strategy.py
[2026-07-29T17:17:07.552+0000] {processor.py:927} WARNING - No viable dags retrieved from /home/airflow/.local/lib/python3.12/site-packages/airflow/example_dags/plugins/decreasing_priority_weight_strategy.py
[2026-07-29T17:17:07.559+0000] {processor.py:208} INFO - Processing /home/airflow/.local/lib/python3.12/site-packages/airflow/example_dags/plugins/decreasing_priority_weight_strategy.py took 0.012 seconds
[2026-07-29T17:17:38.612+0000] {processor.py:186} INFO - Started process (PID=11337) to work on /home/airflow/.local/lib/python3.12/site-packages/airflow/example_dags/plugins/decreasing_priority_weight_strategy.py
[2026-07-29T17:17:38.613+0000] {processor.py:914} INFO - Processing file /home/airflow/.local/lib/python3.12/site-packages/airflow/example_dags/plugins/decreasing_priority_weight_strategy.py for tasks to queue
[2026-07-29T17:17:38.614+0000] {logging_mixin.py:190} INFO - [2026-07-29T17:17:38.614+0000] {dagbag.py:587} INFO - Filling up the DagBag from /home/airflow/.local/lib/python3.12/site-packages/airflow/example_dags/plugins/decreasing_priority_weight_strategy.py
[2026-07-29T17:17:38.615+0000] {processor.py:927} WARNING - No viable dags retrieved from /home/airflow/.local/lib/python3.12/site-packages/airflow/example_dags/plugins/decreasing_priority_weight_strategy.py
[2026-07-29T17:17:38.622+0000] {processor.py:208} INFO - Processing /home/airflow/.local/lib/python3.12/site-packages/airflow/example_dags/plugins/decreasing_priority_weight_strategy.py took 0.012 seconds
[2026-07-29T17:18:08.861+0000] {processor.py:186} INFO - Started process (PID=11407) to work on /home/airflow/.local/lib/python3.12/site-packages/airflow/example_dags/plugins/decreasing_priority_weight_strategy.py
[2026-07-29T17:18:08.862+0000] {processor.py:914} INFO - Processing file /home/airflow/.local/lib/python3.12/site-packages/airflow/example_dags/plugins/decreasing_priority_weight_strategy.py for tasks to queue
[2026-07-29T17:18:08.864+0000] {logging_mixin.py:190} INFO - [2026-07-29T17:18:08.864+0000] {dagbag.py:587} INFO - Filling up the DagBag from /home/airflow/.local/lib/python3.12/site-packages/airflow/example_dags/plugins/decreasing_priority_weight_strategy.py
[2026-07-29T17:18:08.866+0000] {processor.py:927} WARNING - No viable dags retrieved from /home/airflow/.local/lib/python3.12/site-packages/airflow/example_dags/plugins/decreasing_priority_weight_strategy.py
[2026-07-29T17:18:08.872+0000] {processor.py:208} INFO - Processing /home/airflow/.local/lib/python3.12/site-packages/airflow/example_dags/plugins/decreasing_priority_weight_strategy.py took 0.014 seconds
[2026-07-29T17:18:40.119+0000] {processor.py:186} INFO - Started process (PID=11476) to work on /home/airflow/.local/lib/python3.12/site-packages/airflow/example_dags/plugins/decreasing_priority_weight_strategy.py
[2026-07-29T17:18:40.121+0000] {processor.py:914} INFO - Processing file /home/airflow/.local/lib/python3.12/site-packages/airflow/example_dags/plugins/decreasing_priority_weight_strategy.py for tasks to queue
[2026-07-29T17:18:40.123+0000] {logging_mixin.py:190} INFO - [2026-07-29T17:18:40.123+0000] {dagbag.py:587} INFO - Filling up the DagBag from /home/airflow/.local/lib/python3.12/site-packages/airflow/example_dags/plugins/decreasing_priority_weight_strategy.py
[2026-07-29T17:18:40.124+0000] {processor.py:927} WARNING - No viable dags retrieved from /home/airflow/.local/lib/python3.12/site-packages/airflow/example_dags/plugins/decreasing_priority_weight_strategy.py
[2026-07-29T17:18:40.129+0000] {processor.py:208} INFO - Processing /home/airflow/.local/lib/python3.12/site-packages/airflow/example_dags/plugins/decreasing_priority_weight_strategy.py took 0.013 seconds
[2026-07-29T17:19:11.684+0000] {processor.py:186} INFO - Started process (PID=11558) to work on /home/airflow/.local/lib/python3.12/site-packages/airflow/example_dags/plugins/decreasing_priority_weight_strategy.py
[2026-07-29T17:19:11.685+0000] {processor.py:914} INFO - Processing file /home/airflow/.local/lib/python3.12/site-packages/airflow/example_dags/plugins/decreasing_priority_weight_strategy.py for tasks to queue
[2026-07-29T17:19:11.686+0000] {logging_mixin.py:190} INFO - [2026-07-29T17:19:11.686+0000] {dagbag.py:587} INFO - Filling up the DagBag from /home/airflow/.local/lib/python3.12/site-packages/airflow/example_dags/plugins/decreasing_priority_weight_strategy.py
[2026-07-29T17:19:11.687+0000] {processor.py:927} WARNING - No viable dags retrieved from /home/airflow/.local/lib/python3.12/site-packages/airflow/example_dags/plugins/decreasing_priority_weight_strategy.py
[2026-07-29T17:19:11.695+0000] {processor.py:208} INFO - Processing /home/airflow/.local/lib/python3.12/site-packages/airflow/example_dags/plugins/decreasing_priority_weight_strategy.py took 0.014 seconds
[2026-07-29T17:19:41.810+0000] {processor.py:186} INFO - Started process (PID=11624) to work on /home/airflow/.local/lib/python3.12/site-packages/airflow/example_dags/plugins/decreasing_priority_weight_strategy.py
[2026-07-29T17:19:41.813+0000] {processor.py:914} INFO - Processing file /home/airflow/.local/lib/python3.12/site-packages/airflow/example_dags/plugins/decreasing_priority_weight_strategy.py for tasks to queue
[2026-07-29T17:19:41.814+0000] {logging_mixin.py:190} INFO - [2026-07-29T17:19:41.814+0000] {dagbag.py:587} INFO - Filling up the DagBag from /home/airflow/.local/lib/python3.12/site-packages/airflow/example_dags/plugins/decreasing_priority_weight_strategy.py
[2026-07-29T17:19:41.815+0000] {processor.py:927} WARNING - No viable dags retrieved from /home/airflow/.local/lib/python3.12/site-packages/airflow/example_dags/plugins/decreasing_priority_weight_strategy.py
[2026-07-29T17:19:41.824+0000] {processor.py:208} INFO - Processing /home/airflow/.local/lib/python3.12/site-packages/airflow/example_dags/plugins/decreasing_priority_weight_strategy.py took 0.017 seconds
[2026-07-29T17:20:13.023+0000] {processor.py:186} INFO - Started process (PID=11700) to work on /home/airflow/.local/lib/python3.12/site-packages/airflow/example_dags/plugins/decreasing_priority_weight_strategy.py
[2026-07-29T17:20:13.024+0000] {processor.py:914} INFO - Processing file /home/airflow/.local/lib/python3.12/site-packages/airflow/example_dags/plugins/decreasing_priority_weight_strategy.py for tasks to queue
[2026-07-29T17:20:13.025+0000] {logging_mixin.py:190} INFO - [2026-07-29T17:20:13.025+0000] {dagbag.py:587} INFO - Filling up the DagBag from /home/airflow/.local/lib/python3.12/site-packages/airflow/example_dags/plugins/decreasing_priority_weight_strategy.py
[2026-07-29T17:20:13.026+0000] {processor.py:927} WARNING - No viable dags retrieved from /home/airflow/.local/lib/python3.12/site-packages/airflow/example_dags/plugins/decreasing_priority_weight_strategy.py
[2026-07-29T17:20:13.033+0000] {processor.py:208} INFO - Processing /home/airflow/.local/lib/python3.12/site-packages/airflow/example_dags/plugins/decreasing_priority_weight_strategy.py took 0.013 seconds
[2026-07-29T17:20:44.470+0000] {processor.py:186} INFO - Started process (PID=11770) to work on /home/airflow/.local/lib/python3.12/site-packages/airflow/example_dags/plugins/decreasing_priority_weight_strategy.py
[2026-07-29T17:20:44.470+0000] {processor.py:914} INFO - Processing file /home/airflow/.local/lib/python3.12/site-packages/airflow/example_dags/plugins/decreasing_priority_weight_strategy.py for tasks to queue
[2026-07-29T17:20:44.472+0000] {logging_mixin.py:190} INFO - [2026-07-29T17:20:44.471+0000] {dagbag.py:587} INFO - Filling up the DagBag from /home/airflow/.local/lib/python3.12/site-packages/airflow/example_dags/plugins/decreasing_priority_weight_strategy.py
[2026-07-29T17:20:44.473+0000] {processor.py:927} WARNING - No viable dags retrieved from /home/airflow/.local/lib/python3.12/site-packages/airflow/example_dags/plugins/decreasing_priority_weight_strategy.py
[2026-07-29T17:20:44.479+0000] {processor.py:208} INFO - Processing /home/airflow/.local/lib/python3.12/site-packages/airflow/example_dags/plugins/decreasing_priority_weight_strategy.py took 0.013 seconds
[2026-07-29T17:21:14.917+0000] {processor.py:186} INFO - Started process (PID=11842) to work on /home/airflow/.local/lib/python3.12/site-packages/airflow/example_dags/plugins/decreasing_priority_weight_strategy.py
[2026-07-29T17:21:14.918+0000] {processor.py:914} INFO - Processing file /home/airflow/.local/lib/python3.12/site-packages/airflow/example_dags/plugins/decreasing_priority_weight_strategy.py for tasks to queue
[2026-07-29T17:21:14.919+0000] {logging_mixin.py:190} INFO - [2026-07-29T17:21:14.919+0000] {dagbag.py:587} INFO - Filling up the DagBag from /home/airflow/.local/lib/python3.12/site-packages/airflow/example_dags/plugins/decreasing_priority_weight_strategy.py
[2026-07-29T17:21:14.920+0000] {processor.py:927} WARNING - No viable dags retrieved from /home/airflow/.local/lib/python3.12/site-packages/airflow/example_dags/plugins/decreasing_priority_weight_strategy.py
[2026-07-29T17:21:14.926+0000] {processor.py:208} INFO - Processing /home/airflow/.local/lib/python3.12/site-packages/airflow/example_dags/plugins/decreasing_priority_weight_strategy.py took 0.011 seconds
[2026-07-29T17:21:45.184+0000] {processor.py:186} INFO - Started process (PID=11911) to work on /home/airflow/.local/lib/python3.12/site-packages/airflow/example_dags/plugins/decreasing_priority_weight_strategy.py
[2026-07-29T17:21:45.185+0000] {processor.py:914} INFO - Processing file /home/airflow/.local/lib/python3.12/site-packages/airflow/example_dags/plugins/decreasing_priority_weight_strategy.py for tasks to queue
[2026-07-29T17:21:45.186+0000] {logging_mixin.py:190} INFO - [2026-07-29T17:21:45.185+0000] {dagbag.py:587} INFO - Filling up the DagBag from /home/airflow/.local/lib/python3.12/site-packages/airflow/example_dags/plugins/decreasing_priority_weight_strategy.py
[2026-07-29T17:21:45.187+0000] {processor.py:927} WARNING - No viable dags retrieved from /home/airflow/.local/lib/python3.12/site-packages/airflow/example_dags/plugins/decreasing_priority_weight_strategy.py
[2026-07-29T17:21:45.193+0000] {processor.py:208} INFO - Processing /home/airflow/.local/lib/python3.12/site-packages/airflow/example_dags/plugins/decreasing_priority_weight_strategy.py took 0.011 seconds
[2026-07-29T17:22:16.493+0000] {processor.py:186} INFO - Started process (PID=11981) to work on /home/airflow/.local/lib/python3.12/site-packages/airflow/example_dags/plugins/decreasing_priority_weight_strategy.py
[2026-07-29T17:22:16.493+0000] {processor.py:914} INFO - Processing file /home/airflow/.local/lib/python3.12/site-packages/airflow/example_dags/plugins/decreasing_priority_weight_strategy.py for tasks to queue
[2026-07-29T17:22:16.494+0000] {logging_mixin.py:190} INFO - [2026-07-29T17:22:16.494+0000] {dagbag.py:587} INFO - Filling up the DagBag from /home/airflow/.local/lib/python3.12/site-packages/airflow/example_dags/plugins/decreasing_priority_weight_strategy.py
[2026-07-29T17:22:16.495+0000] {processor.py:927} WARNING - No viable dags retrieved from /home/airflow/.local/lib/python3.12/site-packages/airflow/example_dags/plugins/decreasing_priority_weight_strategy.py
[2026-07-29T17:22:16.501+0000] {processor.py:208} INFO - Processing /home/airflow/.local/lib/python3.12/site-packages/airflow/example_dags/plugins/decreasing_priority_weight_strategy.py took 0.011 seconds
[2026-07-29T17:22:47.511+0000] {processor.py:186} INFO - Started process (PID=12047) to work on /home/airflow/.local/lib/python3.12/site-packages/airflow/example_dags/plugins/decreasing_priority_weight_strategy.py
[2026-07-29T17:22:47.511+0000] {processor.py:914} INFO - Processing file /home/airflow/.local/lib/python3.12/site-packages/airflow/example_dags/plugins/decreasing_priority_weight_strategy.py for tasks to queue
[2026-07-29T17:22:47.513+0000] {logging_mixin.py:190} INFO - [2026-07-29T17:22:47.512+0000] {dagbag.py:587} INFO - Filling up the DagBag from /home/airflow/.local/lib/python3.12/site-packages/airflow/example_dags/plugins/decreasing_priority_weight_strategy.py
[2026-07-29T17:22:47.515+0000] {processor.py:927} WARNING - No viable dags retrieved from /home/airflow/.local/lib/python3.12/site-packages/airflow/example_dags/plugins/decreasing_priority_weight_strategy.py
[2026-07-29T17:22:47.521+0000] {processor.py:208} INFO - Processing /home/airflow/.local/lib/python3.12/site-packages/airflow/example_dags/plugins/decreasing_priority_weight_strategy.py took 0.013 seconds
[2026-07-29T17:23:18.528+0000] {processor.py:186} INFO - Started process (PID=12113) to work on /home/airflow/.local/lib/python3.12/site-packages/airflow/example_dags/plugins/decreasing_priority_weight_strategy.py
[2026-07-29T17:23:18.529+0000] {processor.py:914} INFO - Processing file /home/airflow/.local/lib/python3.12/site-packages/airflow/example_dags/plugins/decreasing_priority_weight_strategy.py for tasks to queue
[2026-07-29T17:23:18.531+0000] {logging_mixin.py:190} INFO - [2026-07-29T17:23:18.530+0000] {dagbag.py:587} INFO - Filling up the DagBag from /home/airflow/.local/lib/python3.12/site-packages/airflow/example_dags/plugins/decreasing_priority_weight_strategy.py
[2026-07-29T17:23:18.532+0000] {processor.py:927} WARNING - No viable dags retrieved from /home/airflow/.local/lib/python3.12/site-packages/airflow/example_dags/plugins/decreasing_priority_weight_strategy.py
[2026-07-29T17:23:18.537+0000] {processor.py:208} INFO - Processing /home/airflow/.local/lib/python3.12/site-packages/airflow/example_dags/plugins/decreasing_priority_weight_strategy.py took 0.012 seconds
[2026-07-29T17:23:56.696+0000] {processor.py:186} INFO - Started process (PID=12185) to work on /home/airflow/.local/lib/python3.12/site-packages/airflow/example_dags/plugins/decreasing_priority_weight_strategy.py
[2026-07-29T17:23:56.697+0000] {processor.py:914} INFO - Processing file /home/airflow/.local/lib/python3.12/site-packages/airflow/example_dags/plugins/decreasing_priority_weight_strategy.py for tasks to queue
[2026-07-29T17:23:56.698+0000] {logging_mixin.py:190} INFO - [2026-07-29T17:23:56.698+0000] {dagbag.py:587} INFO - Filling up the DagBag from /home/airflow/.local/lib/python3.12/site-packages/airflow/example_dags/plugins/decreasing_priority_weight_strategy.py
[2026-07-29T17:23:56.699+0000] {processor.py:927} WARNING - No viable dags retrieved from /home/airflow/.local/lib/python3.12/site-packages/airflow/example_dags/plugins/decreasing_priority_weight_strategy.py
[2026-07-29T17:23:56.707+0000] {processor.py:208} INFO - Processing /home/airflow/.local/lib/python3.12/site-packages/airflow/example_dags/plugins/decreasing_priority_weight_strategy.py took 0.014 seconds
[2026-07-29T17:24:26.754+0000] {processor.py:186} INFO - Started process (PID=12251) to work on /home/airflow/.local/lib/python3.12/site-packages/airflow/example_dags/plugins/decreasing_priority_weight_strategy.py
[2026-07-29T17:24:26.755+0000] {processor.py:914} INFO - Processing file /home/airflow/.local/lib/python3.12/site-packages/airflow/example_dags/plugins/decreasing_priority_weight_strategy.py for tasks to queue
[2026-07-29T17:24:26.756+0000] {logging_mixin.py:190} INFO - [2026-07-29T17:24:26.756+0000] {dagbag.py:587} INFO - Filling up the DagBag from /home/airflow/.local/lib/python3.12/site-packages/airflow/example_dags/plugins/decreasing_priority_weight_strategy.py
[2026-07-29T17:24:26.757+0000] {processor.py:927} WARNING - No viable dags retrieved from /home/airflow/.local/lib/python3.12/site-packages/airflow/example_dags/plugins/decreasing_priority_weight_strategy.py
[2026-07-29T17:24:26.763+0000] {processor.py:208} INFO - Processing /home/airflow/.local/lib/python3.12/site-packages/airflow/example_dags/plugins/decreasing_priority_weight_strategy.py took 0.011 seconds
[2026-07-29T17:24:57.763+0000] {processor.py:186} INFO - Started process (PID=12317) to work on /home/airflow/.local/lib/python3.12/site-packages/airflow/example_dags/plugins/decreasing_priority_weight_strategy.py
[2026-07-29T17:24:57.764+0000] {processor.py:914} INFO - Processing file /home/airflow/.local/lib/python3.12/site-packages/airflow/example_dags/plugins/decreasing_priority_weight_strategy.py for tasks to queue
[2026-07-29T17:24:57.765+0000] {logging_mixin.py:190} INFO - [2026-07-29T17:24:57.765+0000] {dagbag.py:587} INFO - Filling up the DagBag from /home/airflow/.local/lib/python3.12/site-packages/airflow/example_dags/plugins/decreasing_priority_weight_strategy.py
[2026-07-29T17:24:57.767+0000] {processor.py:927} WARNING - No viable dags retrieved from /home/airflow/.local/lib/python3.12/site-packages/airflow/example_dags/plugins/decreasing_priority_weight_strategy.py
[2026-07-29T17:24:57.774+0000] {processor.py:208} INFO - Processing /home/airflow/.local/lib/python3.12/site-packages/airflow/example_dags/plugins/decreasing_priority_weight_strategy.py took 0.014 seconds
[2026-07-29T17:25:28.755+0000] {processor.py:186} INFO - Started process (PID=12383) to work on /home/airflow/.local/lib/python3.12/site-packages/airflow/example_dags/plugins/decreasing_priority_weight_strategy.py
[2026-07-29T17:25:28.756+0000] {processor.py:914} INFO - Processing file /home/airflow/.local/lib/python3.12/site-packages/airflow/example_dags/plugins/decreasing_priority_weight_strategy.py for tasks to queue
[2026-07-29T17:25:28.757+0000] {logging_mixin.py:190} INFO - [2026-07-29T17:25:28.757+0000] {dagbag.py:587} INFO - Filling up the DagBag from /home/airflow/.local/lib/python3.12/site-packages/airflow/example_dags/plugins/decreasing_priority_weight_strategy.py
[2026-07-29T17:25:28.758+0000] {processor.py:927} WARNING - No viable dags retrieved from /home/airflow/.local/lib/python3.12/site-packages/airflow/example_dags/plugins/decreasing_priority_weight_strategy.py
[2026-07-29T17:25:28.763+0000] {processor.py:208} INFO - Processing /home/airflow/.local/lib/python3.12/site-packages/airflow/example_dags/plugins/decreasing_priority_weight_strategy.py took 0.011 seconds
[2026-07-29T17:25:59.812+0000] {processor.py:186} INFO - Started process (PID=12449) to work on /home/airflow/.local/lib/python3.12/site-packages/airflow/example_dags/plugins/decreasing_priority_weight_strategy.py
[2026-07-29T17:25:59.812+0000] {processor.py:914} INFO - Processing file /home/airflow/.local/lib/python3.12/site-packages/airflow/example_dags/plugins/decreasing_priority_weight_strategy.py for tasks to queue
[2026-07-29T17:25:59.813+0000] {logging_mixin.py:190} INFO - [2026-07-29T17:25:59.813+0000] {dagbag.py:587} INFO - Filling up the DagBag from /home/airflow/.local/lib/python3.12/site-packages/airflow/example_dags/plugins/decreasing_priority_weight_strategy.py
[2026-07-29T17:25:59.814+0000] {processor.py:927} WARNING - No viable dags retrieved from /home/airflow/.local/lib/python3.12/site-packages/airflow/example_dags/plugins/decreasing_priority_weight_strategy.py
[2026-07-29T17:25:59.821+0000] {processor.py:208} INFO - Processing /home/airflow/.local/lib/python3.12/site-packages/airflow/example_dags/plugins/decreasing_priority_weight_strategy.py took 0.012 seconds
[2026-07-29T17:26:30.847+0000] {processor.py:186} INFO - Started process (PID=12515) to work on /home/airflow/.local/lib/python3.12/site-packages/airflow/example_dags/plugins/decreasing_priority_weight_strategy.py
[2026-07-29T17:26:30.848+0000] {processor.py:914} INFO - Processing file /home/airflow/.local/lib/python3.12/site-packages/airflow/example_dags/plugins/decreasing_priority_weight_strategy.py for tasks to queue
[2026-07-29T17:26:30.849+0000] {logging_mixin.py:190} INFO - [2026-07-29T17:26:30.849+0000] {dagbag.py:587} INFO - Filling up the DagBag from /home/airflow/.local/lib/python3.12/site-packages/airflow/example_dags/plugins/decreasing_priority_weight_strategy.py
[2026-07-29T17:26:30.850+0000] {processor.py:927} WARNING - No viable dags retrieved from /home/airflow/.local/lib/python3.12/site-packages/airflow/example_dags/plugins/decreasing_priority_weight_strategy.py
[2026-07-29T17:26:30.855+0000] {processor.py:208} INFO - Processing /home/airflow/.local/lib/python3.12/site-packages/airflow/example_dags/plugins/decreasing_priority_weight_strategy.py took 0.011 seconds
[2026-07-29T17:27:01.854+0000] {processor.py:186} INFO - Started process (PID=12581) to work on /home/airflow/.local/lib/python3.12/site-packages/airflow/example_dags/plugins/decreasing_priority_weight_strategy.py
[2026-07-29T17:27:01.855+0000] {processor.py:914} INFO - Processing file /home/airflow/.local/lib/python3.12/site-packages/airflow/example_dags/plugins/decreasing_priority_weight_strategy.py for tasks to queue
[2026-07-29T17:27:01.856+0000] {logging_mixin.py:190} INFO - [2026-07-29T17:27:01.856+0000] {dagbag.py:587} INFO - Filling up the DagBag from /home/airflow/.local/lib/python3.12/site-packages/airflow/example_dags/plugins/decreasing_priority_weight_strategy.py
[2026-07-29T17:27:01.858+0000] {processor.py:927} WARNING - No viable dags retrieved from /home/airflow/.local/lib/python3.12/site-packages/airflow/example_dags/plugins/decreasing_priority_weight_strategy.py
[2026-07-29T17:27:01.863+0000] {processor.py:208} INFO - Processing /home/airflow/.local/lib/python3.12/site-packages/airflow/example_dags/plugins/decreasing_priority_weight_strategy.py took 0.012 seconds
[2026-07-29T17:27:31.989+0000] {processor.py:186} INFO - Started process (PID=12647) to work on /home/airflow/.local/lib/python3.12/site-packages/airflow/example_dags/plugins/decreasing_priority_weight_strategy.py
[2026-07-29T17:27:31.990+0000] {processor.py:914} INFO - Processing file /home/airflow/.local/lib/python3.12/site-packages/airflow/example_dags/plugins/decreasing_priority_weight_strategy.py for tasks to queue
[2026-07-29T17:27:31.991+0000] {logging_mixin.py:190} INFO - [2026-07-29T17:27:31.991+0000] {dagbag.py:587} INFO - Filling up the DagBag from /home/airflow/.local/lib/python3.12/site-packages/airflow/example_dags/plugins/decreasing_priority_weight_strategy.py
[2026-07-29T17:27:31.992+0000] {processor.py:927} WARNING - No viable dags retrieved from /home/airflow/.local/lib/python3.12/site-packages/airflow/example_dags/plugins/decreasing_priority_weight_strategy.py
[2026-07-29T17:27:31.998+0000] {processor.py:208} INFO - Processing /home/airflow/.local/lib/python3.12/site-packages/airflow/example_dags/plugins/decreasing_priority_weight_strategy.py took 0.012 seconds
[2026-07-29T17:28:02.936+0000] {processor.py:186} INFO - Started process (PID=12713) to work on /home/airflow/.local/lib/python3.12/site-packages/airflow/example_dags/plugins/decreasing_priority_weight_strategy.py
[2026-07-29T17:28:02.937+0000] {processor.py:914} INFO - Processing file /home/airflow/.local/lib/python3.12/site-packages/airflow/example_dags/plugins/decreasing_priority_weight_strategy.py for tasks to queue
[2026-07-29T17:28:02.939+0000] {logging_mixin.py:190} INFO - [2026-07-29T17:28:02.939+0000] {dagbag.py:587} INFO - Filling up the DagBag from /home/airflow/.local/lib/python3.12/site-packages/airflow/example_dags/plugins/decreasing_priority_weight_strategy.py
[2026-07-29T17:28:02.940+0000] {processor.py:927} WARNING - No viable dags retrieved from /home/airflow/.local/lib/python3.12/site-packages/airflow/example_dags/plugins/decreasing_priority_weight_strategy.py
[2026-07-29T17:28:02.947+0000] {processor.py:208} INFO - Processing /home/airflow/.local/lib/python3.12/site-packages/airflow/example_dags/plugins/decreasing_priority_weight_strategy.py took 0.013 seconds
[2026-07-29T17:28:34.003+0000] {processor.py:186} INFO - Started process (PID=12779) to work on /home/airflow/.local/lib/python3.12/site-packages/airflow/example_dags/plugins/decreasing_priority_weight_strategy.py
[2026-07-29T17:28:34.004+0000] {processor.py:914} INFO - Processing file /home/airflow/.local/lib/python3.12/site-packages/airflow/example_dags/plugins/decreasing_priority_weight_strategy.py for tasks to queue
[2026-07-29T17:28:34.005+0000] {logging_mixin.py:190} INFO - [2026-07-29T17:28:34.005+0000] {dagbag.py:587} INFO - Filling up the DagBag from /home/airflow/.local/lib/python3.12/site-packages/airflow/example_dags/plugins/decreasing_priority_weight_strategy.py
[2026-07-29T17:28:34.006+0000] {processor.py:927} WARNING - No viable dags retrieved from /home/airflow/.local/lib/python3.12/site-packages/airflow/example_dags/plugins/decreasing_priority_weight_strategy.py
[2026-07-29T17:28:34.012+0000] {processor.py:208} INFO - Processing /home/airflow/.local/lib/python3.12/site-packages/airflow/example_dags/plugins/decreasing_priority_weight_strategy.py took 0.012 seconds
[2026-07-29T17:29:05.202+0000] {processor.py:186} INFO - Started process (PID=12845) to work on /home/airflow/.local/lib/python3.12/site-packages/airflow/example_dags/plugins/decreasing_priority_weight_strategy.py
[2026-07-29T17:29:05.203+0000] {processor.py:914} INFO - Processing file /home/airflow/.local/lib/python3.12/site-packages/airflow/example_dags/plugins/decreasing_priority_weight_strategy.py for tasks to queue
[2026-07-29T17:29:05.204+0000] {logging_mixin.py:190} INFO - [2026-07-29T17:29:05.204+0000] {dagbag.py:587} INFO - Filling up the DagBag from /home/airflow/.local/lib/python3.12/site-packages/airflow/example_dags/plugins/decreasing_priority_weight_strategy.py
[2026-07-29T17:29:05.205+0000] {processor.py:927} WARNING - No viable dags retrieved from /home/airflow/.local/lib/python3.12/site-packages/airflow/example_dags/plugins/decreasing_priority_weight_strategy.py
[2026-07-29T17:29:05.211+0000] {processor.py:208} INFO - Processing /home/airflow/.local/lib/python3.12/site-packages/airflow/example_dags/plugins/decreasing_priority_weight_strategy.py took 0.011 seconds
[2026-07-29T17:29:35.415+0000] {processor.py:186} INFO - Started process (PID=12911) to work on /home/airflow/.local/lib/python3.12/site-packages/airflow/example_dags/plugins/decreasing_priority_weight_strategy.py
[2026-07-29T17:29:35.415+0000] {processor.py:914} INFO - Processing file /home/airflow/.local/lib/python3.12/site-packages/airflow/example_dags/plugins/decreasing_priority_weight_strategy.py for tasks to queue
[2026-07-29T17:29:35.416+0000] {logging_mixin.py:190} INFO - [2026-07-29T17:29:35.416+0000] {dagbag.py:587} INFO - Filling up the DagBag from /home/airflow/.local/lib/python3.12/site-packages/airflow/example_dags/plugins/decreasing_priority_weight_strategy.py
[2026-07-29T17:29:35.417+0000] {processor.py:927} WARNING - No viable dags retrieved from /home/airflow/.local/lib/python3.12/site-packages/airflow/example_dags/plugins/decreasing_priority_weight_strategy.py
[2026-07-29T17:29:35.424+0000] {processor.py:208} INFO - Processing /home/airflow/.local/lib/python3.12/site-packages/airflow/example_dags/plugins/decreasing_priority_weight_strategy.py took 0.012 seconds
[2026-07-29T17:30:05.630+0000] {processor.py:186} INFO - Started process (PID=12977) to work on /home/airflow/.local/lib/python3.12/site-packages/airflow/example_dags/plugins/decreasing_priority_weight_strategy.py
[2026-07-29T17:30:05.631+0000] {processor.py:914} INFO - Processing file /home/airflow/.local/lib/python3.12/site-packages/airflow/example_dags/plugins/decreasing_priority_weight_strategy.py for tasks to queue
[2026-07-29T17:30:05.634+0000] {logging_mixin.py:190} INFO - [2026-07-29T17:30:05.633+0000] {dagbag.py:587} INFO - Filling up the DagBag from /home/airflow/.local/lib/python3.12/site-packages/airflow/example_dags/plugins/decreasing_priority_weight_strategy.py
[2026-07-29T17:30:05.635+0000] {processor.py:927} WARNING - No viable dags retrieved from /home/airflow/.local/lib/python3.12/site-packages/airflow/example_dags/plugins/decreasing_priority_weight_strategy.py
[2026-07-29T17:30:05.645+0000] {processor.py:208} INFO - Processing /home/airflow/.local/lib/python3.12/site-packages/airflow/example_dags/plugins/decreasing_priority_weight_strategy.py took 0.017 seconds
[2026-07-29T17:30:35.754+0000] {processor.py:186} INFO - Started process (PID=13042) to work on /home/airflow/.local/lib/python3.12/site-packages/airflow/example_dags/plugins/decreasing_priority_weight_strategy.py
[2026-07-29T17:30:35.754+0000] {processor.py:914} INFO - Processing file /home/airflow/.local/lib/python3.12/site-packages/airflow/example_dags/plugins/decreasing_priority_weight_strategy.py for tasks to queue
[2026-07-29T17:30:35.756+0000] {logging_mixin.py:190} INFO - [2026-07-29T17:30:35.756+0000] {dagbag.py:587} INFO - Filling up the DagBag from /home/airflow/.local/lib/python3.12/site-packages/airflow/example_dags/plugins/decreasing_priority_weight_strategy.py
[2026-07-29T17:30:35.757+0000] {processor.py:927} WARNING - No viable dags retrieved from /home/airflow/.local/lib/python3.12/site-packages/airflow/example_dags/plugins/decreasing_priority_weight_strategy.py
[2026-07-29T17:30:35.763+0000] {processor.py:208} INFO - Processing /home/airflow/.local/lib/python3.12/site-packages/airflow/example_dags/plugins/decreasing_priority_weight_strategy.py took 0.012 seconds
[2026-07-29T17:31:06.027+0000] {processor.py:186} INFO - Started process (PID=13107) to work on /home/airflow/.local/lib/python3.12/site-packages/airflow/example_dags/plugins/decreasing_priority_weight_strategy.py
[2026-07-29T17:31:06.028+0000] {processor.py:914} INFO - Processing file /home/airflow/.local/lib/python3.12/site-packages/airflow/example_dags/plugins/decreasing_priority_weight_strategy.py for tasks to queue
[2026-07-29T17:31:06.029+0000] {logging_mixin.py:190} INFO - [2026-07-29T17:31:06.029+0000] {dagbag.py:587} INFO - Filling up the DagBag from /home/airflow/.local/lib/python3.12/site-packages/airflow/example_dags/plugins/decreasing_priority_weight_strategy.py
[2026-07-29T17:31:06.031+0000] {processor.py:927} WARNING - No viable dags retrieved from /home/airflow/.local/lib/python3.12/site-packages/airflow/example_dags/plugins/decreasing_priority_weight_strategy.py
[2026-07-29T17:31:06.040+0000] {processor.py:208} INFO - Processing /home/airflow/.local/lib/python3.12/site-packages/airflow/example_dags/plugins/decreasing_priority_weight_strategy.py took 0.016 seconds
[2026-07-29T17:31:36.117+0000] {processor.py:186} INFO - Started process (PID=13173) to work on /home/airflow/.local/lib/python3.12/site-packages/airflow/example_dags/plugins/decreasing_priority_weight_strategy.py
[2026-07-29T17:31:36.117+0000] {processor.py:914} INFO - Processing file /home/airflow/.local/lib/python3.12/site-packages/airflow/example_dags/plugins/decreasing_priority_weight_strategy.py for tasks to queue
[2026-07-29T17:31:36.118+0000] {logging_mixin.py:190} INFO - [2026-07-29T17:31:36.118+0000] {dagbag.py:587} INFO - Filling up the DagBag from /home/airflow/.local/lib/python3.12/site-packages/airflow/example_dags/plugins/decreasing_priority_weight_strategy.py
[2026-07-29T17:31:36.119+0000] {processor.py:927} WARNING - No viable dags retrieved from /home/airflow/.local/lib/python3.12/site-packages/airflow/example_dags/plugins/decreasing_priority_weight_strategy.py
[2026-07-29T17:31:36.126+0000] {processor.py:208} INFO - Processing /home/airflow/.local/lib/python3.12/site-packages/airflow/example_dags/plugins/decreasing_priority_weight_strategy.py took 0.012 seconds
[2026-07-29T17:32:06.488+0000] {processor.py:186} INFO - Started process (PID=13239) to work on /home/airflow/.local/lib/python3.12/site-packages/airflow/example_dags/plugins/decreasing_priority_weight_strategy.py
[2026-07-29T17:32:06.489+0000] {processor.py:914} INFO - Processing file /home/airflow/.local/lib/python3.12/site-packages/airflow/example_dags/plugins/decreasing_priority_weight_strategy.py for tasks to queue
[2026-07-29T17:32:06.490+0000] {logging_mixin.py:190} INFO - [2026-07-29T17:32:06.490+0000] {dagbag.py:587} INFO - Filling up the DagBag from /home/airflow/.local/lib/python3.12/site-packages/airflow/example_dags/plugins/decreasing_priority_weight_strategy.py
[2026-07-29T17:32:06.491+0000] {processor.py:927} WARNING - No viable dags retrieved from /home/airflow/.local/lib/python3.12/site-packages/airflow/example_dags/plugins/decreasing_priority_weight_strategy.py
[2026-07-29T17:32:06.498+0000] {processor.py:208} INFO - Processing /home/airflow/.local/lib/python3.12/site-packages/airflow/example_dags/plugins/decreasing_priority_weight_strategy.py took 0.013 seconds
[2026-07-29T17:32:36.591+0000] {processor.py:186} INFO - Started process (PID=13305) to work on /home/airflow/.local/lib/python3.12/site-packages/airflow/example_dags/plugins/decreasing_priority_weight_strategy.py
[2026-07-29T17:32:36.592+0000] {processor.py:914} INFO - Processing file /home/airflow/.local/lib/python3.12/site-packages/airflow/example_dags/plugins/decreasing_priority_weight_strategy.py for tasks to queue
[2026-07-29T17:32:36.593+0000] {logging_mixin.py:190} INFO - [2026-07-29T17:32:36.593+0000] {dagbag.py:587} INFO - Filling up the DagBag from /home/airflow/.local/lib/python3.12/site-packages/airflow/example_dags/plugins/decreasing_priority_weight_strategy.py
[2026-07-29T17:32:36.594+0000] {processor.py:927} WARNING - No viable dags retrieved from /home/airflow/.local/lib/python3.12/site-packages/airflow/example_dags/plugins/decreasing_priority_weight_strategy.py
[2026-07-29T17:32:36.600+0000] {processor.py:208} INFO - Processing /home/airflow/.local/lib/python3.12/site-packages/airflow/example_dags/plugins/decreasing_priority_weight_strategy.py took 0.011 seconds
[2026-07-29T17:33:06.979+0000] {processor.py:186} INFO - Started process (PID=13370) to work on /home/airflow/.local/lib/python3.12/site-packages/airflow/example_dags/plugins/decreasing_priority_weight_strategy.py
[2026-07-29T17:33:06.979+0000] {processor.py:914} INFO - Processing file /home/airflow/.local/lib/python3.12/site-packages/airflow/example_dags/plugins/decreasing_priority_weight_strategy.py for tasks to queue
[2026-07-29T17:33:06.980+0000] {logging_mixin.py:190} INFO - [2026-07-29T17:33:06.980+0000] {dagbag.py:587} INFO - Filling up the DagBag from /home/airflow/.local/lib/python3.12/site-packages/airflow/example_dags/plugins/decreasing_priority_weight_strategy.py
[2026-07-29T17:33:06.982+0000] {processor.py:927} WARNING - No viable dags retrieved from /home/airflow/.local/lib/python3.12/site-packages/airflow/example_dags/plugins/decreasing_priority_weight_strategy.py
[2026-07-29T17:33:06.988+0000] {processor.py:208} INFO - Processing /home/airflow/.local/lib/python3.12/site-packages/airflow/example_dags/plugins/decreasing_priority_weight_strategy.py took 0.012 seconds
[2026-07-29T17:33:37.103+0000] {processor.py:186} INFO - Started process (PID=13435) to work on /home/airflow/.local/lib/python3.12/site-packages/airflow/example_dags/plugins/decreasing_priority_weight_strategy.py
[2026-07-29T17:33:37.104+0000] {processor.py:914} INFO - Processing file /home/airflow/.local/lib/python3.12/site-packages/airflow/example_dags/plugins/decreasing_priority_weight_strategy.py for tasks to queue
[2026-07-29T17:33:37.105+0000] {logging_mixin.py:190} INFO - [2026-07-29T17:33:37.104+0000] {dagbag.py:587} INFO - Filling up the DagBag from /home/airflow/.local/lib/python3.12/site-packages/airflow/example_dags/plugins/decreasing_priority_weight_strategy.py
[2026-07-29T17:33:37.106+0000] {processor.py:927} WARNING - No viable dags retrieved from /home/airflow/.local/lib/python3.12/site-packages/airflow/example_dags/plugins/decreasing_priority_weight_strategy.py
[2026-07-29T17:33:37.113+0000] {processor.py:208} INFO - Processing /home/airflow/.local/lib/python3.12/site-packages/airflow/example_dags/plugins/decreasing_priority_weight_strategy.py took 0.012 seconds
[2026-07-29T17:34:07.606+0000] {processor.py:186} INFO - Started process (PID=13502) to work on /home/airflow/.local/lib/python3.12/site-packages/airflow/example_dags/plugins/decreasing_priority_weight_strategy.py
[2026-07-29T17:34:07.606+0000] {processor.py:914} INFO - Processing file /home/airflow/.local/lib/python3.12/site-packages/airflow/example_dags/plugins/decreasing_priority_weight_strategy.py for tasks to queue
[2026-07-29T17:34:07.607+0000] {logging_mixin.py:190} INFO - [2026-07-29T17:34:07.607+0000] {dagbag.py:587} INFO - Filling up the DagBag from /home/airflow/.local/lib/python3.12/site-packages/airflow/example_dags/plugins/decreasing_priority_weight_strategy.py
[2026-07-29T17:34:07.608+0000] {processor.py:927} WARNING - No viable dags retrieved from /home/airflow/.local/lib/python3.12/site-packages/airflow/example_dags/plugins/decreasing_priority_weight_strategy.py
[2026-07-29T17:34:07.614+0000] {processor.py:208} INFO - Processing /home/airflow/.local/lib/python3.12/site-packages/airflow/example_dags/plugins/decreasing_priority_weight_strategy.py took 0.011 seconds
[2026-07-29T17:34:38.720+0000] {processor.py:186} INFO - Started process (PID=13571) to work on /home/airflow/.local/lib/python3.12/site-packages/airflow/example_dags/plugins/decreasing_priority_weight_strategy.py
[2026-07-29T17:34:38.721+0000] {processor.py:914} INFO - Processing file /home/airflow/.local/lib/python3.12/site-packages/airflow/example_dags/plugins/decreasing_priority_weight_strategy.py for tasks to queue
[2026-07-29T17:34:38.722+0000] {logging_mixin.py:190} INFO - [2026-07-29T17:34:38.722+0000] {dagbag.py:587} INFO - Filling up the DagBag from /home/airflow/.local/lib/python3.12/site-packages/airflow/example_dags/plugins/decreasing_priority_weight_strategy.py
[2026-07-29T17:34:38.723+0000] {processor.py:927} WARNING - No viable dags retrieved from /home/airflow/.local/lib/python3.12/site-packages/airflow/example_dags/plugins/decreasing_priority_weight_strategy.py
[2026-07-29T17:34:38.732+0000] {processor.py:208} INFO - Processing /home/airflow/.local/lib/python3.12/site-packages/airflow/example_dags/plugins/decreasing_priority_weight_strategy.py took 0.016 seconds
[2026-07-29T17:35:09.758+0000] {processor.py:186} INFO - Started process (PID=13637) to work on /home/airflow/.local/lib/python3.12/site-packages/airflow/example_dags/plugins/decreasing_priority_weight_strategy.py
[2026-07-29T17:35:09.759+0000] {processor.py:914} INFO - Processing file /home/airflow/.local/lib/python3.12/site-packages/airflow/example_dags/plugins/decreasing_priority_weight_strategy.py for tasks to queue
[2026-07-29T17:35:09.761+0000] {logging_mixin.py:190} INFO - [2026-07-29T17:35:09.761+0000] {dagbag.py:587} INFO - Filling up the DagBag from /home/airflow/.local/lib/python3.12/site-packages/airflow/example_dags/plugins/decreasing_priority_weight_strategy.py
[2026-07-29T17:35:09.763+0000] {processor.py:927} WARNING - No viable dags retrieved from /home/airflow/.local/lib/python3.12/site-packages/airflow/example_dags/plugins/decreasing_priority_weight_strategy.py
[2026-07-29T17:35:09.771+0000] {processor.py:208} INFO - Processing /home/airflow/.local/lib/python3.12/site-packages/airflow/example_dags/plugins/decreasing_priority_weight_strategy.py took 0.015 seconds
[2026-07-29T17:35:39.956+0000] {processor.py:186} INFO - Started process (PID=13703) to work on /home/airflow/.local/lib/python3.12/site-packages/airflow/example_dags/plugins/decreasing_priority_weight_strategy.py
[2026-07-29T17:35:39.957+0000] {processor.py:914} INFO - Processing file /home/airflow/.local/lib/python3.12/site-packages/airflow/example_dags/plugins/decreasing_priority_weight_strategy.py for tasks to queue
[2026-07-29T17:35:39.958+0000] {logging_mixin.py:190} INFO - [2026-07-29T17:35:39.957+0000] {dagbag.py:587} INFO - Filling up the DagBag from /home/airflow/.local/lib/python3.12/site-packages/airflow/example_dags/plugins/decreasing_priority_weight_strategy.py
[2026-07-29T17:35:39.959+0000] {processor.py:927} WARNING - No viable dags retrieved from /home/airflow/.local/lib/python3.12/site-packages/airflow/example_dags/plugins/decreasing_priority_weight_strategy.py
[2026-07-29T17:35:39.968+0000] {processor.py:208} INFO - Processing /home/airflow/.local/lib/python3.12/site-packages/airflow/example_dags/plugins/decreasing_priority_weight_strategy.py took 0.014 seconds
[2026-07-29T17:36:10.210+0000] {processor.py:186} INFO - Started process (PID=13769) to work on /home/airflow/.local/lib/python3.12/site-packages/airflow/example_dags/plugins/decreasing_priority_weight_strategy.py
[2026-07-29T17:36:10.210+0000] {processor.py:914} INFO - Processing file /home/airflow/.local/lib/python3.12/site-packages/airflow/example_dags/plugins/decreasing_priority_weight_strategy.py for tasks to queue
[2026-07-29T17:36:10.212+0000] {logging_mixin.py:190} INFO - [2026-07-29T17:36:10.212+0000] {dagbag.py:587} INFO - Filling up the DagBag from /home/airflow/.local/lib/python3.12/site-packages/airflow/example_dags/plugins/decreasing_priority_weight_strategy.py
[2026-07-29T17:36:10.214+0000] {processor.py:927} WARNING - No viable dags retrieved from /home/airflow/.local/lib/python3.12/site-packages/airflow/example_dags/plugins/decreasing_priority_weight_strategy.py
[2026-07-29T17:36:10.222+0000] {processor.py:208} INFO - Processing /home/airflow/.local/lib/python3.12/site-packages/airflow/example_dags/plugins/decreasing_priority_weight_strategy.py took 0.016 seconds
[2026-07-29T17:36:41.279+0000] {processor.py:186} INFO - Started process (PID=13835) to work on /home/airflow/.local/lib/python3.12/site-packages/airflow/example_dags/plugins/decreasing_priority_weight_strategy.py
[2026-07-29T17:36:41.280+0000] {processor.py:914} INFO - Processing file /home/airflow/.local/lib/python3.12/site-packages/airflow/example_dags/plugins/decreasing_priority_weight_strategy.py for tasks to queue
[2026-07-29T17:36:41.281+0000] {logging_mixin.py:190} INFO - [2026-07-29T17:36:41.281+0000] {dagbag.py:587} INFO - Filling up the DagBag from /home/airflow/.local/lib/python3.12/site-packages/airflow/example_dags/plugins/decreasing_priority_weight_strategy.py
[2026-07-29T17:36:41.282+0000] {processor.py:927} WARNING - No viable dags retrieved from /home/airflow/.local/lib/python3.12/site-packages/airflow/example_dags/plugins/decreasing_priority_weight_strategy.py
[2026-07-29T17:36:41.287+0000] {processor.py:208} INFO - Processing /home/airflow/.local/lib/python3.12/site-packages/airflow/example_dags/plugins/decreasing_priority_weight_strategy.py took 0.011 seconds
[2026-07-29T17:37:11.366+0000] {processor.py:186} INFO - Started process (PID=13901) to work on /home/airflow/.local/lib/python3.12/site-packages/airflow/example_dags/plugins/decreasing_priority_weight_strategy.py
[2026-07-29T17:37:11.367+0000] {processor.py:914} INFO - Processing file /home/airflow/.local/lib/python3.12/site-packages/airflow/example_dags/plugins/decreasing_priority_weight_strategy.py for tasks to queue
[2026-07-29T17:37:11.369+0000] {logging_mixin.py:190} INFO - [2026-07-29T17:37:11.369+0000] {dagbag.py:587} INFO - Filling up the DagBag from /home/airflow/.local/lib/python3.12/site-packages/airflow/example_dags/plugins/decreasing_priority_weight_strategy.py
[2026-07-29T17:37:11.370+0000] {processor.py:927} WARNING - No viable dags retrieved from /home/airflow/.local/lib/python3.12/site-packages/airflow/example_dags/plugins/decreasing_priority_weight_strategy.py
[2026-07-29T17:37:11.381+0000] {processor.py:208} INFO - Processing /home/airflow/.local/lib/python3.12/site-packages/airflow/example_dags/plugins/decreasing_priority_weight_strategy.py took 0.018 seconds
[2026-07-29T17:37:42.403+0000] {processor.py:186} INFO - Started process (PID=13967) to work on /home/airflow/.local/lib/python3.12/site-packages/airflow/example_dags/plugins/decreasing_priority_weight_strategy.py
[2026-07-29T17:37:42.405+0000] {processor.py:914} INFO - Processing file /home/airflow/.local/lib/python3.12/site-packages/airflow/example_dags/plugins/decreasing_priority_weight_strategy.py for tasks to queue
[2026-07-29T17:37:42.406+0000] {logging_mixin.py:190} INFO - [2026-07-29T17:37:42.406+0000] {dagbag.py:587} INFO - Filling up the DagBag from /home/airflow/.local/lib/python3.12/site-packages/airflow/example_dags/plugins/decreasing_priority_weight_strategy.py
[2026-07-29T17:37:42.407+0000] {processor.py:927} WARNING - No viable dags retrieved from /home/airflow/.local/lib/python3.12/site-packages/airflow/example_dags/plugins/decreasing_priority_weight_strategy.py
[2026-07-29T17:37:42.412+0000] {processor.py:208} INFO - Processing /home/airflow/.local/lib/python3.12/site-packages/airflow/example_dags/plugins/decreasing_priority_weight_strategy.py took 0.011 seconds
[2026-07-29T17:38:13.325+0000] {processor.py:186} INFO - Started process (PID=14033) to work on /home/airflow/.local/lib/python3.12/site-packages/airflow/example_dags/plugins/decreasing_priority_weight_strategy.py
[2026-07-29T17:38:13.325+0000] {processor.py:914} INFO - Processing file /home/airflow/.local/lib/python3.12/site-packages/airflow/example_dags/plugins/decreasing_priority_weight_strategy.py for tasks to queue
[2026-07-29T17:38:13.327+0000] {logging_mixin.py:190} INFO - [2026-07-29T17:38:13.327+0000] {dagbag.py:587} INFO - Filling up the DagBag from /home/airflow/.local/lib/python3.12/site-packages/airflow/example_dags/plugins/decreasing_priority_weight_strategy.py
[2026-07-29T17:38:13.329+0000] {processor.py:927} WARNING - No viable dags retrieved from /home/airflow/.local/lib/python3.12/site-packages/airflow/example_dags/plugins/decreasing_priority_weight_strategy.py
[2026-07-29T17:38:13.336+0000] {processor.py:208} INFO - Processing /home/airflow/.local/lib/python3.12/site-packages/airflow/example_dags/plugins/decreasing_priority_weight_strategy.py took 0.014 seconds
[2026-07-29T17:38:44.267+0000] {processor.py:186} INFO - Started process (PID=14099) to work on /home/airflow/.local/lib/python3.12/site-packages/airflow/example_dags/plugins/decreasing_priority_weight_strategy.py
[2026-07-29T17:38:44.268+0000] {processor.py:914} INFO - Processing file /home/airflow/.local/lib/python3.12/site-packages/airflow/example_dags/plugins/decreasing_priority_weight_strategy.py for tasks to queue
[2026-07-29T17:38:44.269+0000] {logging_mixin.py:190} INFO - [2026-07-29T17:38:44.269+0000] {dagbag.py:587} INFO - Filling up the DagBag from /home/airflow/.local/lib/python3.12/site-packages/airflow/example_dags/plugins/decreasing_priority_weight_strategy.py
[2026-07-29T17:38:44.271+0000] {processor.py:927} WARNING - No viable dags retrieved from /home/airflow/.local/lib/python3.12/site-packages/airflow/example_dags/plugins/decreasing_priority_weight_strategy.py
[2026-07-29T17:38:44.279+0000] {processor.py:208} INFO - Processing /home/airflow/.local/lib/python3.12/site-packages/airflow/example_dags/plugins/decreasing_priority_weight_strategy.py took 0.015 seconds
[2026-07-29T17:39:15.016+0000] {processor.py:186} INFO - Started process (PID=14165) to work on /home/airflow/.local/lib/python3.12/site-packages/airflow/example_dags/plugins/decreasing_priority_weight_strategy.py
[2026-07-29T17:39:15.017+0000] {processor.py:914} INFO - Processing file /home/airflow/.local/lib/python3.12/site-packages/airflow/example_dags/plugins/decreasing_priority_weight_strategy.py for tasks to queue
[2026-07-29T17:39:15.018+0000] {logging_mixin.py:190} INFO - [2026-07-29T17:39:15.018+0000] {dagbag.py:587} INFO - Filling up the DagBag from /home/airflow/.local/lib/python3.12/site-packages/airflow/example_dags/plugins/decreasing_priority_weight_strategy.py
[2026-07-29T17:39:15.019+0000] {processor.py:927} WARNING - No viable dags retrieved from /home/airflow/.local/lib/python3.12/site-packages/airflow/example_dags/plugins/decreasing_priority_weight_strategy.py
[2026-07-29T17:39:15.024+0000] {processor.py:208} INFO - Processing /home/airflow/.local/lib/python3.12/site-packages/airflow/example_dags/plugins/decreasing_priority_weight_strategy.py took 0.011 seconds
[2026-07-29T17:39:45.965+0000] {processor.py:186} INFO - Started process (PID=14231) to work on /home/airflow/.local/lib/python3.12/site-packages/airflow/example_dags/plugins/decreasing_priority_weight_strategy.py
[2026-07-29T17:39:45.965+0000] {processor.py:914} INFO - Processing file /home/airflow/.local/lib/python3.12/site-packages/airflow/example_dags/plugins/decreasing_priority_weight_strategy.py for tasks to queue
[2026-07-29T17:39:45.967+0000] {logging_mixin.py:190} INFO - [2026-07-29T17:39:45.967+0000] {dagbag.py:587} INFO - Filling up the DagBag from /home/airflow/.local/lib/python3.12/site-packages/airflow/example_dags/plugins/decreasing_priority_weight_strategy.py
[2026-07-29T17:39:45.968+0000] {processor.py:927} WARNING - No viable dags retrieved from /home/airflow/.local/lib/python3.12/site-packages/airflow/example_dags/plugins/decreasing_priority_weight_strategy.py
[2026-07-29T17:39:45.975+0000] {processor.py:208} INFO - Processing /home/airflow/.local/lib/python3.12/site-packages/airflow/example_dags/plugins/decreasing_priority_weight_strategy.py took 0.013 seconds
[2026-07-29T17:40:16.996+0000] {processor.py:186} INFO - Started process (PID=14297) to work on /home/airflow/.local/lib/python3.12/site-packages/airflow/example_dags/plugins/decreasing_priority_weight_strategy.py
[2026-07-29T17:40:16.997+0000] {processor.py:914} INFO - Processing file /home/airflow/.local/lib/python3.12/site-packages/airflow/example_dags/plugins/decreasing_priority_weight_strategy.py for tasks to queue
[2026-07-29T17:40:16.998+0000] {logging_mixin.py:190} INFO - [2026-07-29T17:40:16.998+0000] {dagbag.py:587} INFO - Filling up the DagBag from /home/airflow/.local/lib/python3.12/site-packages/airflow/example_dags/plugins/decreasing_priority_weight_strategy.py
[2026-07-29T17:40:16.999+0000] {processor.py:927} WARNING - No viable dags retrieved from /home/airflow/.local/lib/python3.12/site-packages/airflow/example_dags/plugins/decreasing_priority_weight_strategy.py
[2026-07-29T17:40:17.005+0000] {processor.py:208} INFO - Processing /home/airflow/.local/lib/python3.12/site-packages/airflow/example_dags/plugins/decreasing_priority_weight_strategy.py took 0.012 seconds
[2026-07-29T17:40:47.993+0000] {processor.py:186} INFO - Started process (PID=14363) to work on /home/airflow/.local/lib/python3.12/site-packages/airflow/example_dags/plugins/decreasing_priority_weight_strategy.py
[2026-07-29T17:40:47.993+0000] {processor.py:914} INFO - Processing file /home/airflow/.local/lib/python3.12/site-packages/airflow/example_dags/plugins/decreasing_priority_weight_strategy.py for tasks to queue
[2026-07-29T17:40:47.995+0000] {logging_mixin.py:190} INFO - [2026-07-29T17:40:47.994+0000] {dagbag.py:587} INFO - Filling up the DagBag from /home/airflow/.local/lib/python3.12/site-packages/airflow/example_dags/plugins/decreasing_priority_weight_strategy.py
[2026-07-29T17:40:47.996+0000] {processor.py:927} WARNING - No viable dags retrieved from /home/airflow/.local/lib/python3.12/site-packages/airflow/example_dags/plugins/decreasing_priority_weight_strategy.py
[2026-07-29T17:40:48.006+0000] {processor.py:208} INFO - Processing /home/airflow/.local/lib/python3.12/site-packages/airflow/example_dags/plugins/decreasing_priority_weight_strategy.py took 0.016 seconds
[2026-07-29T17:41:19.018+0000] {processor.py:186} INFO - Started process (PID=14429) to work on /home/airflow/.local/lib/python3.12/site-packages/airflow/example_dags/plugins/decreasing_priority_weight_strategy.py
[2026-07-29T17:41:19.019+0000] {processor.py:914} INFO - Processing file /home/airflow/.local/lib/python3.12/site-packages/airflow/example_dags/plugins/decreasing_priority_weight_strategy.py for tasks to queue
[2026-07-29T17:41:19.020+0000] {logging_mixin.py:190} INFO - [2026-07-29T17:41:19.020+0000] {dagbag.py:587} INFO - Filling up the DagBag from /home/airflow/.local/lib/python3.12/site-packages/airflow/example_dags/plugins/decreasing_priority_weight_strategy.py
[2026-07-29T17:41:19.021+0000] {processor.py:927} WARNING - No viable dags retrieved from /home/airflow/.local/lib/python3.12/site-packages/airflow/example_dags/plugins/decreasing_priority_weight_strategy.py
[2026-07-29T17:41:19.030+0000] {processor.py:208} INFO - Processing /home/airflow/.local/lib/python3.12/site-packages/airflow/example_dags/plugins/decreasing_priority_weight_strategy.py took 0.015 seconds
[2026-07-29T17:41:49.970+0000] {processor.py:186} INFO - Started process (PID=14495) to work on /home/airflow/.local/lib/python3.12/site-packages/airflow/example_dags/plugins/decreasing_priority_weight_strategy.py
[2026-07-29T17:41:49.970+0000] {processor.py:914} INFO - Processing file /home/airflow/.local/lib/python3.12/site-packages/airflow/example_dags/plugins/decreasing_priority_weight_strategy.py for tasks to queue
[2026-07-29T17:41:49.972+0000] {logging_mixin.py:190} INFO - [2026-07-29T17:41:49.972+0000] {dagbag.py:587} INFO - Filling up the DagBag from /home/airflow/.local/lib/python3.12/site-packages/airflow/example_dags/plugins/decreasing_priority_weight_strategy.py
[2026-07-29T17:41:49.974+0000] {processor.py:927} WARNING - No viable dags retrieved from /home/airflow/.local/lib/python3.12/site-packages/airflow/example_dags/plugins/decreasing_priority_weight_strategy.py
[2026-07-29T17:41:49.982+0000] {processor.py:208} INFO - Processing /home/airflow/.local/lib/python3.12/site-packages/airflow/example_dags/plugins/decreasing_priority_weight_strategy.py took 0.015 seconds
[2026-07-29T17:42:20.939+0000] {processor.py:186} INFO - Started process (PID=14561) to work on /home/airflow/.local/lib/python3.12/site-packages/airflow/example_dags/plugins/decreasing_priority_weight_strategy.py
[2026-07-29T17:42:20.939+0000] {processor.py:914} INFO - Processing file /home/airflow/.local/lib/python3.12/site-packages/airflow/example_dags/plugins/decreasing_priority_weight_strategy.py for tasks to queue
[2026-07-29T17:42:20.941+0000] {logging_mixin.py:190} INFO - [2026-07-29T17:42:20.941+0000] {dagbag.py:587} INFO - Filling up the DagBag from /home/airflow/.local/lib/python3.12/site-packages/airflow/example_dags/plugins/decreasing_priority_weight_strategy.py
[2026-07-29T17:42:20.942+0000] {processor.py:927} WARNING - No viable dags retrieved from /home/airflow/.local/lib/python3.12/site-packages/airflow/example_dags/plugins/decreasing_priority_weight_strategy.py
[2026-07-29T17:42:20.949+0000] {processor.py:208} INFO - Processing /home/airflow/.local/lib/python3.12/site-packages/airflow/example_dags/plugins/decreasing_priority_weight_strategy.py took 0.014 seconds
[2026-07-29T17:42:51.949+0000] {processor.py:186} INFO - Started process (PID=14627) to work on /home/airflow/.local/lib/python3.12/site-packages/airflow/example_dags/plugins/decreasing_priority_weight_strategy.py
[2026-07-29T17:42:51.949+0000] {processor.py:914} INFO - Processing file /home/airflow/.local/lib/python3.12/site-packages/airflow/example_dags/plugins/decreasing_priority_weight_strategy.py for tasks to queue
[2026-07-29T17:42:51.951+0000] {logging_mixin.py:190} INFO - [2026-07-29T17:42:51.951+0000] {dagbag.py:587} INFO - Filling up the DagBag from /home/airflow/.local/lib/python3.12/site-packages/airflow/example_dags/plugins/decreasing_priority_weight_strategy.py
[2026-07-29T17:42:51.952+0000] {processor.py:927} WARNING - No viable dags retrieved from /home/airflow/.local/lib/python3.12/site-packages/airflow/example_dags/plugins/decreasing_priority_weight_strategy.py
[2026-07-29T17:42:51.959+0000] {processor.py:208} INFO - Processing /home/airflow/.local/lib/python3.12/site-packages/airflow/example_dags/plugins/decreasing_priority_weight_strategy.py took 0.013 seconds
[2026-07-29T17:43:22.806+0000] {processor.py:186} INFO - Started process (PID=14693) to work on /home/airflow/.local/lib/python3.12/site-packages/airflow/example_dags/plugins/decreasing_priority_weight_strategy.py
[2026-07-29T17:43:22.806+0000] {processor.py:914} INFO - Processing file /home/airflow/.local/lib/python3.12/site-packages/airflow/example_dags/plugins/decreasing_priority_weight_strategy.py for tasks to queue
[2026-07-29T17:43:22.808+0000] {logging_mixin.py:190} INFO - [2026-07-29T17:43:22.808+0000] {dagbag.py:587} INFO - Filling up the DagBag from /home/airflow/.local/lib/python3.12/site-packages/airflow/example_dags/plugins/decreasing_priority_weight_strategy.py
[2026-07-29T17:43:22.809+0000] {processor.py:927} WARNING - No viable dags retrieved from /home/airflow/.local/lib/python3.12/site-packages/airflow/example_dags/plugins/decreasing_priority_weight_strategy.py
[2026-07-29T17:43:22.817+0000] {processor.py:208} INFO - Processing /home/airflow/.local/lib/python3.12/site-packages/airflow/example_dags/plugins/decreasing_priority_weight_strategy.py took 0.014 seconds
[2026-07-29T17:43:57.379+0000] {processor.py:186} INFO - Started process (PID=14765) to work on /home/airflow/.local/lib/python3.12/site-packages/airflow/example_dags/plugins/decreasing_priority_weight_strategy.py
[2026-07-29T17:43:57.380+0000] {processor.py:914} INFO - Processing file /home/airflow/.local/lib/python3.12/site-packages/airflow/example_dags/plugins/decreasing_priority_weight_strategy.py for tasks to queue
[2026-07-29T17:43:57.381+0000] {logging_mixin.py:190} INFO - [2026-07-29T17:43:57.380+0000] {dagbag.py:587} INFO - Filling up the DagBag from /home/airflow/.local/lib/python3.12/site-packages/airflow/example_dags/plugins/decreasing_priority_weight_strategy.py
[2026-07-29T17:43:57.382+0000] {processor.py:927} WARNING - No viable dags retrieved from /home/airflow/.local/lib/python3.12/site-packages/airflow/example_dags/plugins/decreasing_priority_weight_strategy.py
[2026-07-29T17:43:57.388+0000] {processor.py:208} INFO - Processing /home/airflow/.local/lib/python3.12/site-packages/airflow/example_dags/plugins/decreasing_priority_weight_strategy.py took 0.012 seconds
[2026-07-29T17:44:28.419+0000] {processor.py:186} INFO - Started process (PID=14831) to work on /home/airflow/.local/lib/python3.12/site-packages/airflow/example_dags/plugins/decreasing_priority_weight_strategy.py
[2026-07-29T17:44:28.420+0000] {processor.py:914} INFO - Processing file /home/airflow/.local/lib/python3.12/site-packages/airflow/example_dags/plugins/decreasing_priority_weight_strategy.py for tasks to queue
[2026-07-29T17:44:28.421+0000] {logging_mixin.py:190} INFO - [2026-07-29T17:44:28.421+0000] {dagbag.py:587} INFO - Filling up the DagBag from /home/airflow/.local/lib/python3.12/site-packages/airflow/example_dags/plugins/decreasing_priority_weight_strategy.py
[2026-07-29T17:44:28.423+0000] {processor.py:927} WARNING - No viable dags retrieved from /home/airflow/.local/lib/python3.12/site-packages/airflow/example_dags/plugins/decreasing_priority_weight_strategy.py
[2026-07-29T17:44:28.429+0000] {processor.py:208} INFO - Processing /home/airflow/.local/lib/python3.12/site-packages/airflow/example_dags/plugins/decreasing_priority_weight_strategy.py took 0.013 seconds
[2026-07-29T17:44:58.489+0000] {processor.py:186} INFO - Started process (PID=14897) to work on /home/airflow/.local/lib/python3.12/site-packages/airflow/example_dags/plugins/decreasing_priority_weight_strategy.py
[2026-07-29T17:44:58.490+0000] {processor.py:914} INFO - Processing file /home/airflow/.local/lib/python3.12/site-packages/airflow/example_dags/plugins/decreasing_priority_weight_strategy.py for tasks to queue
[2026-07-29T17:44:58.491+0000] {logging_mixin.py:190} INFO - [2026-07-29T17:44:58.491+0000] {dagbag.py:587} INFO - Filling up the DagBag from /home/airflow/.local/lib/python3.12/site-packages/airflow/example_dags/plugins/decreasing_priority_weight_strategy.py
[2026-07-29T17:44:58.493+0000] {processor.py:927} WARNING - No viable dags retrieved from /home/airflow/.local/lib/python3.12/site-packages/airflow/example_dags/plugins/decreasing_priority_weight_strategy.py
[2026-07-29T17:44:58.504+0000] {processor.py:208} INFO - Processing /home/airflow/.local/lib/python3.12/site-packages/airflow/example_dags/plugins/decreasing_priority_weight_strategy.py took 0.017 seconds
[2026-07-29T17:45:29.427+0000] {processor.py:186} INFO - Started process (PID=14963) to work on /home/airflow/.local/lib/python3.12/site-packages/airflow/example_dags/plugins/decreasing_priority_weight_strategy.py
[2026-07-29T17:45:29.427+0000] {processor.py:914} INFO - Processing file /home/airflow/.local/lib/python3.12/site-packages/airflow/example_dags/plugins/decreasing_priority_weight_strategy.py for tasks to queue
[2026-07-29T17:45:29.431+0000] {logging_mixin.py:190} INFO - [2026-07-29T17:45:29.431+0000] {dagbag.py:587} INFO - Filling up the DagBag from /home/airflow/.local/lib/python3.12/site-packages/airflow/example_dags/plugins/decreasing_priority_weight_strategy.py
[2026-07-29T17:45:29.434+0000] {processor.py:927} WARNING - No viable dags retrieved from /home/airflow/.local/lib/python3.12/site-packages/airflow/example_dags/plugins/decreasing_priority_weight_strategy.py
[2026-07-29T17:45:29.442+0000] {processor.py:208} INFO - Processing /home/airflow/.local/lib/python3.12/site-packages/airflow/example_dags/plugins/decreasing_priority_weight_strategy.py took 0.018 seconds
[2026-07-29T17:46:00.441+0000] {processor.py:186} INFO - Started process (PID=15029) to work on /home/airflow/.local/lib/python3.12/site-packages/airflow/example_dags/plugins/decreasing_priority_weight_strategy.py
[2026-07-29T17:46:00.442+0000] {processor.py:914} INFO - Processing file /home/airflow/.local/lib/python3.12/site-packages/airflow/example_dags/plugins/decreasing_priority_weight_strategy.py for tasks to queue
[2026-07-29T17:46:00.444+0000] {logging_mixin.py:190} INFO - [2026-07-29T17:46:00.443+0000] {dagbag.py:587} INFO - Filling up the DagBag from /home/airflow/.local/lib/python3.12/site-packages/airflow/example_dags/plugins/decreasing_priority_weight_strategy.py
[2026-07-29T17:46:00.445+0000] {processor.py:927} WARNING - No viable dags retrieved from /home/airflow/.local/lib/python3.12/site-packages/airflow/example_dags/plugins/decreasing_priority_weight_strategy.py
[2026-07-29T17:46:00.450+0000] {processor.py:208} INFO - Processing /home/airflow/.local/lib/python3.12/site-packages/airflow/example_dags/plugins/decreasing_priority_weight_strategy.py took 0.012 seconds
[2026-07-29T17:46:31.381+0000] {processor.py:186} INFO - Started process (PID=15095) to work on /home/airflow/.local/lib/python3.12/site-packages/airflow/example_dags/plugins/decreasing_priority_weight_strategy.py
[2026-07-29T17:46:31.381+0000] {processor.py:914} INFO - Processing file /home/airflow/.local/lib/python3.12/site-packages/airflow/example_dags/plugins/decreasing_priority_weight_strategy.py for tasks to queue
[2026-07-29T17:46:31.382+0000] {logging_mixin.py:190} INFO - [2026-07-29T17:46:31.382+0000] {dagbag.py:587} INFO - Filling up the DagBag from /home/airflow/.local/lib/python3.12/site-packages/airflow/example_dags/plugins/decreasing_priority_weight_strategy.py
[2026-07-29T17:46:31.384+0000] {processor.py:927} WARNING - No viable dags retrieved from /home/airflow/.local/lib/python3.12/site-packages/airflow/example_dags/plugins/decreasing_priority_weight_strategy.py
[2026-07-29T17:46:31.390+0000] {processor.py:208} INFO - Processing /home/airflow/.local/lib/python3.12/site-packages/airflow/example_dags/plugins/decreasing_priority_weight_strategy.py took 0.011 seconds
[2026-07-29T17:47:02.350+0000] {processor.py:186} INFO - Started process (PID=15161) to work on /home/airflow/.local/lib/python3.12/site-packages/airflow/example_dags/plugins/decreasing_priority_weight_strategy.py
[2026-07-29T17:47:02.351+0000] {processor.py:914} INFO - Processing file /home/airflow/.local/lib/python3.12/site-packages/airflow/example_dags/plugins/decreasing_priority_weight_strategy.py for tasks to queue
[2026-07-29T17:47:02.352+0000] {logging_mixin.py:190} INFO - [2026-07-29T17:47:02.352+0000] {dagbag.py:587} INFO - Filling up the DagBag from /home/airflow/.local/lib/python3.12/site-packages/airflow/example_dags/plugins/decreasing_priority_weight_strategy.py
[2026-07-29T17:47:02.354+0000] {processor.py:927} WARNING - No viable dags retrieved from /home/airflow/.local/lib/python3.12/site-packages/airflow/example_dags/plugins/decreasing_priority_weight_strategy.py
[2026-07-29T17:47:02.363+0000] {processor.py:208} INFO - Processing /home/airflow/.local/lib/python3.12/site-packages/airflow/example_dags/plugins/decreasing_priority_weight_strategy.py took 0.015 seconds
[2026-07-29T17:47:33.425+0000] {processor.py:186} INFO - Started process (PID=15227) to work on /home/airflow/.local/lib/python3.12/site-packages/airflow/example_dags/plugins/decreasing_priority_weight_strategy.py
[2026-07-29T17:47:33.426+0000] {processor.py:914} INFO - Processing file /home/airflow/.local/lib/python3.12/site-packages/airflow/example_dags/plugins/decreasing_priority_weight_strategy.py for tasks to queue
[2026-07-29T17:47:33.427+0000] {logging_mixin.py:190} INFO - [2026-07-29T17:47:33.427+0000] {dagbag.py:587} INFO - Filling up the DagBag from /home/airflow/.local/lib/python3.12/site-packages/airflow/example_dags/plugins/decreasing_priority_weight_strategy.py
[2026-07-29T17:47:33.428+0000] {processor.py:927} WARNING - No viable dags retrieved from /home/airflow/.local/lib/python3.12/site-packages/airflow/example_dags/plugins/decreasing_priority_weight_strategy.py
[2026-07-29T17:47:33.437+0000] {processor.py:208} INFO - Processing /home/airflow/.local/lib/python3.12/site-packages/airflow/example_dags/plugins/decreasing_priority_weight_strategy.py took 0.015 seconds
[2026-07-29T17:48:04.331+0000] {processor.py:186} INFO - Started process (PID=15293) to work on /home/airflow/.local/lib/python3.12/site-packages/airflow/example_dags/plugins/decreasing_priority_weight_strategy.py
[2026-07-29T17:48:04.332+0000] {processor.py:914} INFO - Processing file /home/airflow/.local/lib/python3.12/site-packages/airflow/example_dags/plugins/decreasing_priority_weight_strategy.py for tasks to queue
[2026-07-29T17:48:04.334+0000] {logging_mixin.py:190} INFO - [2026-07-29T17:48:04.334+0000] {dagbag.py:587} INFO - Filling up the DagBag from /home/airflow/.local/lib/python3.12/site-packages/airflow/example_dags/plugins/decreasing_priority_weight_strategy.py
[2026-07-29T17:48:04.336+0000] {processor.py:927} WARNING - No viable dags retrieved from /home/airflow/.local/lib/python3.12/site-packages/airflow/example_dags/plugins/decreasing_priority_weight_strategy.py
[2026-07-29T17:48:04.344+0000] {processor.py:208} INFO - Processing /home/airflow/.local/lib/python3.12/site-packages/airflow/example_dags/plugins/decreasing_priority_weight_strategy.py took 0.016 seconds
[2026-07-29T17:48:35.438+0000] {processor.py:186} INFO - Started process (PID=15359) to work on /home/airflow/.local/lib/python3.12/site-packages/airflow/example_dags/plugins/decreasing_priority_weight_strategy.py
[2026-07-29T17:48:35.439+0000] {processor.py:914} INFO - Processing file /home/airflow/.local/lib/python3.12/site-packages/airflow/example_dags/plugins/decreasing_priority_weight_strategy.py for tasks to queue
[2026-07-29T17:48:35.441+0000] {logging_mixin.py:190} INFO - [2026-07-29T17:48:35.441+0000] {dagbag.py:587} INFO - Filling up the DagBag from /home/airflow/.local/lib/python3.12/site-packages/airflow/example_dags/plugins/decreasing_priority_weight_strategy.py
[2026-07-29T17:48:35.443+0000] {processor.py:927} WARNING - No viable dags retrieved from /home/airflow/.local/lib/python3.12/site-packages/airflow/example_dags/plugins/decreasing_priority_weight_strategy.py
[2026-07-29T17:48:35.452+0000] {processor.py:208} INFO - Processing /home/airflow/.local/lib/python3.12/site-packages/airflow/example_dags/plugins/decreasing_priority_weight_strategy.py took 0.016 seconds
[2026-07-29T17:49:05.824+0000] {processor.py:186} INFO - Started process (PID=15425) to work on /home/airflow/.local/lib/python3.12/site-packages/airflow/example_dags/plugins/decreasing_priority_weight_strategy.py
[2026-07-29T17:49:05.824+0000] {processor.py:914} INFO - Processing file /home/airflow/.local/lib/python3.12/site-packages/airflow/example_dags/plugins/decreasing_priority_weight_strategy.py for tasks to queue
[2026-07-29T17:49:05.825+0000] {logging_mixin.py:190} INFO - [2026-07-29T17:49:05.825+0000] {dagbag.py:587} INFO - Filling up the DagBag from /home/airflow/.local/lib/python3.12/site-packages/airflow/example_dags/plugins/decreasing_priority_weight_strategy.py
[2026-07-29T17:49:05.826+0000] {processor.py:927} WARNING - No viable dags retrieved from /home/airflow/.local/lib/python3.12/site-packages/airflow/example_dags/plugins/decreasing_priority_weight_strategy.py
[2026-07-29T17:49:05.833+0000] {processor.py:208} INFO - Processing /home/airflow/.local/lib/python3.12/site-packages/airflow/example_dags/plugins/decreasing_priority_weight_strategy.py took 0.011 seconds
[2026-07-29T17:49:36.840+0000] {processor.py:186} INFO - Started process (PID=15491) to work on /home/airflow/.local/lib/python3.12/site-packages/airflow/example_dags/plugins/decreasing_priority_weight_strategy.py
[2026-07-29T17:49:36.840+0000] {processor.py:914} INFO - Processing file /home/airflow/.local/lib/python3.12/site-packages/airflow/example_dags/plugins/decreasing_priority_weight_strategy.py for tasks to queue
[2026-07-29T17:49:36.842+0000] {logging_mixin.py:190} INFO - [2026-07-29T17:49:36.842+0000] {dagbag.py:587} INFO - Filling up the DagBag from /home/airflow/.local/lib/python3.12/site-packages/airflow/example_dags/plugins/decreasing_priority_weight_strategy.py
[2026-07-29T17:49:36.843+0000] {processor.py:927} WARNING - No viable dags retrieved from /home/airflow/.local/lib/python3.12/site-packages/airflow/example_dags/plugins/decreasing_priority_weight_strategy.py
[2026-07-29T17:49:36.850+0000] {processor.py:208} INFO - Processing /home/airflow/.local/lib/python3.12/site-packages/airflow/example_dags/plugins/decreasing_priority_weight_strategy.py took 0.012 seconds
[2026-07-29T17:50:07.840+0000] {processor.py:186} INFO - Started process (PID=15557) to work on /home/airflow/.local/lib/python3.12/site-packages/airflow/example_dags/plugins/decreasing_priority_weight_strategy.py
[2026-07-29T17:50:07.840+0000] {processor.py:914} INFO - Processing file /home/airflow/.local/lib/python3.12/site-packages/airflow/example_dags/plugins/decreasing_priority_weight_strategy.py for tasks to queue
[2026-07-29T17:50:07.842+0000] {logging_mixin.py:190} INFO - [2026-07-29T17:50:07.842+0000] {dagbag.py:587} INFO - Filling up the DagBag from /home/airflow/.local/lib/python3.12/site-packages/airflow/example_dags/plugins/decreasing_priority_weight_strategy.py
[2026-07-29T17:50:07.844+0000] {processor.py:927} WARNING - No viable dags retrieved from /home/airflow/.local/lib/python3.12/site-packages/airflow/example_dags/plugins/decreasing_priority_weight_strategy.py
[2026-07-29T17:50:07.851+0000] {processor.py:208} INFO - Processing /home/airflow/.local/lib/python3.12/site-packages/airflow/example_dags/plugins/decreasing_priority_weight_strategy.py took 0.014 seconds
[2026-07-29T17:50:38.025+0000] {processor.py:186} INFO - Started process (PID=15623) to work on /home/airflow/.local/lib/python3.12/site-packages/airflow/example_dags/plugins/decreasing_priority_weight_strategy.py
[2026-07-29T17:50:38.027+0000] {processor.py:914} INFO - Processing file /home/airflow/.local/lib/python3.12/site-packages/airflow/example_dags/plugins/decreasing_priority_weight_strategy.py for tasks to queue
[2026-07-29T17:50:38.030+0000] {logging_mixin.py:190} INFO - [2026-07-29T17:50:38.029+0000] {dagbag.py:587} INFO - Filling up the DagBag from /home/airflow/.local/lib/python3.12/site-packages/airflow/example_dags/plugins/decreasing_priority_weight_strategy.py
[2026-07-29T17:50:38.032+0000] {processor.py:927} WARNING - No viable dags retrieved from /home/airflow/.local/lib/python3.12/site-packages/airflow/example_dags/plugins/decreasing_priority_weight_strategy.py
[2026-07-29T17:50:38.038+0000] {processor.py:208} INFO - Processing /home/airflow/.local/lib/python3.12/site-packages/airflow/example_dags/plugins/decreasing_priority_weight_strategy.py took 0.018 seconds
[2026-07-29T17:51:08.106+0000] {processor.py:186} INFO - Started process (PID=15689) to work on /home/airflow/.local/lib/python3.12/site-packages/airflow/example_dags/plugins/decreasing_priority_weight_strategy.py
[2026-07-29T17:51:08.107+0000] {processor.py:914} INFO - Processing file /home/airflow/.local/lib/python3.12/site-packages/airflow/example_dags/plugins/decreasing_priority_weight_strategy.py for tasks to queue
[2026-07-29T17:51:08.111+0000] {logging_mixin.py:190} INFO - [2026-07-29T17:51:08.111+0000] {dagbag.py:587} INFO - Filling up the DagBag from /home/airflow/.local/lib/python3.12/site-packages/airflow/example_dags/plugins/decreasing_priority_weight_strategy.py
[2026-07-29T17:51:08.112+0000] {processor.py:927} WARNING - No viable dags retrieved from /home/airflow/.local/lib/python3.12/site-packages/airflow/example_dags/plugins/decreasing_priority_weight_strategy.py
[2026-07-29T17:51:08.118+0000] {processor.py:208} INFO - Processing /home/airflow/.local/lib/python3.12/site-packages/airflow/example_dags/plugins/decreasing_priority_weight_strategy.py took 0.015 seconds
[2026-07-29T17:51:39.172+0000] {processor.py:186} INFO - Started process (PID=15755) to work on /home/airflow/.local/lib/python3.12/site-packages/airflow/example_dags/plugins/decreasing_priority_weight_strategy.py
[2026-07-29T17:51:39.172+0000] {processor.py:914} INFO - Processing file /home/airflow/.local/lib/python3.12/site-packages/airflow/example_dags/plugins/decreasing_priority_weight_strategy.py for tasks to queue
[2026-07-29T17:51:39.173+0000] {logging_mixin.py:190} INFO - [2026-07-29T17:51:39.173+0000] {dagbag.py:587} INFO - Filling up the DagBag from /home/airflow/.local/lib/python3.12/site-packages/airflow/example_dags/plugins/decreasing_priority_weight_strategy.py
[2026-07-29T17:51:39.174+0000] {processor.py:927} WARNING - No viable dags retrieved from /home/airflow/.local/lib/python3.12/site-packages/airflow/example_dags/plugins/decreasing_priority_weight_strategy.py
[2026-07-29T17:51:39.179+0000] {processor.py:208} INFO - Processing /home/airflow/.local/lib/python3.12/site-packages/airflow/example_dags/plugins/decreasing_priority_weight_strategy.py took 0.010 seconds
[2026-07-29T17:52:10.108+0000] {processor.py:186} INFO - Started process (PID=15821) to work on /home/airflow/.local/lib/python3.12/site-packages/airflow/example_dags/plugins/decreasing_priority_weight_strategy.py
[2026-07-29T17:52:10.109+0000] {processor.py:914} INFO - Processing file /home/airflow/.local/lib/python3.12/site-packages/airflow/example_dags/plugins/decreasing_priority_weight_strategy.py for tasks to queue
[2026-07-29T17:52:10.112+0000] {logging_mixin.py:190} INFO - [2026-07-29T17:52:10.112+0000] {dagbag.py:587} INFO - Filling up the DagBag from /home/airflow/.local/lib/python3.12/site-packages/airflow/example_dags/plugins/decreasing_priority_weight_strategy.py
[2026-07-29T17:52:10.113+0000] {processor.py:927} WARNING - No viable dags retrieved from /home/airflow/.local/lib/python3.12/site-packages/airflow/example_dags/plugins/decreasing_priority_weight_strategy.py
[2026-07-29T17:52:10.118+0000] {processor.py:208} INFO - Processing /home/airflow/.local/lib/python3.12/site-packages/airflow/example_dags/plugins/decreasing_priority_weight_strategy.py took 0.013 seconds
[2026-07-29T17:52:41.109+0000] {processor.py:186} INFO - Started process (PID=15887) to work on /home/airflow/.local/lib/python3.12/site-packages/airflow/example_dags/plugins/decreasing_priority_weight_strategy.py
[2026-07-29T17:52:41.110+0000] {processor.py:914} INFO - Processing file /home/airflow/.local/lib/python3.12/site-packages/airflow/example_dags/plugins/decreasing_priority_weight_strategy.py for tasks to queue
[2026-07-29T17:52:41.111+0000] {logging_mixin.py:190} INFO - [2026-07-29T17:52:41.111+0000] {dagbag.py:587} INFO - Filling up the DagBag from /home/airflow/.local/lib/python3.12/site-packages/airflow/example_dags/plugins/decreasing_priority_weight_strategy.py
[2026-07-29T17:52:41.112+0000] {processor.py:927} WARNING - No viable dags retrieved from /home/airflow/.local/lib/python3.12/site-packages/airflow/example_dags/plugins/decreasing_priority_weight_strategy.py
[2026-07-29T17:52:41.118+0000] {processor.py:208} INFO - Processing /home/airflow/.local/lib/python3.12/site-packages/airflow/example_dags/plugins/decreasing_priority_weight_strategy.py took 0.012 seconds
[2026-07-29T17:53:12.076+0000] {processor.py:186} INFO - Started process (PID=15953) to work on /home/airflow/.local/lib/python3.12/site-packages/airflow/example_dags/plugins/decreasing_priority_weight_strategy.py
[2026-07-29T17:53:12.076+0000] {processor.py:914} INFO - Processing file /home/airflow/.local/lib/python3.12/site-packages/airflow/example_dags/plugins/decreasing_priority_weight_strategy.py for tasks to queue
[2026-07-29T17:53:12.077+0000] {logging_mixin.py:190} INFO - [2026-07-29T17:53:12.077+0000] {dagbag.py:587} INFO - Filling up the DagBag from /home/airflow/.local/lib/python3.12/site-packages/airflow/example_dags/plugins/decreasing_priority_weight_strategy.py
[2026-07-29T17:53:12.078+0000] {processor.py:927} WARNING - No viable dags retrieved from /home/airflow/.local/lib/python3.12/site-packages/airflow/example_dags/plugins/decreasing_priority_weight_strategy.py
[2026-07-29T17:53:12.085+0000] {processor.py:208} INFO - Processing /home/airflow/.local/lib/python3.12/site-packages/airflow/example_dags/plugins/decreasing_priority_weight_strategy.py took 0.012 seconds
[2026-07-29T17:53:42.992+0000] {processor.py:186} INFO - Started process (PID=16019) to work on /home/airflow/.local/lib/python3.12/site-packages/airflow/example_dags/plugins/decreasing_priority_weight_strategy.py
[2026-07-29T17:53:42.992+0000] {processor.py:914} INFO - Processing file /home/airflow/.local/lib/python3.12/site-packages/airflow/example_dags/plugins/decreasing_priority_weight_strategy.py for tasks to queue
[2026-07-29T17:53:42.993+0000] {logging_mixin.py:190} INFO - [2026-07-29T17:53:42.993+0000] {dagbag.py:587} INFO - Filling up the DagBag from /home/airflow/.local/lib/python3.12/site-packages/airflow/example_dags/plugins/decreasing_priority_weight_strategy.py
[2026-07-29T17:53:42.994+0000] {processor.py:927} WARNING - No viable dags retrieved from /home/airflow/.local/lib/python3.12/site-packages/airflow/example_dags/plugins/decreasing_priority_weight_strategy.py
[2026-07-29T17:53:43.003+0000] {processor.py:208} INFO - Processing /home/airflow/.local/lib/python3.12/site-packages/airflow/example_dags/plugins/decreasing_priority_weight_strategy.py took 0.013 seconds
[2026-07-29T17:54:13.796+0000] {processor.py:186} INFO - Started process (PID=16085) to work on /home/airflow/.local/lib/python3.12/site-packages/airflow/example_dags/plugins/decreasing_priority_weight_strategy.py
[2026-07-29T17:54:13.797+0000] {processor.py:914} INFO - Processing file /home/airflow/.local/lib/python3.12/site-packages/airflow/example_dags/plugins/decreasing_priority_weight_strategy.py for tasks to queue
[2026-07-29T17:54:13.798+0000] {logging_mixin.py:190} INFO - [2026-07-29T17:54:13.798+0000] {dagbag.py:587} INFO - Filling up the DagBag from /home/airflow/.local/lib/python3.12/site-packages/airflow/example_dags/plugins/decreasing_priority_weight_strategy.py
[2026-07-29T17:54:13.799+0000] {processor.py:927} WARNING - No viable dags retrieved from /home/airflow/.local/lib/python3.12/site-packages/airflow/example_dags/plugins/decreasing_priority_weight_strategy.py
[2026-07-29T17:54:13.804+0000] {processor.py:208} INFO - Processing /home/airflow/.local/lib/python3.12/site-packages/airflow/example_dags/plugins/decreasing_priority_weight_strategy.py took 0.010 seconds
[2026-07-29T17:54:44.769+0000] {processor.py:186} INFO - Started process (PID=16151) to work on /home/airflow/.local/lib/python3.12/site-packages/airflow/example_dags/plugins/decreasing_priority_weight_strategy.py
[2026-07-29T17:54:44.770+0000] {processor.py:914} INFO - Processing file /home/airflow/.local/lib/python3.12/site-packages/airflow/example_dags/plugins/decreasing_priority_weight_strategy.py for tasks to queue
[2026-07-29T17:54:44.771+0000] {logging_mixin.py:190} INFO - [2026-07-29T17:54:44.771+0000] {dagbag.py:587} INFO - Filling up the DagBag from /home/airflow/.local/lib/python3.12/site-packages/airflow/example_dags/plugins/decreasing_priority_weight_strategy.py
[2026-07-29T17:54:44.772+0000] {processor.py:927} WARNING - No viable dags retrieved from /home/airflow/.local/lib/python3.12/site-packages/airflow/example_dags/plugins/decreasing_priority_weight_strategy.py
[2026-07-29T17:54:44.777+0000] {processor.py:208} INFO - Processing /home/airflow/.local/lib/python3.12/site-packages/airflow/example_dags/plugins/decreasing_priority_weight_strategy.py took 0.011 seconds
[2026-07-29T17:55:15.849+0000] {processor.py:186} INFO - Started process (PID=16217) to work on /home/airflow/.local/lib/python3.12/site-packages/airflow/example_dags/plugins/decreasing_priority_weight_strategy.py
[2026-07-29T17:55:15.850+0000] {processor.py:914} INFO - Processing file /home/airflow/.local/lib/python3.12/site-packages/airflow/example_dags/plugins/decreasing_priority_weight_strategy.py for tasks to queue
[2026-07-29T17:55:15.852+0000] {logging_mixin.py:190} INFO - [2026-07-29T17:55:15.851+0000] {dagbag.py:587} INFO - Filling up the DagBag from /home/airflow/.local/lib/python3.12/site-packages/airflow/example_dags/plugins/decreasing_priority_weight_strategy.py
[2026-07-29T17:55:15.853+0000] {processor.py:927} WARNING - No viable dags retrieved from /home/airflow/.local/lib/python3.12/site-packages/airflow/example_dags/plugins/decreasing_priority_weight_strategy.py
[2026-07-29T17:55:15.861+0000] {processor.py:208} INFO - Processing /home/airflow/.local/lib/python3.12/site-packages/airflow/example_dags/plugins/decreasing_priority_weight_strategy.py took 0.015 seconds
[2026-07-29T17:55:47.066+0000] {processor.py:186} INFO - Started process (PID=16283) to work on /home/airflow/.local/lib/python3.12/site-packages/airflow/example_dags/plugins/decreasing_priority_weight_strategy.py
[2026-07-29T17:55:47.067+0000] {processor.py:914} INFO - Processing file /home/airflow/.local/lib/python3.12/site-packages/airflow/example_dags/plugins/decreasing_priority_weight_strategy.py for tasks to queue
[2026-07-29T17:55:47.068+0000] {logging_mixin.py:190} INFO - [2026-07-29T17:55:47.068+0000] {dagbag.py:587} INFO - Filling up the DagBag from /home/airflow/.local/lib/python3.12/site-packages/airflow/example_dags/plugins/decreasing_priority_weight_strategy.py
[2026-07-29T17:55:47.070+0000] {processor.py:927} WARNING - No viable dags retrieved from /home/airflow/.local/lib/python3.12/site-packages/airflow/example_dags/plugins/decreasing_priority_weight_strategy.py
[2026-07-29T17:55:47.084+0000] {processor.py:208} INFO - Processing /home/airflow/.local/lib/python3.12/site-packages/airflow/example_dags/plugins/decreasing_priority_weight_strategy.py took 0.021 seconds
[2026-07-29T17:56:18.095+0000] {processor.py:186} INFO - Started process (PID=16349) to work on /home/airflow/.local/lib/python3.12/site-packages/airflow/example_dags/plugins/decreasing_priority_weight_strategy.py
[2026-07-29T17:56:18.095+0000] {processor.py:914} INFO - Processing file /home/airflow/.local/lib/python3.12/site-packages/airflow/example_dags/plugins/decreasing_priority_weight_strategy.py for tasks to queue
[2026-07-29T17:56:18.096+0000] {logging_mixin.py:190} INFO - [2026-07-29T17:56:18.096+0000] {dagbag.py:587} INFO - Filling up the DagBag from /home/airflow/.local/lib/python3.12/site-packages/airflow/example_dags/plugins/decreasing_priority_weight_strategy.py
[2026-07-29T17:56:18.097+0000] {processor.py:927} WARNING - No viable dags retrieved from /home/airflow/.local/lib/python3.12/site-packages/airflow/example_dags/plugins/decreasing_priority_weight_strategy.py
[2026-07-29T17:56:18.102+0000] {processor.py:208} INFO - Processing /home/airflow/.local/lib/python3.12/site-packages/airflow/example_dags/plugins/decreasing_priority_weight_strategy.py took 0.011 seconds
[2026-07-29T17:56:49.149+0000] {processor.py:186} INFO - Started process (PID=16415) to work on /home/airflow/.local/lib/python3.12/site-packages/airflow/example_dags/plugins/decreasing_priority_weight_strategy.py
[2026-07-29T17:56:49.150+0000] {processor.py:914} INFO - Processing file /home/airflow/.local/lib/python3.12/site-packages/airflow/example_dags/plugins/decreasing_priority_weight_strategy.py for tasks to queue
[2026-07-29T17:56:49.151+0000] {logging_mixin.py:190} INFO - [2026-07-29T17:56:49.151+0000] {dagbag.py:587} INFO - Filling up the DagBag from /home/airflow/.local/lib/python3.12/site-packages/airflow/example_dags/plugins/decreasing_priority_weight_strategy.py
[2026-07-29T17:56:49.152+0000] {processor.py:927} WARNING - No viable dags retrieved from /home/airflow/.local/lib/python3.12/site-packages/airflow/example_dags/plugins/decreasing_priority_weight_strategy.py
[2026-07-29T17:56:49.157+0000] {processor.py:208} INFO - Processing /home/airflow/.local/lib/python3.12/site-packages/airflow/example_dags/plugins/decreasing_priority_weight_strategy.py took 0.011 seconds
[2026-07-29T17:57:20.133+0000] {processor.py:186} INFO - Started process (PID=16481) to work on /home/airflow/.local/lib/python3.12/site-packages/airflow/example_dags/plugins/decreasing_priority_weight_strategy.py
[2026-07-29T17:57:20.134+0000] {processor.py:914} INFO - Processing file /home/airflow/.local/lib/python3.12/site-packages/airflow/example_dags/plugins/decreasing_priority_weight_strategy.py for tasks to queue
[2026-07-29T17:57:20.135+0000] {logging_mixin.py:190} INFO - [2026-07-29T17:57:20.135+0000] {dagbag.py:587} INFO - Filling up the DagBag from /home/airflow/.local/lib/python3.12/site-packages/airflow/example_dags/plugins/decreasing_priority_weight_strategy.py
[2026-07-29T17:57:20.136+0000] {processor.py:927} WARNING - No viable dags retrieved from /home/airflow/.local/lib/python3.12/site-packages/airflow/example_dags/plugins/decreasing_priority_weight_strategy.py
[2026-07-29T17:57:20.143+0000] {processor.py:208} INFO - Processing /home/airflow/.local/lib/python3.12/site-packages/airflow/example_dags/plugins/decreasing_priority_weight_strategy.py took 0.012 seconds
[2026-07-29T17:57:51.238+0000] {processor.py:186} INFO - Started process (PID=16547) to work on /home/airflow/.local/lib/python3.12/site-packages/airflow/example_dags/plugins/decreasing_priority_weight_strategy.py
[2026-07-29T17:57:51.239+0000] {processor.py:914} INFO - Processing file /home/airflow/.local/lib/python3.12/site-packages/airflow/example_dags/plugins/decreasing_priority_weight_strategy.py for tasks to queue
[2026-07-29T17:57:51.240+0000] {logging_mixin.py:190} INFO - [2026-07-29T17:57:51.240+0000] {dagbag.py:587} INFO - Filling up the DagBag from /home/airflow/.local/lib/python3.12/site-packages/airflow/example_dags/plugins/decreasing_priority_weight_strategy.py
[2026-07-29T17:57:51.242+0000] {processor.py:927} WARNING - No viable dags retrieved from /home/airflow/.local/lib/python3.12/site-packages/airflow/example_dags/plugins/decreasing_priority_weight_strategy.py
[2026-07-29T17:57:51.251+0000] {processor.py:208} INFO - Processing /home/airflow/.local/lib/python3.12/site-packages/airflow/example_dags/plugins/decreasing_priority_weight_strategy.py took 0.015 seconds
[2026-07-29T17:58:21.390+0000] {processor.py:186} INFO - Started process (PID=16613) to work on /home/airflow/.local/lib/python3.12/site-packages/airflow/example_dags/plugins/decreasing_priority_weight_strategy.py
[2026-07-29T17:58:21.390+0000] {processor.py:914} INFO - Processing file /home/airflow/.local/lib/python3.12/site-packages/airflow/example_dags/plugins/decreasing_priority_weight_strategy.py for tasks to queue
[2026-07-29T17:58:21.391+0000] {logging_mixin.py:190} INFO - [2026-07-29T17:58:21.391+0000] {dagbag.py:587} INFO - Filling up the DagBag from /home/airflow/.local/lib/python3.12/site-packages/airflow/example_dags/plugins/decreasing_priority_weight_strategy.py
[2026-07-29T17:58:21.392+0000] {processor.py:927} WARNING - No viable dags retrieved from /home/airflow/.local/lib/python3.12/site-packages/airflow/example_dags/plugins/decreasing_priority_weight_strategy.py
[2026-07-29T17:58:21.398+0000] {processor.py:208} INFO - Processing /home/airflow/.local/lib/python3.12/site-packages/airflow/example_dags/plugins/decreasing_priority_weight_strategy.py took 0.011 seconds
[2026-07-29T17:58:51.625+0000] {processor.py:186} INFO - Started process (PID=16679) to work on /home/airflow/.local/lib/python3.12/site-packages/airflow/example_dags/plugins/decreasing_priority_weight_strategy.py
[2026-07-29T17:58:51.626+0000] {processor.py:914} INFO - Processing file /home/airflow/.local/lib/python3.12/site-packages/airflow/example_dags/plugins/decreasing_priority_weight_strategy.py for tasks to queue
[2026-07-29T17:58:51.627+0000] {logging_mixin.py:190} INFO - [2026-07-29T17:58:51.627+0000] {dagbag.py:587} INFO - Filling up the DagBag from /home/airflow/.local/lib/python3.12/site-packages/airflow/example_dags/plugins/decreasing_priority_weight_strategy.py
[2026-07-29T17:58:51.630+0000] {processor.py:927} WARNING - No viable dags retrieved from /home/airflow/.local/lib/python3.12/site-packages/airflow/example_dags/plugins/decreasing_priority_weight_strategy.py
[2026-07-29T17:58:51.637+0000] {processor.py:208} INFO - Processing /home/airflow/.local/lib/python3.12/site-packages/airflow/example_dags/plugins/decreasing_priority_weight_strategy.py took 0.015 seconds
[2026-07-29T17:59:21.984+0000] {processor.py:186} INFO - Started process (PID=16745) to work on /home/airflow/.local/lib/python3.12/site-packages/airflow/example_dags/plugins/decreasing_priority_weight_strategy.py
[2026-07-29T17:59:21.985+0000] {processor.py:914} INFO - Processing file /home/airflow/.local/lib/python3.12/site-packages/airflow/example_dags/plugins/decreasing_priority_weight_strategy.py for tasks to queue
[2026-07-29T17:59:21.986+0000] {logging_mixin.py:190} INFO - [2026-07-29T17:59:21.986+0000] {dagbag.py:587} INFO - Filling up the DagBag from /home/airflow/.local/lib/python3.12/site-packages/airflow/example_dags/plugins/decreasing_priority_weight_strategy.py
[2026-07-29T17:59:21.987+0000] {processor.py:927} WARNING - No viable dags retrieved from /home/airflow/.local/lib/python3.12/site-packages/airflow/example_dags/plugins/decreasing_priority_weight_strategy.py
[2026-07-29T17:59:21.993+0000] {processor.py:208} INFO - Processing /home/airflow/.local/lib/python3.12/site-packages/airflow/example_dags/plugins/decreasing_priority_weight_strategy.py took 0.011 seconds
[2026-07-29T17:59:53.215+0000] {processor.py:186} INFO - Started process (PID=16811) to work on /home/airflow/.local/lib/python3.12/site-packages/airflow/example_dags/plugins/decreasing_priority_weight_strategy.py
[2026-07-29T17:59:53.215+0000] {processor.py:914} INFO - Processing file /home/airflow/.local/lib/python3.12/site-packages/airflow/example_dags/plugins/decreasing_priority_weight_strategy.py for tasks to queue
[2026-07-29T17:59:53.217+0000] {logging_mixin.py:190} INFO - [2026-07-29T17:59:53.217+0000] {dagbag.py:587} INFO - Filling up the DagBag from /home/airflow/.local/lib/python3.12/site-packages/airflow/example_dags/plugins/decreasing_priority_weight_strategy.py
[2026-07-29T17:59:53.219+0000] {processor.py:927} WARNING - No viable dags retrieved from /home/airflow/.local/lib/python3.12/site-packages/airflow/example_dags/plugins/decreasing_priority_weight_strategy.py
[2026-07-29T17:59:53.229+0000] {processor.py:208} INFO - Processing /home/airflow/.local/lib/python3.12/site-packages/airflow/example_dags/plugins/decreasing_priority_weight_strategy.py took 0.017 seconds
[2026-07-29T18:00:23.478+0000] {processor.py:186} INFO - Started process (PID=16877) to work on /home/airflow/.local/lib/python3.12/site-packages/airflow/example_dags/plugins/decreasing_priority_weight_strategy.py
[2026-07-29T18:00:23.480+0000] {processor.py:914} INFO - Processing file /home/airflow/.local/lib/python3.12/site-packages/airflow/example_dags/plugins/decreasing_priority_weight_strategy.py for tasks to queue
[2026-07-29T18:00:23.483+0000] {logging_mixin.py:190} INFO - [2026-07-29T18:00:23.483+0000] {dagbag.py:587} INFO - Filling up the DagBag from /home/airflow/.local/lib/python3.12/site-packages/airflow/example_dags/plugins/decreasing_priority_weight_strategy.py
[2026-07-29T18:00:23.484+0000] {processor.py:927} WARNING - No viable dags retrieved from /home/airflow/.local/lib/python3.12/site-packages/airflow/example_dags/plugins/decreasing_priority_weight_strategy.py
[2026-07-29T18:00:23.490+0000] {processor.py:208} INFO - Processing /home/airflow/.local/lib/python3.12/site-packages/airflow/example_dags/plugins/decreasing_priority_weight_strategy.py took 0.015 seconds
[2026-07-29T18:00:54.016+0000] {processor.py:186} INFO - Started process (PID=16942) to work on /home/airflow/.local/lib/python3.12/site-packages/airflow/example_dags/plugins/decreasing_priority_weight_strategy.py
[2026-07-29T18:00:54.017+0000] {processor.py:914} INFO - Processing file /home/airflow/.local/lib/python3.12/site-packages/airflow/example_dags/plugins/decreasing_priority_weight_strategy.py for tasks to queue
[2026-07-29T18:00:54.019+0000] {logging_mixin.py:190} INFO - [2026-07-29T18:00:54.018+0000] {dagbag.py:587} INFO - Filling up the DagBag from /home/airflow/.local/lib/python3.12/site-packages/airflow/example_dags/plugins/decreasing_priority_weight_strategy.py
[2026-07-29T18:00:54.020+0000] {processor.py:927} WARNING - No viable dags retrieved from /home/airflow/.local/lib/python3.12/site-packages/airflow/example_dags/plugins/decreasing_priority_weight_strategy.py
[2026-07-29T18:00:54.031+0000] {processor.py:208} INFO - Processing /home/airflow/.local/lib/python3.12/site-packages/airflow/example_dags/plugins/decreasing_priority_weight_strategy.py took 0.017 seconds
[2026-07-29T18:01:25.208+0000] {processor.py:186} INFO - Started process (PID=17008) to work on /home/airflow/.local/lib/python3.12/site-packages/airflow/example_dags/plugins/decreasing_priority_weight_strategy.py
[2026-07-29T18:01:25.208+0000] {processor.py:914} INFO - Processing file /home/airflow/.local/lib/python3.12/site-packages/airflow/example_dags/plugins/decreasing_priority_weight_strategy.py for tasks to queue
[2026-07-29T18:01:25.211+0000] {logging_mixin.py:190} INFO - [2026-07-29T18:01:25.211+0000] {dagbag.py:587} INFO - Filling up the DagBag from /home/airflow/.local/lib/python3.12/site-packages/airflow/example_dags/plugins/decreasing_priority_weight_strategy.py
[2026-07-29T18:01:25.212+0000] {processor.py:927} WARNING - No viable dags retrieved from /home/airflow/.local/lib/python3.12/site-packages/airflow/example_dags/plugins/decreasing_priority_weight_strategy.py
[2026-07-29T18:01:25.222+0000] {processor.py:208} INFO - Processing /home/airflow/.local/lib/python3.12/site-packages/airflow/example_dags/plugins/decreasing_priority_weight_strategy.py took 0.017 seconds
[2026-07-29T18:01:55.555+0000] {processor.py:186} INFO - Started process (PID=17074) to work on /home/airflow/.local/lib/python3.12/site-packages/airflow/example_dags/plugins/decreasing_priority_weight_strategy.py
[2026-07-29T18:01:55.555+0000] {processor.py:914} INFO - Processing file /home/airflow/.local/lib/python3.12/site-packages/airflow/example_dags/plugins/decreasing_priority_weight_strategy.py for tasks to queue
[2026-07-29T18:01:55.557+0000] {logging_mixin.py:190} INFO - [2026-07-29T18:01:55.557+0000] {dagbag.py:587} INFO - Filling up the DagBag from /home/airflow/.local/lib/python3.12/site-packages/airflow/example_dags/plugins/decreasing_priority_weight_strategy.py
[2026-07-29T18:01:55.558+0000] {processor.py:927} WARNING - No viable dags retrieved from /home/airflow/.local/lib/python3.12/site-packages/airflow/example_dags/plugins/decreasing_priority_weight_strategy.py
[2026-07-29T18:01:55.565+0000] {processor.py:208} INFO - Processing /home/airflow/.local/lib/python3.12/site-packages/airflow/example_dags/plugins/decreasing_priority_weight_strategy.py took 0.013 seconds
[2026-07-29T18:02:26.468+0000] {processor.py:186} INFO - Started process (PID=17140) to work on /home/airflow/.local/lib/python3.12/site-packages/airflow/example_dags/plugins/decreasing_priority_weight_strategy.py
[2026-07-29T18:02:26.469+0000] {processor.py:914} INFO - Processing file /home/airflow/.local/lib/python3.12/site-packages/airflow/example_dags/plugins/decreasing_priority_weight_strategy.py for tasks to queue
[2026-07-29T18:02:26.470+0000] {logging_mixin.py:190} INFO - [2026-07-29T18:02:26.470+0000] {dagbag.py:587} INFO - Filling up the DagBag from /home/airflow/.local/lib/python3.12/site-packages/airflow/example_dags/plugins/decreasing_priority_weight_strategy.py
[2026-07-29T18:02:26.471+0000] {processor.py:927} WARNING - No viable dags retrieved from /home/airflow/.local/lib/python3.12/site-packages/airflow/example_dags/plugins/decreasing_priority_weight_strategy.py
[2026-07-29T18:02:26.477+0000] {processor.py:208} INFO - Processing /home/airflow/.local/lib/python3.12/site-packages/airflow/example_dags/plugins/decreasing_priority_weight_strategy.py took 0.012 seconds
[2026-07-29T18:02:56.806+0000] {processor.py:186} INFO - Started process (PID=17206) to work on /home/airflow/.local/lib/python3.12/site-packages/airflow/example_dags/plugins/decreasing_priority_weight_strategy.py
[2026-07-29T18:02:56.807+0000] {processor.py:914} INFO - Processing file /home/airflow/.local/lib/python3.12/site-packages/airflow/example_dags/plugins/decreasing_priority_weight_strategy.py for tasks to queue
[2026-07-29T18:02:56.810+0000] {logging_mixin.py:190} INFO - [2026-07-29T18:02:56.810+0000] {dagbag.py:587} INFO - Filling up the DagBag from /home/airflow/.local/lib/python3.12/site-packages/airflow/example_dags/plugins/decreasing_priority_weight_strategy.py
[2026-07-29T18:02:56.811+0000] {processor.py:927} WARNING - No viable dags retrieved from /home/airflow/.local/lib/python3.12/site-packages/airflow/example_dags/plugins/decreasing_priority_weight_strategy.py
[2026-07-29T18:02:56.817+0000] {processor.py:208} INFO - Processing /home/airflow/.local/lib/python3.12/site-packages/airflow/example_dags/plugins/decreasing_priority_weight_strategy.py took 0.013 seconds
[2026-07-29T18:03:27.198+0000] {processor.py:186} INFO - Started process (PID=17272) to work on /home/airflow/.local/lib/python3.12/site-packages/airflow/example_dags/plugins/decreasing_priority_weight_strategy.py
[2026-07-29T18:03:27.200+0000] {processor.py:914} INFO - Processing file /home/airflow/.local/lib/python3.12/site-packages/airflow/example_dags/plugins/decreasing_priority_weight_strategy.py for tasks to queue
[2026-07-29T18:03:27.201+0000] {logging_mixin.py:190} INFO - [2026-07-29T18:03:27.201+0000] {dagbag.py:587} INFO - Filling up the DagBag from /home/airflow/.local/lib/python3.12/site-packages/airflow/example_dags/plugins/decreasing_priority_weight_strategy.py
[2026-07-29T18:03:27.202+0000] {processor.py:927} WARNING - No viable dags retrieved from /home/airflow/.local/lib/python3.12/site-packages/airflow/example_dags/plugins/decreasing_priority_weight_strategy.py
[2026-07-29T18:03:27.208+0000] {processor.py:208} INFO - Processing /home/airflow/.local/lib/python3.12/site-packages/airflow/example_dags/plugins/decreasing_priority_weight_strategy.py took 0.013 seconds
[2026-07-29T18:03:59.609+0000] {processor.py:186} INFO - Started process (PID=17343) to work on /home/airflow/.local/lib/python3.12/site-packages/airflow/example_dags/plugins/decreasing_priority_weight_strategy.py
[2026-07-29T18:03:59.609+0000] {processor.py:914} INFO - Processing file /home/airflow/.local/lib/python3.12/site-packages/airflow/example_dags/plugins/decreasing_priority_weight_strategy.py for tasks to queue
[2026-07-29T18:03:59.610+0000] {logging_mixin.py:190} INFO - [2026-07-29T18:03:59.610+0000] {dagbag.py:587} INFO - Filling up the DagBag from /home/airflow/.local/lib/python3.12/site-packages/airflow/example_dags/plugins/decreasing_priority_weight_strategy.py
[2026-07-29T18:03:59.611+0000] {processor.py:927} WARNING - No viable dags retrieved from /home/airflow/.local/lib/python3.12/site-packages/airflow/example_dags/plugins/decreasing_priority_weight_strategy.py
[2026-07-29T18:03:59.620+0000] {processor.py:208} INFO - Processing /home/airflow/.local/lib/python3.12/site-packages/airflow/example_dags/plugins/decreasing_priority_weight_strategy.py took 0.013 seconds
[2026-07-29T18:04:30.665+0000] {processor.py:186} INFO - Started process (PID=17409) to work on /home/airflow/.local/lib/python3.12/site-packages/airflow/example_dags/plugins/decreasing_priority_weight_strategy.py
[2026-07-29T18:04:30.665+0000] {processor.py:914} INFO - Processing file /home/airflow/.local/lib/python3.12/site-packages/airflow/example_dags/plugins/decreasing_priority_weight_strategy.py for tasks to queue
[2026-07-29T18:04:30.666+0000] {logging_mixin.py:190} INFO - [2026-07-29T18:04:30.666+0000] {dagbag.py:587} INFO - Filling up the DagBag from /home/airflow/.local/lib/python3.12/site-packages/airflow/example_dags/plugins/decreasing_priority_weight_strategy.py
[2026-07-29T18:04:30.667+0000] {processor.py:927} WARNING - No viable dags retrieved from /home/airflow/.local/lib/python3.12/site-packages/airflow/example_dags/plugins/decreasing_priority_weight_strategy.py
[2026-07-29T18:04:30.674+0000] {processor.py:208} INFO - Processing /home/airflow/.local/lib/python3.12/site-packages/airflow/example_dags/plugins/decreasing_priority_weight_strategy.py took 0.011 seconds
[2026-07-29T18:05:01.804+0000] {processor.py:186} INFO - Started process (PID=17475) to work on /home/airflow/.local/lib/python3.12/site-packages/airflow/example_dags/plugins/decreasing_priority_weight_strategy.py
[2026-07-29T18:05:01.805+0000] {processor.py:914} INFO - Processing file /home/airflow/.local/lib/python3.12/site-packages/airflow/example_dags/plugins/decreasing_priority_weight_strategy.py for tasks to queue
[2026-07-29T18:05:01.807+0000] {logging_mixin.py:190} INFO - [2026-07-29T18:05:01.806+0000] {dagbag.py:587} INFO - Filling up the DagBag from /home/airflow/.local/lib/python3.12/site-packages/airflow/example_dags/plugins/decreasing_priority_weight_strategy.py
[2026-07-29T18:05:01.808+0000] {processor.py:927} WARNING - No viable dags retrieved from /home/airflow/.local/lib/python3.12/site-packages/airflow/example_dags/plugins/decreasing_priority_weight_strategy.py
[2026-07-29T18:05:01.817+0000] {processor.py:208} INFO - Processing /home/airflow/.local/lib/python3.12/site-packages/airflow/example_dags/plugins/decreasing_priority_weight_strategy.py took 0.016 seconds
[2026-07-29T18:05:32.967+0000] {processor.py:186} INFO - Started process (PID=17541) to work on /home/airflow/.local/lib/python3.12/site-packages/airflow/example_dags/plugins/decreasing_priority_weight_strategy.py
[2026-07-29T18:05:32.967+0000] {processor.py:914} INFO - Processing file /home/airflow/.local/lib/python3.12/site-packages/airflow/example_dags/plugins/decreasing_priority_weight_strategy.py for tasks to queue
[2026-07-29T18:05:32.968+0000] {logging_mixin.py:190} INFO - [2026-07-29T18:05:32.968+0000] {dagbag.py:587} INFO - Filling up the DagBag from /home/airflow/.local/lib/python3.12/site-packages/airflow/example_dags/plugins/decreasing_priority_weight_strategy.py
[2026-07-29T18:05:32.969+0000] {processor.py:927} WARNING - No viable dags retrieved from /home/airflow/.local/lib/python3.12/site-packages/airflow/example_dags/plugins/decreasing_priority_weight_strategy.py
[2026-07-29T18:05:32.976+0000] {processor.py:208} INFO - Processing /home/airflow/.local/lib/python3.12/site-packages/airflow/example_dags/plugins/decreasing_priority_weight_strategy.py took 0.011 seconds
[2026-07-29T18:06:04.081+0000] {processor.py:186} INFO - Started process (PID=17607) to work on /home/airflow/.local/lib/python3.12/site-packages/airflow/example_dags/plugins/decreasing_priority_weight_strategy.py
[2026-07-29T18:06:04.081+0000] {processor.py:914} INFO - Processing file /home/airflow/.local/lib/python3.12/site-packages/airflow/example_dags/plugins/decreasing_priority_weight_strategy.py for tasks to queue
[2026-07-29T18:06:04.083+0000] {logging_mixin.py:190} INFO - [2026-07-29T18:06:04.082+0000] {dagbag.py:587} INFO - Filling up the DagBag from /home/airflow/.local/lib/python3.12/site-packages/airflow/example_dags/plugins/decreasing_priority_weight_strategy.py
[2026-07-29T18:06:04.084+0000] {processor.py:927} WARNING - No viable dags retrieved from /home/airflow/.local/lib/python3.12/site-packages/airflow/example_dags/plugins/decreasing_priority_weight_strategy.py
[2026-07-29T18:06:04.090+0000] {processor.py:208} INFO - Processing /home/airflow/.local/lib/python3.12/site-packages/airflow/example_dags/plugins/decreasing_priority_weight_strategy.py took 0.013 seconds
[2026-07-29T18:06:34.295+0000] {processor.py:186} INFO - Started process (PID=17673) to work on /home/airflow/.local/lib/python3.12/site-packages/airflow/example_dags/plugins/decreasing_priority_weight_strategy.py
[2026-07-29T18:06:34.296+0000] {processor.py:914} INFO - Processing file /home/airflow/.local/lib/python3.12/site-packages/airflow/example_dags/plugins/decreasing_priority_weight_strategy.py for tasks to queue
[2026-07-29T18:06:34.297+0000] {logging_mixin.py:190} INFO - [2026-07-29T18:06:34.296+0000] {dagbag.py:587} INFO - Filling up the DagBag from /home/airflow/.local/lib/python3.12/site-packages/airflow/example_dags/plugins/decreasing_priority_weight_strategy.py
[2026-07-29T18:06:34.297+0000] {processor.py:927} WARNING - No viable dags retrieved from /home/airflow/.local/lib/python3.12/site-packages/airflow/example_dags/plugins/decreasing_priority_weight_strategy.py
[2026-07-29T18:06:34.303+0000] {processor.py:208} INFO - Processing /home/airflow/.local/lib/python3.12/site-packages/airflow/example_dags/plugins/decreasing_priority_weight_strategy.py took 0.010 seconds
[2026-07-29T18:07:04.434+0000] {processor.py:186} INFO - Started process (PID=17739) to work on /home/airflow/.local/lib/python3.12/site-packages/airflow/example_dags/plugins/decreasing_priority_weight_strategy.py
[2026-07-29T18:07:04.434+0000] {processor.py:914} INFO - Processing file /home/airflow/.local/lib/python3.12/site-packages/airflow/example_dags/plugins/decreasing_priority_weight_strategy.py for tasks to queue
[2026-07-29T18:07:04.435+0000] {logging_mixin.py:190} INFO - [2026-07-29T18:07:04.435+0000] {dagbag.py:587} INFO - Filling up the DagBag from /home/airflow/.local/lib/python3.12/site-packages/airflow/example_dags/plugins/decreasing_priority_weight_strategy.py
[2026-07-29T18:07:04.436+0000] {processor.py:927} WARNING - No viable dags retrieved from /home/airflow/.local/lib/python3.12/site-packages/airflow/example_dags/plugins/decreasing_priority_weight_strategy.py
[2026-07-29T18:07:04.446+0000] {processor.py:208} INFO - Processing /home/airflow/.local/lib/python3.12/site-packages/airflow/example_dags/plugins/decreasing_priority_weight_strategy.py took 0.016 seconds
[2026-07-29T18:07:34.574+0000] {processor.py:186} INFO - Started process (PID=17805) to work on /home/airflow/.local/lib/python3.12/site-packages/airflow/example_dags/plugins/decreasing_priority_weight_strategy.py
[2026-07-29T18:07:34.575+0000] {processor.py:914} INFO - Processing file /home/airflow/.local/lib/python3.12/site-packages/airflow/example_dags/plugins/decreasing_priority_weight_strategy.py for tasks to queue
[2026-07-29T18:07:34.576+0000] {logging_mixin.py:190} INFO - [2026-07-29T18:07:34.576+0000] {dagbag.py:587} INFO - Filling up the DagBag from /home/airflow/.local/lib/python3.12/site-packages/airflow/example_dags/plugins/decreasing_priority_weight_strategy.py
[2026-07-29T18:07:34.577+0000] {processor.py:927} WARNING - No viable dags retrieved from /home/airflow/.local/lib/python3.12/site-packages/airflow/example_dags/plugins/decreasing_priority_weight_strategy.py
[2026-07-29T18:07:34.584+0000] {processor.py:208} INFO - Processing /home/airflow/.local/lib/python3.12/site-packages/airflow/example_dags/plugins/decreasing_priority_weight_strategy.py took 0.012 seconds
[2026-07-29T18:08:05.605+0000] {processor.py:186} INFO - Started process (PID=17871) to work on /home/airflow/.local/lib/python3.12/site-packages/airflow/example_dags/plugins/decreasing_priority_weight_strategy.py
[2026-07-29T18:08:05.606+0000] {processor.py:914} INFO - Processing file /home/airflow/.local/lib/python3.12/site-packages/airflow/example_dags/plugins/decreasing_priority_weight_strategy.py for tasks to queue
[2026-07-29T18:08:05.608+0000] {logging_mixin.py:190} INFO - [2026-07-29T18:08:05.608+0000] {dagbag.py:587} INFO - Filling up the DagBag from /home/airflow/.local/lib/python3.12/site-packages/airflow/example_dags/plugins/decreasing_priority_weight_strategy.py
[2026-07-29T18:08:05.609+0000] {processor.py:927} WARNING - No viable dags retrieved from /home/airflow/.local/lib/python3.12/site-packages/airflow/example_dags/plugins/decreasing_priority_weight_strategy.py
[2026-07-29T18:08:05.617+0000] {processor.py:208} INFO - Processing /home/airflow/.local/lib/python3.12/site-packages/airflow/example_dags/plugins/decreasing_priority_weight_strategy.py took 0.015 seconds
[2026-07-29T18:08:36.575+0000] {processor.py:186} INFO - Started process (PID=17937) to work on /home/airflow/.local/lib/python3.12/site-packages/airflow/example_dags/plugins/decreasing_priority_weight_strategy.py
[2026-07-29T18:08:36.575+0000] {processor.py:914} INFO - Processing file /home/airflow/.local/lib/python3.12/site-packages/airflow/example_dags/plugins/decreasing_priority_weight_strategy.py for tasks to queue
[2026-07-29T18:08:36.577+0000] {logging_mixin.py:190} INFO - [2026-07-29T18:08:36.576+0000] {dagbag.py:587} INFO - Filling up the DagBag from /home/airflow/.local/lib/python3.12/site-packages/airflow/example_dags/plugins/decreasing_priority_weight_strategy.py
[2026-07-29T18:08:36.579+0000] {processor.py:927} WARNING - No viable dags retrieved from /home/airflow/.local/lib/python3.12/site-packages/airflow/example_dags/plugins/decreasing_priority_weight_strategy.py
[2026-07-29T18:08:36.586+0000] {processor.py:208} INFO - Processing /home/airflow/.local/lib/python3.12/site-packages/airflow/example_dags/plugins/decreasing_priority_weight_strategy.py took 0.014 seconds
[2026-07-29T18:09:07.379+0000] {processor.py:186} INFO - Started process (PID=18002) to work on /home/airflow/.local/lib/python3.12/site-packages/airflow/example_dags/plugins/decreasing_priority_weight_strategy.py
[2026-07-29T18:09:07.380+0000] {processor.py:914} INFO - Processing file /home/airflow/.local/lib/python3.12/site-packages/airflow/example_dags/plugins/decreasing_priority_weight_strategy.py for tasks to queue
[2026-07-29T18:09:07.382+0000] {logging_mixin.py:190} INFO - [2026-07-29T18:09:07.382+0000] {dagbag.py:587} INFO - Filling up the DagBag from /home/airflow/.local/lib/python3.12/site-packages/airflow/example_dags/plugins/decreasing_priority_weight_strategy.py
[2026-07-29T18:09:07.384+0000] {processor.py:927} WARNING - No viable dags retrieved from /home/airflow/.local/lib/python3.12/site-packages/airflow/example_dags/plugins/decreasing_priority_weight_strategy.py
[2026-07-29T18:09:07.390+0000] {processor.py:208} INFO - Processing /home/airflow/.local/lib/python3.12/site-packages/airflow/example_dags/plugins/decreasing_priority_weight_strategy.py took 0.014 seconds
[2026-07-29T18:09:38.370+0000] {processor.py:186} INFO - Started process (PID=18068) to work on /home/airflow/.local/lib/python3.12/site-packages/airflow/example_dags/plugins/decreasing_priority_weight_strategy.py
[2026-07-29T18:09:38.370+0000] {processor.py:914} INFO - Processing file /home/airflow/.local/lib/python3.12/site-packages/airflow/example_dags/plugins/decreasing_priority_weight_strategy.py for tasks to queue
[2026-07-29T18:09:38.371+0000] {logging_mixin.py:190} INFO - [2026-07-29T18:09:38.371+0000] {dagbag.py:587} INFO - Filling up the DagBag from /home/airflow/.local/lib/python3.12/site-packages/airflow/example_dags/plugins/decreasing_priority_weight_strategy.py
[2026-07-29T18:09:38.372+0000] {processor.py:927} WARNING - No viable dags retrieved from /home/airflow/.local/lib/python3.12/site-packages/airflow/example_dags/plugins/decreasing_priority_weight_strategy.py
[2026-07-29T18:09:38.378+0000] {processor.py:208} INFO - Processing /home/airflow/.local/lib/python3.12/site-packages/airflow/example_dags/plugins/decreasing_priority_weight_strategy.py took 0.011 seconds
[2026-07-29T18:10:09.329+0000] {processor.py:186} INFO - Started process (PID=18134) to work on /home/airflow/.local/lib/python3.12/site-packages/airflow/example_dags/plugins/decreasing_priority_weight_strategy.py
[2026-07-29T18:10:09.329+0000] {processor.py:914} INFO - Processing file /home/airflow/.local/lib/python3.12/site-packages/airflow/example_dags/plugins/decreasing_priority_weight_strategy.py for tasks to queue
[2026-07-29T18:10:09.331+0000] {logging_mixin.py:190} INFO - [2026-07-29T18:10:09.330+0000] {dagbag.py:587} INFO - Filling up the DagBag from /home/airflow/.local/lib/python3.12/site-packages/airflow/example_dags/plugins/decreasing_priority_weight_strategy.py
[2026-07-29T18:10:09.332+0000] {processor.py:927} WARNING - No viable dags retrieved from /home/airflow/.local/lib/python3.12/site-packages/airflow/example_dags/plugins/decreasing_priority_weight_strategy.py
[2026-07-29T18:10:09.337+0000] {processor.py:208} INFO - Processing /home/airflow/.local/lib/python3.12/site-packages/airflow/example_dags/plugins/decreasing_priority_weight_strategy.py took 0.011 seconds
[2026-07-29T18:10:40.318+0000] {processor.py:186} INFO - Started process (PID=18200) to work on /home/airflow/.local/lib/python3.12/site-packages/airflow/example_dags/plugins/decreasing_priority_weight_strategy.py
[2026-07-29T18:10:40.319+0000] {processor.py:914} INFO - Processing file /home/airflow/.local/lib/python3.12/site-packages/airflow/example_dags/plugins/decreasing_priority_weight_strategy.py for tasks to queue
[2026-07-29T18:10:40.320+0000] {logging_mixin.py:190} INFO - [2026-07-29T18:10:40.320+0000] {dagbag.py:587} INFO - Filling up the DagBag from /home/airflow/.local/lib/python3.12/site-packages/airflow/example_dags/plugins/decreasing_priority_weight_strategy.py
[2026-07-29T18:10:40.321+0000] {processor.py:927} WARNING - No viable dags retrieved from /home/airflow/.local/lib/python3.12/site-packages/airflow/example_dags/plugins/decreasing_priority_weight_strategy.py
[2026-07-29T18:10:40.326+0000] {processor.py:208} INFO - Processing /home/airflow/.local/lib/python3.12/site-packages/airflow/example_dags/plugins/decreasing_priority_weight_strategy.py took 0.011 seconds
[2026-07-29T18:11:11.292+0000] {processor.py:186} INFO - Started process (PID=18266) to work on /home/airflow/.local/lib/python3.12/site-packages/airflow/example_dags/plugins/decreasing_priority_weight_strategy.py
[2026-07-29T18:11:11.293+0000] {processor.py:914} INFO - Processing file /home/airflow/.local/lib/python3.12/site-packages/airflow/example_dags/plugins/decreasing_priority_weight_strategy.py for tasks to queue
[2026-07-29T18:11:11.297+0000] {logging_mixin.py:190} INFO - [2026-07-29T18:11:11.297+0000] {dagbag.py:587} INFO - Filling up the DagBag from /home/airflow/.local/lib/python3.12/site-packages/airflow/example_dags/plugins/decreasing_priority_weight_strategy.py
[2026-07-29T18:11:11.299+0000] {processor.py:927} WARNING - No viable dags retrieved from /home/airflow/.local/lib/python3.12/site-packages/airflow/example_dags/plugins/decreasing_priority_weight_strategy.py
[2026-07-29T18:11:11.304+0000] {processor.py:208} INFO - Processing /home/airflow/.local/lib/python3.12/site-packages/airflow/example_dags/plugins/decreasing_priority_weight_strategy.py took 0.015 seconds
[2026-07-29T18:11:42.323+0000] {processor.py:186} INFO - Started process (PID=18331) to work on /home/airflow/.local/lib/python3.12/site-packages/airflow/example_dags/plugins/decreasing_priority_weight_strategy.py
[2026-07-29T18:11:42.323+0000] {processor.py:914} INFO - Processing file /home/airflow/.local/lib/python3.12/site-packages/airflow/example_dags/plugins/decreasing_priority_weight_strategy.py for tasks to queue
[2026-07-29T18:11:42.324+0000] {logging_mixin.py:190} INFO - [2026-07-29T18:11:42.324+0000] {dagbag.py:587} INFO - Filling up the DagBag from /home/airflow/.local/lib/python3.12/site-packages/airflow/example_dags/plugins/decreasing_priority_weight_strategy.py
[2026-07-29T18:11:42.326+0000] {processor.py:927} WARNING - No viable dags retrieved from /home/airflow/.local/lib/python3.12/site-packages/airflow/example_dags/plugins/decreasing_priority_weight_strategy.py
[2026-07-29T18:11:42.336+0000] {processor.py:208} INFO - Processing /home/airflow/.local/lib/python3.12/site-packages/airflow/example_dags/plugins/decreasing_priority_weight_strategy.py took 0.016 seconds
[2026-07-29T18:12:13.305+0000] {processor.py:186} INFO - Started process (PID=18397) to work on /home/airflow/.local/lib/python3.12/site-packages/airflow/example_dags/plugins/decreasing_priority_weight_strategy.py
[2026-07-29T18:12:13.305+0000] {processor.py:914} INFO - Processing file /home/airflow/.local/lib/python3.12/site-packages/airflow/example_dags/plugins/decreasing_priority_weight_strategy.py for tasks to queue
[2026-07-29T18:12:13.308+0000] {logging_mixin.py:190} INFO - [2026-07-29T18:12:13.308+0000] {dagbag.py:587} INFO - Filling up the DagBag from /home/airflow/.local/lib/python3.12/site-packages/airflow/example_dags/plugins/decreasing_priority_weight_strategy.py
[2026-07-29T18:12:13.309+0000] {processor.py:927} WARNING - No viable dags retrieved from /home/airflow/.local/lib/python3.12/site-packages/airflow/example_dags/plugins/decreasing_priority_weight_strategy.py
[2026-07-29T18:12:13.316+0000] {processor.py:208} INFO - Processing /home/airflow/.local/lib/python3.12/site-packages/airflow/example_dags/plugins/decreasing_priority_weight_strategy.py took 0.015 seconds
[2026-07-29T18:12:44.306+0000] {processor.py:186} INFO - Started process (PID=18463) to work on /home/airflow/.local/lib/python3.12/site-packages/airflow/example_dags/plugins/decreasing_priority_weight_strategy.py
[2026-07-29T18:12:44.307+0000] {processor.py:914} INFO - Processing file /home/airflow/.local/lib/python3.12/site-packages/airflow/example_dags/plugins/decreasing_priority_weight_strategy.py for tasks to queue
[2026-07-29T18:12:44.309+0000] {logging_mixin.py:190} INFO - [2026-07-29T18:12:44.309+0000] {dagbag.py:587} INFO - Filling up the DagBag from /home/airflow/.local/lib/python3.12/site-packages/airflow/example_dags/plugins/decreasing_priority_weight_strategy.py
[2026-07-29T18:12:44.310+0000] {processor.py:927} WARNING - No viable dags retrieved from /home/airflow/.local/lib/python3.12/site-packages/airflow/example_dags/plugins/decreasing_priority_weight_strategy.py
[2026-07-29T18:12:44.317+0000] {processor.py:208} INFO - Processing /home/airflow/.local/lib/python3.12/site-packages/airflow/example_dags/plugins/decreasing_priority_weight_strategy.py took 0.014 seconds
[2026-07-29T18:13:15.345+0000] {processor.py:186} INFO - Started process (PID=18529) to work on /home/airflow/.local/lib/python3.12/site-packages/airflow/example_dags/plugins/decreasing_priority_weight_strategy.py
[2026-07-29T18:13:15.346+0000] {processor.py:914} INFO - Processing file /home/airflow/.local/lib/python3.12/site-packages/airflow/example_dags/plugins/decreasing_priority_weight_strategy.py for tasks to queue
[2026-07-29T18:13:15.347+0000] {logging_mixin.py:190} INFO - [2026-07-29T18:13:15.347+0000] {dagbag.py:587} INFO - Filling up the DagBag from /home/airflow/.local/lib/python3.12/site-packages/airflow/example_dags/plugins/decreasing_priority_weight_strategy.py
[2026-07-29T18:13:15.348+0000] {processor.py:927} WARNING - No viable dags retrieved from /home/airflow/.local/lib/python3.12/site-packages/airflow/example_dags/plugins/decreasing_priority_weight_strategy.py
[2026-07-29T18:13:15.357+0000] {processor.py:208} INFO - Processing /home/airflow/.local/lib/python3.12/site-packages/airflow/example_dags/plugins/decreasing_priority_weight_strategy.py took 0.014 seconds
[2026-07-29T18:13:45.506+0000] {processor.py:186} INFO - Started process (PID=18595) to work on /home/airflow/.local/lib/python3.12/site-packages/airflow/example_dags/plugins/decreasing_priority_weight_strategy.py
[2026-07-29T18:13:45.507+0000] {processor.py:914} INFO - Processing file /home/airflow/.local/lib/python3.12/site-packages/airflow/example_dags/plugins/decreasing_priority_weight_strategy.py for tasks to queue
[2026-07-29T18:13:45.508+0000] {logging_mixin.py:190} INFO - [2026-07-29T18:13:45.508+0000] {dagbag.py:587} INFO - Filling up the DagBag from /home/airflow/.local/lib/python3.12/site-packages/airflow/example_dags/plugins/decreasing_priority_weight_strategy.py
[2026-07-29T18:13:45.510+0000] {processor.py:927} WARNING - No viable dags retrieved from /home/airflow/.local/lib/python3.12/site-packages/airflow/example_dags/plugins/decreasing_priority_weight_strategy.py
[2026-07-29T18:13:45.517+0000] {processor.py:208} INFO - Processing /home/airflow/.local/lib/python3.12/site-packages/airflow/example_dags/plugins/decreasing_priority_weight_strategy.py took 0.014 seconds
[2026-07-29T18:14:16.301+0000] {processor.py:186} INFO - Started process (PID=18661) to work on /home/airflow/.local/lib/python3.12/site-packages/airflow/example_dags/plugins/decreasing_priority_weight_strategy.py
[2026-07-29T18:14:16.302+0000] {processor.py:914} INFO - Processing file /home/airflow/.local/lib/python3.12/site-packages/airflow/example_dags/plugins/decreasing_priority_weight_strategy.py for tasks to queue
[2026-07-29T18:14:16.303+0000] {logging_mixin.py:190} INFO - [2026-07-29T18:14:16.303+0000] {dagbag.py:587} INFO - Filling up the DagBag from /home/airflow/.local/lib/python3.12/site-packages/airflow/example_dags/plugins/decreasing_priority_weight_strategy.py
[2026-07-29T18:14:16.305+0000] {processor.py:927} WARNING - No viable dags retrieved from /home/airflow/.local/lib/python3.12/site-packages/airflow/example_dags/plugins/decreasing_priority_weight_strategy.py
[2026-07-29T18:14:16.313+0000] {processor.py:208} INFO - Processing /home/airflow/.local/lib/python3.12/site-packages/airflow/example_dags/plugins/decreasing_priority_weight_strategy.py took 0.014 seconds
[2026-07-29T18:14:47.318+0000] {processor.py:186} INFO - Started process (PID=18727) to work on /home/airflow/.local/lib/python3.12/site-packages/airflow/example_dags/plugins/decreasing_priority_weight_strategy.py
[2026-07-29T18:14:47.319+0000] {processor.py:914} INFO - Processing file /home/airflow/.local/lib/python3.12/site-packages/airflow/example_dags/plugins/decreasing_priority_weight_strategy.py for tasks to queue
[2026-07-29T18:14:47.320+0000] {logging_mixin.py:190} INFO - [2026-07-29T18:14:47.320+0000] {dagbag.py:587} INFO - Filling up the DagBag from /home/airflow/.local/lib/python3.12/site-packages/airflow/example_dags/plugins/decreasing_priority_weight_strategy.py
[2026-07-29T18:14:47.322+0000] {processor.py:927} WARNING - No viable dags retrieved from /home/airflow/.local/lib/python3.12/site-packages/airflow/example_dags/plugins/decreasing_priority_weight_strategy.py
[2026-07-29T18:14:47.330+0000] {processor.py:208} INFO - Processing /home/airflow/.local/lib/python3.12/site-packages/airflow/example_dags/plugins/decreasing_priority_weight_strategy.py took 0.015 seconds
[2026-07-29T18:15:18.287+0000] {processor.py:186} INFO - Started process (PID=18793) to work on /home/airflow/.local/lib/python3.12/site-packages/airflow/example_dags/plugins/decreasing_priority_weight_strategy.py
[2026-07-29T18:15:18.288+0000] {processor.py:914} INFO - Processing file /home/airflow/.local/lib/python3.12/site-packages/airflow/example_dags/plugins/decreasing_priority_weight_strategy.py for tasks to queue
[2026-07-29T18:15:18.290+0000] {logging_mixin.py:190} INFO - [2026-07-29T18:15:18.290+0000] {dagbag.py:587} INFO - Filling up the DagBag from /home/airflow/.local/lib/python3.12/site-packages/airflow/example_dags/plugins/decreasing_priority_weight_strategy.py
[2026-07-29T18:15:18.291+0000] {processor.py:927} WARNING - No viable dags retrieved from /home/airflow/.local/lib/python3.12/site-packages/airflow/example_dags/plugins/decreasing_priority_weight_strategy.py
[2026-07-29T18:15:18.299+0000] {processor.py:208} INFO - Processing /home/airflow/.local/lib/python3.12/site-packages/airflow/example_dags/plugins/decreasing_priority_weight_strategy.py took 0.015 seconds
[2026-07-29T18:15:49.286+0000] {processor.py:186} INFO - Started process (PID=18859) to work on /home/airflow/.local/lib/python3.12/site-packages/airflow/example_dags/plugins/decreasing_priority_weight_strategy.py
[2026-07-29T18:15:49.287+0000] {processor.py:914} INFO - Processing file /home/airflow/.local/lib/python3.12/site-packages/airflow/example_dags/plugins/decreasing_priority_weight_strategy.py for tasks to queue
[2026-07-29T18:15:49.289+0000] {logging_mixin.py:190} INFO - [2026-07-29T18:15:49.289+0000] {dagbag.py:587} INFO - Filling up the DagBag from /home/airflow/.local/lib/python3.12/site-packages/airflow/example_dags/plugins/decreasing_priority_weight_strategy.py
[2026-07-29T18:15:49.290+0000] {processor.py:927} WARNING - No viable dags retrieved from /home/airflow/.local/lib/python3.12/site-packages/airflow/example_dags/plugins/decreasing_priority_weight_strategy.py
[2026-07-29T18:15:49.298+0000] {processor.py:208} INFO - Processing /home/airflow/.local/lib/python3.12/site-packages/airflow/example_dags/plugins/decreasing_priority_weight_strategy.py took 0.015 seconds
[2026-07-29T18:16:20.294+0000] {processor.py:186} INFO - Started process (PID=18925) to work on /home/airflow/.local/lib/python3.12/site-packages/airflow/example_dags/plugins/decreasing_priority_weight_strategy.py
[2026-07-29T18:16:20.296+0000] {processor.py:914} INFO - Processing file /home/airflow/.local/lib/python3.12/site-packages/airflow/example_dags/plugins/decreasing_priority_weight_strategy.py for tasks to queue
[2026-07-29T18:16:20.297+0000] {logging_mixin.py:190} INFO - [2026-07-29T18:16:20.297+0000] {dagbag.py:587} INFO - Filling up the DagBag from /home/airflow/.local/lib/python3.12/site-packages/airflow/example_dags/plugins/decreasing_priority_weight_strategy.py
[2026-07-29T18:16:20.298+0000] {processor.py:927} WARNING - No viable dags retrieved from /home/airflow/.local/lib/python3.12/site-packages/airflow/example_dags/plugins/decreasing_priority_weight_strategy.py
[2026-07-29T18:16:20.304+0000] {processor.py:208} INFO - Processing /home/airflow/.local/lib/python3.12/site-packages/airflow/example_dags/plugins/decreasing_priority_weight_strategy.py took 0.014 seconds
[2026-07-29T18:16:51.273+0000] {processor.py:186} INFO - Started process (PID=18991) to work on /home/airflow/.local/lib/python3.12/site-packages/airflow/example_dags/plugins/decreasing_priority_weight_strategy.py
[2026-07-29T18:16:51.273+0000] {processor.py:914} INFO - Processing file /home/airflow/.local/lib/python3.12/site-packages/airflow/example_dags/plugins/decreasing_priority_weight_strategy.py for tasks to queue
[2026-07-29T18:16:51.275+0000] {logging_mixin.py:190} INFO - [2026-07-29T18:16:51.275+0000] {dagbag.py:587} INFO - Filling up the DagBag from /home/airflow/.local/lib/python3.12/site-packages/airflow/example_dags/plugins/decreasing_priority_weight_strategy.py
[2026-07-29T18:16:51.276+0000] {processor.py:927} WARNING - No viable dags retrieved from /home/airflow/.local/lib/python3.12/site-packages/airflow/example_dags/plugins/decreasing_priority_weight_strategy.py
[2026-07-29T18:16:51.282+0000] {processor.py:208} INFO - Processing /home/airflow/.local/lib/python3.12/site-packages/airflow/example_dags/plugins/decreasing_priority_weight_strategy.py took 0.012 seconds
[2026-07-29T18:17:22.280+0000] {processor.py:186} INFO - Started process (PID=19057) to work on /home/airflow/.local/lib/python3.12/site-packages/airflow/example_dags/plugins/decreasing_priority_weight_strategy.py
[2026-07-29T18:17:22.280+0000] {processor.py:914} INFO - Processing file /home/airflow/.local/lib/python3.12/site-packages/airflow/example_dags/plugins/decreasing_priority_weight_strategy.py for tasks to queue
[2026-07-29T18:17:22.281+0000] {logging_mixin.py:190} INFO - [2026-07-29T18:17:22.281+0000] {dagbag.py:587} INFO - Filling up the DagBag from /home/airflow/.local/lib/python3.12/site-packages/airflow/example_dags/plugins/decreasing_priority_weight_strategy.py
[2026-07-29T18:17:22.283+0000] {processor.py:927} WARNING - No viable dags retrieved from /home/airflow/.local/lib/python3.12/site-packages/airflow/example_dags/plugins/decreasing_priority_weight_strategy.py
[2026-07-29T18:17:22.288+0000] {processor.py:208} INFO - Processing /home/airflow/.local/lib/python3.12/site-packages/airflow/example_dags/plugins/decreasing_priority_weight_strategy.py took 0.011 seconds
[2026-07-29T18:17:53.173+0000] {processor.py:186} INFO - Started process (PID=19123) to work on /home/airflow/.local/lib/python3.12/site-packages/airflow/example_dags/plugins/decreasing_priority_weight_strategy.py
[2026-07-29T18:17:53.173+0000] {processor.py:914} INFO - Processing file /home/airflow/.local/lib/python3.12/site-packages/airflow/example_dags/plugins/decreasing_priority_weight_strategy.py for tasks to queue
[2026-07-29T18:17:53.176+0000] {logging_mixin.py:190} INFO - [2026-07-29T18:17:53.175+0000] {dagbag.py:587} INFO - Filling up the DagBag from /home/airflow/.local/lib/python3.12/site-packages/airflow/example_dags/plugins/decreasing_priority_weight_strategy.py
[2026-07-29T18:17:53.177+0000] {processor.py:927} WARNING - No viable dags retrieved from /home/airflow/.local/lib/python3.12/site-packages/airflow/example_dags/plugins/decreasing_priority_weight_strategy.py
[2026-07-29T18:17:53.184+0000] {processor.py:208} INFO - Processing /home/airflow/.local/lib/python3.12/site-packages/airflow/example_dags/plugins/decreasing_priority_weight_strategy.py took 0.014 seconds
[2026-07-29T18:18:24.107+0000] {processor.py:186} INFO - Started process (PID=19189) to work on /home/airflow/.local/lib/python3.12/site-packages/airflow/example_dags/plugins/decreasing_priority_weight_strategy.py
[2026-07-29T18:18:24.107+0000] {processor.py:914} INFO - Processing file /home/airflow/.local/lib/python3.12/site-packages/airflow/example_dags/plugins/decreasing_priority_weight_strategy.py for tasks to queue
[2026-07-29T18:18:24.110+0000] {logging_mixin.py:190} INFO - [2026-07-29T18:18:24.110+0000] {dagbag.py:587} INFO - Filling up the DagBag from /home/airflow/.local/lib/python3.12/site-packages/airflow/example_dags/plugins/decreasing_priority_weight_strategy.py
[2026-07-29T18:18:24.112+0000] {processor.py:927} WARNING - No viable dags retrieved from /home/airflow/.local/lib/python3.12/site-packages/airflow/example_dags/plugins/decreasing_priority_weight_strategy.py
[2026-07-29T18:18:24.118+0000] {processor.py:208} INFO - Processing /home/airflow/.local/lib/python3.12/site-packages/airflow/example_dags/plugins/decreasing_priority_weight_strategy.py took 0.018 seconds
[2026-07-29T18:19:00.817+0000] {processor.py:186} INFO - Started process (PID=19272) to work on /home/airflow/.local/lib/python3.12/site-packages/airflow/example_dags/plugins/decreasing_priority_weight_strategy.py
[2026-07-29T18:19:00.818+0000] {processor.py:914} INFO - Processing file /home/airflow/.local/lib/python3.12/site-packages/airflow/example_dags/plugins/decreasing_priority_weight_strategy.py for tasks to queue
[2026-07-29T18:19:00.820+0000] {logging_mixin.py:190} INFO - [2026-07-29T18:19:00.820+0000] {dagbag.py:587} INFO - Filling up the DagBag from /home/airflow/.local/lib/python3.12/site-packages/airflow/example_dags/plugins/decreasing_priority_weight_strategy.py
[2026-07-29T18:19:00.821+0000] {processor.py:927} WARNING - No viable dags retrieved from /home/airflow/.local/lib/python3.12/site-packages/airflow/example_dags/plugins/decreasing_priority_weight_strategy.py
[2026-07-29T18:19:00.828+0000] {processor.py:208} INFO - Processing /home/airflow/.local/lib/python3.12/site-packages/airflow/example_dags/plugins/decreasing_priority_weight_strategy.py took 0.014 seconds
[2026-07-29T18:19:31.742+0000] {processor.py:186} INFO - Started process (PID=19338) to work on /home/airflow/.local/lib/python3.12/site-packages/airflow/example_dags/plugins/decreasing_priority_weight_strategy.py
[2026-07-29T18:19:31.742+0000] {processor.py:914} INFO - Processing file /home/airflow/.local/lib/python3.12/site-packages/airflow/example_dags/plugins/decreasing_priority_weight_strategy.py for tasks to queue
[2026-07-29T18:19:31.743+0000] {logging_mixin.py:190} INFO - [2026-07-29T18:19:31.743+0000] {dagbag.py:587} INFO - Filling up the DagBag from /home/airflow/.local/lib/python3.12/site-packages/airflow/example_dags/plugins/decreasing_priority_weight_strategy.py
[2026-07-29T18:19:31.744+0000] {processor.py:927} WARNING - No viable dags retrieved from /home/airflow/.local/lib/python3.12/site-packages/airflow/example_dags/plugins/decreasing_priority_weight_strategy.py
[2026-07-29T18:19:31.750+0000] {processor.py:208} INFO - Processing /home/airflow/.local/lib/python3.12/site-packages/airflow/example_dags/plugins/decreasing_priority_weight_strategy.py took 0.011 seconds
[2026-07-29T18:20:02.675+0000] {processor.py:186} INFO - Started process (PID=19404) to work on /home/airflow/.local/lib/python3.12/site-packages/airflow/example_dags/plugins/decreasing_priority_weight_strategy.py
[2026-07-29T18:20:02.675+0000] {processor.py:914} INFO - Processing file /home/airflow/.local/lib/python3.12/site-packages/airflow/example_dags/plugins/decreasing_priority_weight_strategy.py for tasks to queue
[2026-07-29T18:20:02.677+0000] {logging_mixin.py:190} INFO - [2026-07-29T18:20:02.677+0000] {dagbag.py:587} INFO - Filling up the DagBag from /home/airflow/.local/lib/python3.12/site-packages/airflow/example_dags/plugins/decreasing_priority_weight_strategy.py
[2026-07-29T18:20:02.679+0000] {processor.py:927} WARNING - No viable dags retrieved from /home/airflow/.local/lib/python3.12/site-packages/airflow/example_dags/plugins/decreasing_priority_weight_strategy.py
[2026-07-29T18:20:02.685+0000] {processor.py:208} INFO - Processing /home/airflow/.local/lib/python3.12/site-packages/airflow/example_dags/plugins/decreasing_priority_weight_strategy.py took 0.013 seconds
[2026-07-29T18:20:33.552+0000] {processor.py:186} INFO - Started process (PID=19470) to work on /home/airflow/.local/lib/python3.12/site-packages/airflow/example_dags/plugins/decreasing_priority_weight_strategy.py
[2026-07-29T18:20:33.553+0000] {processor.py:914} INFO - Processing file /home/airflow/.local/lib/python3.12/site-packages/airflow/example_dags/plugins/decreasing_priority_weight_strategy.py for tasks to queue
[2026-07-29T18:20:33.555+0000] {logging_mixin.py:190} INFO - [2026-07-29T18:20:33.554+0000] {dagbag.py:587} INFO - Filling up the DagBag from /home/airflow/.local/lib/python3.12/site-packages/airflow/example_dags/plugins/decreasing_priority_weight_strategy.py
[2026-07-29T18:20:33.556+0000] {processor.py:927} WARNING - No viable dags retrieved from /home/airflow/.local/lib/python3.12/site-packages/airflow/example_dags/plugins/decreasing_priority_weight_strategy.py
[2026-07-29T18:20:33.561+0000] {processor.py:208} INFO - Processing /home/airflow/.local/lib/python3.12/site-packages/airflow/example_dags/plugins/decreasing_priority_weight_strategy.py took 0.013 seconds
[2026-07-29T18:21:04.502+0000] {processor.py:186} INFO - Started process (PID=19536) to work on /home/airflow/.local/lib/python3.12/site-packages/airflow/example_dags/plugins/decreasing_priority_weight_strategy.py
[2026-07-29T18:21:04.503+0000] {processor.py:914} INFO - Processing file /home/airflow/.local/lib/python3.12/site-packages/airflow/example_dags/plugins/decreasing_priority_weight_strategy.py for tasks to queue
[2026-07-29T18:21:04.504+0000] {logging_mixin.py:190} INFO - [2026-07-29T18:21:04.504+0000] {dagbag.py:587} INFO - Filling up the DagBag from /home/airflow/.local/lib/python3.12/site-packages/airflow/example_dags/plugins/decreasing_priority_weight_strategy.py
[2026-07-29T18:21:04.505+0000] {processor.py:927} WARNING - No viable dags retrieved from /home/airflow/.local/lib/python3.12/site-packages/airflow/example_dags/plugins/decreasing_priority_weight_strategy.py
[2026-07-29T18:21:04.511+0000] {processor.py:208} INFO - Processing /home/airflow/.local/lib/python3.12/site-packages/airflow/example_dags/plugins/decreasing_priority_weight_strategy.py took 0.011 seconds
[2026-07-29T18:21:35.342+0000] {processor.py:186} INFO - Started process (PID=19602) to work on /home/airflow/.local/lib/python3.12/site-packages/airflow/example_dags/plugins/decreasing_priority_weight_strategy.py
[2026-07-29T18:21:35.342+0000] {processor.py:914} INFO - Processing file /home/airflow/.local/lib/python3.12/site-packages/airflow/example_dags/plugins/decreasing_priority_weight_strategy.py for tasks to queue
[2026-07-29T18:21:35.343+0000] {logging_mixin.py:190} INFO - [2026-07-29T18:21:35.343+0000] {dagbag.py:587} INFO - Filling up the DagBag from /home/airflow/.local/lib/python3.12/site-packages/airflow/example_dags/plugins/decreasing_priority_weight_strategy.py
[2026-07-29T18:21:35.344+0000] {processor.py:927} WARNING - No viable dags retrieved from /home/airflow/.local/lib/python3.12/site-packages/airflow/example_dags/plugins/decreasing_priority_weight_strategy.py
[2026-07-29T18:21:35.353+0000] {processor.py:208} INFO - Processing /home/airflow/.local/lib/python3.12/site-packages/airflow/example_dags/plugins/decreasing_priority_weight_strategy.py took 0.014 seconds
[2026-07-29T18:22:06.372+0000] {processor.py:186} INFO - Started process (PID=19668) to work on /home/airflow/.local/lib/python3.12/site-packages/airflow/example_dags/plugins/decreasing_priority_weight_strategy.py
[2026-07-29T18:22:06.373+0000] {processor.py:914} INFO - Processing file /home/airflow/.local/lib/python3.12/site-packages/airflow/example_dags/plugins/decreasing_priority_weight_strategy.py for tasks to queue
[2026-07-29T18:22:06.374+0000] {logging_mixin.py:190} INFO - [2026-07-29T18:22:06.374+0000] {dagbag.py:587} INFO - Filling up the DagBag from /home/airflow/.local/lib/python3.12/site-packages/airflow/example_dags/plugins/decreasing_priority_weight_strategy.py
[2026-07-29T18:22:06.377+0000] {processor.py:927} WARNING - No viable dags retrieved from /home/airflow/.local/lib/python3.12/site-packages/airflow/example_dags/plugins/decreasing_priority_weight_strategy.py
[2026-07-29T18:22:06.384+0000] {processor.py:208} INFO - Processing /home/airflow/.local/lib/python3.12/site-packages/airflow/example_dags/plugins/decreasing_priority_weight_strategy.py took 0.015 seconds
[2026-07-29T18:22:36.508+0000] {processor.py:186} INFO - Started process (PID=19734) to work on /home/airflow/.local/lib/python3.12/site-packages/airflow/example_dags/plugins/decreasing_priority_weight_strategy.py
[2026-07-29T18:22:36.509+0000] {processor.py:914} INFO - Processing file /home/airflow/.local/lib/python3.12/site-packages/airflow/example_dags/plugins/decreasing_priority_weight_strategy.py for tasks to queue
[2026-07-29T18:22:36.511+0000] {logging_mixin.py:190} INFO - [2026-07-29T18:22:36.511+0000] {dagbag.py:587} INFO - Filling up the DagBag from /home/airflow/.local/lib/python3.12/site-packages/airflow/example_dags/plugins/decreasing_priority_weight_strategy.py
[2026-07-29T18:22:36.513+0000] {processor.py:927} WARNING - No viable dags retrieved from /home/airflow/.local/lib/python3.12/site-packages/airflow/example_dags/plugins/decreasing_priority_weight_strategy.py
[2026-07-29T18:22:36.518+0000] {processor.py:208} INFO - Processing /home/airflow/.local/lib/python3.12/site-packages/airflow/example_dags/plugins/decreasing_priority_weight_strategy.py took 0.013 seconds
[2026-07-29T18:23:06.659+0000] {processor.py:186} INFO - Started process (PID=19800) to work on /home/airflow/.local/lib/python3.12/site-packages/airflow/example_dags/plugins/decreasing_priority_weight_strategy.py
[2026-07-29T18:23:06.660+0000] {processor.py:914} INFO - Processing file /home/airflow/.local/lib/python3.12/site-packages/airflow/example_dags/plugins/decreasing_priority_weight_strategy.py for tasks to queue
[2026-07-29T18:23:06.661+0000] {logging_mixin.py:190} INFO - [2026-07-29T18:23:06.661+0000] {dagbag.py:587} INFO - Filling up the DagBag from /home/airflow/.local/lib/python3.12/site-packages/airflow/example_dags/plugins/decreasing_priority_weight_strategy.py
[2026-07-29T18:23:06.662+0000] {processor.py:927} WARNING - No viable dags retrieved from /home/airflow/.local/lib/python3.12/site-packages/airflow/example_dags/plugins/decreasing_priority_weight_strategy.py
[2026-07-29T18:23:06.667+0000] {processor.py:208} INFO - Processing /home/airflow/.local/lib/python3.12/site-packages/airflow/example_dags/plugins/decreasing_priority_weight_strategy.py took 0.011 seconds
[2026-07-29T18:23:37.769+0000] {processor.py:186} INFO - Started process (PID=19866) to work on /home/airflow/.local/lib/python3.12/site-packages/airflow/example_dags/plugins/decreasing_priority_weight_strategy.py
[2026-07-29T18:23:37.770+0000] {processor.py:914} INFO - Processing file /home/airflow/.local/lib/python3.12/site-packages/airflow/example_dags/plugins/decreasing_priority_weight_strategy.py for tasks to queue
[2026-07-29T18:23:37.771+0000] {logging_mixin.py:190} INFO - [2026-07-29T18:23:37.771+0000] {dagbag.py:587} INFO - Filling up the DagBag from /home/airflow/.local/lib/python3.12/site-packages/airflow/example_dags/plugins/decreasing_priority_weight_strategy.py
[2026-07-29T18:23:37.773+0000] {processor.py:927} WARNING - No viable dags retrieved from /home/airflow/.local/lib/python3.12/site-packages/airflow/example_dags/plugins/decreasing_priority_weight_strategy.py
[2026-07-29T18:23:37.778+0000] {processor.py:208} INFO - Processing /home/airflow/.local/lib/python3.12/site-packages/airflow/example_dags/plugins/decreasing_priority_weight_strategy.py took 0.012 seconds
[2026-07-29T18:24:08.424+0000] {processor.py:186} INFO - Started process (PID=19932) to work on /home/airflow/.local/lib/python3.12/site-packages/airflow/example_dags/plugins/decreasing_priority_weight_strategy.py
[2026-07-29T18:24:08.425+0000] {processor.py:914} INFO - Processing file /home/airflow/.local/lib/python3.12/site-packages/airflow/example_dags/plugins/decreasing_priority_weight_strategy.py for tasks to queue
[2026-07-29T18:24:08.426+0000] {logging_mixin.py:190} INFO - [2026-07-29T18:24:08.425+0000] {dagbag.py:587} INFO - Filling up the DagBag from /home/airflow/.local/lib/python3.12/site-packages/airflow/example_dags/plugins/decreasing_priority_weight_strategy.py
[2026-07-29T18:24:08.427+0000] {processor.py:927} WARNING - No viable dags retrieved from /home/airflow/.local/lib/python3.12/site-packages/airflow/example_dags/plugins/decreasing_priority_weight_strategy.py
[2026-07-29T18:24:08.433+0000] {processor.py:208} INFO - Processing /home/airflow/.local/lib/python3.12/site-packages/airflow/example_dags/plugins/decreasing_priority_weight_strategy.py took 0.011 seconds
[2026-07-29T18:24:39.604+0000] {processor.py:186} INFO - Started process (PID=19997) to work on /home/airflow/.local/lib/python3.12/site-packages/airflow/example_dags/plugins/decreasing_priority_weight_strategy.py
[2026-07-29T18:24:39.604+0000] {processor.py:914} INFO - Processing file /home/airflow/.local/lib/python3.12/site-packages/airflow/example_dags/plugins/decreasing_priority_weight_strategy.py for tasks to queue
[2026-07-29T18:24:39.605+0000] {logging_mixin.py:190} INFO - [2026-07-29T18:24:39.605+0000] {dagbag.py:587} INFO - Filling up the DagBag from /home/airflow/.local/lib/python3.12/site-packages/airflow/example_dags/plugins/decreasing_priority_weight_strategy.py
[2026-07-29T18:24:39.607+0000] {processor.py:927} WARNING - No viable dags retrieved from /home/airflow/.local/lib/python3.12/site-packages/airflow/example_dags/plugins/decreasing_priority_weight_strategy.py
[2026-07-29T18:24:39.613+0000] {processor.py:208} INFO - Processing /home/airflow/.local/lib/python3.12/site-packages/airflow/example_dags/plugins/decreasing_priority_weight_strategy.py took 0.013 seconds
[2026-07-29T18:25:09.795+0000] {processor.py:186} INFO - Started process (PID=20062) to work on /home/airflow/.local/lib/python3.12/site-packages/airflow/example_dags/plugins/decreasing_priority_weight_strategy.py
[2026-07-29T18:25:09.795+0000] {processor.py:914} INFO - Processing file /home/airflow/.local/lib/python3.12/site-packages/airflow/example_dags/plugins/decreasing_priority_weight_strategy.py for tasks to queue
[2026-07-29T18:25:09.796+0000] {logging_mixin.py:190} INFO - [2026-07-29T18:25:09.796+0000] {dagbag.py:587} INFO - Filling up the DagBag from /home/airflow/.local/lib/python3.12/site-packages/airflow/example_dags/plugins/decreasing_priority_weight_strategy.py
[2026-07-29T18:25:09.797+0000] {processor.py:927} WARNING - No viable dags retrieved from /home/airflow/.local/lib/python3.12/site-packages/airflow/example_dags/plugins/decreasing_priority_weight_strategy.py
[2026-07-29T18:25:09.803+0000] {processor.py:208} INFO - Processing /home/airflow/.local/lib/python3.12/site-packages/airflow/example_dags/plugins/decreasing_priority_weight_strategy.py took 0.011 seconds
[2026-07-29T18:25:40.309+0000] {processor.py:186} INFO - Started process (PID=20129) to work on /home/airflow/.local/lib/python3.12/site-packages/airflow/example_dags/plugins/decreasing_priority_weight_strategy.py
[2026-07-29T18:25:40.310+0000] {processor.py:914} INFO - Processing file /home/airflow/.local/lib/python3.12/site-packages/airflow/example_dags/plugins/decreasing_priority_weight_strategy.py for tasks to queue
[2026-07-29T18:25:40.312+0000] {logging_mixin.py:190} INFO - [2026-07-29T18:25:40.312+0000] {dagbag.py:587} INFO - Filling up the DagBag from /home/airflow/.local/lib/python3.12/site-packages/airflow/example_dags/plugins/decreasing_priority_weight_strategy.py
[2026-07-29T18:25:40.313+0000] {processor.py:927} WARNING - No viable dags retrieved from /home/airflow/.local/lib/python3.12/site-packages/airflow/example_dags/plugins/decreasing_priority_weight_strategy.py
[2026-07-29T18:25:40.320+0000] {processor.py:208} INFO - Processing /home/airflow/.local/lib/python3.12/site-packages/airflow/example_dags/plugins/decreasing_priority_weight_strategy.py took 0.013 seconds
[2026-07-29T18:26:10.547+0000] {processor.py:186} INFO - Started process (PID=20195) to work on /home/airflow/.local/lib/python3.12/site-packages/airflow/example_dags/plugins/decreasing_priority_weight_strategy.py
[2026-07-29T18:26:10.547+0000] {processor.py:914} INFO - Processing file /home/airflow/.local/lib/python3.12/site-packages/airflow/example_dags/plugins/decreasing_priority_weight_strategy.py for tasks to queue
[2026-07-29T18:26:10.550+0000] {logging_mixin.py:190} INFO - [2026-07-29T18:26:10.549+0000] {dagbag.py:587} INFO - Filling up the DagBag from /home/airflow/.local/lib/python3.12/site-packages/airflow/example_dags/plugins/decreasing_priority_weight_strategy.py
[2026-07-29T18:26:10.551+0000] {processor.py:927} WARNING - No viable dags retrieved from /home/airflow/.local/lib/python3.12/site-packages/airflow/example_dags/plugins/decreasing_priority_weight_strategy.py
[2026-07-29T18:26:10.557+0000] {processor.py:208} INFO - Processing /home/airflow/.local/lib/python3.12/site-packages/airflow/example_dags/plugins/decreasing_priority_weight_strategy.py took 0.013 seconds
[2026-07-29T18:26:40.863+0000] {processor.py:186} INFO - Started process (PID=20261) to work on /home/airflow/.local/lib/python3.12/site-packages/airflow/example_dags/plugins/decreasing_priority_weight_strategy.py
[2026-07-29T18:26:40.864+0000] {processor.py:914} INFO - Processing file /home/airflow/.local/lib/python3.12/site-packages/airflow/example_dags/plugins/decreasing_priority_weight_strategy.py for tasks to queue
[2026-07-29T18:26:40.865+0000] {logging_mixin.py:190} INFO - [2026-07-29T18:26:40.865+0000] {dagbag.py:587} INFO - Filling up the DagBag from /home/airflow/.local/lib/python3.12/site-packages/airflow/example_dags/plugins/decreasing_priority_weight_strategy.py
[2026-07-29T18:26:40.866+0000] {processor.py:927} WARNING - No viable dags retrieved from /home/airflow/.local/lib/python3.12/site-packages/airflow/example_dags/plugins/decreasing_priority_weight_strategy.py
[2026-07-29T18:26:40.871+0000] {processor.py:208} INFO - Processing /home/airflow/.local/lib/python3.12/site-packages/airflow/example_dags/plugins/decreasing_priority_weight_strategy.py took 0.011 seconds
[2026-07-29T18:27:11.131+0000] {processor.py:186} INFO - Started process (PID=20327) to work on /home/airflow/.local/lib/python3.12/site-packages/airflow/example_dags/plugins/decreasing_priority_weight_strategy.py
[2026-07-29T18:27:11.131+0000] {processor.py:914} INFO - Processing file /home/airflow/.local/lib/python3.12/site-packages/airflow/example_dags/plugins/decreasing_priority_weight_strategy.py for tasks to queue
[2026-07-29T18:27:11.133+0000] {logging_mixin.py:190} INFO - [2026-07-29T18:27:11.132+0000] {dagbag.py:587} INFO - Filling up the DagBag from /home/airflow/.local/lib/python3.12/site-packages/airflow/example_dags/plugins/decreasing_priority_weight_strategy.py
[2026-07-29T18:27:11.134+0000] {processor.py:927} WARNING - No viable dags retrieved from /home/airflow/.local/lib/python3.12/site-packages/airflow/example_dags/plugins/decreasing_priority_weight_strategy.py
[2026-07-29T18:27:11.140+0000] {processor.py:208} INFO - Processing /home/airflow/.local/lib/python3.12/site-packages/airflow/example_dags/plugins/decreasing_priority_weight_strategy.py took 0.012 seconds
[2026-07-29T18:27:41.249+0000] {processor.py:186} INFO - Started process (PID=20392) to work on /home/airflow/.local/lib/python3.12/site-packages/airflow/example_dags/plugins/decreasing_priority_weight_strategy.py
[2026-07-29T18:27:41.249+0000] {processor.py:914} INFO - Processing file /home/airflow/.local/lib/python3.12/site-packages/airflow/example_dags/plugins/decreasing_priority_weight_strategy.py for tasks to queue
[2026-07-29T18:27:41.250+0000] {logging_mixin.py:190} INFO - [2026-07-29T18:27:41.250+0000] {dagbag.py:587} INFO - Filling up the DagBag from /home/airflow/.local/lib/python3.12/site-packages/airflow/example_dags/plugins/decreasing_priority_weight_strategy.py
[2026-07-29T18:27:41.251+0000] {processor.py:927} WARNING - No viable dags retrieved from /home/airflow/.local/lib/python3.12/site-packages/airflow/example_dags/plugins/decreasing_priority_weight_strategy.py
[2026-07-29T18:27:41.258+0000] {processor.py:208} INFO - Processing /home/airflow/.local/lib/python3.12/site-packages/airflow/example_dags/plugins/decreasing_priority_weight_strategy.py took 0.012 seconds
[2026-07-29T18:28:11.527+0000] {processor.py:186} INFO - Started process (PID=20457) to work on /home/airflow/.local/lib/python3.12/site-packages/airflow/example_dags/plugins/decreasing_priority_weight_strategy.py
[2026-07-29T18:28:11.528+0000] {processor.py:914} INFO - Processing file /home/airflow/.local/lib/python3.12/site-packages/airflow/example_dags/plugins/decreasing_priority_weight_strategy.py for tasks to queue
[2026-07-29T18:28:11.530+0000] {logging_mixin.py:190} INFO - [2026-07-29T18:28:11.530+0000] {dagbag.py:587} INFO - Filling up the DagBag from /home/airflow/.local/lib/python3.12/site-packages/airflow/example_dags/plugins/decreasing_priority_weight_strategy.py
[2026-07-29T18:28:11.531+0000] {processor.py:927} WARNING - No viable dags retrieved from /home/airflow/.local/lib/python3.12/site-packages/airflow/example_dags/plugins/decreasing_priority_weight_strategy.py
[2026-07-29T18:28:11.538+0000] {processor.py:208} INFO - Processing /home/airflow/.local/lib/python3.12/site-packages/airflow/example_dags/plugins/decreasing_priority_weight_strategy.py took 0.013 seconds
[2026-07-29T18:28:41.881+0000] {processor.py:186} INFO - Started process (PID=20523) to work on /home/airflow/.local/lib/python3.12/site-packages/airflow/example_dags/plugins/decreasing_priority_weight_strategy.py
[2026-07-29T18:28:41.883+0000] {processor.py:914} INFO - Processing file /home/airflow/.local/lib/python3.12/site-packages/airflow/example_dags/plugins/decreasing_priority_weight_strategy.py for tasks to queue
[2026-07-29T18:28:41.884+0000] {logging_mixin.py:190} INFO - [2026-07-29T18:28:41.884+0000] {dagbag.py:587} INFO - Filling up the DagBag from /home/airflow/.local/lib/python3.12/site-packages/airflow/example_dags/plugins/decreasing_priority_weight_strategy.py
[2026-07-29T18:28:41.885+0000] {processor.py:927} WARNING - No viable dags retrieved from /home/airflow/.local/lib/python3.12/site-packages/airflow/example_dags/plugins/decreasing_priority_weight_strategy.py
[2026-07-29T18:28:41.891+0000] {processor.py:208} INFO - Processing /home/airflow/.local/lib/python3.12/site-packages/airflow/example_dags/plugins/decreasing_priority_weight_strategy.py took 0.014 seconds
[2026-07-29T18:29:12.884+0000] {processor.py:186} INFO - Started process (PID=20591) to work on /home/airflow/.local/lib/python3.12/site-packages/airflow/example_dags/plugins/decreasing_priority_weight_strategy.py
[2026-07-29T18:29:12.885+0000] {processor.py:914} INFO - Processing file /home/airflow/.local/lib/python3.12/site-packages/airflow/example_dags/plugins/decreasing_priority_weight_strategy.py for tasks to queue
[2026-07-29T18:29:12.886+0000] {logging_mixin.py:190} INFO - [2026-07-29T18:29:12.886+0000] {dagbag.py:587} INFO - Filling up the DagBag from /home/airflow/.local/lib/python3.12/site-packages/airflow/example_dags/plugins/decreasing_priority_weight_strategy.py
[2026-07-29T18:29:12.887+0000] {processor.py:927} WARNING - No viable dags retrieved from /home/airflow/.local/lib/python3.12/site-packages/airflow/example_dags/plugins/decreasing_priority_weight_strategy.py
[2026-07-29T18:29:12.893+0000] {processor.py:208} INFO - Processing /home/airflow/.local/lib/python3.12/site-packages/airflow/example_dags/plugins/decreasing_priority_weight_strategy.py took 0.011 seconds
[2026-07-29T18:29:43.897+0000] {processor.py:186} INFO - Started process (PID=20657) to work on /home/airflow/.local/lib/python3.12/site-packages/airflow/example_dags/plugins/decreasing_priority_weight_strategy.py
[2026-07-29T18:29:43.897+0000] {processor.py:914} INFO - Processing file /home/airflow/.local/lib/python3.12/site-packages/airflow/example_dags/plugins/decreasing_priority_weight_strategy.py for tasks to queue
[2026-07-29T18:29:43.901+0000] {logging_mixin.py:190} INFO - [2026-07-29T18:29:43.901+0000] {dagbag.py:587} INFO - Filling up the DagBag from /home/airflow/.local/lib/python3.12/site-packages/airflow/example_dags/plugins/decreasing_priority_weight_strategy.py
[2026-07-29T18:29:43.902+0000] {processor.py:927} WARNING - No viable dags retrieved from /home/airflow/.local/lib/python3.12/site-packages/airflow/example_dags/plugins/decreasing_priority_weight_strategy.py
[2026-07-29T18:29:43.907+0000] {processor.py:208} INFO - Processing /home/airflow/.local/lib/python3.12/site-packages/airflow/example_dags/plugins/decreasing_priority_weight_strategy.py took 0.012 seconds
[2026-07-29T18:30:14.871+0000] {processor.py:186} INFO - Started process (PID=20723) to work on /home/airflow/.local/lib/python3.12/site-packages/airflow/example_dags/plugins/decreasing_priority_weight_strategy.py
[2026-07-29T18:30:14.872+0000] {processor.py:914} INFO - Processing file /home/airflow/.local/lib/python3.12/site-packages/airflow/example_dags/plugins/decreasing_priority_weight_strategy.py for tasks to queue
[2026-07-29T18:30:14.873+0000] {logging_mixin.py:190} INFO - [2026-07-29T18:30:14.873+0000] {dagbag.py:587} INFO - Filling up the DagBag from /home/airflow/.local/lib/python3.12/site-packages/airflow/example_dags/plugins/decreasing_priority_weight_strategy.py
[2026-07-29T18:30:14.874+0000] {processor.py:927} WARNING - No viable dags retrieved from /home/airflow/.local/lib/python3.12/site-packages/airflow/example_dags/plugins/decreasing_priority_weight_strategy.py
[2026-07-29T18:30:14.879+0000] {processor.py:208} INFO - Processing /home/airflow/.local/lib/python3.12/site-packages/airflow/example_dags/plugins/decreasing_priority_weight_strategy.py took 0.011 seconds
[2026-07-29T18:30:45.802+0000] {processor.py:186} INFO - Started process (PID=20789) to work on /home/airflow/.local/lib/python3.12/site-packages/airflow/example_dags/plugins/decreasing_priority_weight_strategy.py
[2026-07-29T18:30:45.803+0000] {processor.py:914} INFO - Processing file /home/airflow/.local/lib/python3.12/site-packages/airflow/example_dags/plugins/decreasing_priority_weight_strategy.py for tasks to queue
[2026-07-29T18:30:45.804+0000] {logging_mixin.py:190} INFO - [2026-07-29T18:30:45.804+0000] {dagbag.py:587} INFO - Filling up the DagBag from /home/airflow/.local/lib/python3.12/site-packages/airflow/example_dags/plugins/decreasing_priority_weight_strategy.py
[2026-07-29T18:30:45.806+0000] {processor.py:927} WARNING - No viable dags retrieved from /home/airflow/.local/lib/python3.12/site-packages/airflow/example_dags/plugins/decreasing_priority_weight_strategy.py
[2026-07-29T18:30:45.812+0000] {processor.py:208} INFO - Processing /home/airflow/.local/lib/python3.12/site-packages/airflow/example_dags/plugins/decreasing_priority_weight_strategy.py took 0.013 seconds
[2026-07-29T18:31:16.730+0000] {processor.py:186} INFO - Started process (PID=20855) to work on /home/airflow/.local/lib/python3.12/site-packages/airflow/example_dags/plugins/decreasing_priority_weight_strategy.py
[2026-07-29T18:31:16.731+0000] {processor.py:914} INFO - Processing file /home/airflow/.local/lib/python3.12/site-packages/airflow/example_dags/plugins/decreasing_priority_weight_strategy.py for tasks to queue
[2026-07-29T18:31:16.732+0000] {logging_mixin.py:190} INFO - [2026-07-29T18:31:16.732+0000] {dagbag.py:587} INFO - Filling up the DagBag from /home/airflow/.local/lib/python3.12/site-packages/airflow/example_dags/plugins/decreasing_priority_weight_strategy.py
[2026-07-29T18:31:16.733+0000] {processor.py:927} WARNING - No viable dags retrieved from /home/airflow/.local/lib/python3.12/site-packages/airflow/example_dags/plugins/decreasing_priority_weight_strategy.py
[2026-07-29T18:31:16.738+0000] {processor.py:208} INFO - Processing /home/airflow/.local/lib/python3.12/site-packages/airflow/example_dags/plugins/decreasing_priority_weight_strategy.py took 0.010 seconds
[2026-07-29T18:31:47.818+0000] {processor.py:186} INFO - Started process (PID=20921) to work on /home/airflow/.local/lib/python3.12/site-packages/airflow/example_dags/plugins/decreasing_priority_weight_strategy.py
[2026-07-29T18:31:47.818+0000] {processor.py:914} INFO - Processing file /home/airflow/.local/lib/python3.12/site-packages/airflow/example_dags/plugins/decreasing_priority_weight_strategy.py for tasks to queue
[2026-07-29T18:31:47.820+0000] {logging_mixin.py:190} INFO - [2026-07-29T18:31:47.820+0000] {dagbag.py:587} INFO - Filling up the DagBag from /home/airflow/.local/lib/python3.12/site-packages/airflow/example_dags/plugins/decreasing_priority_weight_strategy.py
[2026-07-29T18:31:47.821+0000] {processor.py:927} WARNING - No viable dags retrieved from /home/airflow/.local/lib/python3.12/site-packages/airflow/example_dags/plugins/decreasing_priority_weight_strategy.py
[2026-07-29T18:31:47.828+0000] {processor.py:208} INFO - Processing /home/airflow/.local/lib/python3.12/site-packages/airflow/example_dags/plugins/decreasing_priority_weight_strategy.py took 0.013 seconds
[2026-07-29T18:32:18.855+0000] {processor.py:186} INFO - Started process (PID=20987) to work on /home/airflow/.local/lib/python3.12/site-packages/airflow/example_dags/plugins/decreasing_priority_weight_strategy.py
[2026-07-29T18:32:18.855+0000] {processor.py:914} INFO - Processing file /home/airflow/.local/lib/python3.12/site-packages/airflow/example_dags/plugins/decreasing_priority_weight_strategy.py for tasks to queue
[2026-07-29T18:32:18.856+0000] {logging_mixin.py:190} INFO - [2026-07-29T18:32:18.856+0000] {dagbag.py:587} INFO - Filling up the DagBag from /home/airflow/.local/lib/python3.12/site-packages/airflow/example_dags/plugins/decreasing_priority_weight_strategy.py
[2026-07-29T18:32:18.857+0000] {processor.py:927} WARNING - No viable dags retrieved from /home/airflow/.local/lib/python3.12/site-packages/airflow/example_dags/plugins/decreasing_priority_weight_strategy.py
[2026-07-29T18:32:18.862+0000] {processor.py:208} INFO - Processing /home/airflow/.local/lib/python3.12/site-packages/airflow/example_dags/plugins/decreasing_priority_weight_strategy.py took 0.011 seconds
[2026-07-29T18:32:49.790+0000] {processor.py:186} INFO - Started process (PID=21053) to work on /home/airflow/.local/lib/python3.12/site-packages/airflow/example_dags/plugins/decreasing_priority_weight_strategy.py
[2026-07-29T18:32:49.790+0000] {processor.py:914} INFO - Processing file /home/airflow/.local/lib/python3.12/site-packages/airflow/example_dags/plugins/decreasing_priority_weight_strategy.py for tasks to queue
[2026-07-29T18:32:49.792+0000] {logging_mixin.py:190} INFO - [2026-07-29T18:32:49.792+0000] {dagbag.py:587} INFO - Filling up the DagBag from /home/airflow/.local/lib/python3.12/site-packages/airflow/example_dags/plugins/decreasing_priority_weight_strategy.py
[2026-07-29T18:32:49.793+0000] {processor.py:927} WARNING - No viable dags retrieved from /home/airflow/.local/lib/python3.12/site-packages/airflow/example_dags/plugins/decreasing_priority_weight_strategy.py
[2026-07-29T18:32:49.798+0000] {processor.py:208} INFO - Processing /home/airflow/.local/lib/python3.12/site-packages/airflow/example_dags/plugins/decreasing_priority_weight_strategy.py took 0.012 seconds
[2026-07-29T18:33:20.838+0000] {processor.py:186} INFO - Started process (PID=21119) to work on /home/airflow/.local/lib/python3.12/site-packages/airflow/example_dags/plugins/decreasing_priority_weight_strategy.py
[2026-07-29T18:33:20.839+0000] {processor.py:914} INFO - Processing file /home/airflow/.local/lib/python3.12/site-packages/airflow/example_dags/plugins/decreasing_priority_weight_strategy.py for tasks to queue
[2026-07-29T18:33:20.841+0000] {logging_mixin.py:190} INFO - [2026-07-29T18:33:20.841+0000] {dagbag.py:587} INFO - Filling up the DagBag from /home/airflow/.local/lib/python3.12/site-packages/airflow/example_dags/plugins/decreasing_priority_weight_strategy.py
[2026-07-29T18:33:20.842+0000] {processor.py:927} WARNING - No viable dags retrieved from /home/airflow/.local/lib/python3.12/site-packages/airflow/example_dags/plugins/decreasing_priority_weight_strategy.py
[2026-07-29T18:33:20.847+0000] {processor.py:208} INFO - Processing /home/airflow/.local/lib/python3.12/site-packages/airflow/example_dags/plugins/decreasing_priority_weight_strategy.py took 0.011 seconds
[2026-07-29T18:33:51.782+0000] {processor.py:186} INFO - Started process (PID=21185) to work on /home/airflow/.local/lib/python3.12/site-packages/airflow/example_dags/plugins/decreasing_priority_weight_strategy.py
[2026-07-29T18:33:51.782+0000] {processor.py:914} INFO - Processing file /home/airflow/.local/lib/python3.12/site-packages/airflow/example_dags/plugins/decreasing_priority_weight_strategy.py for tasks to queue
[2026-07-29T18:33:51.784+0000] {logging_mixin.py:190} INFO - [2026-07-29T18:33:51.784+0000] {dagbag.py:587} INFO - Filling up the DagBag from /home/airflow/.local/lib/python3.12/site-packages/airflow/example_dags/plugins/decreasing_priority_weight_strategy.py
[2026-07-29T18:33:51.786+0000] {processor.py:927} WARNING - No viable dags retrieved from /home/airflow/.local/lib/python3.12/site-packages/airflow/example_dags/plugins/decreasing_priority_weight_strategy.py
[2026-07-29T18:33:51.791+0000] {processor.py:208} INFO - Processing /home/airflow/.local/lib/python3.12/site-packages/airflow/example_dags/plugins/decreasing_priority_weight_strategy.py took 0.012 seconds
[2026-07-29T18:34:22.236+0000] {processor.py:186} INFO - Started process (PID=21251) to work on /home/airflow/.local/lib/python3.12/site-packages/airflow/example_dags/plugins/decreasing_priority_weight_strategy.py
[2026-07-29T18:34:22.237+0000] {processor.py:914} INFO - Processing file /home/airflow/.local/lib/python3.12/site-packages/airflow/example_dags/plugins/decreasing_priority_weight_strategy.py for tasks to queue
[2026-07-29T18:34:22.238+0000] {logging_mixin.py:190} INFO - [2026-07-29T18:34:22.238+0000] {dagbag.py:587} INFO - Filling up the DagBag from /home/airflow/.local/lib/python3.12/site-packages/airflow/example_dags/plugins/decreasing_priority_weight_strategy.py
[2026-07-29T18:34:22.240+0000] {processor.py:927} WARNING - No viable dags retrieved from /home/airflow/.local/lib/python3.12/site-packages/airflow/example_dags/plugins/decreasing_priority_weight_strategy.py
[2026-07-29T18:34:22.246+0000] {processor.py:208} INFO - Processing /home/airflow/.local/lib/python3.12/site-packages/airflow/example_dags/plugins/decreasing_priority_weight_strategy.py took 0.014 seconds
[2026-07-29T18:34:53.181+0000] {processor.py:186} INFO - Started process (PID=21317) to work on /home/airflow/.local/lib/python3.12/site-packages/airflow/example_dags/plugins/decreasing_priority_weight_strategy.py
[2026-07-29T18:34:53.181+0000] {processor.py:914} INFO - Processing file /home/airflow/.local/lib/python3.12/site-packages/airflow/example_dags/plugins/decreasing_priority_weight_strategy.py for tasks to queue
[2026-07-29T18:34:53.184+0000] {logging_mixin.py:190} INFO - [2026-07-29T18:34:53.184+0000] {dagbag.py:587} INFO - Filling up the DagBag from /home/airflow/.local/lib/python3.12/site-packages/airflow/example_dags/plugins/decreasing_priority_weight_strategy.py
[2026-07-29T18:34:53.186+0000] {processor.py:927} WARNING - No viable dags retrieved from /home/airflow/.local/lib/python3.12/site-packages/airflow/example_dags/plugins/decreasing_priority_weight_strategy.py
[2026-07-29T18:34:53.191+0000] {processor.py:208} INFO - Processing /home/airflow/.local/lib/python3.12/site-packages/airflow/example_dags/plugins/decreasing_priority_weight_strategy.py took 0.013 seconds
[2026-07-29T18:35:24.150+0000] {processor.py:186} INFO - Started process (PID=21383) to work on /home/airflow/.local/lib/python3.12/site-packages/airflow/example_dags/plugins/decreasing_priority_weight_strategy.py
[2026-07-29T18:35:24.151+0000] {processor.py:914} INFO - Processing file /home/airflow/.local/lib/python3.12/site-packages/airflow/example_dags/plugins/decreasing_priority_weight_strategy.py for tasks to queue
[2026-07-29T18:35:24.152+0000] {logging_mixin.py:190} INFO - [2026-07-29T18:35:24.152+0000] {dagbag.py:587} INFO - Filling up the DagBag from /home/airflow/.local/lib/python3.12/site-packages/airflow/example_dags/plugins/decreasing_priority_weight_strategy.py
[2026-07-29T18:35:24.153+0000] {processor.py:927} WARNING - No viable dags retrieved from /home/airflow/.local/lib/python3.12/site-packages/airflow/example_dags/plugins/decreasing_priority_weight_strategy.py
[2026-07-29T18:35:24.159+0000] {processor.py:208} INFO - Processing /home/airflow/.local/lib/python3.12/site-packages/airflow/example_dags/plugins/decreasing_priority_weight_strategy.py took 0.012 seconds
[2026-07-29T18:35:55.157+0000] {processor.py:186} INFO - Started process (PID=21449) to work on /home/airflow/.local/lib/python3.12/site-packages/airflow/example_dags/plugins/decreasing_priority_weight_strategy.py
[2026-07-29T18:35:55.158+0000] {processor.py:914} INFO - Processing file /home/airflow/.local/lib/python3.12/site-packages/airflow/example_dags/plugins/decreasing_priority_weight_strategy.py for tasks to queue
[2026-07-29T18:35:55.160+0000] {logging_mixin.py:190} INFO - [2026-07-29T18:35:55.159+0000] {dagbag.py:587} INFO - Filling up the DagBag from /home/airflow/.local/lib/python3.12/site-packages/airflow/example_dags/plugins/decreasing_priority_weight_strategy.py
[2026-07-29T18:35:55.161+0000] {processor.py:927} WARNING - No viable dags retrieved from /home/airflow/.local/lib/python3.12/site-packages/airflow/example_dags/plugins/decreasing_priority_weight_strategy.py
[2026-07-29T18:35:55.170+0000] {processor.py:208} INFO - Processing /home/airflow/.local/lib/python3.12/site-packages/airflow/example_dags/plugins/decreasing_priority_weight_strategy.py took 0.015 seconds
[2026-07-29T18:36:26.166+0000] {processor.py:186} INFO - Started process (PID=21515) to work on /home/airflow/.local/lib/python3.12/site-packages/airflow/example_dags/plugins/decreasing_priority_weight_strategy.py
[2026-07-29T18:36:26.167+0000] {processor.py:914} INFO - Processing file /home/airflow/.local/lib/python3.12/site-packages/airflow/example_dags/plugins/decreasing_priority_weight_strategy.py for tasks to queue
[2026-07-29T18:36:26.168+0000] {logging_mixin.py:190} INFO - [2026-07-29T18:36:26.168+0000] {dagbag.py:587} INFO - Filling up the DagBag from /home/airflow/.local/lib/python3.12/site-packages/airflow/example_dags/plugins/decreasing_priority_weight_strategy.py
[2026-07-29T18:36:26.169+0000] {processor.py:927} WARNING - No viable dags retrieved from /home/airflow/.local/lib/python3.12/site-packages/airflow/example_dags/plugins/decreasing_priority_weight_strategy.py
[2026-07-29T18:36:26.174+0000] {processor.py:208} INFO - Processing /home/airflow/.local/lib/python3.12/site-packages/airflow/example_dags/plugins/decreasing_priority_weight_strategy.py took 0.011 seconds
[2026-07-29T18:36:57.150+0000] {processor.py:186} INFO - Started process (PID=21581) to work on /home/airflow/.local/lib/python3.12/site-packages/airflow/example_dags/plugins/decreasing_priority_weight_strategy.py
[2026-07-29T18:36:57.150+0000] {processor.py:914} INFO - Processing file /home/airflow/.local/lib/python3.12/site-packages/airflow/example_dags/plugins/decreasing_priority_weight_strategy.py for tasks to queue
[2026-07-29T18:36:57.152+0000] {logging_mixin.py:190} INFO - [2026-07-29T18:36:57.152+0000] {dagbag.py:587} INFO - Filling up the DagBag from /home/airflow/.local/lib/python3.12/site-packages/airflow/example_dags/plugins/decreasing_priority_weight_strategy.py
[2026-07-29T18:36:57.154+0000] {processor.py:927} WARNING - No viable dags retrieved from /home/airflow/.local/lib/python3.12/site-packages/airflow/example_dags/plugins/decreasing_priority_weight_strategy.py
[2026-07-29T18:36:57.161+0000] {processor.py:208} INFO - Processing /home/airflow/.local/lib/python3.12/site-packages/airflow/example_dags/plugins/decreasing_priority_weight_strategy.py took 0.014 seconds
[2026-07-29T18:37:28.262+0000] {processor.py:186} INFO - Started process (PID=21647) to work on /home/airflow/.local/lib/python3.12/site-packages/airflow/example_dags/plugins/decreasing_priority_weight_strategy.py
[2026-07-29T18:37:28.263+0000] {processor.py:914} INFO - Processing file /home/airflow/.local/lib/python3.12/site-packages/airflow/example_dags/plugins/decreasing_priority_weight_strategy.py for tasks to queue
[2026-07-29T18:37:28.264+0000] {logging_mixin.py:190} INFO - [2026-07-29T18:37:28.264+0000] {dagbag.py:587} INFO - Filling up the DagBag from /home/airflow/.local/lib/python3.12/site-packages/airflow/example_dags/plugins/decreasing_priority_weight_strategy.py
[2026-07-29T18:37:28.265+0000] {processor.py:927} WARNING - No viable dags retrieved from /home/airflow/.local/lib/python3.12/site-packages/airflow/example_dags/plugins/decreasing_priority_weight_strategy.py
[2026-07-29T18:37:28.272+0000] {processor.py:208} INFO - Processing /home/airflow/.local/lib/python3.12/site-packages/airflow/example_dags/plugins/decreasing_priority_weight_strategy.py took 0.012 seconds
[2026-07-29T18:37:59.364+0000] {processor.py:186} INFO - Started process (PID=21713) to work on /home/airflow/.local/lib/python3.12/site-packages/airflow/example_dags/plugins/decreasing_priority_weight_strategy.py
[2026-07-29T18:37:59.364+0000] {processor.py:914} INFO - Processing file /home/airflow/.local/lib/python3.12/site-packages/airflow/example_dags/plugins/decreasing_priority_weight_strategy.py for tasks to queue
[2026-07-29T18:37:59.366+0000] {logging_mixin.py:190} INFO - [2026-07-29T18:37:59.366+0000] {dagbag.py:587} INFO - Filling up the DagBag from /home/airflow/.local/lib/python3.12/site-packages/airflow/example_dags/plugins/decreasing_priority_weight_strategy.py
[2026-07-29T18:37:59.367+0000] {processor.py:927} WARNING - No viable dags retrieved from /home/airflow/.local/lib/python3.12/site-packages/airflow/example_dags/plugins/decreasing_priority_weight_strategy.py
[2026-07-29T18:37:59.373+0000] {processor.py:208} INFO - Processing /home/airflow/.local/lib/python3.12/site-packages/airflow/example_dags/plugins/decreasing_priority_weight_strategy.py took 0.012 seconds
[2026-07-29T18:38:30.422+0000] {processor.py:186} INFO - Started process (PID=21779) to work on /home/airflow/.local/lib/python3.12/site-packages/airflow/example_dags/plugins/decreasing_priority_weight_strategy.py
[2026-07-29T18:38:30.422+0000] {processor.py:914} INFO - Processing file /home/airflow/.local/lib/python3.12/site-packages/airflow/example_dags/plugins/decreasing_priority_weight_strategy.py for tasks to queue
[2026-07-29T18:38:30.424+0000] {logging_mixin.py:190} INFO - [2026-07-29T18:38:30.423+0000] {dagbag.py:587} INFO - Filling up the DagBag from /home/airflow/.local/lib/python3.12/site-packages/airflow/example_dags/plugins/decreasing_priority_weight_strategy.py
[2026-07-29T18:38:30.425+0000] {processor.py:927} WARNING - No viable dags retrieved from /home/airflow/.local/lib/python3.12/site-packages/airflow/example_dags/plugins/decreasing_priority_weight_strategy.py
[2026-07-29T18:38:30.432+0000] {processor.py:208} INFO - Processing /home/airflow/.local/lib/python3.12/site-packages/airflow/example_dags/plugins/decreasing_priority_weight_strategy.py took 0.013 seconds
[2026-07-29T18:39:01.328+0000] {processor.py:186} INFO - Started process (PID=21851) to work on /home/airflow/.local/lib/python3.12/site-packages/airflow/example_dags/plugins/decreasing_priority_weight_strategy.py
[2026-07-29T18:39:01.328+0000] {processor.py:914} INFO - Processing file /home/airflow/.local/lib/python3.12/site-packages/airflow/example_dags/plugins/decreasing_priority_weight_strategy.py for tasks to queue
[2026-07-29T18:39:01.330+0000] {logging_mixin.py:190} INFO - [2026-07-29T18:39:01.329+0000] {dagbag.py:587} INFO - Filling up the DagBag from /home/airflow/.local/lib/python3.12/site-packages/airflow/example_dags/plugins/decreasing_priority_weight_strategy.py
[2026-07-29T18:39:01.331+0000] {processor.py:927} WARNING - No viable dags retrieved from /home/airflow/.local/lib/python3.12/site-packages/airflow/example_dags/plugins/decreasing_priority_weight_strategy.py
[2026-07-29T18:39:01.342+0000] {processor.py:208} INFO - Processing /home/airflow/.local/lib/python3.12/site-packages/airflow/example_dags/plugins/decreasing_priority_weight_strategy.py took 0.018 seconds
[2026-07-29T18:39:32.374+0000] {processor.py:186} INFO - Started process (PID=21917) to work on /home/airflow/.local/lib/python3.12/site-packages/airflow/example_dags/plugins/decreasing_priority_weight_strategy.py
[2026-07-29T18:39:32.374+0000] {processor.py:914} INFO - Processing file /home/airflow/.local/lib/python3.12/site-packages/airflow/example_dags/plugins/decreasing_priority_weight_strategy.py for tasks to queue
[2026-07-29T18:39:32.375+0000] {logging_mixin.py:190} INFO - [2026-07-29T18:39:32.375+0000] {dagbag.py:587} INFO - Filling up the DagBag from /home/airflow/.local/lib/python3.12/site-packages/airflow/example_dags/plugins/decreasing_priority_weight_strategy.py
[2026-07-29T18:39:32.376+0000] {processor.py:927} WARNING - No viable dags retrieved from /home/airflow/.local/lib/python3.12/site-packages/airflow/example_dags/plugins/decreasing_priority_weight_strategy.py
[2026-07-29T18:39:32.387+0000] {processor.py:208} INFO - Processing /home/airflow/.local/lib/python3.12/site-packages/airflow/example_dags/plugins/decreasing_priority_weight_strategy.py took 0.016 seconds
[2026-07-29T18:40:02.568+0000] {processor.py:186} INFO - Started process (PID=21983) to work on /home/airflow/.local/lib/python3.12/site-packages/airflow/example_dags/plugins/decreasing_priority_weight_strategy.py
[2026-07-29T18:40:02.569+0000] {processor.py:914} INFO - Processing file /home/airflow/.local/lib/python3.12/site-packages/airflow/example_dags/plugins/decreasing_priority_weight_strategy.py for tasks to queue
[2026-07-29T18:40:02.570+0000] {logging_mixin.py:190} INFO - [2026-07-29T18:40:02.570+0000] {dagbag.py:587} INFO - Filling up the DagBag from /home/airflow/.local/lib/python3.12/site-packages/airflow/example_dags/plugins/decreasing_priority_weight_strategy.py
[2026-07-29T18:40:02.571+0000] {processor.py:927} WARNING - No viable dags retrieved from /home/airflow/.local/lib/python3.12/site-packages/airflow/example_dags/plugins/decreasing_priority_weight_strategy.py
[2026-07-29T18:40:02.581+0000] {processor.py:208} INFO - Processing /home/airflow/.local/lib/python3.12/site-packages/airflow/example_dags/plugins/decreasing_priority_weight_strategy.py took 0.015 seconds
[2026-07-29T18:40:32.631+0000] {processor.py:186} INFO - Started process (PID=22049) to work on /home/airflow/.local/lib/python3.12/site-packages/airflow/example_dags/plugins/decreasing_priority_weight_strategy.py
[2026-07-29T18:40:32.633+0000] {processor.py:914} INFO - Processing file /home/airflow/.local/lib/python3.12/site-packages/airflow/example_dags/plugins/decreasing_priority_weight_strategy.py for tasks to queue
[2026-07-29T18:40:32.633+0000] {logging_mixin.py:190} INFO - [2026-07-29T18:40:32.633+0000] {dagbag.py:587} INFO - Filling up the DagBag from /home/airflow/.local/lib/python3.12/site-packages/airflow/example_dags/plugins/decreasing_priority_weight_strategy.py
[2026-07-29T18:40:32.634+0000] {processor.py:927} WARNING - No viable dags retrieved from /home/airflow/.local/lib/python3.12/site-packages/airflow/example_dags/plugins/decreasing_priority_weight_strategy.py
[2026-07-29T18:40:32.640+0000] {processor.py:208} INFO - Processing /home/airflow/.local/lib/python3.12/site-packages/airflow/example_dags/plugins/decreasing_priority_weight_strategy.py took 0.012 seconds
[2026-07-29T18:41:02.746+0000] {processor.py:186} INFO - Started process (PID=22114) to work on /home/airflow/.local/lib/python3.12/site-packages/airflow/example_dags/plugins/decreasing_priority_weight_strategy.py
[2026-07-29T18:41:02.747+0000] {processor.py:914} INFO - Processing file /home/airflow/.local/lib/python3.12/site-packages/airflow/example_dags/plugins/decreasing_priority_weight_strategy.py for tasks to queue
[2026-07-29T18:41:02.751+0000] {logging_mixin.py:190} INFO - [2026-07-29T18:41:02.751+0000] {dagbag.py:587} INFO - Filling up the DagBag from /home/airflow/.local/lib/python3.12/site-packages/airflow/example_dags/plugins/decreasing_priority_weight_strategy.py
[2026-07-29T18:41:02.752+0000] {processor.py:927} WARNING - No viable dags retrieved from /home/airflow/.local/lib/python3.12/site-packages/airflow/example_dags/plugins/decreasing_priority_weight_strategy.py
[2026-07-29T18:41:02.757+0000] {processor.py:208} INFO - Processing /home/airflow/.local/lib/python3.12/site-packages/airflow/example_dags/plugins/decreasing_priority_weight_strategy.py took 0.014 seconds
[2026-07-29T18:41:33.205+0000] {processor.py:186} INFO - Started process (PID=22180) to work on /home/airflow/.local/lib/python3.12/site-packages/airflow/example_dags/plugins/decreasing_priority_weight_strategy.py
[2026-07-29T18:41:33.206+0000] {processor.py:914} INFO - Processing file /home/airflow/.local/lib/python3.12/site-packages/airflow/example_dags/plugins/decreasing_priority_weight_strategy.py for tasks to queue
[2026-07-29T18:41:33.208+0000] {logging_mixin.py:190} INFO - [2026-07-29T18:41:33.208+0000] {dagbag.py:587} INFO - Filling up the DagBag from /home/airflow/.local/lib/python3.12/site-packages/airflow/example_dags/plugins/decreasing_priority_weight_strategy.py
[2026-07-29T18:41:33.209+0000] {processor.py:927} WARNING - No viable dags retrieved from /home/airflow/.local/lib/python3.12/site-packages/airflow/example_dags/plugins/decreasing_priority_weight_strategy.py
[2026-07-29T18:41:33.216+0000] {processor.py:208} INFO - Processing /home/airflow/.local/lib/python3.12/site-packages/airflow/example_dags/plugins/decreasing_priority_weight_strategy.py took 0.013 seconds
[2026-07-29T18:42:03.582+0000] {processor.py:186} INFO - Started process (PID=22246) to work on /home/airflow/.local/lib/python3.12/site-packages/airflow/example_dags/plugins/decreasing_priority_weight_strategy.py
[2026-07-29T18:42:03.583+0000] {processor.py:914} INFO - Processing file /home/airflow/.local/lib/python3.12/site-packages/airflow/example_dags/plugins/decreasing_priority_weight_strategy.py for tasks to queue
[2026-07-29T18:42:03.585+0000] {logging_mixin.py:190} INFO - [2026-07-29T18:42:03.584+0000] {dagbag.py:587} INFO - Filling up the DagBag from /home/airflow/.local/lib/python3.12/site-packages/airflow/example_dags/plugins/decreasing_priority_weight_strategy.py
[2026-07-29T18:42:03.586+0000] {processor.py:927} WARNING - No viable dags retrieved from /home/airflow/.local/lib/python3.12/site-packages/airflow/example_dags/plugins/decreasing_priority_weight_strategy.py
[2026-07-29T18:42:03.593+0000] {processor.py:208} INFO - Processing /home/airflow/.local/lib/python3.12/site-packages/airflow/example_dags/plugins/decreasing_priority_weight_strategy.py took 0.014 seconds
[2026-07-29T18:42:33.748+0000] {processor.py:186} INFO - Started process (PID=22312) to work on /home/airflow/.local/lib/python3.12/site-packages/airflow/example_dags/plugins/decreasing_priority_weight_strategy.py
[2026-07-29T18:42:33.749+0000] {processor.py:914} INFO - Processing file /home/airflow/.local/lib/python3.12/site-packages/airflow/example_dags/plugins/decreasing_priority_weight_strategy.py for tasks to queue
[2026-07-29T18:42:33.751+0000] {logging_mixin.py:190} INFO - [2026-07-29T18:42:33.750+0000] {dagbag.py:587} INFO - Filling up the DagBag from /home/airflow/.local/lib/python3.12/site-packages/airflow/example_dags/plugins/decreasing_priority_weight_strategy.py
[2026-07-29T18:42:33.752+0000] {processor.py:927} WARNING - No viable dags retrieved from /home/airflow/.local/lib/python3.12/site-packages/airflow/example_dags/plugins/decreasing_priority_weight_strategy.py
[2026-07-29T18:42:33.758+0000] {processor.py:208} INFO - Processing /home/airflow/.local/lib/python3.12/site-packages/airflow/example_dags/plugins/decreasing_priority_weight_strategy.py took 0.012 seconds
[2026-07-29T18:43:04.901+0000] {processor.py:186} INFO - Started process (PID=22379) to work on /home/airflow/.local/lib/python3.12/site-packages/airflow/example_dags/plugins/decreasing_priority_weight_strategy.py
[2026-07-29T18:43:04.902+0000] {processor.py:914} INFO - Processing file /home/airflow/.local/lib/python3.12/site-packages/airflow/example_dags/plugins/decreasing_priority_weight_strategy.py for tasks to queue
[2026-07-29T18:43:04.904+0000] {logging_mixin.py:190} INFO - [2026-07-29T18:43:04.904+0000] {dagbag.py:587} INFO - Filling up the DagBag from /home/airflow/.local/lib/python3.12/site-packages/airflow/example_dags/plugins/decreasing_priority_weight_strategy.py
[2026-07-29T18:43:04.906+0000] {processor.py:927} WARNING - No viable dags retrieved from /home/airflow/.local/lib/python3.12/site-packages/airflow/example_dags/plugins/decreasing_priority_weight_strategy.py
[2026-07-29T18:43:04.913+0000] {processor.py:208} INFO - Processing /home/airflow/.local/lib/python3.12/site-packages/airflow/example_dags/plugins/decreasing_priority_weight_strategy.py took 0.015 seconds
[2026-07-29T18:43:35.162+0000] {processor.py:186} INFO - Started process (PID=22445) to work on /home/airflow/.local/lib/python3.12/site-packages/airflow/example_dags/plugins/decreasing_priority_weight_strategy.py
[2026-07-29T18:43:35.163+0000] {processor.py:914} INFO - Processing file /home/airflow/.local/lib/python3.12/site-packages/airflow/example_dags/plugins/decreasing_priority_weight_strategy.py for tasks to queue
[2026-07-29T18:43:35.164+0000] {logging_mixin.py:190} INFO - [2026-07-29T18:43:35.164+0000] {dagbag.py:587} INFO - Filling up the DagBag from /home/airflow/.local/lib/python3.12/site-packages/airflow/example_dags/plugins/decreasing_priority_weight_strategy.py
[2026-07-29T18:43:35.166+0000] {processor.py:927} WARNING - No viable dags retrieved from /home/airflow/.local/lib/python3.12/site-packages/airflow/example_dags/plugins/decreasing_priority_weight_strategy.py
[2026-07-29T18:43:35.176+0000] {processor.py:208} INFO - Processing /home/airflow/.local/lib/python3.12/site-packages/airflow/example_dags/plugins/decreasing_priority_weight_strategy.py took 0.017 seconds
[2026-07-29T18:44:05.664+0000] {processor.py:186} INFO - Started process (PID=22511) to work on /home/airflow/.local/lib/python3.12/site-packages/airflow/example_dags/plugins/decreasing_priority_weight_strategy.py
[2026-07-29T18:44:05.665+0000] {processor.py:914} INFO - Processing file /home/airflow/.local/lib/python3.12/site-packages/airflow/example_dags/plugins/decreasing_priority_weight_strategy.py for tasks to queue
[2026-07-29T18:44:05.667+0000] {logging_mixin.py:190} INFO - [2026-07-29T18:44:05.667+0000] {dagbag.py:587} INFO - Filling up the DagBag from /home/airflow/.local/lib/python3.12/site-packages/airflow/example_dags/plugins/decreasing_priority_weight_strategy.py
[2026-07-29T18:44:05.668+0000] {processor.py:927} WARNING - No viable dags retrieved from /home/airflow/.local/lib/python3.12/site-packages/airflow/example_dags/plugins/decreasing_priority_weight_strategy.py
[2026-07-29T18:44:05.675+0000] {processor.py:208} INFO - Processing /home/airflow/.local/lib/python3.12/site-packages/airflow/example_dags/plugins/decreasing_priority_weight_strategy.py took 0.014 seconds
[2026-07-29T18:44:35.896+0000] {processor.py:186} INFO - Started process (PID=22577) to work on /home/airflow/.local/lib/python3.12/site-packages/airflow/example_dags/plugins/decreasing_priority_weight_strategy.py
[2026-07-29T18:44:35.897+0000] {processor.py:914} INFO - Processing file /home/airflow/.local/lib/python3.12/site-packages/airflow/example_dags/plugins/decreasing_priority_weight_strategy.py for tasks to queue
[2026-07-29T18:44:35.898+0000] {logging_mixin.py:190} INFO - [2026-07-29T18:44:35.898+0000] {dagbag.py:587} INFO - Filling up the DagBag from /home/airflow/.local/lib/python3.12/site-packages/airflow/example_dags/plugins/decreasing_priority_weight_strategy.py
[2026-07-29T18:44:35.899+0000] {processor.py:927} WARNING - No viable dags retrieved from /home/airflow/.local/lib/python3.12/site-packages/airflow/example_dags/plugins/decreasing_priority_weight_strategy.py
[2026-07-29T18:44:35.905+0000] {processor.py:208} INFO - Processing /home/airflow/.local/lib/python3.12/site-packages/airflow/example_dags/plugins/decreasing_priority_weight_strategy.py took 0.013 seconds
[2026-07-29T18:45:06.183+0000] {processor.py:186} INFO - Started process (PID=22643) to work on /home/airflow/.local/lib/python3.12/site-packages/airflow/example_dags/plugins/decreasing_priority_weight_strategy.py
[2026-07-29T18:45:06.184+0000] {processor.py:914} INFO - Processing file /home/airflow/.local/lib/python3.12/site-packages/airflow/example_dags/plugins/decreasing_priority_weight_strategy.py for tasks to queue
[2026-07-29T18:45:06.187+0000] {logging_mixin.py:190} INFO - [2026-07-29T18:45:06.186+0000] {dagbag.py:587} INFO - Filling up the DagBag from /home/airflow/.local/lib/python3.12/site-packages/airflow/example_dags/plugins/decreasing_priority_weight_strategy.py
[2026-07-29T18:45:06.188+0000] {processor.py:927} WARNING - No viable dags retrieved from /home/airflow/.local/lib/python3.12/site-packages/airflow/example_dags/plugins/decreasing_priority_weight_strategy.py
[2026-07-29T18:45:06.193+0000] {processor.py:208} INFO - Processing /home/airflow/.local/lib/python3.12/site-packages/airflow/example_dags/plugins/decreasing_priority_weight_strategy.py took 0.013 seconds
[2026-07-29T18:45:37.266+0000] {processor.py:186} INFO - Started process (PID=22709) to work on /home/airflow/.local/lib/python3.12/site-packages/airflow/example_dags/plugins/decreasing_priority_weight_strategy.py
[2026-07-29T18:45:37.266+0000] {processor.py:914} INFO - Processing file /home/airflow/.local/lib/python3.12/site-packages/airflow/example_dags/plugins/decreasing_priority_weight_strategy.py for tasks to queue
[2026-07-29T18:45:37.270+0000] {logging_mixin.py:190} INFO - [2026-07-29T18:45:37.270+0000] {dagbag.py:587} INFO - Filling up the DagBag from /home/airflow/.local/lib/python3.12/site-packages/airflow/example_dags/plugins/decreasing_priority_weight_strategy.py
[2026-07-29T18:45:37.271+0000] {processor.py:927} WARNING - No viable dags retrieved from /home/airflow/.local/lib/python3.12/site-packages/airflow/example_dags/plugins/decreasing_priority_weight_strategy.py
[2026-07-29T18:45:37.277+0000] {processor.py:208} INFO - Processing /home/airflow/.local/lib/python3.12/site-packages/airflow/example_dags/plugins/decreasing_priority_weight_strategy.py took 0.014 seconds
[2026-07-29T18:46:08.301+0000] {processor.py:186} INFO - Started process (PID=22775) to work on /home/airflow/.local/lib/python3.12/site-packages/airflow/example_dags/plugins/decreasing_priority_weight_strategy.py
[2026-07-29T18:46:08.302+0000] {processor.py:914} INFO - Processing file /home/airflow/.local/lib/python3.12/site-packages/airflow/example_dags/plugins/decreasing_priority_weight_strategy.py for tasks to queue
[2026-07-29T18:46:08.302+0000] {logging_mixin.py:190} INFO - [2026-07-29T18:46:08.302+0000] {dagbag.py:587} INFO - Filling up the DagBag from /home/airflow/.local/lib/python3.12/site-packages/airflow/example_dags/plugins/decreasing_priority_weight_strategy.py
[2026-07-29T18:46:08.303+0000] {processor.py:927} WARNING - No viable dags retrieved from /home/airflow/.local/lib/python3.12/site-packages/airflow/example_dags/plugins/decreasing_priority_weight_strategy.py
[2026-07-29T18:46:08.308+0000] {processor.py:208} INFO - Processing /home/airflow/.local/lib/python3.12/site-packages/airflow/example_dags/plugins/decreasing_priority_weight_strategy.py took 0.009 seconds
[2026-07-29T18:46:39.385+0000] {processor.py:186} INFO - Started process (PID=22841) to work on /home/airflow/.local/lib/python3.12/site-packages/airflow/example_dags/plugins/decreasing_priority_weight_strategy.py
[2026-07-29T18:46:39.386+0000] {processor.py:914} INFO - Processing file /home/airflow/.local/lib/python3.12/site-packages/airflow/example_dags/plugins/decreasing_priority_weight_strategy.py for tasks to queue
[2026-07-29T18:46:39.387+0000] {logging_mixin.py:190} INFO - [2026-07-29T18:46:39.386+0000] {dagbag.py:587} INFO - Filling up the DagBag from /home/airflow/.local/lib/python3.12/site-packages/airflow/example_dags/plugins/decreasing_priority_weight_strategy.py
[2026-07-29T18:46:39.388+0000] {processor.py:927} WARNING - No viable dags retrieved from /home/airflow/.local/lib/python3.12/site-packages/airflow/example_dags/plugins/decreasing_priority_weight_strategy.py
[2026-07-29T18:46:39.393+0000] {processor.py:208} INFO - Processing /home/airflow/.local/lib/python3.12/site-packages/airflow/example_dags/plugins/decreasing_priority_weight_strategy.py took 0.011 seconds
[2026-07-29T18:47:10.398+0000] {processor.py:186} INFO - Started process (PID=22907) to work on /home/airflow/.local/lib/python3.12/site-packages/airflow/example_dags/plugins/decreasing_priority_weight_strategy.py
[2026-07-29T18:47:10.399+0000] {processor.py:914} INFO - Processing file /home/airflow/.local/lib/python3.12/site-packages/airflow/example_dags/plugins/decreasing_priority_weight_strategy.py for tasks to queue
[2026-07-29T18:47:10.401+0000] {logging_mixin.py:190} INFO - [2026-07-29T18:47:10.400+0000] {dagbag.py:587} INFO - Filling up the DagBag from /home/airflow/.local/lib/python3.12/site-packages/airflow/example_dags/plugins/decreasing_priority_weight_strategy.py
[2026-07-29T18:47:10.402+0000] {processor.py:927} WARNING - No viable dags retrieved from /home/airflow/.local/lib/python3.12/site-packages/airflow/example_dags/plugins/decreasing_priority_weight_strategy.py
[2026-07-29T18:47:10.408+0000] {processor.py:208} INFO - Processing /home/airflow/.local/lib/python3.12/site-packages/airflow/example_dags/plugins/decreasing_priority_weight_strategy.py took 0.014 seconds
[2026-07-29T18:47:41.386+0000] {processor.py:186} INFO - Started process (PID=22973) to work on /home/airflow/.local/lib/python3.12/site-packages/airflow/example_dags/plugins/decreasing_priority_weight_strategy.py
[2026-07-29T18:47:41.387+0000] {processor.py:914} INFO - Processing file /home/airflow/.local/lib/python3.12/site-packages/airflow/example_dags/plugins/decreasing_priority_weight_strategy.py for tasks to queue
[2026-07-29T18:47:41.389+0000] {logging_mixin.py:190} INFO - [2026-07-29T18:47:41.389+0000] {dagbag.py:587} INFO - Filling up the DagBag from /home/airflow/.local/lib/python3.12/site-packages/airflow/example_dags/plugins/decreasing_priority_weight_strategy.py
[2026-07-29T18:47:41.391+0000] {processor.py:927} WARNING - No viable dags retrieved from /home/airflow/.local/lib/python3.12/site-packages/airflow/example_dags/plugins/decreasing_priority_weight_strategy.py
[2026-07-29T18:47:41.397+0000] {processor.py:208} INFO - Processing /home/airflow/.local/lib/python3.12/site-packages/airflow/example_dags/plugins/decreasing_priority_weight_strategy.py took 0.014 seconds
[2026-07-29T18:48:12.372+0000] {processor.py:186} INFO - Started process (PID=23039) to work on /home/airflow/.local/lib/python3.12/site-packages/airflow/example_dags/plugins/decreasing_priority_weight_strategy.py
[2026-07-29T18:48:12.372+0000] {processor.py:914} INFO - Processing file /home/airflow/.local/lib/python3.12/site-packages/airflow/example_dags/plugins/decreasing_priority_weight_strategy.py for tasks to queue
[2026-07-29T18:48:12.374+0000] {logging_mixin.py:190} INFO - [2026-07-29T18:48:12.374+0000] {dagbag.py:587} INFO - Filling up the DagBag from /home/airflow/.local/lib/python3.12/site-packages/airflow/example_dags/plugins/decreasing_priority_weight_strategy.py
[2026-07-29T18:48:12.376+0000] {processor.py:927} WARNING - No viable dags retrieved from /home/airflow/.local/lib/python3.12/site-packages/airflow/example_dags/plugins/decreasing_priority_weight_strategy.py
[2026-07-29T18:48:12.386+0000] {processor.py:208} INFO - Processing /home/airflow/.local/lib/python3.12/site-packages/airflow/example_dags/plugins/decreasing_priority_weight_strategy.py took 0.017 seconds
[2026-07-29T18:48:43.435+0000] {processor.py:186} INFO - Started process (PID=23105) to work on /home/airflow/.local/lib/python3.12/site-packages/airflow/example_dags/plugins/decreasing_priority_weight_strategy.py
[2026-07-29T18:48:43.436+0000] {processor.py:914} INFO - Processing file /home/airflow/.local/lib/python3.12/site-packages/airflow/example_dags/plugins/decreasing_priority_weight_strategy.py for tasks to queue
[2026-07-29T18:48:43.437+0000] {logging_mixin.py:190} INFO - [2026-07-29T18:48:43.437+0000] {dagbag.py:587} INFO - Filling up the DagBag from /home/airflow/.local/lib/python3.12/site-packages/airflow/example_dags/plugins/decreasing_priority_weight_strategy.py
[2026-07-29T18:48:43.438+0000] {processor.py:927} WARNING - No viable dags retrieved from /home/airflow/.local/lib/python3.12/site-packages/airflow/example_dags/plugins/decreasing_priority_weight_strategy.py
[2026-07-29T18:48:43.444+0000] {processor.py:208} INFO - Processing /home/airflow/.local/lib/python3.12/site-packages/airflow/example_dags/plugins/decreasing_priority_weight_strategy.py took 0.011 seconds
[2026-07-29T18:49:14.652+0000] {processor.py:186} INFO - Started process (PID=23171) to work on /home/airflow/.local/lib/python3.12/site-packages/airflow/example_dags/plugins/decreasing_priority_weight_strategy.py
[2026-07-29T18:49:14.653+0000] {processor.py:914} INFO - Processing file /home/airflow/.local/lib/python3.12/site-packages/airflow/example_dags/plugins/decreasing_priority_weight_strategy.py for tasks to queue
[2026-07-29T18:49:14.654+0000] {logging_mixin.py:190} INFO - [2026-07-29T18:49:14.654+0000] {dagbag.py:587} INFO - Filling up the DagBag from /home/airflow/.local/lib/python3.12/site-packages/airflow/example_dags/plugins/decreasing_priority_weight_strategy.py
[2026-07-29T18:49:14.655+0000] {processor.py:927} WARNING - No viable dags retrieved from /home/airflow/.local/lib/python3.12/site-packages/airflow/example_dags/plugins/decreasing_priority_weight_strategy.py
[2026-07-29T18:49:14.661+0000] {processor.py:208} INFO - Processing /home/airflow/.local/lib/python3.12/site-packages/airflow/example_dags/plugins/decreasing_priority_weight_strategy.py took 0.012 seconds
[2026-07-29T18:49:45.740+0000] {processor.py:186} INFO - Started process (PID=23237) to work on /home/airflow/.local/lib/python3.12/site-packages/airflow/example_dags/plugins/decreasing_priority_weight_strategy.py
[2026-07-29T18:49:45.740+0000] {processor.py:914} INFO - Processing file /home/airflow/.local/lib/python3.12/site-packages/airflow/example_dags/plugins/decreasing_priority_weight_strategy.py for tasks to queue
[2026-07-29T18:49:45.741+0000] {logging_mixin.py:190} INFO - [2026-07-29T18:49:45.741+0000] {dagbag.py:587} INFO - Filling up the DagBag from /home/airflow/.local/lib/python3.12/site-packages/airflow/example_dags/plugins/decreasing_priority_weight_strategy.py
[2026-07-29T18:49:45.742+0000] {processor.py:927} WARNING - No viable dags retrieved from /home/airflow/.local/lib/python3.12/site-packages/airflow/example_dags/plugins/decreasing_priority_weight_strategy.py
[2026-07-29T18:49:45.747+0000] {processor.py:208} INFO - Processing /home/airflow/.local/lib/python3.12/site-packages/airflow/example_dags/plugins/decreasing_priority_weight_strategy.py took 0.010 seconds
[2026-07-29T18:50:16.047+0000] {processor.py:186} INFO - Started process (PID=23303) to work on /home/airflow/.local/lib/python3.12/site-packages/airflow/example_dags/plugins/decreasing_priority_weight_strategy.py
[2026-07-29T18:50:16.048+0000] {processor.py:914} INFO - Processing file /home/airflow/.local/lib/python3.12/site-packages/airflow/example_dags/plugins/decreasing_priority_weight_strategy.py for tasks to queue
[2026-07-29T18:50:16.049+0000] {logging_mixin.py:190} INFO - [2026-07-29T18:50:16.048+0000] {dagbag.py:587} INFO - Filling up the DagBag from /home/airflow/.local/lib/python3.12/site-packages/airflow/example_dags/plugins/decreasing_priority_weight_strategy.py
[2026-07-29T18:50:16.050+0000] {processor.py:927} WARNING - No viable dags retrieved from /home/airflow/.local/lib/python3.12/site-packages/airflow/example_dags/plugins/decreasing_priority_weight_strategy.py
[2026-07-29T18:50:16.055+0000] {processor.py:208} INFO - Processing /home/airflow/.local/lib/python3.12/site-packages/airflow/example_dags/plugins/decreasing_priority_weight_strategy.py took 0.011 seconds
[2026-07-29T18:50:46.299+0000] {processor.py:186} INFO - Started process (PID=23369) to work on /home/airflow/.local/lib/python3.12/site-packages/airflow/example_dags/plugins/decreasing_priority_weight_strategy.py
[2026-07-29T18:50:46.299+0000] {processor.py:914} INFO - Processing file /home/airflow/.local/lib/python3.12/site-packages/airflow/example_dags/plugins/decreasing_priority_weight_strategy.py for tasks to queue
[2026-07-29T18:50:46.301+0000] {logging_mixin.py:190} INFO - [2026-07-29T18:50:46.300+0000] {dagbag.py:587} INFO - Filling up the DagBag from /home/airflow/.local/lib/python3.12/site-packages/airflow/example_dags/plugins/decreasing_priority_weight_strategy.py
[2026-07-29T18:50:46.302+0000] {processor.py:927} WARNING - No viable dags retrieved from /home/airflow/.local/lib/python3.12/site-packages/airflow/example_dags/plugins/decreasing_priority_weight_strategy.py
[2026-07-29T18:50:46.308+0000] {processor.py:208} INFO - Processing /home/airflow/.local/lib/python3.12/site-packages/airflow/example_dags/plugins/decreasing_priority_weight_strategy.py took 0.012 seconds
[2026-07-29T18:51:16.538+0000] {processor.py:186} INFO - Started process (PID=23435) to work on /home/airflow/.local/lib/python3.12/site-packages/airflow/example_dags/plugins/decreasing_priority_weight_strategy.py
[2026-07-29T18:51:16.539+0000] {processor.py:914} INFO - Processing file /home/airflow/.local/lib/python3.12/site-packages/airflow/example_dags/plugins/decreasing_priority_weight_strategy.py for tasks to queue
[2026-07-29T18:51:16.540+0000] {logging_mixin.py:190} INFO - [2026-07-29T18:51:16.539+0000] {dagbag.py:587} INFO - Filling up the DagBag from /home/airflow/.local/lib/python3.12/site-packages/airflow/example_dags/plugins/decreasing_priority_weight_strategy.py
[2026-07-29T18:51:16.540+0000] {processor.py:927} WARNING - No viable dags retrieved from /home/airflow/.local/lib/python3.12/site-packages/airflow/example_dags/plugins/decreasing_priority_weight_strategy.py
[2026-07-29T18:51:16.547+0000] {processor.py:208} INFO - Processing /home/airflow/.local/lib/python3.12/site-packages/airflow/example_dags/plugins/decreasing_priority_weight_strategy.py took 0.011 seconds
[2026-07-29T18:51:46.937+0000] {processor.py:186} INFO - Started process (PID=23500) to work on /home/airflow/.local/lib/python3.12/site-packages/airflow/example_dags/plugins/decreasing_priority_weight_strategy.py
[2026-07-29T18:51:46.938+0000] {processor.py:914} INFO - Processing file /home/airflow/.local/lib/python3.12/site-packages/airflow/example_dags/plugins/decreasing_priority_weight_strategy.py for tasks to queue
[2026-07-29T18:51:46.939+0000] {logging_mixin.py:190} INFO - [2026-07-29T18:51:46.939+0000] {dagbag.py:587} INFO - Filling up the DagBag from /home/airflow/.local/lib/python3.12/site-packages/airflow/example_dags/plugins/decreasing_priority_weight_strategy.py
[2026-07-29T18:51:46.940+0000] {processor.py:927} WARNING - No viable dags retrieved from /home/airflow/.local/lib/python3.12/site-packages/airflow/example_dags/plugins/decreasing_priority_weight_strategy.py
[2026-07-29T18:51:46.947+0000] {processor.py:208} INFO - Processing /home/airflow/.local/lib/python3.12/site-packages/airflow/example_dags/plugins/decreasing_priority_weight_strategy.py took 0.013 seconds
[2026-07-29T18:52:18.163+0000] {processor.py:186} INFO - Started process (PID=23567) to work on /home/airflow/.local/lib/python3.12/site-packages/airflow/example_dags/plugins/decreasing_priority_weight_strategy.py
[2026-07-29T18:52:18.163+0000] {processor.py:914} INFO - Processing file /home/airflow/.local/lib/python3.12/site-packages/airflow/example_dags/plugins/decreasing_priority_weight_strategy.py for tasks to queue
[2026-07-29T18:52:18.164+0000] {logging_mixin.py:190} INFO - [2026-07-29T18:52:18.164+0000] {dagbag.py:587} INFO - Filling up the DagBag from /home/airflow/.local/lib/python3.12/site-packages/airflow/example_dags/plugins/decreasing_priority_weight_strategy.py
[2026-07-29T18:52:18.166+0000] {processor.py:927} WARNING - No viable dags retrieved from /home/airflow/.local/lib/python3.12/site-packages/airflow/example_dags/plugins/decreasing_priority_weight_strategy.py
[2026-07-29T18:52:18.173+0000] {processor.py:208} INFO - Processing /home/airflow/.local/lib/python3.12/site-packages/airflow/example_dags/plugins/decreasing_priority_weight_strategy.py took 0.013 seconds
[2026-07-29T18:52:49.226+0000] {processor.py:186} INFO - Started process (PID=23633) to work on /home/airflow/.local/lib/python3.12/site-packages/airflow/example_dags/plugins/decreasing_priority_weight_strategy.py
[2026-07-29T18:52:49.227+0000] {processor.py:914} INFO - Processing file /home/airflow/.local/lib/python3.12/site-packages/airflow/example_dags/plugins/decreasing_priority_weight_strategy.py for tasks to queue
[2026-07-29T18:52:49.228+0000] {logging_mixin.py:190} INFO - [2026-07-29T18:52:49.228+0000] {dagbag.py:587} INFO - Filling up the DagBag from /home/airflow/.local/lib/python3.12/site-packages/airflow/example_dags/plugins/decreasing_priority_weight_strategy.py
[2026-07-29T18:52:49.230+0000] {processor.py:927} WARNING - No viable dags retrieved from /home/airflow/.local/lib/python3.12/site-packages/airflow/example_dags/plugins/decreasing_priority_weight_strategy.py
[2026-07-29T18:52:49.236+0000] {processor.py:208} INFO - Processing /home/airflow/.local/lib/python3.12/site-packages/airflow/example_dags/plugins/decreasing_priority_weight_strategy.py took 0.013 seconds
[2026-07-29T18:53:20.383+0000] {processor.py:186} INFO - Started process (PID=23699) to work on /home/airflow/.local/lib/python3.12/site-packages/airflow/example_dags/plugins/decreasing_priority_weight_strategy.py
[2026-07-29T18:53:20.384+0000] {processor.py:914} INFO - Processing file /home/airflow/.local/lib/python3.12/site-packages/airflow/example_dags/plugins/decreasing_priority_weight_strategy.py for tasks to queue
[2026-07-29T18:53:20.385+0000] {logging_mixin.py:190} INFO - [2026-07-29T18:53:20.385+0000] {dagbag.py:587} INFO - Filling up the DagBag from /home/airflow/.local/lib/python3.12/site-packages/airflow/example_dags/plugins/decreasing_priority_weight_strategy.py
[2026-07-29T18:53:20.386+0000] {processor.py:927} WARNING - No viable dags retrieved from /home/airflow/.local/lib/python3.12/site-packages/airflow/example_dags/plugins/decreasing_priority_weight_strategy.py
[2026-07-29T18:53:20.392+0000] {processor.py:208} INFO - Processing /home/airflow/.local/lib/python3.12/site-packages/airflow/example_dags/plugins/decreasing_priority_weight_strategy.py took 0.011 seconds
[2026-07-29T18:53:50.738+0000] {processor.py:186} INFO - Started process (PID=23765) to work on /home/airflow/.local/lib/python3.12/site-packages/airflow/example_dags/plugins/decreasing_priority_weight_strategy.py
[2026-07-29T18:53:50.739+0000] {processor.py:914} INFO - Processing file /home/airflow/.local/lib/python3.12/site-packages/airflow/example_dags/plugins/decreasing_priority_weight_strategy.py for tasks to queue
[2026-07-29T18:53:50.741+0000] {logging_mixin.py:190} INFO - [2026-07-29T18:53:50.741+0000] {dagbag.py:587} INFO - Filling up the DagBag from /home/airflow/.local/lib/python3.12/site-packages/airflow/example_dags/plugins/decreasing_priority_weight_strategy.py
[2026-07-29T18:53:50.742+0000] {processor.py:927} WARNING - No viable dags retrieved from /home/airflow/.local/lib/python3.12/site-packages/airflow/example_dags/plugins/decreasing_priority_weight_strategy.py
[2026-07-29T18:53:50.748+0000] {processor.py:208} INFO - Processing /home/airflow/.local/lib/python3.12/site-packages/airflow/example_dags/plugins/decreasing_priority_weight_strategy.py took 0.013 seconds
[2026-07-29T18:54:21.811+0000] {processor.py:186} INFO - Started process (PID=23831) to work on /home/airflow/.local/lib/python3.12/site-packages/airflow/example_dags/plugins/decreasing_priority_weight_strategy.py
[2026-07-29T18:54:21.811+0000] {processor.py:914} INFO - Processing file /home/airflow/.local/lib/python3.12/site-packages/airflow/example_dags/plugins/decreasing_priority_weight_strategy.py for tasks to queue
[2026-07-29T18:54:21.813+0000] {logging_mixin.py:190} INFO - [2026-07-29T18:54:21.812+0000] {dagbag.py:587} INFO - Filling up the DagBag from /home/airflow/.local/lib/python3.12/site-packages/airflow/example_dags/plugins/decreasing_priority_weight_strategy.py
[2026-07-29T18:54:21.815+0000] {processor.py:927} WARNING - No viable dags retrieved from /home/airflow/.local/lib/python3.12/site-packages/airflow/example_dags/plugins/decreasing_priority_weight_strategy.py
[2026-07-29T18:54:21.824+0000] {processor.py:208} INFO - Processing /home/airflow/.local/lib/python3.12/site-packages/airflow/example_dags/plugins/decreasing_priority_weight_strategy.py took 0.016 seconds
[2026-07-29T18:54:53.275+0000] {processor.py:186} INFO - Started process (PID=23918) to work on /home/airflow/.local/lib/python3.12/site-packages/airflow/example_dags/plugins/decreasing_priority_weight_strategy.py
[2026-07-29T18:54:53.276+0000] {processor.py:914} INFO - Processing file /home/airflow/.local/lib/python3.12/site-packages/airflow/example_dags/plugins/decreasing_priority_weight_strategy.py for tasks to queue
[2026-07-29T18:54:53.277+0000] {logging_mixin.py:190} INFO - [2026-07-29T18:54:53.277+0000] {dagbag.py:587} INFO - Filling up the DagBag from /home/airflow/.local/lib/python3.12/site-packages/airflow/example_dags/plugins/decreasing_priority_weight_strategy.py
[2026-07-29T18:54:53.278+0000] {processor.py:927} WARNING - No viable dags retrieved from /home/airflow/.local/lib/python3.12/site-packages/airflow/example_dags/plugins/decreasing_priority_weight_strategy.py
[2026-07-29T18:54:53.287+0000] {processor.py:208} INFO - Processing /home/airflow/.local/lib/python3.12/site-packages/airflow/example_dags/plugins/decreasing_priority_weight_strategy.py took 0.014 seconds
[2026-07-29T18:55:23.663+0000] {processor.py:186} INFO - Started process (PID=23987) to work on /home/airflow/.local/lib/python3.12/site-packages/airflow/example_dags/plugins/decreasing_priority_weight_strategy.py
[2026-07-29T18:55:23.664+0000] {processor.py:914} INFO - Processing file /home/airflow/.local/lib/python3.12/site-packages/airflow/example_dags/plugins/decreasing_priority_weight_strategy.py for tasks to queue
[2026-07-29T18:55:23.666+0000] {logging_mixin.py:190} INFO - [2026-07-29T18:55:23.665+0000] {dagbag.py:587} INFO - Filling up the DagBag from /home/airflow/.local/lib/python3.12/site-packages/airflow/example_dags/plugins/decreasing_priority_weight_strategy.py
[2026-07-29T18:55:23.667+0000] {processor.py:927} WARNING - No viable dags retrieved from /home/airflow/.local/lib/python3.12/site-packages/airflow/example_dags/plugins/decreasing_priority_weight_strategy.py
[2026-07-29T18:55:23.677+0000] {processor.py:208} INFO - Processing /home/airflow/.local/lib/python3.12/site-packages/airflow/example_dags/plugins/decreasing_priority_weight_strategy.py took 0.017 seconds
[2026-07-29T18:55:54.725+0000] {processor.py:186} INFO - Started process (PID=24053) to work on /home/airflow/.local/lib/python3.12/site-packages/airflow/example_dags/plugins/decreasing_priority_weight_strategy.py
[2026-07-29T18:55:54.725+0000] {processor.py:914} INFO - Processing file /home/airflow/.local/lib/python3.12/site-packages/airflow/example_dags/plugins/decreasing_priority_weight_strategy.py for tasks to queue
[2026-07-29T18:55:54.727+0000] {logging_mixin.py:190} INFO - [2026-07-29T18:55:54.727+0000] {dagbag.py:587} INFO - Filling up the DagBag from /home/airflow/.local/lib/python3.12/site-packages/airflow/example_dags/plugins/decreasing_priority_weight_strategy.py
[2026-07-29T18:55:54.728+0000] {processor.py:927} WARNING - No viable dags retrieved from /home/airflow/.local/lib/python3.12/site-packages/airflow/example_dags/plugins/decreasing_priority_weight_strategy.py
[2026-07-29T18:55:54.734+0000] {processor.py:208} INFO - Processing /home/airflow/.local/lib/python3.12/site-packages/airflow/example_dags/plugins/decreasing_priority_weight_strategy.py took 0.012 seconds
[2026-07-29T18:56:24.969+0000] {processor.py:186} INFO - Started process (PID=24119) to work on /home/airflow/.local/lib/python3.12/site-packages/airflow/example_dags/plugins/decreasing_priority_weight_strategy.py
[2026-07-29T18:56:24.971+0000] {processor.py:914} INFO - Processing file /home/airflow/.local/lib/python3.12/site-packages/airflow/example_dags/plugins/decreasing_priority_weight_strategy.py for tasks to queue
[2026-07-29T18:56:24.973+0000] {logging_mixin.py:190} INFO - [2026-07-29T18:56:24.973+0000] {dagbag.py:587} INFO - Filling up the DagBag from /home/airflow/.local/lib/python3.12/site-packages/airflow/example_dags/plugins/decreasing_priority_weight_strategy.py
[2026-07-29T18:56:24.974+0000] {processor.py:927} WARNING - No viable dags retrieved from /home/airflow/.local/lib/python3.12/site-packages/airflow/example_dags/plugins/decreasing_priority_weight_strategy.py
[2026-07-29T18:56:24.987+0000] {processor.py:208} INFO - Processing /home/airflow/.local/lib/python3.12/site-packages/airflow/example_dags/plugins/decreasing_priority_weight_strategy.py took 0.021 seconds
[2026-07-29T18:56:55.096+0000] {processor.py:186} INFO - Started process (PID=24185) to work on /home/airflow/.local/lib/python3.12/site-packages/airflow/example_dags/plugins/decreasing_priority_weight_strategy.py
[2026-07-29T18:56:55.096+0000] {processor.py:914} INFO - Processing file /home/airflow/.local/lib/python3.12/site-packages/airflow/example_dags/plugins/decreasing_priority_weight_strategy.py for tasks to queue
[2026-07-29T18:56:55.097+0000] {logging_mixin.py:190} INFO - [2026-07-29T18:56:55.097+0000] {dagbag.py:587} INFO - Filling up the DagBag from /home/airflow/.local/lib/python3.12/site-packages/airflow/example_dags/plugins/decreasing_priority_weight_strategy.py
[2026-07-29T18:56:55.099+0000] {processor.py:927} WARNING - No viable dags retrieved from /home/airflow/.local/lib/python3.12/site-packages/airflow/example_dags/plugins/decreasing_priority_weight_strategy.py
[2026-07-29T18:56:55.105+0000] {processor.py:208} INFO - Processing /home/airflow/.local/lib/python3.12/site-packages/airflow/example_dags/plugins/decreasing_priority_weight_strategy.py took 0.013 seconds
[2026-07-29T18:57:25.233+0000] {processor.py:186} INFO - Started process (PID=24251) to work on /home/airflow/.local/lib/python3.12/site-packages/airflow/example_dags/plugins/decreasing_priority_weight_strategy.py
[2026-07-29T18:57:25.233+0000] {processor.py:914} INFO - Processing file /home/airflow/.local/lib/python3.12/site-packages/airflow/example_dags/plugins/decreasing_priority_weight_strategy.py for tasks to queue
[2026-07-29T18:57:25.235+0000] {logging_mixin.py:190} INFO - [2026-07-29T18:57:25.235+0000] {dagbag.py:587} INFO - Filling up the DagBag from /home/airflow/.local/lib/python3.12/site-packages/airflow/example_dags/plugins/decreasing_priority_weight_strategy.py
[2026-07-29T18:57:25.236+0000] {processor.py:927} WARNING - No viable dags retrieved from /home/airflow/.local/lib/python3.12/site-packages/airflow/example_dags/plugins/decreasing_priority_weight_strategy.py
[2026-07-29T18:57:25.246+0000] {processor.py:208} INFO - Processing /home/airflow/.local/lib/python3.12/site-packages/airflow/example_dags/plugins/decreasing_priority_weight_strategy.py took 0.016 seconds
[2026-07-29T18:57:56.206+0000] {processor.py:186} INFO - Started process (PID=24317) to work on /home/airflow/.local/lib/python3.12/site-packages/airflow/example_dags/plugins/decreasing_priority_weight_strategy.py
[2026-07-29T18:57:56.206+0000] {processor.py:914} INFO - Processing file /home/airflow/.local/lib/python3.12/site-packages/airflow/example_dags/plugins/decreasing_priority_weight_strategy.py for tasks to queue
[2026-07-29T18:57:56.207+0000] {logging_mixin.py:190} INFO - [2026-07-29T18:57:56.207+0000] {dagbag.py:587} INFO - Filling up the DagBag from /home/airflow/.local/lib/python3.12/site-packages/airflow/example_dags/plugins/decreasing_priority_weight_strategy.py
[2026-07-29T18:57:56.209+0000] {processor.py:927} WARNING - No viable dags retrieved from /home/airflow/.local/lib/python3.12/site-packages/airflow/example_dags/plugins/decreasing_priority_weight_strategy.py
[2026-07-29T18:57:56.217+0000] {processor.py:208} INFO - Processing /home/airflow/.local/lib/python3.12/site-packages/airflow/example_dags/plugins/decreasing_priority_weight_strategy.py took 0.013 seconds
[2026-07-29T18:58:27.156+0000] {processor.py:186} INFO - Started process (PID=24383) to work on /home/airflow/.local/lib/python3.12/site-packages/airflow/example_dags/plugins/decreasing_priority_weight_strategy.py
[2026-07-29T18:58:27.157+0000] {processor.py:914} INFO - Processing file /home/airflow/.local/lib/python3.12/site-packages/airflow/example_dags/plugins/decreasing_priority_weight_strategy.py for tasks to queue
[2026-07-29T18:58:27.158+0000] {logging_mixin.py:190} INFO - [2026-07-29T18:58:27.158+0000] {dagbag.py:587} INFO - Filling up the DagBag from /home/airflow/.local/lib/python3.12/site-packages/airflow/example_dags/plugins/decreasing_priority_weight_strategy.py
[2026-07-29T18:58:27.159+0000] {processor.py:927} WARNING - No viable dags retrieved from /home/airflow/.local/lib/python3.12/site-packages/airflow/example_dags/plugins/decreasing_priority_weight_strategy.py
[2026-07-29T18:58:27.165+0000] {processor.py:208} INFO - Processing /home/airflow/.local/lib/python3.12/site-packages/airflow/example_dags/plugins/decreasing_priority_weight_strategy.py took 0.011 seconds
[2026-07-29T18:59:04.240+0000] {processor.py:186} INFO - Started process (PID=24455) to work on /home/airflow/.local/lib/python3.12/site-packages/airflow/example_dags/plugins/decreasing_priority_weight_strategy.py
[2026-07-29T18:59:04.241+0000] {processor.py:914} INFO - Processing file /home/airflow/.local/lib/python3.12/site-packages/airflow/example_dags/plugins/decreasing_priority_weight_strategy.py for tasks to queue
[2026-07-29T18:59:04.243+0000] {logging_mixin.py:190} INFO - [2026-07-29T18:59:04.243+0000] {dagbag.py:587} INFO - Filling up the DagBag from /home/airflow/.local/lib/python3.12/site-packages/airflow/example_dags/plugins/decreasing_priority_weight_strategy.py
[2026-07-29T18:59:04.244+0000] {processor.py:927} WARNING - No viable dags retrieved from /home/airflow/.local/lib/python3.12/site-packages/airflow/example_dags/plugins/decreasing_priority_weight_strategy.py
[2026-07-29T18:59:04.251+0000] {processor.py:208} INFO - Processing /home/airflow/.local/lib/python3.12/site-packages/airflow/example_dags/plugins/decreasing_priority_weight_strategy.py took 0.014 seconds
[2026-07-29T18:59:35.251+0000] {processor.py:186} INFO - Started process (PID=24521) to work on /home/airflow/.local/lib/python3.12/site-packages/airflow/example_dags/plugins/decreasing_priority_weight_strategy.py
[2026-07-29T18:59:35.252+0000] {processor.py:914} INFO - Processing file /home/airflow/.local/lib/python3.12/site-packages/airflow/example_dags/plugins/decreasing_priority_weight_strategy.py for tasks to queue
[2026-07-29T18:59:35.254+0000] {logging_mixin.py:190} INFO - [2026-07-29T18:59:35.253+0000] {dagbag.py:587} INFO - Filling up the DagBag from /home/airflow/.local/lib/python3.12/site-packages/airflow/example_dags/plugins/decreasing_priority_weight_strategy.py
[2026-07-29T18:59:35.255+0000] {processor.py:927} WARNING - No viable dags retrieved from /home/airflow/.local/lib/python3.12/site-packages/airflow/example_dags/plugins/decreasing_priority_weight_strategy.py
[2026-07-29T18:59:35.262+0000] {processor.py:208} INFO - Processing /home/airflow/.local/lib/python3.12/site-packages/airflow/example_dags/plugins/decreasing_priority_weight_strategy.py took 0.014 seconds
[2026-07-29T19:00:06.199+0000] {processor.py:186} INFO - Started process (PID=24587) to work on /home/airflow/.local/lib/python3.12/site-packages/airflow/example_dags/plugins/decreasing_priority_weight_strategy.py
[2026-07-29T19:00:06.200+0000] {processor.py:914} INFO - Processing file /home/airflow/.local/lib/python3.12/site-packages/airflow/example_dags/plugins/decreasing_priority_weight_strategy.py for tasks to queue
[2026-07-29T19:00:06.201+0000] {logging_mixin.py:190} INFO - [2026-07-29T19:00:06.201+0000] {dagbag.py:587} INFO - Filling up the DagBag from /home/airflow/.local/lib/python3.12/site-packages/airflow/example_dags/plugins/decreasing_priority_weight_strategy.py
[2026-07-29T19:00:06.202+0000] {processor.py:927} WARNING - No viable dags retrieved from /home/airflow/.local/lib/python3.12/site-packages/airflow/example_dags/plugins/decreasing_priority_weight_strategy.py
[2026-07-29T19:00:06.208+0000] {processor.py:208} INFO - Processing /home/airflow/.local/lib/python3.12/site-packages/airflow/example_dags/plugins/decreasing_priority_weight_strategy.py took 0.012 seconds
[2026-07-29T19:00:36.373+0000] {processor.py:186} INFO - Started process (PID=24653) to work on /home/airflow/.local/lib/python3.12/site-packages/airflow/example_dags/plugins/decreasing_priority_weight_strategy.py
[2026-07-29T19:00:36.374+0000] {processor.py:914} INFO - Processing file /home/airflow/.local/lib/python3.12/site-packages/airflow/example_dags/plugins/decreasing_priority_weight_strategy.py for tasks to queue
[2026-07-29T19:00:36.375+0000] {logging_mixin.py:190} INFO - [2026-07-29T19:00:36.375+0000] {dagbag.py:587} INFO - Filling up the DagBag from /home/airflow/.local/lib/python3.12/site-packages/airflow/example_dags/plugins/decreasing_priority_weight_strategy.py
[2026-07-29T19:00:36.377+0000] {processor.py:927} WARNING - No viable dags retrieved from /home/airflow/.local/lib/python3.12/site-packages/airflow/example_dags/plugins/decreasing_priority_weight_strategy.py
[2026-07-29T19:00:36.386+0000] {processor.py:208} INFO - Processing /home/airflow/.local/lib/python3.12/site-packages/airflow/example_dags/plugins/decreasing_priority_weight_strategy.py took 0.016 seconds
[2026-07-29T19:01:06.620+0000] {processor.py:186} INFO - Started process (PID=24719) to work on /home/airflow/.local/lib/python3.12/site-packages/airflow/example_dags/plugins/decreasing_priority_weight_strategy.py
[2026-07-29T19:01:06.620+0000] {processor.py:914} INFO - Processing file /home/airflow/.local/lib/python3.12/site-packages/airflow/example_dags/plugins/decreasing_priority_weight_strategy.py for tasks to queue
[2026-07-29T19:01:06.621+0000] {logging_mixin.py:190} INFO - [2026-07-29T19:01:06.621+0000] {dagbag.py:587} INFO - Filling up the DagBag from /home/airflow/.local/lib/python3.12/site-packages/airflow/example_dags/plugins/decreasing_priority_weight_strategy.py
[2026-07-29T19:01:06.622+0000] {processor.py:927} WARNING - No viable dags retrieved from /home/airflow/.local/lib/python3.12/site-packages/airflow/example_dags/plugins/decreasing_priority_weight_strategy.py
[2026-07-29T19:01:06.628+0000] {processor.py:208} INFO - Processing /home/airflow/.local/lib/python3.12/site-packages/airflow/example_dags/plugins/decreasing_priority_weight_strategy.py took 0.011 seconds
[2026-07-29T19:01:37.571+0000] {processor.py:186} INFO - Started process (PID=24785) to work on /home/airflow/.local/lib/python3.12/site-packages/airflow/example_dags/plugins/decreasing_priority_weight_strategy.py
[2026-07-29T19:01:37.571+0000] {processor.py:914} INFO - Processing file /home/airflow/.local/lib/python3.12/site-packages/airflow/example_dags/plugins/decreasing_priority_weight_strategy.py for tasks to queue
[2026-07-29T19:01:37.572+0000] {logging_mixin.py:190} INFO - [2026-07-29T19:01:37.572+0000] {dagbag.py:587} INFO - Filling up the DagBag from /home/airflow/.local/lib/python3.12/site-packages/airflow/example_dags/plugins/decreasing_priority_weight_strategy.py
[2026-07-29T19:01:37.573+0000] {processor.py:927} WARNING - No viable dags retrieved from /home/airflow/.local/lib/python3.12/site-packages/airflow/example_dags/plugins/decreasing_priority_weight_strategy.py
[2026-07-29T19:01:37.578+0000] {processor.py:208} INFO - Processing /home/airflow/.local/lib/python3.12/site-packages/airflow/example_dags/plugins/decreasing_priority_weight_strategy.py took 0.010 seconds
[2026-07-29T19:02:08.619+0000] {processor.py:186} INFO - Started process (PID=24851) to work on /home/airflow/.local/lib/python3.12/site-packages/airflow/example_dags/plugins/decreasing_priority_weight_strategy.py
[2026-07-29T19:02:08.619+0000] {processor.py:914} INFO - Processing file /home/airflow/.local/lib/python3.12/site-packages/airflow/example_dags/plugins/decreasing_priority_weight_strategy.py for tasks to queue
[2026-07-29T19:02:08.621+0000] {logging_mixin.py:190} INFO - [2026-07-29T19:02:08.621+0000] {dagbag.py:587} INFO - Filling up the DagBag from /home/airflow/.local/lib/python3.12/site-packages/airflow/example_dags/plugins/decreasing_priority_weight_strategy.py
[2026-07-29T19:02:08.622+0000] {processor.py:927} WARNING - No viable dags retrieved from /home/airflow/.local/lib/python3.12/site-packages/airflow/example_dags/plugins/decreasing_priority_weight_strategy.py
[2026-07-29T19:02:08.629+0000] {processor.py:208} INFO - Processing /home/airflow/.local/lib/python3.12/site-packages/airflow/example_dags/plugins/decreasing_priority_weight_strategy.py took 0.013 seconds
[2026-07-29T19:02:39.521+0000] {processor.py:186} INFO - Started process (PID=24918) to work on /home/airflow/.local/lib/python3.12/site-packages/airflow/example_dags/plugins/decreasing_priority_weight_strategy.py
[2026-07-29T19:02:39.521+0000] {processor.py:914} INFO - Processing file /home/airflow/.local/lib/python3.12/site-packages/airflow/example_dags/plugins/decreasing_priority_weight_strategy.py for tasks to queue
[2026-07-29T19:02:39.522+0000] {logging_mixin.py:190} INFO - [2026-07-29T19:02:39.522+0000] {dagbag.py:587} INFO - Filling up the DagBag from /home/airflow/.local/lib/python3.12/site-packages/airflow/example_dags/plugins/decreasing_priority_weight_strategy.py
[2026-07-29T19:02:39.523+0000] {processor.py:927} WARNING - No viable dags retrieved from /home/airflow/.local/lib/python3.12/site-packages/airflow/example_dags/plugins/decreasing_priority_weight_strategy.py
[2026-07-29T19:02:39.531+0000] {processor.py:208} INFO - Processing /home/airflow/.local/lib/python3.12/site-packages/airflow/example_dags/plugins/decreasing_priority_weight_strategy.py took 0.013 seconds
[2026-07-29T19:03:09.767+0000] {processor.py:186} INFO - Started process (PID=24984) to work on /home/airflow/.local/lib/python3.12/site-packages/airflow/example_dags/plugins/decreasing_priority_weight_strategy.py
[2026-07-29T19:03:09.768+0000] {processor.py:914} INFO - Processing file /home/airflow/.local/lib/python3.12/site-packages/airflow/example_dags/plugins/decreasing_priority_weight_strategy.py for tasks to queue
[2026-07-29T19:03:09.769+0000] {logging_mixin.py:190} INFO - [2026-07-29T19:03:09.769+0000] {dagbag.py:587} INFO - Filling up the DagBag from /home/airflow/.local/lib/python3.12/site-packages/airflow/example_dags/plugins/decreasing_priority_weight_strategy.py
[2026-07-29T19:03:09.771+0000] {processor.py:927} WARNING - No viable dags retrieved from /home/airflow/.local/lib/python3.12/site-packages/airflow/example_dags/plugins/decreasing_priority_weight_strategy.py
[2026-07-29T19:03:09.778+0000] {processor.py:208} INFO - Processing /home/airflow/.local/lib/python3.12/site-packages/airflow/example_dags/plugins/decreasing_priority_weight_strategy.py took 0.014 seconds
[2026-07-29T19:03:40.833+0000] {processor.py:186} INFO - Started process (PID=25050) to work on /home/airflow/.local/lib/python3.12/site-packages/airflow/example_dags/plugins/decreasing_priority_weight_strategy.py
[2026-07-29T19:03:40.834+0000] {processor.py:914} INFO - Processing file /home/airflow/.local/lib/python3.12/site-packages/airflow/example_dags/plugins/decreasing_priority_weight_strategy.py for tasks to queue
[2026-07-29T19:03:40.835+0000] {logging_mixin.py:190} INFO - [2026-07-29T19:03:40.835+0000] {dagbag.py:587} INFO - Filling up the DagBag from /home/airflow/.local/lib/python3.12/site-packages/airflow/example_dags/plugins/decreasing_priority_weight_strategy.py
[2026-07-29T19:03:40.836+0000] {processor.py:927} WARNING - No viable dags retrieved from /home/airflow/.local/lib/python3.12/site-packages/airflow/example_dags/plugins/decreasing_priority_weight_strategy.py
[2026-07-29T19:03:40.841+0000] {processor.py:208} INFO - Processing /home/airflow/.local/lib/python3.12/site-packages/airflow/example_dags/plugins/decreasing_priority_weight_strategy.py took 0.011 seconds
[2026-07-29T19:04:11.708+0000] {processor.py:186} INFO - Started process (PID=25116) to work on /home/airflow/.local/lib/python3.12/site-packages/airflow/example_dags/plugins/decreasing_priority_weight_strategy.py
[2026-07-29T19:04:11.709+0000] {processor.py:914} INFO - Processing file /home/airflow/.local/lib/python3.12/site-packages/airflow/example_dags/plugins/decreasing_priority_weight_strategy.py for tasks to queue
[2026-07-29T19:04:11.710+0000] {logging_mixin.py:190} INFO - [2026-07-29T19:04:11.710+0000] {dagbag.py:587} INFO - Filling up the DagBag from /home/airflow/.local/lib/python3.12/site-packages/airflow/example_dags/plugins/decreasing_priority_weight_strategy.py
[2026-07-29T19:04:11.711+0000] {processor.py:927} WARNING - No viable dags retrieved from /home/airflow/.local/lib/python3.12/site-packages/airflow/example_dags/plugins/decreasing_priority_weight_strategy.py
[2026-07-29T19:04:11.721+0000] {processor.py:208} INFO - Processing /home/airflow/.local/lib/python3.12/site-packages/airflow/example_dags/plugins/decreasing_priority_weight_strategy.py took 0.015 seconds
[2026-07-29T19:04:42.752+0000] {processor.py:186} INFO - Started process (PID=25182) to work on /home/airflow/.local/lib/python3.12/site-packages/airflow/example_dags/plugins/decreasing_priority_weight_strategy.py
[2026-07-29T19:04:42.754+0000] {processor.py:914} INFO - Processing file /home/airflow/.local/lib/python3.12/site-packages/airflow/example_dags/plugins/decreasing_priority_weight_strategy.py for tasks to queue
[2026-07-29T19:04:42.756+0000] {logging_mixin.py:190} INFO - [2026-07-29T19:04:42.755+0000] {dagbag.py:587} INFO - Filling up the DagBag from /home/airflow/.local/lib/python3.12/site-packages/airflow/example_dags/plugins/decreasing_priority_weight_strategy.py
[2026-07-29T19:04:42.757+0000] {processor.py:927} WARNING - No viable dags retrieved from /home/airflow/.local/lib/python3.12/site-packages/airflow/example_dags/plugins/decreasing_priority_weight_strategy.py
[2026-07-29T19:04:42.763+0000] {processor.py:208} INFO - Processing /home/airflow/.local/lib/python3.12/site-packages/airflow/example_dags/plugins/decreasing_priority_weight_strategy.py took 0.013 seconds
[2026-07-29T19:05:12.993+0000] {processor.py:186} INFO - Started process (PID=25248) to work on /home/airflow/.local/lib/python3.12/site-packages/airflow/example_dags/plugins/decreasing_priority_weight_strategy.py
[2026-07-29T19:05:12.994+0000] {processor.py:914} INFO - Processing file /home/airflow/.local/lib/python3.12/site-packages/airflow/example_dags/plugins/decreasing_priority_weight_strategy.py for tasks to queue
[2026-07-29T19:05:12.995+0000] {logging_mixin.py:190} INFO - [2026-07-29T19:05:12.995+0000] {dagbag.py:587} INFO - Filling up the DagBag from /home/airflow/.local/lib/python3.12/site-packages/airflow/example_dags/plugins/decreasing_priority_weight_strategy.py
[2026-07-29T19:05:12.997+0000] {processor.py:927} WARNING - No viable dags retrieved from /home/airflow/.local/lib/python3.12/site-packages/airflow/example_dags/plugins/decreasing_priority_weight_strategy.py
[2026-07-29T19:05:13.006+0000] {processor.py:208} INFO - Processing /home/airflow/.local/lib/python3.12/site-packages/airflow/example_dags/plugins/decreasing_priority_weight_strategy.py took 0.017 seconds
[2026-07-29T19:05:44.086+0000] {processor.py:186} INFO - Started process (PID=25314) to work on /home/airflow/.local/lib/python3.12/site-packages/airflow/example_dags/plugins/decreasing_priority_weight_strategy.py
[2026-07-29T19:05:44.086+0000] {processor.py:914} INFO - Processing file /home/airflow/.local/lib/python3.12/site-packages/airflow/example_dags/plugins/decreasing_priority_weight_strategy.py for tasks to queue
[2026-07-29T19:05:44.088+0000] {logging_mixin.py:190} INFO - [2026-07-29T19:05:44.088+0000] {dagbag.py:587} INFO - Filling up the DagBag from /home/airflow/.local/lib/python3.12/site-packages/airflow/example_dags/plugins/decreasing_priority_weight_strategy.py
[2026-07-29T19:05:44.089+0000] {processor.py:927} WARNING - No viable dags retrieved from /home/airflow/.local/lib/python3.12/site-packages/airflow/example_dags/plugins/decreasing_priority_weight_strategy.py
[2026-07-29T19:05:44.095+0000] {processor.py:208} INFO - Processing /home/airflow/.local/lib/python3.12/site-packages/airflow/example_dags/plugins/decreasing_priority_weight_strategy.py took 0.012 seconds
[2026-07-29T19:06:14.288+0000] {processor.py:186} INFO - Started process (PID=25380) to work on /home/airflow/.local/lib/python3.12/site-packages/airflow/example_dags/plugins/decreasing_priority_weight_strategy.py
[2026-07-29T19:06:14.289+0000] {processor.py:914} INFO - Processing file /home/airflow/.local/lib/python3.12/site-packages/airflow/example_dags/plugins/decreasing_priority_weight_strategy.py for tasks to queue
[2026-07-29T19:06:14.290+0000] {logging_mixin.py:190} INFO - [2026-07-29T19:06:14.290+0000] {dagbag.py:587} INFO - Filling up the DagBag from /home/airflow/.local/lib/python3.12/site-packages/airflow/example_dags/plugins/decreasing_priority_weight_strategy.py
[2026-07-29T19:06:14.291+0000] {processor.py:927} WARNING - No viable dags retrieved from /home/airflow/.local/lib/python3.12/site-packages/airflow/example_dags/plugins/decreasing_priority_weight_strategy.py
[2026-07-29T19:06:14.296+0000] {processor.py:208} INFO - Processing /home/airflow/.local/lib/python3.12/site-packages/airflow/example_dags/plugins/decreasing_priority_weight_strategy.py took 0.011 seconds
[2026-07-29T19:06:45.351+0000] {processor.py:186} INFO - Started process (PID=25446) to work on /home/airflow/.local/lib/python3.12/site-packages/airflow/example_dags/plugins/decreasing_priority_weight_strategy.py
[2026-07-29T19:06:45.351+0000] {processor.py:914} INFO - Processing file /home/airflow/.local/lib/python3.12/site-packages/airflow/example_dags/plugins/decreasing_priority_weight_strategy.py for tasks to queue
[2026-07-29T19:06:45.353+0000] {logging_mixin.py:190} INFO - [2026-07-29T19:06:45.353+0000] {dagbag.py:587} INFO - Filling up the DagBag from /home/airflow/.local/lib/python3.12/site-packages/airflow/example_dags/plugins/decreasing_priority_weight_strategy.py
[2026-07-29T19:06:45.354+0000] {processor.py:927} WARNING - No viable dags retrieved from /home/airflow/.local/lib/python3.12/site-packages/airflow/example_dags/plugins/decreasing_priority_weight_strategy.py
[2026-07-29T19:06:45.362+0000] {processor.py:208} INFO - Processing /home/airflow/.local/lib/python3.12/site-packages/airflow/example_dags/plugins/decreasing_priority_weight_strategy.py took 0.014 seconds
[2026-07-29T19:07:16.373+0000] {processor.py:186} INFO - Started process (PID=25512) to work on /home/airflow/.local/lib/python3.12/site-packages/airflow/example_dags/plugins/decreasing_priority_weight_strategy.py
[2026-07-29T19:07:16.374+0000] {processor.py:914} INFO - Processing file /home/airflow/.local/lib/python3.12/site-packages/airflow/example_dags/plugins/decreasing_priority_weight_strategy.py for tasks to queue
[2026-07-29T19:07:16.375+0000] {logging_mixin.py:190} INFO - [2026-07-29T19:07:16.375+0000] {dagbag.py:587} INFO - Filling up the DagBag from /home/airflow/.local/lib/python3.12/site-packages/airflow/example_dags/plugins/decreasing_priority_weight_strategy.py
[2026-07-29T19:07:16.376+0000] {processor.py:927} WARNING - No viable dags retrieved from /home/airflow/.local/lib/python3.12/site-packages/airflow/example_dags/plugins/decreasing_priority_weight_strategy.py
[2026-07-29T19:07:16.382+0000] {processor.py:208} INFO - Processing /home/airflow/.local/lib/python3.12/site-packages/airflow/example_dags/plugins/decreasing_priority_weight_strategy.py took 0.012 seconds
[2026-07-29T19:07:47.426+0000] {processor.py:186} INFO - Started process (PID=25578) to work on /home/airflow/.local/lib/python3.12/site-packages/airflow/example_dags/plugins/decreasing_priority_weight_strategy.py
[2026-07-29T19:07:47.427+0000] {processor.py:914} INFO - Processing file /home/airflow/.local/lib/python3.12/site-packages/airflow/example_dags/plugins/decreasing_priority_weight_strategy.py for tasks to queue
[2026-07-29T19:07:47.428+0000] {logging_mixin.py:190} INFO - [2026-07-29T19:07:47.428+0000] {dagbag.py:587} INFO - Filling up the DagBag from /home/airflow/.local/lib/python3.12/site-packages/airflow/example_dags/plugins/decreasing_priority_weight_strategy.py
[2026-07-29T19:07:47.429+0000] {processor.py:927} WARNING - No viable dags retrieved from /home/airflow/.local/lib/python3.12/site-packages/airflow/example_dags/plugins/decreasing_priority_weight_strategy.py
[2026-07-29T19:07:47.435+0000] {processor.py:208} INFO - Processing /home/airflow/.local/lib/python3.12/site-packages/airflow/example_dags/plugins/decreasing_priority_weight_strategy.py took 0.011 seconds
[2026-07-29T19:08:18.421+0000] {processor.py:186} INFO - Started process (PID=25644) to work on /home/airflow/.local/lib/python3.12/site-packages/airflow/example_dags/plugins/decreasing_priority_weight_strategy.py
[2026-07-29T19:08:18.422+0000] {processor.py:914} INFO - Processing file /home/airflow/.local/lib/python3.12/site-packages/airflow/example_dags/plugins/decreasing_priority_weight_strategy.py for tasks to queue
[2026-07-29T19:08:18.424+0000] {logging_mixin.py:190} INFO - [2026-07-29T19:08:18.424+0000] {dagbag.py:587} INFO - Filling up the DagBag from /home/airflow/.local/lib/python3.12/site-packages/airflow/example_dags/plugins/decreasing_priority_weight_strategy.py
[2026-07-29T19:08:18.425+0000] {processor.py:927} WARNING - No viable dags retrieved from /home/airflow/.local/lib/python3.12/site-packages/airflow/example_dags/plugins/decreasing_priority_weight_strategy.py
[2026-07-29T19:08:18.432+0000] {processor.py:208} INFO - Processing /home/airflow/.local/lib/python3.12/site-packages/airflow/example_dags/plugins/decreasing_priority_weight_strategy.py took 0.013 seconds
[2026-07-29T19:08:48.606+0000] {processor.py:186} INFO - Started process (PID=25710) to work on /home/airflow/.local/lib/python3.12/site-packages/airflow/example_dags/plugins/decreasing_priority_weight_strategy.py
[2026-07-29T19:08:48.606+0000] {processor.py:914} INFO - Processing file /home/airflow/.local/lib/python3.12/site-packages/airflow/example_dags/plugins/decreasing_priority_weight_strategy.py for tasks to queue
[2026-07-29T19:08:48.607+0000] {logging_mixin.py:190} INFO - [2026-07-29T19:08:48.607+0000] {dagbag.py:587} INFO - Filling up the DagBag from /home/airflow/.local/lib/python3.12/site-packages/airflow/example_dags/plugins/decreasing_priority_weight_strategy.py
[2026-07-29T19:08:48.609+0000] {processor.py:927} WARNING - No viable dags retrieved from /home/airflow/.local/lib/python3.12/site-packages/airflow/example_dags/plugins/decreasing_priority_weight_strategy.py
[2026-07-29T19:08:48.614+0000] {processor.py:208} INFO - Processing /home/airflow/.local/lib/python3.12/site-packages/airflow/example_dags/plugins/decreasing_priority_weight_strategy.py took 0.011 seconds
[2026-07-29T19:09:19.539+0000] {processor.py:186} INFO - Started process (PID=25776) to work on /home/airflow/.local/lib/python3.12/site-packages/airflow/example_dags/plugins/decreasing_priority_weight_strategy.py
[2026-07-29T19:09:19.540+0000] {processor.py:914} INFO - Processing file /home/airflow/.local/lib/python3.12/site-packages/airflow/example_dags/plugins/decreasing_priority_weight_strategy.py for tasks to queue
[2026-07-29T19:09:19.541+0000] {logging_mixin.py:190} INFO - [2026-07-29T19:09:19.541+0000] {dagbag.py:587} INFO - Filling up the DagBag from /home/airflow/.local/lib/python3.12/site-packages/airflow/example_dags/plugins/decreasing_priority_weight_strategy.py
[2026-07-29T19:09:19.542+0000] {processor.py:927} WARNING - No viable dags retrieved from /home/airflow/.local/lib/python3.12/site-packages/airflow/example_dags/plugins/decreasing_priority_weight_strategy.py
[2026-07-29T19:09:19.547+0000] {processor.py:208} INFO - Processing /home/airflow/.local/lib/python3.12/site-packages/airflow/example_dags/plugins/decreasing_priority_weight_strategy.py took 0.010 seconds
[2026-07-29T19:09:50.608+0000] {processor.py:186} INFO - Started process (PID=25842) to work on /home/airflow/.local/lib/python3.12/site-packages/airflow/example_dags/plugins/decreasing_priority_weight_strategy.py
[2026-07-29T19:09:50.609+0000] {processor.py:914} INFO - Processing file /home/airflow/.local/lib/python3.12/site-packages/airflow/example_dags/plugins/decreasing_priority_weight_strategy.py for tasks to queue
[2026-07-29T19:09:50.612+0000] {logging_mixin.py:190} INFO - [2026-07-29T19:09:50.611+0000] {dagbag.py:587} INFO - Filling up the DagBag from /home/airflow/.local/lib/python3.12/site-packages/airflow/example_dags/plugins/decreasing_priority_weight_strategy.py
[2026-07-29T19:09:50.613+0000] {processor.py:927} WARNING - No viable dags retrieved from /home/airflow/.local/lib/python3.12/site-packages/airflow/example_dags/plugins/decreasing_priority_weight_strategy.py
[2026-07-29T19:09:50.619+0000] {processor.py:208} INFO - Processing /home/airflow/.local/lib/python3.12/site-packages/airflow/example_dags/plugins/decreasing_priority_weight_strategy.py took 0.014 seconds
[2026-07-29T19:10:20.905+0000] {processor.py:186} INFO - Started process (PID=25908) to work on /home/airflow/.local/lib/python3.12/site-packages/airflow/example_dags/plugins/decreasing_priority_weight_strategy.py
[2026-07-29T19:10:20.905+0000] {processor.py:914} INFO - Processing file /home/airflow/.local/lib/python3.12/site-packages/airflow/example_dags/plugins/decreasing_priority_weight_strategy.py for tasks to queue
[2026-07-29T19:10:20.908+0000] {logging_mixin.py:190} INFO - [2026-07-29T19:10:20.907+0000] {dagbag.py:587} INFO - Filling up the DagBag from /home/airflow/.local/lib/python3.12/site-packages/airflow/example_dags/plugins/decreasing_priority_weight_strategy.py
[2026-07-29T19:10:20.909+0000] {processor.py:927} WARNING - No viable dags retrieved from /home/airflow/.local/lib/python3.12/site-packages/airflow/example_dags/plugins/decreasing_priority_weight_strategy.py
[2026-07-29T19:10:20.918+0000] {processor.py:208} INFO - Processing /home/airflow/.local/lib/python3.12/site-packages/airflow/example_dags/plugins/decreasing_priority_weight_strategy.py took 0.017 seconds
[2026-07-29T19:10:51.086+0000] {processor.py:186} INFO - Started process (PID=25974) to work on /home/airflow/.local/lib/python3.12/site-packages/airflow/example_dags/plugins/decreasing_priority_weight_strategy.py
[2026-07-29T19:10:51.087+0000] {processor.py:914} INFO - Processing file /home/airflow/.local/lib/python3.12/site-packages/airflow/example_dags/plugins/decreasing_priority_weight_strategy.py for tasks to queue
[2026-07-29T19:10:51.088+0000] {logging_mixin.py:190} INFO - [2026-07-29T19:10:51.088+0000] {dagbag.py:587} INFO - Filling up the DagBag from /home/airflow/.local/lib/python3.12/site-packages/airflow/example_dags/plugins/decreasing_priority_weight_strategy.py
[2026-07-29T19:10:51.090+0000] {processor.py:927} WARNING - No viable dags retrieved from /home/airflow/.local/lib/python3.12/site-packages/airflow/example_dags/plugins/decreasing_priority_weight_strategy.py
[2026-07-29T19:10:51.095+0000] {processor.py:208} INFO - Processing /home/airflow/.local/lib/python3.12/site-packages/airflow/example_dags/plugins/decreasing_priority_weight_strategy.py took 0.012 seconds
[2026-07-29T19:11:22.061+0000] {processor.py:186} INFO - Started process (PID=26040) to work on /home/airflow/.local/lib/python3.12/site-packages/airflow/example_dags/plugins/decreasing_priority_weight_strategy.py
[2026-07-29T19:11:22.062+0000] {processor.py:914} INFO - Processing file /home/airflow/.local/lib/python3.12/site-packages/airflow/example_dags/plugins/decreasing_priority_weight_strategy.py for tasks to queue
[2026-07-29T19:11:22.063+0000] {logging_mixin.py:190} INFO - [2026-07-29T19:11:22.063+0000] {dagbag.py:587} INFO - Filling up the DagBag from /home/airflow/.local/lib/python3.12/site-packages/airflow/example_dags/plugins/decreasing_priority_weight_strategy.py
[2026-07-29T19:11:22.064+0000] {processor.py:927} WARNING - No viable dags retrieved from /home/airflow/.local/lib/python3.12/site-packages/airflow/example_dags/plugins/decreasing_priority_weight_strategy.py
[2026-07-29T19:11:22.069+0000] {processor.py:208} INFO - Processing /home/airflow/.local/lib/python3.12/site-packages/airflow/example_dags/plugins/decreasing_priority_weight_strategy.py took 0.010 seconds
[2026-07-29T19:11:53.042+0000] {processor.py:186} INFO - Started process (PID=26106) to work on /home/airflow/.local/lib/python3.12/site-packages/airflow/example_dags/plugins/decreasing_priority_weight_strategy.py
[2026-07-29T19:11:53.043+0000] {processor.py:914} INFO - Processing file /home/airflow/.local/lib/python3.12/site-packages/airflow/example_dags/plugins/decreasing_priority_weight_strategy.py for tasks to queue
[2026-07-29T19:11:53.044+0000] {logging_mixin.py:190} INFO - [2026-07-29T19:11:53.044+0000] {dagbag.py:587} INFO - Filling up the DagBag from /home/airflow/.local/lib/python3.12/site-packages/airflow/example_dags/plugins/decreasing_priority_weight_strategy.py
[2026-07-29T19:11:53.045+0000] {processor.py:927} WARNING - No viable dags retrieved from /home/airflow/.local/lib/python3.12/site-packages/airflow/example_dags/plugins/decreasing_priority_weight_strategy.py
[2026-07-29T19:11:53.053+0000] {processor.py:208} INFO - Processing /home/airflow/.local/lib/python3.12/site-packages/airflow/example_dags/plugins/decreasing_priority_weight_strategy.py took 0.014 seconds
[2026-07-29T19:12:23.148+0000] {processor.py:186} INFO - Started process (PID=26172) to work on /home/airflow/.local/lib/python3.12/site-packages/airflow/example_dags/plugins/decreasing_priority_weight_strategy.py
[2026-07-29T19:12:23.148+0000] {processor.py:914} INFO - Processing file /home/airflow/.local/lib/python3.12/site-packages/airflow/example_dags/plugins/decreasing_priority_weight_strategy.py for tasks to queue
[2026-07-29T19:12:23.150+0000] {logging_mixin.py:190} INFO - [2026-07-29T19:12:23.150+0000] {dagbag.py:587} INFO - Filling up the DagBag from /home/airflow/.local/lib/python3.12/site-packages/airflow/example_dags/plugins/decreasing_priority_weight_strategy.py
[2026-07-29T19:12:23.151+0000] {processor.py:927} WARNING - No viable dags retrieved from /home/airflow/.local/lib/python3.12/site-packages/airflow/example_dags/plugins/decreasing_priority_weight_strategy.py
[2026-07-29T19:12:23.157+0000] {processor.py:208} INFO - Processing /home/airflow/.local/lib/python3.12/site-packages/airflow/example_dags/plugins/decreasing_priority_weight_strategy.py took 0.012 seconds
[2026-07-29T19:12:53.994+0000] {processor.py:186} INFO - Started process (PID=26238) to work on /home/airflow/.local/lib/python3.12/site-packages/airflow/example_dags/plugins/decreasing_priority_weight_strategy.py
[2026-07-29T19:12:53.995+0000] {processor.py:914} INFO - Processing file /home/airflow/.local/lib/python3.12/site-packages/airflow/example_dags/plugins/decreasing_priority_weight_strategy.py for tasks to queue
[2026-07-29T19:12:53.997+0000] {logging_mixin.py:190} INFO - [2026-07-29T19:12:53.997+0000] {dagbag.py:587} INFO - Filling up the DagBag from /home/airflow/.local/lib/python3.12/site-packages/airflow/example_dags/plugins/decreasing_priority_weight_strategy.py
[2026-07-29T19:12:53.998+0000] {processor.py:927} WARNING - No viable dags retrieved from /home/airflow/.local/lib/python3.12/site-packages/airflow/example_dags/plugins/decreasing_priority_weight_strategy.py
[2026-07-29T19:12:54.007+0000] {processor.py:208} INFO - Processing /home/airflow/.local/lib/python3.12/site-packages/airflow/example_dags/plugins/decreasing_priority_weight_strategy.py took 0.015 seconds
[2026-07-29T19:13:25.052+0000] {processor.py:186} INFO - Started process (PID=26304) to work on /home/airflow/.local/lib/python3.12/site-packages/airflow/example_dags/plugins/decreasing_priority_weight_strategy.py
[2026-07-29T19:13:25.052+0000] {processor.py:914} INFO - Processing file /home/airflow/.local/lib/python3.12/site-packages/airflow/example_dags/plugins/decreasing_priority_weight_strategy.py for tasks to queue
[2026-07-29T19:13:25.054+0000] {logging_mixin.py:190} INFO - [2026-07-29T19:13:25.053+0000] {dagbag.py:587} INFO - Filling up the DagBag from /home/airflow/.local/lib/python3.12/site-packages/airflow/example_dags/plugins/decreasing_priority_weight_strategy.py
[2026-07-29T19:13:25.055+0000] {processor.py:927} WARNING - No viable dags retrieved from /home/airflow/.local/lib/python3.12/site-packages/airflow/example_dags/plugins/decreasing_priority_weight_strategy.py
[2026-07-29T19:13:25.064+0000] {processor.py:208} INFO - Processing /home/airflow/.local/lib/python3.12/site-packages/airflow/example_dags/plugins/decreasing_priority_weight_strategy.py took 0.016 seconds
[2026-07-29T19:13:55.903+0000] {processor.py:186} INFO - Started process (PID=26369) to work on /home/airflow/.local/lib/python3.12/site-packages/airflow/example_dags/plugins/decreasing_priority_weight_strategy.py
[2026-07-29T19:13:55.904+0000] {processor.py:914} INFO - Processing file /home/airflow/.local/lib/python3.12/site-packages/airflow/example_dags/plugins/decreasing_priority_weight_strategy.py for tasks to queue
[2026-07-29T19:13:55.906+0000] {logging_mixin.py:190} INFO - [2026-07-29T19:13:55.906+0000] {dagbag.py:587} INFO - Filling up the DagBag from /home/airflow/.local/lib/python3.12/site-packages/airflow/example_dags/plugins/decreasing_priority_weight_strategy.py
[2026-07-29T19:13:55.907+0000] {processor.py:927} WARNING - No viable dags retrieved from /home/airflow/.local/lib/python3.12/site-packages/airflow/example_dags/plugins/decreasing_priority_weight_strategy.py
[2026-07-29T19:13:55.913+0000] {processor.py:208} INFO - Processing /home/airflow/.local/lib/python3.12/site-packages/airflow/example_dags/plugins/decreasing_priority_weight_strategy.py took 0.014 seconds
[2026-07-29T19:14:26.770+0000] {processor.py:186} INFO - Started process (PID=26435) to work on /home/airflow/.local/lib/python3.12/site-packages/airflow/example_dags/plugins/decreasing_priority_weight_strategy.py
[2026-07-29T19:14:26.771+0000] {processor.py:914} INFO - Processing file /home/airflow/.local/lib/python3.12/site-packages/airflow/example_dags/plugins/decreasing_priority_weight_strategy.py for tasks to queue
[2026-07-29T19:14:26.772+0000] {logging_mixin.py:190} INFO - [2026-07-29T19:14:26.772+0000] {dagbag.py:587} INFO - Filling up the DagBag from /home/airflow/.local/lib/python3.12/site-packages/airflow/example_dags/plugins/decreasing_priority_weight_strategy.py
[2026-07-29T19:14:26.773+0000] {processor.py:927} WARNING - No viable dags retrieved from /home/airflow/.local/lib/python3.12/site-packages/airflow/example_dags/plugins/decreasing_priority_weight_strategy.py
[2026-07-29T19:14:26.779+0000] {processor.py:208} INFO - Processing /home/airflow/.local/lib/python3.12/site-packages/airflow/example_dags/plugins/decreasing_priority_weight_strategy.py took 0.011 seconds
[2026-07-29T19:14:57.318+0000] {processor.py:186} INFO - Started process (PID=26501) to work on /home/airflow/.local/lib/python3.12/site-packages/airflow/example_dags/plugins/decreasing_priority_weight_strategy.py
[2026-07-29T19:14:57.319+0000] {processor.py:914} INFO - Processing file /home/airflow/.local/lib/python3.12/site-packages/airflow/example_dags/plugins/decreasing_priority_weight_strategy.py for tasks to queue
[2026-07-29T19:14:57.321+0000] {logging_mixin.py:190} INFO - [2026-07-29T19:14:57.320+0000] {dagbag.py:587} INFO - Filling up the DagBag from /home/airflow/.local/lib/python3.12/site-packages/airflow/example_dags/plugins/decreasing_priority_weight_strategy.py
[2026-07-29T19:14:57.323+0000] {processor.py:927} WARNING - No viable dags retrieved from /home/airflow/.local/lib/python3.12/site-packages/airflow/example_dags/plugins/decreasing_priority_weight_strategy.py
[2026-07-29T19:14:57.331+0000] {processor.py:208} INFO - Processing /home/airflow/.local/lib/python3.12/site-packages/airflow/example_dags/plugins/decreasing_priority_weight_strategy.py took 0.016 seconds
[2026-07-29T19:15:27.425+0000] {processor.py:186} INFO - Started process (PID=26567) to work on /home/airflow/.local/lib/python3.12/site-packages/airflow/example_dags/plugins/decreasing_priority_weight_strategy.py
[2026-07-29T19:15:27.428+0000] {processor.py:914} INFO - Processing file /home/airflow/.local/lib/python3.12/site-packages/airflow/example_dags/plugins/decreasing_priority_weight_strategy.py for tasks to queue
[2026-07-29T19:15:27.429+0000] {logging_mixin.py:190} INFO - [2026-07-29T19:15:27.429+0000] {dagbag.py:587} INFO - Filling up the DagBag from /home/airflow/.local/lib/python3.12/site-packages/airflow/example_dags/plugins/decreasing_priority_weight_strategy.py
[2026-07-29T19:15:27.430+0000] {processor.py:927} WARNING - No viable dags retrieved from /home/airflow/.local/lib/python3.12/site-packages/airflow/example_dags/plugins/decreasing_priority_weight_strategy.py
[2026-07-29T19:15:27.435+0000] {processor.py:208} INFO - Processing /home/airflow/.local/lib/python3.12/site-packages/airflow/example_dags/plugins/decreasing_priority_weight_strategy.py took 0.013 seconds
[2026-07-29T19:15:57.681+0000] {processor.py:186} INFO - Started process (PID=26633) to work on /home/airflow/.local/lib/python3.12/site-packages/airflow/example_dags/plugins/decreasing_priority_weight_strategy.py
[2026-07-29T19:15:57.681+0000] {processor.py:914} INFO - Processing file /home/airflow/.local/lib/python3.12/site-packages/airflow/example_dags/plugins/decreasing_priority_weight_strategy.py for tasks to queue
[2026-07-29T19:15:57.682+0000] {logging_mixin.py:190} INFO - [2026-07-29T19:15:57.682+0000] {dagbag.py:587} INFO - Filling up the DagBag from /home/airflow/.local/lib/python3.12/site-packages/airflow/example_dags/plugins/decreasing_priority_weight_strategy.py
[2026-07-29T19:15:57.684+0000] {processor.py:927} WARNING - No viable dags retrieved from /home/airflow/.local/lib/python3.12/site-packages/airflow/example_dags/plugins/decreasing_priority_weight_strategy.py
[2026-07-29T19:15:57.690+0000] {processor.py:208} INFO - Processing /home/airflow/.local/lib/python3.12/site-packages/airflow/example_dags/plugins/decreasing_priority_weight_strategy.py took 0.012 seconds
[2026-07-29T19:16:27.959+0000] {processor.py:186} INFO - Started process (PID=26699) to work on /home/airflow/.local/lib/python3.12/site-packages/airflow/example_dags/plugins/decreasing_priority_weight_strategy.py
[2026-07-29T19:16:27.960+0000] {processor.py:914} INFO - Processing file /home/airflow/.local/lib/python3.12/site-packages/airflow/example_dags/plugins/decreasing_priority_weight_strategy.py for tasks to queue
[2026-07-29T19:16:27.962+0000] {logging_mixin.py:190} INFO - [2026-07-29T19:16:27.962+0000] {dagbag.py:587} INFO - Filling up the DagBag from /home/airflow/.local/lib/python3.12/site-packages/airflow/example_dags/plugins/decreasing_priority_weight_strategy.py
[2026-07-29T19:16:27.963+0000] {processor.py:927} WARNING - No viable dags retrieved from /home/airflow/.local/lib/python3.12/site-packages/airflow/example_dags/plugins/decreasing_priority_weight_strategy.py
[2026-07-29T19:16:27.973+0000] {processor.py:208} INFO - Processing /home/airflow/.local/lib/python3.12/site-packages/airflow/example_dags/plugins/decreasing_priority_weight_strategy.py took 0.017 seconds
[2026-07-29T19:16:58.202+0000] {processor.py:186} INFO - Started process (PID=26764) to work on /home/airflow/.local/lib/python3.12/site-packages/airflow/example_dags/plugins/decreasing_priority_weight_strategy.py
[2026-07-29T19:16:58.202+0000] {processor.py:914} INFO - Processing file /home/airflow/.local/lib/python3.12/site-packages/airflow/example_dags/plugins/decreasing_priority_weight_strategy.py for tasks to queue
[2026-07-29T19:16:58.204+0000] {logging_mixin.py:190} INFO - [2026-07-29T19:16:58.203+0000] {dagbag.py:587} INFO - Filling up the DagBag from /home/airflow/.local/lib/python3.12/site-packages/airflow/example_dags/plugins/decreasing_priority_weight_strategy.py
[2026-07-29T19:16:58.205+0000] {processor.py:927} WARNING - No viable dags retrieved from /home/airflow/.local/lib/python3.12/site-packages/airflow/example_dags/plugins/decreasing_priority_weight_strategy.py
[2026-07-29T19:16:58.211+0000] {processor.py:208} INFO - Processing /home/airflow/.local/lib/python3.12/site-packages/airflow/example_dags/plugins/decreasing_priority_weight_strategy.py took 0.013 seconds
[2026-07-29T19:17:28.349+0000] {processor.py:186} INFO - Started process (PID=26829) to work on /home/airflow/.local/lib/python3.12/site-packages/airflow/example_dags/plugins/decreasing_priority_weight_strategy.py
[2026-07-29T19:17:28.350+0000] {processor.py:914} INFO - Processing file /home/airflow/.local/lib/python3.12/site-packages/airflow/example_dags/plugins/decreasing_priority_weight_strategy.py for tasks to queue
[2026-07-29T19:17:28.351+0000] {logging_mixin.py:190} INFO - [2026-07-29T19:17:28.351+0000] {dagbag.py:587} INFO - Filling up the DagBag from /home/airflow/.local/lib/python3.12/site-packages/airflow/example_dags/plugins/decreasing_priority_weight_strategy.py
[2026-07-29T19:17:28.352+0000] {processor.py:927} WARNING - No viable dags retrieved from /home/airflow/.local/lib/python3.12/site-packages/airflow/example_dags/plugins/decreasing_priority_weight_strategy.py
[2026-07-29T19:17:28.361+0000] {processor.py:208} INFO - Processing /home/airflow/.local/lib/python3.12/site-packages/airflow/example_dags/plugins/decreasing_priority_weight_strategy.py took 0.014 seconds
[2026-07-29T19:17:59.676+0000] {processor.py:186} INFO - Started process (PID=26897) to work on /home/airflow/.local/lib/python3.12/site-packages/airflow/example_dags/plugins/decreasing_priority_weight_strategy.py
[2026-07-29T19:17:59.677+0000] {processor.py:914} INFO - Processing file /home/airflow/.local/lib/python3.12/site-packages/airflow/example_dags/plugins/decreasing_priority_weight_strategy.py for tasks to queue
[2026-07-29T19:17:59.678+0000] {logging_mixin.py:190} INFO - [2026-07-29T19:17:59.678+0000] {dagbag.py:587} INFO - Filling up the DagBag from /home/airflow/.local/lib/python3.12/site-packages/airflow/example_dags/plugins/decreasing_priority_weight_strategy.py
[2026-07-29T19:17:59.680+0000] {processor.py:927} WARNING - No viable dags retrieved from /home/airflow/.local/lib/python3.12/site-packages/airflow/example_dags/plugins/decreasing_priority_weight_strategy.py
[2026-07-29T19:17:59.687+0000] {processor.py:208} INFO - Processing /home/airflow/.local/lib/python3.12/site-packages/airflow/example_dags/plugins/decreasing_priority_weight_strategy.py took 0.014 seconds
[2026-07-29T19:18:30.786+0000] {processor.py:186} INFO - Started process (PID=26963) to work on /home/airflow/.local/lib/python3.12/site-packages/airflow/example_dags/plugins/decreasing_priority_weight_strategy.py
[2026-07-29T19:18:30.786+0000] {processor.py:914} INFO - Processing file /home/airflow/.local/lib/python3.12/site-packages/airflow/example_dags/plugins/decreasing_priority_weight_strategy.py for tasks to queue
[2026-07-29T19:18:30.787+0000] {logging_mixin.py:190} INFO - [2026-07-29T19:18:30.787+0000] {dagbag.py:587} INFO - Filling up the DagBag from /home/airflow/.local/lib/python3.12/site-packages/airflow/example_dags/plugins/decreasing_priority_weight_strategy.py
[2026-07-29T19:18:30.788+0000] {processor.py:927} WARNING - No viable dags retrieved from /home/airflow/.local/lib/python3.12/site-packages/airflow/example_dags/plugins/decreasing_priority_weight_strategy.py
[2026-07-29T19:18:30.794+0000] {processor.py:208} INFO - Processing /home/airflow/.local/lib/python3.12/site-packages/airflow/example_dags/plugins/decreasing_priority_weight_strategy.py took 0.011 seconds
[2026-07-29T19:19:06.843+0000] {processor.py:186} INFO - Started process (PID=27035) to work on /home/airflow/.local/lib/python3.12/site-packages/airflow/example_dags/plugins/decreasing_priority_weight_strategy.py
[2026-07-29T19:19:06.843+0000] {processor.py:914} INFO - Processing file /home/airflow/.local/lib/python3.12/site-packages/airflow/example_dags/plugins/decreasing_priority_weight_strategy.py for tasks to queue
[2026-07-29T19:19:06.845+0000] {logging_mixin.py:190} INFO - [2026-07-29T19:19:06.844+0000] {dagbag.py:587} INFO - Filling up the DagBag from /home/airflow/.local/lib/python3.12/site-packages/airflow/example_dags/plugins/decreasing_priority_weight_strategy.py
[2026-07-29T19:19:06.846+0000] {processor.py:927} WARNING - No viable dags retrieved from /home/airflow/.local/lib/python3.12/site-packages/airflow/example_dags/plugins/decreasing_priority_weight_strategy.py
[2026-07-29T19:19:06.853+0000] {processor.py:208} INFO - Processing /home/airflow/.local/lib/python3.12/site-packages/airflow/example_dags/plugins/decreasing_priority_weight_strategy.py took 0.013 seconds
[2026-07-29T19:19:37.145+0000] {processor.py:186} INFO - Started process (PID=27101) to work on /home/airflow/.local/lib/python3.12/site-packages/airflow/example_dags/plugins/decreasing_priority_weight_strategy.py
[2026-07-29T19:19:37.145+0000] {processor.py:914} INFO - Processing file /home/airflow/.local/lib/python3.12/site-packages/airflow/example_dags/plugins/decreasing_priority_weight_strategy.py for tasks to queue
[2026-07-29T19:19:37.146+0000] {logging_mixin.py:190} INFO - [2026-07-29T19:19:37.146+0000] {dagbag.py:587} INFO - Filling up the DagBag from /home/airflow/.local/lib/python3.12/site-packages/airflow/example_dags/plugins/decreasing_priority_weight_strategy.py
[2026-07-29T19:19:37.147+0000] {processor.py:927} WARNING - No viable dags retrieved from /home/airflow/.local/lib/python3.12/site-packages/airflow/example_dags/plugins/decreasing_priority_weight_strategy.py
[2026-07-29T19:19:37.153+0000] {processor.py:208} INFO - Processing /home/airflow/.local/lib/python3.12/site-packages/airflow/example_dags/plugins/decreasing_priority_weight_strategy.py took 0.011 seconds
[2026-07-29T19:20:08.371+0000] {processor.py:186} INFO - Started process (PID=27167) to work on /home/airflow/.local/lib/python3.12/site-packages/airflow/example_dags/plugins/decreasing_priority_weight_strategy.py
[2026-07-29T19:20:08.371+0000] {processor.py:914} INFO - Processing file /home/airflow/.local/lib/python3.12/site-packages/airflow/example_dags/plugins/decreasing_priority_weight_strategy.py for tasks to queue
[2026-07-29T19:20:08.372+0000] {logging_mixin.py:190} INFO - [2026-07-29T19:20:08.372+0000] {dagbag.py:587} INFO - Filling up the DagBag from /home/airflow/.local/lib/python3.12/site-packages/airflow/example_dags/plugins/decreasing_priority_weight_strategy.py
[2026-07-29T19:20:08.374+0000] {processor.py:927} WARNING - No viable dags retrieved from /home/airflow/.local/lib/python3.12/site-packages/airflow/example_dags/plugins/decreasing_priority_weight_strategy.py
[2026-07-29T19:20:08.380+0000] {processor.py:208} INFO - Processing /home/airflow/.local/lib/python3.12/site-packages/airflow/example_dags/plugins/decreasing_priority_weight_strategy.py took 0.012 seconds
[2026-07-29T19:20:39.413+0000] {processor.py:186} INFO - Started process (PID=27233) to work on /home/airflow/.local/lib/python3.12/site-packages/airflow/example_dags/plugins/decreasing_priority_weight_strategy.py
[2026-07-29T19:20:39.414+0000] {processor.py:914} INFO - Processing file /home/airflow/.local/lib/python3.12/site-packages/airflow/example_dags/plugins/decreasing_priority_weight_strategy.py for tasks to queue
[2026-07-29T19:20:39.415+0000] {logging_mixin.py:190} INFO - [2026-07-29T19:20:39.415+0000] {dagbag.py:587} INFO - Filling up the DagBag from /home/airflow/.local/lib/python3.12/site-packages/airflow/example_dags/plugins/decreasing_priority_weight_strategy.py
[2026-07-29T19:20:39.416+0000] {processor.py:927} WARNING - No viable dags retrieved from /home/airflow/.local/lib/python3.12/site-packages/airflow/example_dags/plugins/decreasing_priority_weight_strategy.py
[2026-07-29T19:20:39.422+0000] {processor.py:208} INFO - Processing /home/airflow/.local/lib/python3.12/site-packages/airflow/example_dags/plugins/decreasing_priority_weight_strategy.py took 0.012 seconds
[2026-07-29T19:21:09.633+0000] {processor.py:186} INFO - Started process (PID=27299) to work on /home/airflow/.local/lib/python3.12/site-packages/airflow/example_dags/plugins/decreasing_priority_weight_strategy.py
[2026-07-29T19:21:09.633+0000] {processor.py:914} INFO - Processing file /home/airflow/.local/lib/python3.12/site-packages/airflow/example_dags/plugins/decreasing_priority_weight_strategy.py for tasks to queue
[2026-07-29T19:21:09.634+0000] {logging_mixin.py:190} INFO - [2026-07-29T19:21:09.634+0000] {dagbag.py:587} INFO - Filling up the DagBag from /home/airflow/.local/lib/python3.12/site-packages/airflow/example_dags/plugins/decreasing_priority_weight_strategy.py
[2026-07-29T19:21:09.635+0000] {processor.py:927} WARNING - No viable dags retrieved from /home/airflow/.local/lib/python3.12/site-packages/airflow/example_dags/plugins/decreasing_priority_weight_strategy.py
[2026-07-29T19:21:09.644+0000] {processor.py:208} INFO - Processing /home/airflow/.local/lib/python3.12/site-packages/airflow/example_dags/plugins/decreasing_priority_weight_strategy.py took 0.014 seconds
[2026-07-29T19:21:40.734+0000] {processor.py:186} INFO - Started process (PID=27365) to work on /home/airflow/.local/lib/python3.12/site-packages/airflow/example_dags/plugins/decreasing_priority_weight_strategy.py
[2026-07-29T19:21:40.734+0000] {processor.py:914} INFO - Processing file /home/airflow/.local/lib/python3.12/site-packages/airflow/example_dags/plugins/decreasing_priority_weight_strategy.py for tasks to queue
[2026-07-29T19:21:40.736+0000] {logging_mixin.py:190} INFO - [2026-07-29T19:21:40.735+0000] {dagbag.py:587} INFO - Filling up the DagBag from /home/airflow/.local/lib/python3.12/site-packages/airflow/example_dags/plugins/decreasing_priority_weight_strategy.py
[2026-07-29T19:21:40.737+0000] {processor.py:927} WARNING - No viable dags retrieved from /home/airflow/.local/lib/python3.12/site-packages/airflow/example_dags/plugins/decreasing_priority_weight_strategy.py
[2026-07-29T19:21:40.743+0000] {processor.py:208} INFO - Processing /home/airflow/.local/lib/python3.12/site-packages/airflow/example_dags/plugins/decreasing_priority_weight_strategy.py took 0.012 seconds
[2026-07-29T19:22:11.992+0000] {processor.py:186} INFO - Started process (PID=27437) to work on /home/airflow/.local/lib/python3.12/site-packages/airflow/example_dags/plugins/decreasing_priority_weight_strategy.py
[2026-07-29T19:22:11.993+0000] {processor.py:914} INFO - Processing file /home/airflow/.local/lib/python3.12/site-packages/airflow/example_dags/plugins/decreasing_priority_weight_strategy.py for tasks to queue
[2026-07-29T19:22:11.994+0000] {logging_mixin.py:190} INFO - [2026-07-29T19:22:11.994+0000] {dagbag.py:587} INFO - Filling up the DagBag from /home/airflow/.local/lib/python3.12/site-packages/airflow/example_dags/plugins/decreasing_priority_weight_strategy.py
[2026-07-29T19:22:11.996+0000] {processor.py:927} WARNING - No viable dags retrieved from /home/airflow/.local/lib/python3.12/site-packages/airflow/example_dags/plugins/decreasing_priority_weight_strategy.py
[2026-07-29T19:22:12.001+0000] {processor.py:208} INFO - Processing /home/airflow/.local/lib/python3.12/site-packages/airflow/example_dags/plugins/decreasing_priority_weight_strategy.py took 0.012 seconds
[2026-07-29T19:22:42.214+0000] {processor.py:186} INFO - Started process (PID=27504) to work on /home/airflow/.local/lib/python3.12/site-packages/airflow/example_dags/plugins/decreasing_priority_weight_strategy.py
[2026-07-29T19:22:42.214+0000] {processor.py:914} INFO - Processing file /home/airflow/.local/lib/python3.12/site-packages/airflow/example_dags/plugins/decreasing_priority_weight_strategy.py for tasks to queue
[2026-07-29T19:22:42.215+0000] {logging_mixin.py:190} INFO - [2026-07-29T19:22:42.215+0000] {dagbag.py:587} INFO - Filling up the DagBag from /home/airflow/.local/lib/python3.12/site-packages/airflow/example_dags/plugins/decreasing_priority_weight_strategy.py
[2026-07-29T19:22:42.216+0000] {processor.py:927} WARNING - No viable dags retrieved from /home/airflow/.local/lib/python3.12/site-packages/airflow/example_dags/plugins/decreasing_priority_weight_strategy.py
[2026-07-29T19:22:42.223+0000] {processor.py:208} INFO - Processing /home/airflow/.local/lib/python3.12/site-packages/airflow/example_dags/plugins/decreasing_priority_weight_strategy.py took 0.012 seconds
[2026-07-29T19:23:12.370+0000] {processor.py:186} INFO - Started process (PID=27570) to work on /home/airflow/.local/lib/python3.12/site-packages/airflow/example_dags/plugins/decreasing_priority_weight_strategy.py
[2026-07-29T19:23:12.371+0000] {processor.py:914} INFO - Processing file /home/airflow/.local/lib/python3.12/site-packages/airflow/example_dags/plugins/decreasing_priority_weight_strategy.py for tasks to queue
[2026-07-29T19:23:12.372+0000] {logging_mixin.py:190} INFO - [2026-07-29T19:23:12.372+0000] {dagbag.py:587} INFO - Filling up the DagBag from /home/airflow/.local/lib/python3.12/site-packages/airflow/example_dags/plugins/decreasing_priority_weight_strategy.py
[2026-07-29T19:23:12.373+0000] {processor.py:927} WARNING - No viable dags retrieved from /home/airflow/.local/lib/python3.12/site-packages/airflow/example_dags/plugins/decreasing_priority_weight_strategy.py
[2026-07-29T19:23:12.384+0000] {processor.py:208} INFO - Processing /home/airflow/.local/lib/python3.12/site-packages/airflow/example_dags/plugins/decreasing_priority_weight_strategy.py took 0.017 seconds
[2026-07-29T19:23:44.123+0000] {processor.py:186} INFO - Started process (PID=27655) to work on /home/airflow/.local/lib/python3.12/site-packages/airflow/example_dags/plugins/decreasing_priority_weight_strategy.py
[2026-07-29T19:23:44.124+0000] {processor.py:914} INFO - Processing file /home/airflow/.local/lib/python3.12/site-packages/airflow/example_dags/plugins/decreasing_priority_weight_strategy.py for tasks to queue
[2026-07-29T19:23:44.125+0000] {logging_mixin.py:190} INFO - [2026-07-29T19:23:44.125+0000] {dagbag.py:587} INFO - Filling up the DagBag from /home/airflow/.local/lib/python3.12/site-packages/airflow/example_dags/plugins/decreasing_priority_weight_strategy.py
[2026-07-29T19:23:44.126+0000] {processor.py:927} WARNING - No viable dags retrieved from /home/airflow/.local/lib/python3.12/site-packages/airflow/example_dags/plugins/decreasing_priority_weight_strategy.py
[2026-07-29T19:23:44.131+0000] {processor.py:208} INFO - Processing /home/airflow/.local/lib/python3.12/site-packages/airflow/example_dags/plugins/decreasing_priority_weight_strategy.py took 0.011 seconds
[2026-07-29T19:24:14.205+0000] {processor.py:186} INFO - Started process (PID=27720) to work on /home/airflow/.local/lib/python3.12/site-packages/airflow/example_dags/plugins/decreasing_priority_weight_strategy.py
[2026-07-29T19:24:14.205+0000] {processor.py:914} INFO - Processing file /home/airflow/.local/lib/python3.12/site-packages/airflow/example_dags/plugins/decreasing_priority_weight_strategy.py for tasks to queue
[2026-07-29T19:24:14.206+0000] {logging_mixin.py:190} INFO - [2026-07-29T19:24:14.206+0000] {dagbag.py:587} INFO - Filling up the DagBag from /home/airflow/.local/lib/python3.12/site-packages/airflow/example_dags/plugins/decreasing_priority_weight_strategy.py
[2026-07-29T19:24:14.207+0000] {processor.py:927} WARNING - No viable dags retrieved from /home/airflow/.local/lib/python3.12/site-packages/airflow/example_dags/plugins/decreasing_priority_weight_strategy.py
[2026-07-29T19:24:14.215+0000] {processor.py:208} INFO - Processing /home/airflow/.local/lib/python3.12/site-packages/airflow/example_dags/plugins/decreasing_priority_weight_strategy.py took 0.013 seconds
[2026-07-29T19:24:44.335+0000] {processor.py:186} INFO - Started process (PID=27786) to work on /home/airflow/.local/lib/python3.12/site-packages/airflow/example_dags/plugins/decreasing_priority_weight_strategy.py
[2026-07-29T19:24:44.335+0000] {processor.py:914} INFO - Processing file /home/airflow/.local/lib/python3.12/site-packages/airflow/example_dags/plugins/decreasing_priority_weight_strategy.py for tasks to queue
[2026-07-29T19:24:44.337+0000] {logging_mixin.py:190} INFO - [2026-07-29T19:24:44.337+0000] {dagbag.py:587} INFO - Filling up the DagBag from /home/airflow/.local/lib/python3.12/site-packages/airflow/example_dags/plugins/decreasing_priority_weight_strategy.py
[2026-07-29T19:24:44.339+0000] {processor.py:927} WARNING - No viable dags retrieved from /home/airflow/.local/lib/python3.12/site-packages/airflow/example_dags/plugins/decreasing_priority_weight_strategy.py
[2026-07-29T19:24:44.348+0000] {processor.py:208} INFO - Processing /home/airflow/.local/lib/python3.12/site-packages/airflow/example_dags/plugins/decreasing_priority_weight_strategy.py took 0.016 seconds
[2026-07-29T19:25:15.429+0000] {processor.py:186} INFO - Started process (PID=27853) to work on /home/airflow/.local/lib/python3.12/site-packages/airflow/example_dags/plugins/decreasing_priority_weight_strategy.py
[2026-07-29T19:25:15.430+0000] {processor.py:914} INFO - Processing file /home/airflow/.local/lib/python3.12/site-packages/airflow/example_dags/plugins/decreasing_priority_weight_strategy.py for tasks to queue
[2026-07-29T19:25:15.432+0000] {logging_mixin.py:190} INFO - [2026-07-29T19:25:15.432+0000] {dagbag.py:587} INFO - Filling up the DagBag from /home/airflow/.local/lib/python3.12/site-packages/airflow/example_dags/plugins/decreasing_priority_weight_strategy.py
[2026-07-29T19:25:15.433+0000] {processor.py:927} WARNING - No viable dags retrieved from /home/airflow/.local/lib/python3.12/site-packages/airflow/example_dags/plugins/decreasing_priority_weight_strategy.py
[2026-07-29T19:25:15.439+0000] {processor.py:208} INFO - Processing /home/airflow/.local/lib/python3.12/site-packages/airflow/example_dags/plugins/decreasing_priority_weight_strategy.py took 0.013 seconds
[2026-07-29T19:25:45.550+0000] {processor.py:186} INFO - Started process (PID=27919) to work on /home/airflow/.local/lib/python3.12/site-packages/airflow/example_dags/plugins/decreasing_priority_weight_strategy.py
[2026-07-29T19:25:45.550+0000] {processor.py:914} INFO - Processing file /home/airflow/.local/lib/python3.12/site-packages/airflow/example_dags/plugins/decreasing_priority_weight_strategy.py for tasks to queue
[2026-07-29T19:25:45.551+0000] {logging_mixin.py:190} INFO - [2026-07-29T19:25:45.551+0000] {dagbag.py:587} INFO - Filling up the DagBag from /home/airflow/.local/lib/python3.12/site-packages/airflow/example_dags/plugins/decreasing_priority_weight_strategy.py
[2026-07-29T19:25:45.552+0000] {processor.py:927} WARNING - No viable dags retrieved from /home/airflow/.local/lib/python3.12/site-packages/airflow/example_dags/plugins/decreasing_priority_weight_strategy.py
[2026-07-29T19:25:45.559+0000] {processor.py:208} INFO - Processing /home/airflow/.local/lib/python3.12/site-packages/airflow/example_dags/plugins/decreasing_priority_weight_strategy.py took 0.011 seconds
[2026-07-29T19:26:15.690+0000] {processor.py:186} INFO - Started process (PID=27984) to work on /home/airflow/.local/lib/python3.12/site-packages/airflow/example_dags/plugins/decreasing_priority_weight_strategy.py
[2026-07-29T19:26:15.690+0000] {processor.py:914} INFO - Processing file /home/airflow/.local/lib/python3.12/site-packages/airflow/example_dags/plugins/decreasing_priority_weight_strategy.py for tasks to queue
[2026-07-29T19:26:15.691+0000] {logging_mixin.py:190} INFO - [2026-07-29T19:26:15.691+0000] {dagbag.py:587} INFO - Filling up the DagBag from /home/airflow/.local/lib/python3.12/site-packages/airflow/example_dags/plugins/decreasing_priority_weight_strategy.py
[2026-07-29T19:26:15.693+0000] {processor.py:927} WARNING - No viable dags retrieved from /home/airflow/.local/lib/python3.12/site-packages/airflow/example_dags/plugins/decreasing_priority_weight_strategy.py
[2026-07-29T19:26:15.705+0000] {processor.py:208} INFO - Processing /home/airflow/.local/lib/python3.12/site-packages/airflow/example_dags/plugins/decreasing_priority_weight_strategy.py took 0.018 seconds
[2026-07-29T19:26:46.820+0000] {processor.py:186} INFO - Started process (PID=28051) to work on /home/airflow/.local/lib/python3.12/site-packages/airflow/example_dags/plugins/decreasing_priority_weight_strategy.py
[2026-07-29T19:26:46.821+0000] {processor.py:914} INFO - Processing file /home/airflow/.local/lib/python3.12/site-packages/airflow/example_dags/plugins/decreasing_priority_weight_strategy.py for tasks to queue
[2026-07-29T19:26:46.824+0000] {logging_mixin.py:190} INFO - [2026-07-29T19:26:46.824+0000] {dagbag.py:587} INFO - Filling up the DagBag from /home/airflow/.local/lib/python3.12/site-packages/airflow/example_dags/plugins/decreasing_priority_weight_strategy.py
[2026-07-29T19:26:46.825+0000] {processor.py:927} WARNING - No viable dags retrieved from /home/airflow/.local/lib/python3.12/site-packages/airflow/example_dags/plugins/decreasing_priority_weight_strategy.py
[2026-07-29T19:26:46.834+0000] {processor.py:208} INFO - Processing /home/airflow/.local/lib/python3.12/site-packages/airflow/example_dags/plugins/decreasing_priority_weight_strategy.py took 0.017 seconds
[2026-07-29T19:27:16.912+0000] {processor.py:186} INFO - Started process (PID=28116) to work on /home/airflow/.local/lib/python3.12/site-packages/airflow/example_dags/plugins/decreasing_priority_weight_strategy.py
[2026-07-29T19:27:16.914+0000] {processor.py:914} INFO - Processing file /home/airflow/.local/lib/python3.12/site-packages/airflow/example_dags/plugins/decreasing_priority_weight_strategy.py for tasks to queue
[2026-07-29T19:27:16.916+0000] {logging_mixin.py:190} INFO - [2026-07-29T19:27:16.916+0000] {dagbag.py:587} INFO - Filling up the DagBag from /home/airflow/.local/lib/python3.12/site-packages/airflow/example_dags/plugins/decreasing_priority_weight_strategy.py
[2026-07-29T19:27:16.917+0000] {processor.py:927} WARNING - No viable dags retrieved from /home/airflow/.local/lib/python3.12/site-packages/airflow/example_dags/plugins/decreasing_priority_weight_strategy.py
[2026-07-29T19:27:16.922+0000] {processor.py:208} INFO - Processing /home/airflow/.local/lib/python3.12/site-packages/airflow/example_dags/plugins/decreasing_priority_weight_strategy.py took 0.013 seconds
[2026-07-29T19:27:47.017+0000] {processor.py:186} INFO - Started process (PID=28182) to work on /home/airflow/.local/lib/python3.12/site-packages/airflow/example_dags/plugins/decreasing_priority_weight_strategy.py
[2026-07-29T19:27:47.018+0000] {processor.py:914} INFO - Processing file /home/airflow/.local/lib/python3.12/site-packages/airflow/example_dags/plugins/decreasing_priority_weight_strategy.py for tasks to queue
[2026-07-29T19:27:47.019+0000] {logging_mixin.py:190} INFO - [2026-07-29T19:27:47.019+0000] {dagbag.py:587} INFO - Filling up the DagBag from /home/airflow/.local/lib/python3.12/site-packages/airflow/example_dags/plugins/decreasing_priority_weight_strategy.py
[2026-07-29T19:27:47.020+0000] {processor.py:927} WARNING - No viable dags retrieved from /home/airflow/.local/lib/python3.12/site-packages/airflow/example_dags/plugins/decreasing_priority_weight_strategy.py
[2026-07-29T19:27:47.026+0000] {processor.py:208} INFO - Processing /home/airflow/.local/lib/python3.12/site-packages/airflow/example_dags/plugins/decreasing_priority_weight_strategy.py took 0.011 seconds
[2026-07-29T19:28:17.135+0000] {processor.py:186} INFO - Started process (PID=28247) to work on /home/airflow/.local/lib/python3.12/site-packages/airflow/example_dags/plugins/decreasing_priority_weight_strategy.py
[2026-07-29T19:28:17.135+0000] {processor.py:914} INFO - Processing file /home/airflow/.local/lib/python3.12/site-packages/airflow/example_dags/plugins/decreasing_priority_weight_strategy.py for tasks to queue
[2026-07-29T19:28:17.137+0000] {logging_mixin.py:190} INFO - [2026-07-29T19:28:17.136+0000] {dagbag.py:587} INFO - Filling up the DagBag from /home/airflow/.local/lib/python3.12/site-packages/airflow/example_dags/plugins/decreasing_priority_weight_strategy.py
[2026-07-29T19:28:17.139+0000] {processor.py:927} WARNING - No viable dags retrieved from /home/airflow/.local/lib/python3.12/site-packages/airflow/example_dags/plugins/decreasing_priority_weight_strategy.py
[2026-07-29T19:28:17.150+0000] {processor.py:208} INFO - Processing /home/airflow/.local/lib/python3.12/site-packages/airflow/example_dags/plugins/decreasing_priority_weight_strategy.py took 0.018 seconds
[2026-07-29T19:28:47.430+0000] {processor.py:186} INFO - Started process (PID=28315) to work on /home/airflow/.local/lib/python3.12/site-packages/airflow/example_dags/plugins/decreasing_priority_weight_strategy.py
[2026-07-29T19:28:47.430+0000] {processor.py:914} INFO - Processing file /home/airflow/.local/lib/python3.12/site-packages/airflow/example_dags/plugins/decreasing_priority_weight_strategy.py for tasks to queue
[2026-07-29T19:28:47.431+0000] {logging_mixin.py:190} INFO - [2026-07-29T19:28:47.431+0000] {dagbag.py:587} INFO - Filling up the DagBag from /home/airflow/.local/lib/python3.12/site-packages/airflow/example_dags/plugins/decreasing_priority_weight_strategy.py
[2026-07-29T19:28:47.432+0000] {processor.py:927} WARNING - No viable dags retrieved from /home/airflow/.local/lib/python3.12/site-packages/airflow/example_dags/plugins/decreasing_priority_weight_strategy.py
[2026-07-29T19:28:47.438+0000] {processor.py:208} INFO - Processing /home/airflow/.local/lib/python3.12/site-packages/airflow/example_dags/plugins/decreasing_priority_weight_strategy.py took 0.011 seconds
